entity_1,entity_2,label,model,positive_proba,prediction
entity_0428,entity_0764,0,tabpfn,0.5,1
entity_0892,entity_0480,0,tabpfn,0.5009765625,1
entity_0684,entity_0964,1,tabpfn,0.49951171875,0
entity_0241,entity_0051,0,tabpfn,0.49853515625,0
entity_0367,entity_0870,1,tabpfn,0.49951171875,0
entity_0413,entity_0920,1,tabpfn,0.5,1
entity_0160,entity_0289,1,tabpfn,0.498046875,0
entity_0709,entity_0809,0,tabpfn,0.5008543133735657,1
entity_0448,entity_0134,1,tabpfn,0.49951171875,0
entity_0022,entity_0187,1,tabpfn,0.4990234375,0
entity_0809,entity_0203,1,tabpfn,0.50048828125,1
entity_0568,entity_0301,0,tabpfn,0.4990234375,0
entity_0008,entity_0853,0,tabpfn,0.49951171875,0
entity_0826,entity_0827,0,tabpfn,0.5010989308357239,1
entity_0868,entity_0362,1,tabpfn,0.5018306374549866,1
entity_0573,entity_0596,0,tabpfn,0.49951171875,0
entity_0600,entity_0379,1,tabpfn,0.5,1
entity_0709,entity_0297,1,tabpfn,0.5009765625,1
entity_0597,entity_0123,1,tabpfn,0.5,1
entity_0474,entity_0740,1,tabpfn,0.49951171875,0
entity_0406,entity_0845,1,tabpfn,0.4991457164287567,0
entity_0991,entity_0892,0,tabpfn,0.5009765625,1
entity_0512,entity_0407,0,tabpfn,0.5,1
entity_0292,entity_0636,0,tabpfn,0.49853515625,0
entity_0216,entity_0910,0,tabpfn,0.5,1
entity_0906,entity_0504,0,tabpfn,0.5,1
entity_0590,entity_0413,0,tabpfn,0.5,1
entity_0754,entity_0465,1,tabpfn,0.5009765625,1
entity_0491,entity_0027,0,tabpfn,0.49853515625,0
entity_0721,entity_0731,1,tabpfn,0.4990234375,0
entity_0122,entity_0650,0,tabpfn,0.4981693923473358,0
entity_0412,entity_0662,1,tabpfn,0.4991457164287567,0
entity_0547,entity_0383,1,tabpfn,0.5009765625,1
entity_0168,entity_0276,1,tabpfn,0.4981693923473358,0
entity_0382,entity_0271,1,tabpfn,0.5009765625,1
entity_0103,entity_0186,0,tabpfn,0.4991457164287567,0
entity_0720,entity_0305,0,tabpfn,0.5009765625,1
entity_0216,entity_0926,0,tabpfn,0.49951171875,0
entity_0320,entity_0199,0,tabpfn,0.4998778998851776,0
entity_0506,entity_0308,1,tabpfn,0.4990234375,0
entity_0125,entity_0950,0,tabpfn,0.4989010989665985,0
entity_0296,entity_0202,1,tabpfn,0.49951171875,0
entity_0760,entity_0612,0,tabpfn,0.50048828125,1
entity_0259,entity_0298,0,tabpfn,0.4989010989665985,0
entity_0258,entity_0426,0,tabpfn,0.49853515625,0
entity_0116,entity_0941,0,tabpfn,0.49853515625,0
entity_0903,entity_0326,1,tabpfn,0.50146484375,1
entity_0343,entity_0019,1,tabpfn,0.4991457164287567,0
entity_0449,entity_0283,1,tabpfn,0.4998778998851776,0
entity_0795,entity_0366,1,tabpfn,0.5008543133735657,1
entity_0109,entity_0957,0,tabpfn,0.49853515625,0
entity_0342,entity_0491,1,tabpfn,0.4990234375,0
entity_0274,entity_0705,1,tabpfn,0.4991457164287567,0
entity_0538,entity_0408,1,tabpfn,0.5009765625,1
entity_0231,entity_0072,0,tabpfn,0.49853515625,0
entity_0974,entity_0808,1,tabpfn,0.501953125,1
entity_0738,entity_0807,1,tabpfn,0.5010989308357239,1
entity_0540,entity_0206,1,tabpfn,0.5,1
entity_0644,entity_0723,0,tabpfn,0.5,1
entity_0774,entity_0624,1,tabpfn,0.5009765625,1
entity_0399,entity_0974,1,tabpfn,0.4981693923473358,0
entity_0937,entity_0088,1,tabpfn,0.5009765625,1
entity_0062,entity_0146,1,tabpfn,0.4970703125,0
entity_0556,entity_0569,1,tabpfn,0.5010989308357239,1
entity_0651,entity_0931,0,tabpfn,0.49951171875,0
entity_0798,entity_0163,1,tabpfn,0.5008543133735657,1
entity_0596,entity_0032,0,tabpfn,0.4989010989665985,0
entity_0585,entity_0731,1,tabpfn,0.498046875,0
entity_0440,entity_0152,1,tabpfn,0.5,1
entity_0892,entity_0576,1,tabpfn,0.5009765625,1
entity_0057,entity_0529,1,tabpfn,0.4971930682659149,0
entity_0842,entity_0242,0,tabpfn,0.50048828125,1
entity_0412,entity_0299,1,tabpfn,0.5,1
entity_0523,entity_0339,1,tabpfn,0.5,1
entity_0935,entity_0059,0,tabpfn,0.49951171875,0
entity_0900,entity_0898,0,tabpfn,0.5010989308357239,1
entity_0792,entity_0634,0,tabpfn,0.50146484375,1
entity_0436,entity_0010,0,tabpfn,0.5,1
entity_0102,entity_0922,1,tabpfn,0.49853515625,0
entity_0728,entity_0967,0,tabpfn,0.5,1
entity_0838,entity_0209,0,tabpfn,0.5001221299171448,1
entity_0331,entity_0590,0,tabpfn,0.4991457164287567,0
entity_0890,entity_0766,0,tabpfn,0.501953125,1
entity_0881,entity_0677,1,tabpfn,0.5009765625,1
entity_0188,entity_0554,0,tabpfn,0.4991457164287567,0
entity_0141,entity_0830,0,tabpfn,0.4990234375,0
entity_0065,entity_0481,0,tabpfn,0.49755859375,0
entity_0216,entity_0345,0,tabpfn,0.50048828125,1
entity_0530,entity_0524,0,tabpfn,0.5,1
entity_0989,entity_0076,1,tabpfn,0.5,1
entity_0572,entity_0949,1,tabpfn,0.4990234375,0
entity_0718,entity_0514,0,tabpfn,0.50048828125,1
entity_0458,entity_0863,1,tabpfn,0.4990234375,0
entity_0477,entity_0731,0,tabpfn,0.49951171875,0
entity_0807,entity_0086,1,tabpfn,0.5,1
entity_0003,entity_0332,0,tabpfn,0.4990234375,0
entity_0368,entity_0645,0,tabpfn,0.4990234375,0
entity_0594,entity_0931,1,tabpfn,0.4990234375,0
entity_0359,entity_0103,0,tabpfn,0.4989010989665985,0
entity_0270,entity_0418,0,tabpfn,0.4989010989665985,0
entity_0513,entity_0206,0,tabpfn,0.4998778998851776,0
entity_0749,entity_0116,1,tabpfn,0.50048828125,1
entity_0518,entity_0417,1,tabpfn,0.49951171875,0
entity_0747,entity_0832,1,tabpfn,0.5,1
entity_0365,entity_0364,0,tabpfn,0.50048828125,1
entity_0451,entity_0159,0,tabpfn,0.49951171875,0
entity_0161,entity_0585,1,tabpfn,0.4979242980480194,0
entity_0549,entity_0489,0,tabpfn,0.49951171875,0
entity_0386,entity_0940,1,tabpfn,0.49951171875,0
entity_0881,entity_0926,0,tabpfn,0.5,1
entity_0027,entity_0987,0,tabpfn,0.49853515625,0
entity_0095,entity_0905,1,tabpfn,0.49853515625,0
entity_0337,entity_0932,1,tabpfn,0.4990234375,0
entity_0232,entity_0210,1,tabpfn,0.49853515625,0
entity_0340,entity_0279,0,tabpfn,0.49951171875,0
entity_0623,entity_0110,1,tabpfn,0.5,1
entity_0743,entity_0441,1,tabpfn,0.50048828125,1
entity_0436,entity_0855,1,tabpfn,0.5009765625,1
entity_0854,entity_0364,1,tabpfn,0.5009765625,1
entity_0598,entity_0311,0,tabpfn,0.5,1
entity_0072,entity_0990,0,tabpfn,0.4990234375,0
entity_0498,entity_0106,0,tabpfn,0.50048828125,1
entity_0976,entity_0705,0,tabpfn,0.50146484375,1
entity_0155,entity_0362,0,tabpfn,0.498046875,0
entity_0867,entity_0325,0,tabpfn,0.50146484375,1
entity_0743,entity_0735,0,tabpfn,0.50048828125,1
entity_0005,entity_0283,1,tabpfn,0.4990234375,0
entity_0793,entity_0471,1,tabpfn,0.5018306374549866,1
entity_0195,entity_0043,1,tabpfn,0.49755859375,0
entity_0042,entity_0246,0,tabpfn,0.49853515625,0
entity_0324,entity_0899,0,tabpfn,0.49951171875,0
entity_0870,entity_0501,1,tabpfn,0.5009765625,1
entity_0194,entity_0187,1,tabpfn,0.4990234375,0
entity_0897,entity_0026,0,tabpfn,0.5,1
entity_0392,entity_0137,0,tabpfn,0.4998778998851776,0
entity_0830,entity_0554,0,tabpfn,0.5009765625,1
entity_0606,entity_0003,0,tabpfn,0.4989010989665985,0
entity_0107,entity_0963,0,tabpfn,0.4990234375,0
entity_0849,entity_0910,1,tabpfn,0.5,1
entity_0692,entity_0083,1,tabpfn,0.5,1
entity_0584,entity_0319,0,tabpfn,0.5001221299171448,1
entity_0325,entity_0167,1,tabpfn,0.4990234375,0
entity_0569,entity_0462,0,tabpfn,0.5009765625,1
entity_0950,entity_0965,0,tabpfn,0.501953125,1
entity_0241,entity_0666,0,tabpfn,0.49951171875,0
entity_0185,entity_0224,1,tabpfn,0.49853515625,0
entity_0098,entity_0349,1,tabpfn,0.4990234375,0
entity_0285,entity_0279,0,tabpfn,0.4990234375,0
entity_0172,entity_0848,1,tabpfn,0.49951171875,0
entity_0511,entity_0933,0,tabpfn,0.49853515625,0
entity_0183,entity_0820,1,tabpfn,0.49951171875,0
entity_0634,entity_0609,0,tabpfn,0.4990234375,0
entity_0384,entity_0884,1,tabpfn,0.49951171875,0
entity_0212,entity_0963,0,tabpfn,0.4989010989665985,0
entity_0636,entity_0722,0,tabpfn,0.50048828125,1
entity_0016,entity_0573,1,tabpfn,0.498046875,0
entity_0476,entity_0352,1,tabpfn,0.4991457164287567,0
entity_0667,entity_0778,1,tabpfn,0.4990234375,0
entity_0055,entity_0419,1,tabpfn,0.49658203125,0
entity_0462,entity_0208,1,tabpfn,0.5,1
entity_0450,entity_0234,0,tabpfn,0.49951171875,0
entity_0991,entity_0529,0,tabpfn,0.5009765625,1
entity_0981,entity_0838,1,tabpfn,0.50048828125,1
entity_0045,entity_0092,1,tabpfn,0.4971930682659149,0
entity_0507,entity_0353,0,tabpfn,0.50048828125,1
entity_0125,entity_0035,1,tabpfn,0.49853515625,0
entity_0572,entity_0752,0,tabpfn,0.50048828125,1
entity_0056,entity_0392,0,tabpfn,0.4971930682659149,0
entity_0319,entity_0241,0,tabpfn,0.5009765625,1
entity_0953,entity_0744,1,tabpfn,0.50048828125,1
entity_0610,entity_0926,0,tabpfn,0.4990234375,0
entity_0462,entity_0597,0,tabpfn,0.4990234375,0
entity_0100,entity_0179,0,tabpfn,0.49755859375,0
entity_0373,entity_0101,1,tabpfn,0.49951171875,0
entity_0344,entity_0219,0,tabpfn,0.4991457164287567,0
entity_0451,entity_0267,1,tabpfn,0.5,1
entity_0971,entity_0115,1,tabpfn,0.5008543133735657,1
entity_0281,entity_0352,0,tabpfn,0.4998778998851776,0
entity_0901,entity_0456,1,tabpfn,0.5001221299171448,1
entity_0812,entity_0038,1,tabpfn,0.5,1
entity_0407,entity_0332,1,tabpfn,0.49951171875,0
entity_0135,entity_0871,1,tabpfn,0.4990234375,0
entity_0509,entity_0339,0,tabpfn,0.50048828125,1
entity_0032,entity_0676,1,tabpfn,0.4981693923473358,0
entity_0698,entity_0721,1,tabpfn,0.4990234375,0
entity_0939,entity_0945,1,tabpfn,0.4990234375,0
entity_0736,entity_0692,0,tabpfn,0.49951171875,0
entity_0353,entity_0702,0,tabpfn,0.5,1
entity_0359,entity_0745,1,tabpfn,0.49951171875,0
entity_0724,entity_0130,1,tabpfn,0.5008543133735657,1
entity_0624,entity_0726,0,tabpfn,0.5,1
entity_0085,entity_0849,0,tabpfn,0.4990234375,0
entity_0972,entity_0700,1,tabpfn,0.5009765625,1
entity_0007,entity_0613,0,tabpfn,0.498046875,0
entity_0990,entity_0261,1,tabpfn,0.50146484375,1
entity_0425,entity_0539,0,tabpfn,0.4998778998851776,0
entity_0172,entity_0191,0,tabpfn,0.4971930682659149,0
entity_0007,entity_0962,1,tabpfn,0.498046875,0
entity_0851,entity_0546,0,tabpfn,0.50048828125,1
entity_0063,entity_0278,0,tabpfn,0.49755859375,0
entity_0088,entity_0764,1,tabpfn,0.49853515625,0
entity_0045,entity_0478,1,tabpfn,0.49755859375,0
entity_0856,entity_0465,0,tabpfn,0.50146484375,1
entity_0060,entity_0192,0,tabpfn,0.49755859375,0
entity_0470,entity_0905,1,tabpfn,0.50048828125,1
entity_0140,entity_0383,0,tabpfn,0.4990234375,0
entity_0004,entity_0922,1,tabpfn,0.49853515625,0
entity_0004,entity_0725,1,tabpfn,0.49853515625,0
entity_0632,entity_0965,0,tabpfn,0.4990234375,0
entity_0837,entity_0153,1,tabpfn,0.5009765625,1
entity_0625,entity_0089,1,tabpfn,0.50048828125,1
entity_0804,entity_0770,1,tabpfn,0.5008543133735657,1
entity_0875,entity_0435,1,tabpfn,0.5,1
entity_0153,entity_0040,0,tabpfn,0.498046875,0
entity_0148,entity_0994,0,tabpfn,0.5,1
entity_0587,entity_0215,1,tabpfn,0.5010989308357239,1
entity_0106,entity_0624,0,tabpfn,0.498046875,0
entity_0656,entity_0903,0,tabpfn,0.50048828125,1
entity_0323,entity_0448,0,tabpfn,0.4991457164287567,0
entity_0252,entity_0165,1,tabpfn,0.4990234375,0
entity_0775,entity_0898,1,tabpfn,0.50048828125,1
entity_0539,entity_0403,1,tabpfn,0.49853515625,0
entity_0359,entity_0504,1,tabpfn,0.4998778998851776,0
entity_0879,entity_0931,0,tabpfn,0.50146484375,1
entity_0769,entity_0135,0,tabpfn,0.50048828125,1
entity_0519,entity_0734,1,tabpfn,0.4990234375,0
entity_0866,entity_0883,0,tabpfn,0.50048828125,1
entity_0850,entity_0012,0,tabpfn,0.49951171875,0
entity_0239,entity_0361,1,tabpfn,0.4989010989665985,0
entity_0511,entity_0021,0,tabpfn,0.49951171875,0
entity_0326,entity_0704,0,tabpfn,0.49951171875,0
entity_0968,entity_0512,1,tabpfn,0.49951171875,0
entity_0885,entity_0837,1,tabpfn,0.49951171875,0
entity_0761,entity_0459,0,tabpfn,0.5010989308357239,1
entity_0773,entity_0504,0,tabpfn,0.50146484375,1
entity_0595,entity_0592,0,tabpfn,0.4981693923473358,0
entity_0105,entity_0861,1,tabpfn,0.4990234375,0
entity_0374,entity_0651,1,tabpfn,0.498046875,0
entity_0026,entity_0155,0,tabpfn,0.49951171875,0
entity_0469,entity_0182,1,tabpfn,0.50146484375,1
entity_0021,entity_0888,0,tabpfn,0.4981693923473358,0
entity_0750,entity_0562,0,tabpfn,0.50146484375,1
entity_0625,entity_0079,0,tabpfn,0.50048828125,1
entity_0903,entity_0365,1,tabpfn,0.501953125,1
entity_0981,entity_0937,1,tabpfn,0.50048828125,1
entity_0916,entity_0903,0,tabpfn,0.502075731754303,1
entity_0782,entity_0308,0,tabpfn,0.5009765625,1
entity_0111,entity_0125,0,tabpfn,0.4989010989665985,0
entity_0101,entity_0876,1,tabpfn,0.4990234375,0
entity_0698,entity_0534,1,tabpfn,0.5008543133735657,1
entity_0647,entity_0183,1,tabpfn,0.49853515625,0
entity_0164,entity_0284,0,tabpfn,0.4989010989665985,0
entity_0462,entity_0257,1,tabpfn,0.50048828125,1
entity_0347,entity_0003,0,tabpfn,0.5,1
entity_0388,entity_0619,1,tabpfn,0.4998778998851776,0
entity_0569,entity_0801,0,tabpfn,0.4990234375,0
entity_0935,entity_0768,1,tabpfn,0.5,1
entity_0070,entity_0580,1,tabpfn,0.498046875,0
entity_0011,entity_0876,0,tabpfn,0.49853515625,0
entity_0709,entity_0800,0,tabpfn,0.5009765625,1
entity_0814,entity_0998,0,tabpfn,0.5009765625,1
entity_0002,entity_0678,0,tabpfn,0.4990234375,0
entity_0354,entity_0807,1,tabpfn,0.5,1
entity_0449,entity_0872,1,tabpfn,0.4990234375,0
entity_0640,entity_0895,1,tabpfn,0.5,1
entity_0158,entity_0301,0,tabpfn,0.49853515625,0
entity_0347,entity_0535,1,tabpfn,0.4998778998851776,0
entity_0716,entity_0936,1,tabpfn,0.5,1
entity_0765,entity_0074,0,tabpfn,0.5001221299171448,1
entity_0715,entity_0379,0,tabpfn,0.50048828125,1
entity_0451,entity_0385,1,tabpfn,0.5,1
entity_0903,entity_0232,1,tabpfn,0.5018306374549866,1
entity_0991,entity_0087,1,tabpfn,0.5009765625,1
entity_0438,entity_0071,1,tabpfn,0.50048828125,1
entity_0863,entity_0880,0,tabpfn,0.5018306374549866,1
entity_0040,entity_0506,0,tabpfn,0.4970703125,0
entity_0998,entity_0029,1,tabpfn,0.5,1
entity_0813,entity_0637,1,tabpfn,0.50048828125,1
entity_0362,entity_0631,1,tabpfn,0.4990234375,0
entity_0906,entity_0658,1,tabpfn,0.5009765625,1
entity_0738,entity_0564,1,tabpfn,0.50048828125,1
entity_0164,entity_0685,0,tabpfn,0.4990234375,0
entity_0072,entity_0665,0,tabpfn,0.49853515625,0
entity_0164,entity_0069,0,tabpfn,0.4990234375,0
entity_0303,entity_0234,1,tabpfn,0.4990234375,0
entity_0349,entity_0311,0,tabpfn,0.5,1
entity_0069,entity_0302,0,tabpfn,0.49755859375,0
entity_0527,entity_0457,0,tabpfn,0.4998778998851776,0
entity_0241,entity_0001,0,tabpfn,0.49951171875,0
entity_0836,entity_0103,0,tabpfn,0.50048828125,1
entity_0164,entity_0952,1,tabpfn,0.4991457164287567,0
entity_0938,entity_0646,1,tabpfn,0.5010989308357239,1
entity_0201,entity_0136,1,tabpfn,0.498046875,0
entity_0948,entity_0252,0,tabpfn,0.5009765625,1
entity_0450,entity_0172,1,tabpfn,0.5009765625,1
entity_0663,entity_0177,0,tabpfn,0.50048828125,1
entity_0516,entity_0017,1,tabpfn,0.4998778998851776,0
entity_0188,entity_0029,0,tabpfn,0.498046875,0
entity_0083,entity_0771,1,tabpfn,0.4990234375,0
entity_0298,entity_0314,1,tabpfn,0.49951171875,0
entity_0878,entity_0584,0,tabpfn,0.50146484375,1
entity_0563,entity_0215,0,tabpfn,0.5,1
entity_0403,entity_0557,0,tabpfn,0.5,1
entity_0626,entity_0233,0,tabpfn,0.5009765625,1
entity_0995,entity_0111,0,tabpfn,0.5009765625,1
entity_0530,entity_0173,1,tabpfn,0.50048828125,1
entity_0257,entity_0676,1,tabpfn,0.4990234375,0
entity_0488,entity_0351,0,tabpfn,0.5001221299171448,1
entity_0615,entity_0811,1,tabpfn,0.50048828125,1
entity_0658,entity_0212,1,tabpfn,0.5,1
entity_0863,entity_0714,0,tabpfn,0.5009765625,1
entity_0109,entity_0484,0,tabpfn,0.49755859375,0
entity_0638,entity_0850,1,tabpfn,0.5,1
entity_0542,entity_0743,0,tabpfn,0.50146484375,1
entity_0601,entity_0767,1,tabpfn,0.5,1
entity_0125,entity_0481,0,tabpfn,0.4981693923473358,0
entity_0555,entity_0606,0,tabpfn,0.4990234375,0
entity_0995,entity_0799,1,tabpfn,0.5010989308357239,1
entity_0491,entity_0966,0,tabpfn,0.498046875,0
entity_0062,entity_0860,0,tabpfn,0.4990234375,0
entity_0941,entity_0344,1,tabpfn,0.501953125,1
entity_0317,entity_0858,1,tabpfn,0.4990234375,0
entity_0189,entity_0618,1,tabpfn,0.49853515625,0
entity_0123,entity_0327,0,tabpfn,0.498046875,0
entity_0045,entity_0006,0,tabpfn,0.4971930682659149,0
entity_0584,entity_0408,1,tabpfn,0.4998778998851776,0
entity_0863,entity_0157,1,tabpfn,0.5,1
entity_0699,entity_0886,0,tabpfn,0.4990234375,0
entity_0379,entity_0710,1,tabpfn,0.4989010989665985,0
entity_0563,entity_0681,0,tabpfn,0.49951171875,0
entity_0682,entity_0506,0,tabpfn,0.5001221299171448,1
entity_0057,entity_0081,1,tabpfn,0.49755859375,0
entity_0240,entity_0068,0,tabpfn,0.4991457164287567,0
entity_0061,entity_0493,0,tabpfn,0.49755859375,0
entity_0804,entity_0963,0,tabpfn,0.50048828125,1
entity_0038,entity_0575,1,tabpfn,0.49853515625,0
entity_0264,entity_0849,1,tabpfn,0.5001221299171448,1
entity_0658,entity_0792,0,tabpfn,0.4990234375,0
entity_0879,entity_0996,1,tabpfn,0.50048828125,1
entity_0065,entity_0840,1,tabpfn,0.49853515625,0
entity_0050,entity_0292,1,tabpfn,0.4981693923473358,0
entity_0498,entity_0962,1,tabpfn,0.4990234375,0
entity_0361,entity_0610,0,tabpfn,0.4989010989665985,0
entity_0631,entity_0748,1,tabpfn,0.5,1
entity_0134,entity_0326,0,tabpfn,0.498046875,0
entity_0983,entity_0183,1,tabpfn,0.50146484375,1
entity_0102,entity_0353,0,tabpfn,0.498046875,0
entity_0006,entity_0714,0,tabpfn,0.49951171875,0
entity_0150,entity_0144,1,tabpfn,0.4990234375,0
entity_0219,entity_0639,1,tabpfn,0.4990234375,0
entity_0702,entity_0245,0,tabpfn,0.50048828125,1
entity_0790,entity_0978,0,tabpfn,0.5,1
entity_0946,entity_0979,1,tabpfn,0.502075731754303,1
entity_0491,entity_0715,0,tabpfn,0.49951171875,0
entity_0826,entity_0643,0,tabpfn,0.50048828125,1
entity_0262,entity_0700,1,tabpfn,0.49951171875,0
entity_0626,entity_0036,0,tabpfn,0.4990234375,0
entity_0159,entity_0380,1,tabpfn,0.4979242980480194,0
entity_0810,entity_0054,1,tabpfn,0.49951171875,0
entity_0380,entity_0387,0,tabpfn,0.5,1
entity_0579,entity_0903,0,tabpfn,0.50048828125,1
entity_0074,entity_0279,1,tabpfn,0.4979242980480194,0
entity_0313,entity_0964,0,tabpfn,0.4990234375,0
entity_0792,entity_0244,1,tabpfn,0.50048828125,1
entity_0864,entity_0880,1,tabpfn,0.5009765625,1
entity_0334,entity_0856,1,tabpfn,0.4990234375,0
entity_0065,entity_0351,0,tabpfn,0.4971930682659149,0
entity_0251,entity_0429,1,tabpfn,0.49853515625,0
entity_0295,entity_0390,0,tabpfn,0.49755859375,0
entity_0687,entity_0522,1,tabpfn,0.5,1
entity_0847,entity_0360,1,tabpfn,0.5,1
entity_0676,entity_0907,0,tabpfn,0.4989010989665985,0
entity_0286,entity_0957,0,tabpfn,0.49853515625,0
entity_0590,entity_0743,0,tabpfn,0.4990234375,0
entity_0749,entity_0455,1,tabpfn,0.5008543133735657,1
entity_0433,entity_0171,1,tabpfn,0.5001221299171448,1
entity_0550,entity_0692,0,tabpfn,0.4998778998851776,0
entity_0801,entity_0314,0,tabpfn,0.5010989308357239,1
entity_0671,entity_0797,1,tabpfn,0.5,1
entity_0283,entity_0127,0,tabpfn,0.49951171875,0
entity_0731,entity_0161,1,tabpfn,0.5,1
entity_0376,entity_0513,0,tabpfn,0.50048828125,1
entity_0550,entity_0424,0,tabpfn,0.5,1
entity_0978,entity_0035,0,tabpfn,0.5,1
entity_0508,entity_0178,1,tabpfn,0.50048828125,1
entity_0853,entity_0742,0,tabpfn,0.50244140625,1
entity_0785,entity_0449,0,tabpfn,0.5,1
entity_0463,entity_0221,1,tabpfn,0.4989010989665985,0
entity_0744,entity_0112,1,tabpfn,0.5001221299171448,1
entity_0699,entity_0580,0,tabpfn,0.49951171875,0
entity_0142,entity_0334,1,tabpfn,0.498046875,0
entity_0739,entity_0039,0,tabpfn,0.49951171875,0
entity_0188,entity_0342,1,tabpfn,0.4998778998851776,0
entity_0827,entity_0366,0,tabpfn,0.5001221299171448,1
entity_0695,entity_0484,0,tabpfn,0.49951171875,0
entity_0734,entity_0942,0,tabpfn,0.49951171875,0
entity_0959,entity_0184,0,tabpfn,0.50048828125,1
entity_0960,entity_0558,1,tabpfn,0.5009765625,1
entity_0671,entity_0240,1,tabpfn,0.5,1
entity_0822,entity_0638,0,tabpfn,0.5009765625,1
entity_0972,entity_0913,1,tabpfn,0.50146484375,1
entity_0380,entity_0755,0,tabpfn,0.49951171875,0
entity_0052,entity_0575,0,tabpfn,0.49853515625,0
entity_0623,entity_0245,1,tabpfn,0.50048828125,1
entity_0353,entity_0968,1,tabpfn,0.49951171875,0
entity_0822,entity_0931,1,tabpfn,0.5008543133735657,1
entity_0970,entity_0785,1,tabpfn,0.50146484375,1
entity_0911,entity_0981,0,tabpfn,0.50048828125,1
entity_0376,entity_0208,0,tabpfn,0.4990234375,0
entity_0783,entity_0629,0,tabpfn,0.5009765625,1
entity_0428,entity_0872,0,tabpfn,0.5,1
entity_0568,entity_0101,0,tabpfn,0.50048828125,1
entity_0013,entity_0837,0,tabpfn,0.49853515625,0
entity_0315,entity_0663,1,tabpfn,0.498046875,0
entity_0393,entity_0768,0,tabpfn,0.50048828125,1
entity_0581,entity_0405,1,tabpfn,0.5,1
entity_0955,entity_0432,0,tabpfn,0.5009765625,1
entity_0989,entity_0959,0,tabpfn,0.50048828125,1
entity_0023,entity_0526,1,tabpfn,0.4981693923473358,0
entity_0582,entity_0526,1,tabpfn,0.4998778998851776,0
entity_0053,entity_0430,0,tabpfn,0.49853515625,0
entity_0778,entity_0195,0,tabpfn,0.5008543133735657,1
entity_0129,entity_0182,0,tabpfn,0.4990234375,0
entity_0714,entity_0157,0,tabpfn,0.50048828125,1
entity_0759,entity_0576,0,tabpfn,0.4990234375,0
entity_0834,entity_0539,1,tabpfn,0.50146484375,1
entity_0647,entity_0924,0,tabpfn,0.49951171875,0
entity_0689,entity_0063,0,tabpfn,0.5008543133735657,1
entity_0216,entity_0565,1,tabpfn,0.4989010989665985,0
entity_0832,entity_0183,0,tabpfn,0.5,1
entity_0309,entity_0793,1,tabpfn,0.4990234375,0
entity_0138,entity_0900,0,tabpfn,0.49951171875,0
entity_0072,entity_0640,0,tabpfn,0.49853515625,0
entity_0516,entity_0167,1,tabpfn,0.50048828125,1
entity_0523,entity_0198,1,tabpfn,0.5,1
entity_0125,entity_0538,0,tabpfn,0.4990234375,0
entity_0687,entity_0625,1,tabpfn,0.5010989308357239,1
entity_0239,entity_0501,0,tabpfn,0.4989010989665985,0
entity_0639,entity_0900,0,tabpfn,0.5,1
entity_0282,entity_0799,1,tabpfn,0.49951171875,0
entity_0766,entity_0495,0,tabpfn,0.5009765625,1
entity_0236,entity_0355,0,tabpfn,0.5,1
entity_0450,entity_0003,0,tabpfn,0.4991457164287567,0
entity_0782,entity_0438,1,tabpfn,0.50048828125,1
entity_0674,entity_0292,1,tabpfn,0.5008543133735657,1
entity_0022,entity_0741,1,tabpfn,0.4990234375,0
entity_0985,entity_0255,0,tabpfn,0.501953125,1
entity_0499,entity_0300,1,tabpfn,0.50146484375,1
entity_0336,entity_0551,1,tabpfn,0.49853515625,0
entity_0487,entity_0412,0,tabpfn,0.49853515625,0
entity_0954,entity_0113,1,tabpfn,0.50146484375,1
entity_0734,entity_0169,0,tabpfn,0.50146484375,1
entity_0779,entity_0108,1,tabpfn,0.5001221299171448,1
entity_0775,entity_0323,0,tabpfn,0.50146484375,1
entity_0759,entity_0117,1,tabpfn,0.5001221299171448,1
entity_0754,entity_0596,1,tabpfn,0.49951171875,0
entity_0441,entity_0859,1,tabpfn,0.49951171875,0
entity_0628,entity_0911,1,tabpfn,0.49951171875,0
entity_0020,entity_0881,0,tabpfn,0.49853515625,0
entity_0308,entity_0203,1,tabpfn,0.50048828125,1
entity_0879,entity_0035,1,tabpfn,0.49951171875,0
entity_0525,entity_0569,0,tabpfn,0.4991457164287567,0
entity_0490,entity_0305,1,tabpfn,0.5,1
entity_0325,entity_0030,1,tabpfn,0.49951171875,0
entity_0067,entity_0253,1,tabpfn,0.49853515625,0
entity_0998,entity_0583,1,tabpfn,0.5009765625,1
entity_0401,entity_0770,0,tabpfn,0.4990234375,0
entity_0506,entity_0754,0,tabpfn,0.4989010989665985,0
entity_0186,entity_0430,1,tabpfn,0.49755859375,0
entity_0392,entity_0848,1,tabpfn,0.49951171875,0
entity_0209,entity_0282,0,tabpfn,0.49853515625,0
entity_0435,entity_0569,1,tabpfn,0.5,1
entity_0700,entity_0343,1,tabpfn,0.5009765625,1
entity_0782,entity_0406,0,tabpfn,0.5,1
entity_0083,entity_0154,0,tabpfn,0.49853515625,0
entity_0102,entity_0865,0,tabpfn,0.4989010989665985,0
entity_0908,entity_0332,0,tabpfn,0.5010989308357239,1
entity_0625,entity_0275,1,tabpfn,0.5008543133735657,1
entity_0389,entity_0042,1,tabpfn,0.4989010989665985,0
entity_0291,entity_0744,1,tabpfn,0.49853515625,0
entity_0716,entity_0432,0,tabpfn,0.50048828125,1
entity_0714,entity_0758,0,tabpfn,0.4991457164287567,0
entity_0759,entity_0152,1,tabpfn,0.5001221299171448,1
entity_0102,entity_0004,1,tabpfn,0.498046875,0
entity_0551,entity_0111,1,tabpfn,0.5,1
entity_0772,entity_0161,0,tabpfn,0.5009765625,1
entity_0108,entity_0613,0,tabpfn,0.498046875,0
entity_0890,entity_0250,1,tabpfn,0.50146484375,1
entity_0002,entity_0410,0,tabpfn,0.4971930682659149,0
entity_0243,entity_0881,1,tabpfn,0.5,1
entity_0732,entity_0880,0,tabpfn,0.50048828125,1
entity_0166,entity_0784,0,tabpfn,0.4989010989665985,0
entity_0898,entity_0863,0,tabpfn,0.5008543133735657,1
entity_0336,entity_0570,0,tabpfn,0.4991457164287567,0
entity_0654,entity_0824,0,tabpfn,0.5009765625,1
entity_0767,entity_0596,0,tabpfn,0.5001221299171448,1
entity_0275,entity_0078,0,tabpfn,0.49853515625,0
entity_0307,entity_0587,0,tabpfn,0.4990234375,0
entity_0468,entity_0212,0,tabpfn,0.4991457164287567,0
entity_0729,entity_0774,0,tabpfn,0.49951171875,0
entity_0560,entity_0354,0,tabpfn,0.5009765625,1
entity_0324,entity_0366,0,tabpfn,0.49951171875,0
entity_0089,entity_0441,0,tabpfn,0.498046875,0
entity_0121,entity_0102,0,tabpfn,0.4990234375,0
entity_0049,entity_0719,0,tabpfn,0.4990234375,0
entity_0452,entity_0277,0,tabpfn,0.5001221299171448,1
entity_0710,entity_0907,1,tabpfn,0.5,1
entity_0171,entity_0670,1,tabpfn,0.4991457164287567,0
entity_0962,entity_0479,1,tabpfn,0.5009765625,1
entity_0942,entity_0501,0,tabpfn,0.5009765625,1
entity_0638,entity_0251,1,tabpfn,0.4998778998851776,0
entity_0787,entity_0123,1,tabpfn,0.5,1
entity_0810,entity_0290,1,tabpfn,0.50048828125,1
entity_0914,entity_0133,1,tabpfn,0.5009765625,1
entity_0157,entity_0345,0,tabpfn,0.4998778998851776,0
entity_0758,entity_0670,0,tabpfn,0.4989010989665985,0
entity_0842,entity_0839,1,tabpfn,0.50146484375,1
entity_0499,entity_0584,0,tabpfn,0.4991457164287567,0
entity_0456,entity_0039,0,tabpfn,0.5009765625,1
entity_0528,entity_0783,1,tabpfn,0.4990234375,0
entity_0182,entity_0229,1,tabpfn,0.4989010989665985,0
entity_0273,entity_0984,0,tabpfn,0.50048828125,1
entity_0936,entity_0543,0,tabpfn,0.50146484375,1
entity_0444,entity_0119,1,tabpfn,0.5,1
entity_0699,entity_0665,1,tabpfn,0.5009765625,1
entity_0508,entity_0480,0,tabpfn,0.4991457164287567,0
entity_0053,entity_0038,0,tabpfn,0.496216744184494,0
entity_0856,entity_0259,0,tabpfn,0.5009765625,1
entity_0078,entity_0965,0,tabpfn,0.4981693923473358,0
entity_0404,entity_0524,1,tabpfn,0.5001221299171448,1
entity_0627,entity_0865,0,tabpfn,0.5,1
entity_0050,entity_0674,1,tabpfn,0.49853515625,0
entity_0558,entity_0585,0,tabpfn,0.4998778998851776,0
entity_0303,entity_0688,1,tabpfn,0.4991457164287567,0
entity_0922,entity_0725,1,tabpfn,0.501953125,1
entity_0968,entity_0469,0,tabpfn,0.501953125,1
entity_0808,entity_0416,1,tabpfn,0.4991457164287567,0
entity_0646,entity_0875,1,tabpfn,0.5008543133735657,1
entity_0340,entity_0689,1,tabpfn,0.5,1
entity_0404,entity_0851,1,tabpfn,0.5009765625,1
entity_0643,entity_0668,1,tabpfn,0.5,1
entity_0362,entity_0465,0,tabpfn,0.4990234375,0
entity_0144,entity_0910,0,tabpfn,0.4990234375,0
entity_0871,entity_0692,0,tabpfn,0.5,1
entity_0385,entity_0425,1,tabpfn,0.4998778998851776,0
entity_0297,entity_0081,0,tabpfn,0.49853515625,0
entity_0563,entity_0537,0,tabpfn,0.49951171875,0
entity_0415,entity_0623,0,tabpfn,0.4990234375,0
entity_0315,entity_0025,1,tabpfn,0.5010989308357239,1
entity_0403,entity_0542,0,tabpfn,0.50048828125,1
entity_0323,entity_0758,0,tabpfn,0.4991457164287567,0
entity_0919,entity_0118,0,tabpfn,0.50048828125,1
entity_0310,entity_0919,0,tabpfn,0.49951171875,0
entity_0261,entity_0415,1,tabpfn,0.4990234375,0
entity_0839,entity_0936,0,tabpfn,0.5,1
entity_0587,entity_0855,0,tabpfn,0.4990234375,0
entity_0438,entity_0571,0,tabpfn,0.5009765625,1
entity_0320,entity_0195,1,tabpfn,0.49951171875,0
entity_0260,entity_0396,0,tabpfn,0.4991457164287567,0
entity_0618,entity_0629,1,tabpfn,0.50048828125,1
entity_0007,entity_0296,1,tabpfn,0.4970703125,0
entity_0840,entity_0557,1,tabpfn,0.50048828125,1
entity_0385,entity_0267,1,tabpfn,0.5001221299171448,1
entity_0100,entity_0454,0,tabpfn,0.49755859375,0
entity_0624,entity_0441,1,tabpfn,0.49853515625,0
entity_0927,entity_0807,0,tabpfn,0.50146484375,1
entity_0624,entity_0212,0,tabpfn,0.50048828125,1
entity_0497,entity_0640,0,tabpfn,0.4991457164287567,0
entity_0457,entity_0779,0,tabpfn,0.4989010989665985,0
entity_0781,entity_0741,1,tabpfn,0.5,1
entity_0041,entity_0628,0,tabpfn,0.49755859375,0
entity_0091,entity_0174,1,tabpfn,0.4989010989665985,0
entity_0787,entity_0775,0,tabpfn,0.4998778998851776,0
entity_0919,entity_0082,0,tabpfn,0.5009765625,1
entity_0507,entity_0161,1,tabpfn,0.50048828125,1
entity_0148,entity_0076,0,tabpfn,0.4991457164287567,0
entity_0297,entity_0869,0,tabpfn,0.4990234375,0
entity_0455,entity_0692,0,tabpfn,0.5,1
entity_0515,entity_0842,0,tabpfn,0.4990234375,0
entity_0761,entity_0097,1,tabpfn,0.4990234375,0
entity_0942,entity_0470,0,tabpfn,0.501953125,1
entity_0479,entity_0498,1,tabpfn,0.49853515625,0
entity_0841,entity_0460,0,tabpfn,0.50146484375,1
entity_0547,entity_0427,1,tabpfn,0.5001221299171448,1
entity_0344,entity_0603,1,tabpfn,0.4990234375,0
entity_0322,entity_0218,1,tabpfn,0.5,1
entity_0047,entity_0868,0,tabpfn,0.49853515625,0
entity_0605,entity_0122,0,tabpfn,0.49853515625,0
entity_0540,entity_0248,0,tabpfn,0.5,1
entity_0007,entity_0237,0,tabpfn,0.4970703125,0
entity_0040,entity_0432,0,tabpfn,0.49755859375,0
entity_0236,entity_0609,0,tabpfn,0.498046875,0
entity_0658,entity_0017,0,tabpfn,0.4998778998851776,0
entity_0750,entity_0245,0,tabpfn,0.5009765625,1
entity_0566,entity_0780,1,tabpfn,0.4998778998851776,0
entity_0416,entity_0844,1,tabpfn,0.4990234375,0
entity_0711,entity_0579,0,tabpfn,0.5,1
entity_0286,entity_0748,0,tabpfn,0.4981693923473358,0
entity_0062,entity_0001,0,tabpfn,0.4981693923473358,0
entity_0145,entity_0007,1,tabpfn,0.49853515625,0
entity_0674,entity_0464,1,tabpfn,0.49853515625,0
entity_0436,entity_0641,0,tabpfn,0.49951171875,0
entity_0776,entity_0235,1,tabpfn,0.4991457164287567,0
entity_0593,entity_0653,1,tabpfn,0.4990234375,0
entity_0500,entity_0368,1,tabpfn,0.5010989308357239,1
entity_0788,entity_0345,1,tabpfn,0.5010989308357239,1
entity_0512,entity_0828,1,tabpfn,0.4990234375,0
entity_0284,entity_0326,1,tabpfn,0.5,1
entity_0021,entity_0532,1,tabpfn,0.49853515625,0
entity_0677,entity_0505,0,tabpfn,0.4990234375,0
entity_0339,entity_0198,1,tabpfn,0.49951171875,0
entity_0599,entity_0352,1,tabpfn,0.5,1
entity_0684,entity_0217,1,tabpfn,0.49951171875,0
entity_0909,entity_0149,1,tabpfn,0.50048828125,1
entity_0696,entity_0885,1,tabpfn,0.49951171875,0
entity_0146,entity_0120,0,tabpfn,0.4970703125,0
entity_0067,entity_0130,1,tabpfn,0.50048828125,1
entity_0468,entity_0740,1,tabpfn,0.49951171875,0
entity_0409,entity_0200,1,tabpfn,0.50048828125,1
entity_0509,entity_0212,0,tabpfn,0.49951171875,0
entity_0899,entity_0993,0,tabpfn,0.50048828125,1
entity_0812,entity_0575,1,tabpfn,0.5,1
entity_0112,entity_0032,0,tabpfn,0.4979242980480194,0
entity_0021,entity_0873,1,tabpfn,0.4991457164287567,0
entity_0633,entity_0061,1,tabpfn,0.4991457164287567,0
entity_0133,entity_0545,1,tabpfn,0.4989010989665985,0
entity_0907,entity_0205,0,tabpfn,0.50146484375,1
entity_0374,entity_0496,1,tabpfn,0.4991457164287567,0
entity_0451,entity_0425,1,tabpfn,0.4990234375,0
entity_0982,entity_0629,0,tabpfn,0.501953125,1
entity_0086,entity_0398,1,tabpfn,0.498046875,0
entity_0457,entity_0781,1,tabpfn,0.4990234375,0
entity_0158,entity_0078,1,tabpfn,0.498046875,0
entity_0213,entity_0833,0,tabpfn,0.49951171875,0
entity_0338,entity_0908,1,tabpfn,0.4998778998851776,0
entity_0027,entity_0726,1,tabpfn,0.4990234375,0
entity_0921,entity_0953,0,tabpfn,0.50146484375,1
entity_0440,entity_0605,0,tabpfn,0.49951171875,0
entity_0874,entity_0486,0,tabpfn,0.5009765625,1
entity_0013,entity_0783,1,tabpfn,0.4979242980480194,0
entity_0444,entity_0536,1,tabpfn,0.49853515625,0
entity_0851,entity_0024,1,tabpfn,0.4998778998851776,0
entity_0277,entity_0297,1,tabpfn,0.4989010989665985,0
entity_0213,entity_0799,1,tabpfn,0.4990234375,0
entity_0617,entity_0269,1,tabpfn,0.4998778998851776,0
entity_0749,entity_0734,1,tabpfn,0.5010989308357239,1
entity_0158,entity_0012,1,tabpfn,0.4970703125,0
entity_0961,entity_0184,1,tabpfn,0.5009765625,1
entity_0694,entity_0310,0,tabpfn,0.5008543133735657,1
entity_0719,entity_0501,1,tabpfn,0.49951171875,0
entity_0655,entity_0673,1,tabpfn,0.5001221299171448,1
entity_0105,entity_0073,1,tabpfn,0.498046875,0
entity_0131,entity_0876,0,tabpfn,0.49853515625,0
entity_0140,entity_0006,1,tabpfn,0.4970703125,0
entity_0187,entity_0657,0,tabpfn,0.4990234375,0
entity_0666,entity_0714,1,tabpfn,0.5,1
entity_0886,entity_0138,1,tabpfn,0.50048828125,1
entity_0059,entity_0595,1,tabpfn,0.498046875,0
entity_0738,entity_0009,0,tabpfn,0.50048828125,1
entity_0951,entity_0348,1,tabpfn,0.5009765625,1
entity_0538,entity_0321,1,tabpfn,0.5009765625,1
entity_0705,entity_0923,1,tabpfn,0.5001221299171448,1
entity_0303,entity_0399,1,tabpfn,0.49951171875,0
entity_0555,entity_0630,0,tabpfn,0.5,1
entity_0481,entity_0545,1,tabpfn,0.49951171875,0
entity_0346,entity_0835,1,tabpfn,0.5008543133735657,1
entity_0264,entity_0289,0,tabpfn,0.4990234375,0
entity_0859,entity_0085,0,tabpfn,0.50048828125,1
entity_0594,entity_0893,1,tabpfn,0.5001221299171448,1
entity_0434,entity_0077,1,tabpfn,0.4991457164287567,0
entity_0374,entity_0401,0,tabpfn,0.50048828125,1
entity_0756,entity_0646,0,tabpfn,0.50146484375,1
entity_0823,entity_0877,1,tabpfn,0.5008543133735657,1
entity_0521,entity_0699,0,tabpfn,0.50048828125,1
entity_0035,entity_0764,0,tabpfn,0.4990234375,0
entity_0026,entity_0253,0,tabpfn,0.4981693923473358,0
entity_0997,entity_0379,0,tabpfn,0.5018306374549866,1
entity_0463,entity_0220,1,tabpfn,0.4990234375,0
entity_0817,entity_0004,0,tabpfn,0.4998778998851776,0
entity_0260,entity_0298,1,tabpfn,0.5,1
entity_0206,entity_0044,0,tabpfn,0.49951171875,0
entity_0463,entity_0018,1,tabpfn,0.4990234375,0
entity_0655,entity_0250,1,tabpfn,0.5008543133735657,1
entity_0366,entity_0729,0,tabpfn,0.5001221299171448,1
entity_0277,entity_0381,0,tabpfn,0.4990234375,0
entity_0868,entity_0366,0,tabpfn,0.50146484375,1
entity_0849,entity_0615,1,tabpfn,0.5009765625,1
entity_0705,entity_0116,0,tabpfn,0.5,1
entity_0997,entity_0383,0,tabpfn,0.50048828125,1
entity_0124,entity_0191,0,tabpfn,0.4990234375,0
entity_0241,entity_0738,1,tabpfn,0.4990234375,0
entity_0047,entity_0010,0,tabpfn,0.4979242980480194,0
entity_0938,entity_0556,1,tabpfn,0.5009765625,1
entity_0421,entity_0446,0,tabpfn,0.49951171875,0
entity_0802,entity_0067,0,tabpfn,0.4998778998851776,0
entity_0969,entity_0982,0,tabpfn,0.50244140625,1
entity_0434,entity_0398,0,tabpfn,0.49951171875,0
entity_0168,entity_0716,1,tabpfn,0.49853515625,0
entity_0675,entity_0104,1,tabpfn,0.50048828125,1
entity_0030,entity_0201,0,tabpfn,0.4970703125,0
entity_0977,entity_0533,0,tabpfn,0.5018306374549866,1
entity_0734,entity_0316,0,tabpfn,0.50146484375,1
entity_0104,entity_0130,1,tabpfn,0.49755859375,0
entity_0173,entity_0835,1,tabpfn,0.5,1
entity_0137,entity_0876,0,tabpfn,0.4989010989665985,0
entity_0678,entity_0056,1,tabpfn,0.4990234375,0
entity_0948,entity_0117,0,tabpfn,0.5009765625,1
entity_0186,entity_0113,0,tabpfn,0.4981693923473358,0
entity_0367,entity_0986,0,tabpfn,0.50048828125,1
entity_0759,entity_0503,1,tabpfn,0.5009765625,1
entity_0553,entity_0949,1,tabpfn,0.5,1
entity_0455,entity_0312,1,tabpfn,0.49951171875,0
entity_0489,entity_0155,1,tabpfn,0.50048828125,1
entity_0539,entity_0742,1,tabpfn,0.49951171875,0
entity_0065,entity_0788,1,tabpfn,0.4989010989665985,0
entity_0890,entity_0456,1,tabpfn,0.5008543133735657,1
entity_0259,entity_0969,0,tabpfn,0.4998778998851776,0
entity_0287,entity_0040,0,tabpfn,0.49853515625,0
entity_0559,entity_0393,1,tabpfn,0.50146484375,1
entity_0242,entity_0020,1,tabpfn,0.4990234375,0
entity_0969,entity_0751,0,tabpfn,0.50146484375,1
entity_0381,entity_0470,1,tabpfn,0.4998778998851776,0
entity_0238,entity_0973,1,tabpfn,0.49951171875,0
entity_0744,entity_0600,0,tabpfn,0.50048828125,1
entity_0655,entity_0488,0,tabpfn,0.5009765625,1
entity_0518,entity_0327,1,tabpfn,0.5001221299171448,1
entity_0430,entity_0331,1,tabpfn,0.4990234375,0
entity_0226,entity_0687,0,tabpfn,0.49951171875,0
entity_0103,entity_0988,0,tabpfn,0.498046875,0
entity_0819,entity_0185,1,tabpfn,0.5,1
entity_0643,entity_0487,1,tabpfn,0.5,1
entity_0574,entity_0692,0,tabpfn,0.4990234375,0
entity_0050,entity_0161,0,tabpfn,0.4991457164287567,0
entity_0355,entity_0143,0,tabpfn,0.5,1
entity_0446,entity_0819,0,tabpfn,0.5,1
entity_0741,entity_0312,0,tabpfn,0.50048828125,1
entity_0369,entity_0523,1,tabpfn,0.49951171875,0
entity_0514,entity_0644,1,tabpfn,0.4991457164287567,0
entity_0285,entity_0777,1,tabpfn,0.4998778998851776,0
entity_0610,entity_0726,0,tabpfn,0.49951171875,0
entity_0130,entity_0693,0,tabpfn,0.4991457164287567,0
entity_0332,entity_0985,0,tabpfn,0.50048828125,1
entity_0551,entity_0652,0,tabpfn,0.50048828125,1
entity_0440,entity_0782,0,tabpfn,0.5,1
entity_0662,entity_0176,1,tabpfn,0.49951171875,0
entity_0437,entity_0508,0,tabpfn,0.50048828125,1
entity_0856,entity_0400,0,tabpfn,0.50146484375,1
entity_0401,entity_0361,0,tabpfn,0.5,1
entity_0256,entity_0583,0,tabpfn,0.49853515625,0
entity_0099,entity_0101,1,tabpfn,0.4990234375,0
entity_0873,entity_0948,1,tabpfn,0.49951171875,0
entity_0447,entity_0094,0,tabpfn,0.5,1
entity_0253,entity_0060,1,tabpfn,0.4989010989665985,0
entity_0063,entity_0421,0,tabpfn,0.4971930682659149,0
entity_0534,entity_0517,0,tabpfn,0.49951171875,0
entity_0696,entity_0153,1,tabpfn,0.50048828125,1
entity_0279,entity_0789,0,tabpfn,0.4990234375,0
entity_0030,entity_0516,1,tabpfn,0.498046875,0
entity_0457,entity_0757,1,tabpfn,0.49951171875,0
entity_0946,entity_0384,0,tabpfn,0.5009765625,1
entity_0954,entity_0992,1,tabpfn,0.5009765625,1
entity_0625,entity_0145,0,tabpfn,0.4998778998851776,0
entity_0130,entity_0752,1,tabpfn,0.49951171875,0
entity_0710,entity_0096,1,tabpfn,0.5,1
entity_0559,entity_0167,0,tabpfn,0.50048828125,1
entity_0210,entity_0084,0,tabpfn,0.49951171875,0
entity_0438,entity_0510,0,tabpfn,0.49951171875,0
entity_0123,entity_0424,0,tabpfn,0.4969474971294403,0
entity_0630,entity_0245,1,tabpfn,0.5009765625,1
entity_0478,entity_0768,0,tabpfn,0.50048828125,1
entity_0145,entity_0836,0,tabpfn,0.49853515625,0
entity_0064,entity_0373,0,tabpfn,0.49853515625,0
entity_0742,entity_0671,0,tabpfn,0.49951171875,0
entity_0894,entity_0556,0,tabpfn,0.50048828125,1
entity_0595,entity_0072,1,tabpfn,0.4991457164287567,0
entity_0810,entity_0901,0,tabpfn,0.50048828125,1
entity_0615,entity_0193,0,tabpfn,0.4991457164287567,0
entity_0316,entity_0211,1,tabpfn,0.5,1
entity_0125,entity_0180,0,tabpfn,0.498046875,0
entity_0331,entity_0533,1,tabpfn,0.4990234375,0
entity_0063,entity_0028,0,tabpfn,0.49951171875,0
entity_0502,entity_0221,0,tabpfn,0.5,1
entity_0641,entity_0234,1,tabpfn,0.50048828125,1
entity_0276,entity_0936,1,tabpfn,0.49951171875,0
entity_0035,entity_0275,0,tabpfn,0.498046875,0
entity_0449,entity_0213,0,tabpfn,0.5,1
entity_0973,entity_0734,1,tabpfn,0.501953125,1
entity_0052,entity_0228,0,tabpfn,0.4989010989665985,0
entity_0297,entity_0449,0,tabpfn,0.4998778998851776,0
entity_0202,entity_0481,0,tabpfn,0.498046875,0
entity_0089,entity_0605,0,tabpfn,0.498046875,0
entity_0532,entity_0948,1,tabpfn,0.4989010989665985,0
entity_0193,entity_0616,1,tabpfn,0.49853515625,0
entity_0176,entity_0683,1,tabpfn,0.4991457164287567,0
entity_0767,entity_0711,1,tabpfn,0.50048828125,1
entity_0827,entity_0792,0,tabpfn,0.5009765625,1
entity_0814,entity_0486,0,tabpfn,0.501953125,1
entity_0914,entity_0746,0,tabpfn,0.50146484375,1
entity_0427,entity_0574,0,tabpfn,0.5,1
entity_0835,entity_0120,0,tabpfn,0.5008543133735657,1
entity_0195,entity_0260,0,tabpfn,0.5,1
entity_0578,entity_0369,0,tabpfn,0.4989010989665985,0
entity_0270,entity_0332,0,tabpfn,0.4998778998851776,0
entity_0108,entity_0053,1,tabpfn,0.498046875,0
entity_0207,entity_0599,0,tabpfn,0.4981693923473358,0
entity_0381,entity_0937,0,tabpfn,0.50048828125,1
entity_0995,entity_0447,0,tabpfn,0.50146484375,1
entity_0939,entity_0214,0,tabpfn,0.5009765625,1
entity_0663,entity_0367,0,tabpfn,0.5,1
entity_0986,entity_0167,0,tabpfn,0.50048828125,1
entity_0156,entity_0069,0,tabpfn,0.4970703125,0
entity_0336,entity_0760,0,tabpfn,0.5008543133735657,1
entity_0460,entity_0464,1,tabpfn,0.5001221299171448,1
entity_0089,entity_0974,0,tabpfn,0.49853515625,0
entity_0838,entity_0854,0,tabpfn,0.50048828125,1
entity_0116,entity_0238,1,tabpfn,0.49755859375,0
entity_0076,entity_0508,0,tabpfn,0.498046875,0
entity_0471,entity_0349,1,tabpfn,0.4991457164287567,0
entity_0900,entity_0797,1,tabpfn,0.50048828125,1
entity_0356,entity_0155,0,tabpfn,0.5,1
entity_0201,entity_0570,1,tabpfn,0.4979242980480194,0
entity_0070,entity_0358,0,tabpfn,0.4989010989665985,0
entity_0741,entity_0765,1,tabpfn,0.5009765625,1
entity_0402,entity_0158,1,tabpfn,0.49951171875,0
entity_0380,entity_0278,1,tabpfn,0.4990234375,0
entity_0481,entity_0469,1,tabpfn,0.50048828125,1
entity_0881,entity_0764,0,tabpfn,0.5009765625,1
entity_0566,entity_0059,1,tabpfn,0.5001221299171448,1
entity_0285,entity_0036,0,tabpfn,0.49853515625,0
entity_0926,entity_0687,0,tabpfn,0.5009765625,1
entity_0797,entity_0878,0,tabpfn,0.5,1
entity_0930,entity_0408,1,tabpfn,0.4991457164287567,0
entity_0215,entity_0167,0,tabpfn,0.498046875,0
entity_0777,entity_0723,1,tabpfn,0.4998778998851776,0
entity_0589,entity_0924,1,tabpfn,0.49951171875,0
entity_0970,entity_0663,0,tabpfn,0.5009765625,1
entity_0892,entity_0886,0,tabpfn,0.50244140625,1
entity_0613,entity_0185,1,tabpfn,0.5,1
entity_0064,entity_0234,0,tabpfn,0.49755859375,0
entity_0644,entity_0921,1,tabpfn,0.4998778998851776,0
entity_0006,entity_0988,1,tabpfn,0.4991457164287567,0
entity_0409,entity_0357,1,tabpfn,0.49951171875,0
entity_0042,entity_0003,1,tabpfn,0.498046875,0
entity_0966,entity_0222,0,tabpfn,0.50146484375,1
entity_0875,entity_0782,0,tabpfn,0.5009765625,1
entity_0401,entity_0032,1,tabpfn,0.49951171875,0
entity_0094,entity_0956,0,tabpfn,0.498046875,0
entity_0904,entity_0593,1,tabpfn,0.5008543133735657,1
entity_0620,entity_0848,0,tabpfn,0.50048828125,1
entity_0440,entity_0886,1,tabpfn,0.49951171875,0
entity_0941,entity_0958,1,tabpfn,0.5009765625,1
entity_0847,entity_0873,0,tabpfn,0.5009765625,1
entity_0592,entity_0292,0,tabpfn,0.49951171875,0
entity_0610,entity_0202,1,tabpfn,0.49951171875,0
entity_0872,entity_0419,1,tabpfn,0.5008543133735657,1
entity_0692,entity_0206,1,tabpfn,0.5001221299171448,1
entity_0225,entity_0967,1,tabpfn,0.4981693923473358,0
entity_0526,entity_0494,0,tabpfn,0.498046875,0
entity_0268,entity_0367,1,tabpfn,0.4998778998851776,0
entity_0524,entity_0237,1,tabpfn,0.5009765625,1
entity_0801,entity_0937,1,tabpfn,0.5001221299171448,1
entity_0747,entity_0575,1,tabpfn,0.5009765625,1
entity_0813,entity_0450,0,tabpfn,0.5001221299171448,1
entity_0935,entity_0654,0,tabpfn,0.50048828125,1
entity_0331,entity_0669,1,tabpfn,0.4990234375,0
entity_0292,entity_0076,1,tabpfn,0.4998778998851776,0
entity_0093,entity_0660,1,tabpfn,0.4981693923473358,0
entity_0407,entity_0068,1,tabpfn,0.4990234375,0
entity_0095,entity_0606,0,tabpfn,0.4979242980480194,0
entity_0165,entity_0513,0,tabpfn,0.498046875,0
entity_0749,entity_0312,1,tabpfn,0.5009765625,1
entity_0352,entity_0418,1,tabpfn,0.4990234375,0
entity_0029,entity_0583,1,tabpfn,0.4979242980480194,0
entity_0141,entity_0298,0,tabpfn,0.49951171875,0
entity_0353,entity_0995,1,tabpfn,0.5,1
entity_0235,entity_0489,0,tabpfn,0.4979242980480194,0
entity_0529,entity_0081,1,tabpfn,0.50048828125,1
entity_0623,entity_0630,1,tabpfn,0.50048828125,1
entity_0831,entity_0093,1,tabpfn,0.5,1
entity_0346,entity_0601,0,tabpfn,0.49853515625,0
entity_0480,entity_0421,1,tabpfn,0.498046875,0
entity_0169,entity_0526,0,tabpfn,0.49951171875,0
entity_0980,entity_0654,1,tabpfn,0.5001221299171448,1
entity_0657,entity_0005,0,tabpfn,0.4990234375,0
entity_0059,entity_0288,0,tabpfn,0.49755859375,0
entity_0529,entity_0788,0,tabpfn,0.49951171875,0
entity_0522,entity_0625,1,tabpfn,0.4990234375,0
entity_0933,entity_0125,0,tabpfn,0.5008543133735657,1
entity_0817,entity_0610,0,tabpfn,0.5009765625,1
entity_0493,entity_0309,1,tabpfn,0.49951171875,0
entity_0916,entity_0593,0,tabpfn,0.50048828125,1
entity_0206,entity_0271,0,tabpfn,0.49951171875,0
entity_0247,entity_0178,1,tabpfn,0.5,1
entity_0095,entity_0638,0,tabpfn,0.49853515625,0
entity_0164,entity_0533,0,tabpfn,0.4990234375,0
entity_0982,entity_0990,0,tabpfn,0.5009765625,1
entity_0740,entity_0026,1,tabpfn,0.5,1
entity_0469,entity_0574,0,tabpfn,0.5,1
entity_0710,entity_0348,0,tabpfn,0.5009765625,1
entity_0149,entity_0057,1,tabpfn,0.49755859375,0
entity_0183,entity_0526,0,tabpfn,0.4990234375,0
entity_0967,entity_0552,0,tabpfn,0.501953125,1
entity_0502,entity_0667,0,tabpfn,0.49951171875,0
entity_0695,entity_0687,1,tabpfn,0.5009765625,1
entity_0402,entity_0141,1,tabpfn,0.5001221299171448,1
entity_0405,entity_0804,0,tabpfn,0.5,1
entity_0846,entity_0270,1,tabpfn,0.5009765625,1
entity_0524,entity_0209,1,tabpfn,0.50048828125,1
entity_0718,entity_0265,1,tabpfn,0.5009765625,1
entity_0970,entity_0307,0,tabpfn,0.50146484375,1
entity_0772,entity_0974,1,tabpfn,0.5,1
entity_0911,entity_0716,1,tabpfn,0.50048828125,1
entity_0618,entity_0113,0,tabpfn,0.5001221299171448,1
entity_0720,entity_0621,1,tabpfn,0.50048828125,1
entity_0574,entity_0350,1,tabpfn,0.5001221299171448,1
entity_0242,entity_0680,1,tabpfn,0.49951171875,0
entity_0862,entity_0511,1,tabpfn,0.5008543133735657,1
entity_0587,entity_0004,1,tabpfn,0.4998778998851776,0
entity_0455,entity_0519,1,tabpfn,0.49951171875,0
entity_0718,entity_0529,1,tabpfn,0.49853515625,0
entity_0303,entity_0499,0,tabpfn,0.5,1
entity_0672,entity_0924,1,tabpfn,0.4990234375,0
entity_0233,entity_0352,0,tabpfn,0.498046875,0
entity_0273,entity_0109,1,tabpfn,0.4990234375,0
entity_0489,entity_0499,1,tabpfn,0.49853515625,0
entity_0693,entity_0499,0,tabpfn,0.5009765625,1
entity_0081,entity_0909,1,tabpfn,0.498046875,0
entity_0263,entity_0562,0,tabpfn,0.4990234375,0
entity_0438,entity_0663,0,tabpfn,0.5,1
entity_0545,entity_0914,1,tabpfn,0.5,1
entity_0436,entity_0959,1,tabpfn,0.5008543133735657,1
entity_0662,entity_0389,0,tabpfn,0.5009765625,1
entity_0204,entity_0178,1,tabpfn,0.4990234375,0
entity_0365,entity_0535,1,tabpfn,0.49951171875,0
entity_0316,entity_0710,0,tabpfn,0.49951171875,0
entity_0219,entity_0804,0,tabpfn,0.4989010989665985,0
entity_0611,entity_0082,1,tabpfn,0.4991457164287567,0
entity_0017,entity_0080,0,tabpfn,0.4970703125,0
entity_0692,entity_0644,1,tabpfn,0.4998778998851776,0
entity_0457,entity_0446,0,tabpfn,0.49951171875,0
entity_0272,entity_0010,0,tabpfn,0.4990234375,0
entity_0701,entity_0331,1,tabpfn,0.5018306374549866,1
entity_0019,entity_0590,0,tabpfn,0.49755859375,0
entity_0097,entity_0282,0,tabpfn,0.4981693923473358,0
entity_0469,entity_0914,1,tabpfn,0.50048828125,1
entity_0403,entity_0279,1,tabpfn,0.49951171875,0
entity_0427,entity_0940,1,tabpfn,0.5,1
entity_0278,entity_0858,1,tabpfn,0.49853515625,0
entity_0431,entity_0230,0,tabpfn,0.49951171875,0
entity_0654,entity_0496,0,tabpfn,0.5001221299171448,1
entity_0780,entity_0988,0,tabpfn,0.4998778998851776,0
entity_0773,entity_0324,0,tabpfn,0.5008543133735657,1
entity_0920,entity_0890,1,tabpfn,0.50146484375,1
entity_0423,entity_0945,0,tabpfn,0.4990234375,0
entity_0775,entity_0613,0,tabpfn,0.4998778998851776,0
entity_0411,entity_0851,0,tabpfn,0.5,1
entity_0649,entity_0306,0,tabpfn,0.5,1
entity_0502,entity_0365,0,tabpfn,0.4990234375,0
entity_0279,entity_0690,0,tabpfn,0.49951171875,0
entity_0037,entity_0975,1,tabpfn,0.4989010989665985,0
entity_0356,entity_0968,0,tabpfn,0.4998778998851776,0
entity_0020,entity_0821,1,tabpfn,0.4979242980480194,0
entity_0653,entity_0904,1,tabpfn,0.49951171875,0
entity_0727,entity_0650,1,tabpfn,0.5,1
entity_0530,entity_0715,1,tabpfn,0.49951171875,0
entity_0229,entity_0419,0,tabpfn,0.49755859375,0
entity_0628,entity_0883,0,tabpfn,0.4998778998851776,0
entity_0168,entity_0635,1,tabpfn,0.4981693923473358,0
entity_0437,entity_0520,1,tabpfn,0.49853515625,0
entity_0508,entity_0452,1,tabpfn,0.49951171875,0
entity_0218,entity_0304,0,tabpfn,0.4990234375,0
entity_0183,entity_0409,0,tabpfn,0.49853515625,0
entity_0105,entity_0639,0,tabpfn,0.498046875,0
entity_0041,entity_0929,1,tabpfn,0.4981693923473358,0
entity_0472,entity_0405,0,tabpfn,0.5008543133735657,1
entity_0807,entity_0241,1,tabpfn,0.5008543133735657,1
entity_0047,entity_0642,1,tabpfn,0.498046875,0
entity_0169,entity_0102,0,tabpfn,0.498046875,0
entity_0071,entity_0111,1,tabpfn,0.49853515625,0
entity_0156,entity_0388,1,tabpfn,0.49853515625,0
entity_0423,entity_0102,0,tabpfn,0.4991457164287567,0
entity_0017,entity_0120,1,tabpfn,0.4969474971294403,0
entity_0994,entity_0293,1,tabpfn,0.501953125,1
entity_0200,entity_0727,1,tabpfn,0.49951171875,0
entity_0791,entity_0342,0,tabpfn,0.5009765625,1
entity_0631,entity_0423,1,tabpfn,0.4991457164287567,0
entity_0819,entity_0472,0,tabpfn,0.50048828125,1
entity_0797,entity_0580,0,tabpfn,0.5,1
entity_0535,entity_0671,0,tabpfn,0.5001221299171448,1
entity_0418,entity_0075,1,tabpfn,0.49951171875,0
entity_0526,entity_0205,0,tabpfn,0.49951171875,0
entity_0603,entity_0551,0,tabpfn,0.50048828125,1
entity_0746,entity_0044,0,tabpfn,0.50048828125,1
entity_0728,entity_0829,0,tabpfn,0.5010989308357239,1
entity_0717,entity_0297,0,tabpfn,0.5009765625,1
entity_0161,entity_0698,1,tabpfn,0.49951171875,0
entity_0536,entity_0659,0,tabpfn,0.5,1
entity_0028,entity_0976,0,tabpfn,0.4989010989665985,0
entity_0194,entity_0302,1,tabpfn,0.4990234375,0
entity_0231,entity_0638,0,tabpfn,0.49853515625,0
entity_0084,entity_0655,0,tabpfn,0.49853515625,0
entity_0670,entity_0541,1,tabpfn,0.5008543133735657,1
entity_0378,entity_0288,1,tabpfn,0.4991457164287567,0
entity_0775,entity_0252,0,tabpfn,0.50048828125,1
entity_0856,entity_0147,1,tabpfn,0.5009765625,1
entity_0746,entity_0927,0,tabpfn,0.5008543133735657,1
entity_0663,entity_0387,1,tabpfn,0.50048828125,1
entity_0009,entity_0881,1,tabpfn,0.4981693923473358,0
entity_0488,entity_0620,1,tabpfn,0.4990234375,0
entity_0333,entity_0178,0,tabpfn,0.50048828125,1
entity_0967,entity_0635,0,tabpfn,0.5,1
entity_0079,entity_0763,1,tabpfn,0.49951171875,0
entity_0153,entity_0954,0,tabpfn,0.4979242980480194,0
entity_0779,entity_0053,1,tabpfn,0.49951171875,0
entity_0972,entity_0977,1,tabpfn,0.5009765625,1
entity_0453,entity_0937,0,tabpfn,0.49951171875,0
entity_0169,entity_0807,1,tabpfn,0.49951171875,0
entity_0603,entity_0751,0,tabpfn,0.5010989308357239,1
entity_0503,entity_0059,0,tabpfn,0.5,1
entity_0987,entity_0247,1,tabpfn,0.5,1
entity_0879,entity_0230,0,tabpfn,0.5009765625,1
entity_0094,entity_0456,1,tabpfn,0.49853515625,0
entity_0696,entity_0174,1,tabpfn,0.5,1
entity_0753,entity_0002,1,tabpfn,0.5008543133735657,1
entity_0743,entity_0013,1,tabpfn,0.49951171875,0
entity_0597,entity_0569,0,tabpfn,0.49951171875,0
entity_0309,entity_0471,1,tabpfn,0.4990234375,0
entity_0862,entity_0415,0,tabpfn,0.49951171875,0
entity_0529,entity_0149,1,tabpfn,0.5008543133735657,1
entity_0883,entity_0211,0,tabpfn,0.5009765625,1
entity_0987,entity_0373,0,tabpfn,0.501953125,1
entity_0488,entity_0357,0,tabpfn,0.4990234375,0
entity_0718,entity_0346,0,tabpfn,0.5009765625,1
entity_0191,entity_0612,0,tabpfn,0.49853515625,0
entity_0218,entity_0623,0,tabpfn,0.4990234375,0
entity_0902,entity_0760,0,tabpfn,0.501953125,1
entity_0298,entity_0241,0,tabpfn,0.4998778998851776,0
entity_0919,entity_0963,1,tabpfn,0.50048828125,1
entity_0334,entity_0147,1,tabpfn,0.4998778998851776,0
entity_0370,entity_0036,1,tabpfn,0.49853515625,0
entity_0207,entity_0814,0,tabpfn,0.4991457164287567,0
entity_0859,entity_0013,1,tabpfn,0.4990234375,0
entity_0618,entity_0038,1,tabpfn,0.50048828125,1
entity_0130,entity_0253,1,tabpfn,0.498046875,0
entity_0891,entity_0205,0,tabpfn,0.5,1
entity_0110,entity_0656,1,tabpfn,0.4989010989665985,0
entity_0274,entity_0701,1,tabpfn,0.49853515625,0
entity_0357,entity_0200,1,tabpfn,0.4990234375,0
entity_0105,entity_0011,1,tabpfn,0.498046875,0
entity_0041,entity_0585,0,tabpfn,0.4970703125,0
entity_0531,entity_0016,1,tabpfn,0.4998778998851776,0
entity_0582,entity_0687,0,tabpfn,0.49853515625,0
entity_0008,entity_0070,0,tabpfn,0.4979242980480194,0
entity_0601,entity_0481,0,tabpfn,0.49951171875,0
entity_0015,entity_0601,1,tabpfn,0.49755859375,0
entity_0038,entity_0155,0,tabpfn,0.498046875,0
entity_0040,entity_0791,1,tabpfn,0.49853515625,0
entity_0216,entity_0219,1,tabpfn,0.49951171875,0
entity_0393,entity_0640,1,tabpfn,0.4990234375,0
entity_0311,entity_0854,0,tabpfn,0.49853515625,0
entity_0525,entity_0684,0,tabpfn,0.49951171875,0
entity_0596,entity_0835,0,tabpfn,0.4990234375,0
entity_0853,entity_0202,1,tabpfn,0.5,1
entity_0964,entity_0769,0,tabpfn,0.50146484375,1
entity_0373,entity_0563,1,tabpfn,0.49951171875,0
entity_0618,entity_0302,0,tabpfn,0.5009765625,1
entity_0636,entity_0149,0,tabpfn,0.5,1
entity_0842,entity_0790,1,tabpfn,0.5008543133735657,1
entity_0982,entity_0970,1,tabpfn,0.50146484375,1
entity_0930,entity_0214,0,tabpfn,0.5009765625,1
entity_0507,entity_0585,1,tabpfn,0.49951171875,0
entity_0218,entity_0570,0,tabpfn,0.4990234375,0
entity_0389,entity_0755,1,tabpfn,0.50048828125,1
entity_0386,entity_0833,0,tabpfn,0.50048828125,1
entity_0916,entity_0850,1,tabpfn,0.5009765625,1
entity_0087,entity_0485,0,tabpfn,0.4979242980480194,0
entity_0137,entity_0199,0,tabpfn,0.49755859375,0
entity_0552,entity_0636,1,tabpfn,0.4991457164287567,0
entity_0416,entity_0024,0,tabpfn,0.5009765625,1
entity_0618,entity_0341,1,tabpfn,0.5001221299171448,1
entity_0322,entity_0900,0,tabpfn,0.4990234375,0
entity_0596,entity_0920,0,tabpfn,0.49951171875,0
entity_0016,entity_0843,1,tabpfn,0.4990234375,0
entity_0293,entity_0437,0,tabpfn,0.4990234375,0
entity_0587,entity_0290,0,tabpfn,0.5010989308357239,1
entity_0567,entity_0414,1,tabpfn,0.4991457164287567,0
entity_0279,entity_0659,1,tabpfn,0.4998778998851776,0
entity_0399,entity_0641,1,tabpfn,0.4998778998851776,0
entity_0258,entity_0568,0,tabpfn,0.49951171875,0
entity_0132,entity_0111,0,tabpfn,0.49755859375,0
entity_0053,entity_0509,1,tabpfn,0.4971930682659149,0
entity_0336,entity_0451,1,tabpfn,0.49853515625,0
entity_0472,entity_0058,0,tabpfn,0.49951171875,0
entity_0845,entity_0016,1,tabpfn,0.49951171875,0
entity_0337,entity_0607,1,tabpfn,0.4991457164287567,0
entity_0535,entity_0635,0,tabpfn,0.5,1
entity_0231,entity_0600,0,tabpfn,0.4981693923473358,0
entity_0687,entity_0971,1,tabpfn,0.4990234375,0
entity_0784,entity_0642,0,tabpfn,0.4990234375,0
entity_0905,entity_0746,0,tabpfn,0.501953125,1
entity_0967,entity_0705,0,tabpfn,0.501953125,1
entity_0164,entity_0740,1,tabpfn,0.4990234375,0
entity_0847,entity_0997,1,tabpfn,0.50146484375,1
entity_0412,entity_0282,0,tabpfn,0.50048828125,1
entity_0216,entity_0535,0,tabpfn,0.498046875,0
entity_0179,entity_0248,0,tabpfn,0.5,1
entity_0133,entity_0708,0,tabpfn,0.49853515625,0
entity_0668,entity_0487,1,tabpfn,0.4998778998851776,0
entity_0865,entity_0181,0,tabpfn,0.5,1
entity_0657,entity_0644,0,tabpfn,0.4990234375,0
entity_0882,entity_0117,0,tabpfn,0.50048828125,1
entity_0348,entity_0844,0,tabpfn,0.49951171875,0
entity_0247,entity_0446,1,tabpfn,0.4981693923473358,0
entity_0962,entity_0080,0,tabpfn,0.5001221299171448,1
entity_0555,entity_0078,0,tabpfn,0.5001221299171448,1
entity_0732,entity_0464,0,tabpfn,0.5009765625,1
entity_0115,entity_0577,0,tabpfn,0.49755859375,0
entity_0979,entity_0897,0,tabpfn,0.50048828125,1
entity_0578,entity_0680,0,tabpfn,0.4990234375,0
entity_0591,entity_0482,0,tabpfn,0.5,1
entity_0278,entity_0768,1,tabpfn,0.5,1
entity_0740,entity_0952,1,tabpfn,0.50048828125,1
entity_0475,entity_0699,1,tabpfn,0.5,1
entity_0336,entity_0816,0,tabpfn,0.5,1
entity_0564,entity_0235,0,tabpfn,0.50048828125,1
entity_0877,entity_0253,0,tabpfn,0.5009765625,1
entity_0143,entity_0766,1,tabpfn,0.49853515625,0
entity_0448,entity_0248,1,tabpfn,0.5,1
entity_0631,entity_0356,1,tabpfn,0.5,1
entity_0958,entity_0532,1,tabpfn,0.50048828125,1
entity_0069,entity_0901,0,tabpfn,0.4990234375,0
entity_0019,entity_0913,1,tabpfn,0.4990234375,0
entity_0630,entity_0142,1,tabpfn,0.5,1
entity_0019,entity_0700,1,tabpfn,0.4989010989665985,0
entity_0795,entity_0375,1,tabpfn,0.5018306374549866,1
entity_0669,entity_0021,0,tabpfn,0.50048828125,1
entity_0915,entity_0270,0,tabpfn,0.5009765625,1
entity_0629,entity_0503,0,tabpfn,0.5001221299171448,1
entity_0621,entity_0340,0,tabpfn,0.50048828125,1
entity_0207,entity_0906,0,tabpfn,0.49853515625,0
entity_0981,entity_0765,0,tabpfn,0.5008543133735657,1
entity_0069,entity_0615,0,tabpfn,0.4979242980480194,0
entity_0311,entity_0249,1,tabpfn,0.49951171875,0
entity_0420,entity_0793,1,tabpfn,0.4998778998851776,0
entity_0192,entity_0165,1,tabpfn,0.498046875,0
entity_0387,entity_0246,0,tabpfn,0.4998778998851776,0
entity_0328,entity_0884,1,tabpfn,0.4990234375,0
entity_0912,entity_0627,1,tabpfn,0.50146484375,1
entity_0824,entity_0161,1,tabpfn,0.5008543133735657,1
entity_0960,entity_0226,0,tabpfn,0.5010989308357239,1
entity_0754,entity_0867,0,tabpfn,0.50048828125,1
entity_0775,entity_0181,0,tabpfn,0.5009765625,1
entity_0813,entity_0298,1,tabpfn,0.5008543133735657,1
entity_0987,entity_0258,1,tabpfn,0.501953125,1
entity_0571,entity_0065,0,tabpfn,0.50048828125,1
entity_0373,entity_0024,0,tabpfn,0.49853515625,0
entity_0847,entity_0119,1,tabpfn,0.5008543133735657,1
entity_0637,entity_0314,1,tabpfn,0.50048828125,1
entity_0335,entity_0552,0,tabpfn,0.4990234375,0
entity_0600,entity_0567,1,tabpfn,0.4991457164287567,0
entity_0112,entity_0953,1,tabpfn,0.498046875,0
entity_0175,entity_0856,1,tabpfn,0.49951171875,0
entity_0474,entity_0972,0,tabpfn,0.49951171875,0
entity_0103,entity_0872,1,tabpfn,0.4989010989665985,0
entity_0233,entity_0936,0,tabpfn,0.4990234375,0
entity_0497,entity_0443,0,tabpfn,0.49951171875,0
entity_0248,entity_0566,0,tabpfn,0.4989010989665985,0
entity_0678,entity_0766,0,tabpfn,0.5001221299171448,1
entity_0054,entity_0872,0,tabpfn,0.4990234375,0
entity_0909,entity_0671,0,tabpfn,0.49951171875,0
entity_0398,entity_0564,1,tabpfn,0.49951171875,0
entity_0685,entity_0485,0,tabpfn,0.5,1
entity_0173,entity_0715,1,tabpfn,0.4981693923473358,0
entity_0437,entity_0132,1,tabpfn,0.4991457164287567,0
entity_0701,entity_0952,0,tabpfn,0.4990234375,0
entity_0075,entity_0316,1,tabpfn,0.49951171875,0
entity_0541,entity_0197,1,tabpfn,0.5,1
entity_0030,entity_0333,1,tabpfn,0.49853515625,0
entity_0915,entity_0036,0,tabpfn,0.50048828125,1
entity_0040,entity_0394,1,tabpfn,0.4970703125,0
entity_0818,entity_0201,0,tabpfn,0.5001221299171448,1
entity_0335,entity_0654,1,tabpfn,0.4989010989665985,0
entity_0911,entity_0168,1,tabpfn,0.5009765625,1
entity_0641,entity_0725,0,tabpfn,0.4990234375,0
entity_0693,entity_0731,1,tabpfn,0.50048828125,1
entity_0170,entity_0973,0,tabpfn,0.498046875,0
entity_0230,entity_0702,1,tabpfn,0.49951171875,0
entity_0257,entity_0682,1,tabpfn,0.50048828125,1
entity_0228,entity_0390,1,tabpfn,0.4990234375,0
entity_0524,entity_0342,1,tabpfn,0.5009765625,1
entity_0814,entity_0988,0,tabpfn,0.50048828125,1
entity_0645,entity_0766,1,tabpfn,0.49951171875,0
entity_0018,entity_0393,1,tabpfn,0.4979242980480194,0
entity_0758,entity_0753,0,tabpfn,0.5001221299171448,1
entity_0629,entity_0328,0,tabpfn,0.50048828125,1
entity_0748,entity_0847,0,tabpfn,0.50048828125,1
entity_0872,entity_0869,0,tabpfn,0.5010989308357239,1
entity_0375,entity_0933,0,tabpfn,0.5009765625,1
entity_0640,entity_0115,0,tabpfn,0.5,1
entity_0659,entity_0531,0,tabpfn,0.50146484375,1
entity_0405,entity_0946,1,tabpfn,0.4998778998851776,0
entity_0357,entity_1000,0,tabpfn,0.5008543133735657,1
entity_0391,entity_0405,0,tabpfn,0.49951171875,0
entity_0916,entity_0118,1,tabpfn,0.5008543133735657,1
entity_0219,entity_0324,1,tabpfn,0.49951171875,0
entity_0087,entity_0820,1,tabpfn,0.4989010989665985,0
entity_0589,entity_0472,0,tabpfn,0.50146484375,1
entity_0402,entity_0762,1,tabpfn,0.4990234375,0
entity_0197,entity_0964,1,tabpfn,0.498046875,0
entity_0143,entity_0758,1,tabpfn,0.4990234375,0
entity_0015,entity_0804,0,tabpfn,0.4990234375,0
entity_0803,entity_0728,1,tabpfn,0.50048828125,1
entity_0762,entity_0421,1,tabpfn,0.50048828125,1
entity_0096,entity_0567,1,tabpfn,0.4990234375,0
entity_0873,entity_0818,1,tabpfn,0.5009765625,1
entity_0071,entity_0704,0,tabpfn,0.4989010989665985,0
entity_0358,entity_0068,1,tabpfn,0.49951171875,0
entity_0236,entity_0483,0,tabpfn,0.4990234375,0
entity_0981,entity_0899,0,tabpfn,0.50146484375,1
entity_0785,entity_0620,0,tabpfn,0.50048828125,1
entity_0826,entity_0589,0,tabpfn,0.50146484375,1
entity_0031,entity_0494,1,tabpfn,0.49853515625,0
entity_0395,entity_0740,1,tabpfn,0.49951171875,0
entity_0988,entity_0414,0,tabpfn,0.5009765625,1
entity_0924,entity_0352,0,tabpfn,0.5008543133735657,1
entity_0953,entity_0052,1,tabpfn,0.50048828125,1
entity_0472,entity_0943,0,tabpfn,0.4989010989665985,0
entity_0107,entity_0215,0,tabpfn,0.49853515625,0
entity_0676,entity_0682,1,tabpfn,0.49951171875,0
entity_0717,entity_0196,1,tabpfn,0.5,1
entity_0439,entity_0097,1,tabpfn,0.5008543133735657,1
entity_0619,entity_0654,0,tabpfn,0.5,1
entity_0891,entity_0803,0,tabpfn,0.5,1
entity_0300,entity_0097,0,tabpfn,0.5008543133735657,1
entity_0755,entity_0854,1,tabpfn,0.50048828125,1
entity_0815,entity_0872,0,tabpfn,0.5009765625,1
entity_0665,entity_0217,0,tabpfn,0.49951171875,0
entity_0208,entity_0330,0,tabpfn,0.49853515625,0
entity_0874,entity_0331,0,tabpfn,0.501953125,1
entity_0905,entity_0548,1,tabpfn,0.50146484375,1
entity_0968,entity_0995,1,tabpfn,0.5010989308357239,1
entity_0533,entity_0701,1,tabpfn,0.5008543133735657,1
entity_0689,entity_0580,1,tabpfn,0.5001221299171448,1
entity_0271,entity_0974,0,tabpfn,0.4981693923473358,0
entity_0536,entity_0989,0,tabpfn,0.4998778998851776,0
entity_0426,entity_0057,1,tabpfn,0.4989010989665985,0
entity_0383,entity_0349,0,tabpfn,0.5,1
entity_0950,entity_0419,1,tabpfn,0.5008543133735657,1
entity_0036,entity_0098,0,tabpfn,0.498046875,0
entity_0691,entity_0636,1,tabpfn,0.49853515625,0
entity_0326,entity_0365,1,tabpfn,0.4990234375,0
entity_0106,entity_0518,1,tabpfn,0.4970703125,0
entity_0887,entity_0949,1,tabpfn,0.5009765625,1
entity_0929,entity_0986,0,tabpfn,0.5009765625,1
entity_0009,entity_0570,1,tabpfn,0.49853515625,0
entity_0556,entity_0606,1,tabpfn,0.50146484375,1
entity_0288,entity_0973,0,tabpfn,0.50048828125,1
entity_0721,entity_0130,0,tabpfn,0.50146484375,1
entity_0335,entity_0176,1,tabpfn,0.5,1
entity_0808,entity_0399,1,tabpfn,0.5,1
entity_0974,entity_0477,0,tabpfn,0.50048828125,1
entity_0377,entity_0235,1,tabpfn,0.49951171875,0
entity_0897,entity_0977,0,tabpfn,0.5009765625,1
entity_0582,entity_0286,0,tabpfn,0.50048828125,1
entity_0126,entity_0649,1,tabpfn,0.4979242980480194,0
entity_0387,entity_0443,0,tabpfn,0.49951171875,0
entity_0867,entity_0803,0,tabpfn,0.501953125,1
entity_0277,entity_0191,0,tabpfn,0.49853515625,0
entity_0693,entity_0161,1,tabpfn,0.50048828125,1
entity_0069,entity_0435,1,tabpfn,0.4990234375,0
entity_0926,entity_0996,0,tabpfn,0.5009765625,1
entity_0011,entity_0861,1,tabpfn,0.49853515625,0
entity_0118,entity_0430,0,tabpfn,0.49853515625,0
entity_0563,entity_0203,0,tabpfn,0.5009765625,1
entity_0472,entity_0880,1,tabpfn,0.4991457164287567,0
entity_0139,entity_0883,1,tabpfn,0.49853515625,0
entity_0811,entity_0789,0,tabpfn,0.5010989308357239,1
entity_0759,entity_0031,1,tabpfn,0.5009765625,1
entity_0867,entity_0499,0,tabpfn,0.50146484375,1
entity_0821,entity_0482,0,tabpfn,0.5008543133735657,1
entity_0282,entity_0512,1,tabpfn,0.4991457164287567,0
entity_0407,entity_0798,1,tabpfn,0.49951171875,0
entity_0012,entity_0854,0,tabpfn,0.49853515625,0
entity_0401,entity_0257,1,tabpfn,0.4998778998851776,0
entity_0220,entity_0280,1,tabpfn,0.49755859375,0
entity_0112,entity_0939,0,tabpfn,0.49951171875,0
entity_0934,entity_0415,1,tabpfn,0.50048828125,1
entity_0589,entity_0893,1,tabpfn,0.4991457164287567,0
entity_0946,entity_0016,0,tabpfn,0.5,1
entity_0895,entity_0559,1,tabpfn,0.50048828125,1
entity_0324,entity_0231,1,tabpfn,0.4998778998851776,0
entity_0073,entity_0861,1,tabpfn,0.49853515625,0
entity_0407,entity_0587,0,tabpfn,0.4998778998851776,0
entity_0062,entity_0591,0,tabpfn,0.49755859375,0
entity_0335,entity_0072,0,tabpfn,0.4998778998851776,0
entity_0079,entity_0462,0,tabpfn,0.49853515625,0
entity_0707,entity_0795,1,tabpfn,0.5010989308357239,1
entity_0310,entity_0700,1,tabpfn,0.5,1
entity_0912,entity_0239,0,tabpfn,0.5008543133735657,1
entity_0326,entity_0984,1,tabpfn,0.50048828125,1
entity_0826,entity_0025,0,tabpfn,0.50048828125,1
entity_0924,entity_0893,1,tabpfn,0.5010989308357239,1
entity_0613,entity_0819,1,tabpfn,0.5001221299171448,1
entity_0675,entity_0294,0,tabpfn,0.5018306374549866,1
entity_0791,entity_0267,0,tabpfn,0.50048828125,1
entity_0323,entity_0880,0,tabpfn,0.5009765625,1
entity_0647,entity_0667,0,tabpfn,0.5008543133735657,1
entity_0337,entity_0377,0,tabpfn,0.5001221299171448,1
entity_0701,entity_0430,1,tabpfn,0.5,1
entity_0042,entity_0084,1,tabpfn,0.498046875,0
entity_0199,entity_0785,1,tabpfn,0.4998778998851776,0
entity_0607,entity_0643,1,tabpfn,0.4990234375,0
entity_0382,entity_0976,1,tabpfn,0.49951171875,0
entity_0826,entity_0424,1,tabpfn,0.5,1
entity_0672,entity_0082,0,tabpfn,0.5,1
entity_0016,entity_0695,0,tabpfn,0.49853515625,0
entity_0501,entity_0855,1,tabpfn,0.49951171875,0
entity_0371,entity_0011,1,tabpfn,0.4990234375,0
entity_0927,entity_0671,0,tabpfn,0.50146484375,1
entity_0435,entity_0648,1,tabpfn,0.49951171875,0
entity_0241,entity_0840,0,tabpfn,0.49951171875,0
entity_0457,entity_0668,0,tabpfn,0.49951171875,0
entity_0329,entity_0567,1,tabpfn,0.4990234375,0
entity_0814,entity_0028,1,tabpfn,0.49951171875,0
entity_0647,entity_0462,0,tabpfn,0.50048828125,1
entity_0768,entity_0851,0,tabpfn,0.5,1
entity_0800,entity_0335,1,tabpfn,0.5,1
entity_0494,entity_0932,0,tabpfn,0.49853515625,0
entity_0391,entity_0721,1,tabpfn,0.4990234375,0
entity_0456,entity_0788,0,tabpfn,0.49853515625,0
entity_0228,entity_0152,0,tabpfn,0.4990234375,0
entity_0600,entity_0217,0,tabpfn,0.4991457164287567,0
entity_0951,entity_0293,1,tabpfn,0.50048828125,1
entity_0476,entity_0155,0,tabpfn,0.5,1
entity_0733,entity_0211,0,tabpfn,0.50048828125,1
entity_0799,entity_0527,1,tabpfn,0.5009765625,1
entity_0924,entity_0102,0,tabpfn,0.50048828125,1
entity_0338,entity_0919,1,tabpfn,0.49853515625,0
entity_0652,entity_0971,0,tabpfn,0.4998778998851776,0
entity_0856,entity_0054,0,tabpfn,0.5,1
entity_0977,entity_0359,0,tabpfn,0.5010989308357239,1
entity_0766,entity_0669,0,tabpfn,0.50048828125,1
entity_0261,entity_0934,1,tabpfn,0.4998778998851776,0
entity_0897,entity_0494,0,tabpfn,0.501953125,1
entity_0363,entity_0287,0,tabpfn,0.5001221299171448,1
entity_0323,entity_0909,0,tabpfn,0.49853515625,0
entity_0724,entity_0253,1,tabpfn,0.5,1
entity_0901,entity_0442,1,tabpfn,0.50146484375,1
entity_0086,entity_0394,0,tabpfn,0.4970703125,0
entity_0075,entity_0611,1,tabpfn,0.4981693923473358,0
entity_0720,entity_0008,1,tabpfn,0.5010989308357239,1
entity_0519,entity_0733,0,tabpfn,0.4990234375,0
entity_0279,entity_0439,0,tabpfn,0.49951171875,0
entity_0340,entity_0849,0,tabpfn,0.49951171875,0
entity_0908,entity_0207,1,tabpfn,0.5009765625,1
entity_0593,entity_0035,0,tabpfn,0.49853515625,0
entity_0456,entity_0383,0,tabpfn,0.49951171875,0
entity_0647,entity_0898,0,tabpfn,0.4990234375,0
entity_0353,entity_0712,1,tabpfn,0.4998778998851776,0
entity_0790,entity_0355,0,tabpfn,0.50048828125,1
entity_0537,entity_0595,0,tabpfn,0.5008543133735657,1
entity_0589,entity_0946,0,tabpfn,0.4990234375,0
entity_0070,entity_0340,1,tabpfn,0.4970703125,0
entity_0656,entity_0142,1,tabpfn,0.4998778998851776,0
entity_0913,entity_0833,0,tabpfn,0.50244140625,1
entity_0534,entity_0731,1,tabpfn,0.4998778998851776,0
entity_0972,entity_0657,0,tabpfn,0.5018306374549866,1
entity_0743,entity_0528,1,tabpfn,0.5009765625,1
entity_0208,entity_0658,1,tabpfn,0.4981693923473358,0
entity_0567,entity_0925,1,tabpfn,0.4990234375,0
entity_0155,entity_0184,1,tabpfn,0.49853515625,0
entity_0358,entity_0544,1,tabpfn,0.49951171875,0
entity_0263,entity_0162,1,tabpfn,0.4990234375,0
entity_0157,entity_0819,1,tabpfn,0.4990234375,0
entity_0950,entity_0055,1,tabpfn,0.49951171875,0
entity_0170,entity_0709,1,tabpfn,0.4990234375,0
entity_0373,entity_0050,0,tabpfn,0.49951171875,0
entity_0211,entity_0418,1,tabpfn,0.498046875,0
entity_0913,entity_0736,1,tabpfn,0.50048828125,1
entity_0607,entity_0738,0,tabpfn,0.4990234375,0
entity_0968,entity_0527,1,tabpfn,0.50048828125,1
entity_0843,entity_0573,1,tabpfn,0.5001221299171448,1
entity_0279,entity_0107,0,tabpfn,0.4990234375,0
entity_0642,entity_0802,0,tabpfn,0.4989010989665985,0
entity_0443,entity_0511,0,tabpfn,0.49853515625,0
entity_0574,entity_0967,0,tabpfn,0.4990234375,0
entity_0519,entity_0059,0,tabpfn,0.4990234375,0
entity_0576,entity_0791,1,tabpfn,0.5009765625,1
entity_0451,entity_0390,0,tabpfn,0.50048828125,1
entity_0590,entity_0026,1,tabpfn,0.5001221299171448,1
entity_0261,entity_0541,0,tabpfn,0.4990234375,0
entity_0802,entity_0625,0,tabpfn,0.5009765625,1
entity_0377,entity_0269,1,tabpfn,0.49951171875,0
entity_0180,entity_0726,1,tabpfn,0.49951171875,0
entity_0172,entity_0212,0,tabpfn,0.49853515625,0
entity_0402,entity_0370,0,tabpfn,0.4998778998851776,0
entity_0291,entity_0445,1,tabpfn,0.49853515625,0
entity_0097,entity_0051,1,tabpfn,0.4981693923473358,0
entity_0598,entity_0081,1,tabpfn,0.4990234375,0
entity_0997,entity_0427,0,tabpfn,0.49951171875,0
entity_0093,entity_0487,0,tabpfn,0.4979242980480194,0
entity_0021,entity_0491,0,tabpfn,0.49853515625,0
entity_0094,entity_0655,1,tabpfn,0.498046875,0
entity_0947,entity_0405,1,tabpfn,0.5009765625,1
entity_0875,entity_0556,1,tabpfn,0.50146484375,1
entity_0395,entity_0590,1,tabpfn,0.49951171875,0
entity_0387,entity_0714,0,tabpfn,0.49951171875,0
entity_0449,entity_0522,0,tabpfn,0.49853515625,0
entity_0779,entity_0840,1,tabpfn,0.5001221299171448,1
entity_0664,entity_0520,0,tabpfn,0.5,1
entity_0129,entity_0053,0,tabpfn,0.4981693923473358,0
entity_0725,entity_0183,0,tabpfn,0.5010989308357239,1
entity_0051,entity_0466,1,tabpfn,0.4979242980480194,0
entity_0294,entity_0352,0,tabpfn,0.49951171875,0
entity_0770,entity_0210,0,tabpfn,0.50048828125,1
entity_0560,entity_0607,0,tabpfn,0.49853515625,0
entity_0946,entity_0947,1,tabpfn,0.50146484375,1
entity_0361,entity_0661,0,tabpfn,0.4990234375,0
entity_0356,entity_0019,0,tabpfn,0.49853515625,0
entity_0459,entity_0880,0,tabpfn,0.5,1
entity_0761,entity_0287,1,tabpfn,0.5009765625,1
entity_0448,entity_0620,1,tabpfn,0.5,1
entity_0044,entity_0303,0,tabpfn,0.4981693923473358,0
entity_0736,entity_0863,0,tabpfn,0.5008543133735657,1
entity_0323,entity_0789,0,tabpfn,0.4990234375,0
entity_0802,entity_0308,0,tabpfn,0.5010989308357239,1
entity_0521,entity_0113,0,tabpfn,0.4990234375,0
entity_0145,entity_0479,1,tabpfn,0.498046875,0
entity_0450,entity_0920,0,tabpfn,0.4998778998851776,0
entity_0426,entity_0529,1,tabpfn,0.50048828125,1
entity_0500,entity_0584,1,tabpfn,0.49951171875,0
entity_0613,entity_0595,0,tabpfn,0.50048828125,1
entity_0082,entity_0015,0,tabpfn,0.4990234375,0
entity_0560,entity_0826,1,tabpfn,0.5001221299171448,1
entity_0938,entity_0606,1,tabpfn,0.50048828125,1
entity_0129,entity_0070,0,tabpfn,0.4990234375,0
entity_0643,entity_0993,1,tabpfn,0.49951171875,0
entity_0398,entity_0482,1,tabpfn,0.5,1
entity_0343,entity_0262,1,tabpfn,0.50048828125,1
entity_0269,entity_0045,1,tabpfn,0.4990234375,0
entity_0623,entity_0334,1,tabpfn,0.49853515625,0
entity_0392,entity_0179,1,tabpfn,0.4991457164287567,0
entity_0873,entity_0532,1,tabpfn,0.50146484375,1
entity_0175,entity_0334,1,tabpfn,0.49951171875,0
entity_0666,entity_0200,1,tabpfn,0.50048828125,1
entity_0574,entity_0165,1,tabpfn,0.49951171875,0
entity_0157,entity_0230,0,tabpfn,0.4990234375,0
entity_0355,entity_0840,0,tabpfn,0.49853515625,0
entity_0720,entity_0713,1,tabpfn,0.50048828125,1
entity_0608,entity_0166,1,tabpfn,0.4981693923473358,0
entity_0866,entity_0459,1,tabpfn,0.50048828125,1
entity_0819,entity_0009,0,tabpfn,0.4990234375,0
entity_0001,entity_0674,0,tabpfn,0.49951171875,0
entity_0342,entity_0404,1,tabpfn,0.4998778998851776,0
entity_0609,entity_0925,0,tabpfn,0.4990234375,0
entity_0974,entity_0688,1,tabpfn,0.5010989308357239,1
entity_0477,entity_0660,1,tabpfn,0.4989010989665985,0
entity_0938,entity_0836,0,tabpfn,0.50048828125,1
entity_0343,entity_0101,0,tabpfn,0.5,1
entity_0098,entity_0471,1,tabpfn,0.498046875,0
entity_0888,entity_0314,1,tabpfn,0.5010989308357239,1
entity_0288,entity_0560,1,tabpfn,0.4990234375,0
entity_0938,entity_0569,1,tabpfn,0.5009765625,1
entity_0058,entity_0386,0,tabpfn,0.498046875,0
entity_0826,entity_1000,1,tabpfn,0.5010989308357239,1
entity_0589,entity_0025,0,tabpfn,0.4991457164287567,0
entity_0308,entity_0831,1,tabpfn,0.49853515625,0
entity_0004,entity_0565,0,tabpfn,0.49853515625,0
entity_0259,entity_0462,0,tabpfn,0.4989010989665985,0
entity_0697,entity_0668,0,tabpfn,0.4991457164287567,0
entity_0682,entity_0396,0,tabpfn,0.4990234375,0
entity_0784,entity_0555,1,tabpfn,0.5008543133735657,1
entity_0730,entity_0328,0,tabpfn,0.5,1
entity_0486,entity_0278,1,tabpfn,0.5008543133735657,1
entity_0290,entity_0739,0,tabpfn,0.4990234375,0
entity_0837,entity_0954,0,tabpfn,0.5008543133735657,1
entity_0276,entity_0869,1,tabpfn,0.49853515625,0
entity_0342,entity_0019,0,tabpfn,0.4990234375,0
entity_0618,entity_0832,1,tabpfn,0.5009765625,1
entity_0793,entity_0996,0,tabpfn,0.5008543133735657,1
entity_0476,entity_0841,0,tabpfn,0.49951171875,0
entity_0845,entity_0223,1,tabpfn,0.5009765625,1
entity_0649,entity_0774,0,tabpfn,0.49951171875,0
entity_0695,entity_0971,1,tabpfn,0.4990234375,0
entity_0223,entity_0193,0,tabpfn,0.4989010989665985,0
entity_0010,entity_0502,1,tabpfn,0.498046875,0
entity_0118,entity_0164,0,tabpfn,0.4971930682659149,0
entity_0028,entity_0571,1,tabpfn,0.498046875,0
entity_0403,entity_0659,1,tabpfn,0.49951171875,0
entity_0092,entity_0280,0,tabpfn,0.498046875,0
entity_0153,entity_0885,1,tabpfn,0.4981693923473358,0
entity_0412,entity_0280,0,tabpfn,0.50048828125,1
entity_0665,entity_0748,0,tabpfn,0.4990234375,0
entity_0996,entity_0116,0,tabpfn,0.5001221299171448,1
entity_0043,entity_0700,0,tabpfn,0.49853515625,0
entity_0303,entity_0974,1,tabpfn,0.49951171875,0
entity_0425,entity_0438,1,tabpfn,0.4991457164287567,0
entity_0539,entity_0314,0,tabpfn,0.50146484375,1
entity_0912,entity_0593,1,tabpfn,0.50048828125,1
entity_0186,entity_0331,1,tabpfn,0.5,1
entity_0563,entity_0162,1,tabpfn,0.5009765625,1
entity_0707,entity_0375,1,tabpfn,0.5001221299171448,1
entity_0499,entity_0936,0,tabpfn,0.49853515625,0
entity_0354,entity_0241,1,tabpfn,0.4991457164287567,0
entity_0465,entity_0533,0,tabpfn,0.49951171875,0
entity_0602,entity_0397,0,tabpfn,0.5010989308357239,1
entity_0258,entity_0658,0,tabpfn,0.49951171875,0
entity_0535,entity_0730,1,tabpfn,0.4991457164287567,0
entity_0689,entity_0070,1,tabpfn,0.5,1
entity_0954,entity_0552,1,tabpfn,0.5010989308357239,1
entity_0845,entity_0516,0,tabpfn,0.5009765625,1
entity_0591,entity_0905,1,tabpfn,0.5,1
entity_0770,entity_0489,1,tabpfn,0.5,1
entity_0174,entity_0885,1,tabpfn,0.49853515625,0
entity_0072,entity_0068,0,tabpfn,0.49951171875,0
entity_0892,entity_0394,1,tabpfn,0.50048828125,1
entity_0467,entity_0410,0,tabpfn,0.4990234375,0
entity_0032,entity_0462,1,tabpfn,0.4979242980480194,0
entity_0517,entity_0697,1,tabpfn,0.49951171875,0
entity_0508,entity_0519,0,tabpfn,0.49853515625,0
entity_0611,entity_0256,0,tabpfn,0.50048828125,1
entity_0571,entity_0009,0,tabpfn,0.5001221299171448,1
entity_0943,entity_0565,0,tabpfn,0.50048828125,1
entity_0865,entity_0460,0,tabpfn,0.5009765625,1
entity_0242,entity_0821,1,tabpfn,0.49951171875,0
entity_0595,entity_0566,1,tabpfn,0.4998778998851776,0
entity_0552,entity_0559,0,tabpfn,0.5018306374549866,1
entity_0070,entity_0439,0,tabpfn,0.4970703125,0
entity_0837,entity_0178,0,tabpfn,0.5009765625,1
entity_0763,entity_0651,1,tabpfn,0.50048828125,1
entity_0915,entity_0340,1,tabpfn,0.50146484375,1
entity_0388,entity_0347,0,tabpfn,0.5009765625,1
entity_0377,entity_0016,0,tabpfn,0.4989010989665985,0
entity_0913,entity_0685,1,tabpfn,0.5,1
entity_0846,entity_0212,0,tabpfn,0.5009765625,1
entity_0537,entity_0640,0,tabpfn,0.5,1
entity_0757,entity_0878,1,tabpfn,0.5001221299171448,1
entity_0125,entity_0709,1,tabpfn,0.49951171875,0
entity_0879,entity_0963,0,tabpfn,0.5010989308357239,1
entity_0590,entity_0740,1,tabpfn,0.49853515625,0
entity_0550,entity_0724,0,tabpfn,0.5,1
entity_0987,entity_0314,0,tabpfn,0.50048828125,1
entity_0921,entity_0206,1,tabpfn,0.50146484375,1
entity_0527,entity_0512,1,tabpfn,0.5001221299171448,1
entity_0309,entity_0586,1,tabpfn,0.4991457164287567,0
entity_0463,entity_0598,0,tabpfn,0.5,1
entity_0301,entity_0755,0,tabpfn,0.4990234375,0
entity_0824,entity_0350,0,tabpfn,0.5018306374549866,1
entity_0784,entity_0755,1,tabpfn,0.5009765625,1
entity_0123,entity_0966,0,tabpfn,0.4991457164287567,0
entity_0733,entity_0661,1,tabpfn,0.4990234375,0
entity_0391,entity_0545,0,tabpfn,0.49951171875,0
entity_0639,entity_0862,0,tabpfn,0.50048828125,1
entity_0119,entity_0361,0,tabpfn,0.4990234375,0
entity_0425,entity_0384,0,tabpfn,0.4998778998851776,0
entity_0755,entity_0585,0,tabpfn,0.49951171875,0
entity_0013,entity_0774,1,tabpfn,0.49853515625,0
entity_0236,entity_0743,1,tabpfn,0.5,1
entity_0595,entity_0982,0,tabpfn,0.4998778998851776,0
entity_0951,entity_0328,1,tabpfn,0.501953125,1
entity_0150,entity_0292,1,tabpfn,0.49951171875,0
entity_0391,entity_0481,0,tabpfn,0.5001221299171448,1
entity_0492,entity_0940,1,tabpfn,0.49951171875,0
entity_0407,entity_0871,0,tabpfn,0.50048828125,1
entity_0205,entity_0248,0,tabpfn,0.49951171875,0
entity_0632,entity_0037,1,tabpfn,0.49951171875,0
entity_0811,entity_0910,1,tabpfn,0.49951171875,0
entity_0820,entity_0015,1,tabpfn,0.4998778998851776,0
entity_0066,entity_0415,1,tabpfn,0.4979242980480194,0
entity_0085,entity_0122,0,tabpfn,0.4990234375,0
entity_0160,entity_0066,0,tabpfn,0.498046875,0
entity_0579,entity_0895,0,tabpfn,0.5,1
entity_0941,entity_0093,0,tabpfn,0.5009765625,1
entity_0522,entity_0971,1,tabpfn,0.49951171875,0
entity_0734,entity_0274,0,tabpfn,0.5009765625,1
entity_0776,entity_0595,0,tabpfn,0.5,1
entity_0961,entity_0174,0,tabpfn,0.501953125,1
entity_0515,entity_0505,1,tabpfn,0.5,1
entity_0123,entity_0823,1,tabpfn,0.49951171875,0
entity_0592,entity_0561,0,tabpfn,0.50048828125,1
entity_0420,entity_0111,0,tabpfn,0.4991457164287567,0
entity_0609,entity_0184,0,tabpfn,0.5,1
entity_0176,entity_0461,1,tabpfn,0.4981693923473358,0
entity_0698,entity_0303,0,tabpfn,0.50048828125,1
entity_0574,entity_0124,1,tabpfn,0.49951171875,0
entity_0991,entity_0647,1,tabpfn,0.50146484375,1
entity_0259,entity_0348,1,tabpfn,0.4989010989665985,0
entity_0573,entity_0223,1,tabpfn,0.50146484375,1
entity_0229,entity_0481,1,tabpfn,0.49853515625,0
entity_0954,entity_0933,0,tabpfn,0.5009765625,1
entity_0156,entity_0928,1,tabpfn,0.49853515625,0
entity_0084,entity_0755,1,tabpfn,0.4991457164287567,0
entity_0814,entity_0863,1,tabpfn,0.5009765625,1
entity_0773,entity_0487,1,tabpfn,0.50048828125,1
entity_0896,entity_0622,0,tabpfn,0.50146484375,1
entity_0739,entity_0358,1,tabpfn,0.5009765625,1
entity_0542,entity_0860,1,tabpfn,0.5,1
entity_0511,entity_0763,0,tabpfn,0.5,1
entity_0391,entity_0244,0,tabpfn,0.5,1
entity_0009,entity_0975,0,tabpfn,0.49853515625,0
entity_0526,entity_0910,0,tabpfn,0.4989010989665985,0
entity_0062,entity_0681,1,tabpfn,0.49951171875,0
entity_0834,entity_0746,1,tabpfn,0.50146484375,1
entity_0976,entity_0902,1,tabpfn,0.50146484375,1
entity_0578,entity_0752,0,tabpfn,0.5,1
entity_0581,entity_0979,1,tabpfn,0.4990234375,0
entity_0063,entity_0186,0,tabpfn,0.4990234375,0
entity_0307,entity_0417,1,tabpfn,0.4998778998851776,0
entity_0760,entity_0601,0,tabpfn,0.4990234375,0
entity_0475,entity_0613,0,tabpfn,0.5,1
entity_0675,entity_0724,1,tabpfn,0.49853515625,0
entity_0197,entity_0249,0,tabpfn,0.5,1
entity_0546,entity_0960,1,tabpfn,0.49951171875,0
entity_0397,entity_0644,0,tabpfn,0.5,1
entity_0112,entity_0129,1,tabpfn,0.4970703125,0
entity_0960,entity_0367,0,tabpfn,0.5009765625,1
entity_0985,entity_0286,0,tabpfn,0.50146484375,1
entity_0215,entity_0767,0,tabpfn,0.4989010989665985,0
entity_0176,entity_0911,0,tabpfn,0.4989010989665985,0
entity_0180,entity_0771,0,tabpfn,0.49951171875,0
entity_0031,entity_0441,0,tabpfn,0.49853515625,0
entity_0037,entity_0040,1,tabpfn,0.4970703125,0
entity_0214,entity_0483,1,tabpfn,0.49853515625,0
entity_0674,entity_0150,1,tabpfn,0.5009765625,1
entity_0725,entity_0587,1,tabpfn,0.50048828125,1
entity_0507,entity_0731,1,tabpfn,0.49853515625,0
entity_0524,entity_0024,1,tabpfn,0.49951171875,0
entity_0074,entity_0341,0,tabpfn,0.49755859375,0
entity_0220,entity_0243,0,tabpfn,0.498046875,0
entity_0440,entity_0024,0,tabpfn,0.50048828125,1
entity_0641,entity_0359,0,tabpfn,0.49951171875,0
entity_0033,entity_0470,1,tabpfn,0.49658203125,0
entity_0681,entity_0695,0,tabpfn,0.5,1
entity_0503,entity_0672,0,tabpfn,0.4990234375,0
entity_0061,entity_0965,1,tabpfn,0.4990234375,0
entity_0999,entity_0101,1,tabpfn,0.5009765625,1
entity_0779,entity_0345,1,tabpfn,0.5009765625,1
entity_0876,entity_0716,0,tabpfn,0.5,1
entity_0795,entity_0954,0,tabpfn,0.5,1
entity_0747,entity_0101,0,tabpfn,0.5,1
entity_0183,entity_0937,0,tabpfn,0.4991457164287567,0
entity_0764,entity_0937,1,tabpfn,0.5,1
entity_0424,entity_0945,1,tabpfn,0.50048828125,1
entity_0821,entity_0115,0,tabpfn,0.5,1
entity_0223,entity_0843,1,tabpfn,0.4990234375,0
entity_0398,entity_0807,1,tabpfn,0.5,1
entity_0180,entity_0390,0,tabpfn,0.49951171875,0
entity_0687,entity_0076,0,tabpfn,0.50048828125,1
entity_0029,entity_0322,1,tabpfn,0.4981693923473358,0
entity_0258,entity_0556,0,tabpfn,0.49853515625,0
entity_0610,entity_0007,1,tabpfn,0.4991457164287567,0
entity_0338,entity_0583,0,tabpfn,0.49853515625,0
entity_0795,entity_0671,1,tabpfn,0.5008543133735657,1
entity_0481,entity_0914,1,tabpfn,0.4990234375,0
entity_0563,entity_0058,1,tabpfn,0.4990234375,0
entity_0808,entity_0464,0,tabpfn,0.50048828125,1
entity_0520,entity_0454,1,tabpfn,0.49951171875,0
entity_0368,entity_0574,0,tabpfn,0.49951171875,0
entity_0891,entity_0446,1,tabpfn,0.50146484375,1
entity_0170,entity_0125,1,tabpfn,0.4989010989665985,0
entity_0752,entity_0874,1,tabpfn,0.5001221299171448,1
entity_0377,entity_0877,0,tabpfn,0.4990234375,0
entity_0396,entity_0637,0,tabpfn,0.4990234375,0
entity_0505,entity_0281,0,tabpfn,0.50146484375,1
entity_0992,entity_0320,1,tabpfn,0.501953125,1
entity_0373,entity_0323,1,tabpfn,0.49951171875,0
entity_0768,entity_0486,1,tabpfn,0.5,1
entity_0285,entity_0943,1,tabpfn,0.49853515625,0
entity_0557,entity_0329,0,tabpfn,0.50048828125,1
entity_0975,entity_0629,0,tabpfn,0.50048828125,1
entity_0904,entity_0627,1,tabpfn,0.50146484375,1
entity_0702,entity_0422,1,tabpfn,0.5,1
entity_0039,entity_0562,0,tabpfn,0.49853515625,0
entity_0978,entity_0867,1,tabpfn,0.501953125,1
entity_0551,entity_0071,1,tabpfn,0.4998778998851776,0
entity_0527,entity_0828,1,tabpfn,0.5,1
entity_0901,entity_0243,0,tabpfn,0.50048828125,1
entity_0259,entity_0102,0,tabpfn,0.50048828125,1
entity_0554,entity_0261,1,tabpfn,0.5009765625,1
entity_0019,entity_0321,0,tabpfn,0.4989010989665985,0
entity_0110,entity_0175,1,tabpfn,0.4979242980480194,0
entity_0169,entity_0968,0,tabpfn,0.4981693923473358,0
entity_0458,entity_0157,1,tabpfn,0.49951171875,0
entity_0577,entity_0990,1,tabpfn,0.4991457164287567,0
entity_0686,entity_0397,1,tabpfn,0.50048828125,1
entity_0869,entity_0303,0,tabpfn,0.5009765625,1
entity_0592,entity_0539,0,tabpfn,0.49951171875,0
entity_0212,entity_0676,1,tabpfn,0.49951171875,0
entity_0423,entity_0570,0,tabpfn,0.49951171875,0
entity_0593,entity_0627,1,tabpfn,0.49951171875,0
entity_0474,entity_0590,1,tabpfn,0.4998778998851776,0
entity_0432,entity_0729,0,tabpfn,0.50048828125,1
entity_0456,entity_0853,0,tabpfn,0.50048828125,1
entity_0281,entity_0408,1,tabpfn,0.49853515625,0
entity_0468,entity_0446,0,tabpfn,0.49951171875,0
entity_0333,entity_0272,1,tabpfn,0.5008543133735657,1
entity_0883,entity_0581,0,tabpfn,0.5,1
entity_0029,entity_0696,0,tabpfn,0.4989010989665985,0
entity_0754,entity_0249,0,tabpfn,0.5009765625,1
entity_0805,entity_0339,1,tabpfn,0.5009765625,1
entity_0175,entity_0147,1,tabpfn,0.4990234375,0
entity_0737,entity_0776,1,tabpfn,0.50146484375,1
entity_0997,entity_0989,0,tabpfn,0.50244140625,1
entity_0796,entity_0012,1,tabpfn,0.5001221299171448,1
entity_0881,entity_0856,0,tabpfn,0.5008543133735657,1
entity_0163,entity_0952,0,tabpfn,0.49951171875,0
entity_0399,entity_0975,0,tabpfn,0.49951171875,0
entity_0405,entity_0483,1,tabpfn,0.50048828125,1
entity_0109,entity_0111,0,tabpfn,0.498046875,0
entity_0821,entity_0506,0,tabpfn,0.50146484375,1
entity_0660,entity_0203,1,tabpfn,0.5001221299171448,1
entity_0723,entity_0607,0,tabpfn,0.5008543133735657,1
entity_0852,entity_0961,0,tabpfn,0.5008543133735657,1
entity_0718,entity_0549,1,tabpfn,0.5,1
entity_0848,entity_0143,1,tabpfn,0.5009765625,1
entity_0335,entity_0980,1,tabpfn,0.5,1
entity_0703,entity_0523,0,tabpfn,0.4990234375,0
entity_0441,entity_0346,0,tabpfn,0.5,1
entity_0408,entity_0366,0,tabpfn,0.50048828125,1
entity_0776,entity_0478,1,tabpfn,0.50146484375,1
entity_0671,entity_0349,0,tabpfn,0.5,1
entity_0911,entity_0276,1,tabpfn,0.5009765625,1
entity_0786,entity_0296,1,tabpfn,0.5009765625,1
entity_0777,entity_0943,1,tabpfn,0.5,1
entity_0997,entity_0452,0,tabpfn,0.501953125,1
entity_0903,entity_0284,1,tabpfn,0.5,1
entity_0664,entity_0687,1,tabpfn,0.49951171875,0
entity_0142,entity_0263,0,tabpfn,0.498046875,0
entity_0090,entity_0916,0,tabpfn,0.4990234375,0
entity_0272,entity_0794,1,tabpfn,0.4989010989665985,0
entity_0710,entity_0665,0,tabpfn,0.4990234375,0
entity_0665,entity_0534,0,tabpfn,0.49951171875,0
entity_0691,entity_0352,0,tabpfn,0.5009765625,1
entity_0781,entity_0663,0,tabpfn,0.5,1
entity_0241,entity_0386,0,tabpfn,0.4989010989665985,0
entity_0463,entity_0649,0,tabpfn,0.4998778998851776,0
entity_0740,entity_0663,0,tabpfn,0.50048828125,1
entity_0819,entity_0356,0,tabpfn,0.50146484375,1
entity_0131,entity_0856,0,tabpfn,0.4990234375,0
entity_0815,entity_0242,0,tabpfn,0.50048828125,1
entity_0659,entity_0918,0,tabpfn,0.49951171875,0
entity_0281,entity_0335,0,tabpfn,0.50048828125,1
entity_0981,entity_0329,0,tabpfn,0.50146484375,1
entity_0721,entity_0507,1,tabpfn,0.5,1
entity_0359,entity_0222,1,tabpfn,0.49951171875,0
entity_0549,entity_0091,0,tabpfn,0.4990234375,0
entity_0702,entity_0594,0,tabpfn,0.49951171875,0
entity_0245,entity_0225,0,tabpfn,0.498046875,0
entity_0056,entity_0942,0,tabpfn,0.4990234375,0
entity_0901,entity_0164,0,tabpfn,0.50048828125,1
entity_0038,entity_0629,1,tabpfn,0.49755859375,0
entity_0364,entity_0624,0,tabpfn,0.49951171875,0
entity_0684,entity_0978,0,tabpfn,0.4991457164287567,0
entity_0162,entity_0914,0,tabpfn,0.49951171875,0
entity_0087,entity_0198,0,tabpfn,0.4989010989665985,0
entity_0412,entity_0654,1,tabpfn,0.49951171875,0
entity_0077,entity_0470,1,tabpfn,0.496216744184494,0
entity_0335,entity_0695,0,tabpfn,0.49951171875,0
entity_0063,entity_0862,0,tabpfn,0.4981693923473358,0
entity_0146,entity_0354,0,tabpfn,0.498046875,0
entity_0534,entity_0139,0,tabpfn,0.4991457164287567,0
entity_0287,entity_0304,1,tabpfn,0.5,1
entity_0653,entity_0827,0,tabpfn,0.50048828125,1
entity_0931,entity_0893,1,tabpfn,0.5008543133735657,1
entity_0572,entity_0561,1,tabpfn,0.49951171875,0
entity_0484,entity_0305,1,tabpfn,0.49951171875,0
entity_0205,entity_0368,0,tabpfn,0.49951171875,0
entity_0499,entity_0804,1,tabpfn,0.4991457164287567,0
entity_0793,entity_0400,1,tabpfn,0.5009765625,1
entity_0272,entity_0120,1,tabpfn,0.49951171875,0
entity_0615,entity_0264,1,tabpfn,0.5009765625,1
entity_0342,entity_0044,1,tabpfn,0.49853515625,0
entity_0838,entity_0486,0,tabpfn,0.5010989308357239,1
entity_0279,entity_0584,0,tabpfn,0.498046875,0
entity_0457,entity_0536,0,tabpfn,0.5,1
entity_0497,entity_0468,1,tabpfn,0.50048828125,1
entity_0585,entity_0184,0,tabpfn,0.5008543133735657,1
entity_0129,entity_0953,1,tabpfn,0.498046875,0
entity_0121,entity_0976,1,tabpfn,0.4991457164287567,0
entity_0720,entity_0613,0,tabpfn,0.49951171875,0
entity_0396,entity_0279,1,tabpfn,0.5009765625,1
entity_0815,entity_0763,1,tabpfn,0.4998778998851776,0
entity_0214,entity_0581,1,tabpfn,0.49853515625,0
entity_0497,entity_0248,0,tabpfn,0.50048828125,1
entity_0976,entity_0908,1,tabpfn,0.502075731754303,1
entity_0190,entity_0589,1,tabpfn,0.498046875,0
entity_0672,entity_0893,1,tabpfn,0.5,1
entity_0176,entity_0654,1,tabpfn,0.49853515625,0
entity_0342,entity_0637,0,tabpfn,0.4990234375,0
entity_0027,entity_0446,0,tabpfn,0.4970703125,0
entity_0828,entity_0330,0,tabpfn,0.50146484375,1
entity_0073,entity_0011,1,tabpfn,0.4990234375,0
entity_0226,entity_0866,0,tabpfn,0.49951171875,0
entity_0221,entity_0640,1,tabpfn,0.49853515625,0
entity_0726,entity_0392,0,tabpfn,0.5001221299171448,1
entity_0942,entity_0845,0,tabpfn,0.5028069615364075,1
entity_0690,entity_0047,1,tabpfn,0.4991457164287567,0
entity_0651,entity_0756,1,tabpfn,0.5,1
entity_0179,entity_0904,0,tabpfn,0.4990234375,0
entity_0948,entity_0472,0,tabpfn,0.501953125,1
entity_0708,entity_0095,1,tabpfn,0.5,1
entity_0820,entity_0949,0,tabpfn,0.50048828125,1
entity_0162,entity_0232,0,tabpfn,0.498046875,0
entity_0056,entity_0978,0,tabpfn,0.498046875,0
entity_0446,entity_0178,1,tabpfn,0.4990234375,0
entity_0953,entity_0445,1,tabpfn,0.5008543133735657,1
entity_0214,entity_0909,0,tabpfn,0.4989010989665985,0
entity_0877,entity_0125,0,tabpfn,0.5009765625,1
entity_0887,entity_0626,1,tabpfn,0.5010989308357239,1
entity_0278,entity_0795,0,tabpfn,0.4989010989665985,0
entity_0346,entity_0203,0,tabpfn,0.4991457164287567,0
entity_0076,entity_0144,1,tabpfn,0.50048828125,1
entity_0159,entity_0713,0,tabpfn,0.49951171875,0
entity_0703,entity_0830,0,tabpfn,0.4998778998851776,0
entity_0629,entity_0682,0,tabpfn,0.5,1
entity_0585,entity_0432,0,tabpfn,0.4989010989665985,0
entity_0690,entity_0681,1,tabpfn,0.5001221299171448,1
entity_0259,entity_0051,0,tabpfn,0.4989010989665985,0
entity_0407,entity_0804,0,tabpfn,0.4998778998851776,0
entity_0996,entity_0119,0,tabpfn,0.5,1
entity_0420,entity_0586,1,tabpfn,0.4989010989665985,0
entity_0635,entity_0897,0,tabpfn,0.49951171875,0
entity_0396,entity_0885,0,tabpfn,0.50048828125,1
entity_0541,entity_0964,1,tabpfn,0.5,1
entity_0921,entity_0859,0,tabpfn,0.50146484375,1
entity_0069,entity_0311,0,tabpfn,0.4990234375,0
entity_0056,entity_0244,0,tabpfn,0.4979242980480194,0
entity_0087,entity_0561,0,tabpfn,0.49658203125,0
entity_0727,entity_0666,1,tabpfn,0.5,1
entity_0077,entity_0289,0,tabpfn,0.49853515625,0
entity_0826,entity_0378,1,tabpfn,0.5009765625,1
entity_0440,entity_0772,0,tabpfn,0.49951171875,0
entity_0864,entity_0965,0,tabpfn,0.5009765625,1
entity_0454,entity_0047,1,tabpfn,0.5,1
entity_0638,entity_0109,1,tabpfn,0.50048828125,1
entity_0094,entity_0594,0,tabpfn,0.498046875,0
entity_0259,entity_0391,0,tabpfn,0.4990234375,0
entity_0166,entity_0014,1,tabpfn,0.49853515625,0
entity_0474,entity_0177,1,tabpfn,0.49951171875,0
entity_0518,entity_0608,0,tabpfn,0.4990234375,0
entity_0560,entity_0939,1,tabpfn,0.5001221299171448,1
entity_0660,entity_0886,0,tabpfn,0.4990234375,0
entity_0459,entity_0406,1,tabpfn,0.4989010989665985,0
entity_0861,entity_0080,1,tabpfn,0.49951171875,0
entity_0282,entity_0515,0,tabpfn,0.5,1
entity_0812,entity_0747,1,tabpfn,0.5,1
entity_0627,entity_0978,0,tabpfn,0.4990234375,0
entity_0690,entity_0520,1,tabpfn,0.5008543133735657,1
entity_0079,entity_0229,0,tabpfn,0.5,1
entity_0122,entity_0931,0,tabpfn,0.4991457164287567,0
entity_0463,entity_0865,1,tabpfn,0.5001221299171448,1
entity_0251,entity_0699,0,tabpfn,0.4990234375,0
entity_0644,entity_0637,0,tabpfn,0.4990234375,0
entity_0385,entity_0963,0,tabpfn,0.49951171875,0
entity_0775,entity_0236,0,tabpfn,0.49951171875,0
entity_0295,entity_0911,1,tabpfn,0.49951171875,0
entity_0181,entity_0644,1,tabpfn,0.4989010989665985,0
entity_0288,entity_0917,1,tabpfn,0.49951171875,0
entity_0396,entity_0746,1,tabpfn,0.49951171875,0
entity_0746,entity_0873,0,tabpfn,0.50048828125,1
entity_0743,entity_0774,1,tabpfn,0.5,1
entity_0840,entity_0244,0,tabpfn,0.5010989308357239,1
entity_0619,entity_0020,1,tabpfn,0.4990234375,0
entity_0926,entity_0048,1,tabpfn,0.5,1
entity_0423,entity_0748,1,tabpfn,0.5,1
entity_0598,entity_0149,1,tabpfn,0.49951171875,0
entity_0293,entity_0764,0,tabpfn,0.49951171875,0
entity_0842,entity_0980,0,tabpfn,0.50048828125,1
entity_0874,entity_0256,0,tabpfn,0.5010989308357239,1
entity_0207,entity_0598,0,tabpfn,0.4991457164287567,0
entity_0118,entity_0251,1,tabpfn,0.4989010989665985,0
entity_0041,entity_0166,1,tabpfn,0.50048828125,1
entity_0209,entity_0188,1,tabpfn,0.49853515625,0
entity_0482,entity_0244,0,tabpfn,0.5,1
entity_0659,entity_0009,0,tabpfn,0.5,1
entity_0592,entity_0362,0,tabpfn,0.5,1
entity_0668,entity_0932,1,tabpfn,0.49853515625,0
entity_0240,entity_0900,1,tabpfn,0.49853515625,0
entity_0758,entity_0465,0,tabpfn,0.49951171875,0
entity_0608,entity_0014,1,tabpfn,0.4998778998851776,0
entity_0690,entity_0062,1,tabpfn,0.4990234375,0
entity_0043,entity_0768,0,tabpfn,0.498046875,0
entity_0525,entity_0513,1,tabpfn,0.49853515625,0
entity_0603,entity_0941,1,tabpfn,0.5,1
entity_0069,entity_0556,1,tabpfn,0.49853515625,0
entity_0256,entity_0537,0,tabpfn,0.498046875,0
entity_0771,entity_0181,1,tabpfn,0.5,1
entity_0516,entity_0780,0,tabpfn,0.49853515625,0
entity_0761,entity_0942,1,tabpfn,0.5010989308357239,1
entity_0983,entity_0367,0,tabpfn,0.50048828125,1
entity_0621,entity_0199,1,tabpfn,0.5009765625,1
entity_0055,entity_0283,1,tabpfn,0.4989010989665985,0
entity_0039,entity_0330,0,tabpfn,0.498046875,0
entity_0189,entity_0629,1,tabpfn,0.4990234375,0
entity_0908,entity_0902,1,tabpfn,0.5,1
entity_0760,entity_0192,1,tabpfn,0.5008543133735657,1
entity_0231,entity_0216,1,tabpfn,0.5,1
entity_0721,entity_0585,1,tabpfn,0.4990234375,0
entity_0064,entity_0702,0,tabpfn,0.4990234375,0
entity_0455,entity_0365,0,tabpfn,0.4998778998851776,0
entity_0105,entity_0926,0,tabpfn,0.49853515625,0
entity_0742,entity_0834,1,tabpfn,0.5018306374549866,1
entity_0899,entity_0773,0,tabpfn,0.50048828125,1
entity_0825,entity_0290,1,tabpfn,0.5009765625,1
entity_0983,entity_0351,0,tabpfn,0.5009765625,1
entity_0318,entity_0235,1,tabpfn,0.5,1
entity_0264,entity_0369,1,tabpfn,0.49951171875,0
entity_0480,entity_0323,0,tabpfn,0.5,1
entity_0782,entity_0071,1,tabpfn,0.4990234375,0
entity_0773,entity_0993,1,tabpfn,0.5,1
entity_0663,entity_0940,1,tabpfn,0.4990234375,0
entity_0371,entity_0105,1,tabpfn,0.49853515625,0
entity_0716,entity_0163,0,tabpfn,0.4991457164287567,0
entity_0981,entity_0563,0,tabpfn,0.50146484375,1
entity_0433,entity_0541,1,tabpfn,0.5,1
entity_0618,entity_0812,1,tabpfn,0.5001221299171448,1
entity_0490,entity_0368,0,tabpfn,0.5009765625,1
entity_0812,entity_0637,0,tabpfn,0.50048828125,1
entity_0993,entity_0860,0,tabpfn,0.5008543133735657,1
entity_0217,entity_0541,1,tabpfn,0.49951171875,0
entity_0646,entity_0556,1,tabpfn,0.5001221299171448,1
entity_0159,entity_0858,1,tabpfn,0.5,1
entity_0022,entity_0302,1,tabpfn,0.5,1
entity_0728,entity_0642,0,tabpfn,0.5,1
entity_0936,entity_0911,1,tabpfn,0.5,1
entity_0378,entity_1000,1,tabpfn,0.49951171875,0
entity_0381,entity_0022,0,tabpfn,0.4990234375,0
entity_0437,entity_0088,0,tabpfn,0.49951171875,0
entity_0960,entity_0229,1,tabpfn,0.50048828125,1
entity_0344,entity_0102,0,tabpfn,0.4990234375,0
entity_0388,entity_0680,1,tabpfn,0.49951171875,0
entity_0227,entity_0941,1,tabpfn,0.50048828125,1
entity_0291,entity_0784,0,tabpfn,0.4990234375,0
entity_0452,entity_0446,1,tabpfn,0.5,1
entity_0564,entity_0241,1,tabpfn,0.50146484375,1
entity_0641,entity_0773,0,tabpfn,0.49951171875,0
entity_0586,entity_0471,1,tabpfn,0.50048828125,1
entity_0762,entity_0531,0,tabpfn,0.501953125,1
entity_0263,entity_0876,1,tabpfn,0.5,1
entity_0139,entity_0279,0,tabpfn,0.49951171875,0
entity_0400,entity_0349,1,tabpfn,0.5001221299171448,1
entity_0578,entity_0822,0,tabpfn,0.5,1
entity_0897,entity_0474,0,tabpfn,0.50048828125,1
entity_0711,entity_0170,0,tabpfn,0.5009765625,1
entity_0292,entity_0827,1,tabpfn,0.4990234375,0
entity_0088,entity_0254,1,tabpfn,0.4979242980480194,0
entity_0423,entity_0868,1,tabpfn,0.4990234375,0
entity_0116,entity_0455,1,tabpfn,0.498046875,0
entity_0926,entity_0504,0,tabpfn,0.5010989308357239,1
entity_0316,entity_0114,0,tabpfn,0.4990234375,0
entity_0845,entity_0324,0,tabpfn,0.5,1
entity_0039,entity_0810,0,tabpfn,0.49853515625,0
entity_0192,entity_0705,0,tabpfn,0.4990234375,0
entity_0361,entity_0864,0,tabpfn,0.4989010989665985,0
entity_0396,entity_0539,1,tabpfn,0.4998778998851776,0
entity_0576,entity_0010,0,tabpfn,0.4990234375,0
entity_0604,entity_0904,1,tabpfn,0.4990234375,0
entity_0494,entity_0906,0,tabpfn,0.4989010989665985,0
entity_0868,entity_0158,0,tabpfn,0.5008543133735657,1
entity_0587,entity_0017,0,tabpfn,0.49853515625,0
entity_0975,entity_0769,1,tabpfn,0.50146484375,1
entity_0686,entity_0039,0,tabpfn,0.49951171875,0
entity_0907,entity_0374,0,tabpfn,0.5010989308357239,1
entity_0439,entity_0969,1,tabpfn,0.4990234375,0
entity_0080,entity_0046,1,tabpfn,0.4989010989665985,0
entity_0072,entity_0566,1,tabpfn,0.4970703125,0
entity_0051,entity_0969,1,tabpfn,0.49853515625,0
entity_0378,entity_0560,1,tabpfn,0.4990234375,0
entity_0483,entity_0946,1,tabpfn,0.50048828125,1
entity_0380,entity_0020,0,tabpfn,0.4990234375,0
entity_0542,entity_0233,1,tabpfn,0.5009765625,1
entity_0911,entity_0048,0,tabpfn,0.5,1
entity_0883,entity_0311,0,tabpfn,0.5009765625,1
entity_0338,entity_0207,1,tabpfn,0.4991457164287567,0
entity_0554,entity_0901,0,tabpfn,0.4991457164287567,0
entity_0356,entity_0803,1,tabpfn,0.5,1
entity_0978,entity_0139,0,tabpfn,0.50146484375,1
entity_0877,entity_0867,1,tabpfn,0.5009765625,1
entity_0336,entity_0285,0,tabpfn,0.50048828125,1
entity_0316,entity_0611,1,tabpfn,0.4990234375,0
entity_0543,entity_0625,1,tabpfn,0.5008543133735657,1
entity_0672,entity_0165,0,tabpfn,0.5009765625,1
entity_0774,entity_0383,0,tabpfn,0.5009765625,1
entity_0173,entity_0346,1,tabpfn,0.49951171875,0
entity_0220,entity_0814,0,tabpfn,0.49951171875,0
entity_0745,entity_0007,0,tabpfn,0.49951171875,0
entity_0313,entity_0942,1,tabpfn,0.4990234375,0
entity_0257,entity_0658,1,tabpfn,0.4990234375,0
entity_0059,entity_0738,0,tabpfn,0.4991457164287567,0
entity_0095,entity_0033,1,tabpfn,0.4981693923473358,0
entity_0934,entity_0388,0,tabpfn,0.501953125,1
entity_0424,entity_0559,0,tabpfn,0.5,1
entity_0639,entity_0775,1,tabpfn,0.50048828125,1
entity_0750,entity_0900,1,tabpfn,0.5,1
entity_0748,entity_0091,0,tabpfn,0.5,1
entity_0511,entity_0852,0,tabpfn,0.49951171875,0
entity_0831,entity_0100,1,tabpfn,0.5009765625,1
entity_0752,entity_0560,0,tabpfn,0.5,1
entity_0399,entity_0772,1,tabpfn,0.50048828125,1
entity_0847,entity_0100,0,tabpfn,0.50048828125,1
entity_0526,entity_0444,0,tabpfn,0.4991457164287567,0
entity_0706,entity_0141,1,tabpfn,0.50048828125,1
entity_0050,entity_0182,0,tabpfn,0.4969474971294403,0
entity_0912,entity_0899,1,tabpfn,0.50146484375,1
entity_0266,entity_0704,1,tabpfn,0.5001221299171448,1
entity_0185,entity_0863,1,tabpfn,0.49853515625,0
entity_0454,entity_0437,1,tabpfn,0.5,1
entity_0300,entity_0432,1,tabpfn,0.498046875,0
entity_0236,entity_0019,0,tabpfn,0.49853515625,0
entity_0789,entity_0953,0,tabpfn,0.5009765625,1
entity_0392,entity_0699,0,tabpfn,0.49951171875,0
entity_0447,entity_0410,1,tabpfn,0.4981693923473358,0
entity_0560,entity_0917,1,tabpfn,0.4991457164287567,0
entity_0579,entity_0645,0,tabpfn,0.5008543133735657,1
entity_0230,entity_0662,0,tabpfn,0.4990234375,0
entity_0476,entity_0933,1,tabpfn,0.49951171875,0
entity_0768,entity_0292,0,tabpfn,0.5001221299171448,1
entity_0562,entity_0012,0,tabpfn,0.49951171875,0
entity_0326,entity_0730,1,tabpfn,0.4990234375,0
entity_0352,entity_0611,1,tabpfn,0.49853515625,0
entity_0460,entity_0571,0,tabpfn,0.4998778998851776,0
entity_0423,entity_0579,0,tabpfn,0.5001221299171448,1
entity_0684,entity_0301,1,tabpfn,0.5,1
entity_0410,entity_0878,0,tabpfn,0.4990234375,0
entity_0038,entity_0832,1,tabpfn,0.4989010989665985,0
entity_0449,entity_0031,0,tabpfn,0.4991457164287567,0
entity_0604,entity_0101,0,tabpfn,0.49951171875,0
entity_0400,entity_0357,0,tabpfn,0.5009765625,1
entity_0344,entity_0252,0,tabpfn,0.5,1
entity_0331,entity_0101,0,tabpfn,0.4991457164287567,0
entity_0012,entity_0827,0,tabpfn,0.4991457164287567,0
entity_0727,entity_0742,0,tabpfn,0.50048828125,1
entity_0439,entity_0924,0,tabpfn,0.5,1
entity_0306,entity_0155,0,tabpfn,0.4989010989665985,0
entity_0230,entity_0105,1,tabpfn,0.4990234375,0
entity_0703,entity_0809,1,tabpfn,0.5009765625,1
entity_0932,entity_0717,1,tabpfn,0.502075731754303,1
entity_0362,entity_0621,0,tabpfn,0.49853515625,0
entity_0865,entity_0221,1,tabpfn,0.5001221299171448,1
entity_0938,entity_0112,0,tabpfn,0.50048828125,1
entity_0308,entity_0112,0,tabpfn,0.49951171875,0
entity_0503,entity_0117,1,tabpfn,0.4998778998851776,0
entity_0664,entity_0695,1,tabpfn,0.49951171875,0
entity_0428,entity_0324,1,tabpfn,0.5009765625,1
entity_0259,entity_0489,0,tabpfn,0.4990234375,0
entity_0436,entity_0501,1,tabpfn,0.4998778998851776,0
entity_0129,entity_0558,0,tabpfn,0.4990234375,0
entity_0042,entity_0946,0,tabpfn,0.4981693923473358,0
entity_0632,entity_0598,0,tabpfn,0.49951171875,0
entity_0630,entity_0651,0,tabpfn,0.5,1
entity_0582,entity_0549,0,tabpfn,0.4998778998851776,0
entity_0638,entity_0142,0,tabpfn,0.5008543133735657,1
entity_0946,entity_0581,1,tabpfn,0.5008543133735657,1
entity_0379,entity_0681,0,tabpfn,0.4990234375,0
entity_0142,entity_0679,0,tabpfn,0.4991457164287567,0
entity_0320,entity_0954,1,tabpfn,0.4990234375,0
entity_0306,entity_0501,1,tabpfn,0.4990234375,0
entity_0161,entity_0675,0,tabpfn,0.49853515625,0
entity_0339,entity_0994,0,tabpfn,0.5009765625,1
entity_0729,entity_0378,1,tabpfn,0.5009765625,1
entity_0280,entity_0570,0,tabpfn,0.4990234375,0
entity_0292,entity_0756,0,tabpfn,0.4989010989665985,0
entity_0114,entity_0411,1,tabpfn,0.498046875,0
entity_0389,entity_0587,0,tabpfn,0.4990234375,0
entity_0773,entity_0086,0,tabpfn,0.5008543133735657,1
entity_0892,entity_0732,0,tabpfn,0.5009765625,1
entity_0956,entity_0414,1,tabpfn,0.50146484375,1
entity_0143,entity_0835,0,tabpfn,0.498046875,0
entity_0360,entity_0692,0,tabpfn,0.4989010989665985,0
entity_0320,entity_0072,0,tabpfn,0.49951171875,0
entity_0446,entity_0573,0,tabpfn,0.49951171875,0
entity_0922,entity_0880,1,tabpfn,0.5009765625,1
entity_0596,entity_0465,1,tabpfn,0.50146484375,1
entity_0198,entity_0986,0,tabpfn,0.4989010989665985,0
entity_0364,entity_0903,0,tabpfn,0.5008543133735657,1
entity_0909,entity_0549,1,tabpfn,0.5008543133735657,1
entity_0542,entity_0596,1,tabpfn,0.5008543133735657,1
entity_0801,entity_0056,0,tabpfn,0.5001221299171448,1
entity_0105,entity_0212,0,tabpfn,0.49755859375,0
entity_0825,entity_0275,0,tabpfn,0.5009765625,1
entity_0281,entity_0626,0,tabpfn,0.49853515625,0
entity_0657,entity_0102,0,tabpfn,0.4998778998851776,0
entity_0454,entity_0291,0,tabpfn,0.5,1
entity_0976,entity_0338,1,tabpfn,0.50146484375,1
entity_0256,entity_0837,0,tabpfn,0.49951171875,0
entity_0948,entity_0021,1,tabpfn,0.50048828125,1
entity_0763,entity_0521,1,tabpfn,0.5009765625,1
entity_0826,entity_0288,1,tabpfn,0.5009765625,1
entity_0152,entity_0586,0,tabpfn,0.498046875,0
entity_0343,entity_0880,0,tabpfn,0.49951171875,0
entity_0270,entity_0114,1,tabpfn,0.4990234375,0
entity_0228,entity_0899,1,tabpfn,0.4990234375,0
entity_0759,entity_0035,0,tabpfn,0.50048828125,1
entity_0860,entity_0754,1,tabpfn,0.49951171875,0
entity_0760,entity_0932,0,tabpfn,0.50048828125,1
entity_0026,entity_0395,1,tabpfn,0.49853515625,0
entity_0500,entity_0751,0,tabpfn,0.4989010989665985,0
entity_0911,entity_0166,0,tabpfn,0.50146484375,1
entity_0790,entity_0315,0,tabpfn,0.5009765625,1
entity_0952,entity_0401,0,tabpfn,0.50146484375,1
entity_0743,entity_0859,1,tabpfn,0.5009765625,1
entity_0158,entity_0133,0,tabpfn,0.498046875,0
entity_0666,entity_0650,1,tabpfn,0.5009765625,1
entity_0419,entity_0131,0,tabpfn,0.5008543133735657,1
entity_0491,entity_0624,0,tabpfn,0.498046875,0
entity_0506,entity_0809,1,tabpfn,0.49951171875,0
entity_0446,entity_0025,0,tabpfn,0.49951171875,0
entity_0902,entity_0182,0,tabpfn,0.5008543133735657,1
entity_0632,entity_0801,0,tabpfn,0.49951171875,0
entity_0744,entity_0052,1,tabpfn,0.5001221299171448,1
entity_0540,entity_0644,1,tabpfn,0.5,1
entity_0430,entity_0923,1,tabpfn,0.5,1
entity_0607,entity_0717,1,tabpfn,0.50048828125,1
entity_0594,entity_0550,1,tabpfn,0.5008543133735657,1
entity_0531,entity_0866,1,tabpfn,0.49951171875,0
entity_0311,entity_0288,0,tabpfn,0.50048828125,1
entity_0077,entity_0708,1,tabpfn,0.4989010989665985,0
entity_0428,entity_0031,0,tabpfn,0.5001221299171448,1
entity_0977,entity_0310,1,tabpfn,0.50146484375,1
entity_0795,entity_0240,1,tabpfn,0.5008543133735657,1
entity_0462,entity_0960,0,tabpfn,0.49853515625,0
entity_0663,entity_0492,1,tabpfn,0.5009765625,1
entity_0104,entity_0874,1,tabpfn,0.4990234375,0
entity_0146,entity_0584,0,tabpfn,0.4979242980480194,0
entity_0077,entity_0905,1,tabpfn,0.4991457164287567,0
entity_0663,entity_0998,0,tabpfn,0.4990234375,0
entity_0610,entity_0296,1,tabpfn,0.50048828125,1
entity_0359,entity_0592,1,tabpfn,0.49853515625,0
entity_0254,entity_0508,0,tabpfn,0.4990234375,0
entity_0740,entity_0002,0,tabpfn,0.5009765625,1
entity_0739,entity_0332,1,tabpfn,0.5009765625,1
entity_0322,entity_0611,0,tabpfn,0.4990234375,0
entity_0198,entity_0369,1,tabpfn,0.49853515625,0
entity_0504,entity_0141,0,tabpfn,0.5,1
entity_0275,entity_0355,0,tabpfn,0.4991457164287567,0
entity_0093,entity_0703,1,tabpfn,0.4991457164287567,0
entity_0910,entity_0615,1,tabpfn,0.5010989308357239,1
entity_0281,entity_0500,1,tabpfn,0.4989010989665985,0
entity_0695,entity_0625,1,tabpfn,0.5001221299171448,1
entity_0425,entity_0439,0,tabpfn,0.49853515625,0
entity_0378,entity_0381,0,tabpfn,0.4998778998851776,0
entity_0441,entity_0783,1,tabpfn,0.50048828125,1
entity_0996,entity_0911,0,tabpfn,0.5009765625,1
entity_0006,entity_0444,1,tabpfn,0.4979242980480194,0
entity_0643,entity_0773,1,tabpfn,0.4998778998851776,0
entity_0331,entity_0705,1,tabpfn,0.49853515625,0
entity_0590,entity_0952,1,tabpfn,0.4990234375,0
entity_0806,entity_0372,0,tabpfn,0.5009765625,1
entity_0631,entity_0669,0,tabpfn,0.5,1
entity_0582,entity_0530,1,tabpfn,0.4991457164287567,0
entity_0422,entity_0230,1,tabpfn,0.4998778998851776,0
entity_0040,entity_0429,0,tabpfn,0.4990234375,0
entity_0117,entity_0886,1,tabpfn,0.4998778998851776,0
entity_0428,entity_0641,0,tabpfn,0.4998778998851776,0
entity_0115,entity_0870,0,tabpfn,0.4990234375,0
entity_0080,entity_0105,1,tabpfn,0.4989010989665985,0
entity_0654,entity_0383,0,tabpfn,0.5009765625,1
entity_0798,entity_0739,1,tabpfn,0.49951171875,0
entity_0477,entity_0506,1,tabpfn,0.49853515625,0
entity_0669,entity_0274,1,tabpfn,0.5009765625,1
entity_0359,entity_0633,1,tabpfn,0.498046875,0
entity_0995,entity_0782,0,tabpfn,0.5029296875,1
entity_0153,entity_0193,1,tabpfn,0.4998778998851776,0
entity_0888,entity_0217,0,tabpfn,0.5008543133735657,1
entity_0250,entity_0275,0,tabpfn,0.4990234375,0
entity_0167,entity_0333,1,tabpfn,0.49951171875,0
entity_0383,entity_0071,0,tabpfn,0.49951171875,0
entity_0339,entity_0910,1,tabpfn,0.49951171875,0
entity_0017,entity_0272,1,tabpfn,0.4970703125,0
entity_0739,entity_0068,1,tabpfn,0.49951171875,0
entity_0065,entity_0271,0,tabpfn,0.49853515625,0
entity_0001,entity_0905,0,tabpfn,0.49853515625,0
entity_0402,entity_0078,1,tabpfn,0.49951171875,0
entity_0258,entity_0810,0,tabpfn,0.49853515625,0
entity_0320,entity_0636,1,tabpfn,0.49853515625,0
entity_0016,entity_0101,0,tabpfn,0.4981693923473358,0
entity_0468,entity_0026,1,tabpfn,0.4989010989665985,0
entity_0918,entity_0123,1,tabpfn,0.5008543133735657,1
entity_0767,entity_0071,0,tabpfn,0.5,1
entity_0125,entity_0879,1,tabpfn,0.49853515625,0
entity_0783,entity_0236,1,tabpfn,0.5,1
entity_0865,entity_0689,0,tabpfn,0.5001221299171448,1
entity_0721,entity_0693,1,tabpfn,0.5,1
entity_0540,entity_0314,0,tabpfn,0.5009765625,1
entity_0226,entity_0605,1,tabpfn,0.4981693923473358,0
entity_0755,entity_0112,0,tabpfn,0.50048828125,1
entity_0833,entity_0439,0,tabpfn,0.4991457164287567,0
entity_0272,entity_0325,1,tabpfn,0.50048828125,1
entity_0122,entity_0066,0,tabpfn,0.50048828125,1
entity_0726,entity_0411,1,tabpfn,0.50048828125,1
entity_0331,entity_0160,0,tabpfn,0.5,1
entity_0351,entity_0291,0,tabpfn,0.5,1
entity_0446,entity_0879,0,tabpfn,0.50048828125,1
entity_0933,entity_0211,1,tabpfn,0.50146484375,1
entity_0179,entity_0848,1,tabpfn,0.4990234375,0
entity_0439,entity_0075,0,tabpfn,0.5008543133735657,1
entity_0926,entity_0421,0,tabpfn,0.5010989308357239,1
entity_0386,entity_0383,1,tabpfn,0.4998778998851776,0
entity_0185,entity_0814,1,tabpfn,0.4990234375,0
entity_0004,entity_0234,0,tabpfn,0.4990234375,0
entity_0131,entity_0191,1,tabpfn,0.4990234375,0
entity_0178,entity_0554,0,tabpfn,0.4979242980480194,0
entity_0887,entity_0062,0,tabpfn,0.50048828125,1
entity_0018,entity_0865,1,tabpfn,0.49853515625,0
entity_0110,entity_0899,0,tabpfn,0.5,1
entity_0484,entity_0340,1,tabpfn,0.5,1
entity_0601,entity_0991,1,tabpfn,0.50048828125,1
entity_0020,entity_0926,0,tabpfn,0.49853515625,0
entity_0470,entity_0095,1,tabpfn,0.4991457164287567,0
entity_0428,entity_0615,0,tabpfn,0.5,1
entity_0370,entity_0950,0,tabpfn,0.4989010989665985,0
entity_0845,entity_0932,0,tabpfn,0.50146484375,1
entity_0605,entity_0192,1,tabpfn,0.5,1
entity_0787,entity_0918,1,tabpfn,0.5008543133735657,1
entity_0087,entity_0197,0,tabpfn,0.49755859375,0
entity_0102,entity_0864,1,tabpfn,0.49951171875,0
entity_0176,entity_0412,1,tabpfn,0.49853515625,0
entity_0682,entity_0801,0,tabpfn,0.498046875,0
entity_0339,entity_0369,1,tabpfn,0.5,1
entity_0817,entity_0295,1,tabpfn,0.5001221299171448,1
entity_0862,entity_0373,0,tabpfn,0.5009765625,1
entity_0549,entity_0598,1,tabpfn,0.49951171875,0
entity_0482,entity_0738,1,tabpfn,0.49951171875,0
entity_0298,entity_0191,0,tabpfn,0.4991457164287567,0
entity_0555,entity_0042,1,tabpfn,0.4998778998851776,0
entity_0714,entity_0095,0,tabpfn,0.5,1
entity_0249,entity_0741,0,tabpfn,0.4991457164287567,0
entity_0713,entity_0903,0,tabpfn,0.5,1
entity_0781,entity_0376,0,tabpfn,0.50146484375,1
entity_0824,entity_0507,1,tabpfn,0.5,1
entity_0688,entity_0416,1,tabpfn,0.50048828125,1
entity_0235,entity_0678,0,tabpfn,0.49951171875,0
entity_0843,entity_0866,1,tabpfn,0.5001221299171448,1
entity_0225,entity_0311,0,tabpfn,0.49951171875,0
entity_0011,entity_0398,0,tabpfn,0.49951171875,0
entity_0164,entity_0474,1,tabpfn,0.4981693923473358,0
entity_0255,entity_0608,1,tabpfn,0.49853515625,0
entity_0768,entity_0317,1,tabpfn,0.50048828125,1
entity_0473,entity_0572,1,tabpfn,0.5,1
entity_0980,entity_0683,1,tabpfn,0.5009765625,1
entity_0891,entity_0231,0,tabpfn,0.5009765625,1
entity_0438,entity_0904,0,tabpfn,0.49951171875,0
entity_0131,entity_0225,1,tabpfn,0.49853515625,0
entity_0720,entity_0970,1,tabpfn,0.49951171875,0
entity_0285,entity_0699,1,tabpfn,0.4991457164287567,0
entity_0732,entity_0027,1,tabpfn,0.5,1
entity_0013,entity_0980,0,tabpfn,0.498046875,0
entity_0841,entity_0470,0,tabpfn,0.50146484375,1
entity_0277,entity_0190,0,tabpfn,0.49951171875,0
entity_0786,entity_0214,0,tabpfn,0.50048828125,1
entity_0882,entity_0127,1,tabpfn,0.50146484375,1
entity_0325,entity_0017,1,tabpfn,0.50048828125,1
entity_0422,entity_0219,0,tabpfn,0.4990234375,0
entity_0330,entity_0880,1,tabpfn,0.4990234375,0
entity_0260,entity_0888,1,tabpfn,0.4990234375,0
entity_0722,entity_0001,1,tabpfn,0.5009765625,1
entity_0008,entity_0040,0,tabpfn,0.4971930682659149,0
entity_0064,entity_0369,0,tabpfn,0.4989010989665985,0
entity_0517,entity_0815,1,tabpfn,0.5,1
entity_0219,entity_0612,0,tabpfn,0.4981693923473358,0
entity_0484,entity_0975,0,tabpfn,0.5,1
entity_0485,entity_0574,1,tabpfn,0.4991457164287567,0
entity_0794,entity_0167,1,tabpfn,0.50048828125,1
entity_0238,entity_0462,0,tabpfn,0.49853515625,0
entity_0305,entity_0340,1,tabpfn,0.50048828125,1
entity_0419,entity_0624,0,tabpfn,0.49853515625,0
entity_0103,entity_0195,0,tabpfn,0.4990234375,0
entity_0670,entity_0364,0,tabpfn,0.5001221299171448,1
entity_0511,entity_0251,1,tabpfn,0.50048828125,1
entity_0861,entity_0240,0,tabpfn,0.5009765625,1
entity_0754,entity_0467,1,tabpfn,0.50146484375,1
entity_0476,entity_0310,0,tabpfn,0.50048828125,1
entity_0891,entity_0254,0,tabpfn,0.50048828125,1
entity_0519,entity_0634,1,tabpfn,0.4990234375,0
entity_0945,entity_0729,1,tabpfn,0.501953125,1
entity_0032,entity_0432,0,tabpfn,0.4990234375,0
entity_0542,entity_0727,0,tabpfn,0.50048828125,1
entity_0527,entity_0282,1,tabpfn,0.50048828125,1
entity_0535,entity_0106,0,tabpfn,0.4991457164287567,0
entity_0370,entity_0965,1,tabpfn,0.4990234375,0
entity_0484,entity_0070,1,tabpfn,0.4990234375,0
entity_0609,entity_0243,1,tabpfn,0.49951171875,0
entity_0596,entity_0622,1,tabpfn,0.4990234375,0
entity_0731,entity_0959,0,tabpfn,0.5,1
entity_0672,entity_0389,0,tabpfn,0.5,1
entity_0260,entity_0918,0,tabpfn,0.5,1
entity_0975,entity_0892,1,tabpfn,0.5,1
entity_0682,entity_0795,0,tabpfn,0.49853515625,0
entity_0309,entity_0098,1,tabpfn,0.498046875,0
entity_0213,entity_0512,1,tabpfn,0.4990234375,0
entity_0824,entity_0266,0,tabpfn,0.5001221299171448,1
entity_0521,entity_0544,0,tabpfn,0.4998778998851776,0
entity_0349,entity_0256,1,tabpfn,0.5,1
entity_0240,entity_0774,0,tabpfn,0.4998778998851776,0
entity_0402,entity_0210,0,tabpfn,0.49951171875,0
entity_0929,entity_0168,0,tabpfn,0.50146484375,1
entity_0300,entity_0136,0,tabpfn,0.5001221299171448,1
entity_0581,entity_0017,0,tabpfn,0.4991457164287567,0
entity_0741,entity_0457,1,tabpfn,0.501953125,1
entity_0895,entity_0613,0,tabpfn,0.5009765625,1
entity_0599,entity_0472,0,tabpfn,0.5008543133735657,1
entity_0157,entity_0963,0,tabpfn,0.49853515625,0
entity_0643,entity_0547,0,tabpfn,0.4990234375,0
entity_0394,entity_0791,1,tabpfn,0.50048828125,1
entity_0977,entity_0019,1,tabpfn,0.5010989308357239,1
entity_0833,entity_0791,1,tabpfn,0.50146484375,1
entity_0614,entity_0068,1,tabpfn,0.5,1
entity_0794,entity_0993,0,tabpfn,0.50048828125,1
entity_0555,entity_0337,0,tabpfn,0.5009765625,1
entity_0584,entity_0930,1,tabpfn,0.4990234375,0
entity_0401,entity_0161,0,tabpfn,0.49951171875,0
entity_0420,entity_0367,0,tabpfn,0.5009765625,1
entity_0178,entity_0955,1,tabpfn,0.49853515625,0
entity_0819,entity_0857,0,tabpfn,0.50048828125,1
entity_0799,entity_0498,0,tabpfn,0.5009765625,1
entity_0008,entity_0982,1,tabpfn,0.49853515625,0
entity_0195,entity_0992,1,tabpfn,0.4990234375,0
entity_0555,entity_0698,0,tabpfn,0.49951171875,0
entity_0672,entity_0822,1,tabpfn,0.5,1
entity_0416,entity_0646,0,tabpfn,0.49853515625,0
entity_0706,entity_0599,0,tabpfn,0.50048828125,1
entity_0823,entity_0978,1,tabpfn,0.5,1
entity_0935,entity_0811,0,tabpfn,0.5,1
entity_0606,entity_0114,0,tabpfn,0.4991457164287567,0
entity_0715,entity_0835,1,tabpfn,0.5001221299171448,1
entity_0741,entity_0194,1,tabpfn,0.4990234375,0
entity_0202,entity_0498,1,tabpfn,0.498046875,0
entity_0268,entity_0022,0,tabpfn,0.50048828125,1
entity_0015,entity_0767,1,tabpfn,0.4990234375,0
entity_0193,entity_0025,0,tabpfn,0.498046875,0
entity_0639,entity_0231,1,tabpfn,0.50048828125,1
entity_0566,entity_0593,0,tabpfn,0.50048828125,1
entity_0624,entity_0169,0,tabpfn,0.4990234375,0
entity_0994,entity_0652,0,tabpfn,0.502075731754303,1
entity_0285,entity_0723,1,tabpfn,0.4990234375,0
entity_0097,entity_0287,1,tabpfn,0.49853515625,0
entity_0957,entity_0325,1,tabpfn,0.50146484375,1
entity_0072,entity_0878,0,tabpfn,0.4989010989665985,0
entity_0702,entity_0155,0,tabpfn,0.50048828125,1
entity_0146,entity_0545,0,tabpfn,0.49853515625,0
entity_0062,entity_0520,1,tabpfn,0.49755859375,0
entity_0952,entity_0999,0,tabpfn,0.502075731754303,1
entity_0276,entity_0378,0,tabpfn,0.4990234375,0
entity_0269,entity_0092,1,tabpfn,0.49853515625,0
entity_0883,entity_0235,0,tabpfn,0.50048828125,1
entity_0502,entity_0270,1,tabpfn,0.4998778998851776,0
entity_0375,entity_0070,0,tabpfn,0.4998778998851776,0
entity_0723,entity_0735,1,tabpfn,0.5,1
entity_0608,entity_0356,0,tabpfn,0.5001221299171448,1
entity_0497,entity_0885,0,tabpfn,0.4990234375,0
entity_0818,entity_0021,1,tabpfn,0.5001221299171448,1
entity_0741,entity_0878,1,tabpfn,0.5009765625,1
entity_0368,entity_0538,1,tabpfn,0.5,1
entity_0930,entity_0968,0,tabpfn,0.5008543133735657,1
entity_0587,entity_0876,0,tabpfn,0.4990234375,0
entity_0986,entity_0990,1,tabpfn,0.50146484375,1
entity_0073,entity_0771,0,tabpfn,0.4990234375,0
entity_0381,entity_0488,0,tabpfn,0.49951171875,0
entity_0383,entity_0492,1,tabpfn,0.49951171875,0
entity_0828,entity_0799,1,tabpfn,0.501953125,1
entity_0179,entity_0758,1,tabpfn,0.4990234375,0
entity_0159,entity_0181,0,tabpfn,0.49951171875,0
entity_0325,entity_0375,0,tabpfn,0.49951171875,0
entity_0757,entity_0454,0,tabpfn,0.5009765625,1
entity_0870,entity_0052,0,tabpfn,0.50048828125,1
entity_0664,entity_0089,1,tabpfn,0.5,1
entity_0945,entity_0378,1,tabpfn,0.50146484375,1
entity_0030,entity_0250,0,tabpfn,0.4969474971294403,0
entity_0563,entity_0375,0,tabpfn,0.50048828125,1
entity_0305,entity_0580,1,tabpfn,0.49853515625,0
entity_0743,entity_0624,1,tabpfn,0.49951171875,0
entity_0493,entity_0400,1,tabpfn,0.4990234375,0
entity_0476,entity_0015,0,tabpfn,0.50048828125,1
entity_0215,entity_0922,1,tabpfn,0.49853515625,0
entity_0854,entity_0510,1,tabpfn,0.50048828125,1
entity_0591,entity_0108,0,tabpfn,0.49853515625,0
entity_0795,entity_0750,1,tabpfn,0.50048828125,1
entity_0525,entity_0158,0,tabpfn,0.4990234375,0
entity_0034,entity_0481,0,tabpfn,0.498046875,0
entity_0757,entity_0781,1,tabpfn,0.5001221299171448,1
entity_0323,entity_0099,1,tabpfn,0.5,1
entity_0316,entity_0955,0,tabpfn,0.5,1
entity_0440,entity_0226,0,tabpfn,0.4998778998851776,0
entity_0913,entity_0262,1,tabpfn,0.5009765625,1
entity_0102,entity_0880,1,tabpfn,0.49951171875,0
entity_0561,entity_0785,0,tabpfn,0.5,1
entity_0947,entity_0581,1,tabpfn,0.50048828125,1
entity_0669,entity_0934,0,tabpfn,0.4990234375,0
entity_0856,entity_0412,0,tabpfn,0.50146484375,1
entity_0760,entity_0124,1,tabpfn,0.5,1
entity_0150,entity_0827,1,tabpfn,0.4991457164287567,0
entity_0624,entity_0137,1,tabpfn,0.50048828125,1
entity_0533,entity_0430,1,tabpfn,0.49755859375,0
entity_0526,entity_0490,0,tabpfn,0.5,1
entity_0240,entity_0366,1,tabpfn,0.4991457164287567,0
entity_0129,entity_0060,0,tabpfn,0.4979242980480194,0
entity_0392,entity_0645,1,tabpfn,0.5,1
entity_0976,entity_0727,0,tabpfn,0.502075731754303,1
entity_0945,entity_0917,1,tabpfn,0.5010989308357239,1
entity_0336,entity_0782,1,tabpfn,0.4989010989665985,0
entity_0450,entity_0642,0,tabpfn,0.49951171875,0
entity_0881,entity_0781,0,tabpfn,0.5001221299171448,1
entity_0212,entity_0257,1,tabpfn,0.49951171875,0
entity_0365,entity_0574,0,tabpfn,0.4990234375,0
entity_0350,entity_0167,0,tabpfn,0.4998778998851776,0
entity_0680,entity_0477,0,tabpfn,0.50048828125,1
entity_0167,entity_0272,1,tabpfn,0.4998778998851776,0
entity_0815,entity_0942,0,tabpfn,0.4998778998851776,0
entity_0604,entity_0653,1,tabpfn,0.498046875,0
entity_0158,entity_0053,0,tabpfn,0.49951171875,0
entity_0623,entity_0147,1,tabpfn,0.5001221299171448,1
entity_0757,entity_0233,0,tabpfn,0.50048828125,1
entity_0341,entity_0629,1,tabpfn,0.49755859375,0
entity_0044,entity_0209,1,tabpfn,0.4970703125,0
entity_0784,entity_0858,0,tabpfn,0.5008543133735657,1
entity_0293,entity_0649,1,tabpfn,0.50048828125,1
entity_0577,entity_0261,1,tabpfn,0.5,1
entity_0370,entity_0242,0,tabpfn,0.4990234375,0
entity_0371,entity_0461,0,tabpfn,0.49951171875,0
entity_0452,entity_0204,1,tabpfn,0.4998778998851776,0
entity_0497,entity_0740,1,tabpfn,0.5001221299171448,1
entity_0280,entity_0091,0,tabpfn,0.4998778998851776,0
entity_0485,entity_0350,1,tabpfn,0.49853515625,0
entity_0512,entity_0820,0,tabpfn,0.49853515625,0
entity_0728,entity_0748,1,tabpfn,0.5,1
entity_0110,entity_0245,1,tabpfn,0.49853515625,0
entity_0166,entity_0750,0,tabpfn,0.49853515625,0
entity_0521,entity_0822,0,tabpfn,0.49951171875,0
entity_0989,entity_0652,0,tabpfn,0.5009765625,1
entity_0377,entity_0318,1,tabpfn,0.4998778998851776,0
entity_0561,entity_0985,1,tabpfn,0.5,1
entity_0805,entity_0181,0,tabpfn,0.5010989308357239,1
entity_0925,entity_0907,1,tabpfn,0.5008543133735657,1
entity_0397,entity_0631,1,tabpfn,0.50048828125,1
entity_0615,entity_0198,1,tabpfn,0.4998778998851776,0
entity_0314,entity_0048,1,tabpfn,0.4990234375,0
entity_0482,entity_0086,1,tabpfn,0.4990234375,0
entity_0402,entity_0012,1,tabpfn,0.5010989308357239,1
entity_0683,entity_0461,1,tabpfn,0.5,1
entity_0584,entity_0321,1,tabpfn,0.5009765625,1
entity_0751,entity_0840,0,tabpfn,0.5008543133735657,1
entity_0062,entity_0132,1,tabpfn,0.498046875,0
entity_0179,entity_0766,1,tabpfn,0.5,1
entity_0634,entity_0130,0,tabpfn,0.49951171875,0
entity_0982,entity_0260,0,tabpfn,0.5009765625,1
entity_0481,entity_0868,0,tabpfn,0.4989010989665985,0
entity_0530,entity_0160,1,tabpfn,0.5,1
entity_0684,entity_0299,0,tabpfn,0.5,1
entity_0608,entity_0929,1,tabpfn,0.5,1
entity_0636,entity_0404,0,tabpfn,0.4998778998851776,0
entity_0757,entity_0518,0,tabpfn,0.49951171875,0
entity_0480,entity_0690,0,tabpfn,0.49951171875,0
entity_0503,entity_0138,1,tabpfn,0.4990234375,0
entity_0132,entity_0642,1,tabpfn,0.4991457164287567,0
entity_0553,entity_0566,0,tabpfn,0.4990234375,0
entity_0970,entity_0258,0,tabpfn,0.50048828125,1
entity_0391,entity_0157,0,tabpfn,0.50048828125,1
entity_0601,entity_0181,0,tabpfn,0.49951171875,0
entity_0282,entity_0063,0,tabpfn,0.4990234375,0
entity_0809,entity_0921,0,tabpfn,0.5001221299171448,1
entity_0131,entity_0219,0,tabpfn,0.498046875,0
entity_0561,entity_0887,1,tabpfn,0.49951171875,0
entity_0375,entity_0900,1,tabpfn,0.4991457164287567,0
entity_0448,entity_0150,0,tabpfn,0.5009765625,1
entity_0078,entity_0762,1,tabpfn,0.4990234375,0
entity_0997,entity_0426,0,tabpfn,0.5001221299171448,1
entity_0051,entity_0761,1,tabpfn,0.4990234375,0
entity_0120,entity_0878,0,tabpfn,0.49951171875,0
entity_0336,entity_0425,1,tabpfn,0.498046875,0
entity_0760,entity_0518,0,tabpfn,0.49951171875,0
entity_0641,entity_0442,0,tabpfn,0.49951171875,0
entity_0203,entity_0731,0,tabpfn,0.4989010989665985,0
entity_0449,entity_0950,1,tabpfn,0.4990234375,0
entity_0299,entity_0800,1,tabpfn,0.4990234375,0
entity_0132,entity_0354,0,tabpfn,0.49853515625,0
entity_0870,entity_0436,1,tabpfn,0.5008543133735657,1
entity_0866,entity_0467,0,tabpfn,0.50048828125,1
entity_0988,entity_0536,1,tabpfn,0.5010989308357239,1
entity_0558,entity_0485,0,tabpfn,0.5009765625,1
entity_0483,entity_0942,0,tabpfn,0.4991457164287567,0
entity_0085,entity_0355,1,tabpfn,0.498046875,0
entity_0796,entity_0749,0,tabpfn,0.50146484375,1
entity_0761,entity_0916,0,tabpfn,0.49951171875,0
entity_0711,entity_0721,0,tabpfn,0.5,1
entity_0274,entity_0331,1,tabpfn,0.4991457164287567,0
entity_0324,entity_0531,0,tabpfn,0.4998778998851776,0
entity_0984,entity_0391,0,tabpfn,0.501953125,1
entity_0310,entity_0913,1,tabpfn,0.5,1
entity_0771,entity_0547,0,tabpfn,0.5,1
entity_0363,entity_0357,1,tabpfn,0.49951171875,0
entity_0811,entity_0523,1,tabpfn,0.50048828125,1
entity_0196,entity_0834,0,tabpfn,0.4991457164287567,0
entity_0511,entity_0068,0,tabpfn,0.4991457164287567,0
entity_0564,entity_0074,0,tabpfn,0.4991457164287567,0
entity_0113,entity_0749,0,tabpfn,0.4990234375,0
entity_0335,entity_0686,0,tabpfn,0.4990234375,0
entity_0357,entity_0727,1,tabpfn,0.5008543133735657,1
entity_0823,entity_0778,1,tabpfn,0.5009765625,1
entity_0838,entity_0254,1,tabpfn,0.50146484375,1
entity_0993,entity_0717,1,tabpfn,0.501953125,1
entity_0976,entity_0391,0,tabpfn,0.5009765625,1
entity_0857,entity_0035,1,tabpfn,0.4990234375,0
entity_0877,entity_0740,0,tabpfn,0.501953125,1
entity_0074,entity_0344,0,tabpfn,0.4970703125,0
entity_0427,entity_0315,1,tabpfn,0.50146484375,1
entity_0499,entity_0780,0,tabpfn,0.5,1
entity_0479,entity_0007,1,tabpfn,0.49755859375,0
entity_0155,entity_0770,1,tabpfn,0.49853515625,0
entity_0566,entity_0814,0,tabpfn,0.49951171875,0
entity_0786,entity_0856,0,tabpfn,0.5008543133735657,1
entity_0271,entity_0963,1,tabpfn,0.49951171875,0
entity_0605,entity_0760,1,tabpfn,0.49951171875,0
entity_0410,entity_0479,0,tabpfn,0.4990234375,0
entity_0285,entity_0783,0,tabpfn,0.5001221299171448,1
entity_0712,entity_0995,1,tabpfn,0.49951171875,0
entity_0780,entity_0686,0,tabpfn,0.4998778998851776,0
entity_0826,entity_0939,1,tabpfn,0.5009765625,1
entity_0799,entity_0512,1,tabpfn,0.5009765625,1
entity_0412,entity_0855,0,tabpfn,0.49853515625,0
entity_0418,entity_0850,0,tabpfn,0.4990234375,0
entity_0673,entity_0140,0,tabpfn,0.5,1
entity_0751,entity_0091,1,tabpfn,0.4998778998851776,0
entity_0184,entity_0207,0,tabpfn,0.49853515625,0
entity_0729,entity_0560,1,tabpfn,0.5001221299171448,1
entity_0681,entity_0520,1,tabpfn,0.5008543133735657,1
entity_0278,entity_0214,0,tabpfn,0.4991457164287567,0
entity_0878,entity_0389,0,tabpfn,0.50146484375,1
entity_0517,entity_0521,1,tabpfn,0.4990234375,0
entity_0060,entity_0998,0,tabpfn,0.49853515625,0
entity_0607,entity_0852,0,tabpfn,0.4991457164287567,0
entity_0729,entity_0936,0,tabpfn,0.4998778998851776,0
entity_0424,entity_0917,1,tabpfn,0.49951171875,0
entity_0320,entity_0766,0,tabpfn,0.49853515625,0
entity_0632,entity_0326,0,tabpfn,0.5,1
entity_0571,entity_0224,1,tabpfn,0.50048828125,1
entity_0332,entity_0068,1,tabpfn,0.5010989308357239,1
entity_0773,entity_0932,1,tabpfn,0.50048828125,1
entity_0927,entity_0959,1,tabpfn,0.50146484375,1
entity_0304,entity_0097,1,tabpfn,0.49853515625,0
entity_0894,entity_0362,0,tabpfn,0.5010989308357239,1
entity_0333,entity_0017,1,tabpfn,0.4990234375,0
entity_0729,entity_0288,1,tabpfn,0.5001221299171448,1
entity_0340,entity_0816,0,tabpfn,0.4989010989665985,0
entity_0146,entity_0802,0,tabpfn,0.4991457164287567,0
entity_0545,entity_0130,0,tabpfn,0.5008543133735657,1
entity_0952,entity_0177,1,tabpfn,0.50146484375,1
entity_0850,entity_0429,1,tabpfn,0.5009765625,1
entity_0548,entity_0434,1,tabpfn,0.5,1
entity_0736,entity_0685,1,tabpfn,0.5,1
entity_0655,entity_0820,0,tabpfn,0.49951171875,0
entity_0884,entity_0259,1,tabpfn,0.50048828125,1
entity_0654,entity_0683,1,tabpfn,0.50048828125,1
entity_0323,entity_0162,1,tabpfn,0.5009765625,1
entity_0119,entity_0360,1,tabpfn,0.498046875,0
entity_0213,entity_0527,1,tabpfn,0.4990234375,0
entity_0652,entity_0889,1,tabpfn,0.4990234375,0
entity_0526,entity_0393,0,tabpfn,0.5009765625,1
entity_0879,entity_0507,0,tabpfn,0.50146484375,1
entity_0192,entity_0709,0,tabpfn,0.4998778998851776,0
entity_0798,entity_0068,1,tabpfn,0.5001221299171448,1
entity_0966,entity_0813,1,tabpfn,0.49951171875,0
entity_0333,entity_0634,0,tabpfn,0.4990234375,0
entity_0284,entity_0303,0,tabpfn,0.50048828125,1
entity_0234,entity_0708,0,tabpfn,0.49951171875,0
entity_0188,entity_0024,1,tabpfn,0.4990234375,0
entity_0354,entity_0564,1,tabpfn,0.49951171875,0
entity_0810,entity_0247,0,tabpfn,0.5,1
entity_0596,entity_0154,0,tabpfn,0.4990234375,0
entity_0148,entity_0809,0,tabpfn,0.4990234375,0
entity_0156,entity_0560,0,tabpfn,0.4990234375,0
entity_0003,entity_0232,0,tabpfn,0.4989010989665985,0
entity_0792,entity_0354,0,tabpfn,0.50048828125,1
entity_0421,entity_0667,0,tabpfn,0.5,1
entity_0307,entity_0612,1,tabpfn,0.49853515625,0
entity_0356,entity_0917,0,tabpfn,0.4991457164287567,0
entity_0445,entity_0405,0,tabpfn,0.4990234375,0
entity_0117,entity_0547,0,tabpfn,0.49853515625,0
entity_0678,entity_0291,1,tabpfn,0.5008543133735657,1
entity_0370,entity_0316,0,tabpfn,0.5,1
entity_0831,entity_0809,1,tabpfn,0.5009765625,1
entity_0202,entity_0145,1,tabpfn,0.50048828125,1
entity_0708,entity_0201,0,tabpfn,0.4998778998851776,0
entity_0178,entity_0995,0,tabpfn,0.49951171875,0
entity_0240,entity_0750,1,tabpfn,0.5,1
entity_0699,entity_0776,0,tabpfn,0.4990234375,0
entity_0175,entity_0168,0,tabpfn,0.49853515625,0
entity_0558,entity_0481,1,tabpfn,0.50146484375,1
entity_0965,entity_0359,1,tabpfn,0.5010989308357239,1
entity_0102,entity_0003,0,tabpfn,0.49951171875,0
entity_0846,entity_0120,0,tabpfn,0.5001221299171448,1
entity_0146,entity_0047,1,tabpfn,0.49853515625,0
entity_0339,entity_0342,0,tabpfn,0.50048828125,1
entity_0051,entity_0942,1,tabpfn,0.4991457164287567,0
entity_0328,entity_0252,0,tabpfn,0.49951171875,0
entity_0579,entity_0407,1,tabpfn,0.5009765625,1
entity_0462,entity_0906,1,tabpfn,0.4990234375,0
entity_0775,entity_0324,1,tabpfn,0.50048828125,1
entity_0238,entity_0739,0,tabpfn,0.4991457164287567,0
entity_0548,entity_0381,1,tabpfn,0.5008543133735657,1
entity_0896,entity_0048,0,tabpfn,0.50048828125,1
entity_0901,entity_0890,1,tabpfn,0.5009765625,1
entity_0327,entity_0148,1,tabpfn,0.5,1
entity_0448,entity_0239,1,tabpfn,0.50048828125,1
entity_0342,entity_0511,0,tabpfn,0.4990234375,0
entity_0036,entity_0816,0,tabpfn,0.4990234375,0
entity_0098,entity_0420,1,tabpfn,0.49853515625,0
entity_0247,entity_0669,0,tabpfn,0.49951171875,0
entity_0677,entity_0439,0,tabpfn,0.50048828125,1
entity_0384,entity_0629,0,tabpfn,0.49853515625,0
entity_0796,entity_0973,0,tabpfn,0.50048828125,1
entity_0373,entity_0999,1,tabpfn,0.50048828125,1
entity_0264,entity_0339,1,tabpfn,0.49951171875,0
entity_0758,entity_0392,1,tabpfn,0.50048828125,1
entity_0604,entity_0627,1,tabpfn,0.49755859375,0
entity_0184,entity_0685,0,tabpfn,0.49853515625,0
entity_0022,entity_0878,1,tabpfn,0.49853515625,0
entity_0044,entity_0524,1,tabpfn,0.4981693923473358,0
entity_0926,entity_0637,1,tabpfn,0.50048828125,1
entity_0593,entity_0228,1,tabpfn,0.5,1
entity_0767,entity_0991,1,tabpfn,0.49951171875,0
entity_0937,entity_0266,1,tabpfn,0.50048828125,1
entity_0226,entity_0594,0,tabpfn,0.49853515625,0
entity_0566,entity_0351,0,tabpfn,0.501953125,1
entity_0154,entity_0460,0,tabpfn,0.49658203125,0
entity_0378,entity_0939,1,tabpfn,0.4989010989665985,0
entity_0547,entity_0741,0,tabpfn,0.5001221299171448,1
entity_0388,entity_0216,0,tabpfn,0.5,1
entity_0735,entity_0377,0,tabpfn,0.5009765625,1
entity_0726,entity_0316,0,tabpfn,0.5009765625,1
entity_0750,entity_0002,0,tabpfn,0.49951171875,0
entity_0907,entity_0956,1,tabpfn,0.5,1
entity_0819,entity_0982,0,tabpfn,0.5,1
entity_0531,entity_0879,0,tabpfn,0.4998778998851776,0
entity_0913,entity_0306,0,tabpfn,0.50048828125,1
entity_0459,entity_0223,1,tabpfn,0.4990234375,0
entity_0041,entity_0191,1,tabpfn,0.4970703125,0
entity_0324,entity_0482,0,tabpfn,0.4991457164287567,0
entity_0031,entity_0503,1,tabpfn,0.49853515625,0
entity_0699,entity_0286,1,tabpfn,0.5,1
entity_0096,entity_0414,1,tabpfn,0.498046875,0
entity_0950,entity_0963,0,tabpfn,0.50146484375,1
entity_0186,entity_0246,0,tabpfn,0.4990234375,0
entity_0550,entity_0893,1,tabpfn,0.4991457164287567,0
entity_0182,entity_0914,1,tabpfn,0.49853515625,0
entity_0986,entity_0056,0,tabpfn,0.5,1
entity_0580,entity_0792,0,tabpfn,0.5,1
entity_0569,entity_0933,0,tabpfn,0.49951171875,0
entity_0953,entity_0897,0,tabpfn,0.50146484375,1
entity_0980,entity_0763,0,tabpfn,0.501953125,1
entity_0062,entity_0098,0,tabpfn,0.4970703125,0
entity_0796,entity_0362,0,tabpfn,0.5009765625,1
entity_0956,entity_0567,1,tabpfn,0.5,1
entity_0690,entity_0274,0,tabpfn,0.5,1
entity_0975,entity_0651,0,tabpfn,0.5008543133735657,1
entity_0667,entity_0787,1,tabpfn,0.49951171875,0
entity_0413,entity_0673,1,tabpfn,0.49951171875,0
entity_0587,entity_0589,0,tabpfn,0.49951171875,0
entity_0050,entity_0144,1,tabpfn,0.4970703125,0
entity_0861,entity_0651,0,tabpfn,0.5009765625,1
entity_0628,entity_0276,1,tabpfn,0.50048828125,1
entity_0948,entity_0080,0,tabpfn,0.50048828125,1
entity_0506,entity_0005,0,tabpfn,0.49951171875,0
entity_0195,entity_0659,0,tabpfn,0.498046875,0
entity_0347,entity_0284,1,tabpfn,0.49951171875,0
entity_0687,entity_0854,0,tabpfn,0.50048828125,1
entity_0892,entity_0769,1,tabpfn,0.5001221299171448,1
entity_0122,entity_0274,1,tabpfn,0.4990234375,0
entity_0474,entity_0395,1,tabpfn,0.4991457164287567,0
entity_0004,entity_0880,1,tabpfn,0.4990234375,0
entity_0419,entity_0449,1,tabpfn,0.4998778998851776,0
entity_0928,entity_0020,1,tabpfn,0.49951171875,0
entity_0735,entity_0788,0,tabpfn,0.49951171875,0
entity_0596,entity_0411,0,tabpfn,0.49951171875,0
entity_0279,entity_0742,1,tabpfn,0.4990234375,0
entity_0404,entity_0288,0,tabpfn,0.4998778998851776,0
entity_0422,entity_0073,1,tabpfn,0.4990234375,0
entity_0394,entity_0833,1,tabpfn,0.49951171875,0
entity_0476,entity_0316,1,tabpfn,0.50048828125,1
entity_0572,entity_0985,1,tabpfn,0.4989010989665985,0
entity_0860,entity_0459,0,tabpfn,0.50146484375,1
entity_0342,entity_0851,1,tabpfn,0.49951171875,0
entity_0304,entity_0466,1,tabpfn,0.49951171875,0
entity_0189,entity_0341,1,tabpfn,0.4991457164287567,0
entity_0236,entity_0624,1,tabpfn,0.49853515625,0
entity_0156,entity_0242,1,tabpfn,0.498046875,0
entity_0486,entity_0380,1,tabpfn,0.4989010989665985,0
entity_0941,entity_0633,0,tabpfn,0.5009765625,1
entity_0971,entity_0068,0,tabpfn,0.50048828125,1
entity_0878,entity_0187,1,tabpfn,0.50048828125,1
entity_0638,entity_0730,0,tabpfn,0.50048828125,1
entity_0215,entity_0982,0,tabpfn,0.4981693923473358,0
entity_0658,entity_0368,0,tabpfn,0.5008543133735657,1
entity_0216,entity_0375,0,tabpfn,0.49755859375,0
entity_0804,entity_0210,0,tabpfn,0.5009765625,1
entity_0056,entity_0153,0,tabpfn,0.49755859375,0
entity_0022,entity_0518,0,tabpfn,0.498046875,0
entity_0455,entity_0238,1,tabpfn,0.49951171875,0
entity_0280,entity_0559,1,tabpfn,0.49951171875,0
entity_0904,entity_0912,1,tabpfn,0.50048828125,1
entity_0947,entity_0650,0,tabpfn,0.501953125,1
entity_0097,entity_0531,0,tabpfn,0.498046875,0
entity_0154,entity_0912,1,tabpfn,0.4991457164287567,0
entity_0124,entity_0605,1,tabpfn,0.49853515625,0
entity_0776,entity_0617,1,tabpfn,0.5009765625,1
entity_0047,entity_0437,1,tabpfn,0.4970703125,0
entity_0690,entity_0454,1,tabpfn,0.4991457164287567,0
entity_0064,entity_0099,0,tabpfn,0.4969474971294403,0
entity_0711,entity_0983,1,tabpfn,0.4990234375,0
entity_0038,entity_0887,0,tabpfn,0.4990234375,0
entity_0873,entity_0227,1,tabpfn,0.5008543133735657,1
entity_0326,entity_0210,1,tabpfn,0.50048828125,1
entity_0092,entity_0776,1,tabpfn,0.4990234375,0
entity_0630,entity_0175,1,tabpfn,0.5,1
entity_0252,entity_0605,1,tabpfn,0.49755859375,0
entity_0375,entity_0927,0,tabpfn,0.50048828125,1
entity_0320,entity_0552,1,tabpfn,0.49853515625,0
entity_0570,entity_0319,0,tabpfn,0.50048828125,1
entity_0784,entity_0510,1,tabpfn,0.5009765625,1
entity_0140,entity_0944,1,tabpfn,0.4991457164287567,0
entity_0475,entity_0054,0,tabpfn,0.49951171875,0
entity_0299,entity_0015,0,tabpfn,0.4990234375,0
entity_0327,entity_0701,0,tabpfn,0.4990234375,0
entity_0916,entity_0954,0,tabpfn,0.5009765625,1
entity_0283,entity_0250,0,tabpfn,0.49951171875,0
entity_0715,entity_0160,1,tabpfn,0.5,1
entity_0217,entity_0716,0,tabpfn,0.4991457164287567,0
entity_0536,entity_0997,1,tabpfn,0.49951171875,0
entity_0519,entity_0312,1,tabpfn,0.50048828125,1
entity_0978,entity_0123,1,tabpfn,0.50048828125,1
entity_0802,entity_0233,1,tabpfn,0.5009765625,1
entity_0251,entity_0109,1,tabpfn,0.4991457164287567,0
entity_0957,entity_0272,1,tabpfn,0.5008543133735657,1
entity_0611,entity_0933,1,tabpfn,0.5,1
entity_0221,entity_0220,1,tabpfn,0.498046875,0
entity_0132,entity_0520,1,tabpfn,0.4979242980480194,0
entity_0322,entity_0353,0,tabpfn,0.50048828125,1
entity_0192,entity_0683,0,tabpfn,0.49951171875,0
entity_0362,entity_0803,1,tabpfn,0.4991457164287567,0
entity_0886,entity_0759,1,tabpfn,0.50146484375,1
entity_0587,entity_0932,0,tabpfn,0.4989010989665985,0
entity_0597,entity_0943,0,tabpfn,0.50048828125,1
entity_0227,entity_0744,0,tabpfn,0.4990234375,0
entity_0361,entity_0488,1,tabpfn,0.4990234375,0
entity_0209,entity_0237,1,tabpfn,0.49951171875,0
entity_0370,entity_0633,1,tabpfn,0.49951171875,0
entity_0571,entity_0863,1,tabpfn,0.4989010989665985,0
entity_0321,entity_0362,0,tabpfn,0.5,1
entity_0417,entity_0522,0,tabpfn,0.49951171875,0
entity_0930,entity_0326,0,tabpfn,0.50048828125,1
entity_0585,entity_0829,0,tabpfn,0.49951171875,0
entity_0318,entity_0617,1,tabpfn,0.4989010989665985,0
entity_0047,entity_0170,0,tabpfn,0.5,1
entity_0739,entity_0407,1,tabpfn,0.50048828125,1
entity_0346,entity_0021,0,tabpfn,0.4990234375,0
entity_0099,entity_0263,1,tabpfn,0.49853515625,0
entity_0941,entity_0885,0,tabpfn,0.50146484375,1
entity_0148,entity_0894,1,tabpfn,0.4990234375,0
entity_0316,entity_0087,0,tabpfn,0.49951171875,0
entity_0753,entity_0928,1,tabpfn,0.50048828125,1
entity_0670,entity_0301,1,tabpfn,0.50146484375,1
entity_0930,entity_0754,0,tabpfn,0.50048828125,1
entity_0333,entity_0957,1,tabpfn,0.4998778998851776,0
entity_0366,entity_0671,1,tabpfn,0.4998778998851776,0
entity_0227,entity_0603,1,tabpfn,0.4990234375,0
entity_0628,entity_0887,0,tabpfn,0.5008543133735657,1
entity_0525,entity_0677,1,tabpfn,0.50048828125,1
entity_0312,entity_0642,0,tabpfn,0.4990234375,0
entity_0966,entity_0991,0,tabpfn,0.5018306374549866,1
entity_0734,entity_0116,1,tabpfn,0.5009765625,1
entity_0458,entity_0814,1,tabpfn,0.4991457164287567,0
entity_0261,entity_0602,1,tabpfn,0.4990234375,0
entity_0164,entity_0026,1,tabpfn,0.4998778998851776,0
entity_0544,entity_0684,0,tabpfn,0.49951171875,0
entity_0288,entity_0304,0,tabpfn,0.4991457164287567,0
entity_0154,entity_0228,1,tabpfn,0.4990234375,0
entity_0718,entity_0746,0,tabpfn,0.50048828125,1
entity_0154,entity_0899,1,tabpfn,0.4981693923473358,0
entity_0369,entity_0365,0,tabpfn,0.5,1
entity_0119,entity_0754,0,tabpfn,0.4991457164287567,0
entity_0892,entity_0037,1,tabpfn,0.50048828125,1
entity_0830,entity_0184,1,tabpfn,0.5,1
entity_0956,entity_0683,0,tabpfn,0.5,1
entity_0060,entity_0828,0,tabpfn,0.4990234375,0
entity_0716,entity_0295,1,tabpfn,0.50048828125,1
entity_0128,entity_0172,1,tabpfn,0.49951171875,0
entity_0049,entity_0829,1,tabpfn,0.4989010989665985,0
entity_0087,entity_0463,0,tabpfn,0.4970703125,0
entity_0288,entity_0926,0,tabpfn,0.49853515625,0
entity_0991,entity_0820,1,tabpfn,0.5009765625,1
entity_0377,entity_0617,1,tabpfn,0.4989010989665985,0
entity_0234,entity_0058,0,tabpfn,0.4981693923473358,0
entity_0822,entity_0372,1,tabpfn,0.5009765625,1
entity_0191,entity_0014,1,tabpfn,0.49755859375,0
entity_0456,entity_0250,1,tabpfn,0.5,1
entity_0121,entity_0338,1,tabpfn,0.49853515625,0
entity_0905,entity_0609,0,tabpfn,0.5,1
entity_0503,entity_0562,1,tabpfn,0.4990234375,0
entity_0032,entity_0329,0,tabpfn,0.49658203125,0
entity_0260,entity_0165,0,tabpfn,0.49853515625,0
entity_0946,entity_0090,0,tabpfn,0.4998778998851776,0
entity_0566,entity_0738,0,tabpfn,0.5008543133735657,1
entity_0019,entity_0847,0,tabpfn,0.498046875,0
entity_0508,entity_0955,1,tabpfn,0.49951171875,0
entity_0155,entity_0300,1,tabpfn,0.49951171875,0
entity_0428,entity_0750,0,tabpfn,0.50048828125,1
entity_0420,entity_0231,0,tabpfn,0.50146484375,1
entity_0623,entity_0175,1,tabpfn,0.50048828125,1
entity_0440,entity_0503,1,tabpfn,0.5,1
entity_0716,entity_0869,1,tabpfn,0.5,1
entity_0423,entity_0397,1,tabpfn,0.4998778998851776,0
entity_0065,entity_0053,1,tabpfn,0.498046875,0
entity_0018,entity_0559,1,tabpfn,0.49853515625,0
entity_0228,entity_0311,0,tabpfn,0.4990234375,0
entity_0302,entity_0878,1,tabpfn,0.4990234375,0
entity_0921,entity_0540,1,tabpfn,0.501953125,1
entity_0443,entity_0091,1,tabpfn,0.49951171875,0
entity_0330,entity_0060,0,tabpfn,0.50048828125,1
entity_0967,entity_0847,0,tabpfn,0.502075731754303,1
entity_0712,entity_0301,0,tabpfn,0.5,1
entity_0204,entity_0987,1,tabpfn,0.498046875,0
entity_0360,entity_0975,0,tabpfn,0.49853515625,0
entity_0985,entity_0242,0,tabpfn,0.50048828125,1
entity_0697,entity_0185,0,tabpfn,0.5009765625,1
entity_0825,entity_0661,1,tabpfn,0.50146484375,1
entity_0431,entity_0838,1,tabpfn,0.5,1
entity_0197,entity_0034,1,tabpfn,0.4990234375,0
entity_0844,entity_0399,1,tabpfn,0.5009765625,1
entity_0782,entity_0111,1,tabpfn,0.50048828125,1
entity_0379,entity_0335,0,tabpfn,0.50048828125,1
entity_0930,entity_0538,1,tabpfn,0.5008543133735657,1
entity_0265,entity_0057,1,tabpfn,0.5,1
entity_0673,entity_0456,1,tabpfn,0.50048828125,1
entity_0641,entity_0808,1,tabpfn,0.49951171875,0
entity_0313,entity_0304,1,tabpfn,0.5001221299171448,1
entity_0110,entity_0142,1,tabpfn,0.498046875,0
entity_1000,entity_0560,1,tabpfn,0.5009765625,1
entity_0651,entity_0697,1,tabpfn,0.50048828125,1
entity_0716,entity_0276,1,tabpfn,0.5001221299171448,1
entity_0093,entity_0809,1,tabpfn,0.49951171875,0
entity_0892,entity_0425,0,tabpfn,0.5009765625,1
entity_0129,entity_0690,0,tabpfn,0.49853515625,0
entity_0815,entity_0079,1,tabpfn,0.4998778998851776,0
entity_0947,entity_0979,1,tabpfn,0.5009765625,1
entity_0058,entity_0373,1,tabpfn,0.49755859375,0
entity_0723,entity_0457,0,tabpfn,0.49951171875,0
entity_0022,entity_0781,1,tabpfn,0.49853515625,0
entity_0640,entity_0471,0,tabpfn,0.50048828125,1
entity_0062,entity_0661,0,tabpfn,0.4990234375,0
entity_0427,entity_0518,0,tabpfn,0.5,1
entity_0067,entity_0752,1,tabpfn,0.49951171875,0
entity_0569,entity_0530,0,tabpfn,0.50048828125,1
entity_0352,entity_0429,0,tabpfn,0.4991457164287567,0
entity_0345,entity_0472,0,tabpfn,0.5,1
entity_0350,entity_0760,1,tabpfn,0.5001221299171448,1
entity_0895,entity_0865,1,tabpfn,0.5008543133735657,1
entity_0444,entity_0988,1,tabpfn,0.4990234375,0
entity_0375,entity_0655,0,tabpfn,0.49853515625,0
entity_0153,entity_0616,1,tabpfn,0.4989010989665985,0
entity_0597,entity_0546,0,tabpfn,0.4979242980480194,0
entity_0194,entity_0765,1,tabpfn,0.4990234375,0
entity_0508,entity_0987,1,tabpfn,0.4990234375,0
entity_0070,entity_0305,1,tabpfn,0.49853515625,0
entity_0695,entity_0115,1,tabpfn,0.50048828125,1
entity_0662,entity_0654,1,tabpfn,0.49951171875,0
entity_0212,entity_0107,0,tabpfn,0.4990234375,0
entity_0383,entity_0025,1,tabpfn,0.498046875,0
entity_0214,entity_0722,1,tabpfn,0.49951171875,0
entity_0409,entity_0666,1,tabpfn,0.5,1
entity_0164,entity_0942,0,tabpfn,0.4990234375,0
entity_0789,entity_0312,1,tabpfn,0.50048828125,1
entity_0064,entity_0532,0,tabpfn,0.49755859375,0
entity_0684,entity_0670,1,tabpfn,0.5,1
entity_0581,entity_0065,0,tabpfn,0.4991457164287567,0
entity_0672,entity_0240,0,tabpfn,0.5009765625,1
entity_0255,entity_0225,1,tabpfn,0.49951171875,0
entity_0136,entity_0881,1,tabpfn,0.49951171875,0
entity_0287,entity_0202,0,tabpfn,0.49951171875,0
entity_0580,entity_0307,0,tabpfn,0.5009765625,1
entity_0683,entity_0699,0,tabpfn,0.5,1
entity_0684,entity_0197,1,tabpfn,0.4998778998851776,0
entity_0589,entity_0033,0,tabpfn,0.49853515625,0
entity_0583,entity_0842,1,tabpfn,0.5008543133735657,1
entity_0252,entity_0760,1,tabpfn,0.4990234375,0
entity_0929,entity_0131,1,tabpfn,0.50048828125,1
entity_0155,entity_0516,0,tabpfn,0.49853515625,0
entity_0609,entity_0009,1,tabpfn,0.498046875,0
entity_0909,entity_0598,1,tabpfn,0.5008543133735657,1
entity_0830,entity_0489,1,tabpfn,0.4998778998851776,0
entity_0187,entity_0302,1,tabpfn,0.498046875,0
entity_0599,entity_0556,0,tabpfn,0.49951171875,0
entity_0088,entity_0815,0,tabpfn,0.4990234375,0
entity_0308,entity_0809,1,tabpfn,0.4990234375,0
entity_0430,entity_0669,1,tabpfn,0.4998778998851776,0
entity_0514,entity_0921,1,tabpfn,0.4991457164287567,0
entity_0047,entity_0182,0,tabpfn,0.49755859375,0
entity_0602,entity_0415,1,tabpfn,0.4990234375,0
entity_0383,entity_0663,1,tabpfn,0.4981693923473358,0
entity_0566,entity_0447,1,tabpfn,0.50048828125,1
entity_0139,entity_0887,1,tabpfn,0.49951171875,0
entity_0810,entity_0661,1,tabpfn,0.50048828125,1
entity_0513,entity_0570,1,tabpfn,0.4998778998851776,0
entity_0001,entity_0948,0,tabpfn,0.4989010989665985,0
entity_0052,entity_0291,1,tabpfn,0.4979242980480194,0
entity_0579,entity_0834,0,tabpfn,0.4991457164287567,0
entity_0683,entity_0026,0,tabpfn,0.4991457164287567,0
entity_0044,entity_0851,1,tabpfn,0.49951171875,0
entity_0042,entity_0546,0,tabpfn,0.4979242980480194,0
entity_0780,entity_0841,0,tabpfn,0.5008543133735657,1
entity_0664,entity_0835,0,tabpfn,0.49951171875,0
entity_0491,entity_0723,0,tabpfn,0.50048828125,1
entity_0634,entity_0831,0,tabpfn,0.5,1
entity_0723,entity_0665,1,tabpfn,0.49951171875,0
entity_0335,entity_0299,1,tabpfn,0.49951171875,0
entity_0895,entity_0776,0,tabpfn,0.5009765625,1
entity_0219,entity_0744,0,tabpfn,0.49853515625,0
entity_0686,entity_0631,1,tabpfn,0.50048828125,1
entity_0665,entity_0943,1,tabpfn,0.49853515625,0
entity_0177,entity_0045,0,tabpfn,0.4990234375,0
entity_0414,entity_0329,1,tabpfn,0.4998778998851776,0
entity_0002,entity_0900,0,tabpfn,0.4998778998851776,0
entity_0139,entity_0803,0,tabpfn,0.49951171875,0
entity_0544,entity_0318,0,tabpfn,0.50146484375,1
entity_0951,entity_0239,0,tabpfn,0.5009765625,1
entity_0368,entity_0281,1,tabpfn,0.4990234375,0
entity_0663,entity_0386,1,tabpfn,0.5001221299171448,1
entity_0327,entity_0307,1,tabpfn,0.49951171875,0
entity_0608,entity_0128,0,tabpfn,0.4990234375,0
entity_0093,entity_0368,0,tabpfn,0.4970703125,0
entity_0254,entity_0266,1,tabpfn,0.49951171875,0
entity_0003,entity_0364,1,tabpfn,0.4981693923473358,0
entity_0328,entity_0965,0,tabpfn,0.50048828125,1
entity_0142,entity_0800,0,tabpfn,0.49853515625,0
entity_0753,entity_0559,0,tabpfn,0.50048828125,1
entity_0393,entity_0897,0,tabpfn,0.5,1
entity_0782,entity_0451,1,tabpfn,0.50048828125,1
entity_0595,entity_0447,1,tabpfn,0.5,1
entity_0830,entity_0179,0,tabpfn,0.50048828125,1
entity_0778,entity_0787,1,tabpfn,0.50048828125,1
entity_0339,entity_0666,0,tabpfn,0.4991457164287567,0
entity_0571,entity_0169,0,tabpfn,0.4998778998851776,0
entity_0384,entity_0994,1,tabpfn,0.49853515625,0
entity_0750,entity_0160,0,tabpfn,0.50048828125,1
entity_0869,entity_0168,1,tabpfn,0.50048828125,1
entity_0883,entity_0272,0,tabpfn,0.50048828125,1
entity_0841,entity_0112,1,tabpfn,0.5008543133735657,1
entity_0652,entity_0633,0,tabpfn,0.498046875,0
entity_0504,entity_0222,1,tabpfn,0.5008543133735657,1
entity_0041,entity_0255,1,tabpfn,0.49755859375,0
entity_0720,entity_0982,1,tabpfn,0.49951171875,0
entity_0604,entity_0228,1,tabpfn,0.5,1
entity_0065,entity_0852,1,tabpfn,0.4990234375,0
entity_0337,entity_0559,0,tabpfn,0.5,1
entity_0310,entity_0963,0,tabpfn,0.498046875,0
entity_0725,entity_0102,1,tabpfn,0.49951171875,0
entity_0490,entity_0580,1,tabpfn,0.4989010989665985,0
entity_0325,entity_0444,0,tabpfn,0.49853515625,0
entity_0531,entity_0396,0,tabpfn,0.50048828125,1
entity_0652,entity_0979,0,tabpfn,0.49951171875,0
entity_0430,entity_0274,1,tabpfn,0.50048828125,1
entity_0998,entity_0839,1,tabpfn,0.5010989308357239,1
entity_0598,entity_0800,0,tabpfn,0.4998778998851776,0
entity_0509,entity_0062,0,tabpfn,0.4990234375,0
entity_0148,entity_0882,1,tabpfn,0.4990234375,0
entity_0118,entity_0581,0,tabpfn,0.49853515625,0
entity_0659,entity_0276,0,tabpfn,0.5008543133735657,1
entity_0063,entity_0661,1,tabpfn,0.4981693923473358,0
entity_0586,entity_0793,1,tabpfn,0.498046875,0
entity_0182,entity_0861,0,tabpfn,0.49853515625,0
entity_0431,entity_0277,0,tabpfn,0.4990234375,0
entity_0400,entity_0471,1,tabpfn,0.5,1
entity_0864,entity_0725,1,tabpfn,0.50048828125,1
entity_0326,entity_0565,0,tabpfn,0.4990234375,0
entity_0629,entity_0893,0,tabpfn,0.5,1
entity_0659,entity_0742,1,tabpfn,0.5009765625,1
entity_0427,entity_0386,1,tabpfn,0.4998778998851776,0
entity_0995,entity_0102,0,tabpfn,0.50048828125,1
entity_0653,entity_0912,1,tabpfn,0.5,1
entity_0737,entity_0491,0,tabpfn,0.5010989308357239,1
entity_0495,entity_0801,0,tabpfn,0.49951171875,0
entity_0370,entity_0850,0,tabpfn,0.4990234375,0
entity_0948,entity_0111,0,tabpfn,0.5009765625,1
entity_0663,entity_0590,0,tabpfn,0.5,1
entity_0327,entity_0642,0,tabpfn,0.49853515625,0
entity_0993,entity_0057,0,tabpfn,0.4998778998851776,0
entity_0385,entity_0979,0,tabpfn,0.49951171875,0
entity_0816,entity_0692,0,tabpfn,0.50048828125,1
entity_0428,entity_0355,0,tabpfn,0.49951171875,0
entity_0255,entity_0679,0,tabpfn,0.49951171875,0
entity_0173,entity_0371,0,tabpfn,0.4981693923473358,0
entity_0831,entity_0660,1,tabpfn,0.50048828125,1
entity_0818,entity_0962,0,tabpfn,0.5,1
entity_0350,entity_0605,1,tabpfn,0.498046875,0
entity_0133,entity_0731,0,tabpfn,0.4998778998851776,0
entity_0972,entity_0555,0,tabpfn,0.50048828125,1
entity_0986,entity_0261,1,tabpfn,0.501953125,1
entity_0058,entity_0099,1,tabpfn,0.5001221299171448,1
entity_0816,entity_0465,0,tabpfn,0.50048828125,1
entity_0794,entity_0855,0,tabpfn,0.5008543133735657,1
entity_0998,entity_0532,0,tabpfn,0.5010989308357239,1
entity_0515,entity_0357,1,tabpfn,0.5,1
entity_0458,entity_0976,0,tabpfn,0.4998778998851776,0
entity_0074,entity_0725,0,tabpfn,0.49853515625,0
entity_0516,entity_0794,1,tabpfn,0.4990234375,0
entity_0717,entity_0681,0,tabpfn,0.50048828125,1
entity_0493,entity_0967,0,tabpfn,0.49951171875,0
entity_0300,entity_0184,1,tabpfn,0.50048828125,1
entity_0679,entity_0005,1,tabpfn,0.49951171875,0
entity_0472,entity_0677,0,tabpfn,0.5,1
entity_0968,entity_0982,0,tabpfn,0.4990234375,0
entity_0106,entity_0148,1,tabpfn,0.49755859375,0
entity_0722,entity_0947,1,tabpfn,0.4990234375,0
entity_0418,entity_0402,0,tabpfn,0.5008543133735657,1
entity_0193,entity_0696,1,tabpfn,0.4990234375,0
entity_0205,entity_0130,1,tabpfn,0.49853515625,0
entity_0671,entity_0905,0,tabpfn,0.49951171875,0
entity_0278,entity_0871,1,tabpfn,0.4998778998851776,0
entity_0858,entity_0380,1,tabpfn,0.50146484375,1
entity_0513,entity_0136,1,tabpfn,0.4998778998851776,0
entity_0384,entity_0328,1,tabpfn,0.5001221299171448,1
entity_0332,entity_0358,1,tabpfn,0.50048828125,1
entity_0585,entity_0824,1,tabpfn,0.5,1
entity_0145,entity_0498,1,tabpfn,0.4970703125,0
entity_0864,entity_0762,0,tabpfn,0.5008543133735657,1
entity_0013,entity_0570,0,tabpfn,0.498046875,0
entity_0475,entity_0943,1,tabpfn,0.49853515625,0
entity_0989,entity_0358,0,tabpfn,0.5008543133735657,1
entity_0156,entity_0821,1,tabpfn,0.4991457164287567,0
entity_0815,entity_0496,1,tabpfn,0.49951171875,0
entity_0300,entity_0798,0,tabpfn,0.4990234375,0
entity_0252,entity_0373,0,tabpfn,0.4989010989665985,0
entity_0314,entity_0064,0,tabpfn,0.4990234375,0
entity_0905,entity_0033,1,tabpfn,0.4990234375,0
entity_0449,entity_0849,0,tabpfn,0.5001221299171448,1
entity_0821,entity_0928,1,tabpfn,0.50048828125,1
entity_0456,entity_0600,0,tabpfn,0.49951171875,0
entity_0292,entity_0373,0,tabpfn,0.5,1
entity_0222,entity_0745,1,tabpfn,0.4991457164287567,0
entity_0076,entity_0464,1,tabpfn,0.498046875,0
entity_0968,entity_0603,0,tabpfn,0.50048828125,1
entity_0709,entity_0970,0,tabpfn,0.5,1
entity_0329,entity_0956,1,tabpfn,0.49951171875,0
entity_0782,entity_0311,0,tabpfn,0.5018306374549866,1
entity_0996,entity_0277,1,tabpfn,0.501953125,1
entity_0195,entity_0889,0,tabpfn,0.4990234375,0
entity_0868,entity_0757,0,tabpfn,0.5028069615364075,1
entity_0447,entity_0641,0,tabpfn,0.5,1
entity_0100,entity_0203,1,tabpfn,0.498046875,0
entity_0152,entity_0976,0,tabpfn,0.498046875,0
entity_0768,entity_0159,1,tabpfn,0.50146484375,1
entity_0950,entity_0103,1,tabpfn,0.5,1
entity_0774,entity_0474,0,tabpfn,0.5001221299171448,1
entity_0251,entity_0188,0,tabpfn,0.498046875,0
entity_0707,entity_0870,0,tabpfn,0.49853515625,0
entity_0959,entity_0367,1,tabpfn,0.5009765625,1
entity_0234,entity_0844,1,tabpfn,0.498046875,0
entity_0020,entity_0002,1,tabpfn,0.4989010989665985,0
entity_0719,entity_0268,1,tabpfn,0.4990234375,0
entity_0238,entity_0870,0,tabpfn,0.4991457164287567,0
entity_0753,entity_0020,1,tabpfn,0.4989010989665985,0
entity_0232,entity_0347,1,tabpfn,0.5,1
entity_0576,entity_0390,0,tabpfn,0.5009765625,1
entity_0741,entity_0885,0,tabpfn,0.50048828125,1
entity_0143,entity_0620,0,tabpfn,0.4989010989665985,0
entity_0295,entity_0628,1,tabpfn,0.49853515625,0
entity_0042,entity_0755,1,tabpfn,0.49853515625,0
entity_0761,entity_0304,1,tabpfn,0.5,1
entity_0824,entity_0731,1,tabpfn,0.5009765625,1
entity_0493,entity_0586,1,tabpfn,0.4991457164287567,0
entity_0349,entity_0566,0,tabpfn,0.4989010989665985,0
entity_0947,entity_0221,0,tabpfn,0.501953125,1
entity_0096,entity_0379,1,tabpfn,0.4971930682659149,0
entity_0312,entity_0904,0,tabpfn,0.49853515625,0
entity_0780,entity_0611,0,tabpfn,0.5010989308357239,1
entity_0041,entity_0608,1,tabpfn,0.49853515625,0
entity_0275,entity_0543,1,tabpfn,0.49951171875,0
entity_0912,entity_0604,1,tabpfn,0.5009765625,1
entity_0369,entity_0296,0,tabpfn,0.49951171875,0
entity_0862,entity_0109,1,tabpfn,0.50048828125,1
entity_0725,entity_0325,0,tabpfn,0.5,1
entity_0348,entity_0328,1,tabpfn,0.4998778998851776,0
entity_0122,entity_0331,1,tabpfn,0.4981693923473358,0
entity_0388,entity_0060,0,tabpfn,0.49951171875,0
entity_0844,entity_0064,0,tabpfn,0.5,1
entity_0003,entity_0784,1,tabpfn,0.4990234375,0
entity_0626,entity_0985,1,tabpfn,0.49951171875,0
entity_0332,entity_0544,1,tabpfn,0.5001221299171448,1
entity_0045,entity_0680,0,tabpfn,0.49853515625,0
entity_0488,entity_0448,1,tabpfn,0.5,1
entity_0369,entity_0811,1,tabpfn,0.5,1
entity_0511,entity_0850,1,tabpfn,0.5,1
entity_0382,entity_0121,1,tabpfn,0.4990234375,0
entity_0599,entity_0075,1,tabpfn,0.49951171875,0
entity_0719,entity_0118,0,tabpfn,0.50048828125,1
entity_0249,entity_0488,1,tabpfn,0.4990234375,0
entity_0145,entity_0786,1,tabpfn,0.4998778998851776,0
entity_0154,entity_0904,1,tabpfn,0.4990234375,0
entity_0660,entity_0506,1,tabpfn,0.5008543133735657,1
entity_0948,entity_0726,0,tabpfn,0.5009765625,1
entity_0375,entity_0985,0,tabpfn,0.50048828125,1
entity_0056,entity_0052,1,tabpfn,0.496216744184494,0
entity_0995,entity_0213,1,tabpfn,0.5008543133735657,1
entity_0131,entity_0230,0,tabpfn,0.49853515625,0
entity_0707,entity_0555,0,tabpfn,0.4991457164287567,0
entity_0579,entity_0614,1,tabpfn,0.5,1
entity_0770,entity_0728,0,tabpfn,0.5008543133735657,1
entity_0152,entity_0138,1,tabpfn,0.498046875,0
entity_0667,entity_0978,1,tabpfn,0.5,1
entity_0192,entity_0350,1,tabpfn,0.4998778998851776,0
entity_0994,entity_0126,1,tabpfn,0.5009765625,1
entity_0148,entity_0612,1,tabpfn,0.4989010989665985,0
entity_0484,entity_0490,1,tabpfn,0.49951171875,0
entity_0341,entity_0108,0,tabpfn,0.49951171875,0
entity_0897,entity_0602,1,tabpfn,0.501953125,1
entity_0714,entity_0396,0,tabpfn,0.5008543133735657,1
entity_0571,entity_0682,0,tabpfn,0.49951171875,0
entity_0534,entity_0391,1,tabpfn,0.5009765625,1
entity_0781,entity_0765,1,tabpfn,0.5009765625,1
entity_0735,entity_0286,1,tabpfn,0.5001221299171448,1
entity_0641,entity_0974,1,tabpfn,0.4990234375,0
entity_0141,entity_0288,0,tabpfn,0.4991457164287567,0
entity_0693,entity_0521,0,tabpfn,0.5010989308357239,1
entity_0412,entity_0461,1,tabpfn,0.49951171875,0
entity_0276,entity_0295,1,tabpfn,0.49951171875,0
entity_0862,entity_0713,0,tabpfn,0.5001221299171448,1
entity_0558,entity_0545,1,tabpfn,0.5,1
entity_0925,entity_0414,1,tabpfn,0.5009765625,1
entity_0091,entity_0878,0,tabpfn,0.49853515625,0
entity_0059,entity_0447,1,tabpfn,0.498046875,0
entity_0957,entity_0017,1,tabpfn,0.5,1
entity_0257,entity_0741,0,tabpfn,0.5001221299171448,1
entity_0633,entity_0349,0,tabpfn,0.4990234375,0
entity_0753,entity_0275,0,tabpfn,0.49951171875,0
entity_0295,entity_0869,1,tabpfn,0.4990234375,0
entity_0381,entity_0591,1,tabpfn,0.4990234375,0
entity_0845,entity_0471,0,tabpfn,0.50146484375,1
entity_0901,entity_0094,1,tabpfn,0.5001221299171448,1
entity_0824,entity_0880,0,tabpfn,0.5009765625,1
entity_0133,entity_0546,1,tabpfn,0.498046875,0
entity_0237,entity_0342,1,tabpfn,0.49853515625,0
entity_0466,entity_0299,0,tabpfn,0.50048828125,1
entity_0630,entity_0348,0,tabpfn,0.4998778998851776,0
entity_0778,entity_0640,0,tabpfn,0.5018306374549866,1
entity_0895,entity_0463,1,tabpfn,0.5009765625,1
entity_0741,entity_0757,1,tabpfn,0.5001221299171448,1
entity_0497,entity_0454,0,tabpfn,0.49853515625,0
entity_0215,entity_0078,0,tabpfn,0.4990234375,0
entity_0884,entity_0804,0,tabpfn,0.50146484375,1
entity_0993,entity_0932,1,tabpfn,0.50048828125,1
entity_0002,entity_0928,1,tabpfn,0.49853515625,0
entity_0870,entity_0298,0,tabpfn,0.50048828125,1
entity_0022,entity_0765,1,tabpfn,0.49951171875,0
entity_0789,entity_0634,1,tabpfn,0.5,1
entity_0678,entity_0223,0,tabpfn,0.5008543133735657,1
entity_0741,entity_0056,0,tabpfn,0.49951171875,0
entity_0603,entity_0984,0,tabpfn,0.4990234375,0
entity_0982,entity_0127,0,tabpfn,0.5009765625,1
entity_0237,entity_0491,1,tabpfn,0.4990234375,0
entity_0762,entity_0905,0,tabpfn,0.50048828125,1
entity_0747,entity_0037,0,tabpfn,0.50048828125,1
entity_0036,entity_0592,1,tabpfn,0.4981693923473358,0
entity_0616,entity_0443,1,tabpfn,0.5,1
entity_0696,entity_0837,1,tabpfn,0.49951171875,0
entity_0706,entity_0300,0,tabpfn,0.5008543133735657,1
entity_0883,entity_0985,1,tabpfn,0.5,1
entity_0359,entity_0036,1,tabpfn,0.4990234375,0
entity_0712,entity_0213,1,tabpfn,0.5,1
entity_0283,entity_0006,0,tabpfn,0.49853515625,0
entity_0889,entity_0212,0,tabpfn,0.5009765625,1
entity_0074,entity_0291,0,tabpfn,0.4990234375,0
entity_0707,entity_0240,1,tabpfn,0.50048828125,1
entity_0432,entity_0868,0,tabpfn,0.5008543133735657,1
entity_0051,entity_0548,0,tabpfn,0.498046875,0
entity_0346,entity_0289,1,tabpfn,0.50048828125,1
entity_0065,entity_0434,0,tabpfn,0.498046875,0
entity_0820,entity_0902,0,tabpfn,0.50048828125,1
entity_0876,entity_0826,0,tabpfn,0.50048828125,1
entity_0827,entity_0989,1,tabpfn,0.50048828125,1
entity_0066,entity_0934,1,tabpfn,0.49853515625,0
entity_0229,entity_0436,0,tabpfn,0.49853515625,0
entity_0173,entity_0023,1,tabpfn,0.49853515625,0
entity_0655,entity_0850,0,tabpfn,0.49951171875,0
entity_0475,entity_0735,1,tabpfn,0.49951171875,0
entity_0356,entity_0402,0,tabpfn,0.5001221299171448,1
entity_0047,entity_0712,0,tabpfn,0.49853515625,0
entity_0111,entity_0451,1,tabpfn,0.49658203125,0
entity_0543,entity_0687,1,tabpfn,0.49853515625,0
entity_0117,entity_0527,0,tabpfn,0.4990234375,0
entity_0522,entity_0115,1,tabpfn,0.49951171875,0
entity_0842,entity_0454,0,tabpfn,0.50146484375,1
entity_0067,entity_0104,1,tabpfn,0.49853515625,0
entity_0045,entity_0588,0,tabpfn,0.498046875,0
entity_0953,entity_0182,0,tabpfn,0.5009765625,1
entity_0150,entity_0786,0,tabpfn,0.4989010989665985,0
entity_0184,entity_0387,0,tabpfn,0.49853515625,0
entity_0720,entity_0536,0,tabpfn,0.5,1
entity_0785,entity_0720,1,tabpfn,0.49853515625,0
entity_0242,entity_0163,0,tabpfn,0.49853515625,0
entity_0590,entity_0727,0,tabpfn,0.49951171875,0
entity_0856,entity_0623,1,tabpfn,0.5010989308357239,1
entity_0305,entity_0056,0,tabpfn,0.4991457164287567,0
entity_0166,entity_0929,1,tabpfn,0.49853515625,0
entity_0248,entity_0239,1,tabpfn,0.498046875,0
entity_0118,entity_0511,1,tabpfn,0.49853515625,0
entity_0090,entity_0857,1,tabpfn,0.49951171875,0
entity_0614,entity_0353,0,tabpfn,0.50048828125,1
entity_0498,entity_0853,1,tabpfn,0.4990234375,0
entity_0838,entity_0376,0,tabpfn,0.5008543133735657,1
entity_0174,entity_0375,0,tabpfn,0.4990234375,0
entity_0330,entity_0864,1,tabpfn,0.4990234375,0
entity_0889,entity_0894,0,tabpfn,0.50048828125,1
entity_0485,entity_0568,0,tabpfn,0.5,1
entity_0526,entity_0289,1,tabpfn,0.50048828125,1
entity_0224,entity_0839,0,tabpfn,0.5,1
entity_0865,entity_0851,0,tabpfn,0.5009765625,1
entity_0051,entity_0625,0,tabpfn,0.498046875,0
entity_0195,entity_0636,1,tabpfn,0.4990234375,0
entity_0892,entity_0443,0,tabpfn,0.5,1
entity_0794,entity_0379,0,tabpfn,0.50048828125,1
entity_0747,entity_0246,1,tabpfn,0.5008543133735657,1
entity_0960,entity_0556,0,tabpfn,0.50146484375,1
entity_0338,entity_0271,1,tabpfn,0.5001221299171448,1
entity_0964,entity_0993,0,tabpfn,0.50146484375,1
entity_0868,entity_0686,1,tabpfn,0.50146484375,1
entity_0945,entity_0355,0,tabpfn,0.501953125,1
entity_0634,entity_0238,1,tabpfn,0.5,1
entity_0263,entity_0246,0,tabpfn,0.49951171875,0
entity_0844,entity_0974,1,tabpfn,0.5001221299171448,1
entity_0327,entity_0894,1,tabpfn,0.4991457164287567,0
entity_0590,entity_0992,0,tabpfn,0.4990234375,0
entity_0918,entity_0667,1,tabpfn,0.50048828125,1
entity_0715,entity_0023,1,tabpfn,0.4998778998851776,0
entity_0776,entity_0379,0,tabpfn,0.501953125,1
entity_0718,entity_0891,0,tabpfn,0.49951171875,0
entity_0084,entity_0854,1,tabpfn,0.49951171875,0
entity_0025,entity_0386,1,tabpfn,0.4981693923473358,0
entity_0787,entity_0823,1,tabpfn,0.5,1
entity_0592,entity_0619,0,tabpfn,0.4998778998851776,0
entity_0992,entity_0178,0,tabpfn,0.5009765625,1
entity_0383,entity_0940,1,tabpfn,0.4989010989665985,0
entity_0106,entity_0327,1,tabpfn,0.49951171875,0
entity_0551,entity_0267,1,tabpfn,0.50048828125,1
entity_0641,entity_0303,1,tabpfn,0.4990234375,0
entity_0273,entity_0862,1,tabpfn,0.49853515625,0
entity_0632,entity_0243,0,tabpfn,0.4991457164287567,0
entity_0588,entity_0055,1,tabpfn,0.4990234375,0
entity_0406,entity_0969,0,tabpfn,0.49951171875,0
entity_0226,entity_0485,1,tabpfn,0.49853515625,0
entity_0091,entity_0819,0,tabpfn,0.4990234375,0
entity_0511,entity_0916,1,tabpfn,0.4990234375,0
entity_0797,entity_0846,0,tabpfn,0.5009765625,1
entity_0709,entity_0127,0,tabpfn,0.5009765625,1
entity_0385,entity_0898,0,tabpfn,0.5,1
entity_0266,entity_0981,1,tabpfn,0.49951171875,0
entity_0732,entity_0411,1,tabpfn,0.5009765625,1
entity_0778,entity_0710,0,tabpfn,0.5009765625,1
entity_0576,entity_0394,1,tabpfn,0.5,1
entity_0939,entity_0881,0,tabpfn,0.50146484375,1
entity_0557,entity_0053,1,tabpfn,0.4990234375,0
entity_0177,entity_0990,0,tabpfn,0.49951171875,0
entity_0696,entity_0191,0,tabpfn,0.5,1
entity_0883,entity_0626,1,tabpfn,0.50146484375,1
entity_0168,entity_0908,0,tabpfn,0.49951171875,0
entity_0061,entity_0504,1,tabpfn,0.4970703125,0
entity_0436,entity_0091,0,tabpfn,0.49951171875,0
entity_0172,entity_0766,1,tabpfn,0.49853515625,0
entity_0004,entity_0472,1,tabpfn,0.4970703125,0
entity_0244,entity_0373,0,tabpfn,0.4990234375,0
entity_0771,entity_0692,1,tabpfn,0.5,1
entity_0220,entity_0662,0,tabpfn,0.4989010989665985,0
entity_0567,entity_0091,0,tabpfn,0.5,1
entity_0665,entity_0735,1,tabpfn,0.4990234375,0
entity_0775,entity_0219,1,tabpfn,0.5,1
entity_0523,entity_0772,0,tabpfn,0.49951171875,0
entity_0868,entity_0356,1,tabpfn,0.5018306374549866,1
entity_0673,entity_0901,1,tabpfn,0.49853515625,0
entity_0886,entity_0152,1,tabpfn,0.5,1
entity_0975,entity_0833,1,tabpfn,0.5009765625,1
entity_0079,entity_0521,1,tabpfn,0.4981693923473358,0
entity_0713,entity_0008,1,tabpfn,0.49951171875,0
entity_0035,entity_0521,0,tabpfn,0.49755859375,0
entity_0345,entity_0957,0,tabpfn,0.4990234375,0
entity_0577,entity_0415,1,tabpfn,0.5008543133735657,1
entity_0107,entity_0340,1,tabpfn,0.4990234375,0
entity_0165,entity_0605,1,tabpfn,0.498046875,0
entity_0004,entity_0829,0,tabpfn,0.4990234375,0
entity_0301,entity_0433,1,tabpfn,0.4990234375,0
entity_0048,entity_0813,1,tabpfn,0.49853515625,0
entity_0946,entity_0001,1,tabpfn,0.4990234375,0
entity_0428,entity_0639,1,tabpfn,0.4998778998851776,0
entity_0519,entity_0973,1,tabpfn,0.4989010989665985,0
entity_0723,entity_0420,0,tabpfn,0.5009765625,1
entity_0856,entity_0137,0,tabpfn,0.5009765625,1
entity_0745,entity_0504,1,tabpfn,0.5,1
entity_0271,entity_0919,1,tabpfn,0.50048828125,1
entity_0836,entity_0452,0,tabpfn,0.5,1
entity_0624,entity_0654,0,tabpfn,0.5008543133735657,1
entity_0797,entity_0750,1,tabpfn,0.5001221299171448,1
entity_0958,entity_0344,1,tabpfn,0.5008543133735657,1
entity_0746,entity_0510,0,tabpfn,0.50146484375,1
entity_0735,entity_0777,1,tabpfn,0.50048828125,1
entity_0810,entity_0889,1,tabpfn,0.50048828125,1
entity_0336,entity_0111,1,tabpfn,0.49951171875,0
entity_0129,entity_0841,1,tabpfn,0.4990234375,0
entity_0136,entity_0126,0,tabpfn,0.49853515625,0
entity_0038,entity_0065,0,tabpfn,0.49755859375,0
entity_0312,entity_0954,0,tabpfn,0.49951171875,0
entity_0333,entity_0794,1,tabpfn,0.49951171875,0
entity_0494,entity_0002,0,tabpfn,0.4990234375,0
entity_0166,entity_0131,1,tabpfn,0.5001221299171448,1
entity_0143,entity_0645,1,tabpfn,0.4979242980480194,0
entity_0366,entity_0375,1,tabpfn,0.49951171875,0
entity_0864,entity_0946,0,tabpfn,0.50048828125,1
entity_0139,entity_0532,0,tabpfn,0.4989010989665985,0
entity_0197,entity_0272,0,tabpfn,0.49853515625,0
entity_0673,entity_0756,0,tabpfn,0.5009765625,1
entity_0233,entity_0657,1,tabpfn,0.4990234375,0
entity_0822,entity_0924,1,tabpfn,0.50146484375,1
entity_0178,entity_0545,0,tabpfn,0.4981693923473358,0
entity_0939,entity_0529,0,tabpfn,0.50146484375,1
entity_0741,entity_0905,0,tabpfn,0.50048828125,1
entity_0593,entity_0140,0,tabpfn,0.4981693923473358,0
entity_0702,entity_0371,1,tabpfn,0.50146484375,1
entity_0664,entity_0795,0,tabpfn,0.50048828125,1
entity_0816,entity_0564,1,tabpfn,0.4998778998851776,0
entity_0543,entity_0522,1,tabpfn,0.50146484375,1
entity_0057,entity_0549,1,tabpfn,0.49853515625,0
entity_0657,entity_0728,0,tabpfn,0.50048828125,1
entity_0881,entity_0492,0,tabpfn,0.5009765625,1
entity_0216,entity_0852,0,tabpfn,0.49951171875,0
entity_0894,entity_0010,0,tabpfn,0.4998778998851776,0
entity_0430,entity_0517,0,tabpfn,0.49951171875,0
entity_0364,entity_0084,1,tabpfn,0.4990234375,0
entity_0988,entity_0140,1,tabpfn,0.50146484375,1
entity_0368,entity_0408,1,tabpfn,0.49951171875,0
entity_0904,entity_0657,0,tabpfn,0.50048828125,1
entity_0390,entity_0604,1,tabpfn,0.4990234375,0
entity_0031,entity_0886,1,tabpfn,0.4990234375,0
entity_0208,entity_0682,1,tabpfn,0.4991457164287567,0
entity_0800,entity_0654,1,tabpfn,0.5009765625,1
entity_0495,entity_0673,0,tabpfn,0.50048828125,1
entity_0364,entity_0438,0,tabpfn,0.4990234375,0
entity_0273,entity_0295,0,tabpfn,0.4998778998851776,0
entity_0128,entity_0757,0,tabpfn,0.4990234375,0
entity_0951,entity_0126,1,tabpfn,0.50048828125,1
entity_0255,entity_0929,1,tabpfn,0.4991457164287567,0
entity_0679,entity_0872,1,tabpfn,0.4998778998851776,0
entity_0726,entity_0400,0,tabpfn,0.50048828125,1
entity_0724,entity_0205,1,tabpfn,0.5,1
entity_0061,entity_0463,0,tabpfn,0.49853515625,0
entity_0553,entity_0883,1,tabpfn,0.4998778998851776,0
entity_0319,entity_0484,1,tabpfn,0.4998778998851776,0
entity_0113,entity_0636,1,tabpfn,0.498046875,0
entity_0013,entity_0137,1,tabpfn,0.4971930682659149,0
entity_0190,entity_0210,0,tabpfn,0.4991457164287567,0
entity_0801,entity_0395,0,tabpfn,0.4990234375,0
entity_0637,entity_0260,1,tabpfn,0.5009765625,1
entity_0277,entity_0627,0,tabpfn,0.4991457164287567,0
entity_0162,entity_0145,0,tabpfn,0.4998778998851776,0
entity_0731,entity_0037,0,tabpfn,0.4990234375,0
entity_0018,entity_0025,0,tabpfn,0.498046875,0
entity_0949,entity_0561,1,tabpfn,0.5010989308357239,1
entity_0720,entity_0199,1,tabpfn,0.50048828125,1
entity_0936,entity_0817,1,tabpfn,0.5009765625,1
entity_0537,entity_0239,1,tabpfn,0.4998778998851776,0
entity_0168,entity_0295,1,tabpfn,0.498046875,0
entity_0713,entity_0003,0,tabpfn,0.5,1
entity_0388,entity_0798,0,tabpfn,0.49951171875,0
entity_0204,entity_0446,1,tabpfn,0.49755859375,0
entity_0072,entity_0085,1,tabpfn,0.4969474971294403,0
entity_0840,entity_0509,1,tabpfn,0.501953125,1
entity_0098,entity_0891,0,tabpfn,0.4990234375,0
entity_0120,entity_0564,0,tabpfn,0.49853515625,0
entity_0884,entity_0527,0,tabpfn,0.50146484375,1
entity_0599,entity_0211,1,tabpfn,0.5,1
entity_0993,entity_0196,1,tabpfn,0.5009765625,1
entity_0213,entity_0828,1,tabpfn,0.4991457164287567,0
entity_0388,entity_0518,0,tabpfn,0.5001221299171448,1
entity_0799,entity_0968,1,tabpfn,0.5008543133735657,1
entity_0425,entity_0551,1,tabpfn,0.49951171875,0
entity_0408,entity_0318,0,tabpfn,0.5,1
entity_0624,entity_0783,1,tabpfn,0.5,1
entity_0138,entity_0417,0,tabpfn,0.498046875,0
entity_0495,entity_0843,1,tabpfn,0.49951171875,0
entity_0835,entity_0530,1,tabpfn,0.50048828125,1
entity_0609,entity_0513,1,tabpfn,0.5009765625,1
entity_0001,entity_0733,0,tabpfn,0.4990234375,0
entity_0404,entity_0735,0,tabpfn,0.5,1
entity_0971,entity_0901,0,tabpfn,0.5009765625,1
entity_0512,entity_0630,0,tabpfn,0.50048828125,1
entity_0987,entity_0452,1,tabpfn,0.5009765625,1
entity_0049,entity_0144,0,tabpfn,0.4970703125,0
entity_0821,entity_0753,1,tabpfn,0.5009765625,1
entity_0593,entity_0799,0,tabpfn,0.49951171875,0
entity_0370,entity_0740,0,tabpfn,0.4990234375,0
entity_0943,entity_0699,1,tabpfn,0.5008543133735657,1
entity_0272,entity_0243,0,tabpfn,0.49951171875,0
entity_0531,entity_0353,0,tabpfn,0.5009765625,1
entity_0120,entity_0957,1,tabpfn,0.49853515625,0
entity_0248,entity_0748,0,tabpfn,0.4990234375,0
entity_0764,entity_0213,0,tabpfn,0.50146484375,1
entity_0178,entity_0258,1,tabpfn,0.4989010989665985,0
entity_0339,entity_0188,0,tabpfn,0.49951171875,0
entity_0917,entity_0156,0,tabpfn,0.50048828125,1
entity_0648,entity_0678,0,tabpfn,0.49951171875,0
entity_0775,entity_0166,0,tabpfn,0.5001221299171448,1
entity_0356,entity_0686,1,tabpfn,0.50048828125,1
entity_0303,entity_0427,0,tabpfn,0.4990234375,0
entity_0463,entity_0640,1,tabpfn,0.49951171875,0
entity_0716,entity_0817,1,tabpfn,0.4998778998851776,0
entity_0762,entity_0278,0,tabpfn,0.50146484375,1
entity_0197,entity_0727,0,tabpfn,0.4990234375,0
entity_0510,entity_0876,0,tabpfn,0.4990234375,0
entity_0702,entity_0073,1,tabpfn,0.49951171875,0
entity_0014,entity_0170,0,tabpfn,0.4990234375,0
entity_0915,entity_0580,1,tabpfn,0.5010989308357239,1
entity_0963,entity_0712,0,tabpfn,0.50146484375,1
entity_0052,entity_0112,1,tabpfn,0.498046875,0
entity_0152,entity_0970,0,tabpfn,0.498046875,0
entity_0536,entity_0119,1,tabpfn,0.5001221299171448,1
entity_0412,entity_0980,1,tabpfn,0.4998778998851776,0
entity_0077,entity_0591,1,tabpfn,0.49755859375,0
entity_0209,entity_0907,0,tabpfn,0.49853515625,0
entity_0568,entity_0286,1,tabpfn,0.5008543133735657,1
entity_0119,entity_0006,1,tabpfn,0.49951171875,0
entity_0613,entity_0863,1,tabpfn,0.49951171875,0
entity_0208,entity_0883,0,tabpfn,0.49951171875,0
entity_0298,entity_0966,1,tabpfn,0.50048828125,1
entity_0962,entity_0296,1,tabpfn,0.5,1
entity_0818,entity_0603,1,tabpfn,0.5010989308357239,1
entity_0563,entity_0087,0,tabpfn,0.50048828125,1
entity_0516,entity_0159,0,tabpfn,0.49951171875,0
entity_0442,entity_0673,1,tabpfn,0.5,1
entity_0859,entity_0624,1,tabpfn,0.5,1
entity_0915,entity_0209,0,tabpfn,0.5001221299171448,1
entity_0957,entity_0897,0,tabpfn,0.5001221299171448,1
entity_0651,entity_0462,0,tabpfn,0.5009765625,1
entity_0806,entity_0810,1,tabpfn,0.50048828125,1
entity_0711,entity_0860,0,tabpfn,0.49951171875,0
entity_0852,entity_0859,0,tabpfn,0.50244140625,1
entity_0335,entity_0412,1,tabpfn,0.4991457164287567,0
entity_0129,entity_0150,0,tabpfn,0.4990234375,0
entity_0341,entity_0932,0,tabpfn,0.5,1
entity_0640,entity_0280,1,tabpfn,0.49853515625,0
entity_0714,entity_0200,1,tabpfn,0.50048828125,1
entity_0908,entity_0919,1,tabpfn,0.50146484375,1
entity_0717,entity_0668,1,tabpfn,0.5,1
entity_0474,entity_0928,0,tabpfn,0.49853515625,0
entity_0455,entity_0973,1,tabpfn,0.4990234375,0
entity_0546,entity_0914,1,tabpfn,0.49951171875,0
entity_0308,entity_0100,1,tabpfn,0.4990234375,0
entity_0814,entity_0803,0,tabpfn,0.5008543133735657,1
entity_0866,entity_0016,1,tabpfn,0.4998778998851776,0
entity_0216,entity_0898,1,tabpfn,0.5,1
entity_0989,entity_0696,0,tabpfn,0.50146484375,1
entity_0455,entity_0634,1,tabpfn,0.4990234375,0
entity_0856,entity_0245,1,tabpfn,0.5010989308357239,1
entity_0327,entity_0417,1,tabpfn,0.4989010989665985,0
entity_0014,entity_0032,0,tabpfn,0.4991457164287567,0
entity_0297,entity_0090,1,tabpfn,0.5,1
entity_0970,entity_0621,1,tabpfn,0.50146484375,1
entity_0733,entity_0054,1,tabpfn,0.50048828125,1
entity_0936,entity_0869,1,tabpfn,0.5009765625,1
entity_0831,entity_0477,1,tabpfn,0.5001221299171448,1
entity_0375,entity_0955,0,tabpfn,0.49853515625,0
entity_0237,entity_0932,0,tabpfn,0.49951171875,0
entity_0723,entity_0881,0,tabpfn,0.49951171875,0
entity_0989,entity_0768,0,tabpfn,0.50048828125,1
entity_0743,entity_0091,0,tabpfn,0.4998778998851776,0
entity_0821,entity_0405,0,tabpfn,0.5009765625,1
entity_0857,entity_0996,1,tabpfn,0.5010989308357239,1
entity_0706,entity_0962,0,tabpfn,0.4990234375,0
entity_0693,entity_0128,0,tabpfn,0.5,1
entity_0361,entity_0311,1,tabpfn,0.4990234375,0
entity_0656,entity_0031,0,tabpfn,0.49951171875,0
entity_0548,entity_0033,1,tabpfn,0.5,1
entity_0008,entity_0785,1,tabpfn,0.4990234375,0
entity_0466,entity_0658,0,tabpfn,0.5,1
entity_0525,entity_0504,0,tabpfn,0.4990234375,0
entity_0649,entity_0348,1,tabpfn,0.501953125,1
entity_0777,entity_0451,0,tabpfn,0.50048828125,1
entity_0117,entity_0031,1,tabpfn,0.498046875,0
entity_0879,entity_0090,1,tabpfn,0.5009765625,1
entity_0686,entity_0763,0,tabpfn,0.50048828125,1
entity_0469,entity_0545,1,tabpfn,0.4990234375,0
entity_0438,entity_0551,1,tabpfn,0.49853515625,0
entity_1000,entity_0693,0,tabpfn,0.50146484375,1
entity_0799,entity_0671,0,tabpfn,0.50048828125,1
entity_0119,entity_0988,1,tabpfn,0.498046875,0
entity_0248,entity_0537,1,tabpfn,0.4989010989665985,0
entity_0842,entity_0258,0,tabpfn,0.50146484375,1
entity_0101,entity_0855,0,tabpfn,0.4990234375,0
entity_0403,entity_0396,1,tabpfn,0.5,1
entity_0769,entity_0429,0,tabpfn,0.5008543133735657,1
entity_0026,entity_0577,0,tabpfn,0.4989010989665985,0
entity_0147,entity_0110,1,tabpfn,0.4990234375,0
entity_0932,entity_0228,0,tabpfn,0.5,1
entity_0281,entity_0371,0,tabpfn,0.4989010989665985,0
entity_0792,entity_0373,0,tabpfn,0.501953125,1
entity_0542,entity_0701,0,tabpfn,0.49951171875,0
entity_0818,entity_0344,1,tabpfn,0.5010989308357239,1
entity_0613,entity_0571,1,tabpfn,0.4991457164287567,0
entity_0725,entity_0632,0,tabpfn,0.5,1
entity_0675,entity_0253,1,tabpfn,0.50048828125,1
entity_0129,entity_0472,0,tabpfn,0.4979242980480194,0
entity_0653,entity_0381,0,tabpfn,0.5,1
entity_0079,entity_0374,1,tabpfn,0.49755859375,0
entity_0158,entity_0480,1,tabpfn,0.498046875,0
entity_0336,entity_0582,0,tabpfn,0.4989010989665985,0
entity_0431,entity_0445,0,tabpfn,0.5,1
entity_0926,entity_0608,0,tabpfn,0.50146484375,1
entity_0083,entity_0481,0,tabpfn,0.49755859375,0
entity_0872,entity_0629,0,tabpfn,0.5009765625,1
entity_0804,entity_0300,1,tabpfn,0.5009765625,1
entity_0395,entity_0164,1,tabpfn,0.5,1
entity_0926,entity_0966,1,tabpfn,0.5010989308357239,1
entity_0299,entity_0683,1,tabpfn,0.5,1
entity_0580,entity_0491,0,tabpfn,0.49951171875,0
entity_0702,entity_0907,0,tabpfn,0.5,1
entity_0252,entity_0010,0,tabpfn,0.4991457164287567,0
entity_0072,entity_0780,1,tabpfn,0.49951171875,0
entity_0191,entity_0268,0,tabpfn,0.49853515625,0
entity_0933,entity_0316,1,tabpfn,0.501953125,1
entity_0099,entity_0373,1,tabpfn,0.4970703125,0
entity_0349,entity_0603,0,tabpfn,0.49853515625,0
entity_0040,entity_0401,0,tabpfn,0.4981693923473358,0
entity_0748,entity_0339,0,tabpfn,0.5009765625,1
entity_0720,entity_0244,1,tabpfn,0.50048828125,1
entity_0290,entity_0063,1,tabpfn,0.50048828125,1
entity_0249,entity_0448,1,tabpfn,0.4981693923473358,0
entity_0923,entity_0901,0,tabpfn,0.5,1
entity_0626,entity_0949,1,tabpfn,0.4990234375,0
entity_0092,entity_0806,0,tabpfn,0.4990234375,0
entity_0716,entity_0831,0,tabpfn,0.50048828125,1
entity_0932,entity_0326,0,tabpfn,0.50146484375,1
entity_0855,entity_0870,1,tabpfn,0.50048828125,1
entity_0635,entity_0869,1,tabpfn,0.5009765625,1
entity_0184,entity_0422,0,tabpfn,0.49755859375,0
entity_0908,entity_0121,1,tabpfn,0.5,1
entity_0322,entity_0903,0,tabpfn,0.49951171875,0
entity_0368,entity_0176,0,tabpfn,0.4990234375,0
entity_0718,entity_0598,1,tabpfn,0.4990234375,0
entity_0599,entity_0418,1,tabpfn,0.49853515625,0
entity_0406,entity_0677,0,tabpfn,0.4998778998851776,0
entity_0670,entity_0615,0,tabpfn,0.5,1
entity_0779,entity_0469,0,tabpfn,0.5010989308357239,1
entity_0141,entity_0592,0,tabpfn,0.49755859375,0
entity_0706,entity_0719,0,tabpfn,0.5,1
entity_0390,entity_0763,0,tabpfn,0.50048828125,1
entity_0752,entity_0654,0,tabpfn,0.5001221299171448,1
entity_0356,entity_0478,0,tabpfn,0.4998778998851776,0
entity_0045,entity_0805,0,tabpfn,0.4990234375,0
entity_0460,entity_0646,0,tabpfn,0.4990234375,0
entity_0675,entity_0005,0,tabpfn,0.50048828125,1
entity_0940,entity_0952,0,tabpfn,0.5001221299171448,1
entity_0751,entity_0153,1,tabpfn,0.50048828125,1
entity_0804,entity_0489,1,tabpfn,0.49951171875,0
entity_0540,entity_0083,1,tabpfn,0.50048828125,1
entity_0108,entity_0557,1,tabpfn,0.498046875,0
entity_0526,entity_0752,0,tabpfn,0.5008543133735657,1
entity_0314,entity_0484,0,tabpfn,0.49951171875,0
entity_0971,entity_0317,0,tabpfn,0.5010989308357239,1
entity_0188,entity_0865,0,tabpfn,0.4990234375,0
entity_0627,entity_0964,0,tabpfn,0.5,1
entity_0046,entity_0303,0,tabpfn,0.498046875,0
entity_0095,entity_0412,0,tabpfn,0.4979242980480194,0
entity_0807,entity_0788,0,tabpfn,0.5010989308357239,1
entity_0862,entity_0251,1,tabpfn,0.50048828125,1
entity_0039,entity_0468,0,tabpfn,0.49755859375,0
entity_0766,entity_0758,1,tabpfn,0.50048828125,1
entity_0760,entity_0165,1,tabpfn,0.50048828125,1
entity_0294,entity_0405,1,tabpfn,0.49853515625,0
entity_0742,entity_0376,1,tabpfn,0.5009765625,1
entity_0819,entity_0026,0,tabpfn,0.49951171875,0
entity_0764,entity_0801,1,tabpfn,0.49951171875,0
entity_0680,entity_0020,1,tabpfn,0.4998778998851776,0
entity_0768,entity_0582,0,tabpfn,0.4998778998851776,0
entity_0774,entity_0236,1,tabpfn,0.5009765625,1
entity_0485,entity_0605,1,tabpfn,0.4989010989665985,0
entity_0010,entity_0009,0,tabpfn,0.498046875,0
entity_0285,entity_0286,1,tabpfn,0.49951171875,0
entity_0371,entity_0230,1,tabpfn,0.4991457164287567,0
entity_0606,entity_0551,0,tabpfn,0.50048828125,1
entity_0653,entity_0228,1,tabpfn,0.5,1
entity_0189,entity_0821,0,tabpfn,0.4998778998851776,0
entity_0786,entity_0539,0,tabpfn,0.5008543133735657,1
entity_0038,entity_0912,0,tabpfn,0.49951171875,0
entity_0982,entity_0064,0,tabpfn,0.4990234375,0
entity_0423,entity_0793,0,tabpfn,0.49951171875,0
entity_0971,entity_0275,1,tabpfn,0.50048828125,1
entity_0814,entity_0224,1,tabpfn,0.5010989308357239,1
entity_0111,entity_0145,0,tabpfn,0.498046875,0
entity_0224,entity_0681,0,tabpfn,0.49853515625,0
entity_0332,entity_0731,0,tabpfn,0.50048828125,1
entity_0103,entity_0283,1,tabpfn,0.498046875,0
entity_0480,entity_0141,1,tabpfn,0.49951171875,0
entity_0702,entity_0011,1,tabpfn,0.50048828125,1
entity_0380,entity_0331,0,tabpfn,0.50048828125,1
entity_0369,entity_0501,0,tabpfn,0.5,1
entity_0598,entity_0613,0,tabpfn,0.4990234375,0
entity_0411,entity_0487,0,tabpfn,0.5,1
entity_0428,entity_0764,0,tabicl,0.5065099000930786,1
entity_0892,entity_0480,0,tabicl,0.5,1
entity_0684,entity_0964,1,tabicl,0.511933445930481,1
entity_0241,entity_0051,0,tabicl,0.4989149570465088,0
entity_0367,entity_0870,1,tabicl,0.48969343304634094,0
entity_0413,entity_0920,1,tabicl,0.4902355968952179,0
entity_0160,entity_0289,1,tabicl,0.5021700859069824,1
entity_0709,entity_0809,0,tabicl,0.5021700859069824,1
entity_0448,entity_0134,1,tabicl,0.5124754905700684,1
entity_0022,entity_0187,1,tabicl,0.5271002054214478,1
entity_0809,entity_0203,1,tabicl,0.47831228375434875,0
entity_0568,entity_0301,0,tabicl,0.49186253547668457,0
entity_0008,entity_0853,0,tabicl,0.48806631565093994,0
entity_0826,entity_0827,0,tabicl,0.48969343304634094,0
entity_0868,entity_0362,1,tabicl,0.4978299140930176,0
entity_0573,entity_0596,0,tabicl,0.4929475784301758,0
entity_0600,entity_0379,1,tabicl,0.509222149848938,1
entity_0709,entity_0297,1,tabicl,0.48806658387184143,0
entity_0597,entity_0123,1,tabicl,0.47668787837028503,0
entity_0474,entity_0740,1,tabicl,0.4989149570465088,0
entity_0406,entity_0845,1,tabicl,0.4924050569534302,0
entity_0991,entity_0892,0,tabicl,0.5151863694190979,1
entity_0512,entity_0407,0,tabicl,0.496202290058136,0
entity_0292,entity_0636,0,tabicl,0.4962025582790375,0
entity_0216,entity_0910,0,tabicl,0.48372960090637207,0
entity_0906,entity_0504,0,tabicl,0.5043402910232544,1
entity_0590,entity_0413,0,tabicl,0.5103068351745605,1
entity_0754,entity_0465,1,tabicl,0.5168122053146362,1
entity_0491,entity_0027,0,tabicl,0.49511733651161194,0
entity_0721,entity_0731,1,tabicl,0.5016274452209473,1
entity_0122,entity_0650,0,tabicl,0.5005426406860352,1
entity_0412,entity_0662,1,tabicl,0.514102041721344,1
entity_0547,entity_0383,1,tabicl,0.5010852813720703,1
entity_0168,entity_0276,1,tabicl,0.4934900999069214,0
entity_0382,entity_0271,1,tabicl,0.5,1
entity_0103,entity_0186,0,tabicl,0.48156213760375977,0
entity_0720,entity_0305,0,tabicl,0.4886086583137512,0
entity_0216,entity_0926,0,tabicl,0.48535576462745667,0
entity_0320,entity_0199,0,tabicl,0.49511733651161194,0
entity_0506,entity_0308,1,tabicl,0.49945735931396484,0
entity_0125,entity_0950,0,tabicl,0.48427173495292664,0
entity_0296,entity_0202,1,tabicl,0.4891510605812073,0
entity_0760,entity_0612,0,tabicl,0.5130177736282349,1
entity_0259,entity_0298,0,tabicl,0.49837255477905273,0
entity_0258,entity_0426,0,tabicl,0.5113911032676697,1
entity_0116,entity_0941,0,tabicl,0.48806631565093994,0
entity_0903,entity_0326,1,tabicl,0.49945735931396484,0
entity_0343,entity_0019,1,tabicl,0.5092219114303589,1
entity_0449,entity_0283,1,tabicl,0.503255307674408,1
entity_0795,entity_0366,1,tabicl,0.521146297454834,1
entity_0109,entity_0957,0,tabicl,0.48318779468536377,0
entity_0342,entity_0491,1,tabicl,0.5162701606750488,1
entity_0274,entity_0705,1,tabicl,0.5005426406860352,1
entity_0538,entity_0408,1,tabicl,0.49837231636047363,0
entity_0231,entity_0072,0,tabicl,0.4972873032093048,0
entity_0974,entity_0808,1,tabicl,0.5211460590362549,1
entity_0738,entity_0807,1,tabicl,0.5010850429534912,1
entity_0540,entity_0206,1,tabicl,0.5216876864433289,1
entity_0644,entity_0723,0,tabicl,0.49511733651161194,0
entity_0774,entity_0624,1,tabicl,0.5081374645233154,1
entity_0399,entity_0974,1,tabicl,0.5027127265930176,1
entity_0937,entity_0088,1,tabicl,0.4799371063709259,0
entity_0062,entity_0146,1,tabicl,0.5005426406860352,1
entity_0556,entity_0569,1,tabicl,0.5032550692558289,1
entity_0651,entity_0931,0,tabicl,0.5233120918273926,1
entity_0798,entity_0163,1,tabicl,0.4924052953720093,0
entity_0596,entity_0032,0,tabicl,0.5054252743721008,1
entity_0585,entity_0731,1,tabicl,0.5059675574302673,1
entity_0440,entity_0152,1,tabicl,0.5081372261047363,1
entity_0892,entity_0576,1,tabicl,0.524935781955719,1
entity_0057,entity_0529,1,tabicl,0.5362858772277832,1
entity_0842,entity_0242,0,tabicl,0.48372960090637207,0
entity_0412,entity_0299,1,tabicl,0.4978299140930176,0
entity_0523,entity_0339,1,tabicl,0.5108489394187927,1
entity_0935,entity_0059,0,tabicl,0.4810205101966858,0
entity_0900,entity_0898,0,tabicl,0.5021700859069824,1
entity_0792,entity_0634,0,tabicl,0.5086796879768372,1
entity_0436,entity_0010,0,tabicl,0.48372960090637207,0
entity_0102,entity_0922,1,tabicl,0.4777706563472748,0
entity_0728,entity_0967,0,tabicl,0.5103065967559814,1
entity_0838,entity_0209,0,tabicl,0.48264580965042114,0
entity_0331,entity_0590,0,tabicl,0.48806658387184143,0
entity_0890,entity_0766,0,tabicl,0.4821038544178009,0
entity_0881,entity_0677,1,tabicl,0.5,1
entity_0188,entity_0554,0,tabicl,0.5238533616065979,1
entity_0141,entity_0830,0,tabicl,0.5081372261047363,1
entity_0065,entity_0481,0,tabicl,0.45939940214157104,0
entity_0216,entity_0345,0,tabicl,0.5,1
entity_0530,entity_0524,0,tabicl,0.5027127265930176,1
entity_0989,entity_0076,1,tabicl,0.48698195815086365,0
entity_0572,entity_0949,1,tabicl,0.524935781955719,1
entity_0718,entity_0514,0,tabicl,0.524394690990448,1
entity_0458,entity_0863,1,tabicl,0.49186280369758606,0
entity_0477,entity_0731,0,tabicl,0.4956597089767456,0
entity_0807,entity_0086,1,tabicl,0.48318779468536377,0
entity_0003,entity_0332,0,tabicl,0.4924052953720093,0
entity_0368,entity_0645,0,tabicl,0.4902355968952179,0
entity_0594,entity_0931,1,tabicl,0.5308852195739746,1
entity_0359,entity_0103,0,tabicl,0.47777092456817627,0
entity_0270,entity_0418,0,tabicl,0.5141022801399231,1
entity_0513,entity_0206,0,tabicl,0.5216876864433289,1
entity_0749,entity_0116,1,tabicl,0.4891510605812073,0
entity_0518,entity_0417,1,tabicl,0.4962025582790375,0
entity_0747,entity_0832,1,tabicl,0.49457499384880066,0
entity_0365,entity_0364,0,tabicl,0.5146442651748657,1
entity_0451,entity_0159,0,tabicl,0.5168122053146362,1
entity_0161,entity_0585,1,tabicl,0.5124757289886475,1
entity_0549,entity_0489,0,tabicl,0.5016276836395264,1
entity_0386,entity_0940,1,tabicl,0.4989149570465088,0
entity_0881,entity_0926,0,tabicl,0.5135600566864014,1
entity_0027,entity_0987,0,tabicl,0.49674490094184875,0
entity_0095,entity_0905,1,tabicl,0.48752424120903015,0
entity_0337,entity_0932,1,tabicl,0.5178959369659424,1
entity_0232,entity_0210,1,tabicl,0.49511733651161194,0
entity_0340,entity_0279,0,tabicl,0.5016274452209473,1
entity_0623,entity_0110,1,tabicl,0.48372960090637207,0
entity_0743,entity_0441,1,tabicl,0.5216876864433289,1
entity_0436,entity_0855,1,tabicl,0.4962025582790375,0
entity_0854,entity_0364,1,tabicl,0.5021703243255615,1
entity_0598,entity_0311,0,tabicl,0.4886089265346527,0
entity_0072,entity_0990,0,tabicl,0.4902355968952179,0
entity_0498,entity_0106,0,tabicl,0.514102041721344,1
entity_0976,entity_0705,0,tabicl,0.5195213556289673,1
entity_0155,entity_0362,0,tabicl,0.48806658387184143,0
entity_0867,entity_0325,0,tabicl,0.5016274452209473,1
entity_0743,entity_0735,0,tabicl,0.4940321743488312,0
entity_0005,entity_0283,1,tabicl,0.5059675574302673,1
entity_0793,entity_0471,1,tabicl,0.5086796879768372,1
entity_0195,entity_0043,1,tabicl,0.49945759773254395,0
entity_0042,entity_0246,0,tabicl,0.5189794898033142,1
entity_0324,entity_0899,0,tabicl,0.49511733651161194,0
entity_0870,entity_0501,1,tabicl,0.5075949430465698,1
entity_0194,entity_0187,1,tabicl,0.48806631565093994,0
entity_0897,entity_0026,0,tabicl,0.48318758606910706,0
entity_0392,entity_0137,0,tabicl,0.49511733651161194,0
entity_0830,entity_0554,0,tabicl,0.5130177736282349,1
entity_0606,entity_0003,0,tabicl,0.47939538955688477,0
entity_0107,entity_0963,0,tabicl,0.4804787039756775,0
entity_0849,entity_0910,1,tabicl,0.4712774455547333,0
entity_0692,entity_0083,1,tabicl,0.5054252743721008,1
entity_0584,entity_0319,0,tabicl,0.48969319462776184,0
entity_0325,entity_0167,1,tabicl,0.48806658387184143,0
entity_0569,entity_0462,0,tabicl,0.5027127265930176,1
entity_0950,entity_0965,0,tabicl,0.5178959369659424,1
entity_0241,entity_0666,0,tabicl,0.49945759773254395,0
entity_0185,entity_0224,1,tabicl,0.4924050569534302,0
entity_0098,entity_0349,1,tabicl,0.4799368977546692,0
entity_0285,entity_0279,0,tabicl,0.49674490094184875,0
entity_0172,entity_0848,1,tabicl,0.49674490094184875,0
entity_0511,entity_0933,0,tabicl,0.5027127265930176,1
entity_0183,entity_0820,1,tabicl,0.49945735931396484,0
entity_0634,entity_0609,0,tabicl,0.4891510605812073,0
entity_0384,entity_0884,1,tabicl,0.4848136007785797,0
entity_0212,entity_0963,0,tabicl,0.48752424120903015,0
entity_0636,entity_0722,0,tabicl,0.5010852813720703,1
entity_0016,entity_0573,1,tabicl,0.503797709941864,1
entity_0476,entity_0352,1,tabicl,0.5048826336860657,1
entity_0667,entity_0778,1,tabicl,0.5021700859069824,1
entity_0055,entity_0419,1,tabicl,0.5010850429534912,1
entity_0462,entity_0208,1,tabicl,0.5086796879768372,1
entity_0450,entity_0234,0,tabicl,0.4956597089767456,0
entity_0991,entity_0529,0,tabicl,0.5048826336860657,1
entity_0981,entity_0838,1,tabicl,0.5189797282218933,1
entity_0045,entity_0092,1,tabicl,0.5010850429534912,1
entity_0507,entity_0353,0,tabicl,0.5059675574302673,1
entity_0125,entity_0035,1,tabicl,0.4750640094280243,0
entity_0572,entity_0752,0,tabicl,0.5010850429534912,1
entity_0056,entity_0392,0,tabicl,0.5086796879768372,1
entity_0319,entity_0241,0,tabicl,0.4989149570465088,0
entity_0953,entity_0744,1,tabicl,0.5059675574302673,1
entity_0610,entity_0926,0,tabicl,0.5292633771896362,1
entity_0462,entity_0597,0,tabicl,0.5146442651748657,1
entity_0100,entity_0179,0,tabicl,0.4886086583137512,0
entity_0373,entity_0101,1,tabicl,0.47452297806739807,0
entity_0344,entity_0219,0,tabicl,0.5027124881744385,1
entity_0451,entity_0267,1,tabicl,0.49837231636047363,0
entity_0971,entity_0115,1,tabicl,0.4804787039756775,0
entity_0281,entity_0352,0,tabicl,0.4989149570465088,0
entity_0901,entity_0456,1,tabicl,0.5005426406860352,1
entity_0812,entity_0038,1,tabicl,0.4956597089767456,0
entity_0407,entity_0332,1,tabicl,0.5151863694190979,1
entity_0135,entity_0871,1,tabicl,0.5,1
entity_0509,entity_0339,0,tabicl,0.5043400526046753,1
entity_0032,entity_0676,1,tabicl,0.4924050569534302,0
entity_0698,entity_0721,1,tabicl,0.4886089265346527,0
entity_0939,entity_0945,1,tabicl,0.5173539519309998,1
entity_0736,entity_0692,0,tabicl,0.49837231636047363,0
entity_0353,entity_0702,0,tabicl,0.49837255477905273,0
entity_0359,entity_0745,1,tabicl,0.5010850429534912,1
entity_0724,entity_0130,1,tabicl,0.4934898316860199,0
entity_0624,entity_0726,0,tabicl,0.5043402910232544,1
entity_0085,entity_0849,0,tabicl,0.48156240582466125,0
entity_0972,entity_0700,1,tabicl,0.5151863694190979,1
entity_0007,entity_0613,0,tabicl,0.4750642478466034,0
entity_0990,entity_0261,1,tabicl,0.5021703243255615,1
entity_0425,entity_0539,0,tabicl,0.5032550692558289,1
entity_0172,entity_0191,0,tabicl,0.4924050569534302,0
entity_0007,entity_0962,1,tabicl,0.49837231636047363,0
entity_0851,entity_0546,0,tabicl,0.5130177736282349,1
entity_0063,entity_0278,0,tabicl,0.49457475543022156,0
entity_0088,entity_0764,1,tabicl,0.4972875416278839,0
entity_0045,entity_0478,1,tabicl,0.4497147798538208,0
entity_0856,entity_0465,0,tabicl,0.5059675574302673,1
entity_0060,entity_0192,0,tabicl,0.4972875416278839,0
entity_0470,entity_0905,1,tabicl,0.4907778203487396,0
entity_0140,entity_0383,0,tabicl,0.48752424120903015,0
entity_0004,entity_0922,1,tabicl,0.48372986912727356,0
entity_0004,entity_0725,1,tabicl,0.47722938656806946,0
entity_0632,entity_0965,0,tabicl,0.5054252743721008,1
entity_0837,entity_0153,1,tabicl,0.4891510605812073,0
entity_0625,entity_0089,1,tabicl,0.5054252743721008,1
entity_0804,entity_0770,1,tabicl,0.4929475784301758,0
entity_0875,entity_0435,1,tabicl,0.4972873032093048,0
entity_0153,entity_0040,0,tabicl,0.48644018173217773,0
entity_0148,entity_0994,0,tabicl,0.49457475543022156,0
entity_0587,entity_0215,1,tabicl,0.4956599473953247,0
entity_0106,entity_0624,0,tabicl,0.5178959369659424,1
entity_0656,entity_0903,0,tabicl,0.5157282948493958,1
entity_0323,entity_0448,0,tabicl,0.5168122053146362,1
entity_0252,entity_0165,1,tabicl,0.4891510605812073,0
entity_0775,entity_0898,1,tabicl,0.4777706563472748,0
entity_0539,entity_0403,1,tabicl,0.5021700859069824,1
entity_0359,entity_0504,1,tabicl,0.5010852813720703,1
entity_0879,entity_0931,0,tabicl,0.5162701606750488,1
entity_0769,entity_0135,0,tabicl,0.49511733651161194,0
entity_0519,entity_0734,1,tabicl,0.546522855758667,1
entity_0866,entity_0883,0,tabicl,0.4550909996032715,0
entity_0850,entity_0012,0,tabicl,0.48427173495292664,0
entity_0239,entity_0361,1,tabicl,0.5086796879768372,1
entity_0511,entity_0021,0,tabicl,0.5005426406860352,1
entity_0326,entity_0704,0,tabicl,0.49511733651161194,0
entity_0968,entity_0512,1,tabicl,0.5135600566864014,1
entity_0885,entity_0837,1,tabicl,0.4680342972278595,0
entity_0761,entity_0459,0,tabicl,0.5254772305488586,1
entity_0773,entity_0504,0,tabicl,0.5168122053146362,1
entity_0595,entity_0592,0,tabicl,0.4934898316860199,0
entity_0105,entity_0861,1,tabicl,0.4891510605812073,0
entity_0374,entity_0651,1,tabicl,0.48806658387184143,0
entity_0026,entity_0155,0,tabicl,0.5086795091629028,1
entity_0469,entity_0182,1,tabicl,0.524935781955719,1
entity_0021,entity_0888,0,tabicl,0.48643991351127625,0
entity_0750,entity_0562,0,tabicl,0.521146297454834,1
entity_0625,entity_0079,0,tabicl,0.5168122053146362,1
entity_0903,entity_0365,1,tabicl,0.49945759773254395,0
entity_0981,entity_0937,1,tabicl,0.5222293138504028,1
entity_0916,entity_0903,0,tabicl,0.5130177736282349,1
entity_0782,entity_0308,0,tabicl,0.5021700859069824,1
entity_0111,entity_0125,0,tabicl,0.5151863694190979,1
entity_0101,entity_0876,1,tabicl,0.48210409283638,0
entity_0698,entity_0534,1,tabicl,0.5108489394187927,1
entity_0647,entity_0183,1,tabicl,0.5043400526046753,1
entity_0164,entity_0284,0,tabicl,0.5,1
entity_0462,entity_0257,1,tabicl,0.5016276836395264,1
entity_0347,entity_0003,0,tabicl,0.509222149848938,1
entity_0388,entity_0619,1,tabicl,0.503797709941864,1
entity_0569,entity_0801,0,tabicl,0.5146442651748657,1
entity_0935,entity_0768,1,tabicl,0.4934898316860199,0
entity_0070,entity_0580,1,tabicl,0.5335863828659058,1
entity_0011,entity_0876,0,tabicl,0.48264580965042114,0
entity_0709,entity_0800,0,tabicl,0.5103065967559814,1
entity_0814,entity_0998,0,tabicl,0.5124757289886475,1
entity_0002,entity_0678,0,tabicl,0.4858976900577545,0
entity_0354,entity_0807,1,tabicl,0.49186280369758606,0
entity_0449,entity_0872,1,tabicl,0.4902355968952179,0
entity_0640,entity_0895,1,tabicl,0.5119336843490601,1
entity_0158,entity_0301,0,tabicl,0.496202290058136,0
entity_0347,entity_0535,1,tabicl,0.5124754905700684,1
entity_0716,entity_0936,1,tabicl,0.5200628638267517,1
entity_0765,entity_0074,0,tabicl,0.4989149570465088,0
entity_0715,entity_0379,0,tabicl,0.5108489394187927,1
entity_0451,entity_0385,1,tabicl,0.5070524215698242,1
entity_0903,entity_0232,1,tabicl,0.4886089265346527,0
entity_0991,entity_0087,1,tabicl,0.4902355968952179,0
entity_0438,entity_0071,1,tabicl,0.5016276836395264,1
entity_0863,entity_0880,0,tabicl,0.4583216905593872,0
entity_0040,entity_0506,0,tabicl,0.48969319462776184,0
entity_0998,entity_0029,1,tabicl,0.5108489394187927,1
entity_0813,entity_0637,1,tabicl,0.5146442651748657,1
entity_0362,entity_0631,1,tabicl,0.48806658387184143,0
entity_0906,entity_0658,1,tabicl,0.5151861906051636,1
entity_0738,entity_0564,1,tabicl,0.5151863694190979,1
entity_0164,entity_0685,0,tabicl,0.5016274452209473,1
entity_0072,entity_0665,0,tabicl,0.5157282948493958,1
entity_0164,entity_0069,0,tabicl,0.4907780587673187,0
entity_0303,entity_0234,1,tabicl,0.4934898316860199,0
entity_0349,entity_0311,0,tabicl,0.5054252743721008,1
entity_0069,entity_0302,0,tabicl,0.48969319462776184,0
entity_0527,entity_0457,0,tabicl,0.5005426406860352,1
entity_0241,entity_0001,0,tabicl,0.5086796879768372,1
entity_0836,entity_0103,0,tabicl,0.48210409283638,0
entity_0164,entity_0952,1,tabicl,0.47452297806739807,0
entity_0938,entity_0646,1,tabicl,0.5400614738464355,1
entity_0201,entity_0136,1,tabicl,0.49186280369758606,0
entity_0948,entity_0252,0,tabicl,0.5065101385116577,1
entity_0450,entity_0172,1,tabicl,0.5108489394187927,1
entity_0663,entity_0177,0,tabicl,0.49674466252326965,0
entity_0516,entity_0017,1,tabicl,0.5070524215698242,1
entity_0188,entity_0029,0,tabicl,0.5287225842475891,1
entity_0083,entity_0771,1,tabicl,0.49945735931396484,0
entity_0298,entity_0314,1,tabicl,0.505424976348877,1
entity_0878,entity_0584,0,tabicl,0.5184378623962402,1
entity_0563,entity_0215,0,tabicl,0.5081374645233154,1
entity_0403,entity_0557,0,tabicl,0.5130177736282349,1
entity_0626,entity_0233,0,tabicl,0.4956599473953247,0
entity_0995,entity_0111,0,tabicl,0.49511733651161194,0
entity_0530,entity_0173,1,tabicl,0.521146297454834,1
entity_0257,entity_0676,1,tabicl,0.5021700859069824,1
entity_0488,entity_0351,0,tabicl,0.5027127265930176,1
entity_0615,entity_0811,1,tabicl,0.5146442651748657,1
entity_0658,entity_0212,1,tabicl,0.49837231636047363,0
entity_0863,entity_0714,0,tabicl,0.48264580965042114,0
entity_0109,entity_0484,0,tabicl,0.5195213556289673,1
entity_0638,entity_0850,1,tabicl,0.5146442651748657,1
entity_0542,entity_0743,0,tabicl,0.5281817317008972,1
entity_0601,entity_0767,1,tabicl,0.4978299140930176,0
entity_0125,entity_0481,0,tabicl,0.5389832258224487,1
entity_0555,entity_0606,0,tabicl,0.4956599473953247,0
entity_0995,entity_0799,1,tabicl,0.5151863694190979,1
entity_0491,entity_0966,0,tabicl,0.49674490094184875,0
entity_0062,entity_0860,0,tabicl,0.48698219656944275,0
entity_0941,entity_0344,1,tabicl,0.5048826336860657,1
entity_0317,entity_0858,1,tabicl,0.4924050569534302,0
entity_0189,entity_0618,1,tabicl,0.5103068351745605,1
entity_0123,entity_0327,0,tabicl,0.4956599473953247,0
entity_0045,entity_0006,0,tabicl,0.48372986912727356,0
entity_0584,entity_0408,1,tabicl,0.5113913416862488,1
entity_0863,entity_0157,1,tabicl,0.49457499384880066,0
entity_0699,entity_0886,0,tabicl,0.48210409283638,0
entity_0379,entity_0710,1,tabicl,0.5065099000930786,1
entity_0563,entity_0681,0,tabicl,0.5075949430465698,1
entity_0682,entity_0506,0,tabicl,0.5081372261047363,1
entity_0057,entity_0081,1,tabicl,0.5319659113883972,1
entity_0240,entity_0068,0,tabicl,0.4929473102092743,0
entity_0061,entity_0493,0,tabicl,0.4799371063709259,0
entity_0804,entity_0963,0,tabicl,0.5178959369659424,1
entity_0038,entity_0575,1,tabicl,0.526017963886261,1
entity_0264,entity_0849,1,tabicl,0.49186280369758606,0
entity_0658,entity_0792,0,tabicl,0.5059675574302673,1
entity_0879,entity_0996,1,tabicl,0.5178961157798767,1
entity_0065,entity_0840,1,tabicl,0.4886086583137512,0
entity_0050,entity_0292,1,tabicl,0.5027124881744385,1
entity_0498,entity_0962,1,tabicl,0.5032550692558289,1
entity_0361,entity_0610,0,tabicl,0.5151863694190979,1
entity_0631,entity_0748,1,tabicl,0.5081372261047363,1
entity_0134,entity_0326,0,tabicl,0.4956597089767456,0
entity_0983,entity_0183,1,tabicl,0.48318779468536377,0
entity_0102,entity_0353,0,tabicl,0.4588606059551239,0
entity_0006,entity_0714,0,tabicl,0.48372986912727356,0
entity_0150,entity_0144,1,tabicl,0.5330463647842407,1
entity_0219,entity_0639,1,tabicl,0.5054252743721008,1
entity_0702,entity_0245,0,tabicl,0.48806658387184143,0
entity_0790,entity_0978,0,tabicl,0.5314255356788635,1
entity_0946,entity_0979,1,tabicl,0.5238535404205322,1
entity_0491,entity_0715,0,tabicl,0.5281819701194763,1
entity_0826,entity_0643,0,tabicl,0.5124757289886475,1
entity_0262,entity_0700,1,tabicl,0.48806658387184143,0
entity_0626,entity_0036,0,tabicl,0.4929475784301758,0
entity_0159,entity_0380,1,tabicl,0.4972873032093048,0
entity_0810,entity_0054,1,tabicl,0.5021700859069824,1
entity_0380,entity_0387,0,tabicl,0.5189797282218933,1
entity_0579,entity_0903,0,tabicl,0.5222293138504028,1
entity_0074,entity_0279,1,tabicl,0.49511733651161194,0
entity_0313,entity_0964,0,tabicl,0.5146442651748657,1
entity_0792,entity_0244,1,tabicl,0.49132028222084045,0
entity_0864,entity_0880,1,tabicl,0.4588606059551239,0
entity_0334,entity_0856,1,tabicl,0.48806658387184143,0
entity_0065,entity_0351,0,tabicl,0.49674490094184875,0
entity_0251,entity_0429,1,tabicl,0.5168122053146362,1
entity_0295,entity_0390,0,tabicl,0.5048826336860657,1
entity_0687,entity_0522,1,tabicl,0.5070524215698242,1
entity_0847,entity_0360,1,tabicl,0.5086796879768372,1
entity_0676,entity_0907,0,tabicl,0.5092219114303589,1
entity_0286,entity_0957,0,tabicl,0.5168122053146362,1
entity_0590,entity_0743,0,tabicl,0.49945735931396484,0
entity_0749,entity_0455,1,tabicl,0.5200631618499756,1
entity_0433,entity_0171,1,tabicl,0.5016274452209473,1
entity_0550,entity_0692,0,tabicl,0.509222149848938,1
entity_0801,entity_0314,0,tabicl,0.5086796879768372,1
entity_0671,entity_0797,1,tabicl,0.5065099000930786,1
entity_0283,entity_0127,0,tabicl,0.4929475784301758,0
entity_0731,entity_0161,1,tabicl,0.496202290058136,0
entity_0376,entity_0513,0,tabicl,0.4940324127674103,0
entity_0550,entity_0424,0,tabicl,0.5016276836395264,1
entity_0978,entity_0035,0,tabicl,0.4886089265346527,0
entity_0508,entity_0178,1,tabicl,0.530344545841217,1
entity_0853,entity_0742,0,tabicl,0.4810205101966858,0
entity_0785,entity_0449,0,tabicl,0.5178959369659424,1
entity_0463,entity_0221,1,tabicl,0.5092219114303589,1
entity_0744,entity_0112,1,tabicl,0.4902355968952179,0
entity_0699,entity_0580,0,tabicl,0.4929475784301758,0
entity_0142,entity_0334,1,tabicl,0.5010850429534912,1
entity_0739,entity_0039,0,tabicl,0.4886089265346527,0
entity_0188,entity_0342,1,tabicl,0.48318779468536377,0
entity_0827,entity_0366,0,tabicl,0.5157282948493958,1
entity_0695,entity_0484,0,tabicl,0.5130177736282349,1
entity_0734,entity_0942,0,tabicl,0.5189797282218933,1
entity_0959,entity_0184,0,tabicl,0.48264580965042114,0
entity_0960,entity_0558,1,tabicl,0.5178961157798767,1
entity_0671,entity_0240,1,tabicl,0.4929475784301758,0
entity_0822,entity_0638,0,tabicl,0.5206046104431152,1
entity_0972,entity_0913,1,tabicl,0.5206048488616943,1
entity_0380,entity_0755,0,tabicl,0.5092219114303589,1
entity_0052,entity_0575,0,tabicl,0.5801404118537903,1
entity_0623,entity_0245,1,tabicl,0.49945735931396484,0
entity_0353,entity_0968,1,tabicl,0.5059675574302673,1
entity_0822,entity_0931,1,tabicl,0.5,1
entity_0970,entity_0785,1,tabicl,0.5184378623962402,1
entity_0911,entity_0981,0,tabicl,0.5216876864433289,1
entity_0376,entity_0208,0,tabicl,0.4810202717781067,0
entity_0783,entity_0629,0,tabicl,0.5113911032676697,1
entity_0428,entity_0872,0,tabicl,0.4891510605812073,0
entity_0568,entity_0101,0,tabicl,0.5032550692558289,1
entity_0013,entity_0837,0,tabicl,0.4886086583137512,0
entity_0315,entity_0663,1,tabicl,0.48372960090637207,0
entity_0393,entity_0768,0,tabicl,0.5037974715232849,1
entity_0581,entity_0405,1,tabicl,0.5130177736282349,1
entity_0955,entity_0432,0,tabicl,0.49674466252326965,0
entity_0989,entity_0959,0,tabicl,0.5249360203742981,1
entity_0023,entity_0526,1,tabicl,0.47722914814949036,0
entity_0582,entity_0526,1,tabicl,0.5048826336860657,1
entity_0053,entity_0430,0,tabicl,0.5032550692558289,1
entity_0778,entity_0195,0,tabicl,0.4940324127674103,0
entity_0129,entity_0182,0,tabicl,0.4934898316860199,0
entity_0714,entity_0157,0,tabicl,0.4978299140930176,0
entity_0759,entity_0576,0,tabicl,0.5097643733024597,1
entity_0834,entity_0539,1,tabicl,0.5124757289886475,1
entity_0647,entity_0924,0,tabicl,0.5292633771896362,1
entity_0689,entity_0063,0,tabicl,0.5021700859069824,1
entity_0216,entity_0565,1,tabicl,0.5178961157798767,1
entity_0832,entity_0183,0,tabicl,0.4891510605812073,0
entity_0309,entity_0793,1,tabicl,0.49945759773254395,0
entity_0138,entity_0900,0,tabicl,0.4989149570465088,0
entity_0072,entity_0640,0,tabicl,0.5016276836395264,1
entity_0516,entity_0167,1,tabicl,0.5298038721084595,1
entity_0523,entity_0198,1,tabicl,0.5308849811553955,1
entity_0125,entity_0538,0,tabicl,0.5319659113883972,1
entity_0687,entity_0625,1,tabicl,0.48698219656944275,0
entity_0239,entity_0501,0,tabicl,0.5206046104431152,1
entity_0639,entity_0900,0,tabicl,0.511933445930481,1
entity_0282,entity_0799,1,tabicl,0.49945735931396484,0
entity_0766,entity_0495,0,tabicl,0.5135600566864014,1
entity_0236,entity_0355,0,tabicl,0.5097643733024597,1
entity_0450,entity_0003,0,tabicl,0.4804787039756775,0
entity_0782,entity_0438,1,tabicl,0.5113913416862488,1
entity_0674,entity_0292,1,tabicl,0.4907780587673187,0
entity_0022,entity_0741,1,tabicl,0.5081374645233154,1
entity_0985,entity_0255,0,tabicl,0.5086796879768372,1
entity_0499,entity_0300,1,tabicl,0.4972873032093048,0
entity_0336,entity_0551,1,tabicl,0.5081374645233154,1
entity_0487,entity_0412,0,tabicl,0.49674490094184875,0
entity_0954,entity_0113,1,tabicl,0.48264580965042114,0
entity_0734,entity_0169,0,tabicl,0.49674466252326965,0
entity_0779,entity_0108,1,tabicl,0.4924050569534302,0
entity_0775,entity_0323,0,tabicl,0.5043400526046753,1
entity_0759,entity_0117,1,tabicl,0.49132028222084045,0
entity_0754,entity_0596,1,tabicl,0.5124757289886475,1
entity_0441,entity_0859,1,tabicl,0.5010850429534912,1
entity_0628,entity_0911,1,tabicl,0.5373652577400208,1
entity_0020,entity_0881,0,tabicl,0.48535576462745667,0
entity_0308,entity_0203,1,tabicl,0.4907780587673187,0
entity_0879,entity_0035,1,tabicl,0.4777706563472748,0
entity_0525,entity_0569,0,tabicl,0.500542402267456,1
entity_0490,entity_0305,1,tabicl,0.5043400526046753,1
entity_0325,entity_0030,1,tabicl,0.5070524215698242,1
entity_0067,entity_0253,1,tabicl,0.5070524215698242,1
entity_0998,entity_0583,1,tabicl,0.505424976348877,1
entity_0401,entity_0770,0,tabicl,0.5119336843490601,1
entity_0506,entity_0754,0,tabicl,0.49674490094184875,0
entity_0186,entity_0430,1,tabicl,0.5021700859069824,1
entity_0392,entity_0848,1,tabicl,0.4891510605812073,0
entity_0209,entity_0282,0,tabicl,0.49132052063941956,0
entity_0435,entity_0569,1,tabicl,0.5108489394187927,1
entity_0700,entity_0343,1,tabicl,0.4956597089767456,0
entity_0782,entity_0406,0,tabicl,0.5178961157798767,1
entity_0083,entity_0154,0,tabicl,0.4972873032093048,0
entity_0102,entity_0865,0,tabicl,0.47722938656806946,0
entity_0908,entity_0332,0,tabicl,0.5124757289886475,1
entity_0625,entity_0275,1,tabicl,0.4934900999069214,0
entity_0389,entity_0042,1,tabicl,0.5059675574302673,1
entity_0291,entity_0744,1,tabicl,0.4978299140930176,0
entity_0716,entity_0432,0,tabicl,0.5157282948493958,1
entity_0714,entity_0758,0,tabicl,0.4891510605812073,0
entity_0759,entity_0152,1,tabicl,0.4924050569534302,0
entity_0102,entity_0004,1,tabicl,0.4804787039756775,0
entity_0551,entity_0111,1,tabicl,0.509222149848938,1
entity_0772,entity_0161,0,tabicl,0.5,1
entity_0108,entity_0613,0,tabicl,0.5146442651748657,1
entity_0890,entity_0250,1,tabicl,0.48969343304634094,0
entity_0002,entity_0410,0,tabicl,0.49132052063941956,0
entity_0243,entity_0881,1,tabicl,0.4821038544178009,0
entity_0732,entity_0880,0,tabicl,0.47831228375434875,0
entity_0166,entity_0784,0,tabicl,0.4989149570465088,0
entity_0898,entity_0863,0,tabicl,0.4669536054134369,0
entity_0336,entity_0570,0,tabicl,0.5048826336860657,1
entity_0654,entity_0824,0,tabicl,0.5200631618499756,1
entity_0767,entity_0596,0,tabicl,0.5184375643730164,1
entity_0275,entity_0078,0,tabicl,0.49186253547668457,0
entity_0307,entity_0587,0,tabicl,0.48698195815086365,0
entity_0468,entity_0212,0,tabicl,0.5097643733024597,1
entity_0729,entity_0774,0,tabicl,0.4972873032093048,0
entity_0560,entity_0354,0,tabicl,0.5086796879768372,1
entity_0324,entity_0366,0,tabicl,0.5,1
entity_0089,entity_0441,0,tabicl,0.503255307674408,1
entity_0121,entity_0102,0,tabicl,0.5173542499542236,1
entity_0049,entity_0719,0,tabicl,0.5032550692558289,1
entity_0452,entity_0277,0,tabicl,0.5043400526046753,1
entity_0710,entity_0907,1,tabicl,0.49186253547668457,0
entity_0171,entity_0670,1,tabicl,0.49837231636047363,0
entity_0962,entity_0479,1,tabicl,0.5016276836395264,1
entity_0942,entity_0501,0,tabicl,0.5010850429534912,1
entity_0638,entity_0251,1,tabicl,0.49457475543022156,0
entity_0787,entity_0123,1,tabicl,0.48372960090637207,0
entity_0810,entity_0290,1,tabicl,0.5048826336860657,1
entity_0914,entity_0133,1,tabicl,0.47939538955688477,0
entity_0157,entity_0345,0,tabicl,0.49674490094184875,0
entity_0758,entity_0670,0,tabicl,0.49837255477905273,0
entity_0842,entity_0839,1,tabicl,0.4669536054134369,0
entity_0499,entity_0584,0,tabicl,0.5,1
entity_0456,entity_0039,0,tabicl,0.5173542499542236,1
entity_0528,entity_0783,1,tabicl,0.5021700859069824,1
entity_0182,entity_0229,1,tabicl,0.4907780587673187,0
entity_0273,entity_0984,0,tabicl,0.5162703990936279,1
entity_0936,entity_0543,0,tabicl,0.5103068351745605,1
entity_0444,entity_0119,1,tabicl,0.5027127265930176,1
entity_0699,entity_0665,1,tabicl,0.4929475784301758,0
entity_0508,entity_0480,0,tabicl,0.49945735931396484,0
entity_0053,entity_0038,0,tabicl,0.5254772305488586,1
entity_0856,entity_0259,0,tabicl,0.5059675574302673,1
entity_0078,entity_0965,0,tabicl,0.47939538955688477,0
entity_0404,entity_0524,1,tabicl,0.5027127265930176,1
entity_0627,entity_0865,0,tabicl,0.5211460590362549,1
entity_0050,entity_0674,1,tabicl,0.5065101385116577,1
entity_0558,entity_0585,0,tabicl,0.5010850429534912,1
entity_0303,entity_0688,1,tabicl,0.4907778203487396,0
entity_0922,entity_0725,1,tabicl,0.4978299140930176,0
entity_0968,entity_0469,0,tabicl,0.5016274452209473,1
entity_0808,entity_0416,1,tabicl,0.4989149570465088,0
entity_0646,entity_0875,1,tabicl,0.5206048488616943,1
entity_0340,entity_0689,1,tabicl,0.49674490094184875,0
entity_0404,entity_0851,1,tabicl,0.496202290058136,0
entity_0643,entity_0668,1,tabicl,0.4934898316860199,0
entity_0362,entity_0465,0,tabicl,0.49511733651161194,0
entity_0144,entity_0910,0,tabicl,0.4940324127674103,0
entity_0871,entity_0692,0,tabicl,0.48535576462745667,0
entity_0385,entity_0425,1,tabicl,0.5010850429534912,1
entity_0297,entity_0081,0,tabicl,0.48535576462745667,0
entity_0563,entity_0537,0,tabicl,0.5037974715232849,1
entity_0415,entity_0623,0,tabicl,0.5092219114303589,1
entity_0315,entity_0025,1,tabicl,0.5059675574302673,1
entity_0403,entity_0542,0,tabicl,0.5097643733024597,1
entity_0323,entity_0758,0,tabicl,0.4924050569534302,0
entity_0919,entity_0118,0,tabicl,0.47722938656806946,0
entity_0310,entity_0919,0,tabicl,0.5010850429534912,1
entity_0261,entity_0415,1,tabicl,0.5070524215698242,1
entity_0839,entity_0936,0,tabicl,0.505424976348877,1
entity_0587,entity_0855,0,tabicl,0.5124757289886475,1
entity_0438,entity_0571,0,tabicl,0.5108489394187927,1
entity_0320,entity_0195,1,tabicl,0.5016274452209473,1
entity_0260,entity_0396,0,tabicl,0.5103065967559814,1
entity_0618,entity_0629,1,tabicl,0.48969319462776184,0
entity_0007,entity_0296,1,tabicl,0.505424976348877,1
entity_0840,entity_0557,1,tabicl,0.5135600566864014,1
entity_0385,entity_0267,1,tabicl,0.496202290058136,0
entity_0100,entity_0454,0,tabicl,0.5146442651748657,1
entity_0624,entity_0441,1,tabicl,0.5081372261047363,1
entity_0927,entity_0807,0,tabicl,0.4891510605812073,0
entity_0624,entity_0212,0,tabicl,0.5021700859069824,1
entity_0497,entity_0640,0,tabicl,0.5,1
entity_0457,entity_0779,0,tabicl,0.4940321743488312,0
entity_0781,entity_0741,1,tabicl,0.5059675574302673,1
entity_0041,entity_0628,0,tabicl,0.5021700859069824,1
entity_0091,entity_0174,1,tabicl,0.4902355968952179,0
entity_0787,entity_0775,0,tabicl,0.4956597089767456,0
entity_0919,entity_0082,0,tabicl,0.47452297806739807,0
entity_0507,entity_0161,1,tabicl,0.5308852195739746,1
entity_0148,entity_0076,0,tabicl,0.49945735931396484,0
entity_0297,entity_0869,0,tabicl,0.48806631565093994,0
entity_0455,entity_0692,0,tabicl,0.5113911032676697,1
entity_0515,entity_0842,0,tabicl,0.5016276836395264,1
entity_0761,entity_0097,1,tabicl,0.4907780587673187,0
entity_0942,entity_0470,0,tabicl,0.5027127265930176,1
entity_0479,entity_0498,1,tabicl,0.496202290058136,0
entity_0841,entity_0460,0,tabicl,0.5010850429534912,1
entity_0547,entity_0427,1,tabicl,0.5010850429534912,1
entity_0344,entity_0603,1,tabicl,0.48752424120903015,0
entity_0322,entity_0218,1,tabicl,0.49132028222084045,0
entity_0047,entity_0868,0,tabicl,0.48427173495292664,0
entity_0605,entity_0122,0,tabicl,0.49132028222084045,0
entity_0540,entity_0248,0,tabicl,0.5,1
entity_0007,entity_0237,0,tabicl,0.5124757289886475,1
entity_0040,entity_0432,0,tabicl,0.4989149570465088,0
entity_0236,entity_0609,0,tabicl,0.5173542499542236,1
entity_0658,entity_0017,0,tabicl,0.4907780587673187,0
entity_0750,entity_0245,0,tabicl,0.4891510605812073,0
entity_0566,entity_0780,1,tabicl,0.5032550692558289,1
entity_0416,entity_0844,1,tabicl,0.4902355968952179,0
entity_0711,entity_0579,0,tabicl,0.5032550692558289,1
entity_0286,entity_0748,0,tabicl,0.4956599473953247,0
entity_0062,entity_0001,0,tabicl,0.4637141227722168,0
entity_0145,entity_0007,1,tabicl,0.4972873032093048,0
entity_0674,entity_0464,1,tabicl,0.500542402267456,1
entity_0436,entity_0641,0,tabicl,0.509222149848938,1
entity_0776,entity_0235,1,tabicl,0.4848136007785797,0
entity_0593,entity_0653,1,tabicl,0.4891510605812073,0
entity_0500,entity_0368,1,tabicl,0.5010850429534912,1
entity_0788,entity_0345,1,tabicl,0.5254770517349243,1
entity_0512,entity_0828,1,tabicl,0.5,1
entity_0284,entity_0326,1,tabicl,0.49945759773254395,0
entity_0021,entity_0532,1,tabicl,0.4858979284763336,0
entity_0677,entity_0505,0,tabicl,0.5059675574302673,1
entity_0339,entity_0198,1,tabicl,0.49186280369758606,0
entity_0599,entity_0352,1,tabicl,0.5016274452209473,1
entity_0684,entity_0217,1,tabicl,0.49457499384880066,0
entity_0909,entity_0149,1,tabicl,0.48535576462745667,0
entity_0696,entity_0885,1,tabicl,0.48427173495292664,0
entity_0146,entity_0120,0,tabicl,0.5216876864433289,1
entity_0067,entity_0130,1,tabicl,0.4972873032093048,0
entity_0468,entity_0740,1,tabicl,0.4989149570465088,0
entity_0409,entity_0200,1,tabicl,0.4712774455547333,0
entity_0509,entity_0212,0,tabicl,0.524935781955719,1
entity_0899,entity_0993,0,tabicl,0.521146297454834,1
entity_0812,entity_0575,1,tabicl,0.5108489394187927,1
entity_0112,entity_0032,0,tabicl,0.473982036113739,0
entity_0021,entity_0873,1,tabicl,0.48264580965042114,0
entity_0633,entity_0061,1,tabicl,0.5135600566864014,1
entity_0133,entity_0545,1,tabicl,0.5292633771896362,1
entity_0907,entity_0205,0,tabicl,0.48318758606910706,0
entity_0374,entity_0496,1,tabicl,0.49837231636047363,0
entity_0451,entity_0425,1,tabicl,0.4972873032093048,0
entity_0982,entity_0629,0,tabicl,0.5081372261047363,1
entity_0086,entity_0398,1,tabicl,0.4989147186279297,0
entity_0457,entity_0781,1,tabicl,0.49511733651161194,0
entity_0158,entity_0078,1,tabicl,0.49132028222084045,0
entity_0213,entity_0833,0,tabicl,0.503797709941864,1
entity_0338,entity_0908,1,tabicl,0.5027127265930176,1
entity_0027,entity_0726,1,tabicl,0.49457475543022156,0
entity_0921,entity_0953,0,tabicl,0.5168124437332153,1
entity_0440,entity_0605,0,tabicl,0.511933445930481,1
entity_0874,entity_0486,0,tabicl,0.5016276836395264,1
entity_0013,entity_0783,1,tabicl,0.48644018173217773,0
entity_0444,entity_0536,1,tabicl,0.49945735931396484,0
entity_0851,entity_0024,1,tabicl,0.48643991351127625,0
entity_0277,entity_0297,1,tabicl,0.4972873032093048,0
entity_0213,entity_0799,1,tabicl,0.4940324127674103,0
entity_0617,entity_0269,1,tabicl,0.4902355968952179,0
entity_0749,entity_0734,1,tabicl,0.4972873032093048,0
entity_0158,entity_0012,1,tabicl,0.5146442651748657,1
entity_0961,entity_0184,1,tabicl,0.4723587930202484,0
entity_0694,entity_0310,0,tabicl,0.48264601826667786,0
entity_0719,entity_0501,1,tabicl,0.5281819701194763,1
entity_0655,entity_0673,1,tabicl,0.4907780587673187,0
entity_0105,entity_0073,1,tabicl,0.5346666574478149,1
entity_0131,entity_0876,0,tabicl,0.4940324127674103,0
entity_0140,entity_0006,1,tabicl,0.4907780587673187,0
entity_0187,entity_0657,0,tabicl,0.509222149848938,1
entity_0666,entity_0714,1,tabicl,0.4940324127674103,0
entity_0886,entity_0138,1,tabicl,0.47831228375434875,0
entity_0059,entity_0595,1,tabicl,0.5319657325744629,1
entity_0738,entity_0009,0,tabicl,0.4907778203487396,0
entity_0951,entity_0348,1,tabicl,0.5119336843490601,1
entity_0538,entity_0321,1,tabicl,0.4934898316860199,0
entity_0705,entity_0923,1,tabicl,0.5081372261047363,1
entity_0303,entity_0399,1,tabicl,0.5151861906051636,1
entity_0555,entity_0630,0,tabicl,0.5010850429534912,1
entity_0481,entity_0545,1,tabicl,0.4989149570465088,0
entity_0346,entity_0835,1,tabicl,0.4924050569534302,0
entity_0264,entity_0289,0,tabicl,0.4972873032093048,0
entity_0859,entity_0085,0,tabicl,0.4761464297771454,0
entity_0594,entity_0893,1,tabicl,0.5178959369659424,1
entity_0434,entity_0077,1,tabicl,0.5130180716514587,1
entity_0374,entity_0401,0,tabicl,0.5200631618499756,1
entity_0756,entity_0646,0,tabicl,0.5075949430465698,1
entity_0823,entity_0877,1,tabicl,0.46317461133003235,0
entity_0521,entity_0699,0,tabicl,0.5189794898033142,1
entity_0035,entity_0764,0,tabicl,0.505424976348877,1
entity_0026,entity_0253,0,tabicl,0.5103065967559814,1
entity_0997,entity_0379,0,tabicl,0.5065101385116577,1
entity_0463,entity_0220,1,tabicl,0.5059675574302673,1
entity_0817,entity_0004,0,tabicl,0.478853702545166,0
entity_0260,entity_0298,1,tabicl,0.4956597089767456,0
entity_0206,entity_0044,0,tabicl,0.49511733651161194,0
entity_0463,entity_0018,1,tabicl,0.5016276836395264,1
entity_0655,entity_0250,1,tabicl,0.4929475784301758,0
entity_0366,entity_0729,0,tabicl,0.521146297454834,1
entity_0277,entity_0381,0,tabicl,0.5010850429534912,1
entity_0868,entity_0366,0,tabicl,0.5021700859069824,1
entity_0849,entity_0615,1,tabicl,0.5330463647842407,1
entity_0705,entity_0116,0,tabicl,0.49511733651161194,0
entity_0997,entity_0383,0,tabicl,0.5113911032676697,1
entity_0124,entity_0191,0,tabicl,0.4924052953720093,0
entity_0241,entity_0738,1,tabicl,0.4886089265346527,0
entity_0047,entity_0010,0,tabicl,0.4940324127674103,0
entity_0938,entity_0556,1,tabicl,0.5135600566864014,1
entity_0421,entity_0446,0,tabicl,0.49457475543022156,0
entity_0802,entity_0067,0,tabicl,0.4929475784301758,0
entity_0969,entity_0982,0,tabicl,0.5265591144561768,1
entity_0434,entity_0398,0,tabicl,0.5070524215698242,1
entity_0168,entity_0716,1,tabicl,0.4924050569534302,0
entity_0675,entity_0104,1,tabicl,0.4962025582790375,0
entity_0030,entity_0201,0,tabicl,0.5227706432342529,1
entity_0977,entity_0533,0,tabicl,0.5081374645233154,1
entity_0734,entity_0316,0,tabicl,0.4858976900577545,0
entity_0104,entity_0130,1,tabicl,0.5075949430465698,1
entity_0173,entity_0835,1,tabicl,0.5043400526046753,1
entity_0137,entity_0876,0,tabicl,0.48806658387184143,0
entity_0678,entity_0056,1,tabicl,0.5043402910232544,1
entity_0948,entity_0117,0,tabicl,0.48427173495292664,0
entity_0186,entity_0113,0,tabicl,0.49186280369758606,0
entity_0367,entity_0986,0,tabicl,0.49837231636047363,0
entity_0759,entity_0503,1,tabicl,0.509222149848938,1
entity_0553,entity_0949,1,tabicl,0.5162703990936279,1
entity_0455,entity_0312,1,tabicl,0.5075947046279907,1
entity_0489,entity_0155,1,tabicl,0.5357462763786316,1
entity_0539,entity_0742,1,tabicl,0.530344545841217,1
entity_0065,entity_0788,1,tabicl,0.4989147186279297,0
entity_0890,entity_0456,1,tabicl,0.5010852813720703,1
entity_0259,entity_0969,0,tabicl,0.5086796879768372,1
entity_0287,entity_0040,0,tabicl,0.4924050569534302,0
entity_0559,entity_0393,1,tabicl,0.5070524215698242,1
entity_0242,entity_0020,1,tabicl,0.5135600566864014,1
entity_0969,entity_0751,0,tabicl,0.511933445930481,1
entity_0381,entity_0470,1,tabicl,0.4978299140930176,0
entity_0238,entity_0973,1,tabicl,0.5065101385116577,1
entity_0744,entity_0600,0,tabicl,0.509222149848938,1
entity_0655,entity_0488,0,tabicl,0.5043400526046753,1
entity_0518,entity_0327,1,tabicl,0.503797709941864,1
entity_0430,entity_0331,1,tabicl,0.5059675574302673,1
entity_0226,entity_0687,0,tabicl,0.5005426406860352,1
entity_0103,entity_0988,0,tabicl,0.48643991351127625,0
entity_0819,entity_0185,1,tabicl,0.5016276836395264,1
entity_0643,entity_0487,1,tabicl,0.5113913416862488,1
entity_0574,entity_0692,0,tabicl,0.5010852813720703,1
entity_0050,entity_0161,0,tabicl,0.4891510605812073,0
entity_0355,entity_0143,0,tabicl,0.48806631565093994,0
entity_0446,entity_0819,0,tabicl,0.4940324127674103,0
entity_0741,entity_0312,0,tabicl,0.49511733651161194,0
entity_0369,entity_0523,1,tabicl,0.5048826336860657,1
entity_0514,entity_0644,1,tabicl,0.5059675574302673,1
entity_0285,entity_0777,1,tabicl,0.48427173495292664,0
entity_0610,entity_0726,0,tabicl,0.4972873032093048,0
entity_0130,entity_0693,0,tabicl,0.5016276836395264,1
entity_0332,entity_0985,0,tabicl,0.5135600566864014,1
entity_0551,entity_0652,0,tabicl,0.5016274452209473,1
entity_0440,entity_0782,0,tabicl,0.5010850429534912,1
entity_0662,entity_0176,1,tabicl,0.49186280369758606,0
entity_0437,entity_0508,0,tabicl,0.5010850429534912,1
entity_0856,entity_0400,0,tabicl,0.509222149848938,1
entity_0401,entity_0361,0,tabicl,0.5173539519309998,1
entity_0256,entity_0583,0,tabicl,0.5075949430465698,1
entity_0099,entity_0101,1,tabicl,0.524394690990448,1
entity_0873,entity_0948,1,tabicl,0.5206046104431152,1
entity_0447,entity_0094,0,tabicl,0.5168122053146362,1
entity_0253,entity_0060,1,tabicl,0.4940324127674103,0
entity_0063,entity_0421,0,tabicl,0.4956599473953247,0
entity_0534,entity_0517,0,tabicl,0.5027127265930176,1
entity_0696,entity_0153,1,tabicl,0.4956599473953247,0
entity_0279,entity_0789,0,tabicl,0.4934898316860199,0
entity_0030,entity_0516,1,tabicl,0.4956597089767456,0
entity_0457,entity_0757,1,tabicl,0.4989149570465088,0
entity_0946,entity_0384,0,tabicl,0.5059675574302673,1
entity_0954,entity_0992,1,tabicl,0.5254772305488586,1
entity_0625,entity_0145,0,tabicl,0.5016276836395264,1
entity_0130,entity_0752,1,tabicl,0.49945759773254395,0
entity_0710,entity_0096,1,tabicl,0.49837231636047363,0
entity_0559,entity_0167,0,tabicl,0.5032550692558289,1
entity_0210,entity_0084,0,tabicl,0.48698195815086365,0
entity_0438,entity_0510,0,tabicl,0.5,1
entity_0123,entity_0424,0,tabicl,0.5189797282218933,1
entity_0630,entity_0245,1,tabicl,0.5016276836395264,1
entity_0478,entity_0768,0,tabicl,0.49782970547676086,0
entity_0145,entity_0836,0,tabicl,0.5043400526046753,1
entity_0064,entity_0373,0,tabicl,0.48264601826667786,0
entity_0742,entity_0671,0,tabicl,0.4989149570465088,0
entity_0894,entity_0556,0,tabicl,0.5184378623962402,1
entity_0595,entity_0072,1,tabicl,0.5281819701194763,1
entity_0810,entity_0901,0,tabicl,0.47452273964881897,0
entity_0615,entity_0193,0,tabicl,0.49945759773254395,0
entity_0316,entity_0211,1,tabicl,0.4956597089767456,0
entity_0125,entity_0180,0,tabicl,0.4907780587673187,0
entity_0331,entity_0533,1,tabicl,0.5184378623962402,1
entity_0063,entity_0028,0,tabicl,0.49511733651161194,0
entity_0502,entity_0221,0,tabicl,0.5222290754318237,1
entity_0641,entity_0234,1,tabicl,0.4956599473953247,0
entity_0276,entity_0936,1,tabicl,0.5119336843490601,1
entity_0035,entity_0275,0,tabicl,0.4989149570465088,0
entity_0449,entity_0213,0,tabicl,0.5054252743721008,1
entity_0973,entity_0734,1,tabicl,0.5178961157798767,1
entity_0052,entity_0228,0,tabicl,0.5086796879768372,1
entity_0297,entity_0449,0,tabicl,0.521146297454834,1
entity_0202,entity_0481,0,tabicl,0.5206046104431152,1
entity_0089,entity_0605,0,tabicl,0.49457475543022156,0
entity_0532,entity_0948,1,tabicl,0.49837255477905273,0
entity_0193,entity_0616,1,tabicl,0.511933445930481,1
entity_0176,entity_0683,1,tabicl,0.5,1
entity_0767,entity_0711,1,tabicl,0.496202290058136,0
entity_0827,entity_0792,0,tabicl,0.4934900999069214,0
entity_0814,entity_0486,0,tabicl,0.5124757289886475,1
entity_0914,entity_0746,0,tabicl,0.48372960090637207,0
entity_0427,entity_0574,0,tabicl,0.509222149848938,1
entity_0835,entity_0120,0,tabicl,0.48264580965042114,0
entity_0195,entity_0260,0,tabicl,0.4929475784301758,0
entity_0578,entity_0369,0,tabicl,0.5032550692558289,1
entity_0270,entity_0332,0,tabicl,0.5005426406860352,1
entity_0108,entity_0053,1,tabicl,0.5135600566864014,1
entity_0207,entity_0599,0,tabicl,0.5075949430465698,1
entity_0381,entity_0937,0,tabicl,0.5005426406860352,1
entity_0995,entity_0447,0,tabicl,0.5059675574302673,1
entity_0939,entity_0214,0,tabicl,0.48806658387184143,0
entity_0663,entity_0367,0,tabicl,0.5065101385116577,1
entity_0986,entity_0167,0,tabicl,0.48806658387184143,0
entity_0156,entity_0069,0,tabicl,0.4907778203487396,0
entity_0336,entity_0760,0,tabicl,0.4858979284763336,0
entity_0460,entity_0464,1,tabicl,0.4940324127674103,0
entity_0089,entity_0974,0,tabicl,0.48698219656944275,0
entity_0838,entity_0854,0,tabicl,0.46587345004081726,0
entity_0116,entity_0238,1,tabicl,0.49186253547668457,0
entity_0076,entity_0508,0,tabicl,0.503255307674408,1
entity_0471,entity_0349,1,tabicl,0.5043400526046753,1
entity_0900,entity_0797,1,tabicl,0.47722914814949036,0
entity_0356,entity_0155,0,tabicl,0.475605309009552,0
entity_0201,entity_0570,1,tabicl,0.5124757289886475,1
entity_0070,entity_0358,0,tabicl,0.4956599473953247,0
entity_0741,entity_0765,1,tabicl,0.4972873032093048,0
entity_0402,entity_0158,1,tabicl,0.48969319462776184,0
entity_0380,entity_0278,1,tabicl,0.5,1
entity_0481,entity_0469,1,tabicl,0.49511733651161194,0
entity_0881,entity_0764,0,tabicl,0.48698219656944275,0
entity_0566,entity_0059,1,tabicl,0.5535053014755249,1
entity_0285,entity_0036,0,tabicl,0.5027124881744385,1
entity_0926,entity_0687,0,tabicl,0.5054252743721008,1
entity_0797,entity_0878,0,tabicl,0.4674938917160034,0
entity_0930,entity_0408,1,tabicl,0.49674490094184875,0
entity_0215,entity_0167,0,tabicl,0.4934898316860199,0
entity_0777,entity_0723,1,tabicl,0.4956597089767456,0
entity_0589,entity_0924,1,tabicl,0.5346666574478149,1
entity_0970,entity_0663,0,tabicl,0.514102041721344,1
entity_0892,entity_0886,0,tabicl,0.48156213760375977,0
entity_0613,entity_0185,1,tabicl,0.505424976348877,1
entity_0064,entity_0234,0,tabicl,0.5005426406860352,1
entity_0644,entity_0921,1,tabicl,0.5314255356788635,1
entity_0006,entity_0988,1,tabicl,0.496202290058136,0
entity_0409,entity_0357,1,tabicl,0.514102041721344,1
entity_0042,entity_0003,1,tabicl,0.4712774455547333,0
entity_0966,entity_0222,0,tabicl,0.4940324127674103,0
entity_0875,entity_0782,0,tabicl,0.4858976900577545,0
entity_0401,entity_0032,1,tabicl,0.4848138391971588,0
entity_0094,entity_0956,0,tabicl,0.48698219656944275,0
entity_0904,entity_0593,1,tabicl,0.5178959369659424,1
entity_0620,entity_0848,0,tabicl,0.5233118534088135,1
entity_0440,entity_0886,1,tabicl,0.4924050569534302,0
entity_0941,entity_0958,1,tabicl,0.5195213556289673,1
entity_0847,entity_0873,0,tabicl,0.4583216905593872,0
entity_0592,entity_0292,0,tabicl,0.4924050569534302,0
entity_0610,entity_0202,1,tabicl,0.5037974715232849,1
entity_0872,entity_0419,1,tabicl,0.4929475784301758,0
entity_0692,entity_0206,1,tabicl,0.49511733651161194,0
entity_0225,entity_0967,1,tabicl,0.49132028222084045,0
entity_0526,entity_0494,0,tabicl,0.5027127265930176,1
entity_0268,entity_0367,1,tabicl,0.5,1
entity_0524,entity_0237,1,tabicl,0.5146442651748657,1
entity_0801,entity_0937,1,tabicl,0.4978299140930176,0
entity_0747,entity_0575,1,tabicl,0.5075949430465698,1
entity_0813,entity_0450,0,tabicl,0.5027127265930176,1
entity_0935,entity_0654,0,tabicl,0.5389832258224487,1
entity_0331,entity_0669,1,tabicl,0.5021700859069824,1
entity_0292,entity_0076,1,tabicl,0.48427149653434753,0
entity_0093,entity_0660,1,tabicl,0.5130177736282349,1
entity_0407,entity_0068,1,tabicl,0.5048826336860657,1
entity_0095,entity_0606,0,tabicl,0.48427173495292664,0
entity_0165,entity_0513,0,tabicl,0.5368253588676453,1
entity_0749,entity_0312,1,tabicl,0.49837255477905273,0
entity_0352,entity_0418,1,tabicl,0.5130180716514587,1
entity_0029,entity_0583,1,tabicl,0.49186253547668457,0
entity_0141,entity_0298,0,tabicl,0.4978299140930176,0
entity_0353,entity_0995,1,tabicl,0.5130177736282349,1
entity_0235,entity_0489,0,tabicl,0.5184375643730164,1
entity_0529,entity_0081,1,tabicl,0.5162703990936279,1
entity_0623,entity_0630,1,tabicl,0.49132028222084045,0
entity_0831,entity_0093,1,tabicl,0.47777092456817627,0
entity_0346,entity_0601,0,tabicl,0.5065101385116577,1
entity_0480,entity_0421,1,tabicl,0.49674490094184875,0
entity_0169,entity_0526,0,tabicl,0.524394690990448,1
entity_0980,entity_0654,1,tabicl,0.5010850429534912,1
entity_0657,entity_0005,0,tabicl,0.48698219656944275,0
entity_0059,entity_0288,0,tabicl,0.5021700859069824,1
entity_0529,entity_0788,0,tabicl,0.4989149570465088,0
entity_0522,entity_0625,1,tabicl,0.5043402910232544,1
entity_0933,entity_0125,0,tabicl,0.475605309009552,0
entity_0817,entity_0610,0,tabicl,0.5189794898033142,1
entity_0493,entity_0309,1,tabicl,0.5048826336860657,1
entity_0916,entity_0593,0,tabicl,0.5200628638267517,1
entity_0206,entity_0271,0,tabicl,0.4886089265346527,0
entity_0247,entity_0178,1,tabicl,0.49511733651161194,0
entity_0095,entity_0638,0,tabicl,0.5048826336860657,1
entity_0164,entity_0533,0,tabicl,0.5292633771896362,1
entity_0982,entity_0990,0,tabicl,0.5141022801399231,1
entity_0740,entity_0026,1,tabicl,0.4891510605812073,0
entity_0469,entity_0574,0,tabicl,0.49837231636047363,0
entity_0710,entity_0348,0,tabicl,0.496202290058136,0
entity_0149,entity_0057,1,tabicl,0.48535576462745667,0
entity_0183,entity_0526,0,tabicl,0.524394690990448,1
entity_0967,entity_0552,0,tabicl,0.511933445930481,1
entity_0502,entity_0667,0,tabicl,0.5021703243255615,1
entity_0695,entity_0687,1,tabicl,0.49457475543022156,0
entity_0402,entity_0141,1,tabicl,0.48643991351127625,0
entity_0405,entity_0804,0,tabicl,0.49186280369758606,0
entity_0846,entity_0270,1,tabicl,0.5086796879768372,1
entity_0524,entity_0209,1,tabicl,0.5216879844665527,1
entity_0718,entity_0265,1,tabicl,0.4929475784301758,0
entity_0970,entity_0307,0,tabicl,0.5222290754318237,1
entity_0772,entity_0974,1,tabicl,0.522770881652832,1
entity_0911,entity_0716,1,tabicl,0.4902355968952179,0
entity_0618,entity_0113,0,tabicl,0.4761466979980469,0
entity_0720,entity_0621,1,tabicl,0.49945735931396484,0
entity_0574,entity_0350,1,tabicl,0.49945735931396484,0
entity_0242,entity_0680,1,tabicl,0.49837231636047363,0
entity_0862,entity_0511,1,tabicl,0.5043402910232544,1
entity_0587,entity_0004,1,tabicl,0.4810202717781067,0
entity_0455,entity_0519,1,tabicl,0.4989149570465088,0
entity_0718,entity_0529,1,tabicl,0.5216876864433289,1
entity_0303,entity_0499,0,tabicl,0.5200628638267517,1
entity_0672,entity_0924,1,tabicl,0.5157282948493958,1
entity_0233,entity_0352,0,tabicl,0.5081372261047363,1
entity_0273,entity_0109,1,tabicl,0.4929475784301758,0
entity_0489,entity_0499,1,tabicl,0.4940324127674103,0
entity_0693,entity_0499,0,tabicl,0.5162703990936279,1
entity_0081,entity_0909,1,tabicl,0.48156213760375977,0
entity_0263,entity_0562,0,tabicl,0.5027124881744385,1
entity_0438,entity_0663,0,tabicl,0.5108489394187927,1
entity_0545,entity_0914,1,tabicl,0.5151863694190979,1
entity_0436,entity_0959,1,tabicl,0.4929475784301758,0
entity_0662,entity_0389,0,tabicl,0.5075949430465698,1
entity_0204,entity_0178,1,tabicl,0.4907780587673187,0
entity_0365,entity_0535,1,tabicl,0.5151863694190979,1
entity_0316,entity_0710,0,tabicl,0.49457475543022156,0
entity_0219,entity_0804,0,tabicl,0.500542402267456,1
entity_0611,entity_0082,1,tabicl,0.514102041721344,1
entity_0017,entity_0080,0,tabicl,0.48752447962760925,0
entity_0692,entity_0644,1,tabicl,0.49186280369758606,0
entity_0457,entity_0446,0,tabicl,0.4924050569534302,0
entity_0272,entity_0010,0,tabicl,0.5027127265930176,1
entity_0701,entity_0331,1,tabicl,0.4886086583137512,0
entity_0019,entity_0590,0,tabicl,0.4810205101966858,0
entity_0097,entity_0282,0,tabicl,0.48698219656944275,0
entity_0469,entity_0914,1,tabicl,0.4886086583137512,0
entity_0403,entity_0279,1,tabicl,0.49837231636047363,0
entity_0427,entity_0940,1,tabicl,0.4956597089767456,0
entity_0278,entity_0858,1,tabicl,0.4989149570465088,0
entity_0431,entity_0230,0,tabicl,0.4962025582790375,0
entity_0654,entity_0496,0,tabicl,0.49837255477905273,0
entity_0780,entity_0988,0,tabicl,0.5200631618499756,1
entity_0773,entity_0324,0,tabicl,0.505424976348877,1
entity_0920,entity_0890,1,tabicl,0.5113913416862488,1
entity_0423,entity_0945,0,tabicl,0.49132028222084045,0
entity_0775,entity_0613,0,tabicl,0.5113913416862488,1
entity_0411,entity_0851,0,tabicl,0.4924050569534302,0
entity_0649,entity_0306,0,tabicl,0.48752424120903015,0
entity_0502,entity_0365,0,tabicl,0.5032550692558289,1
entity_0279,entity_0690,0,tabicl,0.49511733651161194,0
entity_0037,entity_0975,1,tabicl,0.48752424120903015,0
entity_0356,entity_0968,0,tabicl,0.5065101385116577,1
entity_0020,entity_0821,1,tabicl,0.4907778203487396,0
entity_0653,entity_0904,1,tabicl,0.5151863694190979,1
entity_0727,entity_0650,1,tabicl,0.48969319462776184,0
entity_0530,entity_0715,1,tabicl,0.524935781955719,1
entity_0229,entity_0419,0,tabicl,0.5151863694190979,1
entity_0628,entity_0883,0,tabicl,0.5081372261047363,1
entity_0168,entity_0635,1,tabicl,0.5043402910232544,1
entity_0437,entity_0520,1,tabicl,0.5,1
entity_0508,entity_0452,1,tabicl,0.4929475784301758,0
entity_0218,entity_0304,0,tabicl,0.49837255477905273,0
entity_0183,entity_0409,0,tabicl,0.5021703243255615,1
entity_0105,entity_0639,0,tabicl,0.5021700859069824,1
entity_0041,entity_0929,1,tabicl,0.48264580965042114,0
entity_0472,entity_0405,0,tabicl,0.4929473102092743,0
entity_0807,entity_0241,1,tabicl,0.48806658387184143,0
entity_0047,entity_0642,1,tabicl,0.5113913416862488,1
entity_0169,entity_0102,0,tabicl,0.49186280369758606,0
entity_0071,entity_0111,1,tabicl,0.5086796879768372,1
entity_0156,entity_0388,1,tabicl,0.4934900999069214,0
entity_0423,entity_0102,0,tabicl,0.5135600566864014,1
entity_0017,entity_0120,1,tabicl,0.4891510605812073,0
entity_0994,entity_0293,1,tabicl,0.5108489394187927,1
entity_0200,entity_0727,1,tabicl,0.4929475784301758,0
entity_0791,entity_0342,0,tabicl,0.5200628638267517,1
entity_0631,entity_0423,1,tabicl,0.5032550692558289,1
entity_0819,entity_0472,0,tabicl,0.5162703990936279,1
entity_0797,entity_0580,0,tabicl,0.5016274452209473,1
entity_0535,entity_0671,0,tabicl,0.5054252743721008,1
entity_0418,entity_0075,1,tabicl,0.5178959369659424,1
entity_0526,entity_0205,0,tabicl,0.5319659113883972,1
entity_0603,entity_0551,0,tabicl,0.5032550692558289,1
entity_0746,entity_0044,0,tabicl,0.49945735931396484,0
entity_0728,entity_0829,0,tabicl,0.49674490094184875,0
entity_0717,entity_0297,0,tabicl,0.48969343304634094,0
entity_0161,entity_0698,1,tabicl,0.49674490094184875,0
entity_0536,entity_0659,0,tabicl,0.5016276836395264,1
entity_0028,entity_0976,0,tabicl,0.4934898316860199,0
entity_0194,entity_0302,1,tabicl,0.4924050569534302,0
entity_0231,entity_0638,0,tabicl,0.505424976348877,1
entity_0084,entity_0655,0,tabicl,0.5124754905700684,1
entity_0670,entity_0541,1,tabicl,0.5010850429534912,1
entity_0378,entity_0288,1,tabicl,0.5021700859069824,1
entity_0775,entity_0252,0,tabicl,0.4891510605812073,0
entity_0856,entity_0147,1,tabicl,0.4907780587673187,0
entity_0746,entity_0927,0,tabicl,0.49511733651161194,0
entity_0663,entity_0387,1,tabicl,0.5146442651748657,1
entity_0009,entity_0881,1,tabicl,0.48264580965042114,0
entity_0488,entity_0620,1,tabicl,0.5092219114303589,1
entity_0333,entity_0178,0,tabicl,0.48210409283638,0
entity_0967,entity_0635,0,tabicl,0.5075947046279907,1
entity_0079,entity_0763,1,tabicl,0.49945735931396484,0
entity_0153,entity_0954,0,tabicl,0.47777092456817627,0
entity_0779,entity_0053,1,tabicl,0.503797709941864,1
entity_0972,entity_0977,1,tabicl,0.5233120918273926,1
entity_0453,entity_0937,0,tabicl,0.49132028222084045,0
entity_0169,entity_0807,1,tabicl,0.496202290058136,0
entity_0603,entity_0751,0,tabicl,0.5070524215698242,1
entity_0503,entity_0059,0,tabicl,0.5113913416862488,1
entity_0987,entity_0247,1,tabicl,0.5032550692558289,1
entity_0879,entity_0230,0,tabicl,0.4907778203487396,0
entity_0094,entity_0456,1,tabicl,0.5135600566864014,1
entity_0696,entity_0174,1,tabicl,0.49674466252326965,0
entity_0753,entity_0002,1,tabicl,0.48372986912727356,0
entity_0743,entity_0013,1,tabicl,0.48752447962760925,0
entity_0597,entity_0569,0,tabicl,0.4972873032093048,0
entity_0309,entity_0471,1,tabicl,0.514102041721344,1
entity_0862,entity_0415,0,tabicl,0.5032550692558289,1
entity_0529,entity_0149,1,tabicl,0.5081374645233154,1
entity_0883,entity_0211,0,tabicl,0.47668787837028503,0
entity_0987,entity_0373,0,tabicl,0.5162703990936279,1
entity_0488,entity_0357,0,tabicl,0.505424976348877,1
entity_0718,entity_0346,0,tabicl,0.5027127265930176,1
entity_0191,entity_0612,0,tabicl,0.5124757289886475,1
entity_0218,entity_0623,0,tabicl,0.5043402910232544,1
entity_0902,entity_0760,0,tabicl,0.475605309009552,0
entity_0298,entity_0241,0,tabicl,0.4940324127674103,0
entity_0919,entity_0963,1,tabicl,0.5184378623962402,1
entity_0334,entity_0147,1,tabicl,0.48156213760375977,0
entity_0370,entity_0036,1,tabicl,0.5097643733024597,1
entity_0207,entity_0814,0,tabicl,0.49945735931396484,0
entity_0859,entity_0013,1,tabicl,0.48318779468536377,0
entity_0618,entity_0038,1,tabicl,0.49782970547676086,0
entity_0130,entity_0253,1,tabicl,0.49674466252326965,0
entity_0891,entity_0205,0,tabicl,0.475605309009552,0
entity_0110,entity_0656,1,tabicl,0.5059675574302673,1
entity_0274,entity_0701,1,tabicl,0.4972873032093048,0
entity_0357,entity_0200,1,tabicl,0.4891510605812073,0
entity_0105,entity_0011,1,tabicl,0.48372986912727356,0
entity_0041,entity_0585,0,tabicl,0.5395225286483765,1
entity_0531,entity_0016,1,tabicl,0.4940324127674103,0
entity_0582,entity_0687,0,tabicl,0.5027127265930176,1
entity_0008,entity_0070,0,tabicl,0.47344085574150085,0
entity_0601,entity_0481,0,tabicl,0.5086796879768372,1
entity_0015,entity_0601,1,tabicl,0.48318779468536377,0
entity_0038,entity_0155,0,tabicl,0.49132028222084045,0
entity_0040,entity_0791,1,tabicl,0.503255307674408,1
entity_0216,entity_0219,1,tabicl,0.49132028222084045,0
entity_0393,entity_0640,1,tabicl,0.5059675574302673,1
entity_0311,entity_0854,0,tabicl,0.48806658387184143,0
entity_0525,entity_0684,0,tabicl,0.5081374645233154,1
entity_0596,entity_0835,0,tabicl,0.5222290754318237,1
entity_0853,entity_0202,1,tabicl,0.48752424120903015,0
entity_0964,entity_0769,0,tabicl,0.514102041721344,1
entity_0373,entity_0563,1,tabicl,0.5113911032676697,1
entity_0618,entity_0302,0,tabicl,0.4858979284763336,0
entity_0636,entity_0149,0,tabicl,0.5016276836395264,1
entity_0842,entity_0790,1,tabicl,0.5097643733024597,1
entity_0982,entity_0970,1,tabicl,0.5206046104431152,1
entity_0930,entity_0214,0,tabicl,0.48969343304634094,0
entity_0507,entity_0585,1,tabicl,0.49837255477905273,0
entity_0218,entity_0570,0,tabicl,0.522770881652832,1
entity_0389,entity_0755,1,tabicl,0.5124757289886475,1
entity_0386,entity_0833,0,tabicl,0.4972873032093048,0
entity_0916,entity_0850,1,tabicl,0.47939538955688477,0
entity_0087,entity_0485,0,tabicl,0.521146297454834,1
entity_0137,entity_0199,0,tabicl,0.4886089265346527,0
entity_0552,entity_0636,1,tabicl,0.5,1
entity_0416,entity_0024,0,tabicl,0.5048826336860657,1
entity_0618,entity_0341,1,tabicl,0.4972873032093048,0
entity_0322,entity_0900,0,tabicl,0.4924050569534302,0
entity_0596,entity_0920,0,tabicl,0.5330463647842407,1
entity_0016,entity_0843,1,tabicl,0.4907780587673187,0
entity_0293,entity_0437,0,tabicl,0.5178959369659424,1
entity_0587,entity_0290,0,tabicl,0.4902355968952179,0
entity_0567,entity_0414,1,tabicl,0.5010850429534912,1
entity_0279,entity_0659,1,tabicl,0.4978299140930176,0
entity_0399,entity_0641,1,tabicl,0.509222149848938,1
entity_0258,entity_0568,0,tabicl,0.503797709941864,1
entity_0132,entity_0111,0,tabicl,0.5216876864433289,1
entity_0053,entity_0509,1,tabicl,0.4924052953720093,0
entity_0336,entity_0451,1,tabicl,0.5092219114303589,1
entity_0472,entity_0058,0,tabicl,0.503797709941864,1
entity_0845,entity_0016,1,tabicl,0.4924052953720093,0
entity_0337,entity_0607,1,tabicl,0.48643991351127625,0
entity_0535,entity_0635,0,tabicl,0.4972873032093048,0
entity_0231,entity_0600,0,tabicl,0.5168122053146362,1
entity_0687,entity_0971,1,tabicl,0.5130177736282349,1
entity_0784,entity_0642,0,tabicl,0.5043400526046753,1
entity_0905,entity_0746,0,tabicl,0.48372986912727356,0
entity_0967,entity_0705,0,tabicl,0.5135598182678223,1
entity_0164,entity_0740,1,tabicl,0.4956597089767456,0
entity_0847,entity_0997,1,tabicl,0.5130177736282349,1
entity_0412,entity_0282,0,tabicl,0.49674490094184875,0
entity_0216,entity_0535,0,tabicl,0.521146297454834,1
entity_0179,entity_0248,0,tabicl,0.49132052063941956,0
entity_0133,entity_0708,0,tabicl,0.48806658387184143,0
entity_0668,entity_0487,1,tabicl,0.49945759773254395,0
entity_0865,entity_0181,0,tabicl,0.49186280369758606,0
entity_0657,entity_0644,0,tabicl,0.48643991351127625,0
entity_0882,entity_0117,0,tabicl,0.47885391116142273,0
entity_0348,entity_0844,0,tabicl,0.49132028222084045,0
entity_0247,entity_0446,1,tabicl,0.5146442651748657,1
entity_0962,entity_0080,0,tabicl,0.4810202717781067,0
entity_0555,entity_0078,0,tabicl,0.5238533616065979,1
entity_0732,entity_0464,0,tabicl,0.5124757289886475,1
entity_0115,entity_0577,0,tabicl,0.5021700859069824,1
entity_0979,entity_0897,0,tabicl,0.5184378623962402,1
entity_0578,entity_0680,0,tabicl,0.4956597089767456,0
entity_0591,entity_0482,0,tabicl,0.5059675574302673,1
entity_0278,entity_0768,1,tabicl,0.49186253547668457,0
entity_0740,entity_0952,1,tabicl,0.5173542499542236,1
entity_0475,entity_0699,1,tabicl,0.5168124437332153,1
entity_0336,entity_0816,0,tabicl,0.4972873032093048,0
entity_0564,entity_0235,0,tabicl,0.5103065967559814,1
entity_0877,entity_0253,0,tabicl,0.49186280369758606,0
entity_0143,entity_0766,1,tabicl,0.5032550692558289,1
entity_0448,entity_0248,1,tabicl,0.48969319462776184,0
entity_0631,entity_0356,1,tabicl,0.5043400526046753,1
entity_0958,entity_0532,1,tabicl,0.4989149570465088,0
entity_0069,entity_0901,0,tabicl,0.48535576462745667,0
entity_0019,entity_0913,1,tabicl,0.48969319462776184,0
entity_0630,entity_0142,1,tabicl,0.4978299140930176,0
entity_0019,entity_0700,1,tabicl,0.48806658387184143,0
entity_0795,entity_0375,1,tabicl,0.514102041721344,1
entity_0669,entity_0021,0,tabicl,0.48643991351127625,0
entity_0915,entity_0270,0,tabicl,0.5124757289886475,1
entity_0629,entity_0503,0,tabicl,0.49457499384880066,0
entity_0621,entity_0340,0,tabicl,0.49674490094184875,0
entity_0207,entity_0906,0,tabicl,0.4886086583137512,0
entity_0981,entity_0765,0,tabicl,0.524935781955719,1
entity_0069,entity_0615,0,tabicl,0.5292633771896362,1
entity_0311,entity_0249,1,tabicl,0.500542402267456,1
entity_0420,entity_0793,1,tabicl,0.4956599473953247,0
entity_0192,entity_0165,1,tabicl,0.496202290058136,0
entity_0387,entity_0246,0,tabicl,0.4972875416278839,0
entity_0328,entity_0884,1,tabicl,0.4929473102092743,0
entity_0912,entity_0627,1,tabicl,0.540600597858429,1
entity_0824,entity_0161,1,tabicl,0.49674490094184875,0
entity_0960,entity_0226,0,tabicl,0.496202290058136,0
entity_0754,entity_0867,0,tabicl,0.48644018173217773,0
entity_0775,entity_0181,0,tabicl,0.49674490094184875,0
entity_0813,entity_0298,1,tabicl,0.5130177736282349,1
entity_0987,entity_0258,1,tabicl,0.5016276836395264,1
entity_0571,entity_0065,0,tabicl,0.5400614738464355,1
entity_0373,entity_0024,0,tabicl,0.5070524215698242,1
entity_0847,entity_0119,1,tabicl,0.48752424120903015,0
entity_0637,entity_0314,1,tabicl,0.4924052953720093,0
entity_0335,entity_0552,0,tabicl,0.5113913416862488,1
entity_0600,entity_0567,1,tabicl,0.49837255477905273,0
entity_0112,entity_0953,1,tabicl,0.48372986912727356,0
entity_0175,entity_0856,1,tabicl,0.4891510605812073,0
entity_0474,entity_0972,0,tabicl,0.49457475543022156,0
entity_0103,entity_0872,1,tabicl,0.48427173495292664,0
entity_0233,entity_0936,0,tabicl,0.49674490094184875,0
entity_0497,entity_0443,0,tabicl,0.4940324127674103,0
entity_0248,entity_0566,0,tabicl,0.509222149848938,1
entity_0678,entity_0766,0,tabicl,0.49837255477905273,0
entity_0054,entity_0872,0,tabicl,0.4848136007785797,0
entity_0909,entity_0671,0,tabicl,0.5059675574302673,1
entity_0398,entity_0564,1,tabicl,0.5222293138504028,1
entity_0685,entity_0485,0,tabicl,0.5113911032676697,1
entity_0173,entity_0715,1,tabicl,0.49837255477905273,0
entity_0437,entity_0132,1,tabicl,0.5054252743721008,1
entity_0701,entity_0952,0,tabicl,0.5081374645233154,1
entity_0075,entity_0316,1,tabicl,0.48969343304634094,0
entity_0541,entity_0197,1,tabicl,0.5271002054214478,1
entity_0030,entity_0333,1,tabicl,0.5070524215698242,1
entity_0915,entity_0036,0,tabicl,0.47939538955688477,0
entity_0040,entity_0394,1,tabicl,0.48752424120903015,0
entity_0818,entity_0201,0,tabicl,0.4891510605812073,0
entity_0335,entity_0654,1,tabicl,0.4956599473953247,0
entity_0911,entity_0168,1,tabicl,0.47181808948516846,0
entity_0641,entity_0725,0,tabicl,0.49782970547676086,0
entity_0693,entity_0731,1,tabicl,0.4902355968952179,0
entity_0170,entity_0973,0,tabicl,0.48156213760375977,0
entity_0230,entity_0702,1,tabicl,0.5,1
entity_0257,entity_0682,1,tabicl,0.49511733651161194,0
entity_0228,entity_0390,1,tabicl,0.514102041721344,1
entity_0524,entity_0342,1,tabicl,0.5070524215698242,1
entity_0814,entity_0988,0,tabicl,0.5254772305488586,1
entity_0645,entity_0766,1,tabicl,0.503797709941864,1
entity_0018,entity_0393,1,tabicl,0.48698219656944275,0
entity_0758,entity_0753,0,tabicl,0.5032550692558289,1
entity_0629,entity_0328,0,tabicl,0.48806658387184143,0
entity_0748,entity_0847,0,tabicl,0.4907778203487396,0
entity_0872,entity_0869,0,tabicl,0.4577828645706177,0
entity_0375,entity_0933,0,tabicl,0.4929475784301758,0
entity_0640,entity_0115,0,tabicl,0.4956599473953247,0
entity_0659,entity_0531,0,tabicl,0.49945735931396484,0
entity_0405,entity_0946,1,tabicl,0.5,1
entity_0357,entity_1000,0,tabicl,0.5162703990936279,1
entity_0391,entity_0405,0,tabicl,0.509222149848938,1
entity_0916,entity_0118,1,tabicl,0.4799371063709259,0
entity_0219,entity_0324,1,tabicl,0.49674466252326965,0
entity_0087,entity_0820,1,tabicl,0.4962025582790375,0
entity_0589,entity_0472,0,tabicl,0.5135600566864014,1
entity_0402,entity_0762,1,tabicl,0.5124757289886475,1
entity_0197,entity_0964,1,tabicl,0.4810205101966858,0
entity_0143,entity_0758,1,tabicl,0.5027127265930176,1
entity_0015,entity_0804,0,tabicl,0.478853702545166,0
entity_0803,entity_0728,1,tabicl,0.49945735931396484,0
entity_0762,entity_0421,1,tabicl,0.5189794898033142,1
entity_0096,entity_0567,1,tabicl,0.5227706432342529,1
entity_0873,entity_0818,1,tabicl,0.47344085574150085,0
entity_0071,entity_0704,0,tabicl,0.5157282948493958,1
entity_0358,entity_0068,1,tabicl,0.48264580965042114,0
entity_0236,entity_0483,0,tabicl,0.5168124437332153,1
entity_0981,entity_0899,0,tabicl,0.5162703990936279,1
entity_0785,entity_0620,0,tabicl,0.514102041721344,1
entity_0826,entity_0589,0,tabicl,0.5124754905700684,1
entity_0031,entity_0494,1,tabicl,0.49132028222084045,0
entity_0395,entity_0740,1,tabicl,0.5097643733024597,1
entity_0988,entity_0414,0,tabicl,0.5097643733024597,1
entity_0924,entity_0352,0,tabicl,0.5135600566864014,1
entity_0953,entity_0052,1,tabicl,0.48427173495292664,0
entity_0472,entity_0943,0,tabicl,0.4940324127674103,0
entity_0107,entity_0215,0,tabicl,0.48535576462745667,0
entity_0676,entity_0682,1,tabicl,0.4956599473953247,0
entity_0717,entity_0196,1,tabicl,0.4972873032093048,0
entity_0439,entity_0097,1,tabicl,0.5184378623962402,1
entity_0619,entity_0654,0,tabicl,0.4902355968952179,0
entity_0891,entity_0803,0,tabicl,0.4750642478466034,0
entity_0300,entity_0097,0,tabicl,0.48535576462745667,0
entity_0755,entity_0854,1,tabicl,0.4972873032093048,0
entity_0815,entity_0872,0,tabicl,0.4637141227722168,0
entity_0665,entity_0217,0,tabicl,0.49511733651161194,0
entity_0208,entity_0330,0,tabicl,0.4989149570465088,0
entity_0874,entity_0331,0,tabicl,0.5151861906051636,1
entity_0905,entity_0548,1,tabicl,0.5184378623962402,1
entity_0968,entity_0995,1,tabicl,0.5330463647842407,1
entity_0533,entity_0701,1,tabicl,0.5200631618499756,1
entity_0689,entity_0580,1,tabicl,0.48806658387184143,0
entity_0271,entity_0974,0,tabicl,0.5211460590362549,1
entity_0536,entity_0989,0,tabicl,0.5054252743721008,1
entity_0426,entity_0057,1,tabicl,0.5054252743721008,1
entity_0383,entity_0349,0,tabicl,0.5173539519309998,1
entity_0950,entity_0419,1,tabicl,0.4978299140930176,0
entity_0036,entity_0098,0,tabicl,0.47831228375434875,0
entity_0691,entity_0636,1,tabicl,0.49186280369758606,0
entity_0326,entity_0365,1,tabicl,0.5005426406860352,1
entity_0106,entity_0518,1,tabicl,0.5319659113883972,1
entity_0887,entity_0949,1,tabicl,0.521146297454834,1
entity_0929,entity_0986,0,tabicl,0.5254770517349243,1
entity_0009,entity_0570,1,tabicl,0.49132028222084045,0
entity_0556,entity_0606,1,tabicl,0.49457475543022156,0
entity_0288,entity_0973,0,tabicl,0.5178959369659424,1
entity_0721,entity_0130,0,tabicl,0.4929475784301758,0
entity_0335,entity_0176,1,tabicl,0.4761464297771454,0
entity_0808,entity_0399,1,tabicl,0.5141022801399231,1
entity_0974,entity_0477,0,tabicl,0.5016276836395264,1
entity_0377,entity_0235,1,tabicl,0.503797709941864,1
entity_0897,entity_0977,0,tabicl,0.5184378623962402,1
entity_0582,entity_0286,0,tabicl,0.49132028222084045,0
entity_0126,entity_0649,1,tabicl,0.5065101385116577,1
entity_0387,entity_0443,0,tabicl,0.5081372261047363,1
entity_0867,entity_0803,0,tabicl,0.47452273964881897,0
entity_0277,entity_0191,0,tabicl,0.4962025582790375,0
entity_0693,entity_0161,1,tabicl,0.49457475543022156,0
entity_0069,entity_0435,1,tabicl,0.4934898316860199,0
entity_0926,entity_0996,0,tabicl,0.5233120918273926,1
entity_0011,entity_0861,1,tabicl,0.48427173495292664,0
entity_0118,entity_0430,0,tabicl,0.5151863694190979,1
entity_0563,entity_0203,0,tabicl,0.5162703990936279,1
entity_0472,entity_0880,1,tabicl,0.49782970547676086,0
entity_0139,entity_0883,1,tabicl,0.496202290058136,0
entity_0811,entity_0789,0,tabicl,0.48752424120903015,0
entity_0759,entity_0031,1,tabicl,0.49837255477905273,0
entity_0867,entity_0499,0,tabicl,0.505424976348877,1
entity_0821,entity_0482,0,tabicl,0.5113911032676697,1
entity_0282,entity_0512,1,tabicl,0.5097643733024597,1
entity_0407,entity_0798,1,tabicl,0.49457499384880066,0
entity_0012,entity_0854,0,tabicl,0.47885391116142273,0
entity_0401,entity_0257,1,tabicl,0.4972873032093048,0
entity_0220,entity_0280,1,tabicl,0.4929475784301758,0
entity_0112,entity_0939,0,tabicl,0.4858979284763336,0
entity_0934,entity_0415,1,tabicl,0.503255307674408,1
entity_0589,entity_0893,1,tabicl,0.5130177736282349,1
entity_0946,entity_0016,0,tabicl,0.48969319462776184,0
entity_0895,entity_0559,1,tabicl,0.5233118534088135,1
entity_0324,entity_0231,1,tabicl,0.4978299140930176,0
entity_0073,entity_0861,1,tabicl,0.48372960090637207,0
entity_0407,entity_0587,0,tabicl,0.5162701606750488,1
entity_0062,entity_0591,0,tabicl,0.5352064371109009,1
entity_0335,entity_0072,0,tabicl,0.475605309009552,0
entity_0079,entity_0462,0,tabicl,0.5086796879768372,1
entity_0707,entity_0795,1,tabicl,0.5108489394187927,1
entity_0310,entity_0700,1,tabicl,0.48698219656944275,0
entity_0912,entity_0239,0,tabicl,0.4972873032093048,0
entity_0326,entity_0984,1,tabicl,0.5195213556289673,1
entity_0826,entity_0025,0,tabicl,0.49945735931396484,0
entity_0924,entity_0893,1,tabicl,0.5162701606750488,1
entity_0613,entity_0819,1,tabicl,0.5168124437332153,1
entity_0675,entity_0294,0,tabicl,0.4891510605812073,0
entity_0791,entity_0267,0,tabicl,0.4929473102092743,0
entity_0323,entity_0880,0,tabicl,0.4924050569534302,0
entity_0647,entity_0667,0,tabicl,0.4940324127674103,0
entity_0337,entity_0377,0,tabicl,0.5103065967559814,1
entity_0701,entity_0430,1,tabicl,0.5189797282218933,1
entity_0042,entity_0084,1,tabicl,0.5081372261047363,1
entity_0199,entity_0785,1,tabicl,0.4929473102092743,0
entity_0607,entity_0643,1,tabicl,0.49132028222084045,0
entity_0382,entity_0976,1,tabicl,0.496202290058136,0
entity_0826,entity_0424,1,tabicl,0.4978299140930176,0
entity_0672,entity_0082,0,tabicl,0.511933445930481,1
entity_0016,entity_0695,0,tabicl,0.48156213760375977,0
entity_0501,entity_0855,1,tabicl,0.49186280369758606,0
entity_0371,entity_0011,1,tabicl,0.5,1
entity_0927,entity_0671,0,tabicl,0.5103068351745605,1
entity_0435,entity_0648,1,tabicl,0.5092219114303589,1
entity_0241,entity_0840,0,tabicl,0.48698195815086365,0
entity_0457,entity_0668,0,tabicl,0.509222149848938,1
entity_0329,entity_0567,1,tabicl,0.5048826336860657,1
entity_0814,entity_0028,1,tabicl,0.4940324127674103,0
entity_0647,entity_0462,0,tabicl,0.5,1
entity_0768,entity_0851,0,tabicl,0.49511733651161194,0
entity_0800,entity_0335,1,tabicl,0.5227706432342529,1
entity_0494,entity_0932,0,tabicl,0.4989147186279297,0
entity_0391,entity_0721,1,tabicl,0.509222149848938,1
entity_0456,entity_0788,0,tabicl,0.4978299140930176,0
entity_0228,entity_0152,0,tabicl,0.49186280369758606,0
entity_0600,entity_0217,0,tabicl,0.5032550692558289,1
entity_0951,entity_0293,1,tabicl,0.5097643733024597,1
entity_0476,entity_0155,0,tabicl,0.5254772305488586,1
entity_0733,entity_0211,0,tabicl,0.4940324127674103,0
entity_0799,entity_0527,1,tabicl,0.5157282948493958,1
entity_0924,entity_0102,0,tabicl,0.4799368977546692,0
entity_0338,entity_0919,1,tabicl,0.5130180716514587,1
entity_0652,entity_0971,0,tabicl,0.49945735931396484,0
entity_0856,entity_0054,0,tabicl,0.48643991351127625,0
entity_0977,entity_0359,0,tabicl,0.5075947046279907,1
entity_0766,entity_0669,0,tabicl,0.49945735931396484,0
entity_0261,entity_0934,1,tabicl,0.5032550692558289,1
entity_0897,entity_0494,0,tabicl,0.5021700859069824,1
entity_0363,entity_0287,0,tabicl,0.4934900999069214,0
entity_0323,entity_0909,0,tabicl,0.4978299140930176,0
entity_0724,entity_0253,1,tabicl,0.49132028222084045,0
entity_0901,entity_0442,1,tabicl,0.5,1
entity_0086,entity_0394,0,tabicl,0.4924050569534302,0
entity_0075,entity_0611,1,tabicl,0.5330463647842407,1
entity_0720,entity_0008,1,tabicl,0.48372986912727356,0
entity_0519,entity_0733,0,tabicl,0.5416780710220337,1
entity_0279,entity_0439,0,tabicl,0.5151863694190979,1
entity_0340,entity_0849,0,tabicl,0.4886086583137512,0
entity_0908,entity_0207,1,tabicl,0.47777092456817627,0
entity_0593,entity_0035,0,tabicl,0.5113913416862488,1
entity_0456,entity_0383,0,tabicl,0.503797709941864,1
entity_0647,entity_0898,0,tabicl,0.5168122053146362,1
entity_0353,entity_0712,1,tabicl,0.49186253547668457,0
entity_0790,entity_0355,0,tabicl,0.5211460590362549,1
entity_0537,entity_0595,0,tabicl,0.49945735931396484,0
entity_0589,entity_0946,0,tabicl,0.5281819701194763,1
entity_0070,entity_0340,1,tabicl,0.4956599473953247,0
entity_0656,entity_0142,1,tabicl,0.5,1
entity_0913,entity_0833,0,tabicl,0.48264580965042114,0
entity_0534,entity_0731,1,tabicl,0.5254770517349243,1
entity_0972,entity_0657,0,tabicl,0.5162703990936279,1
entity_0743,entity_0528,1,tabicl,0.5260182023048401,1
entity_0208,entity_0658,1,tabicl,0.5070524215698242,1
entity_0567,entity_0925,1,tabicl,0.5238533616065979,1
entity_0155,entity_0184,1,tabicl,0.5027127265930176,1
entity_0358,entity_0544,1,tabicl,0.5162703990936279,1
entity_0263,entity_0162,1,tabicl,0.49457499384880066,0
entity_0157,entity_0819,1,tabicl,0.5048826336860657,1
entity_0950,entity_0055,1,tabicl,0.48643991351127625,0
entity_0170,entity_0709,1,tabicl,0.49674490094184875,0
entity_0373,entity_0050,0,tabicl,0.4929475784301758,0
entity_0211,entity_0418,1,tabicl,0.49511733651161194,0
entity_0913,entity_0736,1,tabicl,0.4886086583137512,0
entity_0607,entity_0738,0,tabicl,0.5043402910232544,1
entity_0968,entity_0527,1,tabicl,0.5043400526046753,1
entity_0843,entity_0573,1,tabicl,0.5108489394187927,1
entity_0279,entity_0107,0,tabicl,0.49132028222084045,0
entity_0642,entity_0802,0,tabicl,0.5086796879768372,1
entity_0443,entity_0511,0,tabicl,0.4972875416278839,0
entity_0574,entity_0967,0,tabicl,0.5157282948493958,1
entity_0519,entity_0059,0,tabicl,0.5411393642425537,1
entity_0576,entity_0791,1,tabicl,0.5113913416862488,1
entity_0451,entity_0390,0,tabicl,0.5021700859069824,1
entity_0590,entity_0026,1,tabicl,0.5086796879768372,1
entity_0261,entity_0541,0,tabicl,0.5113911032676697,1
entity_0802,entity_0625,0,tabicl,0.5097643733024597,1
entity_0377,entity_0269,1,tabicl,0.49945759773254395,0
entity_0180,entity_0726,1,tabicl,0.4972873032093048,0
entity_0172,entity_0212,0,tabicl,0.48643991351127625,0
entity_0402,entity_0370,0,tabicl,0.5146442651748657,1
entity_0291,entity_0445,1,tabicl,0.5168122053146362,1
entity_0097,entity_0051,1,tabicl,0.5086795091629028,1
entity_0598,entity_0081,1,tabicl,0.5184378623962402,1
entity_0997,entity_0427,0,tabicl,0.5016276836395264,1
entity_0093,entity_0487,0,tabicl,0.5314255356788635,1
entity_0021,entity_0491,0,tabicl,0.48318779468536377,0
entity_0094,entity_0655,1,tabicl,0.5103068351745605,1
entity_0947,entity_0405,1,tabicl,0.5021703243255615,1
entity_0875,entity_0556,1,tabicl,0.5135600566864014,1
entity_0395,entity_0590,1,tabicl,0.5124757289886475,1
entity_0387,entity_0714,0,tabicl,0.5043400526046753,1
entity_0449,entity_0522,0,tabicl,0.4989149570465088,0
entity_0779,entity_0840,1,tabicl,0.5,1
entity_0664,entity_0520,0,tabicl,0.5,1
entity_0129,entity_0053,0,tabicl,0.4956597089767456,0
entity_0725,entity_0183,0,tabicl,0.4902355968952179,0
entity_0051,entity_0466,1,tabicl,0.4924050569534302,0
entity_0294,entity_0352,0,tabicl,0.5070524215698242,1
entity_0770,entity_0210,0,tabicl,0.48264580965042114,0
entity_0560,entity_0607,0,tabicl,0.4940324127674103,0
entity_0946,entity_0947,1,tabicl,0.5173539519309998,1
entity_0361,entity_0661,0,tabicl,0.4907780587673187,0
entity_0356,entity_0019,0,tabicl,0.5043400526046753,1
entity_0459,entity_0880,0,tabicl,0.4940321743488312,0
entity_0761,entity_0287,1,tabicl,0.49837255477905273,0
entity_0448,entity_0620,1,tabicl,0.5065101385116577,1
entity_0044,entity_0303,0,tabicl,0.496202290058136,0
entity_0736,entity_0863,0,tabicl,0.48643991351127625,0
entity_0323,entity_0789,0,tabicl,0.4929475784301758,0
entity_0802,entity_0308,0,tabicl,0.5189797282218933,1
entity_0521,entity_0113,0,tabicl,0.5222293138504028,1
entity_0145,entity_0479,1,tabicl,0.5395222902297974,1
entity_0450,entity_0920,0,tabicl,0.4972873032093048,0
entity_0426,entity_0529,1,tabicl,0.5043400526046753,1
entity_0500,entity_0584,1,tabicl,0.4989149570465088,0
entity_0613,entity_0595,0,tabicl,0.4989149570465088,0
entity_0082,entity_0015,0,tabicl,0.496202290058136,0
entity_0560,entity_0826,1,tabicl,0.5124757289886475,1
entity_0938,entity_0606,1,tabicl,0.5162703990936279,1
entity_0129,entity_0070,0,tabicl,0.511933445930481,1
entity_0643,entity_0993,1,tabicl,0.503797709941864,1
entity_0398,entity_0482,1,tabicl,0.49837255477905273,0
entity_0343,entity_0262,1,tabicl,0.5032550692558289,1
entity_0269,entity_0045,1,tabicl,0.4858979284763336,0
entity_0623,entity_0334,1,tabicl,0.49674490094184875,0
entity_0392,entity_0179,1,tabicl,0.48264580965042114,0
entity_0873,entity_0532,1,tabicl,0.5103068351745605,1
entity_0175,entity_0334,1,tabicl,0.5,1
entity_0666,entity_0200,1,tabicl,0.5005426406860352,1
entity_0574,entity_0165,1,tabicl,0.5,1
entity_0157,entity_0230,0,tabicl,0.4929475784301758,0
entity_0355,entity_0840,0,tabicl,0.49186280369758606,0
entity_0720,entity_0713,1,tabicl,0.49674490094184875,0
entity_0608,entity_0166,1,tabicl,0.5124757289886475,1
entity_0866,entity_0459,1,tabicl,0.5065099000930786,1
entity_0819,entity_0009,0,tabicl,0.4810205101966858,0
entity_0001,entity_0674,0,tabicl,0.48264601826667786,0
entity_0342,entity_0404,1,tabicl,0.5222290754318237,1
entity_0609,entity_0925,0,tabicl,0.5238535404205322,1
entity_0974,entity_0688,1,tabicl,0.5103068351745605,1
entity_0477,entity_0660,1,tabicl,0.49674490094184875,0
entity_0938,entity_0836,0,tabicl,0.49674490094184875,0
entity_0343,entity_0101,0,tabicl,0.4561675190925598,0
entity_0098,entity_0471,1,tabicl,0.5254770517349243,1
entity_0888,entity_0314,1,tabicl,0.5054252743721008,1
entity_0288,entity_0560,1,tabicl,0.49674490094184875,0
entity_0938,entity_0569,1,tabicl,0.5178959369659424,1
entity_0058,entity_0386,0,tabicl,0.5092219114303589,1
entity_0826,entity_1000,1,tabicl,0.5124757289886475,1
entity_0589,entity_0025,0,tabicl,0.5010850429534912,1
entity_0308,entity_0831,1,tabicl,0.5048826336860657,1
entity_0004,entity_0565,0,tabicl,0.49186280369758606,0
entity_0259,entity_0462,0,tabicl,0.5189794898033142,1
entity_0697,entity_0668,0,tabicl,0.4929475784301758,0
entity_0682,entity_0396,0,tabicl,0.5162701606750488,1
entity_0784,entity_0555,1,tabicl,0.5206046104431152,1
entity_0730,entity_0328,0,tabicl,0.5027124881744385,1
entity_0486,entity_0278,1,tabicl,0.5,1
entity_0290,entity_0739,0,tabicl,0.4972875416278839,0
entity_0837,entity_0954,0,tabicl,0.5173542499542236,1
entity_0276,entity_0869,1,tabicl,0.48806631565093994,0
entity_0342,entity_0019,0,tabicl,0.5065101385116577,1
entity_0618,entity_0832,1,tabicl,0.5141022801399231,1
entity_0793,entity_0996,0,tabicl,0.5130180716514587,1
entity_0476,entity_0841,0,tabicl,0.49132028222084045,0
entity_0845,entity_0223,1,tabicl,0.4929475784301758,0
entity_0649,entity_0774,0,tabicl,0.5010850429534912,1
entity_0695,entity_0971,1,tabicl,0.5124754905700684,1
entity_0223,entity_0193,0,tabicl,0.49457499384880066,0
entity_0010,entity_0502,1,tabicl,0.48643991351127625,0
entity_0118,entity_0164,0,tabicl,0.503797709941864,1
entity_0028,entity_0571,1,tabicl,0.5027127265930176,1
entity_0403,entity_0659,1,tabicl,0.5054252743721008,1
entity_0092,entity_0280,0,tabicl,0.48318779468536377,0
entity_0153,entity_0885,1,tabicl,0.4972875416278839,0
entity_0412,entity_0280,0,tabicl,0.4972873032093048,0
entity_0665,entity_0748,0,tabicl,0.4972873032093048,0
entity_0996,entity_0116,0,tabicl,0.48806631565093994,0
entity_0043,entity_0700,0,tabicl,0.5195213556289673,1
entity_0303,entity_0974,1,tabicl,0.5168122053146362,1
entity_0425,entity_0438,1,tabicl,0.49837255477905273,0
entity_0539,entity_0314,0,tabicl,0.48752424120903015,0
entity_0912,entity_0593,1,tabicl,0.524394690990448,1
entity_0186,entity_0331,1,tabicl,0.4972873032093048,0
entity_0563,entity_0162,1,tabicl,0.500542402267456,1
entity_0707,entity_0375,1,tabicl,0.5103068351745605,1
entity_0499,entity_0936,0,tabicl,0.5048826336860657,1
entity_0354,entity_0241,1,tabicl,0.49511733651161194,0
entity_0465,entity_0533,0,tabicl,0.496202290058136,0
entity_0602,entity_0397,0,tabicl,0.5113913416862488,1
entity_0258,entity_0658,0,tabicl,0.5048826336860657,1
entity_0535,entity_0730,1,tabicl,0.5216876864433289,1
entity_0689,entity_0070,1,tabicl,0.5113913416862488,1
entity_0954,entity_0552,1,tabicl,0.5151863694190979,1
entity_0845,entity_0516,0,tabicl,0.5016276836395264,1
entity_0591,entity_0905,1,tabicl,0.524394690990448,1
entity_0770,entity_0489,1,tabicl,0.5200631618499756,1
entity_0174,entity_0885,1,tabicl,0.49186280369758606,0
entity_0072,entity_0068,0,tabicl,0.5416783094406128,1
entity_0892,entity_0394,1,tabicl,0.5021703243255615,1
entity_0467,entity_0410,0,tabicl,0.49674490094184875,0
entity_0032,entity_0462,1,tabicl,0.49837255477905273,0
entity_0517,entity_0697,1,tabicl,0.5173542499542236,1
entity_0508,entity_0519,0,tabicl,0.49511733651161194,0
entity_0611,entity_0256,0,tabicl,0.49782970547676086,0
entity_0571,entity_0009,0,tabicl,0.5043400526046753,1
entity_0943,entity_0565,0,tabicl,0.5157282948493958,1
entity_0865,entity_0460,0,tabicl,0.5065101385116577,1
entity_0242,entity_0821,1,tabicl,0.48752424120903015,0
entity_0595,entity_0566,1,tabicl,0.49457475543022156,0
entity_0552,entity_0559,0,tabicl,0.5048826336860657,1
entity_0070,entity_0439,0,tabicl,0.49457499384880066,0
entity_0837,entity_0178,0,tabicl,0.49457499384880066,0
entity_0763,entity_0651,1,tabicl,0.503797709941864,1
entity_0915,entity_0340,1,tabicl,0.5189797282218933,1
entity_0388,entity_0347,0,tabicl,0.5135600566864014,1
entity_0377,entity_0016,0,tabicl,0.5048826336860657,1
entity_0913,entity_0685,1,tabicl,0.5048826336860657,1
entity_0846,entity_0212,0,tabicl,0.49511733651161194,0
entity_0537,entity_0640,0,tabicl,0.49511733651161194,0
entity_0757,entity_0878,1,tabicl,0.49186253547668457,0
entity_0125,entity_0709,1,tabicl,0.5059675574302673,1
entity_0879,entity_0963,0,tabicl,0.5189794898033142,1
entity_0590,entity_0740,1,tabicl,0.5,1
entity_0550,entity_0724,0,tabicl,0.5,1
entity_0987,entity_0314,0,tabicl,0.5130177736282349,1
entity_0921,entity_0206,1,tabicl,0.4858976900577545,0
entity_0527,entity_0512,1,tabicl,0.5075949430465698,1
entity_0309,entity_0586,1,tabicl,0.48264580965042114,0
entity_0463,entity_0598,0,tabicl,0.5157282948493958,1
entity_0301,entity_0755,0,tabicl,0.48806658387184143,0
entity_0824,entity_0350,0,tabicl,0.5222293138504028,1
entity_0784,entity_0755,1,tabicl,0.5,1
entity_0123,entity_0966,0,tabicl,0.4799368977546692,0
entity_0733,entity_0661,1,tabicl,0.5010850429534912,1
entity_0391,entity_0545,0,tabicl,0.5097643733024597,1
entity_0639,entity_0862,0,tabicl,0.5216876864433289,1
entity_0119,entity_0361,0,tabicl,0.4642539322376251,0
entity_0425,entity_0384,0,tabicl,0.5027124881744385,1
entity_0755,entity_0585,0,tabicl,0.5211460590362549,1
entity_0013,entity_0774,1,tabicl,0.5,1
entity_0236,entity_0743,1,tabicl,0.4886086583137512,0
entity_0595,entity_0982,0,tabicl,0.5130180716514587,1
entity_0951,entity_0328,1,tabicl,0.5059675574302673,1
entity_0150,entity_0292,1,tabicl,0.4956597089767456,0
entity_0391,entity_0481,0,tabicl,0.503797709941864,1
entity_0492,entity_0940,1,tabicl,0.503255307674408,1
entity_0407,entity_0871,0,tabicl,0.4907780587673187,0
entity_0205,entity_0248,0,tabicl,0.4934898316860199,0
entity_0632,entity_0037,1,tabicl,0.5065101385116577,1
entity_0811,entity_0910,1,tabicl,0.4810205101966858,0
entity_0820,entity_0015,1,tabicl,0.4902355968952179,0
entity_0066,entity_0415,1,tabicl,0.48427173495292664,0
entity_0085,entity_0122,0,tabicl,0.5097643733024597,1
entity_0160,entity_0066,0,tabicl,0.4972873032093048,0
entity_0579,entity_0895,0,tabicl,0.5260182023048401,1
entity_0941,entity_0093,0,tabicl,0.4750642478466034,0
entity_0522,entity_0971,1,tabicl,0.500542402267456,1
entity_0734,entity_0274,0,tabicl,0.4940324127674103,0
entity_0776,entity_0595,0,tabicl,0.5200631618499756,1
entity_0961,entity_0174,0,tabicl,0.4902355968952179,0
entity_0515,entity_0505,1,tabicl,0.49837231636047363,0
entity_0123,entity_0823,1,tabicl,0.49945735931396484,0
entity_0592,entity_0561,0,tabicl,0.4978299140930176,0
entity_0420,entity_0111,0,tabicl,0.5021700859069824,1
entity_0609,entity_0184,0,tabicl,0.5070524215698242,1
entity_0176,entity_0461,1,tabicl,0.5189794898033142,1
entity_0698,entity_0303,0,tabicl,0.48535576462745667,0
entity_0574,entity_0124,1,tabicl,0.4804787039756775,0
entity_0991,entity_0647,1,tabicl,0.5086796879768372,1
entity_0259,entity_0348,1,tabicl,0.5,1
entity_0573,entity_0223,1,tabicl,0.5005426406860352,1
entity_0229,entity_0481,1,tabicl,0.5189794898033142,1
entity_0954,entity_0933,0,tabicl,0.5146442651748657,1
entity_0156,entity_0928,1,tabicl,0.4739817976951599,0
entity_0084,entity_0755,1,tabicl,0.4929475784301758,0
entity_0814,entity_0863,1,tabicl,0.46641361713409424,0
entity_0773,entity_0487,1,tabicl,0.5216879844665527,1
entity_0896,entity_0622,0,tabicl,0.5346666574478149,1
entity_0739,entity_0358,1,tabicl,0.5108489394187927,1
entity_0542,entity_0860,1,tabicl,0.5092219114303589,1
entity_0511,entity_0763,0,tabicl,0.49132028222084045,0
entity_0391,entity_0244,0,tabicl,0.49457499384880066,0
entity_0009,entity_0975,0,tabicl,0.5032550692558289,1
entity_0526,entity_0910,0,tabicl,0.511933445930481,1
entity_0062,entity_0681,1,tabicl,0.524394690990448,1
entity_0834,entity_0746,1,tabicl,0.48698195815086365,0
entity_0976,entity_0902,1,tabicl,0.5195213556289673,1
entity_0578,entity_0752,0,tabicl,0.5059675574302673,1
entity_0581,entity_0979,1,tabicl,0.5075947046279907,1
entity_0063,entity_0186,0,tabicl,0.4972873032093048,0
entity_0307,entity_0417,1,tabicl,0.5168122053146362,1
entity_0760,entity_0601,0,tabicl,0.5130177736282349,1
entity_0475,entity_0613,0,tabicl,0.5103065967559814,1
entity_0675,entity_0724,1,tabicl,0.4940324127674103,0
entity_0197,entity_0249,0,tabicl,0.49457475543022156,0
entity_0546,entity_0960,1,tabicl,0.5113911032676697,1
entity_0397,entity_0644,0,tabicl,0.5081374645233154,1
entity_0112,entity_0129,1,tabicl,0.5195213556289673,1
entity_0960,entity_0367,0,tabicl,0.5184375643730164,1
entity_0985,entity_0286,0,tabicl,0.5146442651748657,1
entity_0215,entity_0767,0,tabicl,0.4810205101966858,0
entity_0176,entity_0911,0,tabicl,0.48698219656944275,0
entity_0180,entity_0771,0,tabicl,0.4972873032093048,0
entity_0031,entity_0441,0,tabicl,0.4924050569534302,0
entity_0037,entity_0040,1,tabicl,0.5325061082839966,1
entity_0214,entity_0483,1,tabicl,0.5173542499542236,1
entity_0674,entity_0150,1,tabicl,0.49674490094184875,0
entity_0725,entity_0587,1,tabicl,0.500542402267456,1
entity_0507,entity_0731,1,tabicl,0.5389832258224487,1
entity_0524,entity_0024,1,tabicl,0.5124757289886475,1
entity_0074,entity_0341,0,tabicl,0.4940324127674103,0
entity_0220,entity_0243,0,tabicl,0.4929473102092743,0
entity_0440,entity_0024,0,tabicl,0.4929475784301758,0
entity_0641,entity_0359,0,tabicl,0.5048826336860657,1
entity_0033,entity_0470,1,tabicl,0.48535576462745667,0
entity_0681,entity_0695,0,tabicl,0.4929475784301758,0
entity_0503,entity_0672,0,tabicl,0.5027127265930176,1
entity_0061,entity_0965,1,tabicl,0.4886086583137512,0
entity_0999,entity_0101,1,tabicl,0.5005426406860352,1
entity_0779,entity_0345,1,tabicl,0.5070526599884033,1
entity_0876,entity_0716,0,tabicl,0.4821038544178009,0
entity_0795,entity_0954,0,tabicl,0.5108489394187927,1
entity_0747,entity_0101,0,tabicl,0.49132028222084045,0
entity_0183,entity_0937,0,tabicl,0.4891510605812073,0
entity_0764,entity_0937,1,tabicl,0.5016276836395264,1
entity_0424,entity_0945,1,tabicl,0.4891510605812073,0
entity_0821,entity_0115,0,tabicl,0.4761464297771454,0
entity_0223,entity_0843,1,tabicl,0.5010850429534912,1
entity_0398,entity_0807,1,tabicl,0.49186280369758606,0
entity_0180,entity_0390,0,tabicl,0.4956599473953247,0
entity_0687,entity_0076,0,tabicl,0.511933445930481,1
entity_0029,entity_0322,1,tabicl,0.5130180716514587,1
entity_0258,entity_0556,0,tabicl,0.5010850429534912,1
entity_0610,entity_0007,1,tabicl,0.47939515113830566,0
entity_0338,entity_0583,0,tabicl,0.5157282948493958,1
entity_0795,entity_0671,1,tabicl,0.5059675574302673,1
entity_0481,entity_0914,1,tabicl,0.496202290058136,0
entity_0563,entity_0058,1,tabicl,0.543832540512085,1
entity_0808,entity_0464,0,tabicl,0.5097643733024597,1
entity_0520,entity_0454,1,tabicl,0.49674490094184875,0
entity_0368,entity_0574,0,tabicl,0.5124757289886475,1
entity_0891,entity_0446,1,tabicl,0.5,1
entity_0170,entity_0125,1,tabicl,0.5065101385116577,1
entity_0752,entity_0874,1,tabicl,0.48372986912727356,0
entity_0377,entity_0877,0,tabicl,0.4929475784301758,0
entity_0396,entity_0637,0,tabicl,0.505424976348877,1
entity_0505,entity_0281,0,tabicl,0.4956599473953247,0
entity_0992,entity_0320,1,tabicl,0.5081374645233154,1
entity_0373,entity_0323,1,tabicl,0.5075949430465698,1
entity_0768,entity_0486,1,tabicl,0.5168124437332153,1
entity_0285,entity_0943,1,tabicl,0.5206046104431152,1
entity_0557,entity_0329,0,tabicl,0.4978299140930176,0
entity_0975,entity_0629,0,tabicl,0.503255307674408,1
entity_0904,entity_0627,1,tabicl,0.5314255356788635,1
entity_0702,entity_0422,1,tabicl,0.5200628638267517,1
entity_0039,entity_0562,0,tabicl,0.5048826336860657,1
entity_0978,entity_0867,1,tabicl,0.5130177736282349,1
entity_0551,entity_0071,1,tabicl,0.5195213556289673,1
entity_0527,entity_0828,1,tabicl,0.4934898316860199,0
entity_0901,entity_0243,0,tabicl,0.4902355968952179,0
entity_0259,entity_0102,0,tabicl,0.4907780587673187,0
entity_0554,entity_0261,1,tabicl,0.48806658387184143,0
entity_0019,entity_0321,0,tabicl,0.5081372261047363,1
entity_0110,entity_0175,1,tabicl,0.4934898316860199,0
entity_0169,entity_0968,0,tabicl,0.4848136007785797,0
entity_0458,entity_0157,1,tabicl,0.524394690990448,1
entity_0577,entity_0990,1,tabicl,0.5097643733024597,1
entity_0686,entity_0397,1,tabicl,0.5168122053146362,1
entity_0869,entity_0303,0,tabicl,0.5065099000930786,1
entity_0592,entity_0539,0,tabicl,0.5075949430465698,1
entity_0212,entity_0676,1,tabicl,0.5032550692558289,1
entity_0423,entity_0570,0,tabicl,0.5103065967559814,1
entity_0593,entity_0627,1,tabicl,0.49186280369758606,0
entity_0474,entity_0590,1,tabicl,0.509222149848938,1
entity_0432,entity_0729,0,tabicl,0.5075949430465698,1
entity_0456,entity_0853,0,tabicl,0.49511733651161194,0
entity_0281,entity_0408,1,tabicl,0.5054252743721008,1
entity_0468,entity_0446,0,tabicl,0.49132028222084045,0
entity_0333,entity_0272,1,tabicl,0.5010850429534912,1
entity_0883,entity_0581,0,tabicl,0.5189794898033142,1
entity_0029,entity_0696,0,tabicl,0.496202290058136,0
entity_0754,entity_0249,0,tabicl,0.4907778203487396,0
entity_0805,entity_0339,1,tabicl,0.5178959369659424,1
entity_0175,entity_0147,1,tabicl,0.5173542499542236,1
entity_0737,entity_0776,1,tabicl,0.5021700859069824,1
entity_0997,entity_0989,0,tabicl,0.5373652577400208,1
entity_0796,entity_0012,1,tabicl,0.4907778203487396,0
entity_0881,entity_0856,0,tabicl,0.45993825793266296,0
entity_0163,entity_0952,0,tabicl,0.4766881465911865,0
entity_0399,entity_0975,0,tabicl,0.503797709941864,1
entity_0405,entity_0483,1,tabicl,0.4956599473953247,0
entity_0109,entity_0111,0,tabicl,0.5178959369659424,1
entity_0821,entity_0506,0,tabicl,0.503797709941864,1
entity_0660,entity_0203,1,tabicl,0.4989149570465088,0
entity_0723,entity_0607,0,tabicl,0.5027127265930176,1
entity_0852,entity_0961,0,tabicl,0.5189797282218933,1
entity_0718,entity_0549,1,tabicl,0.5081372261047363,1
entity_0848,entity_0143,1,tabicl,0.4934898316860199,0
entity_0335,entity_0980,1,tabicl,0.5081372261047363,1
entity_0703,entity_0523,0,tabicl,0.5151863694190979,1
entity_0441,entity_0346,0,tabicl,0.5075947046279907,1
entity_0408,entity_0366,0,tabicl,0.511933445930481,1
entity_0776,entity_0478,1,tabicl,0.5146442651748657,1
entity_0671,entity_0349,0,tabicl,0.49511733651161194,0
entity_0911,entity_0276,1,tabicl,0.5092219114303589,1
entity_0786,entity_0296,1,tabicl,0.4956597089767456,0
entity_0777,entity_0943,1,tabicl,0.500542402267456,1
entity_0997,entity_0452,0,tabicl,0.5103068351745605,1
entity_0903,entity_0284,1,tabicl,0.5010850429534912,1
entity_0664,entity_0687,1,tabicl,0.4929473102092743,0
entity_0142,entity_0263,0,tabicl,0.49674490094184875,0
entity_0090,entity_0916,0,tabicl,0.4848136007785797,0
entity_0272,entity_0794,1,tabicl,0.4972873032093048,0
entity_0710,entity_0665,0,tabicl,0.4924050569534302,0
entity_0665,entity_0534,0,tabicl,0.496202290058136,0
entity_0691,entity_0352,0,tabicl,0.500542402267456,1
entity_0781,entity_0663,0,tabicl,0.5059675574302673,1
entity_0241,entity_0386,0,tabicl,0.5151861906051636,1
entity_0463,entity_0649,0,tabicl,0.5,1
entity_0740,entity_0663,0,tabicl,0.49945759773254395,0
entity_0819,entity_0356,0,tabicl,0.5216876864433289,1
entity_0131,entity_0856,0,tabicl,0.4962025582790375,0
entity_0815,entity_0242,0,tabicl,0.4940321743488312,0
entity_0659,entity_0918,0,tabicl,0.5184378623962402,1
entity_0281,entity_0335,0,tabicl,0.5010850429534912,1
entity_0981,entity_0329,0,tabicl,0.5075949430465698,1
entity_0721,entity_0507,1,tabicl,0.5281819701194763,1
entity_0359,entity_0222,1,tabicl,0.4940324127674103,0
entity_0549,entity_0091,0,tabicl,0.5124757289886475,1
entity_0702,entity_0594,0,tabicl,0.49511733651161194,0
entity_0245,entity_0225,0,tabicl,0.4962025582790375,0
entity_0056,entity_0942,0,tabicl,0.4989149570465088,0
entity_0901,entity_0164,0,tabicl,0.4777706563472748,0
entity_0038,entity_0629,1,tabicl,0.5151861906051636,1
entity_0364,entity_0624,0,tabicl,0.4929475784301758,0
entity_0684,entity_0978,0,tabicl,0.5124757289886475,1
entity_0162,entity_0914,0,tabicl,0.4723590314388275,0
entity_0087,entity_0198,0,tabicl,0.4934900999069214,0
entity_0412,entity_0654,1,tabicl,0.5141022801399231,1
entity_0077,entity_0470,1,tabicl,0.5032550692558289,1
entity_0335,entity_0695,0,tabicl,0.5010850429534912,1
entity_0063,entity_0862,0,tabicl,0.48156213760375977,0
entity_0146,entity_0354,0,tabicl,0.496202290058136,0
entity_0534,entity_0139,0,tabicl,0.5075949430465698,1
entity_0287,entity_0304,1,tabicl,0.5016274452209473,1
entity_0653,entity_0827,0,tabicl,0.5178959369659424,1
entity_0931,entity_0893,1,tabicl,0.5151861906051636,1
entity_0572,entity_0561,1,tabicl,0.5059675574302673,1
entity_0484,entity_0305,1,tabicl,0.5043402910232544,1
entity_0205,entity_0368,0,tabicl,0.49457499384880066,0
entity_0499,entity_0804,1,tabicl,0.4934898316860199,0
entity_0793,entity_0400,1,tabicl,0.5157282948493958,1
entity_0272,entity_0120,1,tabicl,0.4956599473953247,0
entity_0615,entity_0264,1,tabicl,0.49837231636047363,0
entity_0342,entity_0044,1,tabicl,0.49457475543022156,0
entity_0838,entity_0486,0,tabicl,0.5016276836395264,1
entity_0279,entity_0584,0,tabicl,0.5010850429534912,1
entity_0457,entity_0536,0,tabicl,0.4989149570465088,0
entity_0497,entity_0468,1,tabicl,0.49674490094184875,0
entity_0585,entity_0184,0,tabicl,0.5081372261047363,1
entity_0129,entity_0953,1,tabicl,0.48318779468536377,0
entity_0121,entity_0976,1,tabicl,0.4848136007785797,0
entity_0720,entity_0613,0,tabicl,0.4972873032093048,0
entity_0396,entity_0279,1,tabicl,0.4978299140930176,0
entity_0815,entity_0763,1,tabicl,0.4902355968952179,0
entity_0214,entity_0581,1,tabicl,0.5124757289886475,1
entity_0497,entity_0248,0,tabicl,0.49837231636047363,0
entity_0976,entity_0908,1,tabicl,0.5233120918273926,1
entity_0190,entity_0589,1,tabicl,0.5124757289886475,1
entity_0672,entity_0893,1,tabicl,0.505424976348877,1
entity_0176,entity_0654,1,tabicl,0.5075949430465698,1
entity_0342,entity_0637,0,tabicl,0.49457475543022156,0
entity_0027,entity_0446,0,tabicl,0.48806658387184143,0
entity_0828,entity_0330,0,tabicl,0.5206046104431152,1
entity_0073,entity_0011,1,tabicl,0.48535576462745667,0
entity_0226,entity_0866,0,tabicl,0.5016276836395264,1
entity_0221,entity_0640,1,tabicl,0.5043402910232544,1
entity_0726,entity_0392,0,tabicl,0.524935781955719,1
entity_0942,entity_0845,0,tabicl,0.503797709941864,1
entity_0690,entity_0047,1,tabicl,0.4934898316860199,0
entity_0651,entity_0756,1,tabicl,0.500542402267456,1
entity_0179,entity_0904,0,tabicl,0.4924050569534302,0
entity_0948,entity_0472,0,tabicl,0.5043402910232544,1
entity_0708,entity_0095,1,tabicl,0.5005426406860352,1
entity_0820,entity_0949,0,tabicl,0.5151861906051636,1
entity_0162,entity_0232,0,tabicl,0.49132028222084045,0
entity_0056,entity_0978,0,tabicl,0.48264580965042114,0
entity_0446,entity_0178,1,tabicl,0.5065101385116577,1
entity_0953,entity_0445,1,tabicl,0.5021700859069824,1
entity_0214,entity_0909,0,tabicl,0.48264580965042114,0
entity_0877,entity_0125,0,tabicl,0.48969319462776184,0
entity_0887,entity_0626,1,tabicl,0.5157282948493958,1
entity_0278,entity_0795,0,tabicl,0.48806658387184143,0
entity_0346,entity_0203,0,tabicl,0.48643991351127625,0
entity_0076,entity_0144,1,tabicl,0.49945735931396484,0
entity_0159,entity_0713,0,tabicl,0.5005426406860352,1
entity_0703,entity_0830,0,tabicl,0.5016276836395264,1
entity_0629,entity_0682,0,tabicl,0.4934898316860199,0
entity_0585,entity_0432,0,tabicl,0.49837231636047363,0
entity_0690,entity_0681,1,tabicl,0.4929475784301758,0
entity_0259,entity_0051,0,tabicl,0.4972873032093048,0
entity_0407,entity_0804,0,tabicl,0.4929475784301758,0
entity_0996,entity_0119,0,tabicl,0.49511733651161194,0
entity_0420,entity_0586,1,tabicl,0.5135600566864014,1
entity_0635,entity_0897,0,tabicl,0.5162701606750488,1
entity_0396,entity_0885,0,tabicl,0.49186253547668457,0
entity_0541,entity_0964,1,tabicl,0.5032550692558289,1
entity_0921,entity_0859,0,tabicl,0.4902355968952179,0
entity_0069,entity_0311,0,tabicl,0.4858979284763336,0
entity_0056,entity_0244,0,tabicl,0.5097643733024597,1
entity_0087,entity_0561,0,tabicl,0.5178959369659424,1
entity_0727,entity_0666,1,tabicl,0.5010852813720703,1
entity_0077,entity_0289,0,tabicl,0.4886086583137512,0
entity_0826,entity_0378,1,tabicl,0.5162703990936279,1
entity_0440,entity_0772,0,tabicl,0.503255307674408,1
entity_0864,entity_0965,0,tabicl,0.5189794898033142,1
entity_0454,entity_0047,1,tabicl,0.5086796879768372,1
entity_0638,entity_0109,1,tabicl,0.5,1
entity_0094,entity_0594,0,tabicl,0.5254770517349243,1
entity_0259,entity_0391,0,tabicl,0.5043402910232544,1
entity_0166,entity_0014,1,tabicl,0.5146442651748657,1
entity_0474,entity_0177,1,tabicl,0.5292633771896362,1
entity_0518,entity_0608,0,tabicl,0.503255307674408,1
entity_0560,entity_0939,1,tabicl,0.5216876864433289,1
entity_0660,entity_0886,0,tabicl,0.5070526599884033,1
entity_0459,entity_0406,1,tabicl,0.5,1
entity_0861,entity_0080,1,tabicl,0.4799371063709259,0
entity_0282,entity_0515,0,tabicl,0.5097643733024597,1
entity_0812,entity_0747,1,tabicl,0.4929473102092743,0
entity_0627,entity_0978,0,tabicl,0.5092219114303589,1
entity_0690,entity_0520,1,tabicl,0.5113913416862488,1
entity_0079,entity_0229,0,tabicl,0.48806658387184143,0
entity_0122,entity_0931,0,tabicl,0.48318779468536377,0
entity_0463,entity_0865,1,tabicl,0.4956599473953247,0
entity_0251,entity_0699,0,tabicl,0.4924052953720093,0
entity_0644,entity_0637,0,tabicl,0.4929473102092743,0
entity_0385,entity_0963,0,tabicl,0.5,1
entity_0775,entity_0236,0,tabicl,0.48427173495292664,0
entity_0295,entity_0911,1,tabicl,0.49782970547676086,0
entity_0181,entity_0644,1,tabicl,0.5070524215698242,1
entity_0288,entity_0917,1,tabicl,0.49945759773254395,0
entity_0396,entity_0746,1,tabicl,0.5113913416862488,1
entity_0746,entity_0873,0,tabicl,0.4810205101966858,0
entity_0743,entity_0774,1,tabicl,0.5027127265930176,1
entity_0840,entity_0244,0,tabicl,0.4907780587673187,0
entity_0619,entity_0020,1,tabicl,0.49945759773254395,0
entity_0926,entity_0048,1,tabicl,0.47939538955688477,0
entity_0423,entity_0748,1,tabicl,0.5081372261047363,1
entity_0598,entity_0149,1,tabicl,0.48752424120903015,0
entity_0293,entity_0764,0,tabicl,0.49837255477905273,0
entity_0842,entity_0980,0,tabicl,0.5173542499542236,1
entity_0874,entity_0256,0,tabicl,0.49186253547668457,0
entity_0207,entity_0598,0,tabicl,0.5065099000930786,1
entity_0118,entity_0251,1,tabicl,0.49186253547668457,0
entity_0041,entity_0166,1,tabicl,0.5010850429534912,1
entity_0209,entity_0188,1,tabicl,0.49186280369758606,0
entity_0482,entity_0244,0,tabicl,0.4978299140930176,0
entity_0659,entity_0009,0,tabicl,0.4940324127674103,0
entity_0592,entity_0362,0,tabicl,0.5048826336860657,1
entity_0668,entity_0932,1,tabicl,0.5173539519309998,1
entity_0240,entity_0900,1,tabicl,0.4886086583137512,0
entity_0758,entity_0465,0,tabicl,0.5222290754318237,1
entity_0608,entity_0014,1,tabicl,0.5,1
entity_0690,entity_0062,1,tabicl,0.5016276836395264,1
entity_0043,entity_0768,0,tabicl,0.5059675574302673,1
entity_0525,entity_0513,1,tabicl,0.5048826336860657,1
entity_0603,entity_0941,1,tabicl,0.5335863828659058,1
entity_0069,entity_0556,1,tabicl,0.566338300704956,1
entity_0256,entity_0537,0,tabicl,0.5124757289886475,1
entity_0771,entity_0181,1,tabicl,0.49837231636047363,0
entity_0516,entity_0780,0,tabicl,0.49837255477905273,0
entity_0761,entity_0942,1,tabicl,0.49945759773254395,0
entity_0983,entity_0367,0,tabicl,0.5108489394187927,1
entity_0621,entity_0199,1,tabicl,0.49674490094184875,0
entity_0055,entity_0283,1,tabicl,0.4886086583137512,0
entity_0039,entity_0330,0,tabicl,0.5103068351745605,1
entity_0189,entity_0629,1,tabicl,0.5086796879768372,1
entity_0908,entity_0902,1,tabicl,0.5162701606750488,1
entity_0760,entity_0192,1,tabicl,0.4940324127674103,0
entity_0231,entity_0216,1,tabicl,0.4891510605812073,0
entity_0721,entity_0585,1,tabicl,0.500542402267456,1
entity_0064,entity_0702,0,tabicl,0.5108489394187927,1
entity_0455,entity_0365,0,tabicl,0.5032550692558289,1
entity_0105,entity_0926,0,tabicl,0.47939538955688477,0
entity_0742,entity_0834,1,tabicl,0.4940324127674103,0
entity_0899,entity_0773,0,tabicl,0.47939538955688477,0
entity_0825,entity_0290,1,tabicl,0.5168122053146362,1
entity_0983,entity_0351,0,tabicl,0.5048826336860657,1
entity_0318,entity_0235,1,tabicl,0.4978299140930176,0
entity_0264,entity_0369,1,tabicl,0.5021700859069824,1
entity_0480,entity_0323,0,tabicl,0.5065099000930786,1
entity_0782,entity_0071,1,tabicl,0.5021700859069824,1
entity_0773,entity_0993,1,tabicl,0.5070524215698242,1
entity_0663,entity_0940,1,tabicl,0.5200631618499756,1
entity_0371,entity_0105,1,tabicl,0.4761466979980469,0
entity_0716,entity_0163,0,tabicl,0.5,1
entity_0981,entity_0563,0,tabicl,0.5027127265930176,1
entity_0433,entity_0541,1,tabicl,0.5086796879768372,1
entity_0618,entity_0812,1,tabicl,0.5189797282218933,1
entity_0490,entity_0368,0,tabicl,0.5021700859069824,1
entity_0812,entity_0637,0,tabicl,0.5141022801399231,1
entity_0993,entity_0860,0,tabicl,0.5103068351745605,1
entity_0217,entity_0541,1,tabicl,0.5222293138504028,1
entity_0646,entity_0556,1,tabicl,0.4978299140930176,0
entity_0159,entity_0858,1,tabicl,0.4924050569534302,0
entity_0022,entity_0302,1,tabicl,0.503797709941864,1
entity_0728,entity_0642,0,tabicl,0.49457499384880066,0
entity_0936,entity_0911,1,tabicl,0.5200631618499756,1
entity_0378,entity_1000,1,tabicl,0.5233120918273926,1
entity_0381,entity_0022,0,tabicl,0.4972873032093048,0
entity_0437,entity_0088,0,tabicl,0.5222293138504028,1
entity_0960,entity_0229,1,tabicl,0.4902355968952179,0
entity_0344,entity_0102,0,tabicl,0.44917768239974976,0
entity_0388,entity_0680,1,tabicl,0.49186253547668457,0
entity_0227,entity_0941,1,tabicl,0.49511733651161194,0
entity_0291,entity_0784,0,tabicl,0.4924050569534302,0
entity_0452,entity_0446,1,tabicl,0.496202290058136,0
entity_0564,entity_0241,1,tabicl,0.5081372261047363,1
entity_0641,entity_0773,0,tabicl,0.5124757289886475,1
entity_0586,entity_0471,1,tabicl,0.5119336843490601,1
entity_0762,entity_0531,0,tabicl,0.5384438633918762,1
entity_0263,entity_0876,1,tabicl,0.47939538955688477,0
entity_0139,entity_0279,0,tabicl,0.48969319462776184,0
entity_0400,entity_0349,1,tabicl,0.5135600566864014,1
entity_0578,entity_0822,0,tabicl,0.5233120918273926,1
entity_0897,entity_0474,0,tabicl,0.5021700859069824,1
entity_0711,entity_0170,0,tabicl,0.49837231636047363,0
entity_0292,entity_0827,1,tabicl,0.4929475784301758,0
entity_0088,entity_0254,1,tabicl,0.49837231636047363,0
entity_0423,entity_0868,1,tabicl,0.4891510605812073,0
entity_0116,entity_0455,1,tabicl,0.5260182023048401,1
entity_0926,entity_0504,0,tabicl,0.5081374645233154,1
entity_0316,entity_0114,0,tabicl,0.4934898316860199,0
entity_0845,entity_0324,0,tabicl,0.514102041721344,1
entity_0039,entity_0810,0,tabicl,0.503797709941864,1
entity_0192,entity_0705,0,tabicl,0.4978299140930176,0
entity_0361,entity_0864,0,tabicl,0.4902355968952179,0
entity_0396,entity_0539,1,tabicl,0.503255307674408,1
entity_0576,entity_0010,0,tabicl,0.4972875416278839,0
entity_0604,entity_0904,1,tabicl,0.5238533616065979,1
entity_0494,entity_0906,0,tabicl,0.49457499384880066,0
entity_0868,entity_0158,0,tabicl,0.4989147186279297,0
entity_0587,entity_0017,0,tabicl,0.48806658387184143,0
entity_0975,entity_0769,1,tabicl,0.5184378623962402,1
entity_0686,entity_0039,0,tabicl,0.4810205101966858,0
entity_0907,entity_0374,0,tabicl,0.5032550692558289,1
entity_0439,entity_0969,1,tabicl,0.49945759773254395,0
entity_0080,entity_0046,1,tabicl,0.5168124437332153,1
entity_0072,entity_0566,1,tabicl,0.5319659113883972,1
entity_0051,entity_0969,1,tabicl,0.4989149570465088,0
entity_0378,entity_0560,1,tabicl,0.511933445930481,1
entity_0483,entity_0946,1,tabicl,0.4989149570465088,0
entity_0380,entity_0020,0,tabicl,0.5021700859069824,1
entity_0542,entity_0233,1,tabicl,0.5065101385116577,1
entity_0911,entity_0048,0,tabicl,0.4750642478466034,0
entity_0883,entity_0311,0,tabicl,0.5054252743721008,1
entity_0338,entity_0207,1,tabicl,0.49132028222084045,0
entity_0554,entity_0901,0,tabicl,0.5178961157798767,1
entity_0356,entity_0803,1,tabicl,0.4886086583137512,0
entity_0978,entity_0139,0,tabicl,0.48427149653434753,0
entity_0877,entity_0867,1,tabicl,0.46101680397987366,0
entity_0336,entity_0285,0,tabicl,0.4972873032093048,0
entity_0316,entity_0611,1,tabicl,0.4761466979980469,0
entity_0543,entity_0625,1,tabicl,0.4972873032093048,0
entity_0672,entity_0165,0,tabicl,0.500542402267456,1
entity_0774,entity_0383,0,tabicl,0.5157282948493958,1
entity_0173,entity_0346,1,tabicl,0.47939538955688477,0
entity_0220,entity_0814,0,tabicl,0.4940324127674103,0
entity_0745,entity_0007,0,tabicl,0.48698219656944275,0
entity_0313,entity_0942,1,tabicl,0.524935781955719,1
entity_0257,entity_0658,1,tabicl,0.5048826336860657,1
entity_0059,entity_0738,0,tabicl,0.5162701606750488,1
entity_0095,entity_0033,1,tabicl,0.46641361713409424,0
entity_0934,entity_0388,0,tabicl,0.503797709941864,1
entity_0424,entity_0559,0,tabicl,0.5075949430465698,1
entity_0639,entity_0775,1,tabicl,0.5065101385116577,1
entity_0750,entity_0900,1,tabicl,0.4858979284763336,0
entity_0748,entity_0091,0,tabicl,0.4929475784301758,0
entity_0511,entity_0852,0,tabicl,0.49837231636047363,0
entity_0831,entity_0100,1,tabicl,0.48318758606910706,0
entity_0752,entity_0560,0,tabicl,0.5260182023048401,1
entity_0399,entity_0772,1,tabicl,0.5113911032676697,1
entity_0847,entity_0100,0,tabicl,0.47722938656806946,0
entity_0526,entity_0444,0,tabicl,0.4956599473953247,0
entity_0706,entity_0141,1,tabicl,0.4962025582790375,0
entity_0050,entity_0182,0,tabicl,0.49511733651161194,0
entity_0912,entity_0899,1,tabicl,0.5168124437332153,1
entity_0266,entity_0704,1,tabicl,0.5070524215698242,1
entity_0185,entity_0863,1,tabicl,0.4886086583137512,0
entity_0454,entity_0437,1,tabicl,0.4978299140930176,0
entity_0300,entity_0432,1,tabicl,0.5173539519309998,1
entity_0236,entity_0019,0,tabicl,0.5162703990936279,1
entity_0789,entity_0953,0,tabicl,0.5081374645233154,1
entity_0392,entity_0699,0,tabicl,0.496202290058136,0
entity_0447,entity_0410,1,tabicl,0.5032550692558289,1
entity_0560,entity_0917,1,tabicl,0.5216879844665527,1
entity_0579,entity_0645,0,tabicl,0.4929475784301758,0
entity_0230,entity_0662,0,tabicl,0.503797709941864,1
entity_0476,entity_0933,1,tabicl,0.4956599473953247,0
entity_0768,entity_0292,0,tabicl,0.49132028222084045,0
entity_0562,entity_0012,0,tabicl,0.5,1
entity_0326,entity_0730,1,tabicl,0.4886086583137512,0
entity_0352,entity_0611,1,tabicl,0.49186280369758606,0
entity_0460,entity_0571,0,tabicl,0.5070524215698242,1
entity_0423,entity_0579,0,tabicl,0.5043400526046753,1
entity_0684,entity_0301,1,tabicl,0.48535576462745667,0
entity_0410,entity_0878,0,tabicl,0.4924052953720093,0
entity_0038,entity_0832,1,tabicl,0.5086796879768372,1
entity_0449,entity_0031,0,tabicl,0.5075949430465698,1
entity_0604,entity_0101,0,tabicl,0.4929473102092743,0
entity_0400,entity_0357,0,tabicl,0.5206046104431152,1
entity_0344,entity_0252,0,tabicl,0.4972873032093048,0
entity_0331,entity_0101,0,tabicl,0.48698195815086365,0
entity_0012,entity_0827,0,tabicl,0.48427173495292664,0
entity_0727,entity_0742,0,tabicl,0.4924050569534302,0
entity_0439,entity_0924,0,tabicl,0.5016276836395264,1
entity_0306,entity_0155,0,tabicl,0.4934900999069214,0
entity_0230,entity_0105,1,tabicl,0.4924050569534302,0
entity_0703,entity_0809,1,tabicl,0.5048826336860657,1
entity_0932,entity_0717,1,tabicl,0.49945735931396484,0
entity_0362,entity_0621,0,tabicl,0.4972873032093048,0
entity_0865,entity_0221,1,tabicl,0.49674490094184875,0
entity_0938,entity_0112,0,tabicl,0.47019582986831665,0
entity_0308,entity_0112,0,tabicl,0.48806658387184143,0
entity_0503,entity_0117,1,tabicl,0.5146442651748657,1
entity_0664,entity_0695,1,tabicl,0.4940324127674103,0
entity_0428,entity_0324,1,tabicl,0.5065099000930786,1
entity_0259,entity_0489,0,tabicl,0.5178959369659424,1
entity_0436,entity_0501,1,tabicl,0.49837231636047363,0
entity_0129,entity_0558,0,tabicl,0.5233120918273926,1
entity_0042,entity_0946,0,tabicl,0.49186280369758606,0
entity_0632,entity_0598,0,tabicl,0.4924050569534302,0
entity_0630,entity_0651,0,tabicl,0.49186280369758606,0
entity_0582,entity_0549,0,tabicl,0.5075949430465698,1
entity_0638,entity_0142,0,tabicl,0.4934898316860199,0
entity_0946,entity_0581,1,tabicl,0.5162703990936279,1
entity_0379,entity_0681,0,tabicl,0.49674490094184875,0
entity_0142,entity_0679,0,tabicl,0.5059675574302673,1
entity_0320,entity_0954,1,tabicl,0.5124757289886475,1
entity_0306,entity_0501,1,tabicl,0.5162703990936279,1
entity_0161,entity_0675,0,tabicl,0.5027127265930176,1
entity_0339,entity_0994,0,tabicl,0.5010850429534912,1
entity_0729,entity_0378,1,tabicl,0.5238535404205322,1
entity_0280,entity_0570,0,tabicl,0.4934900999069214,0
entity_0292,entity_0756,0,tabicl,0.49511733651161194,0
entity_0114,entity_0411,1,tabicl,0.4929475784301758,0
entity_0389,entity_0587,0,tabicl,0.5130180716514587,1
entity_0773,entity_0086,0,tabicl,0.5010850429534912,1
entity_0892,entity_0732,0,tabicl,0.4810202717781067,0
entity_0956,entity_0414,1,tabicl,0.5043400526046753,1
entity_0143,entity_0835,0,tabicl,0.5081372261047363,1
entity_0360,entity_0692,0,tabicl,0.49945759773254395,0
entity_0320,entity_0072,0,tabicl,0.48156213760375977,0
entity_0446,entity_0573,0,tabicl,0.511933445930481,1
entity_0922,entity_0880,1,tabicl,0.5070524215698242,1
entity_0596,entity_0465,1,tabicl,0.5027127265930176,1
entity_0198,entity_0986,0,tabicl,0.4902355968952179,0
entity_0364,entity_0903,0,tabicl,0.4972873032093048,0
entity_0909,entity_0549,1,tabicl,0.5168122053146362,1
entity_0542,entity_0596,1,tabicl,0.503797709941864,1
entity_0801,entity_0056,0,tabicl,0.5092219114303589,1
entity_0105,entity_0212,0,tabicl,0.48535576462745667,0
entity_0825,entity_0275,0,tabicl,0.503255307674408,1
entity_0281,entity_0626,0,tabicl,0.5,1
entity_0657,entity_0102,0,tabicl,0.4956599473953247,0
entity_0454,entity_0291,0,tabicl,0.5032550692558289,1
entity_0976,entity_0338,1,tabicl,0.49945759773254395,0
entity_0256,entity_0837,0,tabicl,0.4929475784301758,0
entity_0948,entity_0021,1,tabicl,0.4934900999069214,0
entity_0763,entity_0521,1,tabicl,0.5206046104431152,1
entity_0826,entity_0288,1,tabicl,0.5178961157798767,1
entity_0152,entity_0586,0,tabicl,0.5075949430465698,1
entity_0343,entity_0880,0,tabicl,0.4940324127674103,0
entity_0270,entity_0114,1,tabicl,0.4886086583137512,0
entity_0228,entity_0899,1,tabicl,0.48752424120903015,0
entity_0759,entity_0035,0,tabicl,0.4956599473953247,0
entity_0860,entity_0754,1,tabicl,0.48427173495292664,0
entity_0760,entity_0932,0,tabicl,0.4972875416278839,0
entity_0026,entity_0395,1,tabicl,0.48752424120903015,0
entity_0500,entity_0751,0,tabicl,0.4972875416278839,0
entity_0911,entity_0166,0,tabicl,0.47073662281036377,0
entity_0790,entity_0315,0,tabicl,0.5097643733024597,1
entity_0952,entity_0401,0,tabicl,0.5010850429534912,1
entity_0743,entity_0859,1,tabicl,0.48698219656944275,0
entity_0158,entity_0133,0,tabicl,0.5184378623962402,1
entity_0666,entity_0650,1,tabicl,0.49457499384880066,0
entity_0419,entity_0131,0,tabicl,0.48698195815086365,0
entity_0491,entity_0624,0,tabicl,0.5005426406860352,1
entity_0506,entity_0809,1,tabicl,0.49945735931396484,0
entity_0446,entity_0025,0,tabicl,0.49511733651161194,0
entity_0902,entity_0182,0,tabicl,0.48698195815086365,0
entity_0632,entity_0801,0,tabicl,0.5075949430465698,1
entity_0744,entity_0052,1,tabicl,0.49945759773254395,0
entity_0540,entity_0644,1,tabicl,0.4956599473953247,0
entity_0430,entity_0923,1,tabicl,0.49511733651161194,0
entity_0607,entity_0717,1,tabicl,0.49457499384880066,0
entity_0594,entity_0550,1,tabicl,0.5075949430465698,1
entity_0531,entity_0866,1,tabicl,0.5010850429534912,1
entity_0311,entity_0288,0,tabicl,0.49945735931396484,0
entity_0077,entity_0708,1,tabicl,0.5168124437332153,1
entity_0428,entity_0031,0,tabicl,0.496202290058136,0
entity_0977,entity_0310,1,tabicl,0.5168124437332153,1
entity_0795,entity_0240,1,tabicl,0.4886089265346527,0
entity_0462,entity_0960,0,tabicl,0.4972873032093048,0
entity_0663,entity_0492,1,tabicl,0.5054252743721008,1
entity_0104,entity_0874,1,tabicl,0.4761466979980469,0
entity_0146,entity_0584,0,tabicl,0.5086796879768372,1
entity_0077,entity_0905,1,tabicl,0.475605309009552,0
entity_0663,entity_0998,0,tabicl,0.5124757289886475,1
entity_0610,entity_0296,1,tabicl,0.48698219656944275,0
entity_0359,entity_0592,1,tabicl,0.5070526599884033,1
entity_0254,entity_0508,0,tabicl,0.5162701606750488,1
entity_0740,entity_0002,0,tabicl,0.48372960090637207,0
entity_0739,entity_0332,1,tabicl,0.49511733651161194,0
entity_0322,entity_0611,0,tabicl,0.47939538955688477,0
entity_0198,entity_0369,1,tabicl,0.48806658387184143,0
entity_0504,entity_0141,0,tabicl,0.5411396026611328,1
entity_0275,entity_0355,0,tabicl,0.496202290058136,0
entity_0093,entity_0703,1,tabicl,0.5184375643730164,1
entity_0910,entity_0615,1,tabicl,0.5238535404205322,1
entity_0281,entity_0500,1,tabicl,0.5130177736282349,1
entity_0695,entity_0625,1,tabicl,0.4902355968952179,0
entity_0425,entity_0439,0,tabicl,0.4972873032093048,0
entity_0378,entity_0381,0,tabicl,0.5271002054214478,1
entity_0441,entity_0783,1,tabicl,0.49674490094184875,0
entity_0996,entity_0911,0,tabicl,0.5222290754318237,1
entity_0006,entity_0444,1,tabicl,0.4858979284763336,0
entity_0643,entity_0773,1,tabicl,0.5103065967559814,1
entity_0331,entity_0705,1,tabicl,0.4956597089767456,0
entity_0590,entity_0952,1,tabicl,0.5233120918273926,1
entity_0806,entity_0372,0,tabicl,0.5216879844665527,1
entity_0631,entity_0669,0,tabicl,0.48698219656944275,0
entity_0582,entity_0530,1,tabicl,0.5086796879768372,1
entity_0422,entity_0230,1,tabicl,0.49132028222084045,0
entity_0040,entity_0429,0,tabicl,0.4902355968952179,0
entity_0117,entity_0886,1,tabicl,0.48643991351127625,0
entity_0428,entity_0641,0,tabicl,0.5092219114303589,1
entity_0115,entity_0870,0,tabicl,0.49186253547668457,0
entity_0080,entity_0105,1,tabicl,0.5233120918273926,1
entity_0654,entity_0383,0,tabicl,0.5124757289886475,1
entity_0798,entity_0739,1,tabicl,0.49674490094184875,0
entity_0477,entity_0506,1,tabicl,0.49511733651161194,0
entity_0669,entity_0274,1,tabicl,0.49674490094184875,0
entity_0359,entity_0633,1,tabicl,0.48535576462745667,0
entity_0995,entity_0782,0,tabicl,0.5168122053146362,1
entity_0153,entity_0193,1,tabicl,0.49674490094184875,0
entity_0888,entity_0217,0,tabicl,0.48698195815086365,0
entity_0250,entity_0275,0,tabicl,0.4956597089767456,0
entity_0167,entity_0333,1,tabicl,0.4929475784301758,0
entity_0383,entity_0071,0,tabicl,0.5081372261047363,1
entity_0339,entity_0910,1,tabicl,0.5016276836395264,1
entity_0017,entity_0272,1,tabicl,0.49837255477905273,0
entity_0739,entity_0068,1,tabicl,0.5,1
entity_0065,entity_0271,0,tabicl,0.496202290058136,0
entity_0001,entity_0905,0,tabicl,0.49945759773254395,0
entity_0402,entity_0078,1,tabicl,0.5135600566864014,1
entity_0258,entity_0810,0,tabicl,0.496202290058136,0
entity_0320,entity_0636,1,tabicl,0.48752424120903015,0
entity_0016,entity_0101,0,tabicl,0.48535576462745667,0
entity_0468,entity_0026,1,tabicl,0.496202290058136,0
entity_0918,entity_0123,1,tabicl,0.4821038544178009,0
entity_0767,entity_0071,0,tabicl,0.49837231636047363,0
entity_0125,entity_0879,1,tabicl,0.5021700859069824,1
entity_0783,entity_0236,1,tabicl,0.48318779468536377,0
entity_0865,entity_0689,0,tabicl,0.48210409283638,0
entity_0721,entity_0693,1,tabicl,0.4956597089767456,0
entity_0540,entity_0314,0,tabicl,0.48698219656944275,0
entity_0226,entity_0605,1,tabicl,0.514102041721344,1
entity_0755,entity_0112,0,tabicl,0.48969319462776184,0
entity_0833,entity_0439,0,tabicl,0.49511733651161194,0
entity_0272,entity_0325,1,tabicl,0.5027127265930176,1
entity_0122,entity_0066,0,tabicl,0.5141022801399231,1
entity_0726,entity_0411,1,tabicl,0.5211460590362549,1
entity_0331,entity_0160,0,tabicl,0.4821038544178009,0
entity_0351,entity_0291,0,tabicl,0.49674466252326965,0
entity_0446,entity_0879,0,tabicl,0.49186253547668457,0
entity_0933,entity_0211,1,tabicl,0.48372960090637207,0
entity_0179,entity_0848,1,tabicl,0.49945735931396484,0
entity_0439,entity_0075,0,tabicl,0.5184378623962402,1
entity_0926,entity_0421,0,tabicl,0.503797709941864,1
entity_0386,entity_0383,1,tabicl,0.5178959369659424,1
entity_0185,entity_0814,1,tabicl,0.5027127265930176,1
entity_0004,entity_0234,0,tabicl,0.5086796879768372,1
entity_0131,entity_0191,1,tabicl,0.4956599473953247,0
entity_0178,entity_0554,0,tabicl,0.5189794898033142,1
entity_0887,entity_0062,0,tabicl,0.4750642478466034,0
entity_0018,entity_0865,1,tabicl,0.48318779468536377,0
entity_0110,entity_0899,0,tabicl,0.48264580965042114,0
entity_0484,entity_0340,1,tabicl,0.5032550692558289,1
entity_0601,entity_0991,1,tabicl,0.5086796879768372,1
entity_0020,entity_0926,0,tabicl,0.4929475784301758,0
entity_0470,entity_0095,1,tabicl,0.5124757289886475,1
entity_0428,entity_0615,0,tabicl,0.5032550692558289,1
entity_0370,entity_0950,0,tabicl,0.5043402910232544,1
entity_0845,entity_0932,0,tabicl,0.5021700859069824,1
entity_0605,entity_0192,1,tabicl,0.5021700859069824,1
entity_0787,entity_0918,1,tabicl,0.4934898316860199,0
entity_0087,entity_0197,0,tabicl,0.49186280369758606,0
entity_0102,entity_0864,1,tabicl,0.48427173495292664,0
entity_0176,entity_0412,1,tabicl,0.5016276836395264,1
entity_0682,entity_0801,0,tabicl,0.5010850429534912,1
entity_0339,entity_0369,1,tabicl,0.5108489394187927,1
entity_0817,entity_0295,1,tabicl,0.5135600566864014,1
entity_0862,entity_0373,0,tabicl,0.5086796879768372,1
entity_0549,entity_0598,1,tabicl,0.4956599473953247,0
entity_0482,entity_0738,1,tabicl,0.4934900999069214,0
entity_0298,entity_0191,0,tabicl,0.4902355968952179,0
entity_0555,entity_0042,1,tabicl,0.5200628638267517,1
entity_0714,entity_0095,0,tabicl,0.49837231636047363,0
entity_0249,entity_0741,0,tabicl,0.4886086583137512,0
entity_0713,entity_0903,0,tabicl,0.4891507923603058,0
entity_0781,entity_0376,0,tabicl,0.5211460590362549,1
entity_0824,entity_0507,1,tabicl,0.5108489394187927,1
entity_0688,entity_0416,1,tabicl,0.5135600566864014,1
entity_0235,entity_0678,0,tabicl,0.49674490094184875,0
entity_0843,entity_0866,1,tabicl,0.4550909996032715,0
entity_0225,entity_0311,0,tabicl,0.5059677958488464,1
entity_0011,entity_0398,0,tabicl,0.4934900999069214,0
entity_0164,entity_0474,1,tabicl,0.5352064371109009,1
entity_0255,entity_0608,1,tabicl,0.5086796879768372,1
entity_0768,entity_0317,1,tabicl,0.49837255477905273,0
entity_0473,entity_0572,1,tabicl,0.5043400526046753,1
entity_0980,entity_0683,1,tabicl,0.5124757289886475,1
entity_0891,entity_0231,0,tabicl,0.48535576462745667,0
entity_0438,entity_0904,0,tabicl,0.496202290058136,0
entity_0131,entity_0225,1,tabicl,0.4929475784301758,0
entity_0720,entity_0970,1,tabicl,0.5108489394187927,1
entity_0285,entity_0699,1,tabicl,0.48806658387184143,0
entity_0732,entity_0027,1,tabicl,0.49186253547668457,0
entity_0013,entity_0980,0,tabicl,0.49837255477905273,0
entity_0841,entity_0470,0,tabicl,0.49457475543022156,0
entity_0277,entity_0190,0,tabicl,0.4940321743488312,0
entity_0786,entity_0214,0,tabicl,0.48698219656944275,0
entity_0882,entity_0127,1,tabicl,0.48156213760375977,0
entity_0325,entity_0017,1,tabicl,0.5081374645233154,1
entity_0422,entity_0219,0,tabicl,0.48806658387184143,0
entity_0330,entity_0880,1,tabicl,0.49457499384880066,0
entity_0260,entity_0888,1,tabicl,0.49511733651161194,0
entity_0722,entity_0001,1,tabicl,0.475605309009552,0
entity_0008,entity_0040,0,tabicl,0.49457499384880066,0
entity_0064,entity_0369,0,tabicl,0.48535576462745667,0
entity_0517,entity_0815,1,tabicl,0.4972873032093048,0
entity_0219,entity_0612,0,tabicl,0.5054252743721008,1
entity_0484,entity_0975,0,tabicl,0.49457499384880066,0
entity_0485,entity_0574,1,tabicl,0.5043400526046753,1
entity_0794,entity_0167,1,tabicl,0.4924050569534302,0
entity_0238,entity_0462,0,tabicl,0.5189794898033142,1
entity_0305,entity_0340,1,tabicl,0.5032550692558289,1
entity_0419,entity_0624,0,tabicl,0.5113913416862488,1
entity_0103,entity_0195,0,tabicl,0.49132028222084045,0
entity_0670,entity_0364,0,tabicl,0.5059675574302673,1
entity_0511,entity_0251,1,tabicl,0.500542402267456,1
entity_0861,entity_0240,0,tabicl,0.4929475784301758,0
entity_0754,entity_0467,1,tabicl,0.5135598182678223,1
entity_0476,entity_0310,0,tabicl,0.5021703243255615,1
entity_0891,entity_0254,0,tabicl,0.49186253547668457,0
entity_0519,entity_0634,1,tabicl,0.5021700859069824,1
entity_0945,entity_0729,1,tabicl,0.5081374645233154,1
entity_0032,entity_0432,0,tabicl,0.4940324127674103,0
entity_0542,entity_0727,0,tabicl,0.524935781955719,1
entity_0527,entity_0282,1,tabicl,0.4924052953720093,0
entity_0535,entity_0106,0,tabicl,0.5135600566864014,1
entity_0370,entity_0965,1,tabicl,0.503797709941864,1
entity_0484,entity_0070,1,tabicl,0.4924050569534302,0
entity_0609,entity_0243,1,tabicl,0.5016274452209473,1
entity_0596,entity_0622,1,tabicl,0.49186280369758606,0
entity_0731,entity_0959,0,tabicl,0.5151861906051636,1
entity_0672,entity_0389,0,tabicl,0.5097643733024597,1
entity_0260,entity_0918,0,tabicl,0.49837231636047363,0
entity_0975,entity_0892,1,tabicl,0.5233120918273926,1
entity_0682,entity_0795,0,tabicl,0.5010850429534912,1
entity_0309,entity_0098,1,tabicl,0.4858979284763336,0
entity_0213,entity_0512,1,tabicl,0.5260182023048401,1
entity_0824,entity_0266,0,tabicl,0.48698195815086365,0
entity_0521,entity_0544,0,tabicl,0.49837231636047363,0
entity_0349,entity_0256,1,tabicl,0.5016274452209473,1
entity_0240,entity_0774,0,tabicl,0.48210409283638,0
entity_0402,entity_0210,0,tabicl,0.47777092456817627,0
entity_0929,entity_0168,0,tabicl,0.48535576462745667,0
entity_0300,entity_0136,0,tabicl,0.4972873032093048,0
entity_0581,entity_0017,0,tabicl,0.49511733651161194,0
entity_0741,entity_0457,1,tabicl,0.5173542499542236,1
entity_0895,entity_0613,0,tabicl,0.5314255356788635,1
entity_0599,entity_0472,0,tabicl,0.5048826336860657,1
entity_0157,entity_0963,0,tabicl,0.48643991351127625,0
entity_0643,entity_0547,0,tabicl,0.4940324127674103,0
entity_0394,entity_0791,1,tabicl,0.514102041721344,1
entity_0977,entity_0019,1,tabicl,0.500542402267456,1
entity_0833,entity_0791,1,tabicl,0.5005426406860352,1
entity_0614,entity_0068,1,tabicl,0.5108489394187927,1
entity_0794,entity_0993,0,tabicl,0.5151861906051636,1
entity_0555,entity_0337,0,tabicl,0.5021700859069824,1
entity_0584,entity_0930,1,tabicl,0.527641236782074,1
entity_0401,entity_0161,0,tabicl,0.49132028222084045,0
entity_0420,entity_0367,0,tabicl,0.511933445930481,1
entity_0178,entity_0955,1,tabicl,0.48427173495292664,0
entity_0819,entity_0857,0,tabicl,0.4680340588092804,0
entity_0799,entity_0498,0,tabicl,0.5222293138504028,1
entity_0008,entity_0982,1,tabicl,0.5086796879768372,1
entity_0195,entity_0992,1,tabicl,0.49186280369758606,0
entity_0555,entity_0698,0,tabicl,0.5059677958488464,1
entity_0672,entity_0822,1,tabicl,0.5113913416862488,1
entity_0416,entity_0646,0,tabicl,0.5097643733024597,1
entity_0706,entity_0599,0,tabicl,0.4934900999069214,0
entity_0823,entity_0978,1,tabicl,0.5195213556289673,1
entity_0935,entity_0811,0,tabicl,0.48969343304634094,0
entity_0606,entity_0114,0,tabicl,0.4821038544178009,0
entity_0715,entity_0835,1,tabicl,0.4956597089767456,0
entity_0741,entity_0194,1,tabicl,0.4907778203487396,0
entity_0202,entity_0498,1,tabicl,0.5341265201568604,1
entity_0268,entity_0022,0,tabicl,0.5016274452209473,1
entity_0015,entity_0767,1,tabicl,0.5,1
entity_0193,entity_0025,0,tabicl,0.5227706432342529,1
entity_0639,entity_0231,1,tabicl,0.496202290058136,0
entity_0566,entity_0593,0,tabicl,0.49457475543022156,0
entity_0624,entity_0169,0,tabicl,0.505424976348877,1
entity_0994,entity_0652,0,tabicl,0.5048826336860657,1
entity_0285,entity_0723,1,tabicl,0.503797709941864,1
entity_0097,entity_0287,1,tabicl,0.48806658387184143,0
entity_0957,entity_0325,1,tabicl,0.509222149848938,1
entity_0072,entity_0878,0,tabicl,0.48969343304634094,0
entity_0702,entity_0155,0,tabicl,0.4956599473953247,0
entity_0146,entity_0545,0,tabicl,0.5352064371109009,1
entity_0062,entity_0520,1,tabicl,0.5216879844665527,1
entity_0952,entity_0999,0,tabicl,0.5292633771896362,1
entity_0276,entity_0378,0,tabicl,0.5059675574302673,1
entity_0269,entity_0092,1,tabicl,0.48372986912727356,0
entity_0883,entity_0235,0,tabicl,0.48752424120903015,0
entity_0502,entity_0270,1,tabicl,0.49511733651161194,0
entity_0375,entity_0070,0,tabicl,0.5005426406860352,1
entity_0723,entity_0735,1,tabicl,0.49945759773254395,0
entity_0608,entity_0356,0,tabicl,0.5043402910232544,1
entity_0497,entity_0885,0,tabicl,0.49945735931396484,0
entity_0818,entity_0021,1,tabicl,0.49945759773254395,0
entity_0741,entity_0878,1,tabicl,0.4761466979980469,0
entity_0368,entity_0538,1,tabicl,0.5081372261047363,1
entity_0930,entity_0968,0,tabicl,0.5146442651748657,1
entity_0587,entity_0876,0,tabicl,0.5200631618499756,1
entity_0986,entity_0990,1,tabicl,0.5254770517349243,1
entity_0073,entity_0771,0,tabicl,0.49186280369758606,0
entity_0381,entity_0488,0,tabicl,0.5043402910232544,1
entity_0383,entity_0492,1,tabicl,0.4956599473953247,0
entity_0828,entity_0799,1,tabicl,0.5054252743721008,1
entity_0179,entity_0758,1,tabicl,0.49511733651161194,0
entity_0159,entity_0181,0,tabicl,0.5032550692558289,1
entity_0325,entity_0375,0,tabicl,0.5065101385116577,1
entity_0757,entity_0454,0,tabicl,0.524394690990448,1
entity_0870,entity_0052,0,tabicl,0.4799368977546692,0
entity_0664,entity_0089,1,tabicl,0.5103065967559814,1
entity_0945,entity_0378,1,tabicl,0.5010850429534912,1
entity_0030,entity_0250,0,tabicl,0.5206046104431152,1
entity_0563,entity_0375,0,tabicl,0.5168124437332153,1
entity_0305,entity_0580,1,tabicl,0.48806658387184143,0
entity_0743,entity_0624,1,tabicl,0.5097643733024597,1
entity_0493,entity_0400,1,tabicl,0.4929475784301758,0
entity_0476,entity_0015,0,tabicl,0.4978299140930176,0
entity_0215,entity_0922,1,tabicl,0.48156213760375977,0
entity_0854,entity_0510,1,tabicl,0.5005426406860352,1
entity_0591,entity_0108,0,tabicl,0.4934900999069214,0
entity_0795,entity_0750,1,tabicl,0.4972875416278839,0
entity_0525,entity_0158,0,tabicl,0.5206046104431152,1
entity_0034,entity_0481,0,tabicl,0.48156213760375977,0
entity_0757,entity_0781,1,tabicl,0.49837231636047363,0
entity_0323,entity_0099,1,tabicl,0.48264601826667786,0
entity_0316,entity_0955,0,tabicl,0.5162701606750488,1
entity_0440,entity_0226,0,tabicl,0.49511733651161194,0
entity_0913,entity_0262,1,tabicl,0.5075949430465698,1
entity_0102,entity_0880,1,tabicl,0.4886086583137512,0
entity_0561,entity_0785,0,tabicl,0.5092219114303589,1
entity_0947,entity_0581,1,tabicl,0.5173542499542236,1
entity_0669,entity_0934,0,tabicl,0.5227706432342529,1
entity_0856,entity_0412,0,tabicl,0.503797709941864,1
entity_0760,entity_0124,1,tabicl,0.4972873032093048,0
entity_0150,entity_0827,1,tabicl,0.4989149570465088,0
entity_0624,entity_0137,1,tabicl,0.500542402267456,1
entity_0533,entity_0430,1,tabicl,0.4962025582790375,0
entity_0526,entity_0490,0,tabicl,0.5048826336860657,1
entity_0240,entity_0366,1,tabicl,0.5065101385116577,1
entity_0129,entity_0060,0,tabicl,0.5081372261047363,1
entity_0392,entity_0645,1,tabicl,0.49511733651161194,0
entity_0976,entity_0727,0,tabicl,0.5124757289886475,1
entity_0945,entity_0917,1,tabicl,0.5162703990936279,1
entity_0336,entity_0782,1,tabicl,0.4848136007785797,0
entity_0450,entity_0642,0,tabicl,0.5010850429534912,1
entity_0881,entity_0781,0,tabicl,0.4804787039756775,0
entity_0212,entity_0257,1,tabicl,0.4924050569534302,0
entity_0365,entity_0574,0,tabicl,0.5108489394187927,1
entity_0350,entity_0167,0,tabicl,0.4750640094280243,0
entity_0680,entity_0477,0,tabicl,0.5075949430465698,1
entity_0167,entity_0272,1,tabicl,0.4907780587673187,0
entity_0815,entity_0942,0,tabicl,0.505424976348877,1
entity_0604,entity_0653,1,tabicl,0.48969343304634094,0
entity_0158,entity_0053,0,tabicl,0.4929475784301758,0
entity_0623,entity_0147,1,tabicl,0.5065101385116577,1
entity_0757,entity_0233,0,tabicl,0.4902355968952179,0
entity_0341,entity_0629,1,tabicl,0.49186280369758606,0
entity_0044,entity_0209,1,tabicl,0.5130177736282349,1
entity_0784,entity_0858,0,tabicl,0.5048826336860657,1
entity_0293,entity_0649,1,tabicl,0.5054252743721008,1
entity_0577,entity_0261,1,tabicl,0.4972873032093048,0
entity_0370,entity_0242,0,tabicl,0.505424976348877,1
entity_0371,entity_0461,0,tabicl,0.500542402267456,1
entity_0452,entity_0204,1,tabicl,0.511933445930481,1
entity_0497,entity_0740,1,tabicl,0.496202290058136,0
entity_0280,entity_0091,0,tabicl,0.49837231636047363,0
entity_0485,entity_0350,1,tabicl,0.5027127265930176,1
entity_0512,entity_0820,0,tabicl,0.49945759773254395,0
entity_0728,entity_0748,1,tabicl,0.48969343304634094,0
entity_0110,entity_0245,1,tabicl,0.5,1
entity_0166,entity_0750,0,tabicl,0.4907778203487396,0
entity_0521,entity_0822,0,tabicl,0.4940324127674103,0
entity_0989,entity_0652,0,tabicl,0.5032550692558289,1
entity_0377,entity_0318,1,tabicl,0.5043400526046753,1
entity_0561,entity_0985,1,tabicl,0.5021700859069824,1
entity_0805,entity_0181,0,tabicl,0.4989149570465088,0
entity_0925,entity_0907,1,tabicl,0.5168122053146362,1
entity_0397,entity_0631,1,tabicl,0.5065101385116577,1
entity_0615,entity_0198,1,tabicl,0.4989149570465088,0
entity_0314,entity_0048,1,tabicl,0.48969319462776184,0
entity_0482,entity_0086,1,tabicl,0.5048826336860657,1
entity_0402,entity_0012,1,tabicl,0.5070524215698242,1
entity_0683,entity_0461,1,tabicl,0.5130177736282349,1
entity_0584,entity_0321,1,tabicl,0.48969343304634094,0
entity_0751,entity_0840,0,tabicl,0.49511733651161194,0
entity_0062,entity_0132,1,tabicl,0.5005426406860352,1
entity_0179,entity_0766,1,tabicl,0.496202290058136,0
entity_0634,entity_0130,0,tabicl,0.49674490094184875,0
entity_0982,entity_0260,0,tabicl,0.503797709941864,1
entity_0481,entity_0868,0,tabicl,0.496202290058136,0
entity_0530,entity_0160,1,tabicl,0.5173542499542236,1
entity_0684,entity_0299,0,tabicl,0.4886089265346527,0
entity_0608,entity_0929,1,tabicl,0.5276409983634949,1
entity_0636,entity_0404,0,tabicl,0.5151861906051636,1
entity_0757,entity_0518,0,tabicl,0.5395222902297974,1
entity_0480,entity_0690,0,tabicl,0.5146442651748657,1
entity_0503,entity_0138,1,tabicl,0.5346666574478149,1
entity_0132,entity_0642,1,tabicl,0.5086796879768372,1
entity_0553,entity_0566,0,tabicl,0.5010852813720703,1
entity_0970,entity_0258,0,tabicl,0.5086796879768372,1
entity_0391,entity_0157,0,tabicl,0.4929473102092743,0
entity_0601,entity_0181,0,tabicl,0.5086796879768372,1
entity_0282,entity_0063,0,tabicl,0.48427173495292664,0
entity_0809,entity_0921,0,tabicl,0.4886086583137512,0
entity_0131,entity_0219,0,tabicl,0.4940321743488312,0
entity_0561,entity_0887,1,tabicl,0.5162703990936279,1
entity_0375,entity_0900,1,tabicl,0.49186280369758606,0
entity_0448,entity_0150,0,tabicl,0.5189794898033142,1
entity_0078,entity_0762,1,tabicl,0.5043400526046753,1
entity_0997,entity_0426,0,tabicl,0.5016276836395264,1
entity_0051,entity_0761,1,tabicl,0.5048826336860657,1
entity_0120,entity_0878,0,tabicl,0.49837231636047363,0
entity_0336,entity_0425,1,tabicl,0.5227706432342529,1
entity_0760,entity_0518,0,tabicl,0.5260182023048401,1
entity_0641,entity_0442,0,tabicl,0.5059675574302673,1
entity_0203,entity_0731,0,tabicl,0.49511733651161194,0
entity_0449,entity_0950,1,tabicl,0.49945735931396484,0
entity_0299,entity_0800,1,tabicl,0.4956597089767456,0
entity_0132,entity_0354,0,tabicl,0.4886086583137512,0
entity_0870,entity_0436,1,tabicl,0.4956599473953247,0
entity_0866,entity_0467,0,tabicl,0.503797709941864,1
entity_0988,entity_0536,1,tabicl,0.509222149848938,1
entity_0558,entity_0485,0,tabicl,0.5027124881744385,1
entity_0483,entity_0942,0,tabicl,0.4972875416278839,0
entity_0085,entity_0355,1,tabicl,0.48264580965042114,0
entity_0796,entity_0749,0,tabicl,0.49674490094184875,0
entity_0761,entity_0916,0,tabicl,0.49186280369758606,0
entity_0711,entity_0721,0,tabicl,0.49511733651161194,0
entity_0274,entity_0331,1,tabicl,0.5005426406860352,1
entity_0324,entity_0531,0,tabicl,0.5146442651748657,1
entity_0984,entity_0391,0,tabicl,0.5,1
entity_0310,entity_0913,1,tabicl,0.5016276836395264,1
entity_0771,entity_0547,0,tabicl,0.5298041701316833,1
entity_0363,entity_0357,1,tabicl,0.5124757289886475,1
entity_0811,entity_0523,1,tabicl,0.5173542499542236,1
entity_0196,entity_0834,0,tabicl,0.49132028222084045,0
entity_0511,entity_0068,0,tabicl,0.514102041721344,1
entity_0564,entity_0074,0,tabicl,0.5308852195739746,1
entity_0113,entity_0749,0,tabicl,0.5027127265930176,1
entity_0335,entity_0686,0,tabicl,0.49186280369758606,0
entity_0357,entity_0727,1,tabicl,0.5021700859069824,1
entity_0823,entity_0778,1,tabicl,0.48698219656944275,0
entity_0838,entity_0254,1,tabicl,0.48372960090637207,0
entity_0993,entity_0717,1,tabicl,0.5162703990936279,1
entity_0976,entity_0391,0,tabicl,0.5043402910232544,1
entity_0857,entity_0035,1,tabicl,0.4907780587673187,0
entity_0877,entity_0740,0,tabicl,0.47831228375434875,0
entity_0074,entity_0344,0,tabicl,0.48535576462745667,0
entity_0427,entity_0315,1,tabicl,0.5081372261047363,1
entity_0499,entity_0780,0,tabicl,0.5,1
entity_0479,entity_0007,1,tabicl,0.5005426406860352,1
entity_0155,entity_0770,1,tabicl,0.49674466252326965,0
entity_0566,entity_0814,0,tabicl,0.522770881652832,1
entity_0786,entity_0856,0,tabicl,0.5065101385116577,1
entity_0271,entity_0963,1,tabicl,0.5254770517349243,1
entity_0605,entity_0760,1,tabicl,0.5,1
entity_0410,entity_0479,0,tabicl,0.4934898316860199,0
entity_0285,entity_0783,0,tabicl,0.4940321743488312,0
entity_0712,entity_0995,1,tabicl,0.5200628638267517,1
entity_0780,entity_0686,0,tabicl,0.5021700859069824,1
entity_0826,entity_0939,1,tabicl,0.5092219114303589,1
entity_0799,entity_0512,1,tabicl,0.5168122053146362,1
entity_0412,entity_0855,0,tabicl,0.4907778203487396,0
entity_0418,entity_0850,0,tabicl,0.48372960090637207,0
entity_0673,entity_0140,0,tabicl,0.4929475784301758,0
entity_0751,entity_0091,1,tabicl,0.4934900999069214,0
entity_0184,entity_0207,0,tabicl,0.48806658387184143,0
entity_0729,entity_0560,1,tabicl,0.5184375643730164,1
entity_0681,entity_0520,1,tabicl,0.5043400526046753,1
entity_0278,entity_0214,0,tabicl,0.49186280369758606,0
entity_0878,entity_0389,0,tabicl,0.5065101385116577,1
entity_0517,entity_0521,1,tabicl,0.5054252743721008,1
entity_0060,entity_0998,0,tabicl,0.5027127265930176,1
entity_0607,entity_0852,0,tabicl,0.5103068351745605,1
entity_0729,entity_0936,0,tabicl,0.5206048488616943,1
entity_0424,entity_0917,1,tabicl,0.4891507923603058,0
entity_0320,entity_0766,0,tabicl,0.4858979284763336,0
entity_0632,entity_0326,0,tabicl,0.48752424120903015,0
entity_0571,entity_0224,1,tabicl,0.5048826336860657,1
entity_0332,entity_0068,1,tabicl,0.48318758606910706,0
entity_0773,entity_0932,1,tabicl,0.5005426406860352,1
entity_0927,entity_0959,1,tabicl,0.5146442651748657,1
entity_0304,entity_0097,1,tabicl,0.48264580965042114,0
entity_0894,entity_0362,0,tabicl,0.5032550692558289,1
entity_0333,entity_0017,1,tabicl,0.5048826336860657,1
entity_0729,entity_0288,1,tabicl,0.4924050569534302,0
entity_0340,entity_0816,0,tabicl,0.5005426406860352,1
entity_0146,entity_0802,0,tabicl,0.5032550692558289,1
entity_0545,entity_0130,0,tabicl,0.5065101385116577,1
entity_0952,entity_0177,1,tabicl,0.4804787039756775,0
entity_0850,entity_0429,1,tabicl,0.4940324127674103,0
entity_0548,entity_0434,1,tabicl,0.49457475543022156,0
entity_0736,entity_0685,1,tabicl,0.49782970547676086,0
entity_0655,entity_0820,0,tabicl,0.5157282948493958,1
entity_0884,entity_0259,1,tabicl,0.5021700859069824,1
entity_0654,entity_0683,1,tabicl,0.49457499384880066,0
entity_0323,entity_0162,1,tabicl,0.48806658387184143,0
entity_0119,entity_0360,1,tabicl,0.4680340588092804,0
entity_0213,entity_0527,1,tabicl,0.5238533616065979,1
entity_0652,entity_0889,1,tabicl,0.5135598182678223,1
entity_0526,entity_0393,0,tabicl,0.5005426406860352,1
entity_0879,entity_0507,0,tabicl,0.503797709941864,1
entity_0192,entity_0709,0,tabicl,0.4940324127674103,0
entity_0798,entity_0068,1,tabicl,0.49511733651161194,0
entity_0966,entity_0813,1,tabicl,0.5130180716514587,1
entity_0333,entity_0634,0,tabicl,0.49132028222084045,0
entity_0284,entity_0303,0,tabicl,0.5,1
entity_0234,entity_0708,0,tabicl,0.49674490094184875,0
entity_0188,entity_0024,1,tabicl,0.5357462763786316,1
entity_0354,entity_0564,1,tabicl,0.5141022801399231,1
entity_0810,entity_0247,0,tabicl,0.4924050569534302,0
entity_0596,entity_0154,0,tabicl,0.49457499384880066,0
entity_0148,entity_0809,0,tabicl,0.5065099000930786,1
entity_0156,entity_0560,0,tabicl,0.5233120918273926,1
entity_0003,entity_0232,0,tabicl,0.5075949430465698,1
entity_0792,entity_0354,0,tabicl,0.5227706432342529,1
entity_0421,entity_0667,0,tabicl,0.511933445930481,1
entity_0307,entity_0612,1,tabicl,0.4886089265346527,0
entity_0356,entity_0917,0,tabicl,0.4934898316860199,0
entity_0445,entity_0405,0,tabicl,0.5005426406860352,1
entity_0117,entity_0547,0,tabicl,0.5303448438644409,1
entity_0678,entity_0291,1,tabicl,0.48806658387184143,0
entity_0370,entity_0316,0,tabicl,0.5065099000930786,1
entity_0831,entity_0809,1,tabicl,0.5178961157798767,1
entity_0202,entity_0145,1,tabicl,0.49674490094184875,0
entity_0708,entity_0201,0,tabicl,0.4924052953720093,0
entity_0178,entity_0995,0,tabicl,0.4956597089767456,0
entity_0240,entity_0750,1,tabicl,0.48210409283638,0
entity_0699,entity_0776,0,tabicl,0.49132028222084045,0
entity_0175,entity_0168,0,tabicl,0.5010850429534912,1
entity_0558,entity_0481,1,tabicl,0.503797709941864,1
entity_0965,entity_0359,1,tabicl,0.5075949430465698,1
entity_0102,entity_0003,0,tabicl,0.46263498067855835,0
entity_0846,entity_0120,0,tabicl,0.48318779468536377,0
entity_0146,entity_0047,1,tabicl,0.48372960090637207,0
entity_0339,entity_0342,0,tabicl,0.5016276836395264,1
entity_0051,entity_0942,1,tabicl,0.48643991351127625,0
entity_0328,entity_0252,0,tabicl,0.5027124881744385,1
entity_0579,entity_0407,1,tabicl,0.5146442651748657,1
entity_0462,entity_0906,1,tabicl,0.4907778203487396,0
entity_0775,entity_0324,1,tabicl,0.5065101385116577,1
entity_0238,entity_0739,0,tabicl,0.4907778203487396,0
entity_0548,entity_0381,1,tabicl,0.4978299140930176,0
entity_0896,entity_0048,0,tabicl,0.47722914814949036,0
entity_0901,entity_0890,1,tabicl,0.4972873032093048,0
entity_0327,entity_0148,1,tabicl,0.48698219656944275,0
entity_0448,entity_0239,1,tabicl,0.49945735931396484,0
entity_0342,entity_0511,0,tabicl,0.5178959369659424,1
entity_0036,entity_0816,0,tabicl,0.5048826336860657,1
entity_0098,entity_0420,1,tabicl,0.5070524215698242,1
entity_0247,entity_0669,0,tabicl,0.4989149570465088,0
entity_0677,entity_0439,0,tabicl,0.5287228226661682,1
entity_0384,entity_0629,0,tabicl,0.5075949430465698,1
entity_0796,entity_0973,0,tabicl,0.5233120918273926,1
entity_0373,entity_0999,1,tabicl,0.5195213556289673,1
entity_0264,entity_0339,1,tabicl,0.4972873032093048,0
entity_0758,entity_0392,1,tabicl,0.5222293138504028,1
entity_0604,entity_0627,1,tabicl,0.48372960090637207,0
entity_0184,entity_0685,0,tabicl,0.5,1
entity_0022,entity_0878,1,tabicl,0.48752424120903015,0
entity_0044,entity_0524,1,tabicl,0.5200631618499756,1
entity_0926,entity_0637,1,tabicl,0.5416783094406128,1
entity_0593,entity_0228,1,tabicl,0.5059675574302673,1
entity_0767,entity_0991,1,tabicl,0.5135598182678223,1
entity_0937,entity_0266,1,tabicl,0.5135600566864014,1
entity_0226,entity_0594,0,tabicl,0.5162703990936279,1
entity_0566,entity_0351,0,tabicl,0.5054252743721008,1
entity_0154,entity_0460,0,tabicl,0.5287225842475891,1
entity_0378,entity_0939,1,tabicl,0.49945735931396484,0
entity_0547,entity_0741,0,tabicl,0.5059675574302673,1
entity_0388,entity_0216,0,tabicl,0.4799368977546692,0
entity_0735,entity_0377,0,tabicl,0.5211460590362549,1
entity_0726,entity_0316,0,tabicl,0.48643991351127625,0
entity_0750,entity_0002,0,tabicl,0.4804787039756775,0
entity_0907,entity_0956,1,tabicl,0.5200631618499756,1
entity_0819,entity_0982,0,tabicl,0.5141022801399231,1
entity_0531,entity_0879,0,tabicl,0.5043402910232544,1
entity_0913,entity_0306,0,tabicl,0.5092219114303589,1
entity_0459,entity_0223,1,tabicl,0.5081372261047363,1
entity_0041,entity_0191,1,tabicl,0.5097643733024597,1
entity_0324,entity_0482,0,tabicl,0.5141022801399231,1
entity_0031,entity_0503,1,tabicl,0.4940324127674103,0
entity_0699,entity_0286,1,tabicl,0.4924050569534302,0
entity_0096,entity_0414,1,tabicl,0.5184378623962402,1
entity_0950,entity_0963,0,tabicl,0.5168124437332153,1
entity_0186,entity_0246,0,tabicl,0.4902355968952179,0
entity_0550,entity_0893,1,tabicl,0.5097643733024597,1
entity_0182,entity_0914,1,tabicl,0.49186280369758606,0
entity_0986,entity_0056,0,tabicl,0.4848138391971588,0
entity_0580,entity_0792,0,tabicl,0.5157282948493958,1
entity_0569,entity_0933,0,tabicl,0.5211460590362549,1
entity_0953,entity_0897,0,tabicl,0.521146297454834,1
entity_0980,entity_0763,0,tabicl,0.524394690990448,1
entity_0062,entity_0098,0,tabicl,0.5254770517349243,1
entity_0796,entity_0362,0,tabicl,0.5195213556289673,1
entity_0956,entity_0567,1,tabicl,0.5119336843490601,1
entity_0690,entity_0274,0,tabicl,0.4886086583137512,0
entity_0975,entity_0651,0,tabicl,0.5048826336860657,1
entity_0667,entity_0787,1,tabicl,0.5027127265930176,1
entity_0413,entity_0673,1,tabicl,0.5065101385116577,1
entity_0587,entity_0589,0,tabicl,0.4940324127674103,0
entity_0050,entity_0144,1,tabicl,0.4929473102092743,0
entity_0861,entity_0651,0,tabicl,0.5130177736282349,1
entity_0628,entity_0276,1,tabicl,0.4929475784301758,0
entity_0948,entity_0080,0,tabicl,0.4761466979980469,0
entity_0506,entity_0005,0,tabicl,0.49674490094184875,0
entity_0195,entity_0659,0,tabicl,0.5081372261047363,1
entity_0347,entity_0284,1,tabicl,0.49837231636047363,0
entity_0687,entity_0854,0,tabicl,0.47831228375434875,0
entity_0892,entity_0769,1,tabicl,0.4799368977546692,0
entity_0122,entity_0274,1,tabicl,0.48535576462745667,0
entity_0474,entity_0395,1,tabicl,0.4972873032093048,0
entity_0004,entity_0880,1,tabicl,0.48698195815086365,0
entity_0419,entity_0449,1,tabicl,0.4956599473953247,0
entity_0928,entity_0020,1,tabicl,0.49132028222084045,0
entity_0735,entity_0788,0,tabicl,0.5016276836395264,1
entity_0596,entity_0411,0,tabicl,0.5113913416862488,1
entity_0279,entity_0742,1,tabicl,0.49674490094184875,0
entity_0404,entity_0288,0,tabicl,0.4989149570465088,0
entity_0422,entity_0073,1,tabicl,0.5168122053146362,1
entity_0394,entity_0833,1,tabicl,0.4902355968952179,0
entity_0476,entity_0316,1,tabicl,0.5043400526046753,1
entity_0572,entity_0985,1,tabicl,0.503797709941864,1
entity_0860,entity_0459,0,tabicl,0.5032550692558289,1
entity_0342,entity_0851,1,tabicl,0.49132028222084045,0
entity_0304,entity_0466,1,tabicl,0.5195213556289673,1
entity_0189,entity_0341,1,tabicl,0.47831228375434875,0
entity_0236,entity_0624,1,tabicl,0.5130177736282349,1
entity_0156,entity_0242,1,tabicl,0.5027124881744385,1
entity_0486,entity_0380,1,tabicl,0.5027127265930176,1
entity_0941,entity_0633,0,tabicl,0.5168122053146362,1
entity_0971,entity_0068,0,tabicl,0.47668787837028503,0
entity_0878,entity_0187,1,tabicl,0.4907780587673187,0
entity_0638,entity_0730,0,tabicl,0.4978299140930176,0
entity_0215,entity_0982,0,tabicl,0.49132028222084045,0
entity_0658,entity_0368,0,tabicl,0.5010850429534912,1
entity_0216,entity_0375,0,tabicl,0.4934898316860199,0
entity_0804,entity_0210,0,tabicl,0.475605309009552,0
entity_0056,entity_0153,0,tabicl,0.4956599473953247,0
entity_0022,entity_0518,0,tabicl,0.48969319462776184,0
entity_0455,entity_0238,1,tabicl,0.5010850429534912,1
entity_0280,entity_0559,1,tabicl,0.5005426406860352,1
entity_0904,entity_0912,1,tabicl,0.5135598182678223,1
entity_0947,entity_0650,0,tabicl,0.5206048488616943,1
entity_0097,entity_0531,0,tabicl,0.5206046104431152,1
entity_0154,entity_0912,1,tabicl,0.48318779468536377,0
entity_0124,entity_0605,1,tabicl,0.49511733651161194,0
entity_0776,entity_0617,1,tabicl,0.5113913416862488,1
entity_0047,entity_0437,1,tabicl,0.4907780587673187,0
entity_0690,entity_0454,1,tabicl,0.5189794898033142,1
entity_0064,entity_0099,0,tabicl,0.524935781955719,1
entity_0711,entity_0983,1,tabicl,0.511933445930481,1
entity_0038,entity_0887,0,tabicl,0.4858979284763336,0
entity_0873,entity_0227,1,tabicl,0.4989149570465088,0
entity_0326,entity_0210,1,tabicl,0.496202290058136,0
entity_0092,entity_0776,1,tabicl,0.49674490094184875,0
entity_0630,entity_0175,1,tabicl,0.4972873032093048,0
entity_0252,entity_0605,1,tabicl,0.5097643733024597,1
entity_0375,entity_0927,0,tabicl,0.49945735931396484,0
entity_0320,entity_0552,1,tabicl,0.5,1
entity_0570,entity_0319,0,tabicl,0.48156213760375977,0
entity_0784,entity_0510,1,tabicl,0.524935781955719,1
entity_0140,entity_0944,1,tabicl,0.48210409283638,0
entity_0475,entity_0054,0,tabicl,0.5162703990936279,1
entity_0299,entity_0015,0,tabicl,0.5178961157798767,1
entity_0327,entity_0701,0,tabicl,0.4940321743488312,0
entity_0916,entity_0954,0,tabicl,0.5195213556289673,1
entity_0283,entity_0250,0,tabicl,0.4978299140930176,0
entity_0715,entity_0160,1,tabicl,0.4978299140930176,0
entity_0217,entity_0716,0,tabicl,0.4956597089767456,0
entity_0536,entity_0997,1,tabicl,0.500542402267456,1
entity_0519,entity_0312,1,tabicl,0.49945759773254395,0
entity_0978,entity_0123,1,tabicl,0.4750640094280243,0
entity_0802,entity_0233,1,tabicl,0.48806658387184143,0
entity_0251,entity_0109,1,tabicl,0.4924050569534302,0
entity_0957,entity_0272,1,tabicl,0.5319659113883972,1
entity_0611,entity_0933,1,tabicl,0.5281819701194763,1
entity_0221,entity_0220,1,tabicl,0.4924050569534302,0
entity_0132,entity_0520,1,tabicl,0.5465230941772461,1
entity_0322,entity_0353,0,tabicl,0.5,1
entity_0192,entity_0683,0,tabicl,0.5,1
entity_0362,entity_0803,1,tabicl,0.4886086583137512,0
entity_0886,entity_0759,1,tabicl,0.48535576462745667,0
entity_0587,entity_0932,0,tabicl,0.5319659113883972,1
entity_0597,entity_0943,0,tabicl,0.5314255356788635,1
entity_0227,entity_0744,0,tabicl,0.48643991351127625,0
entity_0361,entity_0488,1,tabicl,0.4972873032093048,0
entity_0209,entity_0237,1,tabicl,0.4886089265346527,0
entity_0370,entity_0633,1,tabicl,0.48969343304634094,0
entity_0571,entity_0863,1,tabicl,0.5146442651748657,1
entity_0321,entity_0362,0,tabicl,0.4989149570465088,0
entity_0417,entity_0522,0,tabicl,0.5075949430465698,1
entity_0930,entity_0326,0,tabicl,0.5157282948493958,1
entity_0585,entity_0829,0,tabicl,0.5227706432342529,1
entity_0318,entity_0617,1,tabicl,0.4750640094280243,0
entity_0047,entity_0170,0,tabicl,0.4978299140930176,0
entity_0739,entity_0407,1,tabicl,0.5265591144561768,1
entity_0346,entity_0021,0,tabicl,0.503255307674408,1
entity_0099,entity_0263,1,tabicl,0.4907778203487396,0
entity_0941,entity_0885,0,tabicl,0.5173542499542236,1
entity_0148,entity_0894,1,tabicl,0.48318779468536377,0
entity_0316,entity_0087,0,tabicl,0.4804787039756775,0
entity_0753,entity_0928,1,tabicl,0.49186280369758606,0
entity_0670,entity_0301,1,tabicl,0.4848136007785797,0
entity_0930,entity_0754,0,tabicl,0.496202290058136,0
entity_0333,entity_0957,1,tabicl,0.5075949430465698,1
entity_0366,entity_0671,1,tabicl,0.4934900999069214,0
entity_0227,entity_0603,1,tabicl,0.5113911032676697,1
entity_0628,entity_0887,0,tabicl,0.514102041721344,1
entity_0525,entity_0677,1,tabicl,0.503255307674408,1
entity_0312,entity_0642,0,tabicl,0.48535576462745667,0
entity_0966,entity_0991,0,tabicl,0.5281819701194763,1
entity_0734,entity_0116,1,tabicl,0.5043400526046753,1
entity_0458,entity_0814,1,tabicl,0.496202290058136,0
entity_0261,entity_0602,1,tabicl,0.5048826336860657,1
entity_0164,entity_0026,1,tabicl,0.503797709941864,1
entity_0544,entity_0684,0,tabicl,0.5065101385116577,1
entity_0288,entity_0304,0,tabicl,0.4978299140930176,0
entity_0154,entity_0228,1,tabicl,0.48969343304634094,0
entity_0718,entity_0746,0,tabicl,0.4934898316860199,0
entity_0154,entity_0899,1,tabicl,0.49457475543022156,0
entity_0369,entity_0365,0,tabicl,0.5189797282218933,1
entity_0119,entity_0754,0,tabicl,0.5010850429534912,1
entity_0892,entity_0037,1,tabicl,0.47289979457855225,0
entity_0830,entity_0184,1,tabicl,0.4934898316860199,0
entity_0956,entity_0683,0,tabicl,0.5103065967559814,1
entity_0060,entity_0828,0,tabicl,0.500542402267456,1
entity_0716,entity_0295,1,tabicl,0.49511733651161194,0
entity_0128,entity_0172,1,tabicl,0.5059675574302673,1
entity_0049,entity_0829,1,tabicl,0.509222149848938,1
entity_0087,entity_0463,0,tabicl,0.511933445930481,1
entity_0288,entity_0926,0,tabicl,0.4978299140930176,0
entity_0991,entity_0820,1,tabicl,0.5162703990936279,1
entity_0377,entity_0617,1,tabicl,0.5108489394187927,1
entity_0234,entity_0058,0,tabicl,0.496202290058136,0
entity_0822,entity_0372,1,tabicl,0.5108489394187927,1
entity_0191,entity_0014,1,tabicl,0.5157282948493958,1
entity_0456,entity_0250,1,tabicl,0.5010850429534912,1
entity_0121,entity_0338,1,tabicl,0.4956597089767456,0
entity_0905,entity_0609,0,tabicl,0.5195213556289673,1
entity_0503,entity_0562,1,tabicl,0.4989147186279297,0
entity_0032,entity_0329,0,tabicl,0.511933445930481,1
entity_0260,entity_0165,0,tabicl,0.49132028222084045,0
entity_0946,entity_0090,0,tabicl,0.48264580965042114,0
entity_0566,entity_0738,0,tabicl,0.5048826336860657,1
entity_0019,entity_0847,0,tabicl,0.48644018173217773,0
entity_0508,entity_0955,1,tabicl,0.5005426406860352,1
entity_0155,entity_0300,1,tabicl,0.4934898316860199,0
entity_0428,entity_0750,0,tabicl,0.5092219114303589,1
entity_0420,entity_0231,0,tabicl,0.4902355968952179,0
entity_0623,entity_0175,1,tabicl,0.5005426406860352,1
entity_0440,entity_0503,1,tabicl,0.49945735931396484,0
entity_0716,entity_0869,1,tabicl,0.47939515113830566,0
entity_0423,entity_0397,1,tabicl,0.505424976348877,1
entity_0065,entity_0053,1,tabicl,0.5454472303390503,1
entity_0018,entity_0559,1,tabicl,0.5065101385116577,1
entity_0228,entity_0311,0,tabicl,0.5059675574302673,1
entity_0302,entity_0878,1,tabicl,0.48969343304634094,0
entity_0921,entity_0540,1,tabicl,0.5113911032676697,1
entity_0443,entity_0091,1,tabicl,0.5162701606750488,1
entity_0330,entity_0060,0,tabicl,0.48427173495292664,0
entity_0967,entity_0847,0,tabicl,0.5162703990936279,1
entity_0712,entity_0301,0,tabicl,0.48264580965042114,0
entity_0204,entity_0987,1,tabicl,0.49132028222084045,0
entity_0360,entity_0975,0,tabicl,0.5021700859069824,1
entity_0985,entity_0242,0,tabicl,0.496202290058136,0
entity_0697,entity_0185,0,tabicl,0.49674490094184875,0
entity_0825,entity_0661,1,tabicl,0.5065099000930786,1
entity_0431,entity_0838,1,tabicl,0.4934898316860199,0
entity_0197,entity_0034,1,tabicl,0.5016276836395264,1
entity_0844,entity_0399,1,tabicl,0.5097643733024597,1
entity_0782,entity_0111,1,tabicl,0.4978299140930176,0
entity_0379,entity_0335,0,tabicl,0.5162703990936279,1
entity_0930,entity_0538,1,tabicl,0.5157282948493958,1
entity_0265,entity_0057,1,tabicl,0.48752447962760925,0
entity_0673,entity_0456,1,tabicl,0.5043402910232544,1
entity_0641,entity_0808,1,tabicl,0.514102041721344,1
entity_0313,entity_0304,1,tabicl,0.5043400526046753,1
entity_0110,entity_0142,1,tabicl,0.5108489394187927,1
entity_1000,entity_0560,1,tabicl,0.5146442651748657,1
entity_0651,entity_0697,1,tabicl,0.4907778203487396,0
entity_0716,entity_0276,1,tabicl,0.4886089265346527,0
entity_0093,entity_0809,1,tabicl,0.496202290058136,0
entity_0892,entity_0425,0,tabicl,0.5010850429534912,1
entity_0129,entity_0690,0,tabicl,0.5010850429534912,1
entity_0815,entity_0079,1,tabicl,0.4858976900577545,0
entity_0947,entity_0979,1,tabicl,0.5238535404205322,1
entity_0058,entity_0373,1,tabicl,0.49132028222084045,0
entity_0723,entity_0457,0,tabicl,0.5135600566864014,1
entity_0022,entity_0781,1,tabicl,0.4940324127674103,0
entity_0640,entity_0471,0,tabicl,0.496202290058136,0
entity_0062,entity_0661,0,tabicl,0.5135600566864014,1
entity_0427,entity_0518,0,tabicl,0.503797709941864,1
entity_0067,entity_0752,1,tabicl,0.5086796879768372,1
entity_0569,entity_0530,0,tabicl,0.5032550692558289,1
entity_0352,entity_0429,0,tabicl,0.5146442651748657,1
entity_0345,entity_0472,0,tabicl,0.505424976348877,1
entity_0350,entity_0760,1,tabicl,0.48806658387184143,0
entity_0895,entity_0865,1,tabicl,0.46533337235450745,0
entity_0444,entity_0988,1,tabicl,0.5021700859069824,1
entity_0375,entity_0655,0,tabicl,0.49186253547668457,0
entity_0153,entity_0616,1,tabicl,0.5108489394187927,1
entity_0597,entity_0546,0,tabicl,0.5075949430465698,1
entity_0194,entity_0765,1,tabicl,0.49945735931396484,0
entity_0508,entity_0987,1,tabicl,0.5010850429534912,1
entity_0070,entity_0305,1,tabicl,0.496202290058136,0
entity_0695,entity_0115,1,tabicl,0.48969319462776184,0
entity_0662,entity_0654,1,tabicl,0.49457499384880066,0
entity_0212,entity_0107,0,tabicl,0.4902355968952179,0
entity_0383,entity_0025,1,tabicl,0.49132028222084045,0
entity_0214,entity_0722,1,tabicl,0.4956597089767456,0
entity_0409,entity_0666,1,tabicl,0.5,1
entity_0164,entity_0942,0,tabicl,0.48156213760375977,0
entity_0789,entity_0312,1,tabicl,0.4989149570465088,0
entity_0064,entity_0532,0,tabicl,0.5319659113883972,1
entity_0684,entity_0670,1,tabicl,0.49674490094184875,0
entity_0581,entity_0065,0,tabicl,0.5319657325744629,1
entity_0672,entity_0240,0,tabicl,0.49186280369758606,0
entity_0255,entity_0225,1,tabicl,0.4907778203487396,0
entity_0136,entity_0881,1,tabicl,0.4972873032093048,0
entity_0287,entity_0202,0,tabicl,0.48969319462776184,0
entity_0580,entity_0307,0,tabicl,0.48806658387184143,0
entity_0683,entity_0699,0,tabicl,0.4956599473953247,0
entity_0684,entity_0197,1,tabicl,0.4940324127674103,0
entity_0589,entity_0033,0,tabicl,0.5130180716514587,1
entity_0583,entity_0842,1,tabicl,0.524394690990448,1
entity_0252,entity_0760,1,tabicl,0.48210409283638,0
entity_0929,entity_0131,1,tabicl,0.47722938656806946,0
entity_0155,entity_0516,0,tabicl,0.5395222902297974,1
entity_0609,entity_0009,1,tabicl,0.4848138391971588,0
entity_0909,entity_0598,1,tabicl,0.5271002054214478,1
entity_0830,entity_0489,1,tabicl,0.5075947046279907,1
entity_0187,entity_0302,1,tabicl,0.4940324127674103,0
entity_0599,entity_0556,0,tabicl,0.5010850429534912,1
entity_0088,entity_0815,0,tabicl,0.5027127265930176,1
entity_0308,entity_0809,1,tabicl,0.4989149570465088,0
entity_0430,entity_0669,1,tabicl,0.5151863694190979,1
entity_0514,entity_0921,1,tabicl,0.5043402910232544,1
entity_0047,entity_0182,0,tabicl,0.49945735931396484,0
entity_0602,entity_0415,1,tabicl,0.5075949430465698,1
entity_0383,entity_0663,1,tabicl,0.49457475543022156,0
entity_0566,entity_0447,1,tabicl,0.5048826336860657,1
entity_0139,entity_0887,1,tabicl,0.5,1
entity_0810,entity_0661,1,tabicl,0.5065101385116577,1
entity_0513,entity_0570,1,tabicl,0.5010850429534912,1
entity_0001,entity_0948,0,tabicl,0.5070524215698242,1
entity_0052,entity_0291,1,tabicl,0.4972873032093048,0
entity_0579,entity_0834,0,tabicl,0.5298041701316833,1
entity_0683,entity_0026,0,tabicl,0.5075947046279907,1
entity_0044,entity_0851,1,tabicl,0.5010850429534912,1
entity_0042,entity_0546,0,tabicl,0.514102041721344,1
entity_0780,entity_0841,0,tabicl,0.5,1
entity_0664,entity_0835,0,tabicl,0.5173542499542236,1
entity_0491,entity_0723,0,tabicl,0.5249360203742981,1
entity_0634,entity_0831,0,tabicl,0.521146297454834,1
entity_0723,entity_0665,1,tabicl,0.496202290058136,0
entity_0335,entity_0299,1,tabicl,0.4989149570465088,0
entity_0895,entity_0776,0,tabicl,0.4821038544178009,0
entity_0219,entity_0744,0,tabicl,0.4940324127674103,0
entity_0686,entity_0631,1,tabicl,0.48969319462776184,0
entity_0665,entity_0943,1,tabicl,0.5216879844665527,1
entity_0177,entity_0045,0,tabicl,0.48969319462776184,0
entity_0414,entity_0329,1,tabicl,0.5151863694190979,1
entity_0002,entity_0900,0,tabicl,0.49674466252326965,0
entity_0139,entity_0803,0,tabicl,0.503255307674408,1
entity_0544,entity_0318,0,tabicl,0.4907778203487396,0
entity_0951,entity_0239,0,tabicl,0.4956599473953247,0
entity_0368,entity_0281,1,tabicl,0.5027127265930176,1
entity_0663,entity_0386,1,tabicl,0.5135600566864014,1
entity_0327,entity_0307,1,tabicl,0.503797709941864,1
entity_0608,entity_0128,0,tabicl,0.4858976900577545,0
entity_0093,entity_0368,0,tabicl,0.46857452392578125,0
entity_0254,entity_0266,1,tabicl,0.49132052063941956,0
entity_0003,entity_0364,1,tabicl,0.48698219656944275,0
entity_0328,entity_0965,0,tabicl,0.5108489394187927,1
entity_0142,entity_0800,0,tabicl,0.5059675574302673,1
entity_0753,entity_0559,0,tabicl,0.5184378623962402,1
entity_0393,entity_0897,0,tabicl,0.4934898316860199,0
entity_0782,entity_0451,1,tabicl,0.5178961157798767,1
entity_0595,entity_0447,1,tabicl,0.5016274452209473,1
entity_0830,entity_0179,0,tabicl,0.4924050569534302,0
entity_0778,entity_0787,1,tabicl,0.496202290058136,0
entity_0339,entity_0666,0,tabicl,0.4934898316860199,0
entity_0571,entity_0169,0,tabicl,0.5021700859069824,1
entity_0384,entity_0994,1,tabicl,0.5254770517349243,1
entity_0750,entity_0160,0,tabicl,0.4902355968952179,0
entity_0869,entity_0168,1,tabicl,0.48372960090637207,0
entity_0883,entity_0272,0,tabicl,0.5308852195739746,1
entity_0841,entity_0112,1,tabicl,0.49132028222084045,0
entity_0652,entity_0633,0,tabicl,0.4929475784301758,0
entity_0504,entity_0222,1,tabicl,0.5260182023048401,1
entity_0041,entity_0255,1,tabicl,0.5173542499542236,1
entity_0720,entity_0982,1,tabicl,0.5124757289886475,1
entity_0604,entity_0228,1,tabicl,0.496202290058136,0
entity_0065,entity_0852,1,tabicl,0.48372960090637207,0
entity_0337,entity_0559,0,tabicl,0.5092219114303589,1
entity_0310,entity_0963,0,tabicl,0.5135600566864014,1
entity_0725,entity_0102,1,tabicl,0.4934900999069214,0
entity_0490,entity_0580,1,tabicl,0.4989149570465088,0
entity_0325,entity_0444,0,tabicl,0.5130177736282349,1
entity_0531,entity_0396,0,tabicl,0.5010850429534912,1
entity_0652,entity_0979,0,tabicl,0.5075949430465698,1
entity_0430,entity_0274,1,tabicl,0.49511733651161194,0
entity_0998,entity_0839,1,tabicl,0.5108489394187927,1
entity_0598,entity_0800,0,tabicl,0.511933445930481,1
entity_0509,entity_0062,0,tabicl,0.5189797282218933,1
entity_0148,entity_0882,1,tabicl,0.49457499384880066,0
entity_0118,entity_0581,0,tabicl,0.5054252743721008,1
entity_0659,entity_0276,0,tabicl,0.4924050569534302,0
entity_0063,entity_0661,1,tabicl,0.5146442651748657,1
entity_0586,entity_0793,1,tabicl,0.5124757289886475,1
entity_0182,entity_0861,0,tabicl,0.48698195815086365,0
entity_0431,entity_0277,0,tabicl,0.49945759773254395,0
entity_0400,entity_0471,1,tabicl,0.49837231636047363,0
entity_0864,entity_0725,1,tabicl,0.48156213760375977,0
entity_0326,entity_0565,0,tabicl,0.5021700859069824,1
entity_0629,entity_0893,0,tabicl,0.5184375643730164,1
entity_0659,entity_0742,1,tabicl,0.49457499384880066,0
entity_0427,entity_0386,1,tabicl,0.5021700859069824,1
entity_0995,entity_0102,0,tabicl,0.48969343304634094,0
entity_0653,entity_0912,1,tabicl,0.511933445930481,1
entity_0737,entity_0491,0,tabicl,0.5260182023048401,1
entity_0495,entity_0801,0,tabicl,0.4940324127674103,0
entity_0370,entity_0850,0,tabicl,0.4940324127674103,0
entity_0948,entity_0111,0,tabicl,0.473982036113739,0
entity_0663,entity_0590,0,tabicl,0.49186253547668457,0
entity_0327,entity_0642,0,tabicl,0.4924050569534302,0
entity_0993,entity_0057,0,tabicl,0.4924050569534302,0
entity_0385,entity_0979,0,tabicl,0.4989149570465088,0
entity_0816,entity_0692,0,tabicl,0.49674490094184875,0
entity_0428,entity_0355,0,tabicl,0.5081374645233154,1
entity_0255,entity_0679,0,tabicl,0.4940324127674103,0
entity_0173,entity_0371,0,tabicl,0.4934900999069214,0
entity_0831,entity_0660,1,tabicl,0.5059675574302673,1
entity_0818,entity_0962,0,tabicl,0.5195213556289673,1
entity_0350,entity_0605,1,tabicl,0.5075949430465698,1
entity_0133,entity_0731,0,tabicl,0.5043402910232544,1
entity_0972,entity_0555,0,tabicl,0.4978299140930176,0
entity_0986,entity_0261,1,tabicl,0.5043402910232544,1
entity_0058,entity_0099,1,tabicl,0.5216876864433289,1
entity_0816,entity_0465,0,tabicl,0.5086796879768372,1
entity_0794,entity_0855,0,tabicl,0.48643991351127625,0
entity_0998,entity_0532,0,tabicl,0.5059675574302673,1
entity_0515,entity_0357,1,tabicl,0.5048826336860657,1
entity_0458,entity_0976,0,tabicl,0.49511733651161194,0
entity_0074,entity_0725,0,tabicl,0.5070524215698242,1
entity_0516,entity_0794,1,tabicl,0.5027127265930176,1
entity_0717,entity_0681,0,tabicl,0.4989149570465088,0
entity_0493,entity_0967,0,tabicl,0.49457475543022156,0
entity_0300,entity_0184,1,tabicl,0.4940324127674103,0
entity_0679,entity_0005,1,tabicl,0.49186253547668457,0
entity_0472,entity_0677,0,tabicl,0.5097643733024597,1
entity_0968,entity_0982,0,tabicl,0.5271002054214478,1
entity_0106,entity_0148,1,tabicl,0.5075949430465698,1
entity_0722,entity_0947,1,tabicl,0.521146297454834,1
entity_0418,entity_0402,0,tabicl,0.5065101385116577,1
entity_0193,entity_0696,1,tabicl,0.500542402267456,1
entity_0205,entity_0130,1,tabicl,0.49186280369758606,0
entity_0671,entity_0905,0,tabicl,0.5108489394187927,1
entity_0278,entity_0871,1,tabicl,0.48535576462745667,0
entity_0858,entity_0380,1,tabicl,0.5075949430465698,1
entity_0513,entity_0136,1,tabicl,0.5368256568908691,1
entity_0384,entity_0328,1,tabicl,0.5130177736282349,1
entity_0332,entity_0358,1,tabicl,0.49945735931396484,0
entity_0585,entity_0824,1,tabicl,0.5227706432342529,1
entity_0145,entity_0498,1,tabicl,0.5443709492683411,1
entity_0864,entity_0762,0,tabicl,0.48698219656944275,0
entity_0013,entity_0570,0,tabicl,0.5065099000930786,1
entity_0475,entity_0943,1,tabicl,0.4940324127674103,0
entity_0989,entity_0358,0,tabicl,0.5108489394187927,1
entity_0156,entity_0821,1,tabicl,0.5043400526046753,1
entity_0815,entity_0496,1,tabicl,0.5146442651748657,1
entity_0300,entity_0798,0,tabicl,0.49132028222084045,0
entity_0252,entity_0373,0,tabicl,0.5048826336860657,1
entity_0314,entity_0064,0,tabicl,0.4848136007785797,0
entity_0905,entity_0033,1,tabicl,0.48210409283638,0
entity_0449,entity_0849,0,tabicl,0.4924052953720093,0
entity_0821,entity_0928,1,tabicl,0.5027127265930176,1
entity_0456,entity_0600,0,tabicl,0.5086796879768372,1
entity_0292,entity_0373,0,tabicl,0.5021703243255615,1
entity_0222,entity_0745,1,tabicl,0.4924052953720093,0
entity_0076,entity_0464,1,tabicl,0.5092219114303589,1
entity_0968,entity_0603,0,tabicl,0.5184378623962402,1
entity_0709,entity_0970,0,tabicl,0.5059675574302673,1
entity_0329,entity_0956,1,tabicl,0.5146442651748657,1
entity_0782,entity_0311,0,tabicl,0.5,1
entity_0996,entity_0277,1,tabicl,0.49511733651161194,0
entity_0195,entity_0889,0,tabicl,0.48643991351127625,0
entity_0868,entity_0757,0,tabicl,0.48318779468536377,0
entity_0447,entity_0641,0,tabicl,0.5054252743721008,1
entity_0100,entity_0203,1,tabicl,0.49132028222084045,0
entity_0152,entity_0976,0,tabicl,0.48427173495292664,0
entity_0768,entity_0159,1,tabicl,0.49511733651161194,0
entity_0950,entity_0103,1,tabicl,0.47831228375434875,0
entity_0774,entity_0474,0,tabicl,0.5184378623962402,1
entity_0251,entity_0188,0,tabicl,0.4940324127674103,0
entity_0707,entity_0870,0,tabicl,0.47831201553344727,0
entity_0959,entity_0367,1,tabicl,0.5113911032676697,1
entity_0234,entity_0844,1,tabicl,0.5124754905700684,1
entity_0020,entity_0002,1,tabicl,0.4761466979980469,0
entity_0719,entity_0268,1,tabicl,0.49186280369758606,0
entity_0238,entity_0870,0,tabicl,0.4891510605812073,0
entity_0753,entity_0020,1,tabicl,0.4962025582790375,0
entity_0232,entity_0347,1,tabicl,0.5059675574302673,1
entity_0576,entity_0390,0,tabicl,0.5010850429534912,1
entity_0741,entity_0885,0,tabicl,0.47831201553344727,0
entity_0143,entity_0620,0,tabicl,0.5043400526046753,1
entity_0295,entity_0628,1,tabicl,0.4929475784301758,0
entity_0042,entity_0755,1,tabicl,0.5048826336860657,1
entity_0761,entity_0304,1,tabicl,0.49674490094184875,0
entity_0824,entity_0731,1,tabicl,0.4886086583137512,0
entity_0493,entity_0586,1,tabicl,0.4978299140930176,0
entity_0349,entity_0566,0,tabicl,0.5081374645233154,1
entity_0947,entity_0221,0,tabicl,0.4891510605812073,0
entity_0096,entity_0379,1,tabicl,0.4924050569534302,0
entity_0312,entity_0904,0,tabicl,0.4962025582790375,0
entity_0780,entity_0611,0,tabicl,0.5130177736282349,1
entity_0041,entity_0608,1,tabicl,0.5010850429534912,1
entity_0275,entity_0543,1,tabicl,0.503797709941864,1
entity_0912,entity_0604,1,tabicl,0.5211460590362549,1
entity_0369,entity_0296,0,tabicl,0.5075949430465698,1
entity_0862,entity_0109,1,tabicl,0.478853702545166,0
entity_0725,entity_0325,0,tabicl,0.4891510605812073,0
entity_0348,entity_0328,1,tabicl,0.5048826336860657,1
entity_0122,entity_0331,1,tabicl,0.503797709941864,1
entity_0388,entity_0060,0,tabicl,0.5254772305488586,1
entity_0844,entity_0064,0,tabicl,0.48643991351127625,0
entity_0003,entity_0784,1,tabicl,0.4972875416278839,0
entity_0626,entity_0985,1,tabicl,0.503797709941864,1
entity_0332,entity_0544,1,tabicl,0.5097643733024597,1
entity_0045,entity_0680,0,tabicl,0.49945759773254395,0
entity_0488,entity_0448,1,tabicl,0.4940324127674103,0
entity_0369,entity_0811,1,tabicl,0.4924052953720093,0
entity_0511,entity_0850,1,tabicl,0.4989147186279297,0
entity_0382,entity_0121,1,tabicl,0.48643991351127625,0
entity_0599,entity_0075,1,tabicl,0.5135600566864014,1
entity_0719,entity_0118,0,tabicl,0.5027127265930176,1
entity_0249,entity_0488,1,tabicl,0.5168122053146362,1
entity_0145,entity_0786,1,tabicl,0.4956597089767456,0
entity_0154,entity_0904,1,tabicl,0.48752424120903015,0
entity_0660,entity_0506,1,tabicl,0.5048826336860657,1
entity_0948,entity_0726,0,tabicl,0.5081374645233154,1
entity_0375,entity_0985,0,tabicl,0.5081372261047363,1
entity_0056,entity_0052,1,tabicl,0.554577648639679,1
entity_0995,entity_0213,1,tabicl,0.4907780587673187,0
entity_0131,entity_0230,0,tabicl,0.4978299140930176,0
entity_0707,entity_0555,0,tabicl,0.5065101385116577,1
entity_0579,entity_0614,1,tabicl,0.4978299140930176,0
entity_0770,entity_0728,0,tabicl,0.49674490094184875,0
entity_0152,entity_0138,1,tabicl,0.5308852195739746,1
entity_0667,entity_0978,1,tabicl,0.5135600566864014,1
entity_0192,entity_0350,1,tabicl,0.4848138391971588,0
entity_0994,entity_0126,1,tabicl,0.4886086583137512,0
entity_0148,entity_0612,1,tabicl,0.5130177736282349,1
entity_0484,entity_0490,1,tabicl,0.496202290058136,0
entity_0341,entity_0108,0,tabicl,0.4848136007785797,0
entity_0897,entity_0602,1,tabicl,0.522770881652832,1
entity_0714,entity_0396,0,tabicl,0.5113911032676697,1
entity_0571,entity_0682,0,tabicl,0.500542402267456,1
entity_0534,entity_0391,1,tabicl,0.5010850429534912,1
entity_0781,entity_0765,1,tabicl,0.4978299140930176,0
entity_0735,entity_0286,1,tabicl,0.4940324127674103,0
entity_0641,entity_0974,1,tabicl,0.5021703243255615,1
entity_0141,entity_0288,0,tabicl,0.496202290058136,0
entity_0693,entity_0521,0,tabicl,0.509222149848938,1
entity_0412,entity_0461,1,tabicl,0.4956597089767456,0
entity_0276,entity_0295,1,tabicl,0.4972875416278839,0
entity_0862,entity_0713,0,tabicl,0.478853702545166,0
entity_0558,entity_0545,1,tabicl,0.5081372261047363,1
entity_0925,entity_0414,1,tabicl,0.5054252743721008,1
entity_0091,entity_0878,0,tabicl,0.47885391116142273,0
entity_0059,entity_0447,1,tabicl,0.4924050569534302,0
entity_0957,entity_0017,1,tabicl,0.4989149570465088,0
entity_0257,entity_0741,0,tabicl,0.500542402267456,1
entity_0633,entity_0349,0,tabicl,0.500542402267456,1
entity_0753,entity_0275,0,tabicl,0.49837231636047363,0
entity_0295,entity_0869,1,tabicl,0.48372960090637207,0
entity_0381,entity_0591,1,tabicl,0.5070524215698242,1
entity_0845,entity_0471,0,tabicl,0.49511733651161194,0
entity_0901,entity_0094,1,tabicl,0.4750640094280243,0
entity_0824,entity_0880,0,tabicl,0.4604775011539459,0
entity_0133,entity_0546,1,tabicl,0.5249360203742981,1
entity_0237,entity_0342,1,tabicl,0.511933445930481,1
entity_0466,entity_0299,0,tabicl,0.5070524215698242,1
entity_0630,entity_0348,0,tabicl,0.5,1
entity_0778,entity_0640,0,tabicl,0.5075947046279907,1
entity_0895,entity_0463,1,tabicl,0.5,1
entity_0741,entity_0757,1,tabicl,0.4940324127674103,0
entity_0497,entity_0454,0,tabicl,0.4934898316860199,0
entity_0215,entity_0078,0,tabicl,0.5005426406860352,1
entity_0884,entity_0804,0,tabicl,0.4723587930202484,0
entity_0993,entity_0932,1,tabicl,0.521146297454834,1
entity_0002,entity_0928,1,tabicl,0.48806658387184143,0
entity_0870,entity_0298,0,tabicl,0.5135600566864014,1
entity_0022,entity_0765,1,tabicl,0.4929475784301758,0
entity_0789,entity_0634,1,tabicl,0.511933445930481,1
entity_0678,entity_0223,0,tabicl,0.4891510605812073,0
entity_0741,entity_0056,0,tabicl,0.5027127265930176,1
entity_0603,entity_0984,0,tabicl,0.5168122053146362,1
entity_0982,entity_0127,0,tabicl,0.48264580965042114,0
entity_0237,entity_0491,1,tabicl,0.5173542499542236,1
entity_0762,entity_0905,0,tabicl,0.48264601826667786,0
entity_0747,entity_0037,0,tabicl,0.5021700859069824,1
entity_0036,entity_0592,1,tabicl,0.4956599473953247,0
entity_0616,entity_0443,1,tabicl,0.5075949430465698,1
entity_0696,entity_0837,1,tabicl,0.4956599473953247,0
entity_0706,entity_0300,0,tabicl,0.48427149653434753,0
entity_0883,entity_0985,1,tabicl,0.5178959369659424,1
entity_0359,entity_0036,1,tabicl,0.5027127265930176,1
entity_0712,entity_0213,1,tabicl,0.49132028222084045,0
entity_0283,entity_0006,0,tabicl,0.5189794898033142,1
entity_0889,entity_0212,0,tabicl,0.4902355968952179,0
entity_0074,entity_0291,0,tabicl,0.49782970547676086,0
entity_0707,entity_0240,1,tabicl,0.4924050569534302,0
entity_0432,entity_0868,0,tabicl,0.4934898316860199,0
entity_0051,entity_0548,0,tabicl,0.5769656896591187,1
entity_0346,entity_0289,1,tabicl,0.5016274452209473,1
entity_0065,entity_0434,0,tabicl,0.5,1
entity_0820,entity_0902,0,tabicl,0.4739817976951599,0
entity_0876,entity_0826,0,tabicl,0.46965542435646057,0
entity_0827,entity_0989,1,tabicl,0.5097643733024597,1
entity_0066,entity_0934,1,tabicl,0.4858976900577545,0
entity_0229,entity_0436,0,tabicl,0.5151861906051636,1
entity_0173,entity_0023,1,tabicl,0.5146442651748657,1
entity_0655,entity_0850,0,tabicl,0.5151863694190979,1
entity_0475,entity_0735,1,tabicl,0.49457499384880066,0
entity_0356,entity_0402,0,tabicl,0.5254770517349243,1
entity_0047,entity_0712,0,tabicl,0.5043400526046753,1
entity_0111,entity_0451,1,tabicl,0.5271002054214478,1
entity_0543,entity_0687,1,tabicl,0.5070526599884033,1
entity_0117,entity_0527,0,tabicl,0.5287228226661682,1
entity_0522,entity_0115,1,tabicl,0.5222290754318237,1
entity_0842,entity_0454,0,tabicl,0.5048826336860657,1
entity_0067,entity_0104,1,tabicl,0.5238535404205322,1
entity_0045,entity_0588,0,tabicl,0.5588622093200684,1
entity_0953,entity_0182,0,tabicl,0.4902355968952179,0
entity_0150,entity_0786,0,tabicl,0.5016276836395264,1
entity_0184,entity_0387,0,tabicl,0.48643991351127625,0
entity_0720,entity_0536,0,tabicl,0.5216876864433289,1
entity_0785,entity_0720,1,tabicl,0.4972873032093048,0
entity_0242,entity_0163,0,tabicl,0.49457499384880066,0
entity_0590,entity_0727,0,tabicl,0.5032550692558289,1
entity_0856,entity_0623,1,tabicl,0.5157282948493958,1
entity_0305,entity_0056,0,tabicl,0.48698219656944275,0
entity_0166,entity_0929,1,tabicl,0.4858979284763336,0
entity_0248,entity_0239,1,tabicl,0.49132028222084045,0
entity_0118,entity_0511,1,tabicl,0.5341265201568604,1
entity_0090,entity_0857,1,tabicl,0.48210409283638,0
entity_0614,entity_0353,0,tabicl,0.4972873032093048,0
entity_0498,entity_0853,1,tabicl,0.4924050569534302,0
entity_0838,entity_0376,0,tabicl,0.5146442651748657,1
entity_0174,entity_0375,0,tabicl,0.49186280369758606,0
entity_0330,entity_0864,1,tabicl,0.4902355968952179,0
entity_0889,entity_0894,0,tabicl,0.48644018173217773,0
entity_0485,entity_0568,0,tabicl,0.5021700859069824,1
entity_0526,entity_0289,1,tabicl,0.48698219656944275,0
entity_0224,entity_0839,0,tabicl,0.49511733651161194,0
entity_0865,entity_0851,0,tabicl,0.45993852615356445,0
entity_0051,entity_0625,0,tabicl,0.5362861156463623,1
entity_0195,entity_0636,1,tabicl,0.5048826336860657,1
entity_0892,entity_0443,0,tabicl,0.49945759773254395,0
entity_0794,entity_0379,0,tabicl,0.5168122053146362,1
entity_0747,entity_0246,1,tabicl,0.48969319462776184,0
entity_0960,entity_0556,0,tabicl,0.5195213556289673,1
entity_0338,entity_0271,1,tabicl,0.5021700859069824,1
entity_0964,entity_0993,0,tabicl,0.5287228226661682,1
entity_0868,entity_0686,1,tabicl,0.48535576462745667,0
entity_0945,entity_0355,0,tabicl,0.5141022801399231,1
entity_0634,entity_0238,1,tabicl,0.49511733651161194,0
entity_0263,entity_0246,0,tabicl,0.4940324127674103,0
entity_0844,entity_0974,1,tabicl,0.5097643733024597,1
entity_0327,entity_0894,1,tabicl,0.49457499384880066,0
entity_0590,entity_0992,0,tabicl,0.5086796879768372,1
entity_0918,entity_0667,1,tabicl,0.5108489394187927,1
entity_0715,entity_0023,1,tabicl,0.48806658387184143,0
entity_0776,entity_0379,0,tabicl,0.5200628638267517,1
entity_0718,entity_0891,0,tabicl,0.48318779468536377,0
entity_0084,entity_0854,1,tabicl,0.47831201553344727,0
entity_0025,entity_0386,1,tabicl,0.4940324127674103,0
entity_0787,entity_0823,1,tabicl,0.4956599473953247,0
entity_0592,entity_0619,0,tabicl,0.49511733651161194,0
entity_0992,entity_0178,0,tabicl,0.4940324127674103,0
entity_0383,entity_0940,1,tabicl,0.5037974715232849,1
entity_0106,entity_0327,1,tabicl,0.5,1
entity_0551,entity_0267,1,tabicl,0.4924052953720093,0
entity_0641,entity_0303,1,tabicl,0.48535576462745667,0
entity_0273,entity_0862,1,tabicl,0.4956597089767456,0
entity_0632,entity_0243,0,tabicl,0.49945735931396484,0
entity_0588,entity_0055,1,tabicl,0.5173542499542236,1
entity_0406,entity_0969,0,tabicl,0.5021700859069824,1
entity_0226,entity_0485,1,tabicl,0.521146297454834,1
entity_0091,entity_0819,0,tabicl,0.4924050569534302,0
entity_0511,entity_0916,1,tabicl,0.509222149848938,1
entity_0797,entity_0846,0,tabicl,0.5108489394187927,1
entity_0709,entity_0127,0,tabicl,0.4886086583137512,0
entity_0385,entity_0898,0,tabicl,0.4956597089767456,0
entity_0266,entity_0981,1,tabicl,0.5157282948493958,1
entity_0732,entity_0411,1,tabicl,0.5249360203742981,1
entity_0778,entity_0710,0,tabicl,0.49511733651161194,0
entity_0576,entity_0394,1,tabicl,0.5168122053146362,1
entity_0939,entity_0881,0,tabicl,0.5141022801399231,1
entity_0557,entity_0053,1,tabicl,0.5422168970108032,1
entity_0177,entity_0990,0,tabicl,0.4934898316860199,0
entity_0696,entity_0191,0,tabicl,0.49511733651161194,0
entity_0883,entity_0626,1,tabicl,0.5124754905700684,1
entity_0168,entity_0908,0,tabicl,0.47777092456817627,0
entity_0061,entity_0504,1,tabicl,0.4907780587673187,0
entity_0436,entity_0091,0,tabicl,0.5270999670028687,1
entity_0172,entity_0766,1,tabicl,0.49186253547668457,0
entity_0004,entity_0472,1,tabicl,0.4799371063709259,0
entity_0244,entity_0373,0,tabicl,0.5097643733024597,1
entity_0771,entity_0692,1,tabicl,0.5021703243255615,1
entity_0220,entity_0662,0,tabicl,0.5070524215698242,1
entity_0567,entity_0091,0,tabicl,0.521146297454834,1
entity_0665,entity_0735,1,tabicl,0.49457475543022156,0
entity_0775,entity_0219,1,tabicl,0.48318779468536377,0
entity_0523,entity_0772,0,tabicl,0.49945735931396484,0
entity_0868,entity_0356,1,tabicl,0.5010850429534912,1
entity_0673,entity_0901,1,tabicl,0.5070524215698242,1
entity_0886,entity_0152,1,tabicl,0.4934898316860199,0
entity_0975,entity_0833,1,tabicl,0.5157282948493958,1
entity_0079,entity_0521,1,tabicl,0.5108489394187927,1
entity_0713,entity_0008,1,tabicl,0.48318779468536377,0
entity_0035,entity_0521,0,tabicl,0.4858979284763336,0
entity_0345,entity_0957,0,tabicl,0.5043400526046753,1
entity_0577,entity_0415,1,tabicl,0.5059675574302673,1
entity_0107,entity_0340,1,tabicl,0.4886089265346527,0
entity_0165,entity_0605,1,tabicl,0.5130177736282349,1
entity_0004,entity_0829,0,tabicl,0.475605309009552,0
entity_0301,entity_0433,1,tabicl,0.5189794898033142,1
entity_0048,entity_0813,1,tabicl,0.5113913416862488,1
entity_0946,entity_0001,1,tabicl,0.5086796879768372,1
entity_0428,entity_0639,1,tabicl,0.5113913416862488,1
entity_0519,entity_0973,1,tabicl,0.4978299140930176,0
entity_0723,entity_0420,0,tabicl,0.5173539519309998,1
entity_0856,entity_0137,0,tabicl,0.4891510605812073,0
entity_0745,entity_0504,1,tabicl,0.5314257144927979,1
entity_0271,entity_0919,1,tabicl,0.503255307674408,1
entity_0836,entity_0452,0,tabicl,0.49945735931396484,0
entity_0624,entity_0654,0,tabicl,0.4929475784301758,0
entity_0797,entity_0750,1,tabicl,0.49674490094184875,0
entity_0958,entity_0344,1,tabicl,0.5043400526046753,1
entity_0746,entity_0510,0,tabicl,0.5357462763786316,1
entity_0735,entity_0777,1,tabicl,0.5027127265930176,1
entity_0810,entity_0889,1,tabicl,0.46965542435646057,0
entity_0336,entity_0111,1,tabicl,0.48806658387184143,0
entity_0129,entity_0841,1,tabicl,0.4929473102092743,0
entity_0136,entity_0126,0,tabicl,0.5287225842475891,1
entity_0038,entity_0065,0,tabicl,0.521146297454834,1
entity_0312,entity_0954,0,tabicl,0.5124754905700684,1
entity_0333,entity_0794,1,tabicl,0.4891510605812073,0
entity_0494,entity_0002,0,tabicl,0.4907778203487396,0
entity_0166,entity_0131,1,tabicl,0.511933445930481,1
entity_0143,entity_0645,1,tabicl,0.5021700859069824,1
entity_0366,entity_0375,1,tabicl,0.5238535404205322,1
entity_0864,entity_0946,0,tabicl,0.5195213556289673,1
entity_0139,entity_0532,0,tabicl,0.5384440422058105,1
entity_0197,entity_0272,0,tabicl,0.4902355968952179,0
entity_0673,entity_0756,0,tabicl,0.49457499384880066,0
entity_0233,entity_0657,1,tabicl,0.5032550692558289,1
entity_0822,entity_0924,1,tabicl,0.5,1
entity_0178,entity_0545,0,tabicl,0.5271002054214478,1
entity_0939,entity_0529,0,tabicl,0.5168122053146362,1
entity_0741,entity_0905,0,tabicl,0.496202290058136,0
entity_0593,entity_0140,0,tabicl,0.48752424120903015,0
entity_0702,entity_0371,1,tabicl,0.5097643733024597,1
entity_0664,entity_0795,0,tabicl,0.5075949430465698,1
entity_0816,entity_0564,1,tabicl,0.5075949430465698,1
entity_0543,entity_0522,1,tabicl,0.500542402267456,1
entity_0057,entity_0549,1,tabicl,0.566338300704956,1
entity_0657,entity_0728,0,tabicl,0.4972875416278839,0
entity_0881,entity_0492,0,tabicl,0.5021700859069824,1
entity_0216,entity_0852,0,tabicl,0.4989147186279297,0
entity_0894,entity_0010,0,tabicl,0.4929475784301758,0
entity_0430,entity_0517,0,tabicl,0.5032550692558289,1
entity_0364,entity_0084,1,tabicl,0.47885391116142273,0
entity_0988,entity_0140,1,tabicl,0.4924050569534302,0
entity_0368,entity_0408,1,tabicl,0.5184378623962402,1
entity_0904,entity_0657,0,tabicl,0.5168122053146362,1
entity_0390,entity_0604,1,tabicl,0.5081374645233154,1
entity_0031,entity_0886,1,tabicl,0.4804787039756775,0
entity_0208,entity_0682,1,tabicl,0.5032550692558289,1
entity_0800,entity_0654,1,tabicl,0.5086796879768372,1
entity_0495,entity_0673,0,tabicl,0.5027127265930176,1
entity_0364,entity_0438,0,tabicl,0.5048826336860657,1
entity_0273,entity_0295,0,tabicl,0.4972875416278839,0
entity_0128,entity_0757,0,tabicl,0.5016274452209473,1
entity_0951,entity_0126,1,tabicl,0.47777092456817627,0
entity_0255,entity_0929,1,tabicl,0.5027127265930176,1
entity_0679,entity_0872,1,tabicl,0.48806658387184143,0
entity_0726,entity_0400,0,tabicl,0.530344545841217,1
entity_0724,entity_0205,1,tabicl,0.4891510605812073,0
entity_0061,entity_0463,0,tabicl,0.48427149653434753,0
entity_0553,entity_0883,1,tabicl,0.511933445930481,1
entity_0319,entity_0484,1,tabicl,0.5222293138504028,1
entity_0113,entity_0636,1,tabicl,0.503255307674408,1
entity_0013,entity_0137,1,tabicl,0.5124757289886475,1
entity_0190,entity_0210,0,tabicl,0.48969319462776184,0
entity_0801,entity_0395,0,tabicl,0.5216876864433289,1
entity_0637,entity_0260,1,tabicl,0.49511733651161194,0
entity_0277,entity_0627,0,tabicl,0.5037974715232849,1
entity_0162,entity_0145,0,tabicl,0.5346666574478149,1
entity_0731,entity_0037,0,tabicl,0.47722938656806946,0
entity_0018,entity_0025,0,tabicl,0.5113911032676697,1
entity_0949,entity_0561,1,tabicl,0.5157282948493958,1
entity_0720,entity_0199,1,tabicl,0.4907778203487396,0
entity_0936,entity_0817,1,tabicl,0.4956597089767456,0
entity_0537,entity_0239,1,tabicl,0.5092219114303589,1
entity_0168,entity_0295,1,tabicl,0.4902355968952179,0
entity_0713,entity_0003,0,tabicl,0.48535576462745667,0
entity_0388,entity_0798,0,tabicl,0.5124757289886475,1
entity_0204,entity_0446,1,tabicl,0.5005426406860352,1
entity_0072,entity_0085,1,tabicl,0.5352064371109009,1
entity_0840,entity_0509,1,tabicl,0.503255307674408,1
entity_0098,entity_0891,0,tabicl,0.4804787039756775,0
entity_0120,entity_0564,0,tabicl,0.5146442651748657,1
entity_0884,entity_0527,0,tabicl,0.5027127265930176,1
entity_0599,entity_0211,1,tabicl,0.5048826336860657,1
entity_0993,entity_0196,1,tabicl,0.49674490094184875,0
entity_0213,entity_0828,1,tabicl,0.4972873032093048,0
entity_0388,entity_0518,0,tabicl,0.5016276836395264,1
entity_0799,entity_0968,1,tabicl,0.5281819701194763,1
entity_0425,entity_0551,1,tabicl,0.5092219114303589,1
entity_0408,entity_0318,0,tabicl,0.5097643733024597,1
entity_0624,entity_0783,1,tabicl,0.5048826336860657,1
entity_0138,entity_0417,0,tabicl,0.5157282948493958,1
entity_0495,entity_0843,1,tabicl,0.4934898316860199,0
entity_0835,entity_0530,1,tabicl,0.5146442651748657,1
entity_0609,entity_0513,1,tabicl,0.49837255477905273,0
entity_0001,entity_0733,0,tabicl,0.48644018173217773,0
entity_0404,entity_0735,0,tabicl,0.514102041721344,1
entity_0971,entity_0901,0,tabicl,0.5233120918273926,1
entity_0512,entity_0630,0,tabicl,0.5054252743721008,1
entity_0987,entity_0452,1,tabicl,0.5065101385116577,1
entity_0049,entity_0144,0,tabicl,0.49511733651161194,0
entity_0821,entity_0753,1,tabicl,0.4891510605812073,0
entity_0593,entity_0799,0,tabicl,0.5135598182678223,1
entity_0370,entity_0740,0,tabicl,0.49837231636047363,0
entity_0943,entity_0699,1,tabicl,0.5086796879768372,1
entity_0272,entity_0243,0,tabicl,0.4924050569534302,0
entity_0531,entity_0353,0,tabicl,0.49945735931396484,0
entity_0120,entity_0957,1,tabicl,0.48427173495292664,0
entity_0248,entity_0748,0,tabicl,0.4858979284763336,0
entity_0764,entity_0213,0,tabicl,0.48698219656944275,0
entity_0178,entity_0258,1,tabicl,0.49511733651161194,0
entity_0339,entity_0188,0,tabicl,0.47722938656806946,0
entity_0917,entity_0156,0,tabicl,0.48264580965042114,0
entity_0648,entity_0678,0,tabicl,0.4907780587673187,0
entity_0775,entity_0166,0,tabicl,0.49511733651161194,0
entity_0356,entity_0686,1,tabicl,0.4956599473953247,0
entity_0303,entity_0427,0,tabicl,0.5189797282218933,1
entity_0463,entity_0640,1,tabicl,0.5059675574302673,1
entity_0716,entity_0817,1,tabicl,0.5027127265930176,1
entity_0762,entity_0278,0,tabicl,0.49945735931396484,0
entity_0197,entity_0727,0,tabicl,0.49186253547668457,0
entity_0510,entity_0876,0,tabicl,0.500542402267456,1
entity_0702,entity_0073,1,tabicl,0.5048826336860657,1
entity_0014,entity_0170,0,tabicl,0.5189794898033142,1
entity_0915,entity_0580,1,tabicl,0.5287225842475891,1
entity_0963,entity_0712,0,tabicl,0.5054252743721008,1
entity_0052,entity_0112,1,tabicl,0.5016276836395264,1
entity_0152,entity_0970,0,tabicl,0.4848136007785797,0
entity_0536,entity_0119,1,tabicl,0.5151863694190979,1
entity_0412,entity_0980,1,tabicl,0.4989149570465088,0
entity_0077,entity_0591,1,tabicl,0.524394690990448,1
entity_0209,entity_0907,0,tabicl,0.48643991351127625,0
entity_0568,entity_0286,1,tabicl,0.4810205101966858,0
entity_0119,entity_0006,1,tabicl,0.4929473102092743,0
entity_0613,entity_0863,1,tabicl,0.5070524215698242,1
entity_0208,entity_0883,0,tabicl,0.49186280369758606,0
entity_0298,entity_0966,1,tabicl,0.5113913416862488,1
entity_0962,entity_0296,1,tabicl,0.5075949430465698,1
entity_0818,entity_0603,1,tabicl,0.514102041721344,1
entity_0563,entity_0087,0,tabicl,0.5238533616065979,1
entity_0516,entity_0159,0,tabicl,0.5227706432342529,1
entity_0442,entity_0673,1,tabicl,0.5092219114303589,1
entity_0859,entity_0624,1,tabicl,0.5157282948493958,1
entity_0915,entity_0209,0,tabicl,0.48264580965042114,0
entity_0957,entity_0897,0,tabicl,0.5222293138504028,1
entity_0651,entity_0462,0,tabicl,0.5054252743721008,1
entity_0806,entity_0810,1,tabicl,0.49674490094184875,0
entity_0711,entity_0860,0,tabicl,0.4848136007785797,0
entity_0852,entity_0859,0,tabicl,0.4561675190925598,0
entity_0335,entity_0412,1,tabicl,0.5200631618499756,1
entity_0129,entity_0150,0,tabicl,0.5314255356788635,1
entity_0341,entity_0932,0,tabicl,0.5157282948493958,1
entity_0640,entity_0280,1,tabicl,0.4940324127674103,0
entity_0714,entity_0200,1,tabicl,0.49457499384880066,0
entity_0908,entity_0919,1,tabicl,0.5162703990936279,1
entity_0717,entity_0668,1,tabicl,0.49457499384880066,0
entity_0474,entity_0928,0,tabicl,0.4956599473953247,0
entity_0455,entity_0973,1,tabicl,0.4940324127674103,0
entity_0546,entity_0914,1,tabicl,0.5151863694190979,1
entity_0308,entity_0100,1,tabicl,0.48643991351127625,0
entity_0814,entity_0803,0,tabicl,0.49674490094184875,0
entity_0866,entity_0016,1,tabicl,0.48698219656944275,0
entity_0216,entity_0898,1,tabicl,0.47939538955688477,0
entity_0989,entity_0696,0,tabicl,0.5081372261047363,1
entity_0455,entity_0634,1,tabicl,0.5021703243255615,1
entity_0856,entity_0245,1,tabicl,0.4907780587673187,0
entity_0327,entity_0417,1,tabicl,0.5162701606750488,1
entity_0014,entity_0032,0,tabicl,0.5070524215698242,1
entity_0297,entity_0090,1,tabicl,0.48318779468536377,0
entity_0970,entity_0621,1,tabicl,0.5130177736282349,1
entity_0733,entity_0054,1,tabicl,0.503255307674408,1
entity_0936,entity_0869,1,tabicl,0.5065101385116577,1
entity_0831,entity_0477,1,tabicl,0.509222149848938,1
entity_0375,entity_0955,0,tabicl,0.5065101385116577,1
entity_0237,entity_0932,0,tabicl,0.49837231636047363,0
entity_0723,entity_0881,0,tabicl,0.48264580965042114,0
entity_0989,entity_0768,0,tabicl,0.5254770517349243,1
entity_0743,entity_0091,0,tabicl,0.49837231636047363,0
entity_0821,entity_0405,0,tabicl,0.5054252743721008,1
entity_0857,entity_0996,1,tabicl,0.5065099000930786,1
entity_0706,entity_0962,0,tabicl,0.5032550692558289,1
entity_0693,entity_0128,0,tabicl,0.4929475784301758,0
entity_0361,entity_0311,1,tabicl,0.5059675574302673,1
entity_0656,entity_0031,0,tabicl,0.5005426406860352,1
entity_0548,entity_0033,1,tabicl,0.503255307674408,1
entity_0008,entity_0785,1,tabicl,0.4972873032093048,0
entity_0466,entity_0658,0,tabicl,0.5016276836395264,1
entity_0525,entity_0504,0,tabicl,0.49511733651161194,0
entity_0649,entity_0348,1,tabicl,0.4924050569534302,0
entity_0777,entity_0451,0,tabicl,0.5216879844665527,1
entity_0117,entity_0031,1,tabicl,0.47452297806739807,0
entity_0879,entity_0090,1,tabicl,0.466953843832016,0
entity_0686,entity_0763,0,tabicl,0.4972873032093048,0
entity_0469,entity_0545,1,tabicl,0.5,1
entity_0438,entity_0551,1,tabicl,0.5092219114303589,1
entity_1000,entity_0693,0,tabicl,0.5184378623962402,1
entity_0799,entity_0671,0,tabicl,0.503797709941864,1
entity_0119,entity_0988,1,tabicl,0.4848136007785797,0
entity_0248,entity_0537,1,tabicl,0.511933445930481,1
entity_0842,entity_0258,0,tabicl,0.48643991351127625,0
entity_0101,entity_0855,0,tabicl,0.48752447962760925,0
entity_0403,entity_0396,1,tabicl,0.5086796879768372,1
entity_0769,entity_0429,0,tabicl,0.5173542499542236,1
entity_0026,entity_0577,0,tabicl,0.49511733651161194,0
entity_0147,entity_0110,1,tabicl,0.5162701606750488,1
entity_0932,entity_0228,0,tabicl,0.4907778203487396,0
entity_0281,entity_0371,0,tabicl,0.49837231636047363,0
entity_0792,entity_0373,0,tabicl,0.5195213556289673,1
entity_0542,entity_0701,0,tabicl,0.5195213556289673,1
entity_0818,entity_0344,1,tabicl,0.5151863694190979,1
entity_0613,entity_0571,1,tabicl,0.49837231636047363,0
entity_0725,entity_0632,0,tabicl,0.49945735931396484,0
entity_0675,entity_0253,1,tabicl,0.4929475784301758,0
entity_0129,entity_0472,0,tabicl,0.5357462763786316,1
entity_0653,entity_0381,0,tabicl,0.505424976348877,1
entity_0079,entity_0374,1,tabicl,0.4972873032093048,0
entity_0158,entity_0480,1,tabicl,0.5406003594398499,1
entity_0336,entity_0582,0,tabicl,0.5146442651748657,1
entity_0431,entity_0445,0,tabicl,0.49511733651161194,0
entity_0926,entity_0608,0,tabicl,0.5195213556289673,1
entity_0083,entity_0481,0,tabicl,0.511933445930481,1
entity_0872,entity_0629,0,tabicl,0.5173542499542236,1
entity_0804,entity_0300,1,tabicl,0.5157282948493958,1
entity_0395,entity_0164,1,tabicl,0.4907780587673187,0
entity_0926,entity_0966,1,tabicl,0.5189794898033142,1
entity_0299,entity_0683,1,tabicl,0.4929475784301758,0
entity_0580,entity_0491,0,tabicl,0.5065099000930786,1
entity_0702,entity_0907,0,tabicl,0.5,1
entity_0252,entity_0010,0,tabicl,0.5059675574302673,1
entity_0072,entity_0780,1,tabicl,0.5032550692558289,1
entity_0191,entity_0268,0,tabicl,0.4934898316860199,0
entity_0933,entity_0316,1,tabicl,0.5108489394187927,1
entity_0099,entity_0373,1,tabicl,0.473982036113739,0
entity_0349,entity_0603,0,tabicl,0.511933445930481,1
entity_0040,entity_0401,0,tabicl,0.4902355968952179,0
entity_0748,entity_0339,0,tabicl,0.5048826336860657,1
entity_0720,entity_0244,1,tabicl,0.49132028222084045,0
entity_0290,entity_0063,1,tabicl,0.49186253547668457,0
entity_0249,entity_0448,1,tabicl,0.5086796879768372,1
entity_0923,entity_0901,0,tabicl,0.5146442651748657,1
entity_0626,entity_0949,1,tabicl,0.5113911032676697,1
entity_0092,entity_0806,0,tabicl,0.49782970547676086,0
entity_0716,entity_0831,0,tabicl,0.5010850429534912,1
entity_0932,entity_0326,0,tabicl,0.5032550692558289,1
entity_0855,entity_0870,1,tabicl,0.45939940214157104,0
entity_0635,entity_0869,1,tabicl,0.5200628638267517,1
entity_0184,entity_0422,0,tabicl,0.49945759773254395,0
entity_0908,entity_0121,1,tabicl,0.478853702545166,0
entity_0322,entity_0903,0,tabicl,0.4956597089767456,0
entity_0368,entity_0176,0,tabicl,0.4583216905593872,0
entity_0718,entity_0598,1,tabicl,0.5010850429534912,1
entity_0599,entity_0418,1,tabicl,0.5135600566864014,1
entity_0406,entity_0677,0,tabicl,0.5027127265930176,1
entity_0670,entity_0615,0,tabicl,0.4902355968952179,0
entity_0779,entity_0469,0,tabicl,0.5162703990936279,1
entity_0141,entity_0592,0,tabicl,0.503797709941864,1
entity_0706,entity_0719,0,tabicl,0.49132028222084045,0
entity_0390,entity_0763,0,tabicl,0.49945735931396484,0
entity_0752,entity_0654,0,tabicl,0.5027124881744385,1
entity_0356,entity_0478,0,tabicl,0.5005426406860352,1
entity_0045,entity_0805,0,tabicl,0.5092219114303589,1
entity_0460,entity_0646,0,tabicl,0.49837231636047363,0
entity_0675,entity_0005,0,tabicl,0.4891510605812073,0
entity_0940,entity_0952,0,tabicl,0.5141022801399231,1
entity_0751,entity_0153,1,tabicl,0.48806658387184143,0
entity_0804,entity_0489,1,tabicl,0.5130177736282349,1
entity_0540,entity_0083,1,tabicl,0.5124757289886475,1
entity_0108,entity_0557,1,tabicl,0.5211460590362549,1
entity_0526,entity_0752,0,tabicl,0.5005426406860352,1
entity_0314,entity_0484,0,tabicl,0.5178959369659424,1
entity_0971,entity_0317,0,tabicl,0.5124754905700684,1
entity_0188,entity_0865,0,tabicl,0.48643991351127625,0
entity_0627,entity_0964,0,tabicl,0.5130177736282349,1
entity_0046,entity_0303,0,tabicl,0.503797709941864,1
entity_0095,entity_0412,0,tabicl,0.5157282948493958,1
entity_0807,entity_0788,0,tabicl,0.48643991351127625,0
entity_0862,entity_0251,1,tabicl,0.48535576462745667,0
entity_0039,entity_0468,0,tabicl,0.48427173495292664,0
entity_0766,entity_0758,1,tabicl,0.5065101385116577,1
entity_0760,entity_0165,1,tabicl,0.49186280369758606,0
entity_0294,entity_0405,1,tabicl,0.5108489394187927,1
entity_0742,entity_0376,1,tabicl,0.5265593528747559,1
entity_0819,entity_0026,0,tabicl,0.49186253547668457,0
entity_0764,entity_0801,1,tabicl,0.49782970547676086,0
entity_0680,entity_0020,1,tabicl,0.48806631565093994,0
entity_0768,entity_0582,0,tabicl,0.5238535404205322,1
entity_0774,entity_0236,1,tabicl,0.48372986912727356,0
entity_0485,entity_0605,1,tabicl,0.5065101385116577,1
entity_0010,entity_0009,0,tabicl,0.47344085574150085,0
entity_0285,entity_0286,1,tabicl,0.4929475784301758,0
entity_0371,entity_0230,1,tabicl,0.49186280369758606,0
entity_0606,entity_0551,0,tabicl,0.5005426406860352,1
entity_0653,entity_0228,1,tabicl,0.4956599473953247,0
entity_0189,entity_0821,0,tabicl,0.4924050569534302,0
entity_0786,entity_0539,0,tabicl,0.5086796879768372,1
entity_0038,entity_0912,0,tabicl,0.48752424120903015,0
entity_0982,entity_0064,0,tabicl,0.48698219656944275,0
entity_0423,entity_0793,0,tabicl,0.4929475784301758,0
entity_0971,entity_0275,1,tabicl,0.5168122053146362,1
entity_0814,entity_0224,1,tabicl,0.48372960090637207,0
entity_0111,entity_0145,0,tabicl,0.5108489394187927,1
entity_0224,entity_0681,0,tabicl,0.5010850429534912,1
entity_0332,entity_0731,0,tabicl,0.48535576462745667,0
entity_0103,entity_0283,1,tabicl,0.4972875416278839,0
entity_0480,entity_0141,1,tabicl,0.5216876864433289,1
entity_0702,entity_0011,1,tabicl,0.48427173495292664,0
entity_0380,entity_0331,0,tabicl,0.5162703990936279,1
entity_0369,entity_0501,0,tabicl,0.503797709941864,1
entity_0598,entity_0613,0,tabicl,0.49511733651161194,0
entity_0411,entity_0487,0,tabicl,0.4972873032093048,0
