entity_1,entity_2,label,model,positive_proba,prediction
entity_0973,entity_0270,0,tabpfn,4.649140464607626e-06,0
entity_0879,entity_0878,1,tabpfn,0.9981096982955933,1
entity_0344,entity_0318,0,tabpfn,0.0014981722924858332,0
entity_0981,entity_0989,1,tabpfn,0.935546875,1
entity_0008,entity_0001,1,tabpfn,0.9641789197921753,1
entity_0370,entity_0365,1,tabpfn,0.9925054311752319,1
entity_0369,entity_0364,1,tabpfn,0.9974862933158875,1
entity_0672,entity_0074,0,tabpfn,3.7550782963080565e-06,0
entity_0457,entity_0459,1,tabpfn,0.9992478489875793,1
entity_0039,entity_0031,1,tabpfn,0.9383333921432495,1
entity_0659,entity_0656,1,tabpfn,0.9985837340354919,1
entity_0284,entity_0681,0,tabpfn,1.84774046374514e-06,0
entity_0959,entity_0111,0,tabpfn,3.0398275612242287e-06,0
entity_0195,entity_0642,0,tabpfn,3.3974533835134935e-06,0
entity_0230,entity_0274,0,tabpfn,0.00011710941907949746,0
entity_0470,entity_0468,1,tabpfn,0.9990520477294922,1
entity_0849,entity_0850,1,tabpfn,0.9976739287376404,1
entity_0612,entity_0353,0,tabpfn,4.410724159242818e-06,0
entity_0635,entity_0654,0,tabpfn,0.003638292197138071,0
entity_0202,entity_0813,0,tabpfn,5.602805231319508e-06,0
entity_0280,entity_0178,0,tabpfn,6.318052328424528e-06,0
entity_0793,entity_0239,0,tabpfn,4.827953034691745e-06,0
entity_0148,entity_0143,1,tabpfn,0.9937660694122314,1
entity_0923,entity_0512,0,tabpfn,5.722013156628236e-06,0
entity_0164,entity_0344,0,tabpfn,2.622597548906924e-06,0
entity_0139,entity_0131,1,tabpfn,0.9836986660957336,1
entity_0716,entity_0525,0,tabpfn,4.351120423962129e-06,0
entity_0972,entity_0977,1,tabpfn,0.9944175481796265,1
entity_0694,entity_0700,1,tabpfn,0.9837737083435059,1
entity_0996,entity_0044,0,tabpfn,5.995867832098156e-05,0
entity_0946,entity_0122,0,tabpfn,2.5629929041315336e-06,0
entity_0694,entity_0383,0,tabpfn,4.410724159242818e-06,0
entity_0362,entity_0018,0,tabpfn,3.3974533835134935e-06,0
entity_0702,entity_0710,1,tabpfn,0.935546875,1
entity_0760,entity_0089,0,tabpfn,4.231911589158699e-06,0
entity_0047,entity_0048,1,tabpfn,0.9912185072898865,1
entity_0847,entity_0123,0,tabpfn,3.874287358485162e-06,0
entity_0555,entity_0970,0,tabpfn,1.037110087054316e-05,0
entity_0862,entity_0865,1,tabpfn,0.9975186586380005,1
entity_0150,entity_0143,1,tabpfn,0.9615431427955627,1
entity_0577,entity_0573,1,tabpfn,0.9982277750968933,1
entity_0674,entity_0671,1,tabpfn,0.9979555010795593,1
entity_0595,entity_0592,1,tabpfn,0.9973512291908264,1
entity_0451,entity_0458,1,tabpfn,0.989310622215271,1
entity_0945,entity_0947,1,tabpfn,0.9969010949134827,1
entity_0526,entity_0530,1,tabpfn,0.9959607720375061,1
entity_0877,entity_0321,0,tabpfn,3.0398275612242287e-06,0
entity_0172,entity_0418,0,tabpfn,2.741806156336679e-06,0
entity_0611,entity_0619,1,tabpfn,0.9508286714553833,1
entity_0918,entity_0857,0,tabpfn,6.0435457271523774e-05,0
entity_0501,entity_0922,0,tabpfn,2.861014763766434e-06,0
entity_0628,entity_0345,0,tabpfn,4.11270366384997e-06,0
entity_0859,entity_0853,1,tabpfn,0.9967527985572815,1
entity_0207,entity_0863,0,tabpfn,5.841221081936965e-06,0
entity_0549,entity_0548,1,tabpfn,0.9985132813453674,1
entity_0957,entity_0952,1,tabpfn,0.9956244826316833,1
entity_0029,entity_0024,1,tabpfn,0.9841347336769104,1
entity_0671,entity_0677,1,tabpfn,0.993137538433075,1
entity_0654,entity_0395,0,tabpfn,4.053099473821931e-06,0
entity_0172,entity_0175,1,tabpfn,0.9972605109214783,1
entity_0373,entity_0372,1,tabpfn,0.9991883039474487,1
entity_0761,entity_0567,0,tabpfn,3.3378489661117783e-06,0
entity_0287,entity_0332,0,tabpfn,6.281935202423483e-05,0
entity_0836,entity_0838,1,tabpfn,0.9988329410552979,1
entity_0231,entity_0239,1,tabpfn,0.9354326725006104,1
entity_0356,entity_0360,1,tabpfn,0.9982895255088806,1
entity_0307,entity_0222,0,tabpfn,1.239761240867665e-05,0
entity_0838,entity_0839,1,tabpfn,0.9987977147102356,1
entity_0664,entity_0663,1,tabpfn,0.9985780119895935,1
entity_0282,entity_0284,1,tabpfn,0.9979650378227234,1
entity_0643,entity_0194,0,tabpfn,4.17230785387801e-06,0
entity_0777,entity_0147,0,tabpfn,4.17230785387801e-06,0
entity_0449,entity_0273,0,tabpfn,2.9206191811681492e-06,0
entity_0059,entity_0057,1,tabpfn,0.9951513409614563,1
entity_0877,entity_0023,0,tabpfn,3.933891093765851e-06,0
entity_0877,entity_0876,1,tabpfn,0.998477041721344,1
entity_0153,entity_0157,1,tabpfn,0.9946668744087219,1
entity_0511,entity_0702,0,tabpfn,2.443784524075454e-06,0
entity_0442,entity_0450,1,tabpfn,0.9647259712219238,1
entity_0611,entity_0844,0,tabpfn,2.741806156336679e-06,0
entity_0924,entity_0882,0,tabpfn,0.00010572746396064758,0
entity_0197,entity_0196,1,tabpfn,0.9965174198150635,1
entity_0463,entity_0468,1,tabpfn,0.9976176023483276,1
entity_0970,entity_0966,1,tabpfn,0.9973645806312561,1
entity_0850,entity_0843,1,tabpfn,0.9971901178359985,1
entity_0412,entity_0246,0,tabpfn,2.503388714103494e-06,0
entity_0646,entity_0284,0,tabpfn,4.053099473821931e-06,0
entity_0692,entity_0694,1,tabpfn,0.9979840517044067,1
entity_0554,entity_0552,1,tabpfn,0.9990782141685486,1
entity_0923,entity_0925,1,tabpfn,0.9953145980834961,1
entity_0537,entity_0534,1,tabpfn,0.9990477561950684,1
entity_0915,entity_0916,1,tabpfn,0.9951779246330261,1
entity_0931,entity_0932,1,tabpfn,0.9975624084472656,1
entity_0328,entity_0409,0,tabpfn,1.72850486706011e-05,0
entity_0471,entity_0381,0,tabpfn,1.8953916878672317e-05,0
entity_0337,entity_0290,0,tabpfn,5.054218490840867e-05,0
entity_0049,entity_0050,1,tabpfn,0.9925357103347778,1
entity_0346,entity_0341,1,tabpfn,0.9978147149085999,1
entity_0099,entity_0719,0,tabpfn,4.768348844663706e-06,0
entity_0398,entity_0135,0,tabpfn,1.6689273252268322e-06,0
entity_0676,entity_0476,0,tabpfn,5.483597306010779e-06,0
entity_0949,entity_0947,1,tabpfn,0.9984923005104065,1
entity_0564,entity_0221,0,tabpfn,3.8146827137097716e-06,0
entity_0329,entity_0062,0,tabpfn,1.7881361600302625e-06,0
entity_0042,entity_0048,1,tabpfn,0.95947265625,1
entity_0335,entity_0332,1,tabpfn,0.9988377094268799,1
entity_0957,entity_0960,1,tabpfn,0.996792733669281,1
entity_0698,entity_0697,1,tabpfn,0.9978109002113342,1
entity_0120,entity_0255,0,tabpfn,2.384180106673739e-06,0
entity_0350,entity_0346,1,tabpfn,0.9976727962493896,1
entity_0822,entity_0829,1,tabpfn,0.9905564188957214,1
entity_0957,entity_0012,0,tabpfn,2.5867746444419026e-05,0
entity_0484,entity_0894,0,tabpfn,2.741806156336679e-06,0
entity_0827,entity_0822,1,tabpfn,0.9972491264343262,1
entity_0887,entity_0882,1,tabpfn,0.9967775344848633,1
entity_0768,entity_0764,1,tabpfn,0.9940989017486572,1
entity_0340,entity_0339,1,tabpfn,0.9991196990013123,1
entity_0555,entity_0025,0,tabpfn,7.98695873527322e-06,0
entity_0212,entity_0422,0,tabpfn,3.933891093765851e-06,0
entity_0422,entity_0063,0,tabpfn,2.3245756892720237e-06,0
entity_0401,entity_0125,0,tabpfn,2.2649712718703086e-06,0
entity_0466,entity_0553,0,tabpfn,5.006765150028514e-06,0
entity_0590,entity_0869,0,tabpfn,3.099431978625944e-06,0
entity_0587,entity_0516,0,tabpfn,2.515252708690241e-05,0
entity_0659,entity_0651,1,tabpfn,0.9804537892341614,1
entity_0263,entity_0262,1,tabpfn,0.9972947835922241,1
entity_0830,entity_0828,1,tabpfn,0.9984475374221802,1
entity_0511,entity_0516,1,tabpfn,0.9924561977386475,1
entity_0887,entity_0890,1,tabpfn,0.9963902235031128,1
entity_0007,entity_0004,1,tabpfn,0.9742400050163269,1
entity_0860,entity_0973,0,tabpfn,8.344580237462651e-06,0
entity_0847,entity_0846,1,tabpfn,0.9983923435211182,1
entity_0647,entity_0644,1,tabpfn,0.9972224831581116,1
entity_0924,entity_0682,0,tabpfn,4.17230785387801e-06,0
entity_0346,entity_0349,1,tabpfn,0.9981592297554016,1
entity_0198,entity_0197,1,tabpfn,0.9962666630744934,1
entity_0878,entity_0415,0,tabpfn,2.9206191811681492e-06,0
entity_0119,entity_0432,0,tabpfn,2.741806156336679e-06,0
entity_0696,entity_0229,0,tabpfn,5.245181455393322e-06,0
entity_0779,entity_0776,1,tabpfn,0.9957974553108215,1
entity_0134,entity_0131,1,tabpfn,0.9974977374076843,1
entity_0941,entity_0950,1,tabpfn,0.8955078125,1
entity_0921,entity_0926,1,tabpfn,0.9909418821334839,1
entity_0746,entity_0741,1,tabpfn,0.9954611659049988,1
entity_0941,entity_0100,0,tabpfn,2.861014763766434e-06,0
entity_0854,entity_0851,1,tabpfn,0.9983220100402832,1
entity_0204,entity_0673,0,tabpfn,2.622597548906924e-06,0
entity_0319,entity_0214,0,tabpfn,5.006765150028514e-06,0
entity_0982,entity_0989,1,tabpfn,0.9839468002319336,1
entity_0565,entity_0570,1,tabpfn,0.9938828349113464,1
entity_0293,entity_0291,1,tabpfn,0.9978889226913452,1
entity_0005,entity_0010,1,tabpfn,0.9701112508773804,1
entity_0601,entity_0627,0,tabpfn,8.784952660789713e-05,0
entity_0225,entity_0226,1,tabpfn,0.9977051019668579,1
entity_0755,entity_0676,0,tabpfn,1.090752994059585e-05,0
entity_0927,entity_0055,0,tabpfn,3.8146827137097716e-06,0
entity_0304,entity_0054,0,tabpfn,2.1457626644405536e-06,0
entity_0482,entity_0400,0,tabpfn,1.5496967535000294e-05,0
entity_0335,entity_0338,1,tabpfn,0.9985294342041016,1
entity_0729,entity_0730,1,tabpfn,0.9974311590194702,1
entity_0848,entity_0843,1,tabpfn,0.9971349835395813,1
entity_0763,entity_0764,1,tabpfn,0.9959151744842529,1
entity_0165,entity_0361,0,tabpfn,2.861014763766434e-06,0
entity_0831,entity_0932,0,tabpfn,3.874287358485162e-06,0
entity_0868,entity_0185,0,tabpfn,3.5166615361958975e-06,0
entity_0692,entity_0321,0,tabpfn,5.006765150028514e-06,0
entity_0321,entity_0892,0,tabpfn,3.695474333653692e-06,0
entity_0646,entity_0575,0,tabpfn,8.761805474932771e-06,0
entity_0854,entity_0856,1,tabpfn,0.9979174733161926,1
entity_0267,entity_0262,1,tabpfn,0.992414653301239,1
entity_0182,entity_0190,1,tabpfn,0.9713544249534607,1
entity_0016,entity_0011,1,tabpfn,0.9916311502456665,1
entity_0545,entity_0024,0,tabpfn,3.933891093765851e-06,0
entity_0730,entity_0724,1,tabpfn,0.9927401542663574,1
entity_0311,entity_0328,0,tabpfn,0.025569047778844833,0
entity_0661,entity_0670,1,tabpfn,0.9781168699264526,1
entity_0168,entity_0056,0,tabpfn,1.2814834008167963e-05,0
entity_0533,entity_0652,0,tabpfn,3.933891093765851e-06,0
entity_0555,entity_0557,1,tabpfn,0.998106837272644,1
entity_0942,entity_0648,0,tabpfn,4.17230785387801e-06,0
entity_0473,entity_0479,1,tabpfn,0.9952918291091919,1
entity_0103,entity_0822,0,tabpfn,5.602805231319508e-06,0
entity_0727,entity_0722,1,tabpfn,0.9970684051513672,1
entity_0475,entity_0552,0,tabpfn,1.5139350580284372e-05,0
entity_0428,entity_0425,1,tabpfn,0.9978679418563843,1
entity_0096,entity_0704,0,tabpfn,4.410724159242818e-06,0
entity_0647,entity_0302,0,tabpfn,4.470327894523507e-06,0
entity_0924,entity_0925,1,tabpfn,0.995755672454834,1
entity_0021,entity_0026,1,tabpfn,0.9890691637992859,1
entity_0545,entity_0714,0,tabpfn,3.8146827137097716e-06,0
entity_0930,entity_0928,1,tabpfn,0.9968516826629639,1
entity_0322,entity_0327,1,tabpfn,0.9978070855140686,1
entity_0614,entity_0581,0,tabpfn,0.0003579129697754979,0
entity_0793,entity_0137,0,tabpfn,4.231911589158699e-06,0
entity_0110,entity_0102,1,tabpfn,0.9849684834480286,1
entity_0521,entity_0356,0,tabpfn,5.543201496038819e-06,0
entity_0759,entity_0118,0,tabpfn,3.933891093765851e-06,0
entity_0728,entity_0724,1,tabpfn,0.996165931224823,1
entity_0163,entity_0162,1,tabpfn,0.9974013566970825,1
entity_0392,entity_0394,1,tabpfn,0.9983904361724854,1
entity_0141,entity_0336,0,tabpfn,2.5629929041315336e-06,0
entity_0405,entity_0043,0,tabpfn,3.5762659535976127e-06,0
entity_0497,entity_0730,0,tabpfn,1.907344994833693e-06,0
entity_0079,entity_0073,1,tabpfn,0.993667483329773,1
entity_0134,entity_0681,0,tabpfn,4.470327894523507e-06,0
entity_0125,entity_0359,0,tabpfn,2.0265538296371233e-06,0
entity_0439,entity_0440,1,tabpfn,0.9989500641822815,1
entity_0809,entity_0807,1,tabpfn,0.9978832006454468,1
entity_0694,entity_0698,1,tabpfn,0.996652364730835,1
entity_0071,entity_0072,1,tabpfn,0.9971197843551636,1
entity_0577,entity_0140,0,tabpfn,3.2186403586820234e-06,0
entity_0156,entity_0160,1,tabpfn,0.9965478181838989,1
entity_0194,entity_0196,1,tabpfn,0.996487021446228,1
entity_0322,entity_0127,0,tabpfn,2.086158019665163e-06,0
entity_0444,entity_0450,1,tabpfn,0.995029866695404,1
entity_0184,entity_0190,1,tabpfn,0.9814902544021606,1
entity_0535,entity_0536,1,tabpfn,0.9979174733161926,1
entity_0180,entity_0641,0,tabpfn,3.099431978625944e-06,0
entity_0307,entity_0302,1,tabpfn,0.9950602650642395,1
entity_0043,entity_0044,1,tabpfn,0.9939624071121216,1
entity_0080,entity_0594,0,tabpfn,3.5762659535976127e-06,0
entity_0381,entity_0694,0,tabpfn,1.6093226804514416e-06,0
entity_0216,entity_0212,1,tabpfn,0.9958392381668091,1
entity_0332,entity_0095,0,tabpfn,1.84774046374514e-06,0
entity_0655,entity_0781,0,tabpfn,7.688940968364477e-06,0
entity_0458,entity_0226,0,tabpfn,1.728531856315385e-06,0
entity_0913,entity_0919,1,tabpfn,0.9937319755554199,1
entity_0397,entity_0399,1,tabpfn,0.9992693066596985,1
entity_0434,entity_0278,0,tabpfn,7.390921382466331e-06,0
entity_0081,entity_0825,0,tabpfn,5.900824817217654e-06,0
entity_0936,entity_0444,0,tabpfn,5.423993115982739e-06,0
entity_0995,entity_1000,1,tabpfn,0.9982677698135376,1
entity_0445,entity_0042,0,tabpfn,2.6822019663086394e-06,0
entity_0911,entity_0786,0,tabpfn,7.152506441343576e-06,0
entity_0432,entity_0341,0,tabpfn,2.485452023393009e-05,0
entity_0083,entity_0084,1,tabpfn,0.9975453019142151,1
entity_0820,entity_0811,1,tabpfn,0.9788740873336792,1
entity_0011,entity_0015,1,tabpfn,0.9713396430015564,1
entity_0213,entity_0950,0,tabpfn,6.675675649603363e-06,0
entity_0933,entity_0055,0,tabpfn,6.4968644437612966e-06,0
entity_0103,entity_0062,0,tabpfn,0.0002396724303252995,0
entity_0338,entity_0518,0,tabpfn,4.17230785387801e-06,0
entity_0012,entity_0019,1,tabpfn,0.9456564784049988,1
entity_0835,entity_0831,1,tabpfn,0.9982020258903503,1
entity_0085,entity_0090,1,tabpfn,0.9943341016769409,1
entity_0907,entity_0904,1,tabpfn,0.9965212345123291,1
entity_0736,entity_0322,0,tabpfn,5.125973075337242e-06,0
entity_0236,entity_0238,1,tabpfn,0.9976442456245422,1
entity_0518,entity_0520,1,tabpfn,0.9976328015327454,1
entity_0106,entity_0102,1,tabpfn,0.9963521957397461,1
entity_0126,entity_0124,1,tabpfn,0.9973645806312561,1
entity_0064,entity_0109,0,tabpfn,7.974465552251786e-05,0
entity_0386,entity_0204,0,tabpfn,2.3245756892720237e-06,0
entity_0380,entity_0371,1,tabpfn,0.736944854259491,1
entity_0075,entity_0080,1,tabpfn,0.9958999752998352,1
entity_0973,entity_0980,1,tabpfn,0.9670920372009277,1
entity_0983,entity_0987,1,tabpfn,0.9961013793945312,1
entity_0482,entity_0056,0,tabpfn,3.5762659535976127e-06,0
entity_0024,entity_0030,1,tabpfn,0.9787994027137756,1
entity_0853,entity_0858,1,tabpfn,0.9958202242851257,1
entity_0970,entity_0967,1,tabpfn,0.9976404309272766,1
entity_0894,entity_0888,0,tabpfn,0.9950564503669739,1
entity_0008,entity_0609,0,tabpfn,5.423993115982739e-06,0
entity_0012,entity_0020,1,tabpfn,0.8787453174591064,1
entity_0901,entity_0877,0,tabpfn,0.0009417861583642662,0
entity_0434,entity_0160,0,tabpfn,1.7881361600302625e-06,0
entity_0559,entity_0555,1,tabpfn,0.9986189603805542,1
entity_0280,entity_0272,1,tabpfn,0.9912638664245605,1
entity_0214,entity_0212,1,tabpfn,0.9957346320152283,1
entity_0334,entity_0231,0,tabpfn,4.410724159242818e-06,0
entity_0111,entity_0164,0,tabpfn,4.2198309529339895e-05,0
entity_0086,entity_0269,0,tabpfn,3.159036396027659e-06,0
entity_0260,entity_0252,1,tabpfn,0.9742823243141174,1
entity_0271,entity_0280,1,tabpfn,0.9775689244270325,1
entity_0921,entity_0704,0,tabpfn,2.801410346364719e-06,0
entity_0028,entity_0649,0,tabpfn,5.602805231319508e-06,0
entity_0735,entity_0736,1,tabpfn,0.9967832565307617,1
entity_0128,entity_0849,0,tabpfn,6.1988448578631505e-06,0
entity_0390,entity_0382,1,tabpfn,0.9830001592636108,1
entity_0567,entity_0451,0,tabpfn,1.4245306374505162e-05,0
entity_0408,entity_0409,1,tabpfn,0.9989596009254456,1
entity_0817,entity_0165,0,tabpfn,4.053099473821931e-06,0
entity_0503,entity_0510,1,tabpfn,0.9704661965370178,1
entity_0421,entity_0818,0,tabpfn,1.728531856315385e-06,0
entity_0019,entity_0014,1,tabpfn,0.993054211139679,1
entity_0531,entity_0532,1,tabpfn,0.998399019241333,1
entity_0247,entity_0015,0,tabpfn,4.2915162339340895e-06,0
entity_0876,entity_0027,0,tabpfn,3.5762659535976127e-06,0
entity_0607,entity_0386,0,tabpfn,4.351120423962129e-06,0
entity_0755,entity_0757,1,tabpfn,0.9950070977210999,1
entity_0228,entity_0003,0,tabpfn,5.960429007245693e-06,0
entity_0625,entity_0624,1,tabpfn,0.9984294772148132,1
entity_0129,entity_0123,1,tabpfn,0.9935234785079956,1
entity_0999,entity_0310,0,tabpfn,6.1988448578631505e-06,0
entity_0862,entity_0444,0,tabpfn,3.5166615361958975e-06,0
entity_0878,entity_0880,1,tabpfn,0.9970417618751526,1
entity_0002,entity_0008,1,tabpfn,0.9727156162261963,1
entity_0828,entity_0751,0,tabpfn,1.2278405847609974e-05,0
entity_0928,entity_0917,0,tabpfn,0.9144949913024902,1
entity_0025,entity_0970,0,tabpfn,1.0847928024304565e-05,0
entity_0069,entity_0501,0,tabpfn,2.861014763766434e-06,0
entity_0021,entity_0906,0,tabpfn,5.185576810617931e-06,0
entity_0983,entity_0989,1,tabpfn,0.9873046875,1
entity_0891,entity_0046,0,tabpfn,3.3974533835134935e-06,0
entity_0367,entity_0418,0,tabpfn,5.7097990065813065e-05,0
entity_0897,entity_0894,1,tabpfn,0.9966580867767334,1
entity_0978,entity_0977,1,tabpfn,0.9980963468551636,1
entity_0848,entity_0172,0,tabpfn,3.3378489661117783e-06,0
entity_0091,entity_0095,1,tabpfn,0.9974139928817749,1
entity_0088,entity_0087,1,tabpfn,0.9974387288093567,1
entity_0192,entity_0198,1,tabpfn,0.9797711968421936,1
entity_0570,entity_0562,1,tabpfn,0.9915705919265747,1
entity_0306,entity_0688,0,tabpfn,2.3245756892720237e-06,0
entity_0559,entity_0393,0,tabpfn,6.616071459575323e-06,0
entity_0839,entity_0375,0,tabpfn,2.5629929041315336e-06,0
entity_0143,entity_0141,1,tabpfn,0.9969010949134827,1
entity_0724,entity_0721,1,tabpfn,0.9977195858955383,1
entity_0584,entity_0701,0,tabpfn,5.125973075337242e-06,0
entity_0168,entity_0164,1,tabpfn,0.9959645867347717,1
entity_0303,entity_0308,1,tabpfn,0.9974108338356018,1
entity_0512,entity_0227,0,tabpfn,2.443784524075454e-06,0
entity_0805,entity_0752,0,tabpfn,4.1006314859259874e-05,0
entity_0370,entity_0958,0,tabpfn,4.589536729326937e-06,0
entity_0643,entity_0645,1,tabpfn,0.9978060126304626,1
entity_0385,entity_0383,1,tabpfn,0.9989262819290161,1
entity_0911,entity_0243,0,tabpfn,3.5166615361958975e-06,0
entity_0969,entity_0960,0,tabpfn,0.8357334733009338,1
entity_0773,entity_0823,0,tabpfn,1.597379014128819e-05,0
entity_0816,entity_0422,0,tabpfn,3.4570573461678578e-06,0
entity_0841,entity_0843,1,tabpfn,0.9977899789810181,1
entity_0217,entity_0213,1,tabpfn,0.9955447316169739,1
entity_0953,entity_0955,1,tabpfn,0.9973289966583252,1
entity_0751,entity_0754,1,tabpfn,0.9945226907730103,1
entity_0288,entity_0782,0,tabpfn,2.443784524075454e-06,0
entity_0320,entity_0489,0,tabpfn,4.231911589158699e-06,0
entity_0699,entity_0065,0,tabpfn,5.125973075337242e-06,0
entity_0482,entity_0487,1,tabpfn,0.996910572052002,1
entity_0837,entity_0839,1,tabpfn,0.9986141920089722,1
entity_0840,entity_0832,1,tabpfn,0.9919907450675964,1
entity_0438,entity_0440,1,tabpfn,0.9988253116607666,1
entity_0840,entity_0681,0,tabpfn,2.503388714103494e-06,0
entity_0358,entity_0355,1,tabpfn,0.9988405704498291,1
entity_0527,entity_0530,1,tabpfn,0.9979041218757629,1
entity_0711,entity_0717,1,tabpfn,0.9876196384429932,1
entity_0270,entity_0847,0,tabpfn,3.4570573461678578e-06,0
entity_0755,entity_0549,0,tabpfn,3.5762659535976127e-06,0
entity_0769,entity_0768,1,tabpfn,0.9957687854766846,1
entity_0387,entity_0385,1,tabpfn,0.9985370635986328,1
entity_0738,entity_0735,1,tabpfn,0.9973670840263367,1
entity_0519,entity_0618,0,tabpfn,4.351120423962129e-06,0
entity_0830,entity_0823,1,tabpfn,0.9940951466560364,1
entity_0407,entity_0314,0,tabpfn,1.0192289664701093e-05,0
entity_0545,entity_0542,1,tabpfn,0.9984789490699768,1
entity_0192,entity_0175,0,tabpfn,0.026072097942233086,0
entity_0520,entity_0516,1,tabpfn,0.9985437393188477,1
entity_0444,entity_0678,0,tabpfn,1.6689273252268322e-06,0
entity_0040,entity_0406,0,tabpfn,4.231911589158699e-06,0
entity_0751,entity_0759,1,tabpfn,0.9719021320343018,1
entity_0160,entity_0155,1,tabpfn,0.9897310137748718,1
entity_0315,entity_0313,1,tabpfn,0.9984189867973328,1
entity_0982,entity_0241,0,tabpfn,4.589536729326937e-06,0
entity_0905,entity_0902,1,tabpfn,0.9964166879653931,1
entity_0955,entity_0958,1,tabpfn,0.9958106279373169,1
entity_0943,entity_0948,1,tabpfn,0.9934710264205933,1
entity_0384,entity_0388,1,tabpfn,0.9958354234695435,1
entity_0357,entity_0027,0,tabpfn,2.741806156336679e-06,0
entity_0543,entity_0549,1,tabpfn,0.9849910140037537,1
entity_0885,entity_0890,1,tabpfn,0.9944592714309692,1
entity_0422,entity_0421,1,tabpfn,0.9986942410469055,1
entity_0136,entity_0132,1,tabpfn,0.9972643256187439,1
entity_0296,entity_0827,0,tabpfn,3.0398275612242287e-06,0
entity_0916,entity_0952,0,tabpfn,0.00012932535901200026,0
entity_0540,entity_0063,0,tabpfn,4.053099473821931e-06,0
entity_0553,entity_0519,0,tabpfn,0.0001263458834728226,0
entity_0751,entity_0753,1,tabpfn,0.9946364760398865,1
entity_0053,entity_0060,1,tabpfn,0.9507126212120056,1
entity_0248,entity_0247,1,tabpfn,0.9975776076316833,1
entity_0643,entity_0989,0,tabpfn,2.741806156336679e-06,0
entity_0434,entity_0439,1,tabpfn,0.9975433945655823,1
entity_0101,entity_0681,0,tabpfn,4.470327894523507e-06,0
entity_0702,entity_0705,1,tabpfn,0.9973112940788269,1
entity_0818,entity_0819,1,tabpfn,0.9983039498329163,1
entity_0006,entity_0515,0,tabpfn,1.0192289664701093e-05,0
entity_0273,entity_0275,1,tabpfn,0.997714638710022,1
entity_0194,entity_0996,0,tabpfn,2.539093475206755e-05,0
entity_0941,entity_0204,0,tabpfn,3.2186403586820234e-06,0
entity_0171,entity_0711,0,tabpfn,5.245181455393322e-06,0
entity_0374,entity_0373,1,tabpfn,0.9990987181663513,1
entity_0562,entity_0567,1,tabpfn,0.9953411817550659,1
entity_0441,entity_0410,0,tabpfn,5.048258390161209e-05,0
entity_0456,entity_0519,0,tabpfn,0.00010840909089893103,0
entity_0586,entity_0467,0,tabpfn,1.1205547707504593e-05,0
entity_0494,entity_0348,0,tabpfn,6.437260253733257e-06,0
entity_0825,entity_0008,0,tabpfn,9.596255949873012e-06,0
entity_0659,entity_0660,1,tabpfn,0.9973176121711731,1
entity_0546,entity_0548,1,tabpfn,0.9988100528717041,1
entity_0973,entity_0978,1,tabpfn,0.9873574376106262,1
entity_0070,entity_0068,1,tabpfn,0.9966352581977844,1
entity_0790,entity_0786,1,tabpfn,0.994499921798706,1
entity_0946,entity_0943,1,tabpfn,0.9977842569351196,1
entity_0361,entity_0046,0,tabpfn,2.2649712718703086e-06,0
entity_0702,entity_0961,0,tabpfn,2.384180106673739e-06,0
entity_0534,entity_0548,0,tabpfn,0.0370212122797966,0
entity_0927,entity_0926,1,tabpfn,0.9965364336967468,1
entity_0769,entity_0844,0,tabpfn,1.3768482858722564e-05,0
entity_0769,entity_0928,0,tabpfn,2.741806156336679e-06,0
entity_0467,entity_0464,1,tabpfn,0.9983742237091064,1
entity_0682,entity_0829,0,tabpfn,3.7550782963080565e-06,0
entity_0635,entity_0633,1,tabpfn,0.9988548159599304,1
entity_0775,entity_0661,0,tabpfn,3.8146827137097716e-06,0
entity_0969,entity_0766,0,tabpfn,2.205367081842269e-06,0
entity_0028,entity_0658,0,tabpfn,4.529932539298898e-06,0
entity_0567,entity_0569,1,tabpfn,0.99738609790802,1
entity_0004,entity_0434,0,tabpfn,1.1443960829637945e-05,0
entity_0112,entity_0253,0,tabpfn,2.205367081842269e-06,0
entity_0376,entity_0229,0,tabpfn,2.741806156336679e-06,0
entity_0753,entity_0754,1,tabpfn,0.9958316087722778,1
entity_0750,entity_0156,0,tabpfn,4.17230785387801e-06,0
entity_0647,entity_0097,0,tabpfn,5.245181455393322e-06,0
entity_0849,entity_0847,1,tabpfn,0.9986151456832886,1
entity_0613,entity_0218,0,tabpfn,3.7550782963080565e-06,0
entity_0210,entity_0205,1,tabpfn,0.9914000034332275,1
entity_0295,entity_0021,0,tabpfn,2.741806156336679e-06,0
entity_0197,entity_0360,0,tabpfn,2.801410346364719e-06,0
entity_0361,entity_0367,1,tabpfn,0.9955750703811646,1
entity_0807,entity_0803,1,tabpfn,0.9970284700393677,1
entity_0679,entity_0083,0,tabpfn,4.053099473821931e-06,0
entity_0740,entity_0372,0,tabpfn,7.510128853027709e-06,0
entity_0417,entity_0419,1,tabpfn,0.9988319873809814,1
entity_0336,entity_0334,1,tabpfn,0.9981944561004639,1
entity_0497,entity_0496,1,tabpfn,0.9988186359405518,1
entity_0555,entity_0240,0,tabpfn,4.053099473821931e-06,0
entity_0147,entity_0628,0,tabpfn,3.099431978625944e-06,0
entity_0435,entity_0440,1,tabpfn,0.9982343912124634,1
entity_0221,entity_0225,1,tabpfn,0.9948831796646118,1
entity_0108,entity_0412,0,tabpfn,2.0265538296371233e-06,0
entity_0666,entity_0668,1,tabpfn,0.9982172846794128,1
entity_0320,entity_0318,1,tabpfn,0.9979174733161926,1
entity_0086,entity_0087,1,tabpfn,0.9977165460586548,1
entity_0047,entity_0046,1,tabpfn,0.99462890625,1
entity_0069,entity_0744,0,tabpfn,5.841221081936965e-06,0
entity_0271,entity_0903,0,tabpfn,5.245181455393322e-06,0
entity_0997,entity_1000,1,tabpfn,0.9988052845001221,1
entity_0970,entity_0486,0,tabpfn,1.186118333862396e-05,0
entity_0671,entity_0937,0,tabpfn,1.490113959334849e-06,0
entity_0816,entity_0820,1,tabpfn,0.9969752430915833,1
entity_0141,entity_0150,1,tabpfn,0.9835034608840942,1
entity_0254,entity_0630,0,tabpfn,2.384180106673739e-06,0
entity_0917,entity_0919,1,tabpfn,0.9976537227630615,1
entity_0598,entity_0305,0,tabpfn,3.8146827137097716e-06,0
entity_0948,entity_0942,1,tabpfn,0.9969239234924316,1
entity_0920,entity_0690,0,tabpfn,3.3974533835134935e-06,0
entity_0175,entity_0177,1,tabpfn,0.9974032044410706,1
entity_0575,entity_0630,0,tabpfn,1.4900939277140424e-05,0
entity_0476,entity_0315,0,tabpfn,6.1988448578631505e-06,0
entity_0194,entity_0997,0,tabpfn,2.8430609745555557e-05,0
entity_0066,entity_0526,0,tabpfn,3.0398275612242287e-06,0
entity_0471,entity_0545,0,tabpfn,2.6165753297391348e-05,0
entity_0531,entity_0537,1,tabpfn,0.992997407913208,1
entity_0437,entity_0433,1,tabpfn,0.998205840587616,1
entity_0380,entity_0540,0,tabpfn,7.152506441343576e-06,0
entity_0417,entity_0916,0,tabpfn,3.3974533835134935e-06,0
entity_0729,entity_0775,0,tabpfn,2.413929905742407e-05,0
entity_0955,entity_0180,0,tabpfn,3.159036396027659e-06,0
entity_0743,entity_0629,0,tabpfn,3.2186403586820234e-06,0
entity_0563,entity_0568,1,tabpfn,0.9928838014602661,1
entity_0992,entity_0523,0,tabpfn,1.1205547707504593e-05,0
entity_0175,entity_0171,1,tabpfn,0.9944555163383484,1
entity_0221,entity_0229,1,tabpfn,0.9658792614936829,1
entity_0212,entity_0220,1,tabpfn,0.9450817704200745,1
entity_0709,entity_0806,0,tabpfn,4.708744654635666e-06,0
entity_0944,entity_0781,0,tabpfn,2.622597548906924e-06,0
entity_0028,entity_0024,1,tabpfn,0.9915479421615601,1
entity_0533,entity_0849,0,tabpfn,7.033298516034847e-06,0
entity_0502,entity_0504,1,tabpfn,0.998678982257843,1
entity_0200,entity_0294,0,tabpfn,3.4570573461678578e-06,0
entity_0069,entity_0065,1,tabpfn,0.9951817393302917,1
entity_0846,entity_0067,0,tabpfn,2.980223371196189e-06,0
entity_0691,entity_0692,1,tabpfn,0.9973233342170715,1
entity_0257,entity_0255,1,tabpfn,0.9977222681045532,1
entity_0092,entity_0124,0,tabpfn,0.00042727217078208923,0
entity_0601,entity_0605,1,tabpfn,0.9938600659370422,1
entity_0514,entity_0841,0,tabpfn,3.099431978625944e-06,0
entity_0463,entity_0625,0,tabpfn,3.695474333653692e-06,0
entity_0009,entity_0010,1,tabpfn,0.9899473786354065,1
entity_0136,entity_0137,1,tabpfn,0.998001217842102,1
entity_0046,entity_0043,1,tabpfn,0.9937319755554199,1
entity_0062,entity_0136,0,tabpfn,1.186118333862396e-05,0
entity_0487,entity_0029,0,tabpfn,4.231911589158699e-06,0
entity_0929,entity_0924,1,tabpfn,0.9904459714889526,1
entity_0871,entity_0878,1,tabpfn,0.9934439063072205,1
entity_0418,entity_0416,1,tabpfn,0.9986370801925659,1
entity_0127,entity_0631,0,tabpfn,3.874287358485162e-06,0
entity_0260,entity_0258,1,tabpfn,0.9977861642837524,1
entity_0655,entity_0134,0,tabpfn,3.7550782963080565e-06,0
entity_0566,entity_0569,1,tabpfn,0.9962818622589111,1
entity_0826,entity_0829,1,tabpfn,0.9979250431060791,1
entity_0905,entity_0903,1,tabpfn,0.99658203125,1
entity_0907,entity_0910,1,tabpfn,0.9962020516395569,1
entity_0309,entity_0955,0,tabpfn,5.483597306010779e-06,0
entity_0115,entity_0111,1,tabpfn,0.9975566864013672,1
entity_0279,entity_0273,1,tabpfn,0.9940989017486572,1
entity_0960,entity_0956,1,tabpfn,0.9983751773834229,1
entity_0941,entity_0752,0,tabpfn,2.5629929041315336e-06,0
entity_0747,entity_0105,0,tabpfn,5.245181455393322e-06,0
entity_0803,entity_0020,0,tabpfn,5.006765150028514e-06,0
entity_0432,entity_0431,1,tabpfn,0.9988929033279419,1
entity_0181,entity_0262,0,tabpfn,7.152506441343576e-06,0
entity_0839,entity_0193,0,tabpfn,3.4570573461678578e-06,0
entity_0844,entity_0848,1,tabpfn,0.9974463582038879,1
entity_0369,entity_0818,0,tabpfn,1.84774046374514e-06,0
entity_0197,entity_0603,0,tabpfn,2.2649712718703086e-06,0
entity_0807,entity_0802,1,tabpfn,0.9943378567695618,1
entity_0722,entity_0919,0,tabpfn,4.470327894523507e-06,0
entity_0726,entity_0727,1,tabpfn,0.9972605109214783,1
entity_0706,entity_0708,1,tabpfn,0.9975319504737854,1
entity_0751,entity_0510,0,tabpfn,4.947160960000474e-06,0
entity_0984,entity_0078,0,tabpfn,4.827953034691745e-06,0
entity_0805,entity_0978,0,tabpfn,3.874287358485162e-06,0
entity_0278,entity_0543,0,tabpfn,3.4570573461678578e-06,0
entity_0655,entity_0941,0,tabpfn,1.728531856315385e-06,0
entity_0356,entity_0699,0,tabpfn,1.549718376736564e-06,0
entity_0914,entity_0590,0,tabpfn,3.7550782963080565e-06,0
entity_0394,entity_0972,0,tabpfn,6.13924021308776e-06,0
entity_0189,entity_0186,1,tabpfn,0.9961393475532532,1
entity_0232,entity_0237,1,tabpfn,0.9948590993881226,1
entity_0515,entity_0520,1,tabpfn,0.9939889311790466,1
entity_0523,entity_0530,1,tabpfn,0.9846078753471375,1
entity_0659,entity_0300,0,tabpfn,4.2915162339340895e-06,0
entity_0376,entity_0789,0,tabpfn,2.3245756892720237e-06,0
entity_0396,entity_0332,0,tabpfn,4.803903721040115e-05,0
entity_0593,entity_0596,1,tabpfn,0.9958068132400513,1
entity_0317,entity_0414,0,tabpfn,4.529932539298898e-06,0
entity_0517,entity_0215,0,tabpfn,2.980223371196189e-06,0
entity_0796,entity_0405,0,tabpfn,3.3974533835134935e-06,0
entity_0475,entity_0472,1,tabpfn,0.9987103939056396,1
entity_0524,entity_0395,0,tabpfn,1.156316739070462e-05,0
entity_0013,entity_0106,0,tabpfn,8.558494300814345e-05,0
entity_0133,entity_0412,0,tabpfn,2.503388714103494e-06,0
entity_0130,entity_0238,0,tabpfn,3.0398275612242287e-06,0
entity_0134,entity_0219,0,tabpfn,4.053099473821931e-06,0
entity_0930,entity_0515,0,tabpfn,6.1988448578631505e-06,0
entity_0742,entity_0747,1,tabpfn,0.9939358830451965,1
entity_0384,entity_0171,0,tabpfn,2.0265538296371233e-06,0
entity_0579,entity_0574,1,tabpfn,0.9969010949134827,1
entity_0044,entity_0041,1,tabpfn,0.993876039981842,1
entity_0140,entity_0207,0,tabpfn,2.413929905742407e-05,0
entity_0920,entity_0916,1,tabpfn,0.9969353079795837,1
entity_0214,entity_0048,0,tabpfn,4.17230785387801e-06,0
entity_0274,entity_0277,1,tabpfn,0.9968687891960144,1
entity_0668,entity_0150,0,tabpfn,3.7550782963080565e-06,0
entity_0954,entity_0955,1,tabpfn,0.997724175453186,1
entity_0730,entity_0725,1,tabpfn,0.9964565634727478,1
entity_0337,entity_0804,0,tabpfn,2.2649712718703086e-06,0
entity_0364,entity_0078,0,tabpfn,2.2649712718703086e-06,0
entity_0922,entity_0423,0,tabpfn,4.649140464607626e-06,0
entity_0803,entity_0802,1,tabpfn,0.9978622794151306,1
entity_0688,entity_0681,1,tabpfn,0.9945985674858093,1
entity_0599,entity_0591,1,tabpfn,0.9827002286911011,1
entity_0077,entity_0345,0,tabpfn,5.841221081936965e-06,0
entity_0906,entity_0518,0,tabpfn,4.947160960000474e-06,0
entity_0039,entity_0037,1,tabpfn,0.9958316087722778,1
entity_0420,entity_0418,1,tabpfn,0.998187780380249,1
entity_0435,entity_0437,1,tabpfn,0.9989320039749146,1
entity_0713,entity_0633,0,tabpfn,7.569732133561047e-06,0
entity_0334,entity_0333,1,tabpfn,0.9986215233802795,1
entity_0890,entity_0710,0,tabpfn,1.84774046374514e-06,0
entity_0374,entity_0930,0,tabpfn,4.231911589158699e-06,0
entity_0764,entity_0275,0,tabpfn,4.529932539298898e-06,0
entity_0339,entity_0331,1,tabpfn,0.968513548374176,1
entity_0821,entity_0823,1,tabpfn,0.9981744289398193,1
entity_0122,entity_0129,1,tabpfn,0.9913622140884399,1
entity_0495,entity_0496,1,tabpfn,0.9987643361091614,1
entity_0184,entity_0181,1,tabpfn,0.9965535402297974,1
entity_0314,entity_0311,1,tabpfn,0.9985646605491638,1
entity_0884,entity_0732,0,tabpfn,3.8146827137097716e-06,0
entity_0165,entity_0164,1,tabpfn,0.9967832565307617,1
entity_0945,entity_0833,0,tabpfn,6.914091045473469e-06,0
entity_0824,entity_0497,0,tabpfn,4.053099473821931e-06,0
entity_0578,entity_0685,0,tabpfn,3.874287358485162e-06,0
entity_0569,entity_0031,0,tabpfn,7.092901796568185e-06,0
entity_0446,entity_0447,1,tabpfn,0.9984513521194458,1
entity_0974,entity_0135,0,tabpfn,3.0398275612242287e-06,0
entity_0491,entity_0495,1,tabpfn,0.9978060126304626,1
entity_0504,entity_0506,1,tabpfn,0.9987158179283142,1
entity_0719,entity_0773,0,tabpfn,3.93375194107648e-05,0
entity_0684,entity_0682,1,tabpfn,0.9979821443557739,1
entity_0807,entity_0165,0,tabpfn,4.410724159242818e-06,0
entity_0928,entity_0929,1,tabpfn,0.9974615573883057,1
entity_0341,entity_0348,1,tabpfn,0.9947237968444824,1
entity_0682,entity_0685,1,tabpfn,0.9982630014419556,1
entity_0038,entity_0034,1,tabpfn,0.9865162968635559,1
entity_0754,entity_0757,1,tabpfn,0.9945757985115051,1
entity_0472,entity_0479,1,tabpfn,0.9878607988357544,1
entity_0514,entity_0517,1,tabpfn,0.997968852519989,1
entity_0339,entity_0517,0,tabpfn,3.3974533835134935e-06,0
entity_0795,entity_0785,0,tabpfn,0.7634854912757874,1
entity_0389,entity_0943,0,tabpfn,3.7550782963080565e-06,0
entity_0722,entity_0161,0,tabpfn,3.635870370999328e-06,0
entity_0870,entity_0864,1,tabpfn,0.995727002620697,1
entity_0149,entity_0145,1,tabpfn,0.9964128732681274,1
entity_0229,entity_0220,0,tabpfn,0.9458585381507874,1
entity_0791,entity_0124,0,tabpfn,3.933891093765851e-06,0
entity_0927,entity_0921,1,tabpfn,0.9952386617660522,1
entity_0657,entity_0652,1,tabpfn,0.9968611598014832,1
entity_0604,entity_0607,1,tabpfn,0.9950792193412781,1
entity_0937,entity_0940,1,tabpfn,0.9958468079566956,1
entity_0717,entity_0307,0,tabpfn,8.225373676395975e-06,0
entity_0226,entity_0221,1,tabpfn,0.9949274063110352,1
entity_0191,entity_0198,1,tabpfn,0.9787948131561279,1
entity_0063,entity_0068,1,tabpfn,0.9879361987113953,1
entity_0415,entity_0223,0,tabpfn,2.3245756892720237e-06,0
entity_0424,entity_0426,1,tabpfn,0.9985008835792542,1
entity_0135,entity_0799,0,tabpfn,5.3047856454213616e-06,0
entity_0654,entity_0656,1,tabpfn,0.9983458518981934,1
entity_0882,entity_0274,0,tabpfn,3.159036396027659e-06,0
entity_0444,entity_0442,1,tabpfn,0.9991558790206909,1
entity_0255,entity_0736,0,tabpfn,2.503388714103494e-06,0
entity_0577,entity_0831,0,tabpfn,2.9206191811681492e-06,0
entity_0058,entity_0059,1,tabpfn,0.9962476491928101,1
entity_0097,entity_0093,1,tabpfn,0.9965478181838989,1
entity_0467,entity_0652,0,tabpfn,2.6822019663086394e-06,0
entity_0075,entity_0562,0,tabpfn,4.053099473821931e-06,0
entity_0710,entity_0704,1,tabpfn,0.9945340752601624,1
entity_0747,entity_0745,1,tabpfn,0.9964224100112915,1
entity_0814,entity_0641,0,tabpfn,2.861014763766434e-06,0
entity_0318,entity_0391,0,tabpfn,3.2304673368344083e-05,0
entity_0366,entity_0368,1,tabpfn,0.9988605380058289,1
entity_0894,entity_0395,0,tabpfn,3.278244548710063e-06,0
entity_0184,entity_0650,0,tabpfn,2.980223371196189e-06,0
entity_0221,entity_0368,0,tabpfn,2.5629929041315336e-06,0
entity_0903,entity_0907,1,tabpfn,0.9955826997756958,1
entity_0279,entity_0370,0,tabpfn,6.020033197273733e-06,0
entity_0048,entity_0213,0,tabpfn,3.99349482904654e-06,0
entity_0070,entity_0065,1,tabpfn,0.9925811290740967,1
entity_0023,entity_0022,1,tabpfn,0.9951437711715698,1
entity_0103,entity_0110,1,tabpfn,0.9869594573974609,1
entity_0794,entity_0307,0,tabpfn,2.801410346364719e-06,0
entity_0466,entity_0470,1,tabpfn,0.9979345798492432,1
entity_0657,entity_0659,1,tabpfn,0.9978717565536499,1
entity_0941,entity_0349,0,tabpfn,4.947160960000474e-06,0
entity_0954,entity_0957,1,tabpfn,0.9978337287902832,1
entity_0593,entity_0692,0,tabpfn,5.781617346656276e-06,0
entity_0783,entity_0781,1,tabpfn,0.9951019883155823,1
entity_0223,entity_0229,1,tabpfn,0.9921647906303406,1
entity_0068,entity_0949,0,tabpfn,6.675675649603363e-06,0
entity_0722,entity_0729,1,tabpfn,0.9814303517341614,1
entity_0677,entity_0680,1,tabpfn,0.9977051019668579,1
entity_0891,entity_0513,0,tabpfn,3.8146827137097716e-06,0
entity_0285,entity_0815,0,tabpfn,2.503388714103494e-06,0
entity_0002,entity_0900,0,tabpfn,6.4968644437612966e-06,0
entity_0724,entity_0015,0,tabpfn,1.2516818969743326e-05,0
entity_0198,entity_0312,0,tabpfn,4.2915162339340895e-06,0
entity_0824,entity_0822,1,tabpfn,0.9985094666481018,1
entity_0145,entity_0148,1,tabpfn,0.9978717565536499,1
entity_0801,entity_0655,0,tabpfn,4.410724159242818e-06,0
entity_0307,entity_0306,1,tabpfn,0.9981582760810852,1
entity_0867,entity_0862,1,tabpfn,0.9978508353233337,1
entity_0744,entity_0749,1,tabpfn,0.9944809675216675,1
entity_0152,entity_0239,0,tabpfn,4.410724159242818e-06,0
entity_0794,entity_0895,0,tabpfn,4.17230785387801e-06,0
entity_0693,entity_0691,1,tabpfn,0.9977442622184753,1
entity_0273,entity_0650,0,tabpfn,2.6822019663086394e-06,0
entity_0390,entity_0383,1,tabpfn,0.9412626028060913,1
entity_0828,entity_0829,1,tabpfn,0.9981667995452881,1
entity_0716,entity_0909,0,tabpfn,2.086158019665163e-06,0
entity_0833,entity_0832,1,tabpfn,0.9983114004135132,1
entity_0028,entity_0246,0,tabpfn,2.6822019663086394e-06,0
entity_0642,entity_0614,0,tabpfn,0.00012348557356745005,0
entity_0040,entity_0835,0,tabpfn,5.781617346656276e-06,0
entity_0647,entity_0648,1,tabpfn,0.998687207698822,1
entity_0640,entity_0635,1,tabpfn,0.9981363415718079,1
entity_0160,entity_0153,1,tabpfn,0.9725968837738037,1
entity_0505,entity_0701,0,tabpfn,2.622597548906924e-06,0
entity_0113,entity_0115,1,tabpfn,0.9980506896972656,1
entity_0925,entity_0806,0,tabpfn,6.794883120164741e-06,0
entity_0379,entity_0376,1,tabpfn,0.998960554599762,1
entity_0780,entity_0772,1,tabpfn,0.977673351764679,1
entity_0572,entity_0577,1,tabpfn,0.9872369170188904,1
entity_0852,entity_0092,0,tabpfn,3.2186403586820234e-06,0
entity_0922,entity_0925,1,tabpfn,0.9949350357055664,1
entity_0803,entity_0804,1,tabpfn,0.9968668818473816,1
entity_0562,entity_0792,0,tabpfn,3.099431978625944e-06,0
entity_0758,entity_0757,1,tabpfn,0.9972922801971436,1
entity_0154,entity_0156,1,tabpfn,0.9980602264404297,1
entity_0424,entity_0600,0,tabpfn,4.410724159242818e-06,0
entity_0883,entity_0887,1,tabpfn,0.9955029487609863,1
entity_0634,entity_0847,0,tabpfn,3.2186403586820234e-06,0
entity_0621,entity_0726,0,tabpfn,3.933891093765851e-06,0
entity_0187,entity_0113,0,tabpfn,3.242387538193725e-05,0
entity_0582,entity_0178,0,tabpfn,4.2915162339340895e-06,0
entity_0436,entity_0598,0,tabpfn,5.483597306010779e-06,0
entity_0691,entity_0699,1,tabpfn,0.9807081818580627,1
entity_0126,entity_0122,1,tabpfn,0.997757613658905,1
entity_0547,entity_0265,0,tabpfn,2.3245756892720237e-06,0
entity_0431,entity_0902,0,tabpfn,3.695474333653692e-06,0
entity_0775,entity_0779,1,tabpfn,0.9914151430130005,1
entity_0151,entity_0159,1,tabpfn,0.9844801425933838,1
entity_0884,entity_0423,0,tabpfn,4.2915162339340895e-06,0
entity_0575,entity_0578,1,tabpfn,0.9965364336967468,1
entity_0757,entity_0120,0,tabpfn,4.351120423962129e-06,0
entity_0748,entity_0749,1,tabpfn,0.9958354234695435,1
entity_0788,entity_0074,0,tabpfn,3.7550782963080565e-06,0
entity_0659,entity_0654,1,tabpfn,0.9966409802436829,1
entity_0662,entity_0401,0,tabpfn,4.649140464607626e-06,0
entity_0448,entity_0449,1,tabpfn,0.9985951781272888,1
entity_0970,entity_0965,1,tabpfn,0.9943416714668274,1
entity_0813,entity_0814,1,tabpfn,0.997991681098938,1
entity_0451,entity_0836,0,tabpfn,2.384180106673739e-06,0
entity_0949,entity_0945,1,tabpfn,0.9968801736831665,1
entity_0489,entity_0487,1,tabpfn,0.9984656572341919,1
entity_0668,entity_0705,0,tabpfn,0.00021179004397708923,0
entity_0342,entity_0349,1,tabpfn,0.9955978989601135,1
entity_0800,entity_0799,1,tabpfn,0.9967281222343445,1
entity_0726,entity_0724,1,tabpfn,0.9970855116844177,1
entity_0509,entity_0505,1,tabpfn,0.9979478716850281,1
entity_0358,entity_0624,0,tabpfn,2.2649712718703086e-06,0
entity_0168,entity_0237,0,tabpfn,1.0549911166890524e-05,0
entity_0776,entity_0600,0,tabpfn,6.914091045473469e-06,0
entity_0845,entity_0454,0,tabpfn,4.11270366384997e-06,0
entity_0954,entity_0956,1,tabpfn,0.9973461627960205,1
entity_0767,entity_0770,1,tabpfn,0.9944620132446289,1
entity_0398,entity_0226,0,tabpfn,1.9669496396090835e-06,0
entity_0366,entity_0625,0,tabpfn,2.6822019663086394e-06,0
entity_0431,entity_0437,1,tabpfn,0.9961241483688354,1
entity_0237,entity_0235,1,tabpfn,0.997093141078949,1
entity_0136,entity_0819,0,tabpfn,5.781617346656276e-06,0
entity_0819,entity_0816,1,tabpfn,0.9982753396034241,1
entity_0584,entity_0582,1,tabpfn,0.9982649087905884,1
entity_0760,entity_0588,0,tabpfn,2.861014763766434e-06,0
entity_0923,entity_0710,0,tabpfn,2.6822019663086394e-06,0
entity_0116,entity_0111,1,tabpfn,0.9970284700393677,1
entity_0303,entity_0890,0,tabpfn,4.053099473821931e-06,0
entity_0358,entity_0865,0,tabpfn,3.2186403586820234e-06,0
entity_0680,entity_0552,0,tabpfn,4.887556769972434e-06,0
entity_0636,entity_0637,1,tabpfn,0.9977994561195374,1
entity_0176,entity_0180,1,tabpfn,0.995654821395874,1
entity_0096,entity_0439,0,tabpfn,2.443784524075454e-06,0
entity_0294,entity_0292,1,tabpfn,0.9956168532371521,1
entity_0973,entity_0724,0,tabpfn,2.741806156336679e-06,0
entity_0463,entity_0644,0,tabpfn,2.741806156336679e-06,0
entity_0889,entity_0884,1,tabpfn,0.9939927458763123,1
entity_0361,entity_0723,0,tabpfn,1.6689273252268322e-06,0
entity_0574,entity_0809,0,tabpfn,2.9206191811681492e-06,0
entity_0566,entity_0565,1,tabpfn,0.9984837174415588,1
entity_0501,entity_0504,1,tabpfn,0.9979516863822937,1
entity_0943,entity_0038,0,tabpfn,5.006765150028514e-06,0
entity_0257,entity_0831,0,tabpfn,3.635870370999328e-06,0
entity_0216,entity_0218,1,tabpfn,0.997646152973175,1
entity_0956,entity_0955,1,tabpfn,0.9985342025756836,1
entity_0389,entity_0077,0,tabpfn,2.503388714103494e-06,0
entity_0752,entity_0751,1,tabpfn,0.9964700937271118,1
entity_0876,entity_0873,1,tabpfn,0.997024655342102,1
entity_0048,entity_0382,0,tabpfn,2.2649712718703086e-06,0
entity_0635,entity_0070,0,tabpfn,3.695474333653692e-06,0
entity_0494,entity_0497,1,tabpfn,0.9985094666481018,1
entity_0776,entity_0639,0,tabpfn,2.741806156336679e-06,0
entity_0783,entity_0525,0,tabpfn,3.933891093765851e-06,0
entity_0804,entity_0027,0,tabpfn,3.7550782963080565e-06,0
entity_0495,entity_0498,1,tabpfn,0.9981401562690735,1
entity_0160,entity_0158,1,tabpfn,0.9959151744842529,1
entity_0376,entity_0373,1,tabpfn,0.9981677532196045,1
entity_0265,entity_0266,1,tabpfn,0.9963331818580627,1
entity_0357,entity_0159,0,tabpfn,1.7881361600302625e-06,0
entity_0771,entity_0591,0,tabpfn,2.503388714103494e-06,0
entity_0069,entity_0515,0,tabpfn,3.8146827137097716e-06,0
entity_0725,entity_0021,0,tabpfn,4.410724159242818e-06,0
entity_0370,entity_0240,0,tabpfn,3.159036396027659e-06,0
entity_0556,entity_0553,1,tabpfn,0.9987567663192749,1
entity_0605,entity_0480,0,tabpfn,1.239761240867665e-05,0
entity_0240,entity_0465,0,tabpfn,3.933891093765851e-06,0
entity_0459,entity_0454,1,tabpfn,0.9980297684669495,1
entity_0987,entity_0553,0,tabpfn,7.92735499999253e-06,0
entity_0578,entity_0884,0,tabpfn,2.6822019663086394e-06,0
entity_0832,entity_0444,0,tabpfn,3.159036396027659e-06,0
entity_0711,entity_0719,1,tabpfn,0.9585838317871094,1
entity_0311,entity_0313,1,tabpfn,0.997581422328949,1
entity_0626,entity_0837,0,tabpfn,4.053099473821931e-06,0
entity_0788,entity_0789,1,tabpfn,0.9963750243186951,1
entity_0230,entity_0223,1,tabpfn,0.9872745871543884,1
entity_0348,entity_0342,1,tabpfn,0.9928916692733765,1
entity_0857,entity_0824,0,tabpfn,0.00020607038459274918,0
entity_0695,entity_0627,0,tabpfn,1.1980390809185337e-05,0
entity_0296,entity_0295,1,tabpfn,0.9984513521194458,1
entity_0904,entity_0905,1,tabpfn,0.9952120780944824,1
entity_0241,entity_0245,1,tabpfn,0.9968744516372681,1
entity_0806,entity_0804,1,tabpfn,0.9976308941841125,1
entity_0380,entity_0943,0,tabpfn,3.933891093765851e-06,0
entity_0486,entity_0206,0,tabpfn,2.205367081842269e-06,0
entity_0202,entity_0852,0,tabpfn,6.1988448578631505e-06,0
entity_0655,entity_0653,1,tabpfn,0.9976232647895813,1
entity_0912,entity_0361,0,tabpfn,3.5166615361958975e-06,0
entity_0639,entity_0140,0,tabpfn,3.8146827137097716e-06,0
entity_0909,entity_0834,0,tabpfn,1.9311532014398836e-05,0
entity_0600,entity_0718,0,tabpfn,5.781617346656276e-06,0
entity_0428,entity_0429,1,tabpfn,0.9988396167755127,1
entity_0739,entity_0738,1,tabpfn,0.9974501729011536,1
entity_0281,entity_0285,1,tabpfn,0.9922329187393188,1
entity_0335,entity_0730,0,tabpfn,1.907344994833693e-06,0
entity_0742,entity_0744,1,tabpfn,0.992743968963623,1
entity_0917,entity_0918,1,tabpfn,0.9930239319801331,1
entity_0197,entity_0286,0,tabpfn,5.0663693400565535e-06,0
entity_0836,entity_0837,1,tabpfn,0.9986713528633118,1
entity_0130,entity_0308,0,tabpfn,2.861014763766434e-06,0
entity_0237,entity_0166,0,tabpfn,2.2530048227054067e-05,0
entity_0066,entity_0042,0,tabpfn,0.022844847291707993,0
entity_0471,entity_0472,1,tabpfn,0.9986380338668823,1
entity_0164,entity_0736,0,tabpfn,5.483597306010779e-06,0
entity_0583,entity_0200,0,tabpfn,3.3378489661117783e-06,0
entity_0622,entity_0398,0,tabpfn,5.006765150028514e-06,0
entity_0896,entity_0848,0,tabpfn,7.581136014778167e-05,0
entity_0534,entity_0526,0,tabpfn,0.9948287606239319,1
entity_0579,entity_0578,1,tabpfn,0.9986599087715149,1
entity_0519,entity_0515,1,tabpfn,0.997714638710022,1
entity_0978,entity_0811,0,tabpfn,2.5629929041315336e-06,0
entity_0384,entity_0562,0,tabpfn,6.4968644437612966e-06,0
entity_0138,entity_0135,1,tabpfn,0.9973379373550415,1
entity_0030,entity_0025,1,tabpfn,0.9863733053207397,1
entity_0369,entity_0366,1,tabpfn,0.9989348649978638,1
entity_0261,entity_0266,1,tabpfn,0.9947579503059387,1
entity_0369,entity_0361,1,tabpfn,0.9691495299339294,1
entity_0903,entity_0748,0,tabpfn,2.741806156336679e-06,0
entity_0731,entity_0663,0,tabpfn,4.184071076451801e-05,0
entity_0198,entity_0199,1,tabpfn,0.9973474144935608,1
entity_0910,entity_0905,1,tabpfn,0.9962419867515564,1
entity_0834,entity_0837,1,tabpfn,0.9981458783149719,1
entity_0524,entity_0043,0,tabpfn,3.7550782963080565e-06,0
entity_0751,entity_0519,0,tabpfn,4.470327894523507e-06,0
entity_0089,entity_0813,0,tabpfn,6.13924021308776e-06,0
entity_0273,entity_0527,0,tabpfn,3.3378489661117783e-06,0
entity_0283,entity_0289,1,tabpfn,0.9936978220939636,1
entity_0909,entity_0903,1,tabpfn,0.9937319755554199,1
entity_0033,entity_0038,1,tabpfn,0.9796964526176453,1
entity_0235,entity_0240,1,tabpfn,0.9927060604095459,1
entity_0260,entity_0251,1,tabpfn,0.9420957565307617,1
entity_0229,entity_0224,1,tabpfn,0.9933990240097046,1
entity_0006,entity_0004,1,tabpfn,0.9875307083129883,1
entity_0392,entity_0064,0,tabpfn,2.384180106673739e-06,0
entity_0461,entity_0469,1,tabpfn,0.923170804977417,1
entity_0518,entity_0514,1,tabpfn,0.9982666969299316,1
entity_0261,entity_0816,0,tabpfn,3.5166615361958975e-06,0
entity_0809,entity_0100,0,tabpfn,3.874287358485162e-06,0
entity_0453,entity_0732,0,tabpfn,1.6093226804514416e-06,0
entity_0695,entity_0697,1,tabpfn,0.9977595210075378,1
entity_0761,entity_0762,1,tabpfn,0.9963198900222778,1
entity_0554,entity_0555,1,tabpfn,0.9988186359405518,1
entity_0358,entity_0315,0,tabpfn,4.8933023208519444e-05,0
entity_0438,entity_0433,1,tabpfn,0.9974786639213562,1
entity_0107,entity_0109,1,tabpfn,0.9974710941314697,1
entity_0885,entity_0881,1,tabpfn,0.9963901042938232,1
entity_0813,entity_0816,1,tabpfn,0.9972395896911621,1
entity_0639,entity_0635,1,tabpfn,0.9972376823425293,1
entity_0538,entity_0468,0,tabpfn,1.919232636282686e-05,0
entity_0614,entity_0613,1,tabpfn,0.9983087182044983,1
entity_0093,entity_0094,1,tabpfn,0.9973233342170715,1
entity_0024,entity_0559,0,tabpfn,8.344580237462651e-06,0
entity_0143,entity_0146,1,tabpfn,0.9971311688423157,1
entity_0920,entity_0872,0,tabpfn,0.0001324239856330678,0
entity_0958,entity_0956,1,tabpfn,0.9977602958679199,1
entity_0103,entity_0566,0,tabpfn,4.887556769972434e-06,0
entity_0066,entity_0062,1,tabpfn,0.9946820139884949,1
entity_0848,entity_0679,0,tabpfn,2.6822019663086394e-06,0
entity_0681,entity_0684,1,tabpfn,0.9978375434875488,1
entity_0266,entity_0270,1,tabpfn,0.9961963295936584,1
entity_0241,entity_0247,1,tabpfn,0.9936826825141907,1
entity_0521,entity_0109,0,tabpfn,3.3378489661117783e-06,0
entity_0888,entity_0885,1,tabpfn,0.9958202242851257,1
entity_0867,entity_0766,0,tabpfn,1.686782889009919e-05,0
entity_0106,entity_0103,1,tabpfn,0.997150182723999,1
entity_0720,entity_0713,1,tabpfn,0.987086296081543,1
entity_0840,entity_0834,1,tabpfn,0.9967303276062012,1
entity_0677,entity_0210,0,tabpfn,5.006765150028514e-06,0
entity_0396,entity_0391,1,tabpfn,0.9961374402046204,1
entity_0535,entity_0531,1,tabpfn,0.998454213142395,1
entity_0187,entity_0359,0,tabpfn,3.0398275612242287e-06,0
entity_0904,entity_0903,1,tabpfn,0.9960671663284302,1
entity_0396,entity_0165,0,tabpfn,1.9669496396090835e-06,0
entity_0647,entity_0463,0,tabpfn,8.046561561059207e-06,0
entity_0813,entity_0046,0,tabpfn,3.874287358485162e-06,0
entity_0577,entity_0477,0,tabpfn,1.674862505751662e-05,0
entity_0334,entity_0742,0,tabpfn,2.086158019665163e-06,0
entity_0663,entity_0631,0,tabpfn,0.00010876665328396484,0
entity_0677,entity_0759,0,tabpfn,7.331317192438291e-06,0
entity_0394,entity_0397,1,tabpfn,0.9961868524551392,1
entity_0536,entity_0531,1,tabpfn,0.9970303773880005,1
entity_0325,entity_0035,0,tabpfn,2.622597548906924e-06,0
entity_0538,entity_0818,0,tabpfn,2.443784524075454e-06,0
entity_0034,entity_0113,0,tabpfn,1.3589674381364603e-05,0
entity_0467,entity_0470,1,tabpfn,0.9983237981796265,1
entity_0665,entity_0722,0,tabpfn,3.254307739553042e-05,0
entity_0287,entity_0282,1,tabpfn,0.9950070977210999,1
entity_0706,entity_0707,1,tabpfn,0.997881293296814,1
entity_0851,entity_0857,1,tabpfn,0.9957346320152283,1
entity_0073,entity_0144,0,tabpfn,1.2874437743448652e-05,0
entity_0840,entity_0938,0,tabpfn,5.245181455393322e-06,0
entity_0690,entity_0100,0,tabpfn,4.231911589158699e-06,0
entity_0102,entity_0107,1,tabpfn,0.9950792193412781,1
entity_0147,entity_0699,0,tabpfn,4.529932539298898e-06,0
entity_0754,entity_0756,1,tabpfn,0.9956244826316833,1
entity_0038,entity_0105,0,tabpfn,2.819220389937982e-05,0
entity_0769,entity_0761,1,tabpfn,0.956142246723175,1
entity_0365,entity_0705,0,tabpfn,1.907344994833693e-06,0
entity_0642,entity_0645,1,tabpfn,0.9971939325332642,1
entity_0715,entity_0697,0,tabpfn,0.0034217704087495804,0
entity_0600,entity_0398,0,tabpfn,5.900824817217654e-06,0
entity_0075,entity_0079,1,tabpfn,0.9944820404052734,1
entity_0199,entity_0286,0,tabpfn,7.092901796568185e-06,0
entity_0719,entity_0698,0,tabpfn,0.0004911408759653568,0
entity_0401,entity_0959,0,tabpfn,4.2915162339340895e-06,0
entity_0732,entity_0443,0,tabpfn,4.768348844663706e-06,0
entity_0963,entity_0734,0,tabpfn,5.483597306010779e-06,0
entity_0977,entity_0974,1,tabpfn,0.9983513951301575,1
entity_0234,entity_0203,0,tabpfn,0.00011681145406328142,0
entity_0439,entity_0437,1,tabpfn,0.9991249442100525,1
entity_0298,entity_0951,0,tabpfn,4.887556769972434e-06,0
entity_0893,entity_0895,1,tabpfn,0.9963369965553284,1
entity_0472,entity_0477,1,tabpfn,0.9970113635063171,1
entity_0581,entity_0485,0,tabpfn,1.6808227883302607e-05,0
entity_0966,entity_0962,1,tabpfn,0.9979707598686218,1
entity_0321,entity_0328,1,tabpfn,0.984299898147583,1
entity_0710,entity_0973,0,tabpfn,2.503388714103494e-06,0
entity_0501,entity_0489,0,tabpfn,0.884765625,1
entity_0299,entity_0292,1,tabpfn,0.9962381720542908,1
entity_0501,entity_0507,1,tabpfn,0.9875292778015137,1
entity_0655,entity_0507,0,tabpfn,6.85448685544543e-06,0
entity_0812,entity_0015,0,tabpfn,5.36438938070205e-06,0
entity_0534,entity_0619,0,tabpfn,7.152506441343576e-06,0
entity_0249,entity_0059,0,tabpfn,2.503388714103494e-06,0
entity_0309,entity_0303,1,tabpfn,0.9925886988639832,1
entity_0558,entity_0857,0,tabpfn,3.3378489661117783e-06,0
entity_0693,entity_0535,0,tabpfn,5.841221081936965e-06,0
entity_0286,entity_0317,0,tabpfn,0.00018962602189276367,0
entity_0324,entity_0322,1,tabpfn,0.9968991875648499,1
entity_0255,entity_0254,1,tabpfn,0.997936487197876,1
entity_0043,entity_0910,0,tabpfn,5.36438938070205e-06,0
entity_0016,entity_0407,0,tabpfn,4.17230785387801e-06,0
entity_0253,entity_0258,1,tabpfn,0.9923578500747681,1
entity_0777,entity_0778,1,tabpfn,0.9957535862922668,1
entity_0996,entity_0476,0,tabpfn,1.186118333862396e-05,0
entity_0176,entity_0174,1,tabpfn,0.997093141078949,1
entity_0648,entity_0811,0,tabpfn,3.3974533835134935e-06,0
entity_0189,entity_0183,1,tabpfn,0.9865915775299072,1
entity_0728,entity_0721,1,tabpfn,0.9883415699005127,1
entity_0194,entity_0198,1,tabpfn,0.9970512986183167,1
entity_0793,entity_0791,1,tabpfn,0.9963521957397461,1
entity_0661,entity_0342,0,tabpfn,4.529932539298898e-06,0
entity_0185,entity_0931,0,tabpfn,8.582995178585406e-06,0
entity_0140,entity_0133,1,tabpfn,0.9904006123542786,1
entity_0456,entity_0680,0,tabpfn,2.0265538296371233e-06,0
entity_0280,entity_0765,0,tabpfn,2.0265538296371233e-06,0
entity_0162,entity_0165,1,tabpfn,0.9938684701919556,1
entity_0792,entity_0475,0,tabpfn,4.410724159242818e-06,0
entity_0094,entity_0092,1,tabpfn,0.9976347088813782,1
entity_0391,entity_0398,1,tabpfn,0.9909236431121826,1
entity_0774,entity_0779,1,tabpfn,0.985464334487915,1
entity_0924,entity_0107,0,tabpfn,3.278244548710063e-06,0
entity_0987,entity_0982,1,tabpfn,0.9929594993591309,1
entity_0350,entity_0345,1,tabpfn,0.9970988631248474,1
entity_0142,entity_0145,1,tabpfn,0.9983153343200684,1
entity_0429,entity_0551,0,tabpfn,9.655858775658999e-06,0
entity_0634,entity_0591,0,tabpfn,3.385429226909764e-05,0
entity_0364,entity_0367,1,tabpfn,0.9976442456245422,1
entity_0834,entity_0096,0,tabpfn,3.874287358485162e-06,0
entity_0015,entity_0287,0,tabpfn,4.768348844663706e-06,0
entity_0321,entity_0323,1,tabpfn,0.9989710450172424,1
entity_0983,entity_0984,1,tabpfn,0.9978489279747009,1
entity_0575,entity_0428,0,tabpfn,8.165769941115286e-06,0
entity_0523,entity_0524,1,tabpfn,0.9987281560897827,1
entity_0212,entity_0458,0,tabpfn,1.0073084013129119e-05,0
entity_0576,entity_0579,1,tabpfn,0.9953715801239014,1
entity_0209,entity_0568,0,tabpfn,2.741806156336679e-06,0
entity_0075,entity_0194,0,tabpfn,1.907344994833693e-06,0
entity_0784,entity_0975,0,tabpfn,3.5762659535976127e-06,0
entity_0569,entity_0932,0,tabpfn,3.159036396027659e-06,0
entity_0696,entity_0697,1,tabpfn,0.9982467889785767,1
entity_0255,entity_0253,1,tabpfn,0.99712735414505,1
entity_0513,entity_0562,0,tabpfn,5.936270099482499e-05,0
entity_0112,entity_1000,0,tabpfn,2.8251803087187e-05,0
entity_0297,entity_0295,1,tabpfn,0.9981839656829834,1
entity_0006,entity_0304,0,tabpfn,7.510128853027709e-06,0
entity_0782,entity_0789,1,tabpfn,0.9727601408958435,1
entity_0828,entity_0825,1,tabpfn,0.9986538887023926,1
entity_0296,entity_0057,0,tabpfn,2.2649712718703086e-06,0
entity_0364,entity_0368,1,tabpfn,0.9982820153236389,1
entity_0205,entity_0065,0,tabpfn,4.410724159242818e-06,0
entity_0375,entity_0998,0,tabpfn,8.463787708024029e-06,0
entity_0133,entity_0010,0,tabpfn,6.973257404752076e-05,0
entity_0312,entity_0314,1,tabpfn,0.998858630657196,1
entity_0099,entity_0092,1,tabpfn,0.992331326007843,1
entity_0984,entity_0852,0,tabpfn,7.450525572494371e-06,0
entity_0025,entity_0315,0,tabpfn,5.245181455393322e-06,0
entity_0696,entity_0460,0,tabpfn,6.1988448578631505e-06,0
entity_0762,entity_0763,1,tabpfn,0.9967417120933533,1
entity_0513,entity_0514,1,tabpfn,0.9988919496536255,1
entity_0555,entity_0932,0,tabpfn,3.099431978625944e-06,0
entity_0546,entity_0091,0,tabpfn,3.695474333653692e-06,0
entity_0942,entity_0511,0,tabpfn,7.033298516034847e-06,0
entity_0627,entity_0188,0,tabpfn,5.483597306010779e-06,0
entity_0049,entity_0290,0,tabpfn,1.549718376736564e-06,0
entity_0392,entity_0908,0,tabpfn,3.278244548710063e-06,0
entity_0521,entity_0397,0,tabpfn,1.1324754268571269e-05,0
entity_0326,entity_0327,1,tabpfn,0.9990324974060059,1
entity_0968,entity_0271,0,tabpfn,4.768348844663706e-06,0
entity_0673,entity_0162,0,tabpfn,3.7550782963080565e-06,0
entity_0990,entity_0847,0,tabpfn,9.059824151336215e-06,0
entity_0955,entity_0760,0,tabpfn,2.2649712718703086e-06,0
entity_0776,entity_0957,0,tabpfn,3.3974533835134935e-06,0
entity_0825,entity_0829,1,tabpfn,0.9963256120681763,1
entity_0152,entity_0158,1,tabpfn,0.9928345680236816,1
entity_0600,entity_0007,0,tabpfn,9.298238182964269e-06,0
entity_0636,entity_0530,0,tabpfn,1.2039993634971324e-05,0
entity_0428,entity_0321,0,tabpfn,5.602805231319508e-06,0
entity_0915,entity_0913,1,tabpfn,0.9952766299247742,1
entity_0811,entity_0818,1,tabpfn,0.9857646226882935,1
entity_0770,entity_0766,1,tabpfn,0.994904637336731,1
entity_0750,entity_0043,0,tabpfn,3.933891093765851e-06,0
entity_0462,entity_0696,0,tabpfn,2.1457626644405536e-06,0
entity_0987,entity_0575,0,tabpfn,1.656981658015866e-05,0
entity_0603,entity_0232,0,tabpfn,4.649140464607626e-06,0
entity_0960,entity_0571,0,tabpfn,6.1988448578631505e-06,0
entity_0641,entity_0357,0,tabpfn,4.768348844663706e-06,0
entity_0060,entity_0219,0,tabpfn,1.84774046374514e-06,0
entity_0691,entity_0697,1,tabpfn,0.9930466413497925,1
entity_0829,entity_0809,0,tabpfn,0.01268024742603302,0
entity_0693,entity_0022,0,tabpfn,1.26360246213153e-05,0
entity_0833,entity_0874,0,tabpfn,8.749196422286332e-05,0
entity_0517,entity_0929,0,tabpfn,4.410724159242818e-06,0
entity_0360,entity_0711,0,tabpfn,1.728531856315385e-06,0
entity_0146,entity_0082,0,tabpfn,5.828994471812621e-05,0
entity_0741,entity_0314,0,tabpfn,5.36438938070205e-06,0
entity_0765,entity_0766,1,tabpfn,0.9963389039039612,1
entity_0516,entity_0513,1,tabpfn,0.9983372688293457,1
entity_0069,entity_0067,1,tabpfn,0.9968307614326477,1
entity_0244,entity_0242,1,tabpfn,0.9967965483665466,1
entity_0917,entity_0915,1,tabpfn,0.9971825480461121,1
entity_0009,entity_0004,1,tabpfn,0.9824069142341614,1
entity_0359,entity_0353,1,tabpfn,0.9941937327384949,1
entity_0569,entity_0182,0,tabpfn,2.980223371196189e-06,0
entity_0384,entity_0072,0,tabpfn,2.622597548906924e-06,0
entity_0093,entity_0095,1,tabpfn,0.99579918384552,1
entity_0231,entity_0602,0,tabpfn,1.907344994833693e-06,0
entity_0265,entity_0437,0,tabpfn,4.11270366384997e-06,0
entity_0737,entity_0731,1,tabpfn,0.992743968963623,1
entity_0990,entity_0493,0,tabpfn,1.0669116818462498e-05,0
entity_0263,entity_0278,0,tabpfn,0.18369339406490326,0
entity_0172,entity_0179,1,tabpfn,0.988663911819458,1
entity_0096,entity_0093,1,tabpfn,0.9968041181564331,1
entity_0265,entity_0269,1,tabpfn,0.996188759803772,1
entity_0311,entity_0632,0,tabpfn,2.622597548906924e-06,0
entity_0211,entity_0292,0,tabpfn,2.0920791939715855e-05,0
entity_0867,entity_0423,0,tabpfn,2.861014763766434e-06,0
entity_0038,entity_0040,1,tabpfn,0.9932019710540771,1
entity_0643,entity_0650,1,tabpfn,0.9907302260398865,1
entity_0656,entity_0320,0,tabpfn,4.410724159242818e-06,0
entity_0732,entity_0209,0,tabpfn,3.933891093765851e-06,0
entity_0718,entity_0716,1,tabpfn,0.9978241920471191,1
entity_0397,entity_0391,1,tabpfn,0.9958658218383789,1
entity_0323,entity_0203,0,tabpfn,4.11270366384997e-06,0
entity_0944,entity_0042,0,tabpfn,3.2186403586820234e-06,0
entity_0784,entity_0596,0,tabpfn,2.5629929041315336e-06,0
entity_0993,entity_0998,1,tabpfn,0.997714638710022,1
entity_0808,entity_0809,1,tabpfn,0.9970645904541016,1
entity_0512,entity_0515,1,tabpfn,0.9978013634681702,1
entity_0456,entity_0452,1,tabpfn,0.9989176988601685,1
entity_0727,entity_0724,1,tabpfn,0.9959835410118103,1
entity_0174,entity_0180,1,tabpfn,0.9904157519340515,1
entity_0393,entity_0396,1,tabpfn,0.9962685704231262,1
entity_0096,entity_0316,0,tabpfn,2.2649712718703086e-06,0
entity_0294,entity_0844,0,tabpfn,3.2186403586820234e-06,0
entity_0414,entity_0419,1,tabpfn,0.994333028793335,1
entity_0493,entity_0528,0,tabpfn,7.289116183528677e-05,0
entity_0528,entity_0522,1,tabpfn,0.9952842593193054,1
entity_0078,entity_0071,1,tabpfn,0.9894163608551025,1
entity_0025,entity_0819,0,tabpfn,5.185576810617931e-06,0
entity_0080,entity_0077,1,tabpfn,0.996295154094696,1
entity_0853,entity_0059,0,tabpfn,4.410724159242818e-06,0
entity_0155,entity_0557,0,tabpfn,2.503388714103494e-06,0
entity_0567,entity_0561,1,tabpfn,0.995949387550354,1
entity_0861,entity_0866,1,tabpfn,0.9962780475616455,1
entity_0176,entity_0177,1,tabpfn,0.9977880716323853,1
entity_0101,entity_0107,1,tabpfn,0.9862152338027954,1
entity_0176,entity_0179,1,tabpfn,0.9965326189994812,1
entity_0165,entity_0161,1,tabpfn,0.9954361319541931,1
entity_0489,entity_0481,1,tabpfn,0.9897989630699158,1
entity_0806,entity_0226,0,tabpfn,3.4570573461678578e-06,0
entity_0520,entity_0517,1,tabpfn,0.9986605644226074,1
entity_0273,entity_0276,1,tabpfn,0.9970626831054688,1
entity_0725,entity_0176,0,tabpfn,3.7550782963080565e-06,0
entity_0216,entity_0671,0,tabpfn,2.3245756892720237e-06,0
entity_0320,entity_0534,0,tabpfn,3.933891093765851e-06,0
entity_0276,entity_0710,0,tabpfn,1.7881361600302625e-06,0
entity_0317,entity_0666,0,tabpfn,2.2649712718703086e-06,0
entity_0612,entity_0326,0,tabpfn,5.36438938070205e-06,0
entity_0119,entity_0805,0,tabpfn,5.483597306010779e-06,0
entity_0183,entity_0188,1,tabpfn,0.9918242692947388,1
entity_0964,entity_0990,0,tabpfn,0.0034255720674991608,0
entity_0353,entity_0354,1,tabpfn,0.9967984557151794,1
entity_0616,entity_0668,0,tabpfn,1.2576420886034612e-05,0
entity_0800,entity_0036,0,tabpfn,4.887556769972434e-06,0
entity_0453,entity_0454,1,tabpfn,0.9991902112960815,1
entity_0617,entity_0271,0,tabpfn,6.318052328424528e-06,0
entity_0636,entity_0634,1,tabpfn,0.9984332919120789,1
entity_0061,entity_0564,0,tabpfn,3.4570573461678578e-06,0
entity_0170,entity_0168,1,tabpfn,0.9970056414604187,1
entity_0776,entity_0347,0,tabpfn,3.3974533835134935e-06,0
entity_0516,entity_0707,0,tabpfn,2.5629929041315336e-06,0
entity_0526,entity_0521,1,tabpfn,0.9982572793960571,1
entity_0237,entity_0167,0,tabpfn,2.3841290385462344e-05,0
entity_0278,entity_0210,0,tabpfn,2.5510136765660718e-05,0
entity_0654,entity_0539,0,tabpfn,7.331317192438291e-06,0
entity_0923,entity_0927,1,tabpfn,0.9920663833618164,1
entity_0467,entity_0463,1,tabpfn,0.998512327671051,1
entity_0311,entity_0318,1,tabpfn,0.9945226907730103,1
entity_0100,entity_0745,0,tabpfn,4.589536729326937e-06,0
entity_0032,entity_0033,1,tabpfn,0.9952766299247742,1
entity_0615,entity_0618,1,tabpfn,0.9970151782035828,1
entity_0937,entity_0538,0,tabpfn,6.794883120164741e-06,0
entity_0622,entity_0621,1,tabpfn,0.9989882111549377,1
entity_0322,entity_0391,0,tabpfn,1.1682373951771297e-05,0
entity_0796,entity_0369,0,tabpfn,3.3974533835134935e-06,0
entity_0576,entity_0580,1,tabpfn,0.9920134544372559,1
entity_0846,entity_0841,1,tabpfn,0.9977450966835022,1
entity_0469,entity_0468,1,tabpfn,0.9991534948348999,1
entity_0835,entity_0344,0,tabpfn,2.3245756892720237e-06,0
entity_0944,entity_0941,1,tabpfn,0.9977602958679199,1
entity_0741,entity_0747,1,tabpfn,0.9878382086753845,1
entity_0372,entity_0378,1,tabpfn,0.9887187480926514,1
entity_0537,entity_0353,0,tabpfn,3.4570573461678578e-06,0
entity_0963,entity_0966,1,tabpfn,0.9977089166641235,1
entity_0722,entity_0963,0,tabpfn,2.0265538296371233e-06,0
entity_0149,entity_0148,1,tabpfn,0.9976556301116943,1
entity_0335,entity_0331,1,tabpfn,0.9969714283943176,1
entity_0461,entity_0076,0,tabpfn,3.3378489661117783e-06,0
entity_0647,entity_0926,0,tabpfn,1.728531856315385e-06,0
entity_0444,entity_0226,0,tabpfn,2.0265538296371233e-06,0
entity_0830,entity_0825,1,tabpfn,0.9975395798683167,1
entity_0609,entity_0604,1,tabpfn,0.9957080483436584,1
entity_0843,entity_0587,0,tabpfn,3.5762659535976127e-06,0
entity_0146,entity_0142,1,tabpfn,0.9947769045829773,1
entity_0816,entity_0188,0,tabpfn,4.053099473821931e-06,0
entity_0863,entity_0253,0,tabpfn,3.3974533835134935e-06,0
entity_0598,entity_0592,1,tabpfn,0.9949274063110352,1
entity_0299,entity_0633,0,tabpfn,2.384180106673739e-06,0
entity_0760,entity_0752,1,tabpfn,0.9684094786643982,1
entity_0663,entity_0667,1,tabpfn,0.9971691966056824,1
entity_0072,entity_0077,1,tabpfn,0.994140625,1
entity_0065,entity_0068,1,tabpfn,0.9964926838874817,1
entity_0455,entity_0685,0,tabpfn,2.205367081842269e-06,0
entity_0284,entity_0715,0,tabpfn,2.205367081842269e-06,0
entity_0862,entity_0458,0,tabpfn,3.4570573461678578e-06,0
entity_0483,entity_0288,0,tabpfn,3.0398275612242287e-06,0
entity_0058,entity_0313,0,tabpfn,2.0265538296371233e-06,0
entity_0601,entity_0401,0,tabpfn,5.6624089666001964e-06,0
entity_0992,entity_0753,0,tabpfn,5.125973075337242e-06,0
entity_0878,entity_0876,1,tabpfn,0.9974197149276733,1
entity_0461,entity_0226,0,tabpfn,7.390921382466331e-06,0
entity_0705,entity_0990,0,tabpfn,4.231911589158699e-06,0
entity_0092,entity_0202,0,tabpfn,1.907344994833693e-06,0
entity_0355,entity_0353,1,tabpfn,0.9982191920280457,1
entity_0641,entity_0646,1,tabpfn,0.9960481524467468,1
entity_0122,entity_0712,0,tabpfn,5.185576810617931e-06,0
entity_0529,entity_0521,1,tabpfn,0.8724520802497864,1
entity_0815,entity_0813,1,tabpfn,0.9980906844139099,1
entity_0107,entity_0376,0,tabpfn,2.622597548906924e-06,0
entity_0946,entity_0944,1,tabpfn,0.9975605010986328,1
entity_0715,entity_0717,1,tabpfn,0.9975110292434692,1
entity_0965,entity_0143,0,tabpfn,2.9206191811681492e-06,0
entity_0481,entity_0588,0,tabpfn,5.423993115982739e-06,0
entity_0270,entity_0262,1,tabpfn,0.9772595167160034,1
entity_0054,entity_0059,1,tabpfn,0.9705994725227356,1
entity_0986,entity_0982,1,tabpfn,0.9953792095184326,1
entity_0586,entity_0675,0,tabpfn,5.781617346656276e-06,0
entity_0134,entity_0246,0,tabpfn,2.0265538296371233e-06,0
entity_0678,entity_0860,0,tabpfn,2.443784524075454e-06,0
entity_0787,entity_0017,0,tabpfn,6.437260253733257e-06,0
entity_0720,entity_0717,1,tabpfn,0.9973759651184082,1
entity_0711,entity_0448,0,tabpfn,5.125973075337242e-06,0
entity_0573,entity_0326,0,tabpfn,3.635870370999328e-06,0
entity_0118,entity_0115,1,tabpfn,0.9966903924942017,1
entity_0800,entity_0794,1,tabpfn,0.9943113327026367,1
entity_0874,entity_0876,1,tabpfn,0.9976662993431091,1
entity_0070,entity_0941,0,tabpfn,6.735279839631403e-06,0
entity_0790,entity_0291,0,tabpfn,3.4570573461678578e-06,0
entity_0025,entity_0024,1,tabpfn,0.9949501752853394,1
entity_0941,entity_0943,1,tabpfn,0.9965687394142151,1
entity_0902,entity_0016,0,tabpfn,5.125973075337242e-06,0
entity_0357,entity_0355,1,tabpfn,0.9988113641738892,1
entity_0072,entity_0079,1,tabpfn,0.9873951077461243,1
entity_0804,entity_0608,0,tabpfn,3.099431978625944e-06,0
entity_0808,entity_0810,1,tabpfn,0.9972167611122131,1
entity_0760,entity_0775,0,tabpfn,0.10894110798835754,0
entity_0071,entity_0077,1,tabpfn,0.9845778346061707,1
entity_0193,entity_0661,0,tabpfn,2.741806156336679e-06,0
entity_0489,entity_0697,0,tabpfn,1.9669496396090835e-06,0
entity_0487,entity_0123,0,tabpfn,2.205367081842269e-06,0
entity_0672,entity_0677,1,tabpfn,0.9958106279373169,1
entity_0529,entity_0528,1,tabpfn,0.9988405704498291,1
entity_0087,entity_0085,1,tabpfn,0.9964793920516968,1
entity_0398,entity_0394,1,tabpfn,0.9975148439407349,1
entity_0994,entity_0998,1,tabpfn,0.9983428120613098,1
entity_0359,entity_0291,0,tabpfn,1.615259679965675e-05,0
entity_0489,entity_0753,0,tabpfn,2.503388714103494e-06,0
entity_0661,entity_0665,1,tabpfn,0.9974901080131531,1
entity_0911,entity_0918,1,tabpfn,0.9554789066314697,1
entity_0061,entity_0062,1,tabpfn,0.9961108565330505,1
entity_0168,entity_0169,1,tabpfn,0.9968763589859009,1
entity_0142,entity_0143,1,tabpfn,0.9981173276901245,1
entity_0245,entity_0244,1,tabpfn,0.9976746439933777,1
entity_0857,entity_0786,0,tabpfn,2.0801589926122688e-05,0
entity_0434,entity_0054,0,tabpfn,2.9206191811681492e-06,0
entity_0703,entity_0891,0,tabpfn,2.2649712718703086e-06,0
entity_0778,entity_0775,1,tabpfn,0.9962286353111267,1
entity_0375,entity_0372,1,tabpfn,0.9986786842346191,1
entity_0835,entity_0091,0,tabpfn,3.635870370999328e-06,0
entity_0597,entity_0630,0,tabpfn,4.225791053613648e-05,0
entity_0494,entity_0498,1,tabpfn,0.998178243637085,1
entity_0084,entity_0087,1,tabpfn,0.9962305426597595,1
entity_0952,entity_0383,0,tabpfn,6.5564677242946345e-06,0
entity_0448,entity_0779,0,tabpfn,1.6689273252268322e-06,0
entity_0279,entity_0764,0,tabpfn,2.384180106673739e-06,0
entity_0683,entity_0690,1,tabpfn,0.9877251386642456,1
entity_0026,entity_0027,1,tabpfn,0.9957822561264038,1
entity_0029,entity_0635,0,tabpfn,9.477048479311634e-06,0
entity_0931,entity_0478,0,tabpfn,5.483597306010779e-06,0
entity_0841,entity_0365,0,tabpfn,2.622597548906924e-06,0
entity_0139,entity_0169,0,tabpfn,0.0006102770566940308,0
entity_0295,entity_0294,1,tabpfn,0.9975776076316833,1
entity_0016,entity_0018,1,tabpfn,0.9917522072792053,1
entity_0393,entity_0190,0,tabpfn,2.5629929041315336e-06,0
entity_0810,entity_0487,0,tabpfn,4.649140464607626e-06,0
entity_0131,entity_0135,1,tabpfn,0.9977583885192871,1
entity_0648,entity_0131,0,tabpfn,3.8146827137097716e-06,0
entity_0636,entity_0640,1,tabpfn,0.9966181516647339,1
entity_0043,entity_0050,1,tabpfn,0.9084249138832092,1
entity_0899,entity_0894,1,tabpfn,0.9945947527885437,1
entity_0701,entity_0707,1,tabpfn,0.9925621747970581,1
entity_0408,entity_0402,1,tabpfn,0.9965706467628479,1
entity_0795,entity_0667,0,tabpfn,3.3974533835134935e-06,0
entity_0977,entity_0421,0,tabpfn,9.059824151336215e-06,0
entity_0698,entity_0213,0,tabpfn,4.2915162339340895e-06,0
entity_0817,entity_0812,1,tabpfn,0.996999979019165,1
entity_0577,entity_0412,0,tabpfn,1.0490307431609835e-05,0
entity_0041,entity_0045,1,tabpfn,0.9790935516357422,1
entity_0525,entity_0526,1,tabpfn,0.9986567497253418,1
entity_0074,entity_0072,1,tabpfn,0.9972072839736938,1
entity_0042,entity_0041,1,tabpfn,0.9961621761322021,1
entity_0920,entity_0863,0,tabpfn,4.827743032365106e-05,0
entity_0116,entity_0699,0,tabpfn,5.602805231319508e-06,0
entity_0209,entity_0541,0,tabpfn,3.2186403586820234e-06,0
entity_0244,entity_0246,1,tabpfn,0.9955029487609863,1
entity_0332,entity_0338,1,tabpfn,0.9897687435150146,1
entity_0024,entity_0026,1,tabpfn,0.992456316947937,1
entity_0719,entity_0563,0,tabpfn,3.7550782963080565e-06,0
entity_0609,entity_0817,0,tabpfn,3.874287358485162e-06,0
entity_0379,entity_0645,0,tabpfn,1.6093226804514416e-06,0
entity_0385,entity_0386,1,tabpfn,0.9984999299049377,1
entity_0666,entity_0667,1,tabpfn,0.9986437559127808,1
entity_0139,entity_0690,0,tabpfn,4.589536729326937e-06,0
entity_0358,entity_0013,0,tabpfn,3.278244548710063e-06,0
entity_0063,entity_0064,1,tabpfn,0.9954611659049988,1
entity_0020,entity_0019,1,tabpfn,0.9959455728530884,1
entity_0713,entity_0245,0,tabpfn,5.602805231319508e-06,0
entity_0023,entity_0028,1,tabpfn,0.9846830368041992,1
entity_0255,entity_0251,1,tabpfn,0.9971349835395813,1
entity_0633,entity_0969,0,tabpfn,2.1457626644405536e-06,0
entity_0536,entity_0539,1,tabpfn,0.9985523223876953,1
entity_0072,entity_0078,1,tabpfn,0.9847506284713745,1
entity_0528,entity_0521,1,tabpfn,0.9966200590133667,1
entity_0874,entity_0877,1,tabpfn,0.9973303079605103,1
entity_0978,entity_0980,1,tabpfn,0.997613787651062,1
entity_0026,entity_0025,1,tabpfn,0.9962875843048096,1
entity_0385,entity_0530,0,tabpfn,1.621220144443214e-05,0
entity_0370,entity_0369,1,tabpfn,0.999083936214447,1
entity_0959,entity_0957,1,tabpfn,0.9983058571815491,1
entity_0680,entity_0591,0,tabpfn,1.2576420886034612e-05,0
entity_0935,entity_0939,1,tabpfn,0.988334059715271,1
entity_0380,entity_0995,0,tabpfn,7.390921382466331e-06,0
entity_0419,entity_0364,0,tabpfn,3.737071165232919e-05,0
entity_0736,entity_0233,0,tabpfn,4.529932539298898e-06,0
entity_0559,entity_0747,0,tabpfn,3.099431978625944e-06,0
entity_0936,entity_0357,0,tabpfn,4.649140464607626e-06,0
entity_0469,entity_0188,0,tabpfn,1.9669496396090835e-06,0
entity_0910,entity_0527,0,tabpfn,5.6624089666001964e-06,0
entity_0334,entity_0545,0,tabpfn,4.2915162339340895e-06,0
entity_0624,entity_0121,0,tabpfn,3.933891093765851e-06,0
entity_0346,entity_0347,1,tabpfn,0.996697723865509,1
entity_0385,entity_0262,0,tabpfn,2.9206191811681492e-06,0
entity_0971,entity_0978,1,tabpfn,0.9791234135627747,1
entity_0883,entity_0886,1,tabpfn,0.9948553442955017,1
entity_0411,entity_0417,1,tabpfn,0.9803640246391296,1
entity_0441,entity_0446,1,tabpfn,0.997668981552124,1
entity_0420,entity_0876,0,tabpfn,2.6822019663086394e-06,0
entity_0633,entity_0151,0,tabpfn,4.11270366384997e-06,0
entity_0605,entity_0579,0,tabpfn,0.00018283360986970365,0
entity_0816,entity_0815,1,tabpfn,0.997991681098938,1
entity_0465,entity_0467,1,tabpfn,0.9987589716911316,1
entity_0737,entity_0735,1,tabpfn,0.9974596500396729,1
entity_0499,entity_0497,1,tabpfn,0.998664379119873,1
entity_0833,entity_0499,0,tabpfn,4.231911589158699e-06,0
entity_0261,entity_0263,1,tabpfn,0.9968478679656982,1
entity_0731,entity_0738,1,tabpfn,0.9801748991012573,1
entity_0540,entity_0824,0,tabpfn,2.622597548906924e-06,0
entity_0945,entity_0663,0,tabpfn,4.887556769972434e-06,0
entity_0959,entity_0955,1,tabpfn,0.9964622855186462,1
entity_0397,entity_0398,1,tabpfn,0.9985961318016052,1
entity_0884,entity_0886,1,tabpfn,0.9966656565666199,1
entity_0768,entity_0762,1,tabpfn,0.9905714988708496,1
entity_0576,entity_0294,0,tabpfn,3.99349482904654e-06,0
entity_0795,entity_0796,1,tabpfn,0.9970170855522156,1
entity_0439,entity_0141,0,tabpfn,1.728531856315385e-06,0
entity_0514,entity_0515,1,tabpfn,0.9988995790481567,1
entity_0250,entity_0309,0,tabpfn,3.331788320792839e-05,0
entity_0371,entity_0376,1,tabpfn,0.9974463582038879,1
entity_0109,entity_0397,0,tabpfn,2.205367081842269e-06,0
entity_0419,entity_0742,0,tabpfn,1.84774046374514e-06,0
entity_0326,entity_0329,1,tabpfn,0.9985294342041016,1
entity_0427,entity_0833,0,tabpfn,1.7881361600302625e-06,0
entity_0917,entity_0626,0,tabpfn,4.827953034691745e-06,0
entity_0602,entity_0601,1,tabpfn,0.9984123110771179,1
entity_0892,entity_0401,0,tabpfn,3.3378489661117783e-06,0
entity_0260,entity_0256,1,tabpfn,0.9970265626907349,1
entity_0619,entity_0612,1,tabpfn,0.995533287525177,1
entity_0285,entity_0288,1,tabpfn,0.99821537733078,1
entity_0656,entity_0484,0,tabpfn,5.841221081936965e-06,0
entity_0887,entity_0813,0,tabpfn,1.6987036360660568e-05,0
entity_0867,entity_0864,1,tabpfn,0.9973670840263367,1
entity_0052,entity_0056,1,tabpfn,0.9817538261413574,1
entity_0074,entity_0071,1,tabpfn,0.9966181516647339,1
entity_0607,entity_0516,0,tabpfn,2.562934059824329e-05,0
entity_0590,entity_0565,0,tabpfn,0.00022084603551775217,0
entity_0568,entity_0700,0,tabpfn,8.344580237462651e-06,0
entity_0771,entity_0156,0,tabpfn,3.933891093765851e-06,0
entity_0952,entity_0958,1,tabpfn,0.9913167953491211,1
entity_0486,entity_0488,1,tabpfn,0.9988224506378174,1
entity_0421,entity_0429,1,tabpfn,0.9708957076072693,1
entity_0518,entity_0570,0,tabpfn,4.6847057092236355e-05,0
entity_0746,entity_0998,0,tabpfn,3.212587034795433e-05,0
entity_0216,entity_0219,1,tabpfn,0.9953829646110535,1
entity_0930,entity_0927,1,tabpfn,0.9962039589881897,1
entity_0246,entity_0897,0,tabpfn,5.245181455393322e-06,0
entity_0969,entity_0970,1,tabpfn,0.9984704256057739,1
entity_0917,entity_0920,1,tabpfn,0.9907150864601135,1
entity_0231,entity_0238,1,tabpfn,0.982361912727356,1
entity_0017,entity_0382,0,tabpfn,3.4570573461678578e-06,0
entity_0909,entity_0902,1,tabpfn,0.9890540838241577,1
entity_0679,entity_0680,1,tabpfn,0.9980506896972656,1
entity_0848,entity_0535,0,tabpfn,5.006765150028514e-06,0
entity_0573,entity_0688,0,tabpfn,4.649140464607626e-06,0
entity_0542,entity_0946,0,tabpfn,2.861014763766434e-06,0
entity_0644,entity_0649,1,tabpfn,0.991968035697937,1
entity_0730,entity_0359,0,tabpfn,4.649140464607626e-06,0
entity_0366,entity_0032,0,tabpfn,3.099431978625944e-06,0
entity_0011,entity_0863,0,tabpfn,4.827953034691745e-06,0
entity_0490,entity_0577,0,tabpfn,7.271713911904953e-06,0
entity_0758,entity_0754,1,tabpfn,0.9954171776771545,1
entity_0647,entity_0642,1,tabpfn,0.9979422092437744,1
entity_0069,entity_0066,1,tabpfn,0.9963539838790894,1
entity_0785,entity_0997,0,tabpfn,4.9469406803837046e-05,0
entity_0756,entity_0243,0,tabpfn,4.17230785387801e-06,0
entity_0606,entity_0608,1,tabpfn,0.9967378973960876,1
entity_0222,entity_0655,0,tabpfn,1.84774046374514e-06,0
entity_0136,entity_0134,1,tabpfn,0.9974311590194702,1
entity_0238,entity_0979,0,tabpfn,1.0549911166890524e-05,0
entity_0888,entity_0882,1,tabpfn,0.9931640625,1
entity_0130,entity_0124,1,tabpfn,0.9947124123573303,1
entity_0490,entity_0994,0,tabpfn,1.0669116818462498e-05,0
entity_0620,entity_0615,1,tabpfn,0.9975490570068359,1
entity_0716,entity_0408,0,tabpfn,4.887556769972434e-06,0
entity_0722,entity_0522,0,tabpfn,4.470327894523507e-06,0
entity_0543,entity_0545,1,tabpfn,0.998389482498169,1
entity_0565,entity_0567,1,tabpfn,0.9978679418563843,1
entity_0404,entity_0405,1,tabpfn,0.9980316758155823,1
entity_0153,entity_0678,0,tabpfn,3.933891093765851e-06,0
entity_0502,entity_0228,0,tabpfn,2.205367081842269e-06,0
entity_0501,entity_0954,0,tabpfn,3.695474333653692e-06,0
entity_0569,entity_0568,1,tabpfn,0.9988052845001221,1
entity_0233,entity_0237,1,tabpfn,0.9949615597724915,1
entity_0262,entity_0264,1,tabpfn,0.9974482655525208,1
entity_0058,entity_0054,1,tabpfn,0.9936409592628479,1
entity_0919,entity_0918,1,tabpfn,0.9955007433891296,1
entity_0384,entity_0381,1,tabpfn,0.9989586472511292,1
entity_0727,entity_0728,1,tabpfn,0.9972472190856934,1
entity_0792,entity_0353,0,tabpfn,3.933891093765851e-06,0
entity_0801,entity_0810,1,tabpfn,0.9373283982276917,1
entity_0673,entity_0674,1,tabpfn,0.9982506036758423,1
entity_0828,entity_0826,1,tabpfn,0.9983629584312439,1
entity_0436,entity_0439,1,tabpfn,0.9977393746376038,1
entity_0347,entity_0483,0,tabpfn,9.894272807287052e-06,0
entity_0645,entity_0647,1,tabpfn,0.9975224733352661,1
entity_0352,entity_0414,0,tabpfn,5.745557791669853e-05,0
entity_0729,entity_0318,0,tabpfn,5.602805231319508e-06,0
entity_0330,entity_0328,1,tabpfn,0.9978546500205994,1
entity_0010,entity_0297,0,tabpfn,3.5762659535976127e-06,0
entity_0752,entity_0756,1,tabpfn,0.9936864376068115,1
entity_0111,entity_0548,0,tabpfn,2.6822019663086394e-06,0
entity_0046,entity_0502,0,tabpfn,4.2915162339340895e-06,0
entity_0153,entity_0156,1,tabpfn,0.996165931224823,1
entity_0092,entity_0040,0,tabpfn,0.00037245298153720796,0
entity_0581,entity_0585,1,tabpfn,0.9913395047187805,1
entity_0413,entity_0415,1,tabpfn,0.9977108240127563,1
entity_0279,entity_0795,0,tabpfn,2.861014763766434e-06,0
entity_0405,entity_0407,1,tabpfn,0.9974387288093567,1
entity_0323,entity_0325,1,tabpfn,0.9989710450172424,1
entity_0441,entity_0445,1,tabpfn,0.9986856579780579,1
entity_0967,entity_0429,0,tabpfn,8.225373676395975e-06,0
entity_0225,entity_0223,1,tabpfn,0.9964016079902649,1
entity_0810,entity_0805,1,tabpfn,0.9968858957290649,1
entity_0326,entity_0328,1,tabpfn,0.9984058141708374,1
entity_0690,entity_0906,0,tabpfn,1.907344994833693e-06,0
entity_0473,entity_0069,0,tabpfn,3.7550782963080565e-06,0
entity_0152,entity_0350,0,tabpfn,2.861014763766434e-06,0
entity_0610,entity_0604,1,tabpfn,0.9953981637954712,1
entity_0633,entity_0616,0,tabpfn,0.01905793696641922,0
entity_0409,entity_0406,1,tabpfn,0.9985370635986328,1
entity_0972,entity_0660,0,tabpfn,4.529932539298898e-06,0
entity_0208,entity_0464,0,tabpfn,3.159036396027659e-06,0
entity_0832,entity_0207,0,tabpfn,3.4570573461678578e-06,0
entity_0321,entity_0923,0,tabpfn,4.053099473821931e-06,0
entity_0477,entity_0698,0,tabpfn,2.205367081842269e-06,0
entity_0356,entity_0355,1,tabpfn,0.9988415241241455,1
entity_0896,entity_0895,1,tabpfn,0.9970722198486328,1
entity_0654,entity_0658,1,tabpfn,0.9961697459220886,1
entity_0028,entity_0030,1,tabpfn,0.9952386617660522,1
entity_0551,entity_0552,1,tabpfn,0.9985342025756836,1
entity_0098,entity_0091,1,tabpfn,0.9916462302207947,1
entity_0500,entity_0499,1,tabpfn,0.9990091323852539,1
entity_0715,entity_0714,1,tabpfn,0.9982944130897522,1
entity_0725,entity_0949,0,tabpfn,2.1457626644405536e-06,0
entity_0917,entity_0914,1,tabpfn,0.9936902523040771,1
entity_0198,entity_0200,1,tabpfn,0.9957535862922668,1
entity_0987,entity_0932,0,tabpfn,0.00017699446470942348,0
entity_0619,entity_0981,0,tabpfn,2.622597548906924e-06,0
entity_0811,entity_0814,1,tabpfn,0.997251033782959,1
entity_0471,entity_0842,0,tabpfn,2.086158019665163e-06,0
entity_0684,entity_0690,1,tabpfn,0.9918127059936523,1
entity_0016,entity_0014,1,tabpfn,0.9947579503059387,1
entity_0576,entity_0630,0,tabpfn,1.1920787073904648e-05,0
entity_0236,entity_0240,1,tabpfn,0.9940458536148071,1
entity_0102,entity_0105,1,tabpfn,0.9969942569732666,1
entity_0980,entity_0507,0,tabpfn,9.298238182964269e-06,0
entity_0959,entity_0755,0,tabpfn,2.3245756892720237e-06,0
entity_0509,entity_0508,1,tabpfn,0.998932957649231,1
entity_0130,entity_0128,1,tabpfn,0.9976841807365417,1
entity_0090,entity_0836,0,tabpfn,6.616071459575323e-06,0
entity_0316,entity_0313,1,tabpfn,0.9988500475883484,1
entity_0336,entity_0338,1,tabpfn,0.997913658618927,1
entity_0543,entity_0547,1,tabpfn,0.9972566962242126,1
entity_0425,entity_0631,0,tabpfn,2.980223371196189e-06,0
entity_0117,entity_0672,0,tabpfn,4.589536729326937e-06,0
entity_0972,entity_0002,0,tabpfn,6.865983596071601e-05,0
entity_0777,entity_0747,0,tabpfn,7.140126399463043e-05,0
entity_0003,entity_0842,0,tabpfn,4.887556769972434e-06,0
entity_0616,entity_0613,1,tabpfn,0.9982724189758301,1
entity_0552,entity_0555,1,tabpfn,0.9984713792800903,1
entity_0207,entity_0602,0,tabpfn,2.3245756892720237e-06,0
entity_0336,entity_0335,1,tabpfn,0.9985294342041016,1
entity_0969,entity_0963,1,tabpfn,0.995533287525177,1
entity_0958,entity_0953,1,tabpfn,0.994269609451294,1
entity_0682,entity_0262,0,tabpfn,4.768348844663706e-06,0
entity_0091,entity_0887,0,tabpfn,8.642598913866095e-06,0
entity_0859,entity_0852,1,tabpfn,0.9953526258468628,1
entity_0163,entity_0161,1,tabpfn,0.9971520900726318,1
entity_0167,entity_0798,0,tabpfn,6.4968644437612966e-06,0
entity_0374,entity_0201,0,tabpfn,2.5629929041315336e-06,0
entity_0608,entity_0605,1,tabpfn,0.9976537227630615,1
entity_0452,entity_0844,0,tabpfn,2.503388714103494e-06,0
entity_0725,entity_0501,0,tabpfn,4.589536729326937e-06,0
entity_0916,entity_0912,1,tabpfn,0.9932777285575867,1
entity_0115,entity_0721,0,tabpfn,4.947160960000474e-06,0
entity_0338,entity_0334,1,tabpfn,0.9982096552848816,1
entity_0036,entity_0037,1,tabpfn,0.9935727715492249,1
entity_0400,entity_0501,0,tabpfn,4.2915162339340895e-06,0
entity_0159,entity_0976,0,tabpfn,2.592734745121561e-05,0
entity_0139,entity_0137,1,tabpfn,0.99652498960495,1
entity_0563,entity_0724,0,tabpfn,3.278244548710063e-06,0
entity_0281,entity_0994,0,tabpfn,8.82140921021346e-06,0
entity_0634,entity_0631,1,tabpfn,0.998648464679718,1
entity_0623,entity_0626,1,tabpfn,0.9970417618751526,1
entity_0034,entity_0032,1,tabpfn,0.994499921798706,1
entity_0807,entity_0427,0,tabpfn,3.278244548710063e-06,0
entity_0799,entity_0794,1,tabpfn,0.9951361417770386,1
entity_0671,entity_0672,1,tabpfn,0.997913658618927,1
entity_0194,entity_0195,1,tabpfn,0.9963502883911133,1
entity_0320,entity_0316,1,tabpfn,0.9967702627182007,1
entity_0919,entity_0935,0,tabpfn,0.044980164617300034,0
entity_0295,entity_0299,1,tabpfn,0.9969257712364197,1
entity_0217,entity_0828,0,tabpfn,5.185576810617931e-06,0
entity_0883,entity_0109,0,tabpfn,2.801410346364719e-06,0
entity_0197,entity_0200,1,tabpfn,0.9935575723648071,1
entity_0673,entity_0676,1,tabpfn,0.9983553290367126,1
entity_0201,entity_0209,1,tabpfn,0.9454856514930725,1
entity_0464,entity_0470,1,tabpfn,0.9962495565414429,1
entity_0606,entity_0599,0,tabpfn,0.9946250915527344,1
entity_0187,entity_0190,1,tabpfn,0.9974843859672546,1
entity_0757,entity_0993,0,tabpfn,3.4570573461678578e-06,0
entity_0648,entity_0331,0,tabpfn,5.245181455393322e-06,0
entity_0135,entity_0140,1,tabpfn,0.9943644404411316,1
entity_0404,entity_0402,1,tabpfn,0.9986634254455566,1
entity_0095,entity_0100,1,tabpfn,0.9902872443199158,1
entity_0218,entity_0214,1,tabpfn,0.9958430528640747,1
entity_0993,entity_1000,1,tabpfn,0.9953981637954712,1
entity_0439,entity_0438,1,tabpfn,0.9989148378372192,1
entity_0921,entity_0930,1,tabpfn,0.8489437103271484,1
entity_0853,entity_0918,0,tabpfn,1.2159199286543299e-05,0
entity_0817,entity_0334,0,tabpfn,2.980223371196189e-06,0
entity_0651,entity_0182,0,tabpfn,4.529932539298898e-06,0
entity_0934,entity_0940,1,tabpfn,0.992660641670227,1
entity_0959,entity_0762,0,tabpfn,2.503388714103494e-06,0
entity_0787,entity_0328,0,tabpfn,3.099431978625944e-06,0
entity_0902,entity_0225,0,tabpfn,3.3378489661117783e-06,0
entity_0311,entity_0319,1,tabpfn,0.97021484375,1
entity_0214,entity_0945,0,tabpfn,6.318052328424528e-06,0
entity_0351,entity_0358,1,tabpfn,0.9946061372756958,1
entity_0587,entity_0460,0,tabpfn,1.1622770216490608e-05,0
entity_0975,entity_0980,1,tabpfn,0.9942999482154846,1
entity_0303,entity_0307,1,tabpfn,0.9983049035072327,1
entity_0885,entity_0726,0,tabpfn,1.7881361600302625e-06,0
entity_0466,entity_0368,0,tabpfn,1.4841337360849138e-05,0
entity_0662,entity_0169,0,tabpfn,4.053099473821931e-06,0
entity_0542,entity_0738,0,tabpfn,9.179030712402891e-06,0
entity_0617,entity_0613,1,tabpfn,0.9983713626861572,1
entity_0255,entity_0259,1,tabpfn,0.9969828128814697,1
entity_0211,entity_0214,1,tabpfn,0.9963141679763794,1
entity_0410,entity_0406,1,tabpfn,0.9971254467964172,1
entity_0650,entity_0649,1,tabpfn,0.997968852519989,1
entity_0082,entity_0084,1,tabpfn,0.9970436692237854,1
entity_0257,entity_0558,0,tabpfn,2.503388714103494e-06,0
entity_0521,entity_0179,0,tabpfn,2.205367081842269e-06,0
entity_0991,entity_0998,1,tabpfn,0.9846228957176208,1
entity_0036,entity_0034,1,tabpfn,0.9960177540779114,1
entity_0539,entity_0796,0,tabpfn,3.4570573461678578e-06,0
entity_0589,entity_0731,0,tabpfn,1.0132686838915106e-05,0
entity_0836,entity_0097,0,tabpfn,3.7550782963080565e-06,0
entity_0240,entity_0529,0,tabpfn,2.503388714103494e-06,0
entity_0469,entity_0533,0,tabpfn,3.2185471354750916e-05,0
entity_0276,entity_0628,0,tabpfn,2.741806156336679e-06,0
entity_0456,entity_0454,1,tabpfn,0.9990662932395935,1
entity_0730,entity_0055,0,tabpfn,6.4968644437612966e-06,0
entity_0320,entity_0213,0,tabpfn,5.543201496038819e-06,0
entity_0391,entity_0393,1,tabpfn,0.9983999729156494,1
entity_0922,entity_0356,0,tabpfn,4.649140464607626e-06,0
entity_0643,entity_0058,0,tabpfn,4.410724159242818e-06,0
entity_0222,entity_0223,1,tabpfn,0.9977861642837524,1
entity_0646,entity_0778,0,tabpfn,5.781617346656276e-06,0
entity_0144,entity_0142,1,tabpfn,0.9958088397979736,1
entity_0147,entity_0149,1,tabpfn,0.9974767565727234,1
entity_0531,entity_0746,0,tabpfn,2.086158019665163e-06,0
entity_0802,entity_0214,0,tabpfn,4.17230785387801e-06,0
entity_0002,entity_0721,0,tabpfn,6.1988448578631505e-06,0
entity_0148,entity_0170,0,tabpfn,0.025080855935811996,0
entity_0895,entity_0900,1,tabpfn,0.9928913712501526,1
entity_0230,entity_0653,0,tabpfn,2.503388714103494e-06,0
entity_0328,entity_0322,1,tabpfn,0.9926455020904541,1
entity_0179,entity_0177,1,tabpfn,0.9960291385650635,1
entity_0483,entity_0484,1,tabpfn,0.9985313415527344,1
entity_0733,entity_0737,1,tabpfn,0.9934520721435547,1
entity_0190,entity_0181,1,tabpfn,0.9465490579605103,1
entity_0886,entity_0364,0,tabpfn,4.470327894523507e-06,0
entity_0600,entity_0594,1,tabpfn,0.9941937327384949,1
entity_0509,entity_0507,1,tabpfn,0.9987872242927551,1
entity_0070,entity_0063,1,tabpfn,0.9875970482826233,1
entity_0593,entity_0598,1,tabpfn,0.9878758788108826,1
entity_0183,entity_0135,0,tabpfn,0.00011228254152229056,0
entity_0474,entity_0355,0,tabpfn,1.5198952496575657e-05,0
entity_0215,entity_0220,1,tabpfn,0.9874704480171204,1
entity_0694,entity_0691,1,tabpfn,0.9974634647369385,1
entity_0976,entity_0643,0,tabpfn,4.053099473821931e-06,0
entity_0020,entity_0018,1,tabpfn,0.9956510663032532,1
entity_0704,entity_0955,0,tabpfn,1.728531856315385e-06,0
entity_0057,entity_0642,0,tabpfn,1.0609513992676511e-05,0
entity_0227,entity_0228,1,tabpfn,0.9976613521575928,1
entity_0974,entity_0913,0,tabpfn,7.77184177422896e-05,0
entity_0276,entity_0275,1,tabpfn,0.9960785508155823,1
entity_0416,entity_0169,0,tabpfn,1.6689273252268322e-06,0
entity_0029,entity_0738,0,tabpfn,5.483597306010779e-06,0
entity_0791,entity_0099,0,tabpfn,3.8146827137097716e-06,0
entity_0525,entity_0522,1,tabpfn,0.9987348318099976,1
entity_0673,entity_0679,1,tabpfn,0.9913243651390076,1
entity_0587,entity_0589,1,tabpfn,0.9968896508216858,1
entity_0414,entity_0412,1,tabpfn,0.9985598921775818,1
entity_0578,entity_0580,1,tabpfn,0.9970455765724182,1
entity_0883,entity_0884,1,tabpfn,0.9956890344619751,1
entity_0930,entity_0926,1,tabpfn,0.9965744018554688,1
entity_0278,entity_0280,1,tabpfn,0.9981801509857178,1
entity_0276,entity_0271,1,tabpfn,0.9965572953224182,1
entity_0116,entity_0417,0,tabpfn,2.861014763766434e-06,0
entity_0221,entity_0544,0,tabpfn,2.1457626644405536e-06,0
entity_0160,entity_0637,0,tabpfn,3.099431978625944e-06,0
entity_0902,entity_0953,0,tabpfn,4.2138704884564504e-05,0
entity_0375,entity_0371,1,tabpfn,0.9978983998298645,1
entity_0755,entity_0465,0,tabpfn,3.5762659535976127e-06,0
entity_0684,entity_0430,0,tabpfn,5.245181455393322e-06,0
entity_0262,entity_0328,0,tabpfn,1.6510215573362075e-05,0
entity_0690,entity_0689,1,tabpfn,0.9980087876319885,1
entity_0319,entity_0768,0,tabpfn,1.7881361600302625e-06,0
entity_0021,entity_0992,0,tabpfn,0.0002297827013535425,0
entity_0070,entity_0061,1,tabpfn,0.9480686187744141,1
entity_0455,entity_0991,0,tabpfn,6.079636932554422e-06,0
entity_0780,entity_0190,0,tabpfn,3.635870370999328e-06,0
entity_0557,entity_0257,0,tabpfn,3.874287358485162e-06,0
entity_0050,entity_0047,1,tabpfn,0.9937092065811157,1
entity_0889,entity_0434,0,tabpfn,5.483597306010779e-06,0
entity_0237,entity_0890,0,tabpfn,5.245181455393322e-06,0
entity_0597,entity_0060,0,tabpfn,3.8146827137097716e-06,0
entity_0231,entity_0979,0,tabpfn,8.344580237462651e-06,0
entity_0859,entity_0287,0,tabpfn,3.159036396027659e-06,0
entity_0169,entity_0791,0,tabpfn,6.13924021308776e-06,0
entity_0448,entity_0157,0,tabpfn,1.490113959334849e-06,0
entity_0443,entity_0441,1,tabpfn,0.9991158843040466,1
entity_0755,entity_0758,1,tabpfn,0.9942544102668762,1
entity_0197,entity_0072,0,tabpfn,1.0549911166890524e-05,0
entity_0285,entity_0568,0,tabpfn,3.3378489661117783e-06,0
entity_0595,entity_0788,0,tabpfn,6.318052328424528e-06,0
entity_0451,entity_0453,1,tabpfn,0.9988151788711548,1
entity_0354,entity_0131,0,tabpfn,1.7881361600302625e-06,0
entity_0828,entity_0353,0,tabpfn,2.6822019663086394e-06,0
entity_0541,entity_0438,0,tabpfn,1.4602925148210488e-05,0
entity_0530,entity_0655,0,tabpfn,4.17230785387801e-06,0
entity_0594,entity_0596,1,tabpfn,0.9951817393302917,1
entity_0203,entity_0202,1,tabpfn,0.9970912337303162,1
entity_0950,entity_0947,1,tabpfn,0.9972395896911621,1
entity_0724,entity_0173,0,tabpfn,4.827953034691745e-06,0
entity_0609,entity_0601,1,tabpfn,0.9887092113494873,1
entity_0961,entity_0968,1,tabpfn,0.9803041815757751,1
entity_0381,entity_0389,1,tabpfn,0.9799355864524841,1
entity_0220,entity_0715,0,tabpfn,3.2186403586820234e-06,0
entity_0764,entity_0063,0,tabpfn,3.635870370999328e-06,0
entity_0695,entity_0512,0,tabpfn,4.649140464607626e-06,0
entity_0607,entity_0605,1,tabpfn,0.9975091218948364,1
entity_0471,entity_0201,0,tabpfn,2.086158019665163e-06,0
entity_0943,entity_0947,1,tabpfn,0.9950412511825562,1
entity_0269,entity_0493,0,tabpfn,3.5762659535976127e-06,0
entity_0329,entity_0815,0,tabpfn,2.086158019665163e-06,0
entity_0454,entity_0128,0,tabpfn,2.503388714103494e-06,0
entity_0867,entity_0098,0,tabpfn,3.695474333653692e-06,0
entity_0208,entity_0397,0,tabpfn,3.278244548710063e-06,0
entity_0393,entity_0580,0,tabpfn,4.053099473821931e-06,0
entity_0533,entity_0532,1,tabpfn,0.9990034103393555,1
entity_0358,entity_0041,0,tabpfn,2.503388714103494e-06,0
entity_0417,entity_0415,1,tabpfn,0.9985923171043396,1
entity_0491,entity_0292,0,tabpfn,2.503388714103494e-06,0
entity_0078,entity_0483,0,tabpfn,3.278244548710063e-06,0
entity_0411,entity_0725,0,tabpfn,1.549718376736564e-06,0
entity_0902,entity_0207,0,tabpfn,3.159036396027659e-06,0
entity_0302,entity_0306,1,tabpfn,0.9979497790336609,1
entity_0100,entity_0085,0,tabpfn,0.28125,0
entity_0568,entity_0565,1,tabpfn,0.9986780285835266,1
entity_0661,entity_0205,0,tabpfn,4.2915162339340895e-06,0
entity_0517,entity_0133,0,tabpfn,3.0398275612242287e-06,0
entity_0757,entity_0549,0,tabpfn,3.933891093765851e-06,0
entity_0778,entity_0779,1,tabpfn,0.9948186278343201,1
entity_0379,entity_0885,0,tabpfn,2.980223371196189e-06,0
entity_0739,entity_0504,0,tabpfn,5.36438938070205e-06,0
entity_0114,entity_0118,1,tabpfn,0.9964509010314941,1
entity_0810,entity_0892,0,tabpfn,5.960429007245693e-06,0
entity_0057,entity_0298,0,tabpfn,1.6689273252268322e-06,0
entity_0371,entity_0373,1,tabpfn,0.998849093914032,1
entity_0924,entity_0930,1,tabpfn,0.9666199088096619,1
entity_0587,entity_0581,1,tabpfn,0.9964149594306946,1
entity_0227,entity_0355,0,tabpfn,2.741806156336679e-06,0
entity_0342,entity_0292,0,tabpfn,3.1708666938357055e-05,0
entity_0638,entity_0811,0,tabpfn,4.529932539298898e-06,0
entity_0307,entity_0526,0,tabpfn,2.980223371196189e-06,0
entity_0875,entity_0278,0,tabpfn,3.159036396027659e-06,0
entity_0281,entity_0284,1,tabpfn,0.9974026083946228,1
entity_0285,entity_0284,1,tabpfn,0.9985227584838867,1
entity_0632,entity_0640,1,tabpfn,0.9824368953704834,1
entity_0318,entity_0172,0,tabpfn,3.3974533835134935e-06,0
entity_0849,entity_0842,1,tabpfn,0.9955029487609863,1
entity_0469,entity_0899,0,tabpfn,2.9206191811681492e-06,0
entity_0252,entity_0016,0,tabpfn,4.768348844663706e-06,0
entity_0721,entity_0727,1,tabpfn,0.9900984168052673,1
entity_0916,entity_0985,0,tabpfn,2.6940573661704548e-05,0
entity_0466,entity_0004,0,tabpfn,7.569732133561047e-06,0
entity_0333,entity_0335,1,tabpfn,0.9989786744117737,1
entity_0250,entity_0247,1,tabpfn,0.9971463680267334,1
entity_0419,entity_0416,1,tabpfn,0.9985418319702148,1
entity_0597,entity_0599,1,tabpfn,0.994792103767395,1
entity_0110,entity_0905,0,tabpfn,1.1801580512837972e-05,0
entity_0857,entity_0856,1,tabpfn,0.9981192350387573,1
entity_0305,entity_0303,1,tabpfn,0.9968839883804321,1
entity_0627,entity_0624,1,tabpfn,0.9982029795646667,1
entity_0386,entity_0388,1,tabpfn,0.9983932971954346,1
entity_0690,entity_0685,1,tabpfn,0.9958088397979736,1
entity_0408,entity_0998,0,tabpfn,1.156316739070462e-05,0
entity_0980,entity_0979,1,tabpfn,0.9972833395004272,1
entity_0550,entity_0307,0,tabpfn,3.3378489661117783e-06,0
entity_0646,entity_0011,0,tabpfn,6.675675649603363e-06,0
entity_0540,entity_0533,1,tabpfn,0.9926871657371521,1
entity_0289,entity_0429,0,tabpfn,4.768348844663706e-06,0
entity_0842,entity_0841,1,tabpfn,0.998187780380249,1
entity_0191,entity_0200,1,tabpfn,0.9803191423416138,1
entity_0738,entity_0734,1,tabpfn,0.9962438941001892,1
entity_0544,entity_0681,0,tabpfn,4.827953034691745e-06,0
entity_0219,entity_0220,1,tabpfn,0.9977736473083496,1
entity_0748,entity_0742,1,tabpfn,0.9882510900497437,1
entity_0786,entity_0090,0,tabpfn,3.695474333653692e-06,0
entity_0374,entity_0376,1,tabpfn,0.9984391927719116,1
entity_0157,entity_0702,0,tabpfn,4.2915162339340895e-06,0
entity_0755,entity_0756,1,tabpfn,0.9947730898857117,1
entity_0450,entity_0449,1,tabpfn,0.9991216063499451,1
entity_0510,entity_0413,0,tabpfn,1.674862505751662e-05,0
entity_0935,entity_0931,1,tabpfn,0.9958962202072144,1
entity_0621,entity_0623,1,tabpfn,0.9981058835983276,1
entity_0463,entity_0469,1,tabpfn,0.9941330552101135,1
entity_0098,entity_0436,0,tabpfn,2.2649712718703086e-06,0
entity_0649,entity_0642,1,tabpfn,0.9935462474822998,1
entity_0332,entity_0337,1,tabpfn,0.9976841807365417,1
entity_0908,entity_0123,0,tabpfn,2.503388714103494e-06,0
entity_0961,entity_0069,0,tabpfn,3.695474333653692e-06,0
entity_0550,entity_0541,1,tabpfn,0.7861328125,1
entity_0725,entity_0003,0,tabpfn,1.6033392967074178e-05,0
entity_0353,entity_0357,1,tabpfn,0.9980944395065308,1
entity_0671,entity_0680,1,tabpfn,0.9770358800888062,1
entity_0992,entity_0998,1,tabpfn,0.9961811304092407,1
entity_0575,entity_0580,1,tabpfn,0.991684079170227,1
entity_0202,entity_0206,1,tabpfn,0.9970570206642151,1
entity_0104,entity_0103,1,tabpfn,0.9976556301116943,1
entity_0631,entity_0732,0,tabpfn,4.827953034691745e-06,0
entity_0429,entity_0422,1,tabpfn,0.9923805594444275,1
entity_0074,entity_0079,1,tabpfn,0.992929220199585,1
entity_0090,entity_0081,1,tabpfn,0.9771960973739624,1
entity_0334,entity_0337,1,tabpfn,0.9954209923744202,1
entity_0292,entity_0295,1,tabpfn,0.9979345798492432,1
entity_0467,entity_0598,0,tabpfn,5.423993115982739e-06,0
entity_0088,entity_0420,0,tabpfn,2.801410346364719e-06,0
entity_0492,entity_0969,0,tabpfn,1.6450610928586684e-05,0
entity_0565,entity_0102,0,tabpfn,3.4570573461678578e-06,0
entity_0001,entity_0922,0,tabpfn,2.19936318899272e-05,0
entity_0545,entity_0883,0,tabpfn,2.980223371196189e-06,0
entity_0298,entity_0486,0,tabpfn,4.529932539298898e-06,0
entity_0547,entity_0548,1,tabpfn,0.9986786842346191,1
entity_0227,entity_0974,0,tabpfn,1.1622770216490608e-05,0
entity_0183,entity_0877,0,tabpfn,6.4968644437612966e-06,0
entity_0367,entity_0478,0,tabpfn,1.0847928024304565e-05,0
entity_0141,entity_0146,1,tabpfn,0.9957118034362793,1
entity_0400,entity_0396,1,tabpfn,0.9986675381660461,1
entity_0515,entity_0516,1,tabpfn,0.998187780380249,1
entity_0800,entity_0157,0,tabpfn,4.410724159242818e-06,0
entity_0168,entity_0999,0,tabpfn,6.442847370635718e-05,0
entity_0650,entity_0646,1,tabpfn,0.9984608888626099,1
entity_0756,entity_0760,1,tabpfn,0.9937471151351929,1
entity_0128,entity_0127,1,tabpfn,0.9984685182571411,1
entity_0888,entity_0884,1,tabpfn,0.9972700476646423,1
entity_0658,entity_0545,0,tabpfn,1.0073084013129119e-05,0
entity_0781,entity_0788,1,tabpfn,0.9668263792991638,1
entity_0359,entity_0945,0,tabpfn,4.649140464607626e-06,0
entity_0276,entity_0530,0,tabpfn,3.4570573461678578e-06,0
entity_0316,entity_0312,1,tabpfn,0.9979003071784973,1
entity_0665,entity_0937,0,tabpfn,1.6093226804514416e-06,0
entity_0976,entity_0975,1,tabpfn,0.9986923336982727,1
entity_0866,entity_0867,1,tabpfn,0.9980506896972656,1
entity_0343,entity_0342,1,tabpfn,0.9971140623092651,1
entity_0177,entity_0320,0,tabpfn,2.5629929041315336e-06,0
entity_0904,entity_0171,0,tabpfn,2.741806156336679e-06,0
entity_0721,entity_0729,1,tabpfn,0.9662201404571533,1
entity_0640,entity_0639,1,tabpfn,0.9989176988601685,1
entity_0532,entity_0540,1,tabpfn,0.9685726761817932,1
entity_0474,entity_0472,1,tabpfn,0.9990158081054688,1
entity_0541,entity_0306,0,tabpfn,3.2186403586820234e-06,0
entity_0664,entity_0661,1,tabpfn,0.9981944561004639,1
entity_0973,entity_0571,0,tabpfn,9.059824151336215e-06,0
entity_0096,entity_0004,0,tabpfn,0.00024098309222608805,0
entity_0400,entity_0397,1,tabpfn,0.9973670840263367,1
entity_0596,entity_0598,1,tabpfn,0.9966846704483032,1
entity_0646,entity_0678,0,tabpfn,0.00011228254152229056,0
entity_0873,entity_0822,0,tabpfn,8.171128865797073e-05,0
entity_0769,entity_0764,1,tabpfn,0.9917294979095459,1
entity_0279,entity_0276,1,tabpfn,0.9969771504402161,1
entity_0718,entity_0720,1,tabpfn,0.9947655200958252,1
entity_0569,entity_0564,1,tabpfn,0.9979707598686218,1
entity_0570,entity_0564,1,tabpfn,0.9959607720375061,1
entity_0651,entity_0654,1,tabpfn,0.9984084963798523,1
entity_0429,entity_0757,0,tabpfn,1.907344994833693e-06,0
entity_0011,entity_0017,1,tabpfn,0.9428423047065735,1
entity_0339,entity_0337,1,tabpfn,0.9981154203414917,1
entity_0871,entity_0876,1,tabpfn,0.9961830377578735,1
entity_0355,entity_0074,0,tabpfn,1.907344994833693e-06,0
entity_0132,entity_0640,0,tabpfn,3.99349482904654e-06,0
entity_0600,entity_0592,1,tabpfn,0.9870336055755615,1
entity_0126,entity_0121,1,tabpfn,0.994140625,1
entity_0222,entity_0733,0,tabpfn,3.159036396027659e-06,0
entity_0129,entity_0125,1,tabpfn,0.9971254467964172,1
entity_0516,entity_0514,1,tabpfn,0.9990463256835938,1
entity_0946,entity_0312,0,tabpfn,4.827953034691745e-06,0
entity_0012,entity_0017,1,tabpfn,0.9760593175888062,1
entity_0643,entity_0648,1,tabpfn,0.9945871829986572,1
entity_0143,entity_0086,0,tabpfn,7.569217268610373e-05,0
entity_0179,entity_0072,0,tabpfn,1.3708880032936577e-05,0
entity_0326,entity_0043,0,tabpfn,1.549718376736564e-06,0
entity_0906,entity_0186,0,tabpfn,3.4570573461678578e-06,0
entity_0155,entity_0159,1,tabpfn,0.9932246804237366,1
entity_0203,entity_0210,1,tabpfn,0.984375,1
entity_0260,entity_0255,1,tabpfn,0.9958106279373169,1
entity_0149,entity_0509,0,tabpfn,3.278244548710063e-06,0
entity_0433,entity_0236,0,tabpfn,2.1457626644405536e-06,0
entity_0988,entity_0871,0,tabpfn,1.6271804270218126e-05,0
entity_0432,entity_0438,1,tabpfn,0.9915816187858582,1
entity_0343,entity_0349,1,tabpfn,0.9859526753425598,1
entity_0530,entity_0119,0,tabpfn,3.933891093765851e-06,0
entity_0790,entity_0784,1,tabpfn,0.9901965856552124,1
entity_0416,entity_0420,1,tabpfn,0.9966694712638855,1
entity_0055,entity_0941,0,tabpfn,5.722013156628236e-06,0
entity_0792,entity_0794,1,tabpfn,0.9955371022224426,1
entity_0527,entity_0207,0,tabpfn,2.861014763766434e-06,0
entity_0243,entity_0477,0,tabpfn,3.278244548710063e-06,0
entity_0910,entity_0582,0,tabpfn,4.708744654635666e-06,0
entity_0944,entity_0948,1,tabpfn,0.9949653744697571,1
entity_0473,entity_0099,0,tabpfn,2.622597548906924e-06,0
entity_0967,entity_0732,0,tabpfn,2.1457626644405536e-06,0
entity_0989,entity_0986,1,tabpfn,0.9985275268554688,1
entity_0976,entity_0621,0,tabpfn,4.410724159242818e-06,0
entity_0164,entity_0786,0,tabpfn,6.13924021308776e-06,0
entity_0641,entity_0451,0,tabpfn,7.152506441343576e-06,0
entity_0326,entity_0325,1,tabpfn,0.9991358518600464,1
entity_0735,entity_0731,1,tabpfn,0.9960709810256958,1
entity_0529,entity_0064,0,tabpfn,3.2186403586820234e-06,0
entity_0893,entity_0487,0,tabpfn,3.695474333653692e-06,0
entity_0327,entity_0980,0,tabpfn,4.529932539298898e-06,0
entity_0264,entity_0263,1,tabpfn,0.9981458783149719,1
entity_0990,entity_0981,1,tabpfn,0.85888671875,1
entity_0466,entity_0468,1,tabpfn,0.998296320438385,1
entity_0725,entity_0724,1,tabpfn,0.9965364336967468,1
entity_0627,entity_0671,0,tabpfn,2.002676046686247e-05,0
entity_0653,entity_0657,1,tabpfn,0.9962039589881897,1
entity_0257,entity_0253,1,tabpfn,0.995003342628479,1
entity_0290,entity_0752,0,tabpfn,2.205367081842269e-06,0
entity_0253,entity_0252,1,tabpfn,0.9977595210075378,1
entity_0165,entity_0414,0,tabpfn,3.2186403586820234e-06,0
entity_0301,entity_0916,0,tabpfn,4.470327894523507e-06,0
entity_0653,entity_0983,0,tabpfn,6.616071459575323e-06,0
entity_0296,entity_0992,0,tabpfn,7.390921382466331e-06,0
entity_0859,entity_0855,1,tabpfn,0.9982563257217407,1
entity_0446,entity_0060,0,tabpfn,3.0398275612242287e-06,0
entity_0039,entity_0005,0,tabpfn,0.01461084745824337,0
entity_0600,entity_0530,0,tabpfn,2.753658736764919e-05,0
entity_0437,entity_0183,0,tabpfn,1.728531856315385e-06,0
entity_0248,entity_0249,1,tabpfn,0.9964736700057983,1
entity_0269,entity_0267,1,tabpfn,0.9977785348892212,1
entity_0556,entity_0551,1,tabpfn,0.9972414970397949,1
entity_0038,entity_0036,1,tabpfn,0.9958106279373169,1
entity_0890,entity_0528,0,tabpfn,4.17230785387801e-06,0
entity_0637,entity_0634,1,tabpfn,0.9987218379974365,1
entity_0085,entity_0104,0,tabpfn,0.0163614172488451,0
entity_0733,entity_0732,1,tabpfn,0.9979022145271301,1
entity_0709,entity_0482,0,tabpfn,5.36438938070205e-06,0
entity_0433,entity_0436,1,tabpfn,0.9984046816825867,1
entity_0851,entity_0633,0,tabpfn,2.861014763766434e-06,0
entity_0957,entity_0946,0,tabpfn,0.7076923251152039,1
entity_0986,entity_0990,1,tabpfn,0.9958392381668091,1
entity_0509,entity_0503,1,tabpfn,0.9970493912696838,1
entity_0423,entity_0892,0,tabpfn,2.741806156336679e-06,0
entity_0766,entity_0763,1,tabpfn,0.9957726001739502,1
entity_0098,entity_0551,0,tabpfn,3.933891093765851e-06,0
entity_0280,entity_0828,0,tabpfn,2.9206191811681492e-06,0
entity_0070,entity_0067,1,tabpfn,0.995654821395874,1
entity_0241,entity_0249,1,tabpfn,0.9853440523147583,1
entity_0560,entity_0307,0,tabpfn,5.125973075337242e-06,0
entity_0872,entity_0876,1,tabpfn,0.9951513409614563,1
entity_0835,entity_0840,1,tabpfn,0.9965097904205322,1
entity_0895,entity_0902,0,tabpfn,0.9491608142852783,1
entity_0649,entity_0658,0,tabpfn,0.9582710266113281,1
entity_0969,entity_0964,1,tabpfn,0.9938335418701172,1
entity_0668,entity_0667,1,tabpfn,0.9979726672172546,1
entity_0301,entity_0518,0,tabpfn,3.099431978625944e-06,0
entity_0052,entity_0715,0,tabpfn,4.470327894523507e-06,0
entity_0733,entity_0153,0,tabpfn,4.470327894523507e-06,0
entity_0105,entity_0109,1,tabpfn,0.9975890517234802,1
entity_0211,entity_0212,1,tabpfn,0.9971349835395813,1
entity_0026,entity_0022,1,tabpfn,0.982940137386322,1
entity_0047,entity_0479,0,tabpfn,3.0398275612242287e-06,0
entity_0035,entity_0040,1,tabpfn,0.99198317527771,1
entity_0355,entity_0533,0,tabpfn,4.053099473821931e-06,0
entity_0973,entity_0976,1,tabpfn,0.9954725503921509,1
entity_0165,entity_0499,0,tabpfn,2.741806156336679e-06,0
entity_0249,entity_0583,0,tabpfn,2.861014763766434e-06,0
entity_0550,entity_0544,1,tabpfn,0.9960519671440125,1
entity_0178,entity_0789,0,tabpfn,5.36438938070205e-06,0
entity_0842,entity_0925,0,tabpfn,8.642598913866095e-06,0
entity_0098,entity_0799,0,tabpfn,5.006765150028514e-06,0
entity_0841,entity_0956,0,tabpfn,5.781617346656276e-06,0
entity_0735,entity_0563,0,tabpfn,4.17230785387801e-06,0
entity_0860,entity_0856,1,tabpfn,0.9983553290367126,1
entity_0681,entity_0687,1,tabpfn,0.9949008822441101,1
entity_0558,entity_0560,1,tabpfn,0.9985808730125427,1
entity_0791,entity_0797,1,tabpfn,0.9832484126091003,1
entity_0198,entity_0839,0,tabpfn,5.841221081936965e-06,0
entity_0963,entity_0752,0,tabpfn,2.384180106673739e-06,0
entity_0945,entity_0791,0,tabpfn,3.933891093765851e-06,0
entity_0807,entity_0808,1,tabpfn,0.9967265129089355,1
entity_0029,entity_0516,0,tabpfn,5.125973075337242e-06,0
entity_0896,entity_0288,0,tabpfn,3.099431978625944e-06,0
entity_0309,entity_0308,1,tabpfn,0.9988291263580322,1
entity_0447,entity_0441,1,tabpfn,0.9963881969451904,1
entity_0126,entity_0457,0,tabpfn,3.695474333653692e-06,0
entity_0358,entity_0354,1,tabpfn,0.9980849623680115,1
entity_0507,entity_0506,1,tabpfn,0.9989758133888245,1
entity_0199,entity_0712,0,tabpfn,3.099431978625944e-06,0
entity_0599,entity_0320,0,tabpfn,4.470327894523507e-06,0
entity_0994,entity_0828,0,tabpfn,6.4968644437612966e-06,0
entity_0824,entity_0821,1,tabpfn,0.9983295202255249,1
entity_0475,entity_0557,0,tabpfn,7.6293363235890865e-06,0
entity_0088,entity_0380,0,tabpfn,2.2649712718703086e-06,0
entity_0431,entity_0961,0,tabpfn,1.156316739070462e-05,0
entity_0965,entity_0969,1,tabpfn,0.9950261116027832,1
entity_0183,entity_0367,0,tabpfn,2.861014763766434e-06,0
entity_0456,entity_0457,1,tabpfn,0.9990530014038086,1
entity_0868,entity_0712,0,tabpfn,1.907344994833693e-06,0
entity_0199,entity_0193,1,tabpfn,0.9869594573974609,1
entity_0376,entity_0043,0,tabpfn,2.861014763766434e-06,0
entity_0153,entity_0155,1,tabpfn,0.9948515295982361,1
entity_0219,entity_0211,1,tabpfn,0.9832184314727783,1
entity_0106,entity_0105,1,tabpfn,0.9976080656051636,1
entity_0838,entity_0420,0,tabpfn,2.861014763766434e-06,0
entity_0460,entity_0452,1,tabpfn,0.9400848746299744,1
entity_0124,entity_0199,0,tabpfn,1.8477097910363227e-05,0
entity_0217,entity_0845,0,tabpfn,5.841221081936965e-06,0
entity_0313,entity_0557,0,tabpfn,2.384180106673739e-06,0
entity_0276,entity_0971,0,tabpfn,6.318052328424528e-06,0
entity_0959,entity_0606,0,tabpfn,4.768348844663706e-06,0
entity_0172,entity_0180,1,tabpfn,0.9745350480079651,1
entity_0506,entity_0510,1,tabpfn,0.9975072145462036,1
entity_0742,entity_0024,0,tabpfn,5.960429007245693e-06,0
entity_0668,entity_0446,0,tabpfn,5.36438938070205e-06,0
entity_0253,entity_0260,1,tabpfn,0.9884320497512817,1
entity_0812,entity_0816,1,tabpfn,0.9949653744697571,1
entity_0562,entity_0565,1,tabpfn,0.997769832611084,1
entity_0174,entity_0179,1,tabpfn,0.9941823482513428,1
entity_0896,entity_0040,0,tabpfn,3.4570573461678578e-06,0
entity_0687,entity_0689,1,tabpfn,0.9985113739967346,1
entity_0535,entity_0636,0,tabpfn,8.344580237462651e-06,0
entity_0989,entity_0522,0,tabpfn,7.808146619936451e-06,0
entity_0962,entity_0330,0,tabpfn,5.722013156628236e-06,0
entity_0286,entity_0846,0,tabpfn,3.3378489661117783e-06,0
entity_0505,entity_0553,0,tabpfn,4.5774271711707115e-05,0
entity_0193,entity_0200,1,tabpfn,0.9752166867256165,1
entity_0227,entity_0385,0,tabpfn,3.159036396027659e-06,0
entity_0794,entity_0805,0,tabpfn,0.6017094254493713,1
entity_0170,entity_0688,0,tabpfn,3.99349482904654e-06,0
entity_0228,entity_0223,1,tabpfn,0.9944468140602112,1
entity_0063,entity_0054,0,tabpfn,0.9569436311721802,1
entity_0417,entity_0414,1,tabpfn,0.9980602264404297,1
entity_0875,entity_0077,0,tabpfn,2.980223371196189e-06,0
entity_0437,entity_0517,0,tabpfn,6.019706779625267e-05,0
entity_0979,entity_0977,1,tabpfn,0.9987605214118958,1
entity_0144,entity_0264,0,tabpfn,2.384180106673739e-06,0
entity_0913,entity_0016,0,tabpfn,6.25844904789119e-06,0
entity_0600,entity_0714,0,tabpfn,6.318052328424528e-06,0
entity_0048,entity_0050,1,tabpfn,0.9956016540527344,1
entity_0937,entity_0932,1,tabpfn,0.9950412511825562,1
entity_0862,entity_0864,1,tabpfn,0.9976404309272766,1
entity_0713,entity_0495,0,tabpfn,5.36438938070205e-06,0
entity_0188,entity_0190,1,tabpfn,0.9960367679595947,1
entity_0922,entity_0603,0,tabpfn,4.768348844663706e-06,0
entity_0961,entity_0966,1,tabpfn,0.9945796132087708,1
entity_0933,entity_0931,1,tabpfn,0.9960823655128479,1
entity_0600,entity_0483,0,tabpfn,1.0788325198518578e-05,0
entity_0010,entity_0904,0,tabpfn,5.125973075337242e-06,0
entity_0113,entity_0120,1,tabpfn,0.993916928768158,1
entity_0398,entity_0997,0,tabpfn,8.940616680774838e-06,0
entity_0042,entity_0780,0,tabpfn,5.245181455393322e-06,0
entity_0325,entity_0847,0,tabpfn,2.5629929041315336e-06,0
entity_0198,entity_0195,1,tabpfn,0.9962533712387085,1
entity_0628,entity_0621,1,tabpfn,0.9941520094871521,1
entity_0715,entity_0147,0,tabpfn,4.053099473821931e-06,0
entity_0582,entity_0120,0,tabpfn,2.980223371196189e-06,0
entity_0120,entity_0116,1,tabpfn,0.9959417581558228,1
entity_0300,entity_0967,0,tabpfn,6.25844904789119e-06,0
entity_0390,entity_0385,1,tabpfn,0.996722400188446,1
entity_0236,entity_0237,1,tabpfn,0.9955864548683167,1
entity_0088,entity_0090,1,tabpfn,0.996863067150116,1
entity_0351,entity_0167,0,tabpfn,5.245181455393322e-06,0
entity_0378,entity_0379,1,tabpfn,0.9985923171043396,1
entity_0590,entity_0689,0,tabpfn,4.589536729326937e-06,0
entity_0195,entity_0802,0,tabpfn,5.841221081936965e-06,0
entity_0489,entity_0522,0,tabpfn,0.00015768902085255831,0
entity_0034,entity_0145,0,tabpfn,5.6624089666001964e-06,0
entity_0831,entity_0832,1,tabpfn,0.9979669451713562,1
entity_0872,entity_0394,0,tabpfn,2.980223371196189e-06,0
entity_0822,entity_0821,1,tabpfn,0.9986494183540344,1
entity_0858,entity_0282,0,tabpfn,3.3378489661117783e-06,0
entity_0432,entity_0404,0,tabpfn,0.0001313513785135001,0
entity_0681,entity_0682,1,tabpfn,0.9982486963272095,1
entity_0219,entity_0214,1,tabpfn,0.9955902695655823,1
entity_0352,entity_0353,1,tabpfn,0.998763382434845,1
entity_0534,entity_0102,0,tabpfn,3.5762659535976127e-06,0
entity_0416,entity_0413,1,tabpfn,0.998162031173706,1
entity_0470,entity_0687,0,tabpfn,2.801410346364719e-06,0
entity_0570,entity_0447,0,tabpfn,1.1920787073904648e-05,0
entity_0642,entity_0904,0,tabpfn,3.5166615361958975e-06,0
entity_0099,entity_0094,1,tabpfn,0.9962552785873413,1
entity_0163,entity_0406,0,tabpfn,3.159036396027659e-06,0
entity_0708,entity_0205,0,tabpfn,3.933891093765851e-06,0
entity_0949,entity_0942,1,tabpfn,0.9872369170188904,1
entity_0281,entity_0289,1,tabpfn,0.982691764831543,1
entity_0564,entity_0029,0,tabpfn,3.8146827137097716e-06,0
entity_0181,entity_0182,1,tabpfn,0.9974977374076843,1
entity_0628,entity_0625,1,tabpfn,0.9986065626144409,1
entity_0638,entity_0583,0,tabpfn,2.1516814740607515e-05,0
entity_0854,entity_0824,0,tabpfn,0.00032390590058639646,0
entity_0419,entity_0494,0,tabpfn,2.7059775675297715e-05,0
entity_0757,entity_0759,1,tabpfn,0.9960519671440125,1
entity_0211,entity_0216,1,tabpfn,0.99295574426651,1
entity_0660,entity_0653,1,tabpfn,0.98952716588974,1
entity_0682,entity_0689,1,tabpfn,0.9920890927314758,1
entity_0171,entity_0010,0,tabpfn,2.7774993213824928e-05,0
entity_0204,entity_0206,1,tabpfn,0.9951627254486084,1
entity_0681,entity_0655,0,tabpfn,0.00010727685003075749,0
entity_0981,entity_0982,1,tabpfn,0.9974691867828369,1
entity_0454,entity_0828,0,tabpfn,2.980223371196189e-06,0
entity_0395,entity_0400,1,tabpfn,0.996686577796936,1
entity_0514,entity_0519,1,tabpfn,0.9961051344871521,1
entity_0017,entity_0020,1,tabpfn,0.9884697794914246,1
entity_0353,entity_0521,0,tabpfn,3.99349482904654e-06,0
entity_0509,entity_0510,1,tabpfn,0.9989719986915588,1
entity_0814,entity_0700,0,tabpfn,3.933891093765851e-06,0
entity_0746,entity_0747,1,tabpfn,0.9965934157371521,1
entity_0736,entity_0216,0,tabpfn,4.11270366384997e-06,0
entity_0923,entity_0645,0,tabpfn,3.933891093765851e-06,0
entity_0625,entity_0164,0,tabpfn,4.17230785387801e-06,0
entity_0298,entity_0297,1,tabpfn,0.9985380172729492,1
entity_0251,entity_0252,1,tabpfn,0.9964376091957092,1
entity_0873,entity_0585,0,tabpfn,4.649140464607626e-06,0
entity_0101,entity_0275,0,tabpfn,2.384180106673739e-06,0
entity_0906,entity_0654,0,tabpfn,5.900824817217654e-06,0
entity_0924,entity_0528,0,tabpfn,6.1988448578631505e-06,0
entity_0178,entity_0758,0,tabpfn,5.36438938070205e-06,0
entity_0571,entity_0578,1,tabpfn,0.9729960560798645,1
entity_0837,entity_0464,0,tabpfn,3.695474333653692e-06,0
entity_0451,entity_0118,0,tabpfn,2.384180106673739e-06,0
entity_0964,entity_0208,0,tabpfn,3.4570573461678578e-06,0
entity_0061,entity_0065,1,tabpfn,0.994049608707428,1
entity_0631,entity_0131,0,tabpfn,3.5762659535976127e-06,0
entity_0911,entity_0920,1,tabpfn,0.8778225183486938,1
entity_0933,entity_0939,1,tabpfn,0.9838116765022278,1
entity_0720,entity_0711,1,tabpfn,0.9646082520484924,1
entity_0646,entity_0548,0,tabpfn,2.1934029064141214e-05,0
entity_0702,entity_0709,1,tabpfn,0.9712210297584534,1
entity_0595,entity_0490,0,tabpfn,1.907312253024429e-05,0
entity_0725,entity_0763,0,tabpfn,7.599014497827739e-05,0
entity_0633,entity_0639,1,tabpfn,0.9923351407051086,1
entity_0243,entity_0242,1,tabpfn,0.9978013634681702,1
entity_0715,entity_0716,1,tabpfn,0.9969600439071655,1
entity_0239,entity_0211,0,tabpfn,0.00016317088739015162,0
entity_0900,entity_0896,1,tabpfn,0.9932625889778137,1
entity_0133,entity_0136,1,tabpfn,0.9956586360931396,1
entity_0028,entity_0029,1,tabpfn,0.9928951263427734,1
entity_0257,entity_0888,0,tabpfn,4.827953034691745e-06,0
entity_0933,entity_0934,1,tabpfn,0.9978013634681702,1
entity_0293,entity_0299,1,tabpfn,0.9946554899215698,1
entity_0123,entity_0761,0,tabpfn,5.423993115982739e-06,0
entity_0131,entity_0177,0,tabpfn,6.490525265689939e-05,0
entity_0951,entity_0812,0,tabpfn,3.7550782963080565e-06,0
entity_0931,entity_0007,0,tabpfn,2.2828056899015792e-05,0
entity_0252,entity_0256,1,tabpfn,0.9902419447898865,1
entity_0344,entity_0044,0,tabpfn,2.6822019663086394e-06,0
entity_0611,entity_0507,0,tabpfn,1.9132725356030278e-05,0
entity_0828,entity_0823,1,tabpfn,0.9974273443222046,1
entity_0796,entity_0770,0,tabpfn,0.00023431054432876408,0
entity_0288,entity_0290,1,tabpfn,0.9972681403160095,1
entity_0453,entity_0455,1,tabpfn,0.9985094666481018,1
entity_0500,entity_0494,1,tabpfn,0.9950109124183655,1
entity_0451,entity_0213,0,tabpfn,2.1457626644405536e-06,0
entity_0100,entity_0014,0,tabpfn,0.000199516536667943,0
entity_0528,entity_0441,0,tabpfn,2.014596429944504e-05,0
entity_0814,entity_0817,1,tabpfn,0.9969752430915833,1
entity_0692,entity_0699,1,tabpfn,0.9915362000465393,1
entity_0546,entity_0812,0,tabpfn,2.801410346364719e-06,0
entity_0850,entity_0847,1,tabpfn,0.9982277750968933,1
entity_0548,entity_0833,0,tabpfn,2.9206191811681492e-06,0
entity_0470,entity_0463,1,tabpfn,0.9936144351959229,1
entity_0380,entity_0374,1,tabpfn,0.9985770583152771,1
entity_0458,entity_0633,0,tabpfn,3.5762659535976127e-06,0
entity_0471,entity_0479,1,tabpfn,0.9465462565422058,1
entity_0335,entity_0538,0,tabpfn,3.4570573461678578e-06,0
entity_0626,entity_0628,1,tabpfn,0.9970626831054688,1
entity_0818,entity_0242,0,tabpfn,3.8146827137097716e-06,0
entity_0735,entity_0968,0,tabpfn,2.0265538296371233e-06,0
entity_0450,entity_0514,0,tabpfn,3.0039838748052716e-05,0
entity_0223,entity_0224,1,tabpfn,0.9973835945129395,1
entity_0839,entity_0565,0,tabpfn,3.874287358485162e-06,0
entity_0555,entity_0553,1,tabpfn,0.9990119934082031,1
entity_0392,entity_0395,1,tabpfn,0.9987084865570068,1
entity_0410,entity_0896,0,tabpfn,2.9206191811681492e-06,0
entity_0331,entity_0334,1,tabpfn,0.9984065890312195,1
entity_0237,entity_0239,1,tabpfn,0.997408926486969,1
entity_0704,entity_0773,0,tabpfn,7.6293363235890865e-06,0
entity_0483,entity_0488,1,tabpfn,0.9963427186012268,1
entity_0957,entity_0958,1,tabpfn,0.9977709054946899,1
entity_0427,entity_0553,0,tabpfn,4.041031570523046e-05,0
entity_0529,entity_0159,0,tabpfn,3.099431978625944e-06,0
entity_0795,entity_0793,1,tabpfn,0.9967072010040283,1
entity_0911,entity_0915,1,tabpfn,0.9926795959472656,1
entity_0185,entity_0144,0,tabpfn,0.0002610002120491117,0
entity_0803,entity_0810,1,tabpfn,0.9822869896888733,1
entity_0216,entity_0419,0,tabpfn,6.377656063705217e-06,0
entity_0051,entity_0052,1,tabpfn,0.9945340752601624,1
entity_0638,entity_0631,1,tabpfn,0.9944441318511963,1
entity_0383,entity_0479,0,tabpfn,4.768348844663706e-06,0
entity_0389,entity_0824,0,tabpfn,2.086158019665163e-06,0
entity_0909,entity_0908,1,tabpfn,0.996270477771759,1
entity_0897,entity_0308,0,tabpfn,3.3378489661117783e-06,0
entity_0807,entity_0810,1,tabpfn,0.9967702627182007,1
entity_0661,entity_0533,0,tabpfn,7.092901796568185e-06,0
entity_0533,entity_0654,0,tabpfn,4.827953034691745e-06,0
entity_0514,entity_0005,0,tabpfn,8.642598913866095e-06,0
entity_0700,entity_0699,1,tabpfn,0.9982115030288696,1
entity_0683,entity_0688,1,tabpfn,0.9954231977462769,1
entity_0351,entity_0357,1,tabpfn,0.9922064542770386,1
entity_0829,entity_0283,0,tabpfn,3.278244548710063e-06,0
entity_0966,entity_0229,0,tabpfn,4.17230785387801e-06,0
entity_0663,entity_0137,0,tabpfn,3.5762659535976127e-06,0
entity_0954,entity_0952,1,tabpfn,0.9982534646987915,1
entity_0593,entity_0594,1,tabpfn,0.9962666630744934,1
entity_0477,entity_0153,0,tabpfn,2.503388714103494e-06,0
entity_0896,entity_0846,0,tabpfn,7.497701881220564e-05,0
entity_0442,entity_0119,0,tabpfn,2.2649712718703086e-06,0
entity_0620,entity_0655,0,tabpfn,5.536965181818232e-05,0
entity_0479,entity_0476,1,tabpfn,0.9985961318016052,1
entity_0189,entity_0443,0,tabpfn,4.768348844663706e-06,0
entity_0650,entity_0641,1,tabpfn,0.8912220597267151,1
entity_0969,entity_0967,1,tabpfn,0.9983162879943848,1
entity_0492,entity_0365,0,tabpfn,2.6404159143567085e-05,0
entity_0941,entity_0947,1,tabpfn,0.9938145875930786,1
entity_0497,entity_0491,1,tabpfn,0.9978622794151306,1
entity_0889,entity_0881,1,tabpfn,0.9909040927886963,1
entity_0870,entity_0325,0,tabpfn,2.801410346364719e-06,0
entity_0128,entity_0123,1,tabpfn,0.995827853679657,1
entity_0180,entity_0584,0,tabpfn,4.2915162339340895e-06,0
entity_0067,entity_0061,1,tabpfn,0.9906772971153259,1
entity_0187,entity_0184,1,tabpfn,0.9955940842628479,1
entity_0730,entity_0941,0,tabpfn,2.3245756892720237e-06,0
entity_0731,entity_0732,1,tabpfn,0.9958581924438477,1
entity_0342,entity_0345,1,tabpfn,0.9983353614807129,1
entity_0696,entity_0039,0,tabpfn,5.245181455393322e-06,0
entity_0837,entity_0833,1,tabpfn,0.9977489113807678,1
entity_0351,entity_0355,1,tabpfn,0.9978299140930176,1
entity_0909,entity_0514,0,tabpfn,5.185576810617931e-06,0
entity_0598,entity_0591,1,tabpfn,0.9913017153739929,1
entity_0909,entity_0905,1,tabpfn,0.9968326687812805,1
entity_0044,entity_0157,0,tabpfn,2.1457626644405536e-06,0
entity_0867,entity_0392,0,tabpfn,2.801410346364719e-06,0
entity_0140,entity_0138,1,tabpfn,0.9965554475784302,1
entity_0656,entity_0388,0,tabpfn,4.887556769972434e-06,0
entity_0151,entity_0153,1,tabpfn,0.9960101842880249,1
entity_0128,entity_0124,1,tabpfn,0.9960329532623291,1
entity_0476,entity_0252,0,tabpfn,2.3245756892720237e-06,0
entity_0322,entity_0229,0,tabpfn,9.179030712402891e-06,0
entity_0971,entity_0498,0,tabpfn,1.1145943972223904e-05,0
entity_0822,entity_0823,1,tabpfn,0.9982372522354126,1
entity_0095,entity_0096,1,tabpfn,0.9977108240127563,1
entity_0632,entity_0636,1,tabpfn,0.9963635802268982,1
entity_0667,entity_0669,1,tabpfn,0.9986723065376282,1
entity_0780,entity_0779,1,tabpfn,0.9962115287780762,1
entity_0205,entity_0201,1,tabpfn,0.9960177540779114,1
entity_0306,entity_0305,1,tabpfn,0.9987256526947021,1
entity_0570,entity_0569,1,tabpfn,0.9988076090812683,1
entity_0107,entity_0103,1,tabpfn,0.9970741271972656,1
entity_0825,entity_0100,0,tabpfn,3.4570573461678578e-06,0
entity_0533,entity_0074,0,tabpfn,2.980223371196189e-06,0
entity_0942,entity_0581,0,tabpfn,6.616071459575323e-06,0
entity_0063,entity_0062,1,tabpfn,0.9968079328536987,1
entity_0762,entity_0766,1,tabpfn,0.9941937327384949,1
entity_0807,entity_0005,0,tabpfn,1.3172453691367991e-05,0
entity_0848,entity_0841,1,tabpfn,0.9965839385986328,1
entity_0758,entity_0300,0,tabpfn,4.529932539298898e-06,0
entity_0128,entity_0312,0,tabpfn,2.622597548906924e-06,0
entity_0012,entity_0010,0,tabpfn,0.9856448173522949,1
entity_0860,entity_0853,1,tabpfn,0.9950109124183655,1
entity_0116,entity_0793,0,tabpfn,5.125973075337242e-06,0
entity_0775,entity_0595,0,tabpfn,3.8146827137097716e-06,0
entity_0590,entity_0120,0,tabpfn,3.4570573461678578e-06,0
entity_0155,entity_0427,0,tabpfn,3.4570573461678578e-06,0
entity_0464,entity_0469,1,tabpfn,0.9977108240127563,1
entity_0001,entity_0881,0,tabpfn,7.867751264711842e-06,0
entity_0853,entity_0973,0,tabpfn,8.284976502181962e-06,0
entity_0715,entity_0712,1,tabpfn,0.9972909688949585,1
entity_0826,entity_0148,0,tabpfn,3.5762659535976127e-06,0
entity_0965,entity_0967,1,tabpfn,0.9967398047447205,1
entity_0775,entity_0669,0,tabpfn,4.231911589158699e-06,0
entity_0872,entity_0879,1,tabpfn,0.9903779625892639,1
entity_0049,entity_0139,0,tabpfn,7.152506441343576e-06,0
entity_0685,entity_0163,0,tabpfn,3.874287358485162e-06,0
entity_0940,entity_0559,0,tabpfn,7.331317192438291e-06,0
entity_0101,entity_0250,0,tabpfn,2.1457626644405536e-06,0
entity_0479,entity_0485,0,tabpfn,0.9924600720405579,1
entity_0346,entity_0590,0,tabpfn,3.2186403586820234e-06,0
entity_0264,entity_0441,0,tabpfn,3.99349482904654e-06,0
entity_0019,entity_0018,1,tabpfn,0.9883943796157837,1
entity_0627,entity_0850,0,tabpfn,2.980223371196189e-06,0
entity_0960,entity_0025,0,tabpfn,8.82140921021346e-06,0
entity_0593,entity_0674,0,tabpfn,5.423993115982739e-06,0
entity_0956,entity_0492,0,tabpfn,6.4968644437612966e-06,0
entity_0276,entity_0280,1,tabpfn,0.996722400188446,1
entity_0387,entity_0755,0,tabpfn,1.84774046374514e-06,0
entity_0884,entity_0996,0,tabpfn,2.574854443082586e-05,0
entity_0429,entity_0426,1,tabpfn,0.9982610940933228,1
entity_0627,entity_0626,1,tabpfn,0.9984229803085327,1
entity_0522,entity_0093,0,tabpfn,2.861014763766434e-06,0
entity_0167,entity_0945,0,tabpfn,1.740425250318367e-05,0
entity_0838,entity_0608,0,tabpfn,3.635870370999328e-06,0
entity_0189,entity_0185,1,tabpfn,0.9952766299247742,1
entity_0256,entity_0897,0,tabpfn,5.3047856454213616e-06,0
entity_0519,entity_0512,1,tabpfn,0.989927351474762,1
entity_0927,entity_0984,0,tabpfn,0.00023121254344005138,0
entity_0948,entity_0949,1,tabpfn,0.9978470206260681,1
entity_0075,entity_0074,1,tabpfn,0.9974691867828369,1
entity_0810,entity_0516,0,tabpfn,3.5762659535976127e-06,0
entity_0007,entity_0001,1,tabpfn,0.9819785356521606,1
entity_0861,entity_0864,1,tabpfn,0.9971996545791626,1
entity_0865,entity_0863,1,tabpfn,0.9984418153762817,1
entity_0644,entity_0352,0,tabpfn,5.006765150028514e-06,0
entity_0216,entity_0306,0,tabpfn,3.8146827137097716e-06,0
entity_0138,entity_0745,0,tabpfn,6.020033197273733e-06,0
entity_0218,entity_0801,0,tabpfn,4.768348844663706e-06,0
entity_0281,entity_0282,1,tabpfn,0.9984028339385986,1
entity_0923,entity_0929,1,tabpfn,0.9853740930557251,1
entity_0547,entity_0542,1,tabpfn,0.998588502407074,1
entity_0021,entity_0771,0,tabpfn,5.483597306010779e-06,0
entity_0886,entity_0917,0,tabpfn,0.00020321054034866393,0
entity_0532,entity_0537,1,tabpfn,0.9970113635063171,1
entity_0349,entity_0550,0,tabpfn,3.099431978625944e-06,0
entity_0955,entity_0367,0,tabpfn,5.781617346656276e-06,0
entity_0035,entity_0564,0,tabpfn,4.410724159242818e-06,0
entity_0917,entity_0913,1,tabpfn,0.9946592450141907,1
entity_0647,entity_0507,0,tabpfn,5.483597306010779e-06,0
entity_0229,entity_0795,0,tabpfn,3.8146827137097716e-06,0
entity_0842,entity_0843,1,tabpfn,0.9988138675689697,1
entity_0470,entity_0447,0,tabpfn,0.0008241003379225731,0
entity_0414,entity_0418,1,tabpfn,0.9980668425559998,1
entity_0304,entity_0885,0,tabpfn,3.5762659535976127e-06,0
entity_0394,entity_0485,0,tabpfn,4.053099473821931e-06,0
entity_0927,entity_0250,0,tabpfn,4.053099473821931e-06,0
entity_0603,entity_0605,1,tabpfn,0.9966067671775818,1
entity_0489,entity_0482,1,tabpfn,0.9970816969871521,1
entity_0548,entity_0541,1,tabpfn,0.9962058663368225,1
entity_0804,entity_0808,1,tabpfn,0.9936561584472656,1
entity_0666,entity_0661,1,tabpfn,0.9962419867515564,1
entity_0234,entity_0233,1,tabpfn,0.9964755773544312,1
entity_0776,entity_0778,1,tabpfn,0.9941520094871521,1
entity_0923,entity_0930,1,tabpfn,0.9608495235443115,1
entity_0853,entity_0428,0,tabpfn,3.159036396027659e-06,0
entity_0015,entity_0019,1,tabpfn,0.9879211187362671,1
entity_0956,entity_0951,1,tabpfn,0.9969980716705322,1
entity_0034,entity_0035,1,tabpfn,0.9940799474716187,1
entity_0151,entity_0175,0,tabpfn,0.005154776852577925,0
entity_0229,entity_0170,0,tabpfn,3.4688699088292196e-05,0
entity_0242,entity_0250,1,tabpfn,0.9450529217720032,1
entity_0449,entity_0447,1,tabpfn,0.9989196062088013,1
entity_0604,entity_0187,0,tabpfn,3.933891093765851e-06,0
entity_0935,entity_0710,0,tabpfn,2.503388714103494e-06,0
entity_0225,entity_0888,0,tabpfn,5.900824817217654e-06,0
entity_0282,entity_0734,0,tabpfn,2.0265538296371233e-06,0
entity_0225,entity_0938,0,tabpfn,6.973695235501509e-06,0
entity_0852,entity_0395,0,tabpfn,2.503388714103494e-06,0
entity_0308,entity_0582,0,tabpfn,2.622597548906924e-06,0
entity_0894,entity_0767,0,tabpfn,9.059824151336215e-06,0
entity_0300,entity_0292,1,tabpfn,0.9308913350105286,1
entity_0122,entity_0121,1,tabpfn,0.9983685612678528,1
entity_0738,entity_0409,0,tabpfn,3.4570573461678578e-06,0
entity_0103,entity_0503,0,tabpfn,2.6822019663086394e-06,0
entity_0558,entity_0834,0,tabpfn,2.5629929041315336e-06,0
entity_0832,entity_0347,0,tabpfn,2.2649712718703086e-06,0
entity_0599,entity_0596,1,tabpfn,0.9972814321517944,1
entity_0101,entity_0802,0,tabpfn,5.125973075337242e-06,0
entity_0061,entity_0504,0,tabpfn,3.5166615361958975e-06,0
entity_0359,entity_0358,1,tabpfn,0.9990420341491699,1
entity_0201,entity_0206,1,tabpfn,0.9924336075782776,1
entity_0097,entity_0092,1,tabpfn,0.9950488805770874,1
entity_0520,entity_0826,0,tabpfn,3.2186403586820234e-06,0
entity_0908,entity_0904,1,tabpfn,0.9950147271156311,1
entity_0018,entity_0944,0,tabpfn,6.437260253733257e-06,0
entity_0132,entity_0139,1,tabpfn,0.9948869943618774,1
entity_0390,entity_0381,1,tabpfn,0.9580078125,1
entity_0188,entity_0145,0,tabpfn,0.00010370132804382592,0
entity_0450,entity_0448,1,tabpfn,0.9991768598556519,1
entity_0622,entity_0628,1,tabpfn,0.9878532886505127,1
entity_0312,entity_0315,1,tabpfn,0.998593270778656,1
entity_0977,entity_0976,1,tabpfn,0.9975528717041016,1
entity_0232,entity_0233,1,tabpfn,0.9961374402046204,1
entity_0317,entity_0038,0,tabpfn,2.622597548906924e-06,0
entity_0395,entity_0396,1,tabpfn,0.9978147149085999,1
entity_0725,entity_0128,0,tabpfn,4.053099473821931e-06,0
entity_0541,entity_0720,0,tabpfn,6.616071459575323e-06,0
entity_0418,entity_0891,0,tabpfn,2.622597548906924e-06,0
entity_0480,entity_0473,1,tabpfn,0.992346465587616,1
entity_0566,entity_0568,1,tabpfn,0.997679591178894,1
entity_0266,entity_0049,0,tabpfn,2.9206191811681492e-06,0
entity_0054,entity_0685,0,tabpfn,4.053099473821931e-06,0
entity_0856,entity_0852,1,tabpfn,0.9980830550193787,1
entity_0486,entity_0482,1,tabpfn,0.9982001185417175,1
entity_0262,entity_0137,0,tabpfn,3.5762659535976127e-06,0
entity_0870,entity_0750,0,tabpfn,5.006765150028514e-06,0
entity_0083,entity_0087,1,tabpfn,0.995677649974823,1
entity_0080,entity_0072,1,tabpfn,0.9851110577583313,1
entity_0178,entity_0175,1,tabpfn,0.99658203125,1
entity_0739,entity_0110,0,tabpfn,4.11270366384997e-06,0
entity_0474,entity_0471,1,tabpfn,0.9987266063690186,1
entity_0924,entity_0570,0,tabpfn,5.900824817217654e-06,0
entity_0263,entity_0269,1,tabpfn,0.9766519069671631,1
entity_0994,entity_0995,1,tabpfn,0.9982067942619324,1
entity_0277,entity_0275,1,tabpfn,0.9974786639213562,1
entity_0946,entity_0941,1,tabpfn,0.9975205659866333,1
entity_0323,entity_0210,0,tabpfn,4.2915162339340895e-06,0
entity_0856,entity_0264,0,tabpfn,3.2186403586820234e-06,0
entity_0138,entity_0136,1,tabpfn,0.997503399848938,1
entity_0306,entity_0660,0,tabpfn,1.907344994833693e-06,0
entity_0541,entity_0547,1,tabpfn,0.9943795800209045,1
entity_0689,entity_0681,1,tabpfn,0.9873724579811096,1
entity_0266,entity_0383,0,tabpfn,3.0398275612242287e-06,0
entity_0717,entity_0713,1,tabpfn,0.9961564540863037,1
entity_0660,entity_0658,1,tabpfn,0.9978870153427124,1
entity_0715,entity_0486,0,tabpfn,5.6624089666001964e-06,0
entity_0500,entity_0492,1,tabpfn,0.9937964081764221,1
entity_0943,entity_0991,0,tabpfn,0.0004375202988740057,0
entity_0581,entity_0589,1,tabpfn,0.7421875,1
entity_0470,entity_0640,0,tabpfn,6.079636932554422e-06,0
entity_0152,entity_0699,0,tabpfn,4.887556769972434e-06,0
entity_0385,entity_0538,0,tabpfn,1.0251893399981782e-05,0
entity_0317,entity_0177,0,tabpfn,2.3245756892720237e-06,0
entity_0719,entity_0695,0,tabpfn,0.00010179437231272459,0
entity_0533,entity_0535,1,tabpfn,0.997646152973175,1
entity_0496,entity_0498,1,tabpfn,0.9984970688819885,1
entity_0118,entity_0672,0,tabpfn,4.649140464607626e-06,0
entity_0199,entity_0943,0,tabpfn,8.463787708024029e-06,0
entity_0024,entity_0541,0,tabpfn,7.688940968364477e-06,0
entity_0415,entity_0229,0,tabpfn,1.84774046374514e-06,0
entity_0531,entity_0540,1,tabpfn,0.869522750377655,1
entity_0868,entity_0865,1,tabpfn,0.998477041721344,1
entity_0196,entity_0117,0,tabpfn,1.8357894077780657e-05,0
entity_0314,entity_0316,1,tabpfn,0.9986713528633118,1
entity_0701,entity_0705,1,tabpfn,0.9943833947181702,1
entity_0788,entity_0786,1,tabpfn,0.9960177540779114,1
entity_0694,entity_0314,0,tabpfn,5.36438938070205e-06,0
entity_0902,entity_0901,1,tabpfn,0.9967113137245178,1
entity_0499,entity_0146,0,tabpfn,2.1457626644405536e-06,0
entity_0270,entity_0263,1,tabpfn,0.9812115430831909,1
entity_0595,entity_0600,1,tabpfn,0.9869444370269775,1
entity_0979,entity_0972,1,tabpfn,0.9888600707054138,1
entity_0927,entity_0925,1,tabpfn,0.9959380030632019,1
entity_0040,entity_0209,0,tabpfn,2.622597548906924e-06,0
entity_0383,entity_0729,0,tabpfn,1.84774046374514e-06,0
entity_0351,entity_0542,0,tabpfn,3.2186403586820234e-06,0
entity_0097,entity_0096,1,tabpfn,0.9977736473083496,1
entity_0830,entity_0702,0,tabpfn,3.099431978625944e-06,0
entity_0922,entity_0926,1,tabpfn,0.9955940842628479,1
entity_0617,entity_0602,0,tabpfn,0.1872023493051529,0
entity_0005,entity_0537,0,tabpfn,1.746385714795906e-05,0
entity_0602,entity_0605,1,tabpfn,0.9959911704063416,1
entity_0063,entity_0061,1,tabpfn,0.9964907765388489,1
entity_0652,entity_0651,1,tabpfn,0.9985179901123047,1
entity_0558,entity_0526,0,tabpfn,0.0006379125989042222,0
entity_0799,entity_0795,1,tabpfn,0.9959569573402405,1
entity_0706,entity_0705,1,tabpfn,0.9970151782035828,1
entity_0042,entity_0311,0,tabpfn,1.907344994833693e-06,0
entity_0753,entity_0760,1,tabpfn,0.9737516641616821,1
entity_0058,entity_0051,1,tabpfn,0.9850286245346069,1
entity_0201,entity_0207,1,tabpfn,0.9832484126091003,1
entity_0703,entity_0705,1,tabpfn,0.9975395798683167,1
entity_0613,entity_0615,1,tabpfn,0.998024046421051,1
entity_0438,entity_0435,1,tabpfn,0.9985504150390625,1
entity_0026,entity_0376,0,tabpfn,3.2186403586820234e-06,0
entity_0924,entity_0927,1,tabpfn,0.9953662753105164,1
entity_0972,entity_0975,1,tabpfn,0.9957367181777954,1
entity_0323,entity_0653,0,tabpfn,2.384180106673739e-06,0
entity_0054,entity_0055,1,tabpfn,0.9947161674499512,1
entity_0827,entity_0823,1,tabpfn,0.9982649087905884,1
entity_0558,entity_0698,0,tabpfn,7.6293363235890865e-06,0
entity_0233,entity_0482,0,tabpfn,3.3974533835134935e-06,0
entity_0966,entity_0927,0,tabpfn,0.0002204885531682521,0
entity_0191,entity_0231,0,tabpfn,6.889822543598711e-05,0
entity_0050,entity_0871,0,tabpfn,6.973695235501509e-06,0
entity_0294,entity_0955,0,tabpfn,5.543201496038819e-06,0
entity_0970,entity_0460,0,tabpfn,7.748543794150464e-06,0
entity_0770,entity_0768,1,tabpfn,0.9964092373847961,1
entity_0362,entity_0367,1,tabpfn,0.9972719550132751,1
entity_0148,entity_0147,1,tabpfn,0.9965915083885193,1
entity_0216,entity_0214,1,tabpfn,0.9974463582038879,1
entity_0625,entity_0721,0,tabpfn,5.602805231319508e-06,0
entity_0374,entity_0371,1,tabpfn,0.9987443685531616,1
entity_0782,entity_0784,1,tabpfn,0.9948477149009705,1
entity_0765,entity_0803,0,tabpfn,3.838391785393469e-05,0
entity_0556,entity_0558,1,tabpfn,0.9977279901504517,1
entity_0546,entity_0543,1,tabpfn,0.9986246824264526,1
entity_0272,entity_0578,0,tabpfn,5.483597306010779e-06,0
entity_0455,entity_0388,0,tabpfn,1.877511022030376e-05,0
entity_0689,entity_0683,1,tabpfn,0.9947958588600159,1
entity_0051,entity_0206,0,tabpfn,2.2649712718703086e-06,0
entity_0710,entity_0959,0,tabpfn,1.6689273252268322e-06,0
entity_0320,entity_0312,1,tabpfn,0.9873875379562378,1
entity_0615,entity_0061,0,tabpfn,3.8146827137097716e-06,0
entity_0150,entity_0457,0,tabpfn,3.278244548710063e-06,0
entity_0477,entity_0356,0,tabpfn,1.4900939277140424e-05,0
entity_0705,entity_0708,1,tabpfn,0.9944289326667786,1
entity_0582,entity_0470,0,tabpfn,1.2218803931318689e-05,0
entity_0539,entity_0691,0,tabpfn,3.695474333653692e-06,0
entity_0856,entity_0633,0,tabpfn,2.801410346364719e-06,0
entity_0932,entity_0935,1,tabpfn,0.9953601956367493,1
entity_0217,entity_0575,0,tabpfn,4.351120423962129e-06,0
entity_0704,entity_0841,0,tabpfn,4.708744654635666e-06,0
entity_0284,entity_0255,0,tabpfn,0.00026290654204785824,0
entity_0554,entity_0559,1,tabpfn,0.9956206679344177,1
entity_0890,entity_0255,0,tabpfn,3.159036396027659e-06,0
entity_0776,entity_0774,1,tabpfn,0.9961013793945312,1
entity_0139,entity_0140,1,tabpfn,0.997590959072113,1
entity_0080,entity_0079,1,tabpfn,0.997423529624939,1
entity_0738,entity_0740,1,tabpfn,0.995483934879303,1
entity_0544,entity_0547,1,tabpfn,0.9976023435592651,1
entity_0455,entity_0456,1,tabpfn,0.9991201758384705,1
entity_0454,entity_0599,0,tabpfn,1.102673832065193e-05,0
entity_0413,entity_0544,0,tabpfn,1.1741977687051985e-05,0
entity_0708,entity_0439,0,tabpfn,6.13924021308776e-06,0
entity_0086,entity_0082,1,tabpfn,0.9965230822563171,1
entity_0861,entity_0870,1,tabpfn,0.9847205281257629,1
entity_0665,entity_0668,1,tabpfn,0.9984618425369263,1
entity_0365,entity_0367,1,tabpfn,0.9980554580688477,1
entity_0238,entity_0233,1,tabpfn,0.9955826997756958,1
entity_0188,entity_0186,1,tabpfn,0.9965459108352661,1
entity_0430,entity_0426,1,tabpfn,0.9978184700012207,1
entity_0777,entity_0022,0,tabpfn,6.794883120164741e-06,0
entity_0186,entity_0775,0,tabpfn,5.36438938070205e-06,0
entity_0538,entity_0531,1,tabpfn,0.9967017769813538,1
entity_0034,entity_0561,0,tabpfn,5.245181455393322e-06,0
entity_0128,entity_0388,0,tabpfn,3.7550782963080565e-06,0
entity_0997,entity_0368,0,tabpfn,1.597379014128819e-05,0
entity_0195,entity_0192,1,tabpfn,0.997024655342102,1
entity_0630,entity_0624,1,tabpfn,0.99525386095047,1
entity_0553,entity_0357,0,tabpfn,4.649140464607626e-06,0
entity_0387,entity_0383,1,tabpfn,0.9983848929405212,1
entity_0194,entity_0191,1,tabpfn,0.9957156181335449,1
entity_0583,entity_0836,0,tabpfn,2.861014763766434e-06,0
entity_0396,entity_0392,1,tabpfn,0.9976442456245422,1
entity_0797,entity_0737,0,tabpfn,2.1099598598084413e-05,0
entity_0963,entity_0342,0,tabpfn,6.25844904789119e-06,0
entity_0974,entity_0782,0,tabpfn,2.801410346364719e-06,0
entity_0685,entity_0684,1,tabpfn,0.9981268048286438,1
entity_0550,entity_0439,0,tabpfn,1.5258556231856346e-05,0
entity_0386,entity_0576,0,tabpfn,4.470327894523507e-06,0
entity_0066,entity_0141,0,tabpfn,2.1934029064141214e-05,0
entity_0522,entity_0521,1,tabpfn,0.9988243579864502,1
entity_0658,entity_0655,1,tabpfn,0.9978489279747009,1
entity_0637,entity_0639,1,tabpfn,0.997747004032135,1
entity_0646,entity_0647,1,tabpfn,0.9981573224067688,1
entity_0507,entity_0199,0,tabpfn,2.384180106673739e-06,0
entity_0933,entity_0932,1,tabpfn,0.9962419867515564,1
entity_0760,entity_0334,0,tabpfn,4.887556769972434e-06,0
entity_0263,entity_0908,0,tabpfn,5.245181455393322e-06,0
entity_0765,entity_0039,0,tabpfn,8.523391443304718e-06,0
entity_0117,entity_0118,1,tabpfn,0.9973588585853577,1
entity_0467,entity_0770,0,tabpfn,1.6689273252268322e-06,0
entity_0617,entity_0731,0,tabpfn,4.768348844663706e-06,0
entity_0144,entity_0145,1,tabpfn,0.9974710941314697,1
entity_0857,entity_0203,0,tabpfn,3.2186403586820234e-06,0
entity_0596,entity_0629,0,tabpfn,5.2926123316865414e-05,0
entity_0442,entity_0445,1,tabpfn,0.9985846877098083,1
entity_0090,entity_0082,1,tabpfn,0.9838716983795166,1
entity_0805,entity_0146,0,tabpfn,3.99349482904654e-06,0
entity_0393,entity_0397,1,tabpfn,0.9983599781990051,1
entity_0933,entity_0864,0,tabpfn,3.123185888398439e-05,0
entity_0358,entity_0615,0,tabpfn,2.980223371196189e-06,0
entity_0973,entity_0972,1,tabpfn,0.9981944561004639,1
entity_0524,entity_0943,0,tabpfn,5.006765150028514e-06,0
entity_0760,entity_0758,1,tabpfn,0.9962039589881897,1
entity_0423,entity_0099,0,tabpfn,2.086158019665163e-06,0
entity_0475,entity_0995,0,tabpfn,9.95387563307304e-06,0
entity_0572,entity_0575,1,tabpfn,0.996709406375885,1
entity_0773,entity_0774,1,tabpfn,0.9958354234695435,1
entity_0045,entity_0042,1,tabpfn,0.9954877495765686,1
entity_0466,entity_0076,0,tabpfn,2.741806156336679e-06,0
entity_0685,entity_0683,1,tabpfn,0.998349666595459,1
entity_0843,entity_0905,0,tabpfn,6.5564677242946345e-06,0
entity_0866,entity_0870,1,tabpfn,0.9962476491928101,1
entity_0585,entity_0584,1,tabpfn,0.9983581900596619,1
entity_0245,entity_0247,1,tabpfn,0.9969220161437988,1
entity_0398,entity_0396,1,tabpfn,0.9979497790336609,1
entity_0300,entity_0349,0,tabpfn,8.236683061113581e-05,0
entity_0242,entity_0280,0,tabpfn,0.00016924853844102472,0
entity_0083,entity_0569,0,tabpfn,4.529932539298898e-06,0
entity_0396,entity_0029,0,tabpfn,9.417444744030945e-06,0
entity_0297,entity_0291,1,tabpfn,0.9957708716392517,1
entity_0959,entity_0953,1,tabpfn,0.9960994720458984,1
entity_0010,entity_0002,1,tabpfn,0.9669148921966553,1
entity_0037,entity_0033,1,tabpfn,0.9908965229988098,1
entity_0377,entity_0666,0,tabpfn,1.7881361600302625e-06,0
entity_0965,entity_0795,0,tabpfn,4.768348844663706e-06,0
entity_0596,entity_0866,0,tabpfn,2.741806156336679e-06,0
entity_0821,entity_0825,1,tabpfn,0.9967775344848633,1
entity_0959,entity_0091,0,tabpfn,3.4570573461678578e-06,0
entity_0041,entity_0048,1,tabpfn,0.9627143740653992,1
entity_0654,entity_0653,1,tabpfn,0.9985665678977966,1
entity_0251,entity_0253,1,tabpfn,0.9972319602966309,1
entity_0246,entity_0247,1,tabpfn,0.9957726001739502,1
entity_0832,entity_0834,1,tabpfn,0.9981696605682373,1
entity_0218,entity_0211,1,tabpfn,0.9841647744178772,1
entity_0877,entity_0425,0,tabpfn,2.861014763766434e-06,0
entity_0584,entity_0371,0,tabpfn,3.695474333653692e-06,0
entity_0822,entity_0557,0,tabpfn,3.099431978625944e-06,0
entity_0805,entity_0808,1,tabpfn,0.9963617324829102,1
entity_0897,entity_0516,0,tabpfn,4.947160960000474e-06,0
entity_0329,entity_0325,1,tabpfn,0.9982477426528931,1
entity_0592,entity_0596,1,tabpfn,0.9893937110900879,1
entity_0678,entity_0177,0,tabpfn,3.933891093765851e-06,0
entity_0738,entity_0736,1,tabpfn,0.9971672892570496,1
entity_0505,entity_0508,1,tabpfn,0.9978603720664978,1
entity_0342,entity_0537,0,tabpfn,3.099431978625944e-06,0
entity_0937,entity_0552,0,tabpfn,7.033298516034847e-06,0
entity_0920,entity_0919,1,tabpfn,0.9975928664207458,1
entity_0524,entity_0521,1,tabpfn,0.9983049035072327,1
entity_0791,entity_0795,1,tabpfn,0.9941330552101135,1
entity_0098,entity_0099,1,tabpfn,0.9975985288619995,1
entity_0657,entity_0098,0,tabpfn,4.231911589158699e-06,0
entity_0283,entity_0287,1,tabpfn,0.9980259537696838,1
entity_0972,entity_0675,0,tabpfn,3.278244548710063e-06,0
entity_0711,entity_0202,0,tabpfn,3.635870370999328e-06,0
entity_0152,entity_0156,1,tabpfn,0.996942937374115,1
entity_0603,entity_0608,1,tabpfn,0.99072265625,1
entity_0271,entity_0278,1,tabpfn,0.9673737287521362,1
entity_0573,entity_0580,1,tabpfn,0.961367130279541,1
entity_0248,entity_0207,0,tabpfn,7.55133805796504e-05,0
entity_0950,entity_0311,0,tabpfn,5.722013156628236e-06,0
entity_0785,entity_0790,1,tabpfn,0.9907453060150146,1
entity_0402,entity_0590,0,tabpfn,3.695474333653692e-06,0
entity_0423,entity_0935,0,tabpfn,3.8146827137097716e-06,0
entity_0993,entity_0134,0,tabpfn,4.17230785387801e-06,0
entity_0036,entity_0032,1,tabpfn,0.9919150471687317,1
entity_0962,entity_0443,0,tabpfn,7.331317192438291e-06,0
entity_0848,entity_0842,1,tabpfn,0.9966808557510376,1
entity_0160,entity_0151,1,tabpfn,0.9312660098075867,1
entity_0150,entity_0523,0,tabpfn,2.861014763766434e-06,0
entity_0111,entity_0656,0,tabpfn,4.2915162339340895e-06,0
entity_0909,entity_0907,1,tabpfn,0.9971045255661011,1
entity_0154,entity_0152,1,tabpfn,0.9972547888755798,1
entity_0420,entity_0221,0,tabpfn,1.6689273252268322e-06,0
entity_0177,entity_0427,0,tabpfn,3.933891093765851e-06,0
entity_0577,entity_0580,1,tabpfn,0.9963710904121399,1
entity_0526,entity_0570,0,tabpfn,4.327109854784794e-05,0
entity_0309,entity_0304,1,tabpfn,0.995483934879303,1
entity_0618,entity_0785,0,tabpfn,3.8146827137097716e-06,0
entity_0173,entity_0069,0,tabpfn,1.7702266632113606e-05,0
entity_0679,entity_0072,0,tabpfn,3.933891093765851e-06,0
entity_0067,entity_0071,0,tabpfn,0.9943872094154358,1
entity_0875,entity_0766,0,tabpfn,9.775066246220376e-06,0
entity_0231,entity_0783,0,tabpfn,3.8146827137097716e-06,0
entity_0444,entity_0443,1,tabpfn,0.9991001486778259,1
entity_0033,entity_0039,1,tabpfn,0.9798360466957092,1
entity_0550,entity_0547,1,tabpfn,0.9986141920089722,1
entity_0561,entity_0200,0,tabpfn,3.933891093765851e-06,0
entity_0702,entity_0387,0,tabpfn,3.874287358485162e-06,0
entity_0043,entity_0049,1,tabpfn,0.9878532886505127,1
entity_0511,entity_0517,1,tabpfn,0.9937395453453064,1
entity_0399,entity_0392,1,tabpfn,0.9921950697898865,1
entity_0528,entity_0830,0,tabpfn,2.503388714103494e-06,0
entity_0513,entity_0517,1,tabpfn,0.9965630173683167,1
entity_0637,entity_0339,0,tabpfn,4.768348844663706e-06,0
entity_0137,entity_0675,0,tabpfn,4.708744654635666e-06,0
entity_0886,entity_0887,1,tabpfn,0.9966504573822021,1
entity_0166,entity_0164,1,tabpfn,0.9960139393806458,1
entity_0865,entity_0864,1,tabpfn,0.9977747201919556,1
entity_0551,entity_0652,0,tabpfn,7.271713911904953e-06,0
entity_0863,entity_0861,1,tabpfn,0.9983487129211426,1
entity_0881,entity_0265,0,tabpfn,3.2186403586820234e-06,0
entity_0858,entity_0573,0,tabpfn,4.470327894523507e-06,0
entity_0484,entity_0536,0,tabpfn,8.236683061113581e-05,0
entity_0053,entity_0052,1,tabpfn,0.9960025548934937,1
entity_0108,entity_0900,0,tabpfn,1.1503564564918634e-05,0
entity_0984,entity_0654,0,tabpfn,4.2915162339340895e-06,0
entity_0107,entity_0108,1,tabpfn,0.9985160827636719,1
entity_0131,entity_0133,1,tabpfn,0.997702419757843,1
entity_0908,entity_0901,1,tabpfn,0.9933421611785889,1
entity_0405,entity_0732,0,tabpfn,1.728531856315385e-06,0
entity_0569,entity_0731,0,tabpfn,4.887556769972434e-06,0
entity_0844,entity_0113,0,tabpfn,3.3974533835134935e-06,0
entity_0611,entity_0771,0,tabpfn,3.5762659535976127e-06,0
entity_0140,entity_0132,1,tabpfn,0.9827517867088318,1
entity_0202,entity_0205,1,tabpfn,0.994564414024353,1
entity_0074,entity_0073,1,tabpfn,0.9965896606445312,1
entity_0381,entity_0382,1,tabpfn,0.9990406036376953,1
entity_0039,entity_0034,1,tabpfn,0.9840446710586548,1
entity_0464,entity_0465,1,tabpfn,0.9990129470825195,1
entity_0982,entity_0968,0,tabpfn,0.39438340067863464,0
entity_0580,entity_0574,1,tabpfn,0.9959835410118103,1
entity_0812,entity_0762,0,tabpfn,6.687193672405556e-05,0
entity_0844,entity_0636,0,tabpfn,2.741806156336679e-06,0
entity_0971,entity_0086,0,tabpfn,4.410724159242818e-06,0
entity_0186,entity_0110,0,tabpfn,3.9158720028353855e-05,0
entity_0147,entity_0803,0,tabpfn,7.450525572494371e-06,0
entity_0032,entity_0035,1,tabpfn,0.9944316744804382,1
entity_0559,entity_0976,0,tabpfn,3.635870370999328e-06,0
entity_0201,entity_0210,1,tabpfn,0.9822120666503906,1
entity_0654,entity_0181,0,tabpfn,4.231911589158699e-06,0
entity_0352,entity_0360,1,tabpfn,0.9681140184402466,1
entity_0721,entity_0030,0,tabpfn,4.17230785387801e-06,0
entity_0596,entity_0469,0,tabpfn,1.5735378838144243e-05,0
entity_0150,entity_0145,1,tabpfn,0.9946668744087219,1
entity_0716,entity_0719,1,tabpfn,0.9946630597114563,1
entity_0306,entity_0177,0,tabpfn,5.185576810617931e-06,0
entity_0647,entity_0649,1,tabpfn,0.9986703991889954,1
entity_0831,entity_0839,1,tabpfn,0.9780572056770325,1
entity_0910,entity_0901,1,tabpfn,0.85986328125,1
entity_0723,entity_0816,0,tabpfn,5.125973075337242e-06,0
entity_0894,entity_0167,0,tabpfn,3.159036396027659e-06,0
entity_0668,entity_0670,1,tabpfn,0.9985608458518982,1
entity_0235,entity_0234,1,tabpfn,0.9976118803024292,1
entity_0172,entity_0125,0,tabpfn,0.00010513154120417312,0
entity_0767,entity_0837,0,tabpfn,8.940616680774838e-06,0
entity_0645,entity_0644,1,tabpfn,0.9987815022468567,1
entity_0268,entity_0270,1,tabpfn,0.9964470863342285,1
entity_0037,entity_0548,0,tabpfn,3.695474333653692e-06,0
entity_0785,entity_0784,1,tabpfn,0.9969295859336853,1
entity_0295,entity_0300,1,tabpfn,0.9958810210227966,1
entity_0137,entity_0082,0,tabpfn,8.91009985934943e-05,0
entity_0652,entity_0654,1,tabpfn,0.9985656142234802,1
entity_0944,entity_0437,0,tabpfn,6.318052328424528e-06,0
entity_0277,entity_0278,1,tabpfn,0.9982601404190063,1
entity_0839,entity_0834,1,tabpfn,0.9986304044723511,1
entity_0085,entity_0089,1,tabpfn,0.9972262978553772,1
entity_0654,entity_0481,0,tabpfn,6.973695235501509e-06,0
entity_0567,entity_0758,0,tabpfn,3.3378489661117783e-06,0
entity_0676,entity_0680,1,tabpfn,0.9969809651374817,1
entity_0482,entity_0463,0,tabpfn,0.0028479050379246473,0
entity_0852,entity_0853,1,tabpfn,0.9976956248283386,1
entity_0680,entity_0519,0,tabpfn,5.960429007245693e-06,0
entity_0492,entity_0800,0,tabpfn,2.0265538296371233e-06,0
entity_0260,entity_0617,0,tabpfn,2.503388714103494e-06,0
entity_0443,entity_0236,0,tabpfn,2.1457626644405536e-06,0
entity_0033,entity_0035,1,tabpfn,0.992028534412384,1
entity_0455,entity_0125,0,tabpfn,2.503388714103494e-06,0
entity_0907,entity_0433,0,tabpfn,3.695474333653692e-06,0
entity_0371,entity_0173,0,tabpfn,1.907344994833693e-06,0
entity_0315,entity_0311,1,tabpfn,0.9964016079902649,1
entity_0623,entity_0622,1,tabpfn,0.998205840587616,1
entity_0496,entity_0983,0,tabpfn,4.768348844663706e-06,0
entity_0614,entity_0486,0,tabpfn,1.2874437743448652e-05,0
entity_0403,entity_0405,1,tabpfn,0.9989224672317505,1
entity_0553,entity_0554,1,tabpfn,0.9989205598831177,1
entity_0275,entity_0961,0,tabpfn,8.165769941115286e-06,0
entity_0323,entity_0327,1,tabpfn,0.9983705878257751,1
entity_0858,entity_0859,1,tabpfn,0.9978280067443848,1
entity_0082,entity_0085,1,tabpfn,0.996944785118103,1
entity_0006,entity_0010,1,tabpfn,0.986854076385498,1
entity_0940,entity_0811,0,tabpfn,6.794883120164741e-06,0
entity_0856,entity_0855,1,tabpfn,0.9979954957962036,1
entity_0816,entity_0503,0,tabpfn,4.470327894523507e-06,0
entity_0925,entity_0926,1,tabpfn,0.995949387550354,1
entity_0808,entity_0456,0,tabpfn,3.4570573461678578e-06,0
entity_0286,entity_0288,1,tabpfn,0.9952690601348877,1
entity_0674,entity_0735,0,tabpfn,1.0728720553743187e-05,0
entity_0253,entity_0878,0,tabpfn,4.708744654635666e-06,0
entity_0792,entity_0793,1,tabpfn,0.9961089491844177,1
entity_0169,entity_0919,0,tabpfn,8.523391443304718e-06,0
entity_0352,entity_0357,1,tabpfn,0.9976099729537964,1
entity_0774,entity_0780,1,tabpfn,0.9780870676040649,1
entity_0566,entity_0564,1,tabpfn,0.998939573764801,1
entity_0892,entity_0674,0,tabpfn,2.443784524075454e-06,0
entity_0585,entity_0587,1,tabpfn,0.995998740196228,1
entity_0544,entity_0736,0,tabpfn,4.649140464607626e-06,0
entity_0679,entity_0918,0,tabpfn,2.0265538296371233e-06,0
entity_0795,entity_0798,1,tabpfn,0.9950261116027832,1
entity_0721,entity_0015,0,tabpfn,6.85448685544543e-06,0
entity_0351,entity_0681,0,tabpfn,2.384180106673739e-06,0
entity_0825,entity_0769,0,tabpfn,3.534430652507581e-05,0
entity_0565,entity_0564,1,tabpfn,0.9991249442100525,1
entity_0539,entity_0540,1,tabpfn,0.9986151456832886,1
entity_0668,entity_0221,0,tabpfn,4.649140464607626e-06,0
entity_0408,entity_0871,0,tabpfn,3.4570573461678578e-06,0
entity_0374,entity_0377,1,tabpfn,0.9986824989318848,1
entity_0695,entity_0320,0,tabpfn,5.722013156628236e-06,0
entity_0529,entity_0950,0,tabpfn,3.4570573461678578e-06,0
entity_0568,entity_0287,0,tabpfn,4.231911589158699e-06,0
entity_0137,entity_0780,0,tabpfn,5.483597306010779e-06,0
entity_0126,entity_0127,1,tabpfn,0.9981039762496948,1
entity_0597,entity_0592,1,tabpfn,0.9966790080070496,1
entity_0078,entity_0079,1,tabpfn,0.9967778325080872,1
entity_0682,entity_0687,1,tabpfn,0.9961868524551392,1
entity_0585,entity_0917,0,tabpfn,3.3974533835134935e-06,0
entity_0972,entity_0971,1,tabpfn,0.9977214336395264,1
entity_0687,entity_0037,0,tabpfn,4.470327894523507e-06,0
entity_0461,entity_0466,1,tabpfn,0.9975643157958984,1
entity_0930,entity_0925,1,tabpfn,0.9961963295936584,1
entity_0411,entity_0415,1,tabpfn,0.9966371655464172,1
entity_0166,entity_0579,0,tabpfn,2.9206191811681492e-06,0
entity_0781,entity_0012,0,tabpfn,9.000219506560825e-06,0
entity_0061,entity_0068,1,tabpfn,0.9703629016876221,1
entity_0555,entity_0853,0,tabpfn,4.11270366384997e-06,0
entity_0984,entity_0986,1,tabpfn,0.997714638710022,1
entity_0120,entity_0117,1,tabpfn,0.9978337287902832,1
entity_0839,entity_0177,0,tabpfn,3.2186403586820234e-06,0
entity_0039,entity_0040,1,tabpfn,0.9942847490310669,1
entity_0027,entity_0681,0,tabpfn,5.3047856454213616e-06,0
entity_0030,entity_0847,0,tabpfn,7.092901796568185e-06,0
entity_0552,entity_0560,1,tabpfn,0.9598144888877869,1
entity_0730,entity_0727,1,tabpfn,0.9960405826568604,1
entity_0811,entity_0819,1,tabpfn,0.9814453125,1
entity_0813,entity_0812,1,tabpfn,0.9984123110771179,1
entity_0171,entity_0172,1,tabpfn,0.9977880716323853,1
entity_0367,entity_0697,0,tabpfn,2.0265538296371233e-06,0
entity_0340,entity_0336,1,tabpfn,0.9979555010795593,1
entity_0016,entity_0351,0,tabpfn,2.9206191811681492e-06,0
entity_0536,entity_0540,1,tabpfn,0.9977233409881592,1
entity_0852,entity_0141,0,tabpfn,2.980223371196189e-06,0
entity_0057,entity_0196,0,tabpfn,2.503388714103494e-06,0
entity_0214,entity_0942,0,tabpfn,6.1988448578631505e-06,0
entity_0897,entity_0892,1,tabpfn,0.996021568775177,1
entity_0288,entity_0287,1,tabpfn,0.9959532022476196,1
entity_0220,entity_0630,0,tabpfn,2.2649712718703086e-06,0
entity_0819,entity_0275,0,tabpfn,3.695474333653692e-06,0
entity_0252,entity_0532,0,tabpfn,2.503388714103494e-06,0
entity_0261,entity_0270,1,tabpfn,0.9233962297439575,1
entity_0447,entity_0442,1,tabpfn,0.9976708889007568,1
entity_0294,entity_0293,1,tabpfn,0.9967968463897705,1
entity_0943,entity_0768,0,tabpfn,2.741806156336679e-06,0
entity_0854,entity_0896,0,tabpfn,5.626361962640658e-05,0
entity_0628,entity_0538,0,tabpfn,1.3053246220806614e-05,0
entity_0772,entity_0762,0,tabpfn,0.6404686570167542,1
entity_0784,entity_0357,0,tabpfn,3.4570573461678578e-06,0
entity_0941,entity_0949,1,tabpfn,0.9601660370826721,1
entity_0288,entity_0922,0,tabpfn,4.768348844663706e-06,0
entity_0228,entity_0532,0,tabpfn,2.9206191811681492e-06,0
entity_0466,entity_0465,1,tabpfn,0.9992121458053589,1
entity_0447,entity_0450,1,tabpfn,0.998932957649231,1
entity_0593,entity_0599,1,tabpfn,0.983368456363678,1
entity_0095,entity_0308,0,tabpfn,7.092901796568185e-06,0
entity_0501,entity_0509,1,tabpfn,0.9262130260467529,1
entity_0955,entity_0132,0,tabpfn,2.801410346364719e-06,0
entity_0146,entity_0732,0,tabpfn,5.543201496038819e-06,0
entity_0087,entity_0381,0,tabpfn,2.086158019665163e-06,0
entity_0159,entity_0160,1,tabpfn,0.997251033782959,1
entity_0823,entity_0948,0,tabpfn,5.722013156628236e-06,0
entity_0670,entity_0792,0,tabpfn,5.602805231319508e-06,0
entity_0091,entity_0148,0,tabpfn,3.147026291117072e-05,0
entity_0661,entity_0662,1,tabpfn,0.9983304738998413,1
entity_0195,entity_0199,1,tabpfn,0.9911202192306519,1
entity_0758,entity_0285,0,tabpfn,4.649140464607626e-06,0
entity_0836,entity_0458,0,tabpfn,3.5762659535976127e-06,0
entity_0755,entity_0241,0,tabpfn,3.4570573461678578e-06,0
entity_0837,entity_0234,0,tabpfn,3.278244548710063e-06,0
entity_0521,entity_0495,0,tabpfn,0.0003041295858565718,0
entity_0410,entity_0878,0,tabpfn,2.503388714103494e-06,0
entity_0104,entity_0107,1,tabpfn,0.9981325268745422,1
entity_0410,entity_0522,0,tabpfn,6.675675649603363e-06,0
entity_0241,entity_0745,0,tabpfn,2.9206191811681492e-06,0
entity_0588,entity_0124,0,tabpfn,4.231911589158699e-06,0
entity_0834,entity_0838,1,tabpfn,0.9971844553947449,1
entity_0230,entity_0222,1,tabpfn,0.9806483387947083,1
entity_0102,entity_0109,1,tabpfn,0.996439516544342,1
entity_0502,entity_0349,0,tabpfn,5.245181455393322e-06,0
entity_0522,entity_0833,0,tabpfn,3.2186403586820234e-06,0
entity_0984,entity_0985,1,tabpfn,0.9981030225753784,1
entity_0991,entity_0154,0,tabpfn,6.020033197273733e-06,0
entity_0365,entity_0368,1,tabpfn,0.9974197149276733,1
entity_0823,entity_0826,1,tabpfn,0.9980030655860901,1
entity_0939,entity_0936,1,tabpfn,0.9968592524528503,1
entity_0279,entity_0274,1,tabpfn,0.9965915083885193,1
entity_0147,entity_0855,0,tabpfn,6.318052328424528e-06,0
entity_0804,entity_0807,1,tabpfn,0.9967775344848633,1
entity_0025,entity_0021,1,tabpfn,0.9877176284790039,1
entity_0544,entity_0154,0,tabpfn,2.861014763766434e-06,0
entity_0436,entity_0440,1,tabpfn,0.9963446259498596,1
entity_0700,entity_0045,0,tabpfn,4.17230785387801e-06,0
entity_0256,entity_0094,0,tabpfn,2.980223371196189e-06,0
entity_0461,entity_0465,1,tabpfn,0.9985970854759216,1
entity_0759,entity_0597,0,tabpfn,2.980223371196189e-06,0
entity_0853,entity_0856,1,tabpfn,0.9980354309082031,1
entity_0329,entity_0323,1,tabpfn,0.9896554946899414,1
entity_0052,entity_0979,0,tabpfn,1.1503564564918634e-05,0
entity_0889,entity_0885,1,tabpfn,0.9966903924942017,1
entity_0708,entity_0995,0,tabpfn,4.2915162339340895e-06,0
entity_0851,entity_0698,0,tabpfn,2.0265538296371233e-06,0
entity_0294,entity_0560,0,tabpfn,3.3974533835134935e-06,0
entity_0365,entity_0509,0,tabpfn,7.748543794150464e-06,0
entity_0768,entity_0024,0,tabpfn,4.231911589158699e-06,0
entity_0392,entity_0162,0,tabpfn,1.84774046374514e-06,0
entity_0782,entity_0785,1,tabpfn,0.9947844743728638,1
entity_0484,entity_0490,1,tabpfn,0.9933080673217773,1
entity_0513,entity_0557,0,tabpfn,3.9814316551201046e-05,0
entity_0490,entity_0487,1,tabpfn,0.9988672137260437,1
entity_0158,entity_0592,0,tabpfn,2.980223371196189e-06,0
entity_0025,entity_0027,1,tabpfn,0.9923654198646545,1
entity_0794,entity_0798,1,tabpfn,0.99072265625,1
entity_0125,entity_0389,0,tabpfn,2.384180106673739e-06,0
entity_0257,entity_0258,1,tabpfn,0.9972757697105408,1
entity_0560,entity_0518,0,tabpfn,5.411808888311498e-05,0
entity_0809,entity_0805,1,tabpfn,0.9973061680793762,1
entity_0734,entity_0074,0,tabpfn,4.17230785387801e-06,0
entity_0051,entity_0194,0,tabpfn,2.086158019665163e-06,0
entity_0790,entity_0781,1,tabpfn,0.9634671211242676,1
entity_0003,entity_0051,0,tabpfn,0.006188430357724428,0
entity_0704,entity_0705,1,tabpfn,0.9976423382759094,1
entity_0941,entity_0948,1,tabpfn,0.9751273989677429,1
entity_0369,entity_0362,1,tabpfn,0.993080735206604,1
entity_0821,entity_0769,0,tabpfn,4.923101369058713e-05,0
entity_0911,entity_0477,0,tabpfn,6.616071459575323e-06,0
entity_0087,entity_0090,1,tabpfn,0.9971635341644287,1
entity_0167,entity_0190,0,tabpfn,0.004409722983837128,0
entity_0858,entity_0714,0,tabpfn,1.907344994833693e-06,0
entity_0460,entity_0917,0,tabpfn,3.3378489661117783e-06,0
entity_0384,entity_0042,0,tabpfn,2.622597548906924e-06,0
entity_0679,entity_0390,0,tabpfn,4.17230785387801e-06,0
entity_0107,entity_0905,0,tabpfn,1.0430703696329147e-05,0
entity_0902,entity_0734,0,tabpfn,2.0265538296371233e-06,0
entity_0406,entity_0307,0,tabpfn,1.1443960829637945e-05,0
entity_0684,entity_0687,1,tabpfn,0.9964926838874817,1
entity_0494,entity_0493,1,tabpfn,0.9986503720283508,1
entity_0992,entity_0651,0,tabpfn,4.768348844663706e-06,0
entity_0933,entity_0298,0,tabpfn,4.351120423962129e-06,0
entity_0169,entity_0694,0,tabpfn,3.695474333653692e-06,0
entity_0168,entity_0165,1,tabpfn,0.9960823655128479,1
entity_0318,entity_0062,0,tabpfn,1.907344994833693e-06,0
entity_0739,entity_0742,0,tabpfn,0.9950830340385437,1
entity_0269,entity_0268,1,tabpfn,0.99765944480896,1
entity_0588,entity_0323,0,tabpfn,4.231911589158699e-06,0
entity_0503,entity_0124,0,tabpfn,2.980223371196189e-06,0
entity_0802,entity_0809,1,tabpfn,0.9734396934509277,1
entity_0040,entity_0031,1,tabpfn,0.9375,1
entity_0332,entity_0339,1,tabpfn,0.9963237047195435,1
entity_0464,entity_0332,0,tabpfn,9.655858775658999e-06,0
entity_0168,entity_0986,0,tabpfn,2.15764157474041e-05,0
entity_0841,entity_0926,0,tabpfn,1.0132686838915106e-05,0
entity_0985,entity_0925,0,tabpfn,0.00013111303269397467,0
entity_0532,entity_0391,0,tabpfn,8.523391443304718e-06,0
entity_0396,entity_0858,0,tabpfn,2.622597548906924e-06,0
entity_0344,entity_0346,1,tabpfn,0.9988595843315125,1
entity_0189,entity_0682,0,tabpfn,3.5166615361958975e-06,0
entity_0132,entity_0008,0,tabpfn,0.00010405888315290213,0
entity_0911,entity_0914,1,tabpfn,0.9892125129699707,1
entity_0947,entity_0915,0,tabpfn,0.0038910505827516317,0
entity_0215,entity_0983,0,tabpfn,1.3589674381364603e-05,0
entity_0798,entity_0977,0,tabpfn,3.635870370999328e-06,0
entity_0846,entity_0842,1,tabpfn,0.9979745149612427,1
entity_0518,entity_0513,1,tabpfn,0.997251033782959,1
entity_0395,entity_0394,1,tabpfn,0.997780442237854,1
entity_0515,entity_0517,1,tabpfn,0.9975737929344177,1
entity_0285,entity_0290,1,tabpfn,0.9944164752960205,1
entity_0659,entity_0466,0,tabpfn,7.808146619936451e-06,0
entity_0623,entity_0629,1,tabpfn,0.9859000444412231,1
entity_0531,entity_0374,0,tabpfn,5.602805231319508e-06,0
entity_0849,entity_0843,1,tabpfn,0.9969695210456848,1
entity_0717,entity_0223,0,tabpfn,4.410724159242818e-06,0
entity_0553,entity_0560,1,tabpfn,0.9873197674751282,1
entity_0121,entity_0798,0,tabpfn,5.245181455393322e-06,0
entity_0447,entity_0206,0,tabpfn,1.549718376736564e-06,0
entity_0517,entity_0512,1,tabpfn,0.998344898223877,1
entity_0153,entity_0159,1,tabpfn,0.9957916140556335,1
entity_0276,entity_0196,0,tabpfn,1.2874437743448652e-05,0
entity_0177,entity_0396,0,tabpfn,2.861014763766434e-06,0
entity_0721,entity_0645,0,tabpfn,8.106166205834597e-06,0
entity_0458,entity_0455,1,tabpfn,0.998674213886261,1
entity_0294,entity_0297,1,tabpfn,0.9968763589859009,1
entity_0434,entity_0105,0,tabpfn,2.5629929041315336e-06,0
entity_0947,entity_0942,1,tabpfn,0.9971026182174683,1
entity_0537,entity_0540,1,tabpfn,0.9978983998298645,1
entity_0976,entity_0979,1,tabpfn,0.9963976740837097,1
entity_0047,entity_0518,0,tabpfn,8.046561561059207e-06,0
entity_0592,entity_0256,0,tabpfn,4.17230785387801e-06,0
entity_0595,entity_0596,1,tabpfn,0.9972148537635803,1
entity_0506,entity_0502,1,tabpfn,0.9986456036567688,1
entity_0638,entity_0632,1,tabpfn,0.9955484867095947,1
entity_0094,entity_0091,1,tabpfn,0.9973874092102051,1
entity_0781,entity_0647,0,tabpfn,3.933891093765851e-06,0
entity_0175,entity_0174,1,tabpfn,0.9965535402297974,1
entity_0959,entity_0954,1,tabpfn,0.9938343167304993,1
entity_0615,entity_0747,0,tabpfn,6.735279839631403e-06,0
entity_0099,entity_0045,0,tabpfn,0.00038818432949483395,0
entity_0573,entity_0572,1,tabpfn,0.9989062547683716,1
entity_0228,entity_0102,0,tabpfn,5.483597306010779e-06,0
entity_0080,entity_0420,0,tabpfn,3.3974533835134935e-06,0
entity_0070,entity_0343,0,tabpfn,2.0265538296371233e-06,0
entity_0985,entity_0983,1,tabpfn,0.9985189437866211,1
entity_0698,entity_0987,0,tabpfn,2.622597548906924e-06,0
entity_0197,entity_0191,1,tabpfn,0.9939737915992737,1
entity_0460,entity_0910,0,tabpfn,3.4570573461678578e-06,0
entity_0102,entity_0762,0,tabpfn,4.529932539298898e-06,0
entity_0193,entity_0762,0,tabpfn,4.649140464607626e-06,0
entity_0007,entity_0455,0,tabpfn,1.0549911166890524e-05,0
entity_0147,entity_0611,0,tabpfn,3.3974533835134935e-06,0
entity_0759,entity_0752,1,tabpfn,0.9902797341346741,1
entity_0439,entity_0298,0,tabpfn,5.006765150028514e-06,0
entity_0293,entity_0298,1,tabpfn,0.9900757670402527,1
entity_0354,entity_0360,1,tabpfn,0.9952462911605835,1
entity_0250,entity_0222,0,tabpfn,0.00012396229431033134,0
entity_0744,entity_0747,1,tabpfn,0.995827853679657,1
entity_0386,entity_0053,0,tabpfn,2.1457626644405536e-06,0
entity_0494,entity_0491,1,tabpfn,0.9985246658325195,1
entity_0618,entity_0619,1,tabpfn,0.9987034201622009,1
entity_0118,entity_0204,0,tabpfn,3.3974533835134935e-06,0
entity_0170,entity_0161,1,tabpfn,0.943416953086853,1
entity_0602,entity_0606,1,tabpfn,0.9960177540779114,1
entity_0668,entity_0256,0,tabpfn,5.006765150028514e-06,0
entity_0441,entity_0788,0,tabpfn,3.278244548710063e-06,0
entity_0013,entity_0756,0,tabpfn,4.2915162339340895e-06,0
entity_0473,entity_0118,0,tabpfn,2.6822019663086394e-06,0
entity_0792,entity_0795,1,tabpfn,0.9937653541564941,1
entity_0289,entity_0498,0,tabpfn,6.079636932554422e-06,0
entity_0557,entity_0357,0,tabpfn,3.4570573461678578e-06,0
entity_0858,entity_0883,0,tabpfn,0.0030799040105193853,0
entity_0348,entity_0344,1,tabpfn,0.9982810616493225,1
entity_0068,entity_0066,1,tabpfn,0.9959303736686707,1
entity_0426,entity_0427,1,tabpfn,0.9988209009170532,1
entity_0514,entity_0520,1,tabpfn,0.9913773536682129,1
entity_0758,entity_0759,1,tabpfn,0.9967341423034668,1
entity_0955,entity_0068,0,tabpfn,3.278244548710063e-06,0
entity_0441,entity_0450,1,tabpfn,0.8583984375,1
entity_0277,entity_0279,1,tabpfn,0.9963558912277222,1
entity_0735,entity_0708,0,tabpfn,0.00020118479733355343,0
entity_0659,entity_0746,0,tabpfn,6.973695235501509e-06,0
entity_0427,entity_0817,0,tabpfn,1.728531856315385e-06,0
entity_0639,entity_0277,0,tabpfn,3.8146827137097716e-06,0
entity_0735,entity_0312,0,tabpfn,6.377656063705217e-06,0
entity_0620,entity_0614,1,tabpfn,0.9962989687919617,1
entity_0136,entity_0135,1,tabpfn,0.9978394508361816,1
entity_0235,entity_0388,0,tabpfn,3.278244548710063e-06,0
entity_0549,entity_0546,1,tabpfn,0.998884379863739,1
entity_0347,entity_0344,1,tabpfn,0.9976651668548584,1
entity_0499,entity_0492,1,tabpfn,0.9923275709152222,1
entity_0150,entity_0144,1,tabpfn,0.9898065328598022,1
entity_0745,entity_0452,0,tabpfn,4.529932539298898e-06,0
entity_0757,entity_0920,0,tabpfn,2.1457626644405536e-06,0
entity_0205,entity_0857,0,tabpfn,5.960429007245693e-06,0
entity_0807,entity_0235,0,tabpfn,4.2915162339340895e-06,0
entity_0668,entity_0662,1,tabpfn,0.9946630597114563,1
entity_0602,entity_0608,1,tabpfn,0.9803341031074524,1
entity_0614,entity_0616,1,tabpfn,0.9982001185417175,1
entity_0902,entity_0908,1,tabpfn,0.9903779625892639,1
entity_0679,entity_0208,0,tabpfn,5.125973075337242e-06,0
entity_0994,entity_0993,1,tabpfn,0.9982372522354126,1
entity_0343,entity_0347,1,tabpfn,0.9983420372009277,1
entity_0199,entity_0196,1,tabpfn,0.996439516544342,1
entity_0322,entity_0237,0,tabpfn,7.808146619936451e-06,0
entity_0967,entity_0964,1,tabpfn,0.9982163310050964,1
entity_0977,entity_0069,0,tabpfn,9.417444744030945e-06,0
entity_0387,entity_0505,0,tabpfn,6.437260253733257e-06,0
entity_0815,entity_0814,1,tabpfn,0.9982971549034119,1
entity_0308,entity_0306,1,tabpfn,0.9983523488044739,1
entity_0423,entity_0880,0,tabpfn,2.801410346364719e-06,0
entity_0860,entity_0855,1,tabpfn,0.9971235394477844,1
entity_0744,entity_0745,1,tabpfn,0.9963957667350769,1
entity_0982,entity_0684,0,tabpfn,3.2186403586820234e-06,0
entity_0171,entity_0177,1,tabpfn,0.9827367663383484,1
entity_0546,entity_0541,1,tabpfn,0.9974749088287354,1
entity_0847,entity_0843,1,tabpfn,0.9979383945465088,1
entity_0599,entity_0319,0,tabpfn,4.410724159242818e-06,0
entity_0360,entity_0355,1,tabpfn,0.997691810131073,1
entity_0094,entity_0875,0,tabpfn,9.119427886616904e-06,0
entity_0634,entity_0837,0,tabpfn,2.9206191811681492e-06,0
entity_0319,entity_0312,1,tabpfn,0.989886999130249,1
entity_0222,entity_0659,0,tabpfn,2.205367081842269e-06,0
entity_0733,entity_0373,0,tabpfn,4.649140464607626e-06,0
entity_0870,entity_0393,0,tabpfn,2.861014763766434e-06,0
entity_0898,entity_0900,1,tabpfn,0.9978203773498535,1
entity_0001,entity_0004,1,tabpfn,0.9639260172843933,1
entity_0315,entity_0168,0,tabpfn,2.6822019663086394e-06,0
entity_0594,entity_0802,0,tabpfn,3.874287358485162e-06,0
entity_0557,entity_0556,1,tabpfn,0.9989481568336487,1
entity_0003,entity_0008,1,tabpfn,0.9505965709686279,1
entity_0924,entity_0926,1,tabpfn,0.9957194328308105,1
entity_0820,entity_0584,0,tabpfn,2.980223371196189e-06,0
entity_0173,entity_0180,1,tabpfn,0.9617966413497925,1
entity_0568,entity_0561,1,tabpfn,0.9948742985725403,1
entity_0786,entity_0781,1,tabpfn,0.9935575723648071,1
entity_0203,entity_0206,1,tabpfn,0.9943302869796753,1
entity_0095,entity_0185,0,tabpfn,3.099431978625944e-06,0
entity_0988,entity_0867,0,tabpfn,1.4185704458213877e-05,0
entity_0228,entity_0479,0,tabpfn,4.053099473821931e-06,0
entity_0277,entity_0273,1,tabpfn,0.9965858459472656,1
entity_0105,entity_0104,1,tabpfn,0.9978508353233337,1
entity_0961,entity_0967,1,tabpfn,0.9857420921325684,1
entity_0275,entity_0910,0,tabpfn,5.6624089666001964e-06,0
entity_0395,entity_0631,0,tabpfn,1.907344994833693e-06,0
entity_0826,entity_0825,1,tabpfn,0.9985322952270508,1
entity_0828,entity_0430,0,tabpfn,3.4570573461678578e-06,0
entity_0051,entity_0019,0,tabpfn,0.0016505032544955611,0
entity_0273,entity_0748,0,tabpfn,2.1457626644405536e-06,0
entity_0409,entity_0432,0,tabpfn,0.0007702510338276625,0
entity_0494,entity_0403,0,tabpfn,1.764266380632762e-05,0
entity_0046,entity_0041,1,tabpfn,0.9873724579811096,1
entity_0767,entity_0496,0,tabpfn,4.529932539298898e-06,0
entity_0721,entity_0726,1,tabpfn,0.9942165017127991,1
entity_0525,entity_0529,1,tabpfn,0.9967588186264038,1
entity_0985,entity_0981,1,tabpfn,0.994678258895874,1
entity_0246,entity_0249,1,tabpfn,0.9946023225784302,1
entity_0368,entity_0367,1,tabpfn,0.9989739060401917,1
entity_0604,entity_0605,1,tabpfn,0.9982715249061584,1
entity_0292,entity_0668,0,tabpfn,1.549718376736564e-06,0
entity_0667,entity_0603,0,tabpfn,1.0549911166890524e-05,0
entity_0589,entity_0590,1,tabpfn,0.9969010949134827,1
entity_0428,entity_0423,1,tabpfn,0.9966238737106323,1
entity_0750,entity_0741,1,tabpfn,0.9357753396034241,1
entity_0654,entity_0452,0,tabpfn,6.437260253733257e-06,0
entity_0763,entity_0570,0,tabpfn,3.3378489661117783e-06,0
entity_0134,entity_0022,0,tabpfn,4.4522683310788125e-05,0
entity_0653,entity_0659,1,tabpfn,0.993667483329773,1
entity_0458,entity_0454,1,tabpfn,0.9983049035072327,1
entity_0164,entity_0161,1,tabpfn,0.9950261116027832,1
entity_0471,entity_0672,0,tabpfn,2.384180106673739e-06,0
entity_0490,entity_0489,1,tabpfn,0.9989586472511292,1
entity_0311,entity_0861,0,tabpfn,3.0398275612242287e-06,0
entity_0748,entity_0744,1,tabpfn,0.9961944818496704,1
entity_0743,entity_0741,1,tabpfn,0.9958202242851257,1
entity_0333,entity_0064,0,tabpfn,1.6093226804514416e-06,0
entity_0141,entity_0761,0,tabpfn,5.483597306010779e-06,0
entity_0297,entity_0259,0,tabpfn,4.87542238261085e-05,0
entity_0034,entity_0031,1,tabpfn,0.9929406046867371,1
entity_0609,entity_0918,0,tabpfn,2.980223371196189e-06,0
entity_0832,entity_0081,0,tabpfn,3.5762659535976127e-06,0
entity_0243,entity_0241,1,tabpfn,0.997376561164856,1
entity_0290,entity_0287,1,tabpfn,0.9959228038787842,1
entity_0923,entity_0926,1,tabpfn,0.9951096177101135,1
entity_0693,entity_0699,1,tabpfn,0.9915555119514465,1
entity_0073,entity_0393,0,tabpfn,2.503388714103494e-06,0
entity_0251,entity_0564,0,tabpfn,2.2649712718703086e-06,0
entity_0937,entity_0931,1,tabpfn,0.9954057931900024,1
entity_0081,entity_0504,0,tabpfn,5.006765150028514e-06,0
entity_0536,entity_0532,1,tabpfn,0.9984285235404968,1
entity_0751,entity_0806,0,tabpfn,3.772831769310869e-05,0
entity_0855,entity_0050,0,tabpfn,3.5166615361958975e-06,0
entity_0029,entity_0022,1,tabpfn,0.9836385846138,1
entity_0784,entity_0816,0,tabpfn,0.00010781318269437179,0
entity_0768,entity_0763,1,tabpfn,0.99072265625,1
entity_0574,entity_0573,1,tabpfn,0.9984951615333557,1
entity_0100,entity_0096,1,tabpfn,0.9963275194168091,1
entity_0702,entity_0706,1,tabpfn,0.9953677654266357,1
entity_0975,entity_0676,0,tabpfn,3.5762659535976127e-06,0
entity_0321,entity_0507,0,tabpfn,4.17230785387801e-06,0
entity_0010,entity_0004,1,tabpfn,0.984570324420929,1
entity_0889,entity_0887,1,tabpfn,0.9967113137245178,1
entity_0490,entity_0638,0,tabpfn,7.152506441343576e-06,0
entity_0628,entity_0624,1,tabpfn,0.9972529411315918,1
entity_0522,entity_0529,1,tabpfn,0.978276789188385,1
entity_0624,entity_0181,0,tabpfn,5.125973075337242e-06,0
entity_0508,entity_0504,1,tabpfn,0.9984391927719116,1
entity_0391,entity_0045,0,tabpfn,2.622597548906924e-06,0
entity_0260,entity_0878,0,tabpfn,4.649140464607626e-06,0
entity_0302,entity_0200,0,tabpfn,6.437260253733257e-06,0
entity_0274,entity_0321,0,tabpfn,0.0001628133759368211,0
entity_0477,entity_0264,0,tabpfn,2.801410346364719e-06,0
entity_0971,entity_0974,1,tabpfn,0.9954095482826233,1
entity_0173,entity_0178,1,tabpfn,0.99072265625,1
entity_0825,entity_0823,1,tabpfn,0.9983391761779785,1
entity_0873,entity_0875,1,tabpfn,0.9965839385986328,1
entity_0339,entity_0857,0,tabpfn,2.5629929041315336e-06,0
entity_0517,entity_0518,1,tabpfn,0.998512327671051,1
entity_0825,entity_0827,1,tabpfn,0.9979117512702942,1
entity_0554,entity_0464,0,tabpfn,1.966914533113595e-05,0
entity_0198,entity_0872,0,tabpfn,6.794883120164741e-06,0
entity_0757,entity_0756,1,tabpfn,0.994742751121521,1
entity_0002,entity_0663,0,tabpfn,3.361588824191131e-05,0
entity_0388,entity_0749,0,tabpfn,1.430509428246296e-06,0
entity_0960,entity_0235,0,tabpfn,5.245181455393322e-06,0
entity_0999,entity_1000,1,tabpfn,0.998763382434845,1
entity_0065,entity_0590,0,tabpfn,5.900824817217654e-06,0
entity_0475,entity_0477,1,tabpfn,0.9986399412155151,1
entity_0178,entity_0176,1,tabpfn,0.9957308173179626,1
entity_0446,entity_0448,1,tabpfn,0.9989519715309143,1
entity_0024,entity_0027,1,tabpfn,0.9893559217453003,1
entity_0963,entity_0163,0,tabpfn,3.5762659535976127e-06,0
entity_0143,entity_0149,1,tabpfn,0.9921345114707947,1
entity_0105,entity_0101,1,tabpfn,0.9972472190856934,1
entity_0900,entity_0893,1,tabpfn,0.9935083389282227,1
entity_0766,entity_0120,0,tabpfn,4.470327894523507e-06,0
entity_0870,entity_0867,1,tabpfn,0.9979155659675598,1
entity_0611,entity_0615,1,tabpfn,0.9960443377494812,1
entity_0483,entity_0721,0,tabpfn,2.1457626644405536e-06,0
entity_0978,entity_0355,0,tabpfn,6.1988448578631505e-06,0
entity_0186,entity_0865,0,tabpfn,7.092901796568185e-06,0
entity_0739,entity_0509,0,tabpfn,4.768348844663706e-06,0
entity_0604,entity_0360,0,tabpfn,4.053099473821931e-06,0
entity_0840,entity_0839,1,tabpfn,0.9987608790397644,1
entity_0056,entity_0193,0,tabpfn,3.3974533835134935e-06,0
entity_0620,entity_0982,0,tabpfn,2.384180106673739e-06,0
entity_0652,entity_0062,0,tabpfn,5.006765150028514e-06,0
entity_0464,entity_0466,1,tabpfn,0.9990348815917969,1
entity_0456,entity_0585,0,tabpfn,4.708744654635666e-06,0
entity_0005,entity_0008,1,tabpfn,0.9778482913970947,1
entity_0821,entity_0779,0,tabpfn,7.616893708473071e-05,0
entity_0886,entity_0889,1,tabpfn,0.9961773753166199,1
entity_0556,entity_0555,1,tabpfn,0.9991239905357361,1
entity_0394,entity_0506,0,tabpfn,5.602805231319508e-06,0
entity_0698,entity_0691,1,tabpfn,0.9921420812606812,1
entity_0063,entity_0069,1,tabpfn,0.99379563331604,1
entity_0871,entity_0016,0,tabpfn,4.589536729326937e-06,0
entity_0534,entity_0535,1,tabpfn,0.9984894394874573,1
entity_0607,entity_0070,0,tabpfn,4.231911589158699e-06,0
entity_0336,entity_0332,1,tabpfn,0.9973322153091431,1
entity_0105,entity_0110,1,tabpfn,0.9946516752243042,1
entity_0701,entity_0702,1,tabpfn,0.9981744289398193,1
entity_0055,entity_0168,0,tabpfn,1.84774046374514e-06,0
entity_0702,entity_0968,0,tabpfn,1.907344994833693e-06,0
entity_0101,entity_0109,1,tabpfn,0.9870712161064148,1
entity_0332,entity_0999,0,tabpfn,8.582995178585406e-06,0
entity_0040,entity_0037,1,tabpfn,0.9939093589782715,1
entity_0507,entity_0299,0,tabpfn,2.980223371196189e-06,0
entity_0037,entity_0038,1,tabpfn,0.9934141635894775,1
entity_0910,entity_0651,0,tabpfn,3.3378489661117783e-06,0
entity_0324,entity_0327,1,tabpfn,0.9987891316413879,1
entity_0470,entity_0469,1,tabpfn,0.9989995956420898,1
entity_0899,entity_0127,0,tabpfn,3.099431978625944e-06,0
entity_0866,entity_0868,1,tabpfn,0.9976814985275269,1
entity_0478,entity_0382,0,tabpfn,1.954994149855338e-05,0
entity_0555,entity_0968,0,tabpfn,3.3378489661117783e-06,0
entity_0025,entity_0676,0,tabpfn,4.410724159242818e-06,0
entity_0589,entity_0583,1,tabpfn,0.9959341883659363,1
entity_0206,entity_0210,1,tabpfn,0.9951703548431396,1
entity_0551,entity_0558,1,tabpfn,0.9882661700248718,1
entity_0903,entity_0129,0,tabpfn,2.861014763766434e-06,0
entity_0364,entity_0546,0,tabpfn,3.4570573461678578e-06,0
entity_0731,entity_0953,0,tabpfn,2.0265538296371233e-06,0
entity_0250,entity_0246,1,tabpfn,0.9950564503669739,1
entity_0842,entity_0581,0,tabpfn,3.7550782963080565e-06,0
entity_0732,entity_0422,0,tabpfn,3.635870370999328e-06,0
entity_0515,entity_0511,1,tabpfn,0.9985284805297852,1
entity_0602,entity_0557,0,tabpfn,0.00010191355249844491,0
entity_0523,entity_0522,1,tabpfn,0.9984124898910522,1
entity_0628,entity_0150,0,tabpfn,4.17230785387801e-06,0
entity_0977,entity_0973,1,tabpfn,0.9975205659866333,1
entity_0392,entity_0398,1,tabpfn,0.9890465140342712,1
entity_0668,entity_0664,1,tabpfn,0.9973442554473877,1
entity_0084,entity_0773,0,tabpfn,5.602805231319508e-06,0
entity_0165,entity_0730,0,tabpfn,4.649140464607626e-06,0
entity_0313,entity_0165,0,tabpfn,3.099431978625944e-06,0
entity_0901,entity_0907,1,tabpfn,0.9771104454994202,1
entity_0129,entity_0184,0,tabpfn,4.6012668462935835e-05,0
entity_0233,entity_0127,0,tabpfn,6.85448685544543e-06,0
entity_0783,entity_0148,0,tabpfn,4.410724159242818e-06,0
entity_0694,entity_0689,0,tabpfn,0.9970607757568359,1
entity_0083,entity_0082,1,tabpfn,0.9972301125526428,1
entity_0029,entity_0027,1,tabpfn,0.9937660694122314,1
entity_0743,entity_0369,0,tabpfn,4.649140464607626e-06,0
entity_0930,entity_0560,0,tabpfn,6.318052328424528e-06,0
entity_0046,entity_0044,1,tabpfn,0.9948262572288513,1
entity_0258,entity_0256,1,tabpfn,0.9969885349273682,1
entity_0695,entity_0692,1,tabpfn,0.9982191920280457,1
entity_0748,entity_0750,1,tabpfn,0.9956282377243042,1
entity_0014,entity_0865,0,tabpfn,6.318052328424528e-06,0
entity_0599,entity_0592,1,tabpfn,0.992028534412384,1
entity_0478,entity_0292,0,tabpfn,1.2576420886034612e-05,0
entity_0960,entity_0954,1,tabpfn,0.9959721565246582,1
entity_0305,entity_0286,0,tabpfn,0.0005488063325174153,0
entity_0580,entity_0572,1,tabpfn,0.9915100932121277,1
entity_0370,entity_0368,1,tabpfn,0.9976404309272766,1
entity_0490,entity_0377,0,tabpfn,1.8119484593626112e-05,0
entity_0177,entity_0172,1,tabpfn,0.992743968963623,1
entity_0881,entity_0884,1,tabpfn,0.9969600439071655,1
entity_0638,entity_0442,0,tabpfn,7.152506441343576e-06,0
entity_0248,entity_0244,1,tabpfn,0.9961279630661011,1
entity_0773,entity_0794,0,tabpfn,0.0014038942754268646,0
entity_0462,entity_0705,0,tabpfn,1.907344994833693e-06,0
entity_0270,entity_0267,1,tabpfn,0.9972148537635803,1
entity_0610,entity_0963,0,tabpfn,2.1457626644405536e-06,0
entity_0256,entity_0257,1,tabpfn,0.9963617324829102,1
entity_0765,entity_0004,0,tabpfn,9.715462510939687e-06,0
entity_0457,entity_0539,0,tabpfn,7.510128853027709e-06,0
entity_0101,entity_0436,0,tabpfn,2.980223371196189e-06,0
entity_0933,entity_0823,0,tabpfn,7.510128853027709e-06,0
entity_0940,entity_0274,0,tabpfn,4.708744654635666e-06,0
entity_0771,entity_0772,1,tabpfn,0.995445966720581,1
entity_0156,entity_0159,1,tabpfn,0.9975662231445312,1
entity_0811,entity_0472,0,tabpfn,5.841221081936965e-06,0
entity_0337,entity_0779,0,tabpfn,2.205367081842269e-06,0
entity_0140,entity_0136,1,tabpfn,0.9963712096214294,1
entity_0622,entity_0627,1,tabpfn,0.9936144351959229,1
entity_0872,entity_0277,0,tabpfn,2.980223371196189e-06,0
entity_0476,entity_0505,0,tabpfn,0.00010239029506919906,0
entity_0850,entity_0845,1,tabpfn,0.9976651668548584,1
entity_0490,entity_0143,0,tabpfn,2.086158019665163e-06,0
entity_0640,entity_0461,0,tabpfn,7.98695873527322e-06,0
entity_0559,entity_0944,0,tabpfn,3.4570573461678578e-06,0
entity_0026,entity_0458,0,tabpfn,1.0430703696329147e-05,0
entity_0620,entity_0618,1,tabpfn,0.9987948536872864,1
entity_0966,entity_0297,0,tabpfn,4.947160960000474e-06,0
entity_0739,entity_0740,1,tabpfn,0.9968383312225342,1
entity_0093,entity_0092,1,tabpfn,0.9974368214607239,1
entity_0117,entity_0119,1,tabpfn,0.9978060126304626,1
entity_0903,entity_0906,1,tabpfn,0.9950526356697083,1
entity_0292,entity_0627,0,tabpfn,2.6822019663086394e-06,0
entity_0642,entity_0999,0,tabpfn,7.390921382466331e-06,0
entity_0964,entity_0961,1,tabpfn,0.9976080656051636,1
entity_0439,entity_0342,0,tabpfn,9.059824151336215e-06,0
entity_0390,entity_0388,1,tabpfn,0.9987580180168152,1
entity_0054,entity_0052,1,tabpfn,0.9939093589782715,1
entity_0339,entity_0303,0,tabpfn,5.823035098728724e-05,0
entity_0959,entity_0068,0,tabpfn,3.933891093765851e-06,0
entity_0787,entity_0788,1,tabpfn,0.9952918291091919,1
entity_0937,entity_0297,0,tabpfn,4.827953034691745e-06,0
entity_1000,entity_0053,0,tabpfn,5.2210943977115676e-05,0
entity_0370,entity_0548,0,tabpfn,4.053099473821931e-06,0
entity_0622,entity_0625,1,tabpfn,0.9973303079605103,1
entity_0017,entity_0630,0,tabpfn,1.0251893399981782e-05,0
entity_0089,entity_0088,1,tabpfn,0.9974254369735718,1
entity_0052,entity_0721,0,tabpfn,6.616071459575323e-06,0
entity_0104,entity_0879,0,tabpfn,8.940616680774838e-06,0
entity_0278,entity_0272,1,tabpfn,0.9949236512184143,1
entity_0852,entity_0851,1,tabpfn,0.9980354309082031,1
entity_0956,entity_0759,0,tabpfn,2.801410346364719e-06,0
entity_0241,entity_0244,1,tabpfn,0.9964224100112915,1
entity_0053,entity_0032,0,tabpfn,0.03446170687675476,0
entity_0176,entity_0173,1,tabpfn,0.9959569573402405,1
entity_0635,entity_0631,1,tabpfn,0.9971863627433777,1
entity_0769,entity_0297,0,tabpfn,4.2915162339340895e-06,0
entity_0294,entity_0669,0,tabpfn,2.0265538296371233e-06,0
entity_0936,entity_0268,0,tabpfn,4.589536729326937e-06,0
entity_0140,entity_0699,0,tabpfn,4.708744654635666e-06,0
entity_0671,entity_0394,0,tabpfn,4.589536729326937e-06,0
entity_0223,entity_0523,0,tabpfn,2.622597548906924e-06,0
entity_0301,entity_0311,0,tabpfn,0.9406593441963196,1
entity_0836,entity_0240,0,tabpfn,3.099431978625944e-06,0
entity_0352,entity_0656,0,tabpfn,2.503388714103494e-06,0
entity_0063,entity_0066,1,tabpfn,0.9945985674858093,1
entity_0892,entity_0708,0,tabpfn,1.907344994833693e-06,0
entity_0049,entity_0042,1,tabpfn,0.9813404679298401,1
entity_0898,entity_0892,1,tabpfn,0.995375394821167,1
entity_0737,entity_0732,1,tabpfn,0.9945037364959717,1
entity_0840,entity_0837,1,tabpfn,0.9984723329544067,1
entity_0634,entity_0640,1,tabpfn,0.9924448132514954,1
entity_0518,entity_0848,0,tabpfn,3.099431978625944e-06,0
entity_0027,entity_0023,1,tabpfn,0.9940230846405029,1
entity_0153,entity_0478,0,tabpfn,2.741806156336679e-06,0
entity_0728,entity_0599,0,tabpfn,3.3378489661117783e-06,0
entity_0263,entity_0943,0,tabpfn,5.36438938070205e-06,0
entity_0014,entity_0015,1,tabpfn,0.9918127059936523,1
entity_0558,entity_0553,1,tabpfn,0.9977671504020691,1
entity_0010,entity_0001,1,tabpfn,0.85330730676651,1
entity_0257,entity_0260,1,tabpfn,0.993179202079773,1
entity_0517,entity_0734,0,tabpfn,2.384180106673739e-06,0
entity_0941,entity_0527,0,tabpfn,7.331317192438291e-06,0
entity_0774,entity_0861,0,tabpfn,8.88101385498885e-06,0
entity_0868,entity_0957,0,tabpfn,9.775066246220376e-06,0
entity_0381,entity_0376,0,tabpfn,0.9970018267631531,1
entity_0269,entity_0729,0,tabpfn,2.1457626644405536e-06,0
entity_0330,entity_0129,0,tabpfn,1.907344994833693e-06,0
entity_0259,entity_0254,1,tabpfn,0.9946023225784302,1
entity_0743,entity_0364,0,tabpfn,4.351120423962129e-06,0
entity_0088,entity_0299,0,tabpfn,2.0265538296371233e-06,0
entity_0144,entity_0148,1,tabpfn,0.9954285621643066,1
entity_0243,entity_0249,1,tabpfn,0.9762231707572937,1
entity_0502,entity_0503,1,tabpfn,0.9985741972923279,1
entity_0708,entity_0909,0,tabpfn,2.1457626644405536e-06,0
entity_0305,entity_0030,0,tabpfn,2.0265538296371233e-06,0
entity_0099,entity_0097,1,tabpfn,0.9978698492050171,1
entity_0861,entity_0287,0,tabpfn,3.3378489661117783e-06,0
entity_0655,entity_0197,0,tabpfn,5.245181455393322e-06,0
entity_0606,entity_0335,0,tabpfn,4.410724159242818e-06,0
entity_0001,entity_0287,0,tabpfn,1.597379014128819e-05,0
entity_0234,entity_0238,1,tabpfn,0.9914529919624329,1
entity_0510,entity_0261,0,tabpfn,2.384180106673739e-06,0
entity_0651,entity_0657,1,tabpfn,0.9936068654060364,1
entity_0770,entity_0364,0,tabpfn,3.874287358485162e-06,0
entity_0269,entity_0262,1,tabpfn,0.9945302605628967,1
entity_0056,entity_0055,1,tabpfn,0.9949501752853394,1
entity_0317,entity_0941,0,tabpfn,4.410724159242818e-06,0
entity_0168,entity_0167,1,tabpfn,0.9960329532623291,1
entity_0519,entity_0511,1,tabpfn,0.8887261152267456,1
entity_0003,entity_0012,0,tabpfn,0.776177704334259,1
entity_0310,entity_0304,1,tabpfn,0.9959114193916321,1
entity_0799,entity_0793,1,tabpfn,0.9914378523826599,1
entity_0648,entity_0856,0,tabpfn,2.443784524075454e-06,0
entity_0881,entity_0887,1,tabpfn,0.9928461909294128,1
entity_0399,entity_0395,1,tabpfn,0.9978945851325989,1
entity_0866,entity_0862,1,tabpfn,0.996967613697052,1
entity_0709,entity_0706,1,tabpfn,0.9966771006584167,1
entity_0975,entity_0978,1,tabpfn,0.9955598711967468,1
entity_0523,entity_0798,0,tabpfn,3.2186403586820234e-06,0
entity_0426,entity_0058,0,tabpfn,3.4570573461678578e-06,0
entity_0015,entity_0018,1,tabpfn,0.9765028953552246,1
entity_0637,entity_0677,0,tabpfn,3.4390697692288086e-05,0
entity_0914,entity_0399,0,tabpfn,3.933891093765851e-06,0
entity_0468,entity_0644,0,tabpfn,2.9206191811681492e-06,0
entity_0287,entity_0289,1,tabpfn,0.9956966042518616,1
entity_0674,entity_0680,1,tabpfn,0.9939093589782715,1
entity_0872,entity_0257,0,tabpfn,3.3974533835134935e-06,0
entity_0586,entity_0688,0,tabpfn,4.17230785387801e-06,0
entity_0756,entity_0122,0,tabpfn,4.827953034691745e-06,0
entity_0326,entity_0714,0,tabpfn,1.6689273252268322e-06,0
entity_0968,entity_0965,1,tabpfn,0.9980687499046326,1
entity_0120,entity_0773,0,tabpfn,5.483597306010779e-06,0
entity_0044,entity_0047,1,tabpfn,0.9944543838500977,1
entity_0814,entity_0812,1,tabpfn,0.9979669451713562,1
entity_0147,entity_0644,0,tabpfn,3.5166615361958975e-06,0
entity_0384,entity_0627,0,tabpfn,2.5629929041315336e-06,0
entity_0259,entity_0252,1,tabpfn,0.9852312803268433,1
entity_0954,entity_0958,1,tabpfn,0.9959380030632019,1
entity_0619,entity_0617,1,tabpfn,0.998183012008667,1
entity_0312,entity_0428,0,tabpfn,6.318052328424528e-06,0
entity_0662,entity_0665,1,tabpfn,0.9971463680267334,1
entity_0334,entity_0332,1,tabpfn,0.9982182383537292,1
entity_0497,entity_0498,1,tabpfn,0.9989834427833557,1
entity_0692,entity_0147,0,tabpfn,3.4570573461678578e-06,0
entity_0066,entity_0061,1,tabpfn,0.9947655200958252,1
entity_0884,entity_0122,0,tabpfn,3.635870370999328e-06,0
entity_0632,entity_0662,0,tabpfn,0.00010262866271659732,0
entity_0974,entity_0975,1,tabpfn,0.9980411529541016,1
entity_0374,entity_0467,0,tabpfn,4.589536729326937e-06,0
entity_0569,entity_0939,0,tabpfn,2.384180106673739e-06,0
entity_0888,entity_0028,0,tabpfn,4.887556769972434e-06,0
entity_0335,entity_0334,1,tabpfn,0.9991034865379333,1
entity_0631,entity_0607,0,tabpfn,0.00043823529267683625,0
entity_0636,entity_0464,0,tabpfn,7.510128853027709e-06,0
entity_0692,entity_0506,0,tabpfn,4.589536729326937e-06,0
entity_0512,entity_0404,0,tabpfn,1.9788350982707925e-05,0
entity_0278,entity_0069,0,tabpfn,2.384180106673739e-06,0
entity_0991,entity_1000,1,tabpfn,0.9766817092895508,1
entity_0052,entity_0055,1,tabpfn,0.99462890625,1
entity_0940,entity_0935,1,tabpfn,0.9942468404769897,1
entity_0066,entity_0064,1,tabpfn,0.9959076046943665,1
entity_0748,entity_0741,1,tabpfn,0.9854041934013367,1
entity_0459,entity_0451,1,tabpfn,0.965214192867279,1
entity_0455,entity_0457,1,tabpfn,0.9991387128829956,1
entity_0536,entity_0537,1,tabpfn,0.9986646771430969,1
entity_0633,entity_0632,1,tabpfn,0.9982515573501587,1
entity_0269,entity_0264,1,tabpfn,0.9945833683013916,1
entity_0609,entity_0610,1,tabpfn,0.9969961643218994,1
entity_0519,entity_0517,1,tabpfn,0.9990301132202148,1
entity_0649,entity_0329,0,tabpfn,5.841221081936965e-06,0
entity_0594,entity_0562,0,tabpfn,0.00010632337944116443,0
entity_0753,entity_0775,0,tabpfn,0.0007231919444166124,0
entity_0639,entity_0638,1,tabpfn,0.9989062547683716,1
entity_0807,entity_0510,0,tabpfn,4.17230785387801e-06,0
entity_0239,entity_0238,1,tabpfn,0.9969809651374817,1
entity_0221,entity_0227,1,tabpfn,0.9837586879730225,1
entity_0789,entity_0778,0,tabpfn,0.7645550966262817,1
entity_0194,entity_0451,0,tabpfn,2.980223371196189e-06,0
entity_0769,entity_0767,1,tabpfn,0.9959911704063416,1
entity_0588,entity_0581,1,tabpfn,0.9936030507087708,1
entity_0525,entity_0469,0,tabpfn,3.254307739553042e-05,0
entity_0543,entity_0138,0,tabpfn,3.159036396027659e-06,0
entity_0631,entity_0637,1,tabpfn,0.9941709637641907,1
entity_0345,entity_0346,1,tabpfn,0.9990482330322266,1
entity_0822,entity_0830,1,tabpfn,0.9872971773147583,1
entity_0763,entity_0429,0,tabpfn,4.887556769972434e-06,0
entity_0917,entity_0912,1,tabpfn,0.9957232475280762,1
entity_0685,entity_0629,0,tabpfn,2.0503577616182156e-05,0
entity_0411,entity_0414,1,tabpfn,0.9984942078590393,1
entity_0406,entity_0946,0,tabpfn,5.0663693400565535e-06,0
entity_0764,entity_0761,1,tabpfn,0.9954019784927368,1
entity_0795,entity_0800,1,tabpfn,0.9909418821334839,1
entity_0020,entity_0013,1,tabpfn,0.9458296298980713,1
entity_0042,entity_0393,0,tabpfn,2.9206191811681492e-06,0
entity_0049,entity_0772,0,tabpfn,5.0663693400565535e-06,0
entity_0436,entity_0241,0,tabpfn,2.622597548906924e-06,0
entity_1000,entity_0992,1,tabpfn,0.9841347336769104,1
entity_0417,entity_0413,1,tabpfn,0.9975376725196838,1
entity_0830,entity_0826,1,tabpfn,0.9983047842979431,1
entity_0527,entity_0608,0,tabpfn,8.88101385498885e-06,0
entity_0795,entity_0164,0,tabpfn,3.933891093765851e-06,0
entity_0937,entity_0162,0,tabpfn,2.741806156336679e-06,0
entity_0394,entity_0400,1,tabpfn,0.9849158525466919,1
entity_0476,entity_0778,0,tabpfn,2.384180106673739e-06,0
entity_0729,entity_0725,1,tabpfn,0.9966884851455688,1
entity_0517,entity_0790,0,tabpfn,2.1457626644405536e-06,0
entity_0412,entity_0665,0,tabpfn,2.741806156336679e-06,0
entity_0036,entity_0365,0,tabpfn,2.503388714103494e-06,0
entity_0981,entity_0303,0,tabpfn,5.245181455393322e-06,0
entity_0575,entity_0375,0,tabpfn,4.17230785387801e-06,0
entity_0333,entity_0260,0,tabpfn,1.7940677935257554e-05,0
entity_0221,entity_0228,1,tabpfn,0.9700226187705994,1
entity_0793,entity_0246,0,tabpfn,3.874287358485162e-06,0
entity_0297,entity_0293,1,tabpfn,0.9964261651039124,1
entity_0679,entity_0676,1,tabpfn,0.9983458518981934,1
entity_0108,entity_0106,1,tabpfn,0.9975300431251526,1
entity_0582,entity_0329,0,tabpfn,4.2915162339340895e-06,0
entity_0390,entity_0138,0,tabpfn,1.6093226804514416e-06,0
entity_0283,entity_0290,1,tabpfn,0.9925699234008789,1
entity_0230,entity_0228,1,tabpfn,0.9975681304931641,1
entity_0128,entity_0936,0,tabpfn,1.8715507394517772e-05,0
entity_0068,entity_0062,1,tabpfn,0.9889053106307983,1
entity_0013,entity_0015,1,tabpfn,0.9934672713279724,1
entity_0416,entity_0681,0,tabpfn,1.549718376736564e-06,0
entity_0547,entity_0149,0,tabpfn,3.0398275612242287e-06,0
entity_0715,entity_0713,1,tabpfn,0.9961564540863037,1
entity_0662,entity_0087,0,tabpfn,4.17230785387801e-06,0
entity_0302,entity_0308,1,tabpfn,0.9956130385398865,1
entity_0185,entity_0983,0,tabpfn,2.9801434720866382e-05,0
entity_0179,entity_0175,1,tabpfn,0.9957253336906433,1
entity_0431,entity_0834,0,tabpfn,1.84774046374514e-06,0
entity_0777,entity_0776,1,tabpfn,0.9962267875671387,1
entity_0211,entity_0847,0,tabpfn,6.973695235501509e-06,0
entity_0574,entity_0958,0,tabpfn,3.933891093765851e-06,0
entity_0732,entity_0742,0,tabpfn,0.833780825138092,1
entity_0457,entity_0487,0,tabpfn,7.783760520396754e-05,0
entity_0258,entity_0285,0,tabpfn,0.00017032105824910104,0
entity_0634,entity_0477,0,tabpfn,8.106166205834597e-06,0
entity_0704,entity_0703,1,tabpfn,0.9983104467391968,1
entity_0123,entity_0813,0,tabpfn,5.602805231319508e-06,0
entity_0049,entity_0041,1,tabpfn,0.9512009024620056,1
entity_0917,entity_0916,1,tabpfn,0.9960595369338989,1
entity_0272,entity_0279,1,tabpfn,0.9923692345619202,1
entity_0940,entity_0931,1,tabpfn,0.9778035283088684,1
entity_0809,entity_0329,0,tabpfn,2.741806156336679e-06,0
entity_0739,entity_0267,0,tabpfn,5.36438938070205e-06,0
entity_0315,entity_0143,0,tabpfn,2.741806156336679e-06,0
entity_0317,entity_0775,0,tabpfn,2.622597548906924e-06,0
entity_0890,entity_0336,0,tabpfn,3.099431978625944e-06,0
entity_0845,entity_0047,0,tabpfn,3.695474333653692e-06,0
entity_0960,entity_0145,0,tabpfn,3.099431978625944e-06,0
entity_0741,entity_0097,0,tabpfn,4.649140464607626e-06,0
entity_0172,entity_0686,0,tabpfn,3.5762659535976127e-06,0
entity_0150,entity_0104,0,tabpfn,0.00013111303269397467,0
entity_0951,entity_0960,1,tabpfn,0.9030998349189758,1
entity_0223,entity_0226,1,tabpfn,0.9937205910682678,1
entity_0141,entity_0498,0,tabpfn,2.6822019663086394e-06,0
entity_0938,entity_0939,1,tabpfn,0.9968934655189514,1
entity_0108,entity_0104,1,tabpfn,0.9968953728675842,1
entity_0051,entity_0057,1,tabpfn,0.9640437364578247,1
entity_0052,entity_0683,0,tabpfn,4.2915162339340895e-06,0
entity_0564,entity_0053,0,tabpfn,3.8146827137097716e-06,0
entity_0772,entity_0332,0,tabpfn,3.4570573461678578e-06,0
entity_0987,entity_0988,1,tabpfn,0.9970760345458984,1
entity_0708,entity_0709,1,tabpfn,0.9979954957962036,1
entity_0299,entity_0454,0,tabpfn,4.231911589158699e-06,0
entity_0990,entity_0479,0,tabpfn,9.596255949873012e-06,0
entity_0411,entity_0028,0,tabpfn,3.3378489661117783e-06,0
entity_0193,entity_0198,1,tabpfn,0.9948983788490295,1
entity_0035,entity_0038,1,tabpfn,0.9901588559150696,1
entity_0857,entity_0860,1,tabpfn,0.9976899027824402,1
entity_0676,entity_0959,0,tabpfn,3.5762659535976127e-06,0
entity_0523,entity_0883,0,tabpfn,2.384180106673739e-06,0
entity_0675,entity_0676,1,tabpfn,0.9982610940933228,1
entity_0449,entity_0284,0,tabpfn,6.794883120164741e-06,0
entity_0938,entity_0746,0,tabpfn,4.410724159242818e-06,0
entity_0012,entity_0011,1,tabpfn,0.9893408417701721,1
entity_0406,entity_0335,0,tabpfn,1.9907554815290496e-05,0
entity_0339,entity_0709,0,tabpfn,1.430509428246296e-06,0
entity_0445,entity_0283,0,tabpfn,2.861014763766434e-06,0
entity_0005,entity_0302,0,tabpfn,6.675675649603363e-06,0
entity_0817,entity_0818,1,tabpfn,0.9976899027824402,1
entity_0069,entity_0064,1,tabpfn,0.9939927458763123,1
entity_0473,entity_0477,1,tabpfn,0.997423529624939,1
entity_0632,entity_0765,0,tabpfn,3.5762659535976127e-06,0
entity_0532,entity_0538,1,tabpfn,0.9931640625,1
entity_0001,entity_0009,1,tabpfn,0.8163065910339355,1
entity_0902,entity_0035,0,tabpfn,3.2186403586820234e-06,0
entity_0734,entity_0386,0,tabpfn,4.410724159242818e-06,0
entity_0117,entity_0479,0,tabpfn,2.741806156336679e-06,0
entity_0459,entity_0455,1,tabpfn,0.9977736473083496,1
entity_0944,entity_0566,0,tabpfn,7.569732133561047e-06,0
entity_0571,entity_0089,0,tabpfn,3.874287358485162e-06,0
entity_0635,entity_0697,0,tabpfn,4.6608660341007635e-05,0
entity_0261,entity_0788,0,tabpfn,2.861014763766434e-06,0
entity_0323,entity_0678,0,tabpfn,2.1457626644405536e-06,0
entity_0484,entity_0485,1,tabpfn,0.9989929795265198,1
entity_0987,entity_0619,0,tabpfn,1.3768482858722564e-05,0
entity_0293,entity_0292,1,tabpfn,0.9974146485328674,1
entity_0079,entity_0071,1,tabpfn,0.9902419447898865,1
entity_0409,entity_0401,1,tabpfn,0.8033207058906555,1
entity_0329,entity_0550,0,tabpfn,3.2186403586820234e-06,0
entity_0259,entity_0251,1,tabpfn,0.9685726761817932,1
entity_0766,entity_0562,0,tabpfn,3.99349482904654e-06,0
entity_0069,entity_0061,1,tabpfn,0.979716420173645,1
entity_0305,entity_0307,1,tabpfn,0.9963539838790894,1
entity_0232,entity_0238,1,tabpfn,0.993107259273529,1
entity_0761,entity_0767,1,tabpfn,0.9830751419067383,1
entity_0588,entity_0002,0,tabpfn,3.5225100873503834e-05,0
entity_0165,entity_0167,1,tabpfn,0.9978337287902832,1
entity_0599,entity_0598,1,tabpfn,0.9982306361198425,1
entity_0415,entity_0420,1,tabpfn,0.9899877905845642,1
entity_0357,entity_0358,1,tabpfn,0.9981915950775146,1
entity_0463,entity_0261,0,tabpfn,2.5629929041315336e-06,0
entity_0318,entity_0347,0,tabpfn,0.0001163943306892179,0
entity_0742,entity_0575,0,tabpfn,3.3974533835134935e-06,0
entity_0913,entity_0914,1,tabpfn,0.9940799474716187,1
entity_0754,entity_0525,0,tabpfn,3.99349482904654e-06,0
entity_0830,entity_0742,0,tabpfn,1.3112849956087302e-05,0
entity_0410,entity_0998,0,tabpfn,1.0192289664701093e-05,0
entity_0949,entity_0282,0,tabpfn,4.827953034691745e-06,0
entity_0304,entity_0805,0,tabpfn,2.1457626644405536e-06,0
entity_0887,entity_0537,0,tabpfn,8.582995178585406e-06,0
entity_0844,entity_0843,1,tabpfn,0.9986170530319214,1
entity_0042,entity_0618,0,tabpfn,3.933891093765851e-06,0
entity_0847,entity_0923,0,tabpfn,6.13924021308776e-06,0
entity_0673,entity_0598,0,tabpfn,8.582995178585406e-06,0
entity_0669,entity_0665,1,tabpfn,0.9973417520523071,1
entity_0455,entity_0118,0,tabpfn,1.9669496396090835e-06,0
entity_0197,entity_0787,0,tabpfn,5.245181455393322e-06,0
entity_0093,entity_0388,0,tabpfn,2.3245756892720237e-06,0
entity_0103,entity_0101,1,tabpfn,0.9976156949996948,1
entity_0151,entity_0114,0,tabpfn,0.0005149703938513994,0
entity_0696,entity_0692,1,tabpfn,0.9980259537696838,1
entity_0777,entity_0773,1,tabpfn,0.9953222274780273,1
entity_0909,entity_0904,1,tabpfn,0.9904308319091797,1
entity_0552,entity_0557,1,tabpfn,0.9971920251846313,1
entity_0683,entity_0686,1,tabpfn,0.9970950484275818,1
entity_0609,entity_0602,1,tabpfn,0.993232250213623,1
entity_0894,entity_0896,1,tabpfn,0.9961735606193542,1
entity_0102,entity_0108,1,tabpfn,0.9868841767311096,1
entity_0939,entity_0544,0,tabpfn,5.960429007245693e-06,0
entity_0652,entity_0926,0,tabpfn,2.503388714103494e-06,0
entity_0424,entity_0068,0,tabpfn,2.861014763766434e-06,0
entity_0276,entity_0254,0,tabpfn,0.0003184257948305458,0
entity_0336,entity_0331,1,tabpfn,0.9974406361579895,1
entity_0296,entity_0324,0,tabpfn,0.00017925862630363554,0
entity_0491,entity_0493,1,tabpfn,0.9980935454368591,1
entity_0178,entity_0107,0,tabpfn,2.872861296054907e-05,0
entity_0845,entity_0386,0,tabpfn,2.503388714103494e-06,0
entity_0311,entity_0317,1,tabpfn,0.9971292614936829,1
entity_0968,entity_0962,1,tabpfn,0.9971444606781006,1
entity_0843,entity_0096,0,tabpfn,2.980223371196189e-06,0
entity_0292,entity_0296,1,tabpfn,0.9943075180053711,1
entity_0349,entity_0677,0,tabpfn,2.205367081842269e-06,0
entity_0700,entity_0697,1,tabpfn,0.9974958300590515,1
entity_0539,entity_0650,0,tabpfn,5.245181455393322e-06,0
entity_0986,entity_0505,0,tabpfn,8.88101385498885e-06,0
entity_0006,entity_0003,1,tabpfn,0.9859300851821899,1
entity_0922,entity_0930,1,tabpfn,0.9444512128829956,1
entity_0250,entity_0666,0,tabpfn,2.0265538296371233e-06,0
entity_0027,entity_0420,0,tabpfn,4.17230785387801e-06,0
entity_0124,entity_0468,0,tabpfn,2.9206191811681492e-06,0
entity_0374,entity_0379,1,tabpfn,0.9978337287902832,1
entity_0411,entity_0420,1,tabpfn,0.86865234375,1
entity_0813,entity_0204,0,tabpfn,5.006765150028514e-06,0
entity_0485,entity_0490,1,tabpfn,0.9968611598014832,1
entity_0490,entity_0481,1,tabpfn,0.9899047017097473,1
entity_0905,entity_0560,0,tabpfn,5.245181455393322e-06,0
entity_0643,entity_0776,0,tabpfn,5.125973075337242e-06,0
entity_0047,entity_0043,1,tabpfn,0.993080735206604,1
entity_0354,entity_0604,0,tabpfn,2.5629929041315336e-06,0
entity_0557,entity_0551,1,tabpfn,0.9970551133155823,1
entity_0775,entity_0762,0,tabpfn,0.09168599545955658,0
entity_0492,entity_0498,1,tabpfn,0.9911580085754395,1
entity_0078,entity_0216,0,tabpfn,2.622597548906924e-06,0
entity_0029,entity_0030,1,tabpfn,0.994678258895874,1
entity_0435,entity_0601,0,tabpfn,6.079636932554422e-06,0
entity_0437,entity_0169,0,tabpfn,1.728531856315385e-06,0
entity_0401,entity_0408,1,tabpfn,0.9909192323684692,1
entity_0695,entity_0664,0,tabpfn,0.00010799195297295228,0
entity_0682,entity_0442,0,tabpfn,5.423993115982739e-06,0
entity_0973,entity_0979,1,tabpfn,0.9866207242012024,1
entity_0861,entity_0868,1,tabpfn,0.9872143268585205,1
entity_0317,entity_0838,0,tabpfn,2.6822019663086394e-06,0
entity_0782,entity_0473,0,tabpfn,4.351120423962129e-06,0
entity_0526,entity_0529,1,tabpfn,0.996405303478241,1
entity_0248,entity_0245,1,tabpfn,0.9964318871498108,1
entity_0019,entity_0013,1,tabpfn,0.9905866384506226,1
entity_0345,entity_0348,1,tabpfn,0.9985294342041016,1
entity_0642,entity_0144,0,tabpfn,4.231911589158699e-06,0
entity_0991,entity_0996,1,tabpfn,0.9968516826629639,1
entity_0434,entity_0436,1,tabpfn,0.9992426037788391,1
entity_0442,entity_0718,0,tabpfn,1.430509428246296e-06,0
entity_0546,entity_0547,1,tabpfn,0.998611330986023,1
entity_0053,entity_0059,1,tabpfn,0.9594141244888306,1
entity_0914,entity_0999,0,tabpfn,7.837395969545469e-05,0
entity_0179,entity_0518,0,tabpfn,7.748543794150464e-06,0
entity_0258,entity_0409,0,tabpfn,4.2915162339340895e-06,0
entity_0766,entity_0768,1,tabpfn,0.9951247572898865,1
entity_0446,entity_0359,0,tabpfn,1.5198952496575657e-05,0
entity_0546,entity_0544,1,tabpfn,0.9989767670631409,1
entity_0841,entity_0850,1,tabpfn,0.9732336401939392,1
entity_0003,entity_0009,1,tabpfn,0.95458984375,1
entity_0518,entity_0512,1,tabpfn,0.997812807559967,1
entity_0815,entity_0110,0,tabpfn,4.11270366384997e-06,0
entity_0358,entity_0289,0,tabpfn,1.537776188342832e-05,0
entity_0240,entity_0586,0,tabpfn,2.384180106673739e-06,0
entity_0425,entity_0426,1,tabpfn,0.9991291761398315,1
entity_0347,entity_0348,1,tabpfn,0.9981439709663391,1
entity_0983,entity_0472,0,tabpfn,8.106166205834597e-06,0
entity_0076,entity_0072,1,tabpfn,0.9959532022476196,1
entity_0884,entity_0078,0,tabpfn,3.159036396027659e-06,0
entity_0565,entity_0220,0,tabpfn,3.3974533835134935e-06,0
entity_0248,entity_0565,0,tabpfn,2.503388714103494e-06,0
entity_0124,entity_0127,1,tabpfn,0.9963122010231018,1
entity_0683,entity_0462,0,tabpfn,4.887556769972434e-06,0
entity_0802,entity_0804,1,tabpfn,0.9964738488197327,1
entity_0935,entity_0368,0,tabpfn,5.36438938070205e-06,0
entity_0676,entity_0402,0,tabpfn,6.079636932554422e-06,0
entity_0853,entity_0668,0,tabpfn,2.384180106673739e-06,0
entity_0217,entity_0215,1,tabpfn,0.9970855116844177,1
entity_0252,entity_0505,0,tabpfn,3.099431978625944e-06,0
entity_0197,entity_0093,0,tabpfn,1.209959555126261e-05,0
entity_0303,entity_0689,0,tabpfn,2.1457626644405536e-06,0
entity_0352,entity_0204,0,tabpfn,2.0265538296371233e-06,0
entity_0321,entity_0537,0,tabpfn,4.351120423962129e-06,0
entity_0773,entity_0776,1,tabpfn,0.9916689395904541,1
entity_0159,entity_0712,0,tabpfn,4.529932539298898e-06,0
entity_0358,entity_0620,0,tabpfn,2.503388714103494e-06,0
entity_0167,entity_0162,1,tabpfn,0.9910597205162048,1
entity_0848,entity_0044,0,tabpfn,4.231911589158699e-06,0
entity_0988,entity_0984,1,tabpfn,0.9910748600959778,1
entity_0456,entity_0382,0,tabpfn,1.674862505751662e-05,0
entity_0921,entity_0782,0,tabpfn,3.3378489661117783e-06,0
entity_0795,entity_0445,0,tabpfn,4.2915162339340895e-06,0
entity_0504,entity_0968,0,tabpfn,3.5166615361958975e-06,0
entity_0619,entity_0045,0,tabpfn,3.933891093765851e-06,0
entity_0267,entity_0263,1,tabpfn,0.9963274002075195,1
entity_0619,entity_0377,0,tabpfn,3.4570573461678578e-06,0
entity_0069,entity_0070,1,tabpfn,0.9957633018493652,1
entity_0249,entity_0388,0,tabpfn,2.443784524075454e-06,0
entity_0922,entity_0929,1,tabpfn,0.9471499919891357,1
entity_0250,entity_0100,0,tabpfn,3.933891093765851e-06,0
entity_0726,entity_0759,0,tabpfn,0.00010000658949138597,0
entity_0359,entity_0352,1,tabpfn,0.991347074508667,1
entity_0207,entity_0878,0,tabpfn,6.020033197273733e-06,0
entity_0985,entity_0982,1,tabpfn,0.997480571269989,1
entity_0847,entity_0841,1,tabpfn,0.9969314932823181,1
entity_0350,entity_0347,1,tabpfn,0.9986999034881592,1
entity_0373,entity_0186,0,tabpfn,1.84774046374514e-06,0
entity_0155,entity_0278,0,tabpfn,2.741806156336679e-06,0
entity_0171,entity_0915,0,tabpfn,9.059824151336215e-06,0
entity_0800,entity_0793,1,tabpfn,0.9875759482383728,1
entity_1000,entity_0915,0,tabpfn,0.0003610116837080568,0
entity_0349,entity_0898,0,tabpfn,3.695474333653692e-06,0
entity_0557,entity_0713,0,tabpfn,3.159036396027659e-06,0
entity_0236,entity_0605,0,tabpfn,1.907344994833693e-06,0
entity_0269,entity_0240,0,tabpfn,0.00010513154120417312,0
entity_0740,entity_0585,0,tabpfn,3.3974533835134935e-06,0
entity_0222,entity_0106,0,tabpfn,1.0549911166890524e-05,0
entity_0550,entity_0376,0,tabpfn,5.483597306010779e-06,0
entity_0309,entity_0307,1,tabpfn,0.9970322847366333,1
entity_0576,entity_0574,1,tabpfn,0.9984456300735474,1
entity_0287,entity_0167,0,tabpfn,3.933891093765851e-06,0
entity_0786,entity_0783,1,tabpfn,0.9956624507904053,1
entity_0964,entity_0962,1,tabpfn,0.9980868697166443,1
entity_0375,entity_0338,0,tabpfn,0.00017890112940222025,0
entity_0730,entity_0393,0,tabpfn,3.8146827137097716e-06,0
entity_0741,entity_0939,0,tabpfn,2.2649712718703086e-06,0
entity_0453,entity_0460,1,tabpfn,0.9897385239601135,1
entity_0119,entity_0118,1,tabpfn,0.9982496500015259,1
entity_0617,entity_0145,0,tabpfn,3.635870370999328e-06,0
entity_0065,entity_0428,0,tabpfn,3.099431978625944e-06,0
entity_0865,entity_0660,0,tabpfn,2.622597548906924e-06,0
entity_0447,entity_0448,1,tabpfn,0.9989938735961914,1
entity_0657,entity_0993,0,tabpfn,4.529932539298898e-06,0
entity_0947,entity_0948,1,tabpfn,0.9982525110244751,1
entity_0077,entity_0529,0,tabpfn,4.17230785387801e-06,0
entity_0511,entity_0518,1,tabpfn,0.9671215415000916,1
entity_0822,entity_0381,0,tabpfn,2.6822019663086394e-06,0
entity_0420,entity_0412,1,tabpfn,0.9867260456085205,1
entity_0637,entity_0632,1,tabpfn,0.9972605109214783,1
entity_0915,entity_0920,1,tabpfn,0.9891597032546997,1
entity_0562,entity_0563,1,tabpfn,0.9989586472511292,1
entity_0740,entity_0557,0,tabpfn,3.933891093765851e-06,0
entity_0631,entity_0636,1,tabpfn,0.9957042336463928,1
entity_0559,entity_0279,0,tabpfn,2.741806156336679e-06,0
entity_0435,entity_0432,1,tabpfn,0.9985160827636719,1
entity_0511,entity_0514,1,tabpfn,0.9975281357765198,1
entity_0588,entity_0583,1,tabpfn,0.9970855116844177,1
entity_0768,entity_0256,0,tabpfn,4.2915162339340895e-06,0
entity_0908,entity_0362,0,tabpfn,3.635870370999328e-06,0
entity_0630,entity_0628,1,tabpfn,0.9987424612045288,1
entity_0551,entity_0559,1,tabpfn,0.9530668258666992,1
entity_0974,entity_0973,1,tabpfn,0.9986847043037415,1
entity_0908,entity_0903,1,tabpfn,0.9947642683982849,1
entity_0723,entity_0727,1,tabpfn,0.996118426322937,1
entity_0896,entity_0897,1,tabpfn,0.9962343573570251,1
entity_0016,entity_0682,0,tabpfn,4.649140464607626e-06,0
entity_0979,entity_0268,0,tabpfn,4.529932539298898e-06,0
entity_0055,entity_0582,0,tabpfn,4.470327894523507e-06,0
entity_0385,entity_0384,1,tabpfn,0.9990958571434021,1
entity_0366,entity_0364,1,tabpfn,0.9988462328910828,1
entity_0412,entity_0656,0,tabpfn,2.1457626644405536e-06,0
entity_0146,entity_0145,1,tabpfn,0.9967148303985596,1
entity_0615,entity_0598,0,tabpfn,0.004470484331250191,0
entity_0283,entity_0286,1,tabpfn,0.9973708987236023,1
entity_0997,entity_0992,1,tabpfn,0.9949501752853394,1
entity_0548,entity_0273,0,tabpfn,2.2649712718703086e-06,0
entity_0448,entity_0444,1,tabpfn,0.9987256526947021,1
entity_0820,entity_0818,1,tabpfn,0.9983972907066345,1
entity_0373,entity_0810,0,tabpfn,1.7881361600302625e-06,0
entity_0039,entity_0032,1,tabpfn,0.9729960560798645,1
entity_0746,entity_0986,0,tabpfn,3.099431978625944e-06,0
entity_0562,entity_0894,0,tabpfn,3.4570573461678578e-06,0
entity_0571,entity_0876,0,tabpfn,2.1457626644405536e-06,0
entity_0351,entity_0359,1,tabpfn,0.991347074508667,1
entity_0855,entity_0857,1,tabpfn,0.9987780451774597,1
entity_0822,entity_0692,0,tabpfn,2.980223371196189e-06,0
entity_0582,entity_0586,1,tabpfn,0.9924032688140869,1
entity_0954,entity_0951,1,tabpfn,0.9969961643218994,1
entity_0864,entity_0028,0,tabpfn,3.8146827137097716e-06,0
entity_0163,entity_0693,0,tabpfn,4.053099473821931e-06,0
entity_0630,entity_0323,0,tabpfn,5.006765150028514e-06,0
entity_0857,entity_1000,0,tabpfn,2.0503577616182156e-05,0
entity_0899,entity_0922,0,tabpfn,0.0010680174455046654,0
entity_0624,entity_0623,1,tabpfn,0.9990444183349609,1
entity_0621,entity_0630,1,tabpfn,0.9144949913024902,1
entity_0092,entity_0173,0,tabpfn,8.165769941115286e-06,0
entity_0906,entity_0909,1,tabpfn,0.9947655200958252,1
entity_0160,entity_0743,0,tabpfn,5.006765150028514e-06,0
entity_0192,entity_0441,0,tabpfn,3.4570573461678578e-06,0
entity_0726,entity_0718,0,tabpfn,0.9488173127174377,1
entity_0147,entity_0295,0,tabpfn,2.443784524075454e-06,0
entity_0490,entity_0486,1,tabpfn,0.9977595210075378,1
entity_0591,entity_0596,1,tabpfn,0.9823019504547119,1
entity_0642,entity_0641,1,tabpfn,0.9989053010940552,1
entity_0027,entity_0028,1,tabpfn,0.9928613901138306,1
entity_0199,entity_0524,0,tabpfn,2.801410346364719e-06,0
entity_0329,entity_0322,1,tabpfn,0.992331326007843,1
entity_0295,entity_0293,1,tabpfn,0.9959151744842529,1
entity_0868,entity_0863,1,tabpfn,0.9970779418945312,1
entity_0445,entity_0448,1,tabpfn,0.9985799193382263,1
entity_0254,entity_0404,0,tabpfn,3.933891093765851e-06,0
entity_0140,entity_0131,1,tabpfn,0.9686317443847656,1
entity_0727,entity_0537,0,tabpfn,4.589536729326937e-06,0
entity_0086,entity_0795,0,tabpfn,5.125973075337242e-06,0
entity_0617,entity_0222,0,tabpfn,5.006765150028514e-06,0
entity_0173,entity_0175,1,tabpfn,0.9966558814048767,1
entity_0542,entity_0541,1,tabpfn,0.9991673231124878,1
entity_0367,entity_0873,0,tabpfn,2.9206191811681492e-06,0
entity_0552,entity_0558,1,tabpfn,0.9956510663032532,1
entity_0486,entity_0485,1,tabpfn,0.999088704586029,1
entity_0369,entity_0368,1,tabpfn,0.9990448951721191,1
entity_0357,entity_0356,1,tabpfn,0.9988881945610046,1
entity_0208,entity_0206,1,tabpfn,0.9969866275787354,1
entity_0506,entity_0125,0,tabpfn,2.622597548906924e-06,0
entity_0768,entity_0556,0,tabpfn,3.635870370999328e-06,0
entity_0407,entity_0402,1,tabpfn,0.9965991377830505,1
entity_0562,entity_0027,0,tabpfn,1.2755231182381976e-05,0
entity_0184,entity_0188,1,tabpfn,0.9920739531517029,1
entity_0612,entity_0620,1,tabpfn,0.9460580945014954,1
entity_0895,entity_0379,0,tabpfn,3.278244548710063e-06,0
entity_0026,entity_0988,0,tabpfn,3.456949707469903e-05,0
entity_0158,entity_0151,1,tabpfn,0.9887016415596008,1
entity_0929,entity_0122,0,tabpfn,2.741806156336679e-06,0
entity_0457,entity_0857,0,tabpfn,2.0265538296371233e-06,0
entity_0617,entity_0616,1,tabpfn,0.9986494183540344,1
entity_0324,entity_0329,1,tabpfn,0.9979250431060791,1
entity_0018,entity_0266,0,tabpfn,2.384180106673739e-06,0
entity_0665,entity_0737,0,tabpfn,1.001348027784843e-05,0
entity_0146,entity_0147,1,tabpfn,0.9976404309272766,1
entity_0483,entity_0482,1,tabpfn,0.9990777373313904,1
entity_0273,entity_0120,0,tabpfn,3.7550782963080565e-06,0
entity_0396,entity_0991,0,tabpfn,1.4304910109785851e-05,0
entity_0363,entity_0370,1,tabpfn,0.9931451082229614,1
entity_0650,entity_0648,1,tabpfn,0.9976232647895813,1
entity_0830,entity_0947,0,tabpfn,4.649140464607626e-06,0
entity_0448,entity_0527,0,tabpfn,3.397349428269081e-05,0
entity_0274,entity_0275,1,tabpfn,0.9983344078063965,1
entity_0138,entity_0139,1,tabpfn,0.9983961582183838,1
entity_0354,entity_0768,0,tabpfn,1.6093226804514416e-06,0
entity_0069,entity_0726,0,tabpfn,4.768348844663706e-06,0
entity_0009,entity_0008,1,tabpfn,0.992592453956604,1
entity_0353,entity_0360,1,tabpfn,0.9850661754608154,1
entity_0339,entity_0104,0,tabpfn,1.728531856315385e-06,0
entity_0639,entity_0561,0,tabpfn,1.0728720553743187e-05,0
entity_0755,entity_0754,1,tabpfn,0.9974045157432556,1
entity_0192,entity_0193,1,tabpfn,0.9965649247169495,1
entity_0120,entity_0425,0,tabpfn,2.3245756892720237e-06,0
entity_0547,entity_0372,0,tabpfn,3.5166615361958975e-06,0
entity_0794,entity_0302,0,tabpfn,3.2186403586820234e-06,0
entity_0773,entity_0780,1,tabpfn,0.9714425206184387,1
entity_0766,entity_0769,1,tabpfn,0.9944847226142883,1
entity_0040,entity_0331,0,tabpfn,1.9669496396090835e-06,0
entity_0572,entity_0533,0,tabpfn,7.610933971591294e-05,0
entity_0253,entity_0259,1,tabpfn,0.9763539433479309,1
entity_0320,entity_0319,1,tabpfn,0.9988186359405518,1
entity_0538,entity_0238,0,tabpfn,2.5629929041315336e-06,0
entity_0708,entity_0004,0,tabpfn,1.1145943972223904e-05,0
entity_0011,entity_0014,1,tabpfn,0.9836165308952332,1
entity_0989,entity_0988,1,tabpfn,0.9986989498138428,1
entity_0341,entity_0282,0,tabpfn,2.169561957998667e-05,0
entity_0455,entity_0451,1,tabpfn,0.9988672137260437,1
entity_0111,entity_0120,1,tabpfn,0.986636757850647,1
entity_0043,entity_0042,1,tabpfn,0.9946137070655823,1
entity_0496,entity_0500,1,tabpfn,0.9977108240127563,1
entity_0201,entity_0204,1,tabpfn,0.9940571784973145,1
entity_0550,entity_0592,0,tabpfn,0.00011824163084384054,0
entity_0362,entity_0661,0,tabpfn,1.6689273252268322e-06,0
entity_0967,entity_0963,1,tabpfn,0.996405303478241,1
entity_0392,entity_0391,1,tabpfn,0.9990119934082031,1
entity_0523,entity_0251,0,tabpfn,3.099431978625944e-06,0
entity_0655,entity_0659,1,tabpfn,0.99652498960495,1
entity_0828,entity_0108,0,tabpfn,3.3378489661117783e-06,0
entity_0378,entity_0461,0,tabpfn,4.2915162339340895e-06,0
entity_0503,entity_0506,1,tabpfn,0.997714638710022,1
entity_0232,entity_0702,0,tabpfn,2.6822019663086394e-06,0
entity_0179,entity_0178,1,tabpfn,0.9969543218612671,1
entity_0541,entity_0272,0,tabpfn,3.695474333653692e-06,0
entity_0038,entity_0032,1,tabpfn,0.9886413216590881,1
entity_0180,entity_0255,0,tabpfn,1.4245306374505162e-05,0
entity_0730,entity_0084,0,tabpfn,4.470327894523507e-06,0
entity_0606,entity_0605,1,tabpfn,0.9984980225563049,1
entity_0313,entity_0320,1,tabpfn,0.995677649974823,1
entity_0246,entity_0245,1,tabpfn,0.9974101781845093,1
entity_0128,entity_0126,1,tabpfn,0.9980392456054688,1
entity_0585,entity_0992,0,tabpfn,7.688940968364477e-06,0
entity_0842,entity_0844,1,tabpfn,0.9984151721000671,1
entity_0679,entity_0558,0,tabpfn,9.655858775658999e-06,0
entity_0693,entity_0697,1,tabpfn,0.9973074793815613,1
entity_0260,entity_0655,0,tabpfn,1.7881361600302625e-06,0
entity_0216,entity_0117,0,tabpfn,8.82140921021346e-06,0
entity_0961,entity_0965,1,tabpfn,0.996188759803772,1
entity_0057,entity_0053,1,tabpfn,0.9948173761367798,1
entity_0703,entity_0710,1,tabpfn,0.9830301403999329,1
entity_0792,entity_0799,1,tabpfn,0.9780572056770325,1
entity_0975,entity_0226,0,tabpfn,6.973695235501509e-06,0
entity_0167,entity_0723,0,tabpfn,4.410724159242818e-06,0
entity_0810,entity_0014,0,tabpfn,4.529932539298898e-06,0
entity_0622,entity_0629,1,tabpfn,0.9865689873695374,1
entity_0852,entity_0163,0,tabpfn,3.5166615361958975e-06,0
entity_0493,entity_0943,0,tabpfn,3.4570573461678578e-06,0
entity_0763,entity_0670,0,tabpfn,6.675675649603363e-06,0
entity_0378,entity_0813,0,tabpfn,2.086158019665163e-06,0
entity_0356,entity_0353,1,tabpfn,0.9985665678977966,1
entity_0692,entity_0587,0,tabpfn,3.8146827137097716e-06,0
entity_0137,entity_0132,1,tabpfn,0.9941709637641907,1
entity_0842,entity_0847,1,tabpfn,0.994205117225647,1
entity_0678,entity_0673,1,tabpfn,0.9958999752998352,1
entity_0999,entity_0998,1,tabpfn,0.9988595843315125,1
entity_0459,entity_0460,1,tabpfn,0.9989500641822815,1
entity_0882,entity_0184,0,tabpfn,3.2186403586820234e-06,0
entity_0646,entity_0643,1,tabpfn,0.99853515625,1
entity_0229,entity_0225,1,tabpfn,0.9951285719871521,1
entity_0939,entity_0034,0,tabpfn,4.529932539298898e-06,0
entity_0510,entity_0831,0,tabpfn,2.5629929041315336e-06,0
entity_0168,entity_0841,0,tabpfn,6.318052328424528e-06,0
entity_0818,entity_0815,1,tabpfn,0.9981535077095032,1
entity_0049,entity_0607,0,tabpfn,3.8146827137097716e-06,0
entity_0778,entity_0495,0,tabpfn,4.589536729326937e-06,0
entity_0449,entity_0446,1,tabpfn,0.9984923005104065,1
entity_0310,entity_0303,1,tabpfn,0.9868615865707397,1
entity_0504,entity_0505,1,tabpfn,0.9989805817604065,1
entity_0543,entity_0102,0,tabpfn,3.159036396027659e-06,0
entity_0390,entity_0386,1,tabpfn,0.9978851079940796,1
entity_0235,entity_0236,1,tabpfn,0.9966238737106323,1
entity_0036,entity_0817,0,tabpfn,5.125973075337242e-06,0
entity_0871,entity_0774,0,tabpfn,6.914091045473469e-06,0
entity_0932,entity_0936,1,tabpfn,0.9938828349113464,1
entity_0130,entity_0148,0,tabpfn,0.2783203125,0
entity_0883,entity_0881,1,tabpfn,0.9978470206260681,1
entity_0361,entity_0364,1,tabpfn,0.997355043888092,1
entity_0355,entity_0724,0,tabpfn,2.205367081842269e-06,0
entity_0789,entity_0656,0,tabpfn,1.4006894161866512e-05,0
entity_0163,entity_0166,1,tabpfn,0.99560546875,1
entity_0742,entity_0743,1,tabpfn,0.9966447353363037,1
entity_0987,entity_0985,1,tabpfn,0.9986437559127808,1
entity_0181,entity_0185,1,tabpfn,0.995483934879303,1
entity_0241,entity_0885,0,tabpfn,5.185576810617931e-06,0
entity_0497,entity_0080,0,tabpfn,2.861014763766434e-06,0
entity_0597,entity_0594,1,tabpfn,0.9973911643028259,1
entity_0535,entity_0844,0,tabpfn,3.5762659535976127e-06,0
entity_0614,entity_0612,1,tabpfn,0.9979954957962036,1
entity_0927,entity_0922,1,tabpfn,0.9900984168052673,1
entity_0827,entity_0828,1,tabpfn,0.9981039762496948,1
entity_0812,entity_0482,0,tabpfn,3.99349482904654e-06,0
entity_0955,entity_0389,0,tabpfn,5.423993115982739e-06,0
entity_0952,entity_0953,1,tabpfn,0.9974146485328674,1
entity_0595,entity_0864,0,tabpfn,2.9206191811681492e-06,0
entity_0468,entity_0377,0,tabpfn,2.0324772776803002e-05,0
entity_0329,entity_0668,0,tabpfn,2.2649712718703086e-06,0
entity_0169,entity_0046,0,tabpfn,1.2039993634971324e-05,0
entity_0171,entity_0178,1,tabpfn,0.9912562966346741,1
entity_0268,entity_0437,0,tabpfn,4.11270366384997e-06,0
entity_0505,entity_0507,1,tabpfn,0.9986675381660461,1
entity_0712,entity_0714,1,tabpfn,0.9976404309272766,1
entity_0265,entity_0267,1,tabpfn,0.9964451789855957,1
entity_0225,entity_0048,0,tabpfn,3.99349482904654e-06,0
entity_0209,entity_0279,0,tabpfn,1.8417496903566644e-05,0
entity_0744,entity_0689,0,tabpfn,5.995867832098156e-05,0
entity_0661,entity_0667,1,tabpfn,0.9961260557174683,1
entity_0763,entity_0622,0,tabpfn,2.503388714103494e-06,0
entity_0233,entity_0038,0,tabpfn,2.980223371196189e-06,0
entity_0226,entity_0224,1,tabpfn,0.9971140623092651,1
entity_0853,entity_0423,0,tabpfn,2.741806156336679e-06,0
entity_0028,entity_0025,1,tabpfn,0.9892955422401428,1
entity_0076,entity_0195,0,tabpfn,1.728531856315385e-06,0
entity_0312,entity_0698,0,tabpfn,2.1457626644405536e-06,0
entity_0748,entity_0363,0,tabpfn,4.529932539298898e-06,0
entity_0378,entity_0984,0,tabpfn,5.960429007245693e-06,0
entity_0982,entity_0983,1,tabpfn,0.9966105222702026,1
entity_0190,entity_0193,0,tabpfn,0.9951475858688354,1
entity_0992,entity_0991,1,tabpfn,0.9985894560813904,1
entity_0640,entity_0496,0,tabpfn,7.92735499999253e-06,0
entity_0494,entity_0492,1,tabpfn,0.9986637234687805,1
entity_0056,entity_0087,0,tabpfn,0.00032414417364634573,0
entity_0857,entity_0994,0,tabpfn,1.615259679965675e-05,0
entity_0413,entity_0376,0,tabpfn,9.51199617702514e-05,0
entity_0281,entity_0208,0,tabpfn,2.169561957998667e-05,0
entity_0687,entity_0868,0,tabpfn,3.278244548710063e-06,0
entity_0210,entity_0887,0,tabpfn,5.960429007245693e-06,0
entity_0760,entity_0759,1,tabpfn,0.9970969557762146,1
entity_0538,entity_0986,0,tabpfn,4.649140464607626e-06,0
entity_0401,entity_0410,1,tabpfn,0.7980464100837708,1
entity_0496,entity_0942,0,tabpfn,3.278244548710063e-06,0
entity_0693,entity_0700,1,tabpfn,0.9826318025588989,1
entity_0480,entity_0268,0,tabpfn,2.2649712718703086e-06,0
entity_0627,entity_0021,0,tabpfn,3.7550782963080565e-06,0
entity_0734,entity_0732,1,tabpfn,0.9960633516311646,1
entity_0250,entity_0337,0,tabpfn,4.410724159242818e-06,0
entity_0468,entity_0443,0,tabpfn,0.00027648909599520266,0
entity_0678,entity_0986,0,tabpfn,2.3245756892720237e-06,0
entity_0627,entity_0621,1,tabpfn,0.9957839846611023,1
entity_0020,entity_0217,0,tabpfn,4.351120423962129e-06,0
entity_0287,entity_0677,0,tabpfn,2.503388714103494e-06,0
entity_0167,entity_0170,1,tabpfn,0.9974425435066223,1
entity_0289,entity_0647,0,tabpfn,2.443784524075454e-06,0
entity_0767,entity_0763,1,tabpfn,0.9944695830345154,1
entity_0022,entity_0027,1,tabpfn,0.9833384156227112,1
entity_0356,entity_0359,1,tabpfn,0.9985246658325195,1
entity_0321,entity_0138,0,tabpfn,3.3378489661117783e-06,0
entity_0831,entity_0147,0,tabpfn,4.231911589158699e-06,0
entity_0736,entity_0225,0,tabpfn,4.231911589158699e-06,0
entity_0980,entity_0971,1,tabpfn,0.9895573258399963,1
entity_0577,entity_0339,0,tabpfn,3.4570573461678578e-06,0
entity_0349,entity_0264,0,tabpfn,7.033298516034847e-06,0
entity_0718,entity_0715,1,tabpfn,0.9978641867637634,1
entity_0489,entity_0483,1,tabpfn,0.9955219030380249,1
entity_0315,entity_0318,1,tabpfn,0.9986103773117065,1
entity_0275,entity_0272,1,tabpfn,0.9975186586380005,1
entity_0188,entity_0068,0,tabpfn,8.582995178585406e-06,0
entity_0505,entity_0510,1,tabpfn,0.9958696365356445,1
entity_0825,entity_0253,0,tabpfn,3.2186403586820234e-06,0
entity_0493,entity_0112,0,tabpfn,2.622597548906924e-06,0
entity_0262,entity_0266,1,tabpfn,0.9954307675361633,1
entity_0662,entity_0663,1,tabpfn,0.9976803660392761,1
entity_0067,entity_0608,0,tabpfn,3.5762659535976127e-06,0
entity_0633,entity_0293,0,tabpfn,4.768348844663706e-06,0
entity_0007,entity_0010,1,tabpfn,0.973959743976593,1
entity_0765,entity_0169,0,tabpfn,3.635870370999328e-06,0
entity_0416,entity_0417,1,tabpfn,0.9987805485725403,1
entity_0125,entity_0127,1,tabpfn,0.9986323118209839,1
entity_0722,entity_0723,1,tabpfn,0.9968440532684326,1
entity_0936,entity_0934,1,tabpfn,0.9977081418037415,1
entity_0648,entity_0175,0,tabpfn,4.589536729326937e-06,0
entity_0398,entity_0742,0,tabpfn,1.728531856315385e-06,0
entity_0019,entity_0740,0,tabpfn,4.649140464607626e-06,0
entity_0915,entity_0865,0,tabpfn,7.086490222718567e-05,0
entity_0850,entity_0844,1,tabpfn,0.9968725442886353,1
entity_0081,entity_0088,1,tabpfn,0.9926000237464905,1
entity_0391,entity_0395,1,tabpfn,0.9981896877288818,1
entity_0693,entity_0698,1,tabpfn,0.9908133745193481,1
entity_0314,entity_0384,0,tabpfn,1.001348027784843e-05,0
entity_0958,entity_0960,1,tabpfn,0.9971349835395813,1
entity_0513,entity_0637,0,tabpfn,5.722013156628236e-06,0
entity_0977,entity_0466,0,tabpfn,9.119427886616904e-06,0
entity_0957,entity_0955,1,tabpfn,0.9983751773834229,1
entity_0048,entity_0049,1,tabpfn,0.9948439598083496,1
entity_0002,entity_0006,1,tabpfn,0.982691764831543,1
entity_0556,entity_0850,0,tabpfn,2.3245756892720237e-06,0
entity_0432,entity_0434,1,tabpfn,0.9987719655036926,1
entity_0819,entity_0940,0,tabpfn,3.874287358485162e-06,0
entity_0739,entity_0817,0,tabpfn,6.25844904789119e-06,0
entity_0282,entity_0205,0,tabpfn,1.9371134840184823e-05,0
entity_0571,entity_0579,1,tabpfn,0.78515625,1
entity_0138,entity_0001,0,tabpfn,0.00025909385294653475,0
entity_0200,entity_0231,0,tabpfn,0.00025528110563755035,0
entity_0780,entity_0776,1,tabpfn,0.9944669008255005,1
entity_0906,entity_0904,1,tabpfn,0.9959873557090759,1
entity_0602,entity_0610,1,tabpfn,0.7555555701255798,1
entity_0418,entity_0415,1,tabpfn,0.9983229637145996,1
entity_0684,entity_0686,1,tabpfn,0.9976195096969604,1
entity_0267,entity_0268,1,tabpfn,0.9976023435592651,1
entity_0163,entity_0029,0,tabpfn,1.5496967535000294e-05,0
entity_0664,entity_0525,0,tabpfn,3.36754928866867e-05,0
entity_0837,entity_0357,0,tabpfn,2.9206191811681492e-06,0
entity_0494,entity_0782,0,tabpfn,2.384180106673739e-06,0
entity_0849,entity_0845,1,tabpfn,0.9977709054946899,1
entity_0831,entity_0124,0,tabpfn,3.99349482904654e-06,0
entity_0412,entity_0417,1,tabpfn,0.9973157048225403,1
entity_0599,entity_0746,0,tabpfn,4.649140464607626e-06,0
entity_0281,entity_0972,0,tabpfn,6.85448685544543e-06,0
entity_0164,entity_0557,0,tabpfn,2.1457626644405536e-06,0
entity_0701,entity_0312,0,tabpfn,5.423993115982739e-06,0
entity_0683,entity_0470,0,tabpfn,5.185576810617931e-06,0
entity_0056,entity_0058,1,tabpfn,0.9962381720542908,1
entity_0108,entity_0101,1,tabpfn,0.9896101951599121,1
entity_0733,entity_0736,1,tabpfn,0.9961583614349365,1
entity_0605,entity_0729,0,tabpfn,6.13924021308776e-06,0
entity_0680,entity_0922,0,tabpfn,1.84774046374514e-06,0
entity_0545,entity_0964,0,tabpfn,4.17230785387801e-06,0
entity_0618,entity_0412,0,tabpfn,5.185576810617931e-06,0
entity_0302,entity_0438,0,tabpfn,4.053099473821931e-06,0
entity_0577,entity_0579,1,tabpfn,0.9981049299240112,1
entity_0144,entity_0692,0,tabpfn,5.0663693400565535e-06,0
entity_0351,entity_0938,0,tabpfn,4.11270366384997e-06,0
entity_0493,entity_0495,1,tabpfn,0.9981667995452881,1
entity_0779,entity_0772,1,tabpfn,0.9693418145179749,1
entity_0284,entity_0283,1,tabpfn,0.9979802370071411,1
entity_0464,entity_0328,0,tabpfn,7.748543794150464e-06,0
entity_0537,entity_0869,0,tabpfn,2.384180106673739e-06,0
entity_0609,entity_0833,0,tabpfn,2.741806156336679e-06,0
entity_0773,entity_0772,1,tabpfn,0.9961393475532532,1
entity_0416,entity_0546,0,tabpfn,5.185576810617931e-06,0
entity_0215,entity_0314,0,tabpfn,8.165769941115286e-06,0
entity_0390,entity_0162,0,tabpfn,1.6093226804514416e-06,0
entity_0342,entity_0655,0,tabpfn,2.503388714103494e-06,0
entity_0784,entity_0788,1,tabpfn,0.9936637282371521,1
entity_0713,entity_0711,1,tabpfn,0.9976423382759094,1
entity_0394,entity_0531,0,tabpfn,9.179030712402891e-06,0
entity_0022,entity_0028,1,tabpfn,0.96826171875,1
entity_0288,entity_0289,1,tabpfn,0.9975167512893677,1
entity_0689,entity_0751,0,tabpfn,1.3232055607659277e-05,0
entity_0645,entity_0646,1,tabpfn,0.998192548751831,1
entity_0245,entity_0166,0,tabpfn,1.7940677935257554e-05,0
entity_0813,entity_0166,0,tabpfn,3.933891093765851e-06,0
entity_0561,entity_0569,1,tabpfn,0.9496490955352783,1
entity_0013,entity_0017,1,tabpfn,0.9864711165428162,1
entity_0932,entity_0353,0,tabpfn,4.410724159242818e-06,0
entity_0110,entity_0668,0,tabpfn,4.351120423962129e-06,0
entity_0476,entity_0474,1,tabpfn,0.9989519715309143,1
entity_0370,entity_0740,0,tabpfn,1.6689273252268322e-06,0
entity_0308,entity_0843,0,tabpfn,2.5629929041315336e-06,0
entity_0161,entity_0112,0,tabpfn,0.00013218562526162714,0
entity_0511,entity_0582,0,tabpfn,1.3589674381364603e-05,0
entity_0889,entity_0890,1,tabpfn,0.9968878030776978,1
entity_0137,entity_0135,1,tabpfn,0.9964413642883301,1
entity_0934,entity_0935,1,tabpfn,0.9975624084472656,1
entity_0422,entity_0428,1,tabpfn,0.9949008822441101,1
entity_0297,entity_0602,0,tabpfn,2.741806156336679e-06,0
entity_0459,entity_0456,1,tabpfn,0.9989824891090393,1
entity_0584,entity_0590,1,tabpfn,0.9763274788856506,1
entity_0017,entity_0016,1,tabpfn,0.9918772578239441,1
entity_0082,entity_0679,0,tabpfn,4.053099473821931e-06,0
entity_0948,entity_0946,1,tabpfn,0.9982477426528931,1
entity_0802,entity_0805,1,tabpfn,0.9944695830345154,1
entity_0899,entity_0094,0,tabpfn,2.741806156336679e-06,0
entity_0525,entity_0521,1,tabpfn,0.9983599781990051,1
entity_0099,entity_0072,0,tabpfn,0.008368871174752712,0
entity_0608,entity_0415,0,tabpfn,1.0073084013129119e-05,0
entity_0243,entity_0250,1,tabpfn,0.966515064239502,1
entity_0707,entity_0704,1,tabpfn,0.9974064230918884,1
entity_0362,entity_0236,0,tabpfn,3.159036396027659e-06,0
entity_0209,entity_0207,1,tabpfn,0.9969752430915833,1
entity_0898,entity_0895,1,tabpfn,0.9962039589881897,1
entity_0229,entity_0228,1,tabpfn,0.9975871443748474,1
entity_0898,entity_0896,1,tabpfn,0.9970113635063171,1
entity_0663,entity_0665,1,tabpfn,0.9975148439407349,1
entity_0713,entity_0517,0,tabpfn,4.053099473821931e-06,0
entity_0112,entity_0649,0,tabpfn,4.053099473821931e-06,0
entity_0405,entity_0410,1,tabpfn,0.9965174198150635,1
entity_0802,entity_0037,0,tabpfn,4.053099473821931e-06,0
entity_0701,entity_0706,1,tabpfn,0.9918394088745117,1
entity_0348,entity_0346,1,tabpfn,0.9987929463386536,1
entity_0286,entity_0290,1,tabpfn,0.9970303773880005,1
entity_0717,entity_0714,1,tabpfn,0.9969714283943176,1
entity_0409,entity_0410,1,tabpfn,0.9978155493736267,1
entity_0682,entity_0688,1,tabpfn,0.9899700284004211,1
entity_0754,entity_0005,0,tabpfn,1.2159199286543299e-05,0
entity_0280,entity_0296,0,tabpfn,0.21894069015979767,0
entity_0562,entity_0635,0,tabpfn,1.4185704458213877e-05,0
entity_0890,entity_0979,0,tabpfn,1.853669891715981e-05,0
entity_0039,entity_0948,0,tabpfn,6.079636932554422e-06,0
entity_0083,entity_0653,0,tabpfn,3.874287358485162e-06,0
entity_0579,entity_0573,1,tabpfn,0.9958658218383789,1
entity_0186,entity_0184,1,tabpfn,0.9956320524215698,1
entity_0007,entity_0005,1,tabpfn,0.9909690022468567,1
entity_0241,entity_0348,0,tabpfn,7.92735499999253e-06,0
entity_0348,entity_0883,0,tabpfn,2.980223371196189e-06,0
entity_0641,entity_0455,0,tabpfn,7.98695873527322e-06,0
entity_0013,entity_0011,1,tabpfn,0.9902041554450989,1
entity_0752,entity_0662,0,tabpfn,5.900824817217654e-06,0
entity_0792,entity_0394,0,tabpfn,3.159036396027659e-06,0
entity_0312,entity_0688,0,tabpfn,1.907344994833693e-06,0
entity_0631,entity_0632,1,tabpfn,0.9978660345077515,1
entity_0300,entity_0298,1,tabpfn,0.9987396001815796,1
entity_0608,entity_0604,1,tabpfn,0.9971045255661011,1
entity_0526,entity_0828,0,tabpfn,2.980223371196189e-06,0
entity_0160,entity_0069,0,tabpfn,2.2768455892219208e-05,0
entity_0618,entity_0869,0,tabpfn,2.443784524075454e-06,0
entity_0731,entity_0597,0,tabpfn,3.874287358485162e-06,0
entity_0763,entity_0203,0,tabpfn,4.17230785387801e-06,0
entity_0040,entity_0036,1,tabpfn,0.9914723038673401,1
entity_0462,entity_0578,0,tabpfn,4.053099473821931e-06,0
entity_0908,entity_0427,0,tabpfn,5.841221081936965e-06,0
entity_0169,entity_0161,1,tabpfn,0.9735437035560608,1
entity_0292,entity_0298,1,tabpfn,0.9960975646972656,1
entity_0828,entity_0822,1,tabpfn,0.995926558971405,1
entity_0320,entity_0311,1,tabpfn,0.8776021003723145,1
entity_0528,entity_0524,1,tabpfn,0.9984247088432312,1
entity_0996,entity_0171,0,tabpfn,3.695474333653692e-06,0
entity_0572,entity_0555,0,tabpfn,0.06896130740642548,0
entity_0787,entity_0790,1,tabpfn,0.992202639579773,1
entity_0688,entity_0689,1,tabpfn,0.9982991814613342,1
entity_0774,entity_0927,0,tabpfn,3.159036396027659e-06,0
entity_0121,entity_0130,1,tabpfn,0.995018482208252,1
entity_0327,entity_0699,0,tabpfn,1.6689273252268322e-06,0
entity_0499,entity_0469,0,tabpfn,7.801639731042087e-05,0
entity_0311,entity_0524,0,tabpfn,4.410724159242818e-06,0
entity_0861,entity_0862,1,tabpfn,0.9985703825950623,1
entity_0304,entity_0306,1,tabpfn,0.9986180067062378,1
entity_0018,entity_0013,1,tabpfn,0.9710728526115417,1
entity_0931,entity_0934,1,tabpfn,0.9956092834472656,1
entity_0918,entity_0913,1,tabpfn,0.994296133518219,1
entity_0274,entity_0807,0,tabpfn,2.9206191811681492e-06,0
entity_0700,entity_0696,1,tabpfn,0.9972091317176819,1
entity_0851,entity_0860,1,tabpfn,0.9874855279922485,1
entity_0503,entity_0507,1,tabpfn,0.998046875,1
entity_0652,entity_0077,0,tabpfn,4.410724159242818e-06,0
entity_0413,entity_0420,1,tabpfn,0.9631731510162354,1
entity_0409,entity_0403,1,tabpfn,0.9913092851638794,1
entity_0932,entity_0752,0,tabpfn,2.0265538296371233e-06,0
entity_0482,entity_0626,0,tabpfn,4.708744654635666e-06,0
entity_0971,entity_0977,1,tabpfn,0.9887619614601135,1
entity_0922,entity_0642,0,tabpfn,3.874287358485162e-06,0
entity_0033,entity_0650,0,tabpfn,6.079636932554422e-06,0
entity_0844,entity_0849,1,tabpfn,0.995894193649292,1
entity_0261,entity_0287,0,tabpfn,0.00028425295022316277,0
entity_0975,entity_0979,1,tabpfn,0.9948477149009705,1
entity_0440,entity_0746,0,tabpfn,1.84774046374514e-06,0
entity_0990,entity_0054,0,tabpfn,1.4126102541922592e-05,0
entity_0064,entity_0067,1,tabpfn,0.9937509298324585,1
entity_0221,entity_0230,1,tabpfn,0.90380859375,1
entity_0094,entity_0690,0,tabpfn,4.529932539298898e-06,0
entity_0035,entity_0862,0,tabpfn,6.318052328424528e-06,0
entity_0044,entity_0042,1,tabpfn,0.9935879111289978,1
entity_0623,entity_0625,1,tabpfn,0.997251033782959,1
entity_0454,entity_0451,1,tabpfn,0.9986786842346191,1
entity_0015,entity_0268,0,tabpfn,8.702202649146784e-06,0
entity_0798,entity_0796,1,tabpfn,0.9967226982116699,1
entity_0122,entity_0201,0,tabpfn,5.3047856454213616e-06,0
entity_0729,entity_0436,0,tabpfn,3.695474333653692e-06,0
entity_0258,entity_0977,0,tabpfn,6.675675649603363e-06,0
entity_0281,entity_0290,1,tabpfn,0.98388671875,1
entity_0167,entity_0163,1,tabpfn,0.9944620132446289,1
entity_0565,entity_0725,0,tabpfn,3.695474333653692e-06,0
entity_0478,entity_0077,0,tabpfn,2.980223371196189e-06,0
entity_0884,entity_0882,1,tabpfn,0.997835636138916,1
entity_0872,entity_0763,0,tabpfn,1.0132686838915106e-05,0
entity_0527,entity_0380,0,tabpfn,7.271713911904953e-06,0
entity_0751,entity_0757,1,tabpfn,0.9830684065818787,1
entity_0397,entity_0396,1,tabpfn,0.9987132549285889,1
entity_0608,entity_0447,0,tabpfn,8.761805474932771e-06,0
entity_0870,entity_0869,1,tabpfn,0.997353732585907,1
entity_0668,entity_0871,0,tabpfn,2.443784524075454e-06,0
entity_0410,entity_0663,0,tabpfn,2.0265538296371233e-06,0
entity_0400,entity_0399,1,tabpfn,0.9988481402397156,1
entity_0857,entity_0210,0,tabpfn,3.3974533835134935e-06,0
entity_0366,entity_0362,1,tabpfn,0.998318076133728,1
entity_0928,entity_0798,0,tabpfn,3.099431978625944e-06,0
entity_0066,entity_0065,1,tabpfn,0.9966504573822021,1
entity_0568,entity_0163,0,tabpfn,4.2915162339340895e-06,0
entity_0972,entity_0136,0,tabpfn,3.8146827137097716e-06,0
entity_0479,entity_0480,1,tabpfn,0.9988043308258057,1
entity_0637,entity_0638,1,tabpfn,0.9982239603996277,1
entity_0918,entity_0383,0,tabpfn,5.602805231319508e-06,0
entity_0213,entity_0220,1,tabpfn,0.9576072096824646,1
entity_0581,entity_0632,0,tabpfn,1.2278405847609974e-05,0
entity_0934,entity_0939,1,tabpfn,0.9905564188957214,1
entity_0934,entity_0176,0,tabpfn,3.0398275612242287e-06,0
entity_0047,entity_0042,1,tabpfn,0.9856217503547668,1
entity_0099,entity_0100,1,tabpfn,0.9980811476707458,1
entity_0909,entity_0731,0,tabpfn,2.2649712718703086e-06,0
entity_0616,entity_0620,1,tabpfn,0.9959151744842529,1
entity_0542,entity_0548,1,tabpfn,0.9858473539352417,1
entity_0320,entity_0187,0,tabpfn,4.231911589158699e-06,0
entity_0541,entity_0087,0,tabpfn,3.4570573461678578e-06,0
entity_0141,entity_0145,1,tabpfn,0.9972966909408569,1
entity_0140,entity_0289,0,tabpfn,2.6822019663086394e-06,0
entity_0790,entity_0774,0,tabpfn,0.10948370397090912,0
entity_0491,entity_0007,0,tabpfn,5.781617346656276e-06,0
entity_0126,entity_0125,1,tabpfn,0.9986665844917297,1
entity_0747,entity_0748,1,tabpfn,0.9964622855186462,1
entity_0320,entity_0315,1,tabpfn,0.9969239234924316,1
entity_0546,entity_0910,0,tabpfn,2.861014763766434e-06,0
entity_0338,entity_0339,1,tabpfn,0.9986824989318848,1
entity_0431,entity_0800,0,tabpfn,1.84774046374514e-06,0
entity_0360,entity_0645,0,tabpfn,2.503388714103494e-06,0
entity_0448,entity_0986,0,tabpfn,4.827953034691745e-06,0
entity_0543,entity_0202,0,tabpfn,3.4570573461678578e-06,0
entity_0891,entity_0897,1,tabpfn,0.9900984168052673,1
entity_0203,entity_0201,1,tabpfn,0.9965611100196838,1
entity_0556,entity_0962,0,tabpfn,3.695474333653692e-06,0
entity_0508,entity_0718,0,tabpfn,2.443784524075454e-06,0
entity_0616,entity_0581,0,tabpfn,0.00010388009832240641,0
entity_0991,entity_0044,0,tabpfn,3.7191915907897055e-05,0
entity_0832,entity_0836,1,tabpfn,0.9965059757232666,1
entity_0175,entity_0683,0,tabpfn,3.7550782963080565e-06,0
entity_0413,entity_0414,1,tabpfn,0.9989186525344849,1
entity_0545,entity_0546,1,tabpfn,0.9984779953956604,1
entity_0624,entity_0542,0,tabpfn,3.385429226909764e-05,0
entity_0525,entity_0528,1,tabpfn,0.9973816871643066,1
entity_0731,entity_0359,0,tabpfn,4.589536729326937e-06,0
entity_0485,entity_0086,0,tabpfn,2.384180106673739e-06,0
entity_0005,entity_0872,0,tabpfn,4.708744654635666e-06,0
entity_0130,entity_0485,0,tabpfn,3.5762659535976127e-06,0
entity_0433,entity_0340,0,tabpfn,1.037110087054316e-05,0
entity_0789,entity_0787,1,tabpfn,0.9964755773544312,1
entity_0368,entity_0362,1,tabpfn,0.99644535779953,1
entity_0149,entity_0150,1,tabpfn,0.998178243637085,1
entity_0845,entity_0846,1,tabpfn,0.9987319707870483,1
entity_0207,entity_0210,1,tabpfn,0.9940571784973145,1
entity_0166,entity_0169,1,tabpfn,0.994474470615387,1
entity_0480,entity_0476,1,tabpfn,0.9978964924812317,1
entity_0890,entity_0221,0,tabpfn,3.2186403586820234e-06,0
entity_0649,entity_0648,1,tabpfn,0.9987942576408386,1
entity_0098,entity_0095,1,tabpfn,0.9970380067825317,1
entity_0921,entity_0922,1,tabpfn,0.9968744516372681,1
entity_0157,entity_0064,0,tabpfn,1.6927431715885177e-05,0
entity_0694,entity_0636,0,tabpfn,2.312606738996692e-05,0
entity_0341,entity_0163,0,tabpfn,2.1457626644405536e-06,0
entity_0914,entity_0783,0,tabpfn,3.3378489661117783e-06,0
entity_0644,entity_0015,0,tabpfn,7.271713911904953e-06,0
entity_0125,entity_0445,0,tabpfn,2.2649712718703086e-06,0
entity_0330,entity_0388,0,tabpfn,2.4198900064220652e-05,0
entity_0257,entity_0254,1,tabpfn,0.9970399141311646,1
entity_0100,entity_0288,0,tabpfn,2.443784524075454e-06,0
entity_0225,entity_0474,0,tabpfn,3.7550782963080565e-06,0
entity_0647,entity_0650,1,tabpfn,0.9969239234924316,1
entity_0592,entity_0591,1,tabpfn,0.9980354309082031,1
entity_0905,entity_0906,1,tabpfn,0.996357798576355,1
entity_0821,entity_0828,1,tabpfn,0.9922972917556763,1
entity_0462,entity_0461,1,tabpfn,0.9990672469139099,1
entity_0612,entity_0613,1,tabpfn,0.9984761476516724,1
entity_0082,entity_0910,0,tabpfn,7.92735499999253e-06,0
entity_0006,entity_0046,0,tabpfn,0.0010403922060504556,0
entity_0773,entity_0390,0,tabpfn,3.7550782963080565e-06,0
entity_0927,entity_0664,0,tabpfn,3.695474333653692e-06,0
entity_0087,entity_0081,1,tabpfn,0.9909992218017578,1
entity_0810,entity_0473,0,tabpfn,3.5166615361958975e-06,0
entity_0650,entity_0549,0,tabpfn,6.437260253733257e-06,0
entity_0507,entity_0508,1,tabpfn,0.9989615082740784,1
entity_0124,entity_0122,1,tabpfn,0.9977309703826904,1
entity_0841,entity_0255,0,tabpfn,4.351120423962129e-06,0
entity_0712,entity_0708,0,tabpfn,0.9962457418441772,1
entity_0755,entity_0871,0,tabpfn,5.006765150028514e-06,0
entity_0329,entity_0565,0,tabpfn,2.384180106673739e-06,0
entity_0270,entity_0322,0,tabpfn,5.107857577968389e-05,0
entity_0592,entity_0273,0,tabpfn,2.622597548906924e-06,0
entity_0421,entity_0426,1,tabpfn,0.9962628483772278,1
entity_0577,entity_0026,0,tabpfn,3.695474333653692e-06,0
entity_0631,entity_0639,1,tabpfn,0.9725078344345093,1
entity_0227,entity_0224,1,tabpfn,0.9970626831054688,1
entity_0134,entity_0135,1,tabpfn,0.997881293296814,1
entity_0325,entity_0328,1,tabpfn,0.9985875487327576,1
entity_0712,entity_0716,1,tabpfn,0.9943113327026367,1
entity_0042,entity_0607,0,tabpfn,4.231911589158699e-06,0
entity_0834,entity_0929,0,tabpfn,4.231911589158699e-06,0
entity_0852,entity_0855,1,tabpfn,0.9970436692237854,1
entity_0849,entity_0846,1,tabpfn,0.9983342885971069,1
entity_0160,entity_0152,1,tabpfn,0.9759699702262878,1
entity_0503,entity_0208,0,tabpfn,1.907344994833693e-06,0
entity_0084,entity_0081,1,tabpfn,0.9971064329147339,1
entity_0429,entity_0423,1,tabpfn,0.9951513409614563,1
entity_0997,entity_0806,0,tabpfn,8.88101385498885e-06,0
entity_0278,entity_0363,0,tabpfn,2.2649252059636638e-05,0
entity_0092,entity_0640,0,tabpfn,4.053099473821931e-06,0
entity_0801,entity_0349,0,tabpfn,3.7550782963080565e-06,0
entity_0980,entity_0949,0,tabpfn,0.000639818434137851,0
entity_0892,entity_0526,0,tabpfn,4.2915162339340895e-06,0
entity_0954,entity_0466,0,tabpfn,7.2121106313716155e-06,0
entity_0522,entity_0527,1,tabpfn,0.9945151209831238,1
entity_0696,entity_0236,0,tabpfn,6.13924021308776e-06,0
entity_0217,entity_0195,0,tabpfn,0.0017751044360920787,0
entity_0718,entity_0610,0,tabpfn,4.231911589158699e-06,0
entity_0570,entity_0568,1,tabpfn,0.9985418319702148,1
entity_0341,entity_0344,1,tabpfn,0.9980278611183167,1
entity_0205,entity_0207,1,tabpfn,0.9972262978553772,1
entity_0874,entity_0186,0,tabpfn,3.2186403586820234e-06,0
entity_0210,entity_0879,0,tabpfn,6.794883120164741e-06,0
entity_0777,entity_0775,1,tabpfn,0.9967911839485168,1
entity_0230,entity_0226,1,tabpfn,0.996534526348114,1
entity_0131,entity_0957,0,tabpfn,1.6689022231730632e-05,0
entity_0230,entity_0229,1,tabpfn,0.9960709810256958,1
entity_0158,entity_0157,1,tabpfn,0.997024655342102,1
entity_0707,entity_0702,1,tabpfn,0.9942240715026855,1
entity_0438,entity_0808,0,tabpfn,1.9669496396090835e-06,0
entity_0093,entity_0960,0,tabpfn,9.298238182964269e-06,0
entity_0096,entity_0099,1,tabpfn,0.9981087446212769,1
entity_0857,entity_0325,0,tabpfn,2.6822019663086394e-06,0
entity_0492,entity_0497,1,tabpfn,0.9957460165023804,1
entity_0421,entity_0408,0,tabpfn,0.10601159930229187,0
entity_0783,entity_0789,1,tabpfn,0.9854418039321899,1
entity_0602,entity_0607,1,tabpfn,0.9898820519447327,1
entity_0132,entity_0133,1,tabpfn,0.9984304308891296,1
entity_0764,entity_0767,1,tabpfn,0.9950261116027832,1
entity_0148,entity_0158,0,tabpfn,0.9618260264396667,1
entity_0044,entity_0529,0,tabpfn,3.099431978625944e-06,0
entity_0017,entity_0749,0,tabpfn,4.649140464607626e-06,0
entity_0266,entity_0263,1,tabpfn,0.9979555010795593,1
entity_0620,entity_0229,0,tabpfn,4.2915162339340895e-06,0
entity_0920,entity_0912,1,tabpfn,0.9812265038490295,1
entity_0585,entity_0590,1,tabpfn,0.9868088960647583,1
entity_0709,entity_0704,1,tabpfn,0.9968158602714539,1
entity_0466,entity_0467,1,tabpfn,0.999170184135437,1
entity_0170,entity_0169,1,tabpfn,0.9975776076316833,1
entity_0686,entity_0597,0,tabpfn,7.092901796568185e-06,0
entity_0155,entity_0156,1,tabpfn,0.9977994561195374,1
entity_0800,entity_0798,1,tabpfn,0.9971026182174683,1
entity_0345,entity_0341,1,tabpfn,0.9971007704734802,1
entity_0154,entity_0151,1,tabpfn,0.9966010451316833,1
entity_0897,entity_0085,0,tabpfn,3.4570573461678578e-06,0
entity_0087,entity_0252,0,tabpfn,2.1457626644405536e-06,0
entity_0176,entity_0172,1,tabpfn,0.9938638806343079,1
entity_0443,entity_0448,1,tabpfn,0.9968668818473816,1
entity_0091,entity_0097,1,tabpfn,0.993080735206604,1
entity_0588,entity_0586,1,tabpfn,0.9983382225036621,1
entity_0915,entity_0918,1,tabpfn,0.9942733645439148,1
entity_0810,entity_0809,1,tabpfn,0.9977100491523743,1
entity_0769,entity_0749,0,tabpfn,0.0013667495222762227,0
entity_0642,entity_0173,0,tabpfn,4.708744654635666e-06,0
entity_1000,entity_0296,0,tabpfn,7.092901796568185e-06,0
entity_0734,entity_0733,1,tabpfn,0.9961963295936584,1
entity_0201,entity_0062,0,tabpfn,7.2121106313716155e-06,0
entity_0747,entity_0743,1,tabpfn,0.9952272772789001,1
entity_0973,entity_0804,0,tabpfn,2.861014763766434e-06,0
entity_0298,entity_0299,1,tabpfn,0.9974653720855713,1
entity_0994,entity_0992,1,tabpfn,0.9975509643554688,1
entity_0363,entity_0369,1,tabpfn,0.9957308173179626,1
entity_0637,entity_0640,1,tabpfn,0.997503399848938,1
entity_0383,entity_0381,1,tabpfn,0.9989948272705078,1
entity_0861,entity_0264,0,tabpfn,4.2915162339340895e-06,0
entity_0762,entity_0767,1,tabpfn,0.9903401732444763,1
entity_0413,entity_0059,0,tabpfn,2.980223371196189e-06,0
entity_0457,entity_0453,1,tabpfn,0.998233437538147,1
entity_0819,entity_0001,0,tabpfn,1.0847928024304565e-05,0
entity_0934,entity_0716,0,tabpfn,2.503388714103494e-06,0
entity_0167,entity_0049,0,tabpfn,8.82140921021346e-06,0
entity_0446,entity_0215,0,tabpfn,1.907344994833693e-06,0
entity_0647,entity_0248,0,tabpfn,4.410724159242818e-06,0
entity_0426,entity_0064,0,tabpfn,3.099431978625944e-06,0
entity_0490,entity_0734,0,tabpfn,1.9669496396090835e-06,0
entity_0591,entity_0597,1,tabpfn,0.9694159030914307,1
entity_0012,entity_0013,1,tabpfn,0.9895824790000916,1
entity_0599,entity_0595,1,tabpfn,0.9974977374076843,1
entity_0805,entity_0002,0,tabpfn,9.775066246220376e-06,0
entity_0142,entity_0141,1,tabpfn,0.9975186586380005,1
entity_0277,entity_0653,0,tabpfn,1.907344994833693e-06,0
entity_0956,entity_0132,0,tabpfn,3.7550782963080565e-06,0
entity_0365,entity_0563,0,tabpfn,5.36438938070205e-06,0
entity_0671,entity_0694,0,tabpfn,0.0006877979030832648,0
entity_0519,entity_0297,0,tabpfn,2.503388714103494e-06,0
entity_0051,entity_0059,1,tabpfn,0.9734100103378296,1
entity_0888,entity_0889,1,tabpfn,0.9964567422866821,1
entity_0265,entity_0083,0,tabpfn,2.9206191811681492e-06,0
entity_0204,entity_0993,0,tabpfn,2.1218802430666983e-05,0
entity_0678,entity_0672,1,tabpfn,0.9963369965553284,1
entity_0154,entity_0414,0,tabpfn,3.099431978625944e-06,0
entity_0660,entity_0657,1,tabpfn,0.9984086751937866,1
entity_0344,entity_0350,1,tabpfn,0.9968098402023315,1
entity_0076,entity_0071,1,tabpfn,0.9933838248252869,1
entity_0333,entity_0972,0,tabpfn,5.125973075337242e-06,0
entity_0672,entity_0676,1,tabpfn,0.9981477856636047,1
entity_0453,entity_0949,0,tabpfn,3.5762659535976127e-06,0
entity_0354,entity_0352,1,tabpfn,0.998874843120575,1
entity_0708,entity_0703,1,tabpfn,0.9971387982368469,1
entity_0855,entity_0604,0,tabpfn,3.2186403586820234e-06,0
entity_0364,entity_0363,1,tabpfn,0.9989929795265198,1
entity_0594,entity_0605,0,tabpfn,0.5296558737754822,1
entity_0197,entity_0199,1,tabpfn,0.9975319504737854,1
entity_0838,entity_0291,0,tabpfn,3.159036396027659e-06,0
entity_0825,entity_0755,0,tabpfn,2.3185670215752907e-05,0
entity_0687,entity_0690,1,tabpfn,0.9981058835983276,1
entity_0225,entity_0227,1,tabpfn,0.9959417581558228,1
entity_0250,entity_0245,1,tabpfn,0.9956016540527344,1
entity_0652,entity_0327,0,tabpfn,3.933891093765851e-06,0
entity_0415,entity_0412,1,tabpfn,0.9989481568336487,1
entity_0347,entity_0721,0,tabpfn,1.549718376736564e-06,0
entity_0210,entity_0414,0,tabpfn,3.278244548710063e-06,0
entity_0579,entity_0039,0,tabpfn,3.7550782963080565e-06,0
entity_0598,entity_0134,0,tabpfn,3.933891093765851e-06,0
entity_0375,entity_0380,1,tabpfn,0.9969695210456848,1
entity_0955,entity_0062,0,tabpfn,3.099431978625944e-06,0
entity_0886,entity_0908,0,tabpfn,0.0033191158436238766,0
entity_0155,entity_0643,0,tabpfn,3.0398275612242287e-06,0
entity_0801,entity_0761,0,tabpfn,6.860023859189823e-05,0
entity_0750,entity_0749,1,tabpfn,0.9959645867347717,1
entity_0094,entity_0095,1,tabpfn,0.997251033782959,1
entity_0134,entity_0132,1,tabpfn,0.9976727962493896,1
entity_0717,entity_0368,0,tabpfn,4.351120423962129e-06,0
entity_0989,entity_0868,0,tabpfn,1.2755231182381976e-05,0
entity_0278,entity_0276,1,tabpfn,0.9958068132400513,1
entity_0469,entity_0466,1,tabpfn,0.9986513257026672,1
entity_0936,entity_0940,1,tabpfn,0.9886940717697144,1
entity_0413,entity_0412,1,tabpfn,0.9991216063499451,1
entity_0122,entity_0128,1,tabpfn,0.9958126544952393,1
entity_0508,entity_0285,0,tabpfn,2.741806156336679e-06,0
entity_0581,entity_0583,1,tabpfn,0.9966808557510376,1
entity_0065,entity_0062,1,tabpfn,0.9958885908126831,1
entity_0295,entity_0291,1,tabpfn,0.9935992956161499,1
entity_0404,entity_0403,1,tabpfn,0.9989414811134338,1
entity_0719,entity_0718,1,tabpfn,0.9981268048286438,1
entity_0979,entity_0915,0,tabpfn,0.0001868852268671617,0
entity_0134,entity_0922,0,tabpfn,1.2874437743448652e-05,0
entity_0666,entity_0094,0,tabpfn,4.17230785387801e-06,0
entity_0143,entity_0002,0,tabpfn,0.00016186000721063465,0
entity_0132,entity_0138,1,tabpfn,0.9873724579811096,1
entity_0961,entity_0674,0,tabpfn,3.278244548710063e-06,0
entity_0887,entity_0829,0,tabpfn,4.333069591666572e-05,0
entity_0991,entity_0994,1,tabpfn,0.9983999729156494,1
entity_0786,entity_0938,0,tabpfn,2.5629929041315336e-06,0
entity_0630,entity_0626,1,tabpfn,0.998741865158081,1
entity_0558,entity_0557,1,tabpfn,0.999053955078125,1
entity_0646,entity_0648,1,tabpfn,0.9981772899627686,1
entity_0659,entity_0599,0,tabpfn,2.0622781448764727e-05,0
entity_0248,entity_0243,1,tabpfn,0.9935538172721863,1
entity_0261,entity_0264,1,tabpfn,0.9966447353363037,1
entity_0706,entity_0710,1,tabpfn,0.9961336255073547,1
entity_0908,entity_0905,1,tabpfn,0.9960595369338989,1
entity_0660,entity_0060,0,tabpfn,4.053099473821931e-06,0
entity_0449,entity_0048,0,tabpfn,3.2186403586820234e-06,0
entity_0918,entity_0430,0,tabpfn,6.437260253733257e-06,0
entity_0643,entity_0644,1,tabpfn,0.9986513257026672,1
entity_0147,entity_0470,0,tabpfn,2.741806156336679e-06,0
entity_0935,entity_0936,1,tabpfn,0.9968345761299133,1
entity_0053,entity_0051,1,tabpfn,0.9956434369087219,1
entity_0516,entity_0770,0,tabpfn,2.2649712718703086e-06,0
entity_0491,entity_0496,1,tabpfn,0.9965668320655823,1
entity_0116,entity_0963,0,tabpfn,1.3112849956087302e-05,0
entity_0715,entity_0776,0,tabpfn,1.102673832065193e-05,0
entity_0471,entity_0475,1,tabpfn,0.9970893263816833,1
entity_0805,entity_0807,1,tabpfn,0.9972072839736938,1
entity_0619,entity_0888,0,tabpfn,1.907344994833693e-06,0
entity_0234,entity_0240,1,tabpfn,0.990707516670227,1
entity_0034,entity_0714,0,tabpfn,5.185576810617931e-06,0
entity_0095,entity_0092,1,tabpfn,0.9974767565727234,1
entity_0063,entity_0395,0,tabpfn,4.529932539298898e-06,0
entity_0208,entity_0202,1,tabpfn,0.9881606101989746,1
entity_0713,entity_0714,1,tabpfn,0.9975681304931641,1
entity_0973,entity_0975,1,tabpfn,0.9950374960899353,1
entity_0035,entity_0976,0,tabpfn,1.0549911166890524e-05,0
entity_0389,entity_0387,1,tabpfn,0.9990034103393555,1
entity_0042,entity_0597,0,tabpfn,3.5762659535976127e-06,0
entity_0814,entity_0818,1,tabpfn,0.996165931224823,1
entity_0004,entity_0376,0,tabpfn,6.377656063705217e-06,0
entity_0798,entity_0791,1,tabpfn,0.9941633939743042,1
entity_0299,entity_0291,1,tabpfn,0.9912109375,1
entity_0236,entity_0615,0,tabpfn,2.443784524075454e-06,0
entity_0775,entity_0482,0,tabpfn,3.2186403586820234e-06,0
entity_0179,entity_0171,1,tabpfn,0.9867411255836487,1
entity_0686,entity_0681,1,tabpfn,0.9959114193916321,1
entity_0214,entity_0215,1,tabpfn,0.9960899353027344,1
entity_0034,entity_0040,1,tabpfn,0.9704661965370178,1
entity_0490,entity_0488,1,tabpfn,0.9990310668945312,1
entity_0201,entity_0663,0,tabpfn,2.622597548906924e-06,0
entity_0647,entity_0479,0,tabpfn,7.271713911904953e-06,0
entity_0971,entity_0782,0,tabpfn,2.443784524075454e-06,0
entity_0608,entity_0601,1,tabpfn,0.9902570247650146,1
entity_0061,entity_0602,0,tabpfn,5.185576810617931e-06,0
entity_0513,entity_0519,1,tabpfn,0.9918656945228577,1
entity_0006,entity_0009,1,tabpfn,0.9897158741950989,1
entity_0295,entity_0613,0,tabpfn,2.980223371196189e-06,0
entity_0990,entity_0982,1,tabpfn,0.9830001592636108,1
entity_0479,entity_0730,0,tabpfn,1.907344994833693e-06,0
entity_0715,entity_0766,0,tabpfn,2.002676046686247e-05,0
entity_0626,entity_0624,1,tabpfn,0.998340904712677,1
entity_0292,entity_0688,0,tabpfn,2.205367081842269e-06,0
entity_0901,entity_0903,1,tabpfn,0.9951210021972656,1
entity_0613,entity_0619,1,tabpfn,0.9884169697761536,1
entity_0668,entity_0519,0,tabpfn,7.092901796568185e-06,0
entity_0976,entity_0170,0,tabpfn,3.4570573461678578e-06,0
entity_0322,entity_0145,0,tabpfn,1.7881361600302625e-06,0
entity_0415,entity_0414,1,tabpfn,0.9983096718788147,1
entity_0122,entity_0913,0,tabpfn,1.1086341146437917e-05,0
entity_0738,entity_0733,1,tabpfn,0.9942392110824585,1
entity_0024,entity_0180,0,tabpfn,6.437260253733257e-06,0
entity_0507,entity_0685,0,tabpfn,3.2186403586820234e-06,0
entity_0416,entity_0645,0,tabpfn,2.741806156336679e-06,0
entity_0769,entity_0765,1,tabpfn,0.9946137070655823,1
entity_0714,entity_0716,1,tabpfn,0.9963160753250122,1
entity_0088,entity_0832,0,tabpfn,6.079636932554422e-06,0
entity_0565,entity_0046,0,tabpfn,4.053099473821931e-06,0
entity_0106,entity_0169,0,tabpfn,2.5569739591446705e-05,0
entity_0897,entity_0464,0,tabpfn,3.635870370999328e-06,0
entity_0884,entity_0403,0,tabpfn,3.3378489661117783e-06,0
entity_0637,entity_0544,0,tabpfn,1.1920787073904648e-05,0
entity_0106,entity_0107,1,tabpfn,0.9984837174415588,1
entity_0725,entity_0905,0,tabpfn,2.3245756892720237e-06,0
entity_0234,entity_0754,0,tabpfn,3.0398275612242287e-06,0
entity_0534,entity_0532,1,tabpfn,0.9986875653266907,1
entity_0111,entity_0119,1,tabpfn,0.9943264722824097,1
entity_0172,entity_0173,1,tabpfn,0.9968763589859009,1
entity_0678,entity_0113,0,tabpfn,3.8146827137097716e-06,0
entity_0560,entity_0559,1,tabpfn,0.9987132549285889,1
entity_0145,entity_0123,0,tabpfn,0.0021643824875354767,0
entity_0846,entity_0140,0,tabpfn,3.3378489661117783e-06,0
entity_0702,entity_0579,0,tabpfn,4.410724159242818e-06,0
entity_0728,entity_0906,0,tabpfn,3.099431978625944e-06,0
entity_0500,entity_0303,0,tabpfn,4.470327894523507e-06,0
entity_0123,entity_0863,0,tabpfn,1.0728720553743187e-05,0
entity_0291,entity_0298,1,tabpfn,0.9755412936210632,1
entity_0424,entity_0421,1,tabpfn,0.9984151721000671,1
entity_0743,entity_0745,1,tabpfn,0.9960975646972656,1
entity_0672,entity_0058,0,tabpfn,5.483597306010779e-06,0
entity_0525,entity_0324,0,tabpfn,3.5762659535976127e-06,0
entity_0140,entity_0456,0,tabpfn,5.245181455393322e-06,0
entity_0254,entity_0253,1,tabpfn,0.9972694516181946,1
entity_0074,entity_0080,1,tabpfn,0.9941861629486084,1
entity_0158,entity_0917,0,tabpfn,9.357841918244958e-06,0
entity_0028,entity_0503,0,tabpfn,1.1384357094357256e-05,0
entity_0280,entity_0812,0,tabpfn,2.622597548906924e-06,0
entity_0147,entity_0884,0,tabpfn,7.569732133561047e-06,0
entity_0143,entity_0144,1,tabpfn,0.9973956346511841,1
entity_0658,entity_0653,1,tabpfn,0.9951854944229126,1
entity_0752,entity_0757,1,tabpfn,0.9893181920051575,1
entity_0481,entity_0484,1,tabpfn,0.9978603720664978,1
entity_0166,entity_0981,0,tabpfn,1.8357894077780657e-05,0
entity_0827,entity_0876,0,tabpfn,2.8132601073593833e-05,0
entity_0551,entity_0317,0,tabpfn,2.861014763766434e-06,0
entity_0624,entity_0106,0,tabpfn,3.4570573461678578e-06,0
entity_0688,entity_0846,0,tabpfn,5.125973075337242e-06,0
entity_0579,entity_0259,0,tabpfn,2.980223371196189e-06,0
entity_0523,entity_0562,0,tabpfn,3.850311622954905e-05,0
entity_0551,entity_0553,1,tabpfn,0.998567521572113,1
entity_0536,entity_0002,0,tabpfn,1.8834713046089746e-05,0
entity_0110,entity_0692,0,tabpfn,4.887556769972434e-06,0
entity_0321,entity_0322,1,tabpfn,0.9990391731262207,1
entity_0727,entity_0161,0,tabpfn,3.695474333653692e-06,0
entity_0875,entity_0874,1,tabpfn,0.9975281357765198,1
entity_0744,entity_0233,0,tabpfn,4.2915162339340895e-06,0
entity_0681,entity_0685,1,tabpfn,0.9972566962242126,1
entity_0220,entity_0217,1,tabpfn,0.9968744516372681,1
entity_0968,entity_0967,1,tabpfn,0.9982172846794128,1
entity_0083,entity_0088,1,tabpfn,0.992513120174408,1
entity_0701,entity_0153,0,tabpfn,3.874287358485162e-06,0
entity_0241,entity_0237,0,tabpfn,0.9941444396972656,1
entity_0163,entity_0645,0,tabpfn,2.980223371196189e-06,0
entity_0793,entity_0889,0,tabpfn,5.245181455393322e-06,0
entity_0564,entity_0783,0,tabpfn,3.5762659535976127e-06,0
entity_0409,entity_0417,0,tabpfn,0.9021785855293274,1
entity_0625,entity_0627,1,tabpfn,0.9979288578033447,1
entity_0266,entity_0269,1,tabpfn,0.9968953728675842,1
entity_0147,entity_0142,1,tabpfn,0.991684079170227,1
entity_0824,entity_0830,1,tabpfn,0.9910672903060913,1
entity_0526,entity_0523,1,tabpfn,0.9983353614807129,1
entity_0791,entity_0316,0,tabpfn,3.695474333653692e-06,0
entity_0387,entity_0388,1,tabpfn,0.9989758133888245,1
entity_0117,entity_0112,1,tabpfn,0.9968763589859009,1
entity_0062,entity_0375,0,tabpfn,2.384180106673739e-06,0
entity_0588,entity_0800,0,tabpfn,3.695474333653692e-06,0
entity_0598,entity_0829,0,tabpfn,3.0398275612242287e-06,0
entity_0555,entity_0206,0,tabpfn,2.741806156336679e-06,0
entity_0711,entity_0974,0,tabpfn,2.1457626644405536e-06,0
entity_0127,entity_0129,1,tabpfn,0.9975091218948364,1
entity_0041,entity_0050,1,tabpfn,0.7902320027351379,1
entity_0055,entity_0842,0,tabpfn,6.675675649603363e-06,0
entity_0608,entity_0398,0,tabpfn,5.3047856454213616e-06,0
entity_0797,entity_0792,1,tabpfn,0.9932852983474731,1
entity_0597,entity_0600,1,tabpfn,0.9939737915992737,1
entity_0669,entity_0670,1,tabpfn,0.998745322227478,1
entity_0395,entity_0393,1,tabpfn,0.9983591437339783,1
entity_0179,entity_0776,0,tabpfn,5.6624089666001964e-06,0
entity_0093,entity_0336,0,tabpfn,1.549718376736564e-06,0
entity_0815,entity_0812,1,tabpfn,0.997959315776825,1
entity_0554,entity_0558,1,tabpfn,0.9982067942619324,1
entity_0303,entity_0302,1,tabpfn,0.9966561794281006,1
entity_0663,entity_0298,0,tabpfn,4.589536729326937e-06,0
entity_0629,entity_0733,0,tabpfn,4.649140464607626e-06,0
entity_0657,entity_0654,1,tabpfn,0.9985637068748474,1
entity_0784,entity_0789,1,tabpfn,0.985238790512085,1
entity_0460,entity_0455,1,tabpfn,0.9972110390663147,1
entity_0734,entity_0735,1,tabpfn,0.9972566962242126,1
entity_0539,entity_0167,0,tabpfn,2.622597548906924e-06,0
entity_0309,entity_0306,1,tabpfn,0.9982439279556274,1
entity_0990,entity_0023,0,tabpfn,4.499948045122437e-05,0
entity_0263,entity_0659,0,tabpfn,2.384180106673739e-06,0
entity_0518,entity_0453,0,tabpfn,2.0503577616182156e-05,0
entity_0943,entity_0949,1,tabpfn,0.9824968576431274,1
entity_0951,entity_0871,0,tabpfn,3.4211894671898335e-05,0
entity_0193,entity_0995,0,tabpfn,2.8490208933362737e-05,0
entity_0384,entity_0390,1,tabpfn,0.9965307116508484,1
entity_0217,entity_0485,0,tabpfn,5.781617346656276e-06,0
entity_0298,entity_0122,0,tabpfn,2.205367081842269e-06,0
entity_0091,entity_0099,1,tabpfn,0.9910295009613037,1
entity_0885,entity_0642,0,tabpfn,5.125973075337242e-06,0
entity_0892,entity_0894,1,tabpfn,0.9964035153388977,1
entity_0846,entity_0120,0,tabpfn,3.5762659535976127e-06,0
entity_0938,entity_0931,1,tabpfn,0.9911202192306519,1
entity_0407,entity_0480,0,tabpfn,6.973695235501509e-06,0
entity_0958,entity_0696,0,tabpfn,6.5564677242946345e-06,0
entity_0700,entity_0692,1,tabpfn,0.9806932210922241,1
entity_0190,entity_0189,1,tabpfn,0.9971806406974792,1
entity_0312,entity_0108,0,tabpfn,2.861014763766434e-06,0
entity_0099,entity_0914,0,tabpfn,1.245721614395734e-05,0
entity_0213,entity_0215,1,tabpfn,0.9964434504508972,1
entity_0721,entity_0935,0,tabpfn,2.1457626644405536e-06,0
entity_0252,entity_0273,0,tabpfn,0.0024223788641393185,0
entity_0147,entity_0264,0,tabpfn,4.708744654635666e-06,0
entity_0894,entity_0898,1,tabpfn,0.9952083230018616,1
entity_0866,entity_0865,1,tabpfn,0.9980087876319885,1
entity_0225,entity_0228,1,tabpfn,0.9956168532371521,1
entity_0958,entity_0315,0,tabpfn,5.602805231319508e-06,0
entity_0252,entity_0796,0,tabpfn,3.278244548710063e-06,0
entity_0159,entity_0152,1,tabpfn,0.9729234576225281,1
entity_0155,entity_0151,1,tabpfn,0.9942202568054199,1
entity_0218,entity_0217,1,tabpfn,0.9974977374076843,1
entity_0393,entity_0903,0,tabpfn,3.7550782963080565e-06,0
entity_0764,entity_0449,0,tabpfn,4.11270366384997e-06,0
entity_0165,entity_0844,0,tabpfn,6.1988448578631505e-06,0
entity_0981,entity_0307,0,tabpfn,4.410724159242818e-06,0
entity_0432,entity_0367,0,tabpfn,1.907312253024429e-05,0
entity_0706,entity_0830,0,tabpfn,4.053099473821931e-06,0
entity_0964,entity_0344,0,tabpfn,6.318052328424528e-06,0
entity_0226,entity_0940,0,tabpfn,5.722013156628236e-06,0
entity_0646,entity_0253,0,tabpfn,4.11270366384997e-06,0
entity_0268,entity_0229,0,tabpfn,6.293854676187038e-05,0
entity_0032,entity_0040,1,tabpfn,0.9502243399620056,1
entity_0437,entity_0399,0,tabpfn,0.00015506723138969392,0
entity_0282,entity_0283,1,tabpfn,0.9983199834823608,1
entity_0407,entity_0403,1,tabpfn,0.9982125163078308,1
entity_0843,entity_0229,0,tabpfn,3.3974533835134935e-06,0
entity_0352,entity_0351,1,tabpfn,0.9979326725006104,1
entity_0029,entity_0026,1,tabpfn,0.9954399466514587,1
entity_0883,entity_0882,1,tabpfn,0.9972414970397949,1
entity_0321,entity_0326,1,tabpfn,0.9947807192802429,1
entity_0395,entity_0397,1,tabpfn,0.9989691376686096,1
entity_0385,entity_0706,0,tabpfn,1.9669496396090835e-06,0
entity_0892,entity_0900,1,tabpfn,0.9746837615966797,1
entity_0942,entity_0992,0,tabpfn,0.0003231911105103791,0
entity_0292,entity_0707,0,tabpfn,2.1457626644405536e-06,0
entity_0216,entity_0657,0,tabpfn,2.622597548906924e-06,0
entity_0266,entity_0080,0,tabpfn,2.443784524075454e-06,0
entity_0790,entity_0782,1,tabpfn,0.936352014541626,1
entity_0880,entity_0871,1,tabpfn,0.9757497310638428,1
entity_0337,entity_0163,0,tabpfn,2.2649712718703086e-06,0
entity_0583,entity_0586,1,tabpfn,0.9940420389175415,1
entity_0844,entity_0846,1,tabpfn,0.9986513257026672,1
entity_0683,entity_0706,0,tabpfn,0.0003253354807384312,0
entity_0459,entity_0696,0,tabpfn,1.9669496396090835e-06,0
entity_0012,entity_0016,1,tabpfn,0.968173086643219,1
entity_0688,entity_0685,1,tabpfn,0.9975433945655823,1
entity_0973,entity_0372,0,tabpfn,6.85448685544543e-06,0
entity_0164,entity_0970,0,tabpfn,1.740425250318367e-05,0
entity_0047,entity_0049,1,tabpfn,0.9897536635398865,1
entity_0008,entity_0007,1,tabpfn,0.9916311502456665,1
entity_0336,entity_0050,0,tabpfn,2.503388714103494e-06,0
entity_0031,entity_0142,0,tabpfn,2.861014763766434e-06,0
entity_0367,entity_0363,1,tabpfn,0.9980849623680115,1
entity_0203,entity_0209,1,tabpfn,0.9815651178359985,1
entity_0030,entity_0023,1,tabpfn,0.9804986715316772,1
entity_0161,entity_0167,1,tabpfn,0.990234375,1
entity_0623,entity_0719,0,tabpfn,5.36438938070205e-06,0
entity_0468,entity_0467,1,tabpfn,0.9989215135574341,1
entity_0854,entity_0100,0,tabpfn,3.099431978625944e-06,0
entity_0424,entity_0207,0,tabpfn,2.0265538296371233e-06,0
entity_0275,entity_0279,1,tabpfn,0.9965326189994812,1
entity_0817,entity_0783,0,tabpfn,9.142516501015052e-05,0
entity_0491,entity_0276,0,tabpfn,2.622597548906924e-06,0
entity_0335,entity_0340,1,tabpfn,0.9964016079902649,1
entity_0779,entity_0773,1,tabpfn,0.990362823009491,1
entity_0623,entity_0774,0,tabpfn,3.8146827137097716e-06,0
entity_0139,entity_0133,1,tabpfn,0.9925659894943237,1
entity_0101,entity_0104,1,tabpfn,0.9980906844139099,1
entity_0070,entity_0902,0,tabpfn,7.688940968364477e-06,0
entity_0258,entity_0254,1,tabpfn,0.9952310919761658,1
entity_0414,entity_0548,0,tabpfn,2.181482341256924e-05,0
entity_0705,entity_0710,1,tabpfn,0.9922972917556763,1
entity_0496,entity_0494,1,tabpfn,0.9988948106765747,1
entity_0449,entity_0443,1,tabpfn,0.9965972304344177,1
entity_0276,entity_0274,1,tabpfn,0.9973594546318054,1
entity_0744,entity_0743,1,tabpfn,0.9965516328811646,1
entity_0043,entity_0947,0,tabpfn,6.020033197273733e-06,0
entity_0755,entity_0753,1,tabpfn,0.9962457418441772,1
entity_0058,entity_0888,0,tabpfn,6.437260253733257e-06,0
entity_0671,entity_0595,0,tabpfn,1.0609513992676511e-05,0
entity_0458,entity_0460,1,tabpfn,0.9989033937454224,1
entity_0992,entity_0927,0,tabpfn,0.00013540341751649976,0
entity_0381,entity_0386,1,tabpfn,0.9975300431251526,1
entity_0863,entity_0085,0,tabpfn,2.980223371196189e-06,0
entity_0281,entity_0773,0,tabpfn,2.443784524075454e-06,0
entity_0154,entity_0155,1,tabpfn,0.9971672892570496,1
entity_0726,entity_0729,1,tabpfn,0.9953677654266357,1
entity_0249,entity_0524,0,tabpfn,3.5762659535976127e-06,0
entity_0308,entity_0305,1,tabpfn,0.997913658618927,1
entity_0258,entity_0819,0,tabpfn,3.3974533835134935e-06,0
entity_0301,entity_0305,1,tabpfn,0.9977385997772217,1
entity_0478,entity_0474,1,tabpfn,0.9978832006454468,1
entity_0580,entity_0571,1,tabpfn,0.9788740873336792,1
entity_0800,entity_0555,0,tabpfn,3.5762659535976127e-06,0
entity_0085,entity_0086,1,tabpfn,0.9976480007171631,1
entity_0444,entity_0300,0,tabpfn,5.3047856454213616e-06,0
entity_0513,entity_0940,0,tabpfn,3.159036396027659e-06,0
entity_0801,entity_0808,1,tabpfn,0.9820684790611267,1
entity_0604,entity_0602,1,tabpfn,0.9979403018951416,1
entity_0920,entity_0136,0,tabpfn,3.695474333653692e-06,0
entity_0146,entity_0993,0,tabpfn,3.063584881601855e-05,0
entity_0375,entity_0374,1,tabpfn,0.9989853501319885,1
entity_0597,entity_0274,0,tabpfn,3.5166615361958975e-06,0
entity_0478,entity_0475,1,tabpfn,0.9989863038063049,1
entity_0370,entity_0357,0,tabpfn,0.14306640625,0
entity_0216,entity_0217,1,tabpfn,0.9959911704063416,1
entity_0567,entity_0564,1,tabpfn,0.9983980655670166,1
entity_0711,entity_0170,0,tabpfn,3.5166615361958975e-06,0
entity_0977,entity_0442,0,tabpfn,1.2755231182381976e-05,0
entity_0068,entity_0460,0,tabpfn,2.5629929041315336e-06,0
entity_0220,entity_0435,0,tabpfn,4.768348844663706e-06,0
entity_0156,entity_0059,0,tabpfn,2.4973720428533852e-05,0
entity_0873,entity_0871,1,tabpfn,0.9980906844139099,1
entity_0896,entity_0612,0,tabpfn,3.4570573461678578e-06,0
entity_0981,entity_0984,1,tabpfn,0.9952120780944824,1
entity_0366,entity_0434,0,tabpfn,1.1443960829637945e-05,0
entity_0878,entity_0845,0,tabpfn,0.00018235694733448327,0
entity_0897,entity_0007,0,tabpfn,8.344580237462651e-06,0
entity_0330,entity_0636,0,tabpfn,2.622597548906924e-06,0
entity_0143,entity_0431,0,tabpfn,3.0398275612242287e-06,0
entity_0897,entity_0378,0,tabpfn,2.980223371196189e-06,0
entity_0319,entity_0616,0,tabpfn,1.7881361600302625e-06,0
entity_0456,entity_0132,0,tabpfn,2.2649712718703086e-06,0
entity_0463,entity_0465,1,tabpfn,0.9990024566650391,1
entity_0426,entity_0422,1,tabpfn,0.9980716109275818,1
entity_0738,entity_0156,0,tabpfn,3.7550782963080565e-06,0
entity_0488,entity_0076,0,tabpfn,2.980223371196189e-06,0
entity_0309,entity_0154,0,tabpfn,2.1457626644405536e-06,0
entity_0530,entity_0524,1,tabpfn,0.9962856769561768,1
entity_0172,entity_0178,1,tabpfn,0.9897234439849854,1
entity_0722,entity_0730,1,tabpfn,0.9624794125556946,1
entity_0890,entity_0886,1,tabpfn,0.9971578121185303,1
entity_0666,entity_0662,1,tabpfn,0.9968003630638123,1
entity_0601,entity_0610,1,tabpfn,0.7421875,1
entity_0743,entity_0430,0,tabpfn,4.887556769972434e-06,0
entity_0103,entity_0108,1,tabpfn,0.9951893091201782,1
entity_0905,entity_0618,0,tabpfn,3.2186403586820234e-06,0
entity_0197,entity_0988,0,tabpfn,1.954994149855338e-05,0
entity_0158,entity_0155,1,tabpfn,0.9953867793083191,1
entity_0296,entity_0293,1,tabpfn,0.9981287121772766,1
entity_0081,entity_0082,1,tabpfn,0.9975243210792542,1
entity_0703,entity_0701,1,tabpfn,0.9981306195259094,1
entity_0055,entity_0057,1,tabpfn,0.9953640103340149,1
entity_0689,entity_0966,0,tabpfn,2.3245756892720237e-06,0
entity_0990,entity_0350,0,tabpfn,7.867751264711842e-06,0
entity_0963,entity_0129,0,tabpfn,3.3974533835134935e-06,0
entity_0333,entity_0339,1,tabpfn,0.9926984906196594,1
entity_0313,entity_0534,0,tabpfn,3.2186403586820234e-06,0
entity_0979,entity_0049,0,tabpfn,6.25844904789119e-06,0
entity_0156,entity_0158,1,tabpfn,0.9978013634681702,1
entity_0118,entity_0112,1,tabpfn,0.9966352581977844,1
entity_0819,entity_0813,1,tabpfn,0.9963198900222778,1
entity_0290,entity_0289,1,tabpfn,0.9963046908378601,1
entity_0115,entity_0799,0,tabpfn,6.25844904789119e-06,0
entity_0652,entity_0192,0,tabpfn,4.11270366384997e-06,0
entity_0127,entity_0271,0,tabpfn,2.443784524075454e-06,0
entity_0780,entity_0712,0,tabpfn,1.1801580512837972e-05,0
entity_0160,entity_0157,1,tabpfn,0.9963311553001404,1
entity_0916,entity_0913,1,tabpfn,0.9938828349113464,1
entity_0249,entity_0245,1,tabpfn,0.9962799549102783,1
entity_0601,entity_0184,0,tabpfn,3.7550782963080565e-06,0
entity_0880,entity_0879,1,tabpfn,0.9977184534072876,1
entity_0985,entity_0298,0,tabpfn,6.437260253733257e-06,0
entity_0405,entity_0729,0,tabpfn,1.907344994833693e-06,0
entity_0240,entity_0706,0,tabpfn,2.622597548906924e-06,0
entity_0993,entity_0995,1,tabpfn,0.9980944395065308,1
entity_0054,entity_0689,0,tabpfn,4.17230785387801e-06,0
entity_0534,entity_0538,1,tabpfn,0.9974730014801025,1
entity_0216,entity_0215,1,tabpfn,0.9974546432495117,1
entity_0789,entity_0061,0,tabpfn,4.2915162339340895e-06,0
entity_0777,entity_0969,0,tabpfn,4.231911589158699e-06,0
entity_0975,entity_0200,0,tabpfn,3.99349482904654e-06,0
entity_0806,entity_0917,0,tabpfn,4.053099473821931e-06,0
entity_0625,entity_0621,1,tabpfn,0.9978603720664978,1
entity_0714,entity_0711,1,tabpfn,0.9964718222618103,1
entity_0934,entity_0915,0,tabpfn,0.09553751349449158,0
entity_0796,entity_0800,1,tabpfn,0.9935651421546936,1
entity_0219,entity_0186,0,tabpfn,0.0001318280992563814,0
entity_0112,entity_0113,1,tabpfn,0.9983591437339783,1
entity_0411,entity_0205,0,tabpfn,2.741806156336679e-06,0
entity_0316,entity_0317,1,tabpfn,0.9975433945655823,1
entity_0484,entity_0489,1,tabpfn,0.9950830340385437,1
entity_0638,entity_0640,1,tabpfn,0.9980335235595703,1
entity_0431,entity_1000,0,tabpfn,4.350949893705547e-05,0
entity_0121,entity_0053,0,tabpfn,0.00015649730630684644,0
entity_0234,entity_0821,0,tabpfn,4.2915162339340895e-06,0
entity_0050,entity_0046,1,tabpfn,0.9931261539459229,1
entity_0503,entity_0504,1,tabpfn,0.9989433884620667,1
entity_0166,entity_0017,0,tabpfn,1.45433214129298e-05,0
entity_0887,entity_0694,0,tabpfn,1.7881361600302625e-06,0
entity_0121,entity_0129,1,tabpfn,0.9727007746696472,1
entity_0851,entity_0853,1,tabpfn,0.9983734488487244,1
entity_0918,entity_0723,0,tabpfn,2.443784524075454e-06,0
entity_0725,entity_0727,1,tabpfn,0.9958012700080872,1
entity_0334,entity_0306,0,tabpfn,0.00010864745854632929,0
entity_0088,entity_0085,1,tabpfn,0.9968858957290649,1
entity_0935,entity_0342,0,tabpfn,4.768348844663706e-06,0
entity_0794,entity_0791,1,tabpfn,0.9963710904121399,1
entity_0685,entity_0306,0,tabpfn,5.483597306010779e-06,0
entity_0205,entity_0204,1,tabpfn,0.9968117475509644,1
entity_0448,entity_0513,0,tabpfn,4.8694626457290724e-05,0
entity_0519,entity_0181,0,tabpfn,2.622597548906924e-06,0
entity_0301,entity_0309,1,tabpfn,0.9784111380577087,1
entity_0105,entity_0256,0,tabpfn,2.384180106673739e-06,0
entity_0035,entity_0039,1,tabpfn,0.98700350522995,1
entity_0215,entity_0821,0,tabpfn,4.768348844663706e-06,0
entity_0470,entity_0462,1,tabpfn,0.9917597770690918,1
entity_0977,entity_0108,0,tabpfn,4.17230785387801e-06,0
entity_0301,entity_0307,1,tabpfn,0.9931678771972656,1
entity_0384,entity_0431,0,tabpfn,8.433345647063106e-05,0
entity_0835,entity_0838,1,tabpfn,0.9978851079940796,1
entity_0496,entity_0493,1,tabpfn,0.9982563257217407,1
entity_0836,entity_0018,0,tabpfn,1.0788325198518578e-05,0
entity_0426,entity_0423,1,tabpfn,0.9981201887130737,1
entity_0345,entity_0540,0,tabpfn,3.3378489661117783e-06,0
entity_0757,entity_0208,0,tabpfn,3.5762659535976127e-06,0
entity_0677,entity_0454,0,tabpfn,5.006765150028514e-06,0
entity_0767,entity_0633,0,tabpfn,2.622597548906924e-06,0
entity_0874,entity_0079,0,tabpfn,3.695474333653692e-06,0
entity_0434,entity_0898,0,tabpfn,3.3974533835134935e-06,0
entity_0638,entity_0633,1,tabpfn,0.9978945851325989,1
entity_0244,entity_0249,1,tabpfn,0.9907302260398865,1
entity_0292,entity_0291,1,tabpfn,0.9987614750862122,1
entity_0021,entity_0421,0,tabpfn,4.768348844663706e-06,0
entity_0627,entity_0645,0,tabpfn,0.002941097831353545,0
entity_0572,entity_0571,1,tabpfn,0.9990024566650391,1
entity_0207,entity_0206,1,tabpfn,0.997480571269989,1
entity_0587,entity_0588,1,tabpfn,0.9975528717041016,1
entity_0695,entity_0696,1,tabpfn,0.997913658618927,1
entity_0992,entity_0995,1,tabpfn,0.9987208843231201,1
entity_0481,entity_0994,0,tabpfn,1.0192289664701093e-05,0
entity_0427,entity_0560,0,tabpfn,1.740425250318367e-05,0
entity_0230,entity_0225,1,tabpfn,0.9933232069015503,1
entity_0263,entity_0265,1,tabpfn,0.9971197843551636,1
entity_0883,entity_0885,1,tabpfn,0.9964718222618103,1
entity_0328,entity_0323,1,tabpfn,0.9978774785995483,1
entity_0695,entity_0717,0,tabpfn,0.0005326034734025598,0
entity_0599,entity_0069,0,tabpfn,4.410724159242818e-06,0
entity_0304,entity_0308,1,tabpfn,0.9957877993583679,1
entity_0353,entity_0789,0,tabpfn,2.443784524075454e-06,0
entity_0779,entity_0639,0,tabpfn,2.741806156336679e-06,0
entity_0152,entity_0157,1,tabpfn,0.9952576756477356,1
entity_0475,entity_0474,1,tabpfn,0.9989462494850159,1
entity_0383,entity_0666,0,tabpfn,2.1457626644405536e-06,0
entity_0246,entity_0242,1,tabpfn,0.9951931238174438,1
entity_0332,entity_0331,1,tabpfn,0.9991272687911987,1
entity_0721,entity_0425,0,tabpfn,4.2915162339340895e-06,0
entity_0448,entity_0291,0,tabpfn,6.4968644437612966e-06,0
entity_0002,entity_0005,1,tabpfn,0.987830638885498,1
entity_0864,entity_0869,1,tabpfn,0.9960253834724426,1
entity_0577,entity_0192,0,tabpfn,2.741806156336679e-06,0
entity_0123,entity_0912,0,tabpfn,1.1205547707504593e-05,0
entity_0971,entity_0973,1,tabpfn,0.9978736639022827,1
entity_0218,entity_0734,0,tabpfn,2.980223371196189e-06,0
entity_0352,entity_0358,1,tabpfn,0.9915933012962341,1
entity_0120,entity_0340,0,tabpfn,1.9669496396090835e-06,0
entity_0155,entity_0362,0,tabpfn,4.708744654635666e-06,0
entity_0400,entity_0393,1,tabpfn,0.9902419447898865,1
entity_0374,entity_0372,1,tabpfn,0.9972453117370605,1
entity_0285,entity_0283,1,tabpfn,0.99837327003479,1
entity_0152,entity_0153,1,tabpfn,0.9964130520820618,1
entity_0987,entity_0376,0,tabpfn,6.437260253733257e-06,0
entity_0944,entity_0943,1,tabpfn,0.9980202317237854,1
entity_0025,entity_0023,1,tabpfn,0.9952576756477356,1
entity_0784,entity_0877,0,tabpfn,9.059824151336215e-06,0
entity_0755,entity_0144,0,tabpfn,3.874287358485162e-06,0
entity_0983,entity_0988,1,tabpfn,0.9950906038284302,1
entity_0457,entity_0460,1,tabpfn,0.9990129470825195,1
entity_0513,entity_0511,1,tabpfn,0.998382031917572,1
entity_0522,entity_0530,1,tabpfn,0.9577155113220215,1
entity_0742,entity_0328,0,tabpfn,5.125973075337242e-06,0
entity_0796,entity_0562,0,tabpfn,3.278244548710063e-06,0
entity_0117,entity_0886,0,tabpfn,8.702202649146784e-06,0
entity_0197,entity_0320,0,tabpfn,2.3245756892720237e-06,0
entity_0250,entity_0244,1,tabpfn,0.9914605617523193,1
entity_0941,entity_0169,0,tabpfn,3.099431978625944e-06,0
entity_0333,entity_0950,0,tabpfn,4.649140464607626e-06,0
entity_0539,entity_0531,1,tabpfn,0.9549615383148193,1
entity_0196,entity_0995,0,tabpfn,2.5510136765660718e-05,0
entity_0469,entity_0019,0,tabpfn,4.410724159242818e-06,0
entity_0487,entity_0486,1,tabpfn,0.9988272190093994,1
entity_0553,entity_0559,1,tabpfn,0.9936220049858093,1
entity_0181,entity_0376,0,tabpfn,3.278244548710063e-06,0
entity_0613,entity_0096,0,tabpfn,3.8146827137097716e-06,0
entity_0658,entity_0659,1,tabpfn,0.9976975321769714,1
entity_0658,entity_0766,0,tabpfn,5.602805231319508e-06,0
entity_0033,entity_0031,1,tabpfn,0.9920058846473694,1
entity_0337,entity_0340,1,tabpfn,0.9980887770652771,1
entity_0075,entity_0071,1,tabpfn,0.9956320524215698,1
entity_0169,entity_0993,0,tabpfn,3.939712041756138e-05,0
entity_0314,entity_0372,0,tabpfn,8.379710925510153e-05,0
entity_0300,entity_0297,1,tabpfn,0.9987084865570068,1
entity_0958,entity_0206,0,tabpfn,3.635870370999328e-06,0
entity_0930,entity_0929,1,tabpfn,0.9964529871940613,1
entity_0460,entity_0827,0,tabpfn,1.7881361600302625e-06,0
entity_0895,entity_0868,0,tabpfn,0.0004072519368492067,0
entity_0237,entity_0712,0,tabpfn,2.384180106673739e-06,0
entity_0073,entity_0077,1,tabpfn,0.9957118034362793,1
entity_0238,entity_0235,1,tabpfn,0.9958962202072144,1
entity_0427,entity_0596,0,tabpfn,4.887556769972434e-06,0
entity_0373,entity_0378,1,tabpfn,0.9975319504737854,1
entity_0195,entity_0196,1,tabpfn,0.9966314435005188,1
entity_0940,entity_0933,1,tabpfn,0.9916084408760071,1
entity_0715,entity_0711,1,tabpfn,0.9966485500335693,1
entity_0381,entity_0724,0,tabpfn,1.7881361600302625e-06,0
entity_0772,entity_0858,0,tabpfn,1.8834713046089746e-05,0
entity_0481,entity_0486,1,tabpfn,0.9962780475616455,1
entity_0263,entity_0641,0,tabpfn,1.7881361600302625e-06,0
entity_0615,entity_0803,0,tabpfn,3.3378489661117783e-06,0
entity_0091,entity_0805,0,tabpfn,5.245181455393322e-06,0
entity_0151,entity_0444,0,tabpfn,2.9206191811681492e-06,0
entity_0148,entity_0341,0,tabpfn,2.9206191811681492e-06,0
entity_0370,entity_0631,0,tabpfn,1.7881361600302625e-06,0
entity_0978,entity_0976,1,tabpfn,0.9975928664207458,1
entity_0657,entity_0656,1,tabpfn,0.9987500905990601,1
entity_0792,entity_0791,1,tabpfn,0.9964016079902649,1
entity_0353,entity_0675,0,tabpfn,1.430509428246296e-06,0
entity_0850,entity_0848,1,tabpfn,0.9985037446022034,1
entity_0250,entity_0966,0,tabpfn,6.1988448578631505e-06,0
entity_0856,entity_0880,0,tabpfn,0.002111100824549794,0
entity_0359,entity_0355,1,tabpfn,0.9983161687850952,1
entity_0045,entity_0050,1,tabpfn,0.9822120666503906,1
entity_0088,entity_0082,1,tabpfn,0.9930352568626404,1
entity_0455,entity_0454,1,tabpfn,0.9989481568336487,1
entity_0490,entity_0579,0,tabpfn,9.298238182964269e-06,0
entity_0839,entity_0075,0,tabpfn,3.278244548710063e-06,0
entity_0797,entity_0208,0,tabpfn,4.649140464607626e-06,0
entity_0045,entity_0806,0,tabpfn,5.722013156628236e-06,0
entity_0656,entity_0660,1,tabpfn,0.9975833296775818,1
entity_0139,entity_0160,0,tabpfn,0.013724547810852528,0
entity_0640,entity_0633,1,tabpfn,0.993916928768158,1
entity_0563,entity_0495,0,tabpfn,2.0622781448764727e-05,0
entity_0429,entity_0424,1,tabpfn,0.9967794418334961,1
entity_0138,entity_0131,1,tabpfn,0.9903930425643921,1
entity_0534,entity_0437,0,tabpfn,1.7523458154755645e-05,0
entity_0964,entity_0325,0,tabpfn,5.722013156628236e-06,0
entity_0817,entity_0248,0,tabpfn,3.695474333653692e-06,0
entity_0785,entity_0786,1,tabpfn,0.9957574009895325,1
entity_0952,entity_0955,1,tabpfn,0.9973518252372742,1
entity_0361,entity_0117,0,tabpfn,1.84774046374514e-06,0
entity_0519,entity_0830,0,tabpfn,2.9206191811681492e-06,0
entity_0166,entity_0891,0,tabpfn,8.88101385498885e-06,0
entity_0513,entity_0438,0,tabpfn,1.561617318657227e-05,0
entity_0051,entity_0337,0,tabpfn,1.907344994833693e-06,0
entity_0359,entity_0910,0,tabpfn,3.695474333653692e-06,0
entity_0201,entity_0145,0,tabpfn,5.638281436404213e-05,0
entity_0678,entity_0671,1,tabpfn,0.9926643967628479,1
entity_0763,entity_0769,1,tabpfn,0.9880492687225342,1
entity_0060,entity_0057,1,tabpfn,0.99525386095047,1
entity_0884,entity_0873,0,tabpfn,0.7561630606651306,1
entity_0466,entity_0462,1,tabpfn,0.9977831840515137,1
entity_0728,entity_0730,1,tabpfn,0.9963691830635071,1
entity_0146,entity_0234,0,tabpfn,1.0669116818462498e-05,0
entity_0224,entity_0038,0,tabpfn,4.410724159242818e-06,0
entity_0655,entity_0652,1,tabpfn,0.9977679252624512,1
entity_0222,entity_0226,1,tabpfn,0.9963560104370117,1
entity_0043,entity_0041,1,tabpfn,0.9940117001533508,1
entity_0336,entity_0337,1,tabpfn,0.9990496635437012,1
entity_0969,entity_0267,0,tabpfn,4.053099473821931e-06,0
entity_0326,entity_0397,0,tabpfn,1.8953916878672317e-05,0
entity_0971,entity_0975,1,tabpfn,0.9963256120681763,1
entity_0303,entity_0158,0,tabpfn,2.503388714103494e-06,0
entity_0473,entity_0475,1,tabpfn,0.9989519715309143,1
entity_0584,entity_0587,1,tabpfn,0.9954915642738342,1
entity_0229,entity_0227,1,tabpfn,0.996188759803772,1
entity_0156,entity_0660,0,tabpfn,3.4570573461678578e-06,0
entity_0944,entity_0950,1,tabpfn,0.9808672070503235,1
entity_0566,entity_0668,0,tabpfn,5.185576810617931e-06,0
entity_0372,entity_0379,1,tabpfn,0.973942756652832,1
entity_0980,entity_0972,1,tabpfn,0.9860504865646362,1
entity_0927,entity_0928,1,tabpfn,0.9960063695907593,1
entity_0006,entity_0005,1,tabpfn,0.9907906651496887,1
entity_0519,entity_0520,1,tabpfn,0.9990091323852539,1
entity_0743,entity_0961,0,tabpfn,2.384180106673739e-06,0
entity_0205,entity_0206,1,tabpfn,0.9962913990020752,1
entity_0459,entity_0491,0,tabpfn,9.750368917593732e-05,0
entity_0356,entity_0351,1,tabpfn,0.9976937174797058,1
entity_0685,entity_0008,0,tabpfn,8.582995178585406e-06,0
entity_0164,entity_0826,0,tabpfn,6.25844904789119e-06,0
entity_0673,entity_0070,0,tabpfn,4.17230785387801e-06,0
entity_0539,entity_0448,0,tabpfn,1.9132725356030278e-05,0
entity_0407,entity_0408,1,tabpfn,0.9987313747406006,1
entity_0320,entity_0113,0,tabpfn,1.728531856315385e-06,0
entity_0056,entity_0057,1,tabpfn,0.9959759712219238,1
entity_0686,entity_0018,0,tabpfn,5.781617346656276e-06,0
entity_0370,entity_0362,1,tabpfn,0.9932625889778137,1
entity_0027,entity_0547,0,tabpfn,1.1682373951771297e-05,0
entity_0964,entity_0966,1,tabpfn,0.9973189234733582,1
entity_0686,entity_0685,1,tabpfn,0.9984999299049377,1
entity_0111,entity_0118,1,tabpfn,0.9944896697998047,1
entity_0161,entity_0784,0,tabpfn,6.25844904789119e-06,0
entity_0996,entity_0618,0,tabpfn,6.914091045473469e-06,0
entity_0723,entity_0730,1,tabpfn,0.9733951687812805,1
entity_0252,entity_0254,1,tabpfn,0.9957346320152283,1
entity_0549,entity_0547,1,tabpfn,0.9985998868942261,1
entity_0677,entity_0678,1,tabpfn,0.9982772469520569,1
entity_0914,entity_0916,1,tabpfn,0.9941558241844177,1
entity_0719,entity_0328,0,tabpfn,5.781617346656276e-06,0
entity_0201,entity_0425,0,tabpfn,4.470327894523507e-06,0
entity_0045,entity_0047,1,tabpfn,0.9954383969306946,1
entity_0340,entity_0845,0,tabpfn,2.6822019663086394e-06,0
entity_0474,entity_0452,0,tabpfn,0.0008669850649312139,0
entity_0898,entity_0139,0,tabpfn,3.5762659535976127e-06,0
entity_0432,entity_0440,1,tabpfn,0.9612895250320435,1
entity_0230,entity_0227,1,tabpfn,0.9959189891815186,1
entity_0520,entity_0513,1,tabpfn,0.9869218468666077,1
entity_0002,entity_0001,1,tabpfn,0.9855169653892517,1
entity_0439,entity_0435,1,tabpfn,0.9987805485725403,1
entity_0974,entity_0899,0,tabpfn,4.768144208355807e-05,0
entity_0414,entity_0543,0,tabpfn,1.156316739070462e-05,0
entity_0722,entity_0725,1,tabpfn,0.9963788390159607,1
entity_0182,entity_0813,0,tabpfn,5.900824817217654e-06,0
entity_0739,entity_0734,1,tabpfn,0.9927893877029419,1
entity_0588,entity_0416,0,tabpfn,7.6293363235890865e-06,0
entity_0286,entity_0289,1,tabpfn,0.9965915083885193,1
entity_0853,entity_0927,0,tabpfn,8.344580237462651e-06,0
entity_0266,entity_0393,0,tabpfn,3.5762659535976127e-06,0
entity_0122,entity_0428,0,tabpfn,2.861014763766434e-06,0
entity_0198,entity_0949,0,tabpfn,7.92735499999253e-06,0
entity_0588,entity_0585,1,tabpfn,0.9984580278396606,1
entity_0822,entity_0577,0,tabpfn,3.099431978625944e-06,0
entity_0708,entity_0704,1,tabpfn,0.9973099827766418,1
entity_0459,entity_0058,0,tabpfn,3.3974533835134935e-06,0
entity_0804,entity_0480,0,tabpfn,4.2915162339340895e-06,0
entity_0824,entity_0829,1,tabpfn,0.9928575754165649,1
entity_0387,entity_0719,0,tabpfn,1.7881361600302625e-06,0
entity_0799,entity_0796,1,tabpfn,0.9969771504402161,1
entity_0240,entity_0043,0,tabpfn,2.503388714103494e-06,0
entity_0405,entity_0406,1,tabpfn,0.998349666595459,1
entity_0990,entity_0989,1,tabpfn,0.9988110065460205,1
entity_0684,entity_0611,0,tabpfn,1.037110087054316e-05,0
entity_0643,entity_0647,1,tabpfn,0.9978527426719666,1
entity_0403,entity_0406,1,tabpfn,0.9979821443557739,1
entity_0527,entity_0078,0,tabpfn,3.099431978625944e-06,0
entity_0390,entity_0387,1,tabpfn,0.9968516826629639,1
entity_0543,entity_0542,1,tabpfn,0.99880051612854,1
entity_0211,entity_0217,1,tabpfn,0.9921647906303406,1
entity_0697,entity_0694,1,tabpfn,0.9974184632301331,1
entity_0849,entity_0964,0,tabpfn,6.377656063705217e-06,0
entity_0336,entity_0623,0,tabpfn,1.9669496396090835e-06,0
entity_0457,entity_0454,1,tabpfn,0.9986646771430969,1
entity_0891,entity_0551,0,tabpfn,4.231911589158699e-06,0
entity_0295,entity_0298,1,tabpfn,0.9980925917625427,1
entity_0673,entity_0677,1,tabpfn,0.9979783296585083,1
entity_0605,entity_0908,0,tabpfn,2.384180106673739e-06,0
entity_0659,entity_0652,1,tabpfn,0.994693398475647,1
entity_0650,entity_0644,1,tabpfn,0.9952766299247742,1
entity_0081,entity_0348,0,tabpfn,1.7881361600302625e-06,0
entity_0572,entity_0887,0,tabpfn,3.0398275612242287e-06,0
entity_0117,entity_0111,1,tabpfn,0.9957138895988464,1
entity_0338,entity_0337,1,tabpfn,0.9972224831581116,1
entity_0345,entity_0349,1,tabpfn,0.9954156279563904,1
entity_0457,entity_0451,1,tabpfn,0.9973379373550415,1
entity_0060,entity_0126,0,tabpfn,1.1682373951771297e-05,0
entity_0814,entity_0820,1,tabpfn,0.9912109375,1
entity_0588,entity_0939,0,tabpfn,2.801410346364719e-06,0
entity_0990,entity_0988,1,tabpfn,0.9986932873725891,1
entity_0993,entity_0059,0,tabpfn,1.1622770216490608e-05,0
entity_0410,entity_0407,1,tabpfn,0.9978945851325989,1
entity_0311,entity_0670,0,tabpfn,2.3245756892720237e-06,0
entity_0724,entity_0063,0,tabpfn,4.589536729326937e-06,0
entity_0963,entity_0962,1,tabpfn,0.9987151622772217,1
entity_0664,entity_0378,0,tabpfn,5.543201496038819e-06,0
entity_0969,entity_0264,0,tabpfn,4.827953034691745e-06,0
entity_0660,entity_0652,1,tabpfn,0.9802197813987732,1
entity_0772,entity_0776,1,tabpfn,0.9884169697761536,1
entity_0514,entity_0405,0,tabpfn,1.3947292245575227e-05,0
entity_0474,entity_0477,1,tabpfn,0.9978089928627014,1
entity_0100,entity_0097,1,tabpfn,0.9972447752952576,1
entity_0920,entity_0914,1,tabpfn,0.9869519472122192,1
entity_0476,entity_0475,1,tabpfn,0.9989510178565979,1
entity_0354,entity_0359,1,tabpfn,0.9970417618751526,1
entity_0718,entity_0714,1,tabpfn,0.996699869632721,1
entity_0240,entity_0743,0,tabpfn,2.801410346364719e-06,0
entity_0095,entity_0962,0,tabpfn,8.761805474932771e-06,0
entity_0449,entity_0700,0,tabpfn,2.980223371196189e-06,0
entity_0883,entity_0888,1,tabpfn,0.9948528409004211,1
entity_0491,entity_0499,1,tabpfn,0.97998046875,1
entity_0834,entity_0835,1,tabpfn,0.9985218048095703,1
entity_0533,entity_0531,1,tabpfn,0.998598039150238,1
entity_0979,entity_0676,0,tabpfn,3.3974533835134935e-06,0
entity_0661,entity_0669,1,tabpfn,0.9855921864509583,1
entity_0437,entity_0284,0,tabpfn,7.867751264711842e-06,0
entity_0916,entity_0544,0,tabpfn,5.0663693400565535e-06,0
entity_0022,entity_0579,0,tabpfn,4.231911589158699e-06,0
entity_0753,entity_0757,1,tabpfn,0.9938790202140808,1
entity_0598,entity_0502,0,tabpfn,2.169561957998667e-05,0
entity_0302,entity_0309,1,tabpfn,0.9944543838500977,1
entity_0663,entity_0711,0,tabpfn,1.7165843019029126e-05,0
entity_0262,entity_0471,0,tabpfn,3.5166615361958975e-06,0
entity_0237,entity_0393,0,tabpfn,3.5166615361958975e-06,0
entity_0256,entity_0577,0,tabpfn,2.622597548906924e-06,0
entity_0674,entity_0676,1,tabpfn,0.9988281726837158,1
entity_0728,entity_0725,1,tabpfn,0.9961260557174683,1
entity_0645,entity_0679,0,tabpfn,0.00011109071783721447,0
entity_0999,entity_0222,0,tabpfn,8.940616680774838e-06,0
entity_0671,entity_0015,0,tabpfn,7.390921382466331e-06,0
entity_0619,entity_0615,1,tabpfn,0.997936487197876,1
entity_0951,entity_0959,1,tabpfn,0.9617086052894592,1
entity_0127,entity_0123,1,tabpfn,0.9975700378417969,1
entity_0058,entity_0055,1,tabpfn,0.9952197074890137,1
entity_0526,entity_0865,0,tabpfn,3.099431978625944e-06,0
entity_0436,entity_0435,1,tabpfn,0.9988567233085632,1
entity_0362,entity_0363,1,tabpfn,0.9989805817604065,1
entity_0972,entity_0978,1,tabpfn,0.9814153909683228,1
entity_0482,entity_0470,0,tabpfn,0.46302172541618347,0
entity_0744,entity_0750,1,tabpfn,0.9863432049751282,1
entity_0622,entity_0537,0,tabpfn,1.561617318657227e-05,0
entity_0787,entity_0781,1,tabpfn,0.9920361042022705,1
entity_0260,entity_0962,0,tabpfn,5.841221081936965e-06,0
entity_0902,entity_0910,1,tabpfn,0.9083139896392822,1
entity_0913,entity_0203,0,tabpfn,3.2186403586820234e-06,0
entity_0112,entity_0114,1,tabpfn,0.9980049729347229,1
entity_0239,entity_0236,1,tabpfn,0.9959873557090759,1
entity_0060,entity_0263,0,tabpfn,1.9669496396090835e-06,0
entity_0574,entity_0571,1,tabpfn,0.9986227750778198,1
entity_0031,entity_0036,1,tabpfn,0.9815801382064819,1
entity_0260,entity_0005,0,tabpfn,7.390921382466331e-06,0
entity_0283,entity_0288,1,tabpfn,0.9956700205802917,1
entity_0161,entity_0892,0,tabpfn,1.209959555126261e-05,0
entity_0745,entity_0748,1,tabpfn,0.9952994585037231,1
entity_0037,entity_0031,1,tabpfn,0.9891974329948425,1
entity_0333,entity_0591,0,tabpfn,2.2649712718703086e-06,0
entity_0813,entity_0115,0,tabpfn,3.5762659535976127e-06,0
entity_0165,entity_0166,1,tabpfn,0.9975890517234802,1
entity_0966,entity_0968,1,tabpfn,0.9974786639213562,1
entity_0846,entity_0993,0,tabpfn,1.0609513992676511e-05,0
entity_0943,entity_0818,0,tabpfn,7.271713911904953e-06,0
entity_0924,entity_0921,1,tabpfn,0.9944316744804382,1
entity_0672,entity_0673,1,tabpfn,0.9981268048286438,1
entity_0799,entity_0583,0,tabpfn,3.5166615361958975e-06,0
entity_0405,entity_0559,0,tabpfn,6.437260253733257e-06,0
entity_0310,entity_0305,1,tabpfn,0.9930466413497925,1
entity_0657,entity_0011,0,tabpfn,6.079636932554422e-06,0
entity_0445,entity_0376,0,tabpfn,2.026516813202761e-05,0
entity_0285,entity_0810,0,tabpfn,2.741806156336679e-06,0
entity_0256,entity_0148,0,tabpfn,6.079636932554422e-06,0
entity_0729,entity_0636,0,tabpfn,1.1443960829637945e-05,0
entity_0939,entity_0132,0,tabpfn,2.980223371196189e-06,0
entity_0873,entity_0874,1,tabpfn,0.9977157711982727,1
entity_0424,entity_0759,0,tabpfn,1.6689273252268322e-06,0
entity_0352,entity_0760,0,tabpfn,2.086158019665163e-06,0
entity_0916,entity_0911,1,tabpfn,0.993758499622345,1
entity_0336,entity_0964,0,tabpfn,4.887556769972434e-06,0
entity_0630,entity_0352,0,tabpfn,8.463787708024029e-06,0
entity_0888,entity_0255,0,tabpfn,3.159036396027659e-06,0
entity_0844,entity_0845,1,tabpfn,0.9979422092437744,1
entity_0144,entity_0147,1,tabpfn,0.9956966042518616,1
entity_0009,entity_0156,0,tabpfn,1.3470467820297927e-05,0
entity_0950,entity_0155,0,tabpfn,4.410724159242818e-06,0
entity_0398,entity_0395,1,tabpfn,0.9981458783149719,1
entity_0872,entity_0871,1,tabpfn,0.9978470206260681,1
entity_0484,entity_0488,1,tabpfn,0.9978222846984863,1
entity_0476,entity_0478,1,tabpfn,0.9982534646987915,1
entity_0262,entity_0261,1,tabpfn,0.9976910352706909,1
entity_0250,entity_0381,0,tabpfn,3.159036396027659e-06,0
entity_0177,entity_0326,0,tabpfn,2.2649712718703086e-06,0
entity_0847,entity_0377,0,tabpfn,2.622597548906924e-06,0
entity_0911,entity_0725,0,tabpfn,2.443784524075454e-06,0
entity_0270,entity_0312,0,tabpfn,8.665764471516013e-05,0
entity_0791,entity_0796,1,tabpfn,0.988190770149231,1
entity_0774,entity_0454,0,tabpfn,3.5762659535976127e-06,0
entity_0968,entity_0963,1,tabpfn,0.9981715679168701,1
entity_0506,entity_0650,0,tabpfn,4.2915162339340895e-06,0
entity_0202,entity_0085,0,tabpfn,6.616071459575323e-06,0
entity_0789,entity_0650,0,tabpfn,5.36438938070205e-06,0
entity_0303,entity_0029,0,tabpfn,2.801410346364719e-06,0
entity_0769,entity_0521,0,tabpfn,3.635870370999328e-06,0
entity_0965,entity_0591,0,tabpfn,5.543201496038819e-06,0
entity_0383,entity_0681,0,tabpfn,1.549718376736564e-06,0
entity_0934,entity_0937,1,tabpfn,0.9910445809364319,1
entity_0343,entity_0344,1,tabpfn,0.998240053653717,1
entity_0318,entity_0314,1,tabpfn,0.9958202242851257,1
entity_0590,entity_0719,0,tabpfn,4.231911589158699e-06,0
entity_0353,entity_0358,1,tabpfn,0.9949350357055664,1
entity_0584,entity_0766,0,tabpfn,3.695474333653692e-06,0
entity_0980,entity_0974,1,tabpfn,0.9956510663032532,1
entity_0819,entity_0820,1,tabpfn,0.998502790927887,1
entity_0212,entity_0580,0,tabpfn,2.3245756892720237e-06,0
entity_0857,entity_0854,1,tabpfn,0.9983961582183838,1
entity_0709,entity_0707,1,tabpfn,0.9971178770065308,1
entity_0967,entity_0962,1,tabpfn,0.9939093589782715,1
entity_0798,entity_0439,0,tabpfn,3.5166615361958975e-06,0
entity_0112,entity_0116,1,tabpfn,0.997173011302948,1
entity_0816,entity_0817,1,tabpfn,0.9982934594154358,1
entity_0057,entity_0863,0,tabpfn,6.616071459575323e-06,0
entity_0859,entity_0854,1,tabpfn,0.998242974281311,1
entity_0745,entity_0749,1,tabpfn,0.99128657579422,1
entity_0748,entity_0743,1,tabpfn,0.9922215938568115,1
entity_0608,entity_0607,1,tabpfn,0.9981449246406555,1
entity_0583,entity_0423,0,tabpfn,7.6293363235890865e-06,0
entity_0368,entity_0361,1,tabpfn,0.990707516670227,1
entity_0015,entity_0016,1,tabpfn,0.9906697273254395,1
entity_0630,entity_0622,1,tabpfn,0.9876814484596252,1
entity_0502,entity_0505,1,tabpfn,0.9975795149803162,1
entity_0590,entity_0583,1,tabpfn,0.9935689568519592,1
entity_0749,entity_0036,0,tabpfn,4.053099473821931e-06,0
entity_0402,entity_0403,1,tabpfn,0.9977880716323853,1
entity_0280,entity_0274,1,tabpfn,0.9943150877952576,1
entity_0713,entity_0712,1,tabpfn,0.9980049729347229,1
entity_0016,entity_0595,0,tabpfn,7.98695873527322e-06,0
entity_0915,entity_0919,1,tabpfn,0.9938562512397766,1
entity_0211,entity_0213,1,tabpfn,0.9961336255073547,1
entity_0889,entity_0261,0,tabpfn,3.159036396027659e-06,0
entity_0366,entity_0370,1,tabpfn,0.996897280216217,1
entity_0382,entity_0383,1,tabpfn,0.999081552028656,1
entity_0857,entity_0858,1,tabpfn,0.9979954957962036,1
entity_0220,entity_0278,0,tabpfn,4.4284286559559405e-05,0
entity_0553,entity_0264,0,tabpfn,3.278244548710063e-06,0
entity_0280,entity_0279,1,tabpfn,0.9960861802101135,1
entity_0124,entity_0030,0,tabpfn,3.427149567869492e-05,0
entity_0674,entity_0321,0,tabpfn,4.470327894523507e-06,0
entity_0822,entity_0468,0,tabpfn,3.8146827137097716e-06,0
entity_0035,entity_0790,0,tabpfn,5.900824817217654e-06,0
entity_0896,entity_0822,0,tabpfn,2.890741961891763e-05,0
entity_0499,entity_0691,0,tabpfn,2.622597548906924e-06,0
entity_0384,entity_0404,0,tabpfn,0.0058290353044867516,0
entity_0531,entity_0495,0,tabpfn,0.0002459874376654625,0
entity_0393,entity_0392,1,tabpfn,0.9990339279174805,1
entity_0353,entity_0502,0,tabpfn,1.239761240867665e-05,0
entity_0906,entity_0901,1,tabpfn,0.9943302869796753,1
entity_0310,entity_0307,1,tabpfn,0.998079240322113,1
entity_0644,entity_0575,0,tabpfn,1.0847928024304565e-05,0
entity_0655,entity_0656,1,tabpfn,0.9987542033195496,1
entity_0576,entity_0575,1,tabpfn,0.9987967610359192,1
entity_0327,entity_0564,0,tabpfn,3.2186403586820234e-06,0
entity_0656,entity_0651,1,tabpfn,0.9982544183731079,1
entity_0098,entity_0096,1,tabpfn,0.996967613697052,1
entity_0704,entity_0702,1,tabpfn,0.9975985288619995,1
entity_0312,entity_0503,0,tabpfn,4.053099473821931e-06,0
entity_0609,entity_0664,0,tabpfn,1.4900939277140424e-05,0
entity_0938,entity_0935,1,tabpfn,0.9976632595062256,1
entity_0485,entity_0489,1,tabpfn,0.9967265129089355,1
entity_0762,entity_0764,1,tabpfn,0.9947844743728638,1
entity_0851,entity_0240,0,tabpfn,3.099431978625944e-06,0
entity_0741,entity_0742,1,tabpfn,0.9970855116844177,1
entity_0283,entity_0260,0,tabpfn,0.0002478938549757004,0
entity_0463,entity_0466,1,tabpfn,0.9984056353569031,1
entity_0102,entity_0919,0,tabpfn,1.0490307431609835e-05,0
entity_0029,entity_0384,0,tabpfn,7.6293363235890865e-06,0
entity_0826,entity_0447,0,tabpfn,3.0398275612242287e-06,0
entity_0687,entity_0323,0,tabpfn,5.36438938070205e-06,0
entity_0127,entity_0864,0,tabpfn,7.390921382466331e-06,0
entity_0784,entity_0743,0,tabpfn,4.315190017223358e-05,0
entity_0446,entity_0445,1,tabpfn,0.999163031578064,1
entity_0649,entity_0134,0,tabpfn,3.8146827137097716e-06,0
entity_0072,entity_0075,1,tabpfn,0.9955750703811646,1
entity_0641,entity_0649,1,tabpfn,0.98486328125,1
entity_0510,entity_0504,1,tabpfn,0.9958924055099487,1
entity_0136,entity_0139,1,tabpfn,0.9977679252624512,1
entity_0034,entity_0833,0,tabpfn,5.900824817217654e-06,0
entity_0275,entity_0278,1,tabpfn,0.9967984557151794,1
entity_0342,entity_0346,1,tabpfn,0.995003342628479,1
entity_0961,entity_0963,1,tabpfn,0.9972034692764282,1
entity_0517,entity_0047,0,tabpfn,4.231911589158699e-06,0
entity_0914,entity_0912,1,tabpfn,0.9965535402297974,1
entity_0707,entity_0703,1,tabpfn,0.9974178075790405,1
entity_0394,entity_0393,1,tabpfn,0.9989586472511292,1
entity_0577,entity_0837,0,tabpfn,3.099431978625944e-06,0
entity_0666,entity_0663,1,tabpfn,0.9987481832504272,1
entity_0878,entity_0874,1,tabpfn,0.9974843859672546,1
entity_0520,entity_0511,1,tabpfn,0.9785903096199036,1
entity_0607,entity_0610,1,tabpfn,0.9957042336463928,1
entity_0697,entity_0906,0,tabpfn,2.1457626644405536e-06,0
entity_0338,entity_0340,1,tabpfn,0.998826265335083,1
entity_0344,entity_0397,0,tabpfn,3.349668986629695e-05,0
entity_0759,entity_0154,0,tabpfn,4.053099473821931e-06,0
entity_0271,entity_0277,1,tabpfn,0.9919453263282776,1
entity_0699,entity_0438,0,tabpfn,5.36438938070205e-06,0
entity_0961,entity_0969,1,tabpfn,0.9609375,1
entity_0710,entity_0707,1,tabpfn,0.9977709054946899,1
entity_0454,entity_0270,0,tabpfn,2.384180106673739e-06,0
entity_0706,entity_0309,0,tabpfn,5.960429007245693e-06,0
entity_0501,entity_0505,1,tabpfn,0.997535765171051,1
entity_0511,entity_0512,1,tabpfn,0.9983276128768921,1
entity_0420,entity_0414,1,tabpfn,0.9949274063110352,1
entity_0085,entity_0036,0,tabpfn,0.0004036768223159015,0
entity_0320,entity_0639,0,tabpfn,2.861014763766434e-06,0
entity_0084,entity_0090,1,tabpfn,0.9904232621192932,1
entity_0067,entity_0313,0,tabpfn,3.695474333653692e-06,0
entity_0353,entity_0434,0,tabpfn,6.377656063705217e-06,0
entity_0121,entity_0127,1,tabpfn,0.9960747361183167,1
entity_0075,entity_0077,1,tabpfn,0.994488537311554,1
entity_0485,entity_0932,0,tabpfn,4.470327894523507e-06,0
entity_0998,entity_0997,1,tabpfn,0.9982467889785767,1
entity_0420,entity_0417,1,tabpfn,0.9986094236373901,1
entity_0910,entity_0908,1,tabpfn,0.996118426322937,1
entity_0331,entity_0338,1,tabpfn,0.9890993237495422,1
entity_0248,entity_0130,0,tabpfn,1.0251893399981782e-05,0
entity_0228,entity_0224,1,tabpfn,0.9934552907943726,1
entity_0869,entity_0865,1,tabpfn,0.9979497790336609,1
entity_0449,entity_0544,0,tabpfn,9.179030712402891e-06,0
entity_0081,entity_0584,0,tabpfn,3.5166615361958975e-06,0
entity_0666,entity_0670,1,tabpfn,0.9981687068939209,1
entity_0885,entity_0882,1,tabpfn,0.9967360496520996,1
entity_0913,entity_0460,0,tabpfn,5.841221081936965e-06,0
entity_0369,entity_0367,1,tabpfn,0.9989062547683716,1
entity_0198,entity_0409,0,tabpfn,3.874287358485162e-06,0
entity_0579,entity_0572,1,tabpfn,0.9956814050674438,1
entity_0660,entity_0651,1,tabpfn,0.9707327485084534,1
entity_0332,entity_0340,1,tabpfn,0.9795221090316772,1
entity_0181,entity_0188,1,tabpfn,0.9839468002319336,1
entity_0801,entity_0545,0,tabpfn,3.5166615361958975e-06,0
entity_0963,entity_0964,1,tabpfn,0.9980316758155823,1
entity_0623,entity_0630,1,tabpfn,0.9842548370361328,1
entity_0021,entity_0452,0,tabpfn,1.1801580512837972e-05,0
entity_0265,entity_0438,0,tabpfn,3.5762659535976127e-06,0
entity_0406,entity_0219,0,tabpfn,1.728531856315385e-06,0
entity_0599,entity_0594,1,tabpfn,0.9963712096214294,1
entity_0663,entity_0668,1,tabpfn,0.9946441054344177,1
entity_0826,entity_0824,1,tabpfn,0.9984399080276489,1
entity_0106,entity_0109,1,tabpfn,0.9975757002830505,1
entity_0987,entity_0989,1,tabpfn,0.9970589280128479,1
entity_0490,entity_0142,0,tabpfn,2.443784524075454e-06,0
entity_0284,entity_0206,0,tabpfn,1.4900939277140424e-05,0
entity_0434,entity_0382,0,tabpfn,3.2185471354750916e-05,0
entity_0068,entity_0593,0,tabpfn,3.4570573461678578e-06,0
entity_0301,entity_0308,1,tabpfn,0.9944289326667786,1
entity_0488,entity_0482,1,tabpfn,0.9972072839736938,1
entity_0432,entity_0439,1,tabpfn,0.9953184127807617,1
entity_0686,entity_0690,1,tabpfn,0.9947655200958252,1
entity_0325,entity_0321,1,tabpfn,0.9984390139579773,1
entity_0996,entity_0446,0,tabpfn,1.2874437743448652e-05,0
entity_0490,entity_0953,0,tabpfn,4.11270366384997e-06,0
entity_0461,entity_0468,1,tabpfn,0.9853365421295166,1
entity_0772,entity_0778,1,tabpfn,0.9856598973274231,1
entity_0587,entity_0578,0,tabpfn,0.9740467667579651,1
entity_0627,entity_0629,1,tabpfn,0.9974995851516724,1
entity_0549,entity_0112,0,tabpfn,3.8146827137097716e-06,0
entity_0365,entity_0615,0,tabpfn,3.099431978625944e-06,0
entity_0175,entity_0228,0,tabpfn,2.8371005100780167e-05,0
entity_0669,entity_0081,0,tabpfn,3.933891093765851e-06,0
entity_0912,entity_0436,0,tabpfn,4.649140464607626e-06,0
entity_0882,entity_0890,1,tabpfn,0.98550945520401,1
entity_0476,entity_0472,1,tabpfn,0.9987351894378662,1
entity_0837,entity_0835,1,tabpfn,0.9989300966262817,1
entity_0028,entity_0917,0,tabpfn,4.768348844663706e-06,0
entity_0907,entity_0418,0,tabpfn,3.695474333653692e-06,0
entity_0957,entity_0951,1,tabpfn,0.9946137070655823,1
entity_0114,entity_0730,0,tabpfn,5.543201496038819e-06,0
entity_0549,entity_0541,1,tabpfn,0.9861626029014587,1
entity_0421,entity_0430,1,tabpfn,0.9023988246917725,1
entity_0382,entity_0290,0,tabpfn,5.543201496038819e-06,0
entity_0806,entity_0808,1,tabpfn,0.9971901178359985,1
entity_0054,entity_0053,1,tabpfn,0.9960747361183167,1
entity_0499,entity_0498,1,tabpfn,0.9990453720092773,1
entity_0508,entity_0510,1,tabpfn,0.9985837340354919,1
entity_0068,entity_0064,1,tabpfn,0.9954953193664551,1
entity_0377,entity_0064,0,tabpfn,2.1457626644405536e-06,0
entity_0454,entity_0452,1,tabpfn,0.9989929795265198,1
entity_0404,entity_0409,1,tabpfn,0.997890830039978,1
entity_0870,entity_0862,1,tabpfn,0.9914798736572266,1
entity_0077,entity_0078,1,tabpfn,0.9970703125,1
entity_0552,entity_0556,1,tabpfn,0.9979821443557739,1
entity_0921,entity_0929,1,tabpfn,0.9562005996704102,1
entity_0692,entity_0693,1,tabpfn,0.9981516003608704,1
entity_0439,entity_0751,0,tabpfn,2.0265538296371233e-06,0
entity_0987,entity_0981,1,tabpfn,0.9005005359649658,1
entity_0376,entity_0377,1,tabpfn,0.9989882111549377,1
entity_0370,entity_0647,0,tabpfn,2.2649712718703086e-06,0
entity_0522,entity_0803,0,tabpfn,3.099431978625944e-06,0
entity_0528,entity_0523,1,tabpfn,0.9973195195198059,1
entity_0145,entity_0147,1,tabpfn,0.9983077645301819,1
entity_0217,entity_0214,1,tabpfn,0.9952652454376221,1
entity_0860,entity_0061,0,tabpfn,6.1988448578631505e-06,0
entity_0243,entity_0246,1,tabpfn,0.9942847490310669,1
entity_0508,entity_0972,0,tabpfn,2.992063673445955e-05,0
entity_0471,entity_0477,1,tabpfn,0.9911655783653259,1
entity_0635,entity_0013,0,tabpfn,1.4185704458213877e-05,0
entity_0600,entity_0593,1,tabpfn,0.9935159087181091,1
entity_0956,entity_0413,0,tabpfn,7.6293363235890865e-06,0
entity_0720,entity_0269,0,tabpfn,5.006765150028514e-06,0
entity_0066,entity_0641,0,tabpfn,4.053099473821931e-06,0
entity_0213,entity_0218,1,tabpfn,0.9874101281166077,1
entity_0539,entity_0533,1,tabpfn,0.9934287667274475,1
entity_0977,entity_0407,0,tabpfn,7.2121106313716155e-06,0
entity_0169,entity_0445,0,tabpfn,3.099431978625944e-06,0
entity_0800,entity_0872,0,tabpfn,2.592734745121561e-05,0
entity_0393,entity_0398,1,tabpfn,0.9935954809188843,1
entity_0337,entity_0333,1,tabpfn,0.9984685182571411,1
entity_0122,entity_0127,1,tabpfn,0.9967167377471924,1
entity_0256,entity_0253,1,tabpfn,0.9973157048225403,1
entity_0740,entity_0731,1,tabpfn,0.8394579291343689,1
entity_0944,entity_0347,0,tabpfn,4.708744654635666e-06,0
entity_0992,entity_0996,1,tabpfn,0.9951019883155823,1
entity_0594,entity_0871,0,tabpfn,2.384180106673739e-06,0
entity_0608,entity_0540,0,tabpfn,2.1636016754200682e-05,0
entity_0319,entity_0315,1,tabpfn,0.9986437559127808,1
entity_0402,entity_0406,1,tabpfn,0.9984342455863953,1
entity_0341,entity_0864,0,tabpfn,2.861014763766434e-06,0
entity_0027,entity_0021,1,tabpfn,0.9732336401939392,1
entity_0102,entity_0205,0,tabpfn,2.1457626644405536e-06,0
entity_0557,entity_0061,0,tabpfn,4.410724159242818e-06,0
entity_0434,entity_0577,0,tabpfn,9.477048479311634e-06,0
entity_0752,entity_0670,0,tabpfn,7.808146619936451e-06,0
entity_0541,entity_0987,0,tabpfn,8.582995178585406e-06,0
entity_0415,entity_0087,0,tabpfn,2.5629929041315336e-06,0
entity_0113,entity_0111,1,tabpfn,0.9981363415718079,1
entity_0557,entity_0560,1,tabpfn,0.9978288412094116,1
entity_0584,entity_0092,0,tabpfn,3.635870370999328e-06,0
entity_0796,entity_0792,1,tabpfn,0.9954231977462769,1
entity_0331,entity_0816,0,tabpfn,3.8146827137097716e-06,0
entity_0717,entity_0241,0,tabpfn,5.543201496038819e-06,0
entity_0842,entity_0845,1,tabpfn,0.9982210993766785,1
entity_0686,entity_0158,0,tabpfn,3.7550782963080565e-06,0
entity_0458,entity_0680,0,tabpfn,2.1457626644405536e-06,0
entity_0654,entity_0472,0,tabpfn,7.2121106313716155e-06,0
entity_0726,entity_0730,1,tabpfn,0.9935879111289978,1
entity_0699,entity_0697,1,tabpfn,0.9986856579780579,1
entity_0487,entity_0485,1,tabpfn,0.9982239603996277,1
entity_0835,entity_0839,1,tabpfn,0.9979269504547119,1
entity_0452,entity_0455,1,tabpfn,0.9988462328910828,1
entity_0723,entity_0728,1,tabpfn,0.9924487471580505,1
entity_0954,entity_0036,0,tabpfn,5.722013156628236e-06,0
entity_0113,entity_0856,0,tabpfn,7.450525572494371e-06,0
entity_0767,entity_0436,0,tabpfn,4.053099473821931e-06,0
entity_0341,entity_0342,1,tabpfn,0.998889148235321,1
entity_0592,entity_0244,0,tabpfn,3.2186403586820234e-06,0
entity_0096,entity_0801,0,tabpfn,5.006765150028514e-06,0
entity_0581,entity_0584,1,tabpfn,0.9962894916534424,1
entity_0956,entity_0959,1,tabpfn,0.9974710941314697,1
entity_0732,entity_0740,1,tabpfn,0.9701114296913147,1
entity_0100,entity_0706,0,tabpfn,4.649140464607626e-06,0
entity_0119,entity_0120,1,tabpfn,0.9976727962493896,1
entity_0428,entity_0263,0,tabpfn,2.443784524075454e-06,0
entity_0724,entity_0906,0,tabpfn,3.0398275612242287e-06,0
entity_0954,entity_0710,0,tabpfn,2.5629929041315336e-06,0
entity_0521,entity_0670,0,tabpfn,3.8146827137097716e-06,0
entity_0137,entity_0131,1,tabpfn,0.9936144351959229,1
entity_0135,entity_0133,1,tabpfn,0.997936487197876,1
entity_0866,entity_0466,0,tabpfn,3.278244548710063e-06,0
entity_0314,entity_0320,1,tabpfn,0.9968158602714539,1
entity_0541,entity_0283,0,tabpfn,3.099431978625944e-06,0
entity_0713,entity_0771,0,tabpfn,1.7821470464696176e-05,0
entity_0875,entity_0878,1,tabpfn,0.9977499842643738,1
entity_0853,entity_0296,0,tabpfn,3.4570573461678578e-06,0
entity_0593,entity_0297,0,tabpfn,4.351120423962129e-06,0
entity_0843,entity_0602,0,tabpfn,3.5762659535976127e-06,0
entity_0687,entity_0686,1,tabpfn,0.9988500475883484,1
entity_0149,entity_0144,1,tabpfn,0.9921875,1
entity_0880,entity_0874,1,tabpfn,0.993205726146698,1
entity_0042,entity_0083,0,tabpfn,0.00015125371282920241,0
entity_0227,entity_0226,1,tabpfn,0.9976061582565308,1
entity_0131,entity_0889,0,tabpfn,8.463787708024029e-06,0
entity_0877,entity_0879,1,tabpfn,0.995434582233429,1
entity_0776,entity_0765,0,tabpfn,0.9169921875,1
entity_0113,entity_0438,0,tabpfn,3.4570573461678578e-06,0
entity_0654,entity_0538,0,tabpfn,8.463787708024029e-06,0
entity_0692,entity_0496,0,tabpfn,4.768348844663706e-06,0
entity_0360,entity_0021,0,tabpfn,3.2186403586820234e-06,0
entity_0908,entity_0881,0,tabpfn,0.002729962579905987,0
entity_0487,entity_0147,0,tabpfn,2.443784524075454e-06,0
entity_0688,entity_0972,0,tabpfn,2.0265538296371233e-06,0
entity_0425,entity_0424,1,tabpfn,0.9988557696342468,1
entity_0310,entity_0036,0,tabpfn,2.1457626644405536e-06,0
entity_0101,entity_0352,0,tabpfn,2.205367081842269e-06,0
entity_0304,entity_0301,1,tabpfn,0.9983039498329163,1
entity_0400,entity_0398,1,tabpfn,0.9986361265182495,1
entity_0888,entity_0881,1,tabpfn,0.9928083419799805,1
entity_0113,entity_0118,1,tabpfn,0.9924221038818359,1
entity_0401,entity_0405,1,tabpfn,0.9942771792411804,1
entity_0544,entity_0548,1,tabpfn,0.9962438941001892,1
entity_0003,entity_0043,0,tabpfn,0.006370398681610823,0
entity_0857,entity_0377,0,tabpfn,2.443784524075454e-06,0
entity_0695,entity_0693,1,tabpfn,0.9984182119369507,1
entity_0430,entity_0429,1,tabpfn,0.9991087317466736,1
entity_0505,entity_0503,1,tabpfn,0.9989367723464966,1
entity_0790,entity_0821,0,tabpfn,9.517956641502678e-05,0
entity_0507,entity_0195,0,tabpfn,2.2649712718703086e-06,0
entity_0409,entity_0402,1,tabpfn,0.9902948141098022,1
entity_0480,entity_0475,1,tabpfn,0.9982801079750061,1
entity_0296,entity_0196,0,tabpfn,5.960429007245693e-06,0
entity_0493,entity_0283,0,tabpfn,3.159036396027659e-06,0
entity_0098,entity_0875,0,tabpfn,8.940616680774838e-06,0
entity_0956,entity_0897,0,tabpfn,6.526282231789082e-05,0
entity_0508,entity_0502,1,tabpfn,0.994125485420227,1
entity_0783,entity_0790,1,tabpfn,0.9713239669799805,1
entity_0869,entity_0867,1,tabpfn,0.9978717565536499,1
entity_0375,entity_0715,0,tabpfn,1.6093226804514416e-06,0
entity_0348,entity_0349,1,tabpfn,0.9988815188407898,1
entity_0528,entity_0220,0,tabpfn,3.3378489661117783e-06,0
entity_0664,entity_0386,0,tabpfn,5.006765150028514e-06,0
entity_0613,entity_0065,0,tabpfn,4.351120423962129e-06,0
entity_0023,entity_0521,0,tabpfn,4.351120423962129e-06,0
entity_0820,entity_0815,1,tabpfn,0.9967946410179138,1
entity_0769,entity_0938,0,tabpfn,4.351120423962129e-06,0
entity_0148,entity_0150,1,tabpfn,0.9978983998298645,1
entity_0328,entity_0582,0,tabpfn,3.159036396027659e-06,0
entity_0135,entity_0281,0,tabpfn,2.443784524075454e-06,0
entity_0058,entity_0123,0,tabpfn,1.8477097910363227e-05,0
entity_0059,entity_0056,1,tabpfn,0.9950261116027832,1
entity_0597,entity_0835,0,tabpfn,2.861014763766434e-06,0
entity_0759,entity_0754,1,tabpfn,0.9932928681373596,1
entity_0753,entity_0756,1,tabpfn,0.9958392381668091,1
entity_0112,entity_0835,0,tabpfn,5.960429007245693e-06,0
entity_0022,entity_0030,1,tabpfn,0.8901910781860352,1
entity_0143,entity_0145,1,tabpfn,0.996357798576355,1
entity_0399,entity_0621,0,tabpfn,2.3245756892720237e-06,0
entity_0028,entity_0441,0,tabpfn,3.99349482904654e-06,0
entity_0223,entity_0227,1,tabpfn,0.9943633675575256,1
entity_0248,entity_0241,1,tabpfn,0.9870561957359314,1
entity_0663,entity_0661,1,tabpfn,0.9989433884620667,1
entity_0678,entity_0217,0,tabpfn,4.827953034691745e-06,0
entity_0353,entity_0021,0,tabpfn,2.861014763766434e-06,0
entity_0658,entity_0657,1,tabpfn,0.9979022145271301,1
entity_0351,entity_0002,0,tabpfn,1.3530070646083914e-05,0
entity_0588,entity_0590,1,tabpfn,0.9971463680267334,1
entity_0902,entity_0904,1,tabpfn,0.9962495565414429,1
entity_0902,entity_0830,0,tabpfn,1.7165843019029126e-05,0
entity_0938,entity_0933,1,tabpfn,0.9959341883659363,1
entity_0213,entity_0744,0,tabpfn,3.3974533835134935e-06,0
entity_0321,entity_0327,1,tabpfn,0.9859601855278015,1
entity_0972,entity_0138,0,tabpfn,3.8146827137097716e-06,0
entity_0166,entity_0170,1,tabpfn,0.9969637989997864,1
entity_0854,entity_0852,1,tabpfn,0.9980897307395935,1
entity_0225,entity_0222,1,tabpfn,0.9969733357429504,1
entity_0166,entity_0766,0,tabpfn,5.781617346656276e-06,0
entity_0217,entity_0803,0,tabpfn,5.006765150028514e-06,0
entity_0043,entity_0421,0,tabpfn,3.099431978625944e-06,0
entity_0823,entity_0570,0,tabpfn,3.5166615361958975e-06,0
entity_0424,entity_0427,1,tabpfn,0.9979231357574463,1
entity_0112,entity_0671,0,tabpfn,4.410724159242818e-06,0
entity_0720,entity_0374,0,tabpfn,4.410724159242818e-06,0
entity_0740,entity_0733,1,tabpfn,0.9789740443229675,1
entity_0555,entity_0434,0,tabpfn,1.764266380632762e-05,0
entity_0846,entity_0053,0,tabpfn,3.99349482904654e-06,0
entity_0457,entity_0415,0,tabpfn,3.325828583911061e-05,0
entity_0653,entity_0652,1,tabpfn,0.9979269504547119,1
entity_0643,entity_0717,0,tabpfn,1.5437362890224904e-05,0
entity_0960,entity_0955,1,tabpfn,0.9962153434753418,1
entity_0977,entity_0311,0,tabpfn,5.543201496038819e-06,0
entity_0499,entity_0495,1,tabpfn,0.9981363415718079,1
entity_0625,entity_0368,0,tabpfn,5.3047856454213616e-06,0
entity_0318,entity_0319,1,tabpfn,0.9989863038063049,1
entity_0299,entity_0460,0,tabpfn,4.529932539298898e-06,0
entity_0765,entity_0433,0,tabpfn,4.410724159242818e-06,0
entity_0792,entity_0800,1,tabpfn,0.9460869431495667,1
entity_0726,entity_0723,1,tabpfn,0.9964072108268738,1
entity_0075,entity_0078,1,tabpfn,0.9961640238761902,1
entity_0117,entity_0113,1,tabpfn,0.9969961643218994,1
entity_0444,entity_0284,0,tabpfn,6.079636932554422e-06,0
entity_0882,entity_0881,1,tabpfn,0.9980202317237854,1
entity_0614,entity_0795,0,tabpfn,3.874287358485162e-06,0
entity_0933,entity_0454,0,tabpfn,5.781617346656276e-06,0
entity_0735,entity_0137,0,tabpfn,4.231911589158699e-06,0
entity_0706,entity_0703,1,tabpfn,0.997047483921051,1
entity_0054,entity_0057,1,tabpfn,0.9944251179695129,1
entity_0967,entity_0966,1,tabpfn,0.9984656572341919,1
entity_0501,entity_0902,0,tabpfn,3.4570573461678578e-06,0
entity_0622,entity_0624,1,tabpfn,0.9978089928627014,1
entity_0889,entity_0883,1,tabpfn,0.9947313666343689,1
entity_0694,entity_0590,0,tabpfn,3.99349482904654e-06,0
entity_0865,entity_0867,1,tabpfn,0.9974406361579895,1
entity_0389,entity_0390,1,tabpfn,0.9991277456283569,1
entity_0541,entity_0958,0,tabpfn,3.8146827137097716e-06,0
entity_0168,entity_0163,1,tabpfn,0.9935424327850342,1
entity_0823,entity_0895,0,tabpfn,5.870713357580826e-05,0
entity_0054,entity_0056,1,tabpfn,0.9931337833404541,1
entity_0316,entity_0788,0,tabpfn,2.0265538296371233e-06,0
entity_0887,entity_0781,0,tabpfn,8.702202649146784e-06,0
entity_0940,entity_0932,1,tabpfn,0.9642083644866943,1
entity_0616,entity_0615,1,tabpfn,0.9989100694656372,1
entity_0116,entity_0117,1,tabpfn,0.9983429908752441,1
entity_0359,entity_0858,0,tabpfn,2.5629929041315336e-06,0
entity_0178,entity_0717,0,tabpfn,3.99349482904654e-06,0
entity_0153,entity_0290,0,tabpfn,2.622597548906924e-06,0
entity_0587,entity_0384,0,tabpfn,5.245181455393322e-06,0
entity_0980,entity_0950,0,tabpfn,0.0006636408506892622,0
entity_0462,entity_0465,1,tabpfn,0.9983742237091064,1
entity_0016,entity_0020,1,tabpfn,0.991226077079773,1
entity_0685,entity_0689,1,tabpfn,0.9954991340637207,1
entity_0694,entity_0699,1,tabpfn,0.9910672903060913,1
entity_0709,entity_0590,0,tabpfn,3.933891093765851e-06,0
entity_0043,entity_0309,0,tabpfn,2.0265538296371233e-06,0
entity_0524,entity_0341,0,tabpfn,4.947160960000474e-06,0
entity_0074,entity_0046,0,tabpfn,0.0020521036349236965,0
entity_0258,entity_0255,1,tabpfn,0.9964795708656311,1
entity_0842,entity_0850,1,tabpfn,0.993353545665741,1
entity_0091,entity_0238,0,tabpfn,1.907344994833693e-06,0
entity_0572,entity_0409,0,tabpfn,7.748543794150464e-06,0
entity_0535,entity_0532,1,tabpfn,0.9989891648292542,1
entity_0862,entity_0863,1,tabpfn,0.9975338578224182,1
entity_0213,entity_0366,0,tabpfn,3.5762659535976127e-06,0
entity_0828,entity_0027,0,tabpfn,3.7550782963080565e-06,0
entity_0777,entity_0794,0,tabpfn,0.012838410213589668,0
entity_0797,entity_0796,1,tabpfn,0.9968136548995972,1
entity_0534,entity_0070,0,tabpfn,3.2186403586820234e-06,0
entity_0332,entity_0333,1,tabpfn,0.9987319707870483,1
entity_0069,entity_0068,1,tabpfn,0.9969942569732666,1
entity_0401,entity_0034,0,tabpfn,3.635870370999328e-06,0
entity_0837,entity_0041,0,tabpfn,3.4570573461678578e-06,0
entity_0301,entity_0396,0,tabpfn,1.0490307431609835e-05,0
entity_0734,entity_0731,1,tabpfn,0.9971235394477844,1
entity_0223,entity_0532,0,tabpfn,2.6822019663086394e-06,0
entity_0318,entity_0312,1,tabpfn,0.9940117001533508,1
entity_0609,entity_0606,1,tabpfn,0.998296320438385,1
entity_0262,entity_0268,1,tabpfn,0.9942392110824585,1
entity_0955,entity_0655,0,tabpfn,3.933891093765851e-06,0
entity_0116,entity_0115,1,tabpfn,0.9984123110771179,1
entity_0159,entity_0154,1,tabpfn,0.9914000034332275,1
entity_0091,entity_0100,1,tabpfn,0.973677396774292,1
entity_0439,entity_0433,1,tabpfn,0.9963788390159607,1
entity_0775,entity_0773,1,tabpfn,0.9957936406135559,1
entity_0111,entity_0114,1,tabpfn,0.9969372153282166,1
entity_0679,entity_0674,1,tabpfn,0.9969619512557983,1
entity_0081,entity_0094,0,tabpfn,0.6321699023246765,1
entity_0288,entity_0494,0,tabpfn,3.695474333653692e-06,0
entity_0838,entity_0832,1,tabpfn,0.9975205659866333,1
entity_0412,entity_0851,0,tabpfn,2.801410346364719e-06,0
entity_0273,entity_0624,0,tabpfn,2.2649712718703086e-06,0
entity_0114,entity_0117,1,tabpfn,0.9985008835792542,1
entity_0732,entity_0738,1,tabpfn,0.9893785715103149,1
entity_0127,entity_0130,1,tabpfn,0.9965420961380005,1
entity_0829,entity_0991,0,tabpfn,4.768348844663706e-06,0
entity_0669,entity_0668,1,tabpfn,0.9980573654174805,1
entity_0434,entity_0435,1,tabpfn,0.9989110231399536,1
entity_0904,entity_0901,1,tabpfn,0.9959341883659363,1
entity_0660,entity_0240,0,tabpfn,4.529932539298898e-06,0
entity_0062,entity_0064,1,tabpfn,0.9958999752998352,1
entity_0593,entity_0552,0,tabpfn,0.00010298621782567352,0
entity_0996,entity_0036,0,tabpfn,9.273622708860785e-05,0
entity_0081,entity_0085,1,tabpfn,0.9953145980834961,1
entity_0584,entity_0589,1,tabpfn,0.9794473648071289,1
entity_0260,entity_0259,1,tabpfn,0.997913658618927,1
entity_0646,entity_0649,1,tabpfn,0.9968098402023315,1
entity_0555,entity_0551,1,tabpfn,0.9984685182571411,1
entity_0192,entity_0811,0,tabpfn,5.722013156628236e-06,0
entity_0203,entity_0205,1,tabpfn,0.9977508187294006,1
entity_0166,entity_0168,1,tabpfn,0.9972395896911621,1
entity_0394,entity_0714,0,tabpfn,1.311300479756028e-06,0
entity_0929,entity_0059,0,tabpfn,6.85448685544543e-06,0
entity_0862,entity_0442,0,tabpfn,5.36438938070205e-06,0
entity_0094,entity_0097,1,tabpfn,0.9967414140701294,1
entity_0262,entity_0265,1,tabpfn,0.9967585206031799,1
entity_0782,entity_0144,0,tabpfn,4.17230785387801e-06,0
entity_0069,entity_0522,0,tabpfn,2.622597548906924e-06,0
entity_0100,entity_0098,1,tabpfn,0.9979250431060791,1
entity_0305,entity_0309,1,tabpfn,0.9971083402633667,1
entity_0474,entity_0279,0,tabpfn,2.503388714103494e-06,0
entity_0434,entity_0438,1,tabpfn,0.9957574009895325,1
entity_0052,entity_0247,0,tabpfn,2.1457626644405536e-06,0
entity_0103,entity_0855,0,tabpfn,8.82140921021346e-06,0
entity_0896,entity_0891,1,tabpfn,0.9948856830596924,1
entity_0721,entity_0730,1,tabpfn,0.919585108757019,1
entity_0808,entity_0790,0,tabpfn,0.009008321911096573,0
entity_0325,entity_0364,0,tabpfn,0.00021965446649119258,0
entity_0008,entity_0097,0,tabpfn,9.16635399335064e-05,0
entity_0162,entity_0169,1,tabpfn,0.9870724678039551,1
entity_0072,entity_0073,1,tabpfn,0.9969752430915833,1
entity_0076,entity_0078,1,tabpfn,0.9967074990272522,1
entity_0284,entity_0286,1,tabpfn,0.9977176785469055,1
entity_0923,entity_0922,1,tabpfn,0.9963427186012268,1
entity_0385,entity_0388,1,tabpfn,0.9988777041435242,1
entity_0476,entity_0471,1,tabpfn,0.9972301125526428,1
entity_0448,entity_0919,0,tabpfn,3.3378489661117783e-06,0
entity_0474,entity_0480,1,tabpfn,0.9916916489601135,1
entity_0233,entity_0845,0,tabpfn,4.887556769972434e-06,0
entity_0637,entity_0688,0,tabpfn,1.7523458154755645e-05,0
entity_0542,entity_0788,0,tabpfn,2.741806156336679e-06,0
entity_0331,entity_0961,0,tabpfn,5.0663693400565535e-06,0
entity_0590,entity_0237,0,tabpfn,4.17230785387801e-06,0
entity_0349,entity_0350,1,tabpfn,0.9987881779670715,1
entity_0816,entity_0818,1,tabpfn,0.9975681304931641,1
entity_0273,entity_0274,1,tabpfn,0.9970341920852661,1
entity_0726,entity_0722,1,tabpfn,0.9952349066734314,1
entity_0896,entity_0526,0,tabpfn,6.079636932554422e-06,0
entity_0480,entity_0477,1,tabpfn,0.9988767504692078,1
entity_0238,entity_0240,1,tabpfn,0.9971616268157959,1
entity_0542,entity_0549,1,tabpfn,0.9900908470153809,1
entity_0974,entity_0738,0,tabpfn,2.2649712718703086e-06,0
entity_0671,entity_0349,0,tabpfn,4.410724159242818e-06,0
entity_0287,entity_0286,1,tabpfn,0.9983229637145996,1
entity_0163,entity_0169,1,tabpfn,0.9894540905952454,1
entity_0279,entity_0214,0,tabpfn,3.182786895195022e-05,0
entity_0883,entity_0506,0,tabpfn,3.933891093765851e-06,0
entity_0453,entity_0452,1,tabpfn,0.9989386796951294,1
entity_0383,entity_0384,1,tabpfn,0.9991434812545776,1
entity_0265,entity_0261,1,tabpfn,0.9961260557174683,1
entity_0396,entity_0399,1,tabpfn,0.9979022145271301,1
entity_0404,entity_0406,1,tabpfn,0.9984903931617737,1
entity_0350,entity_0719,0,tabpfn,1.9669496396090835e-06,0
entity_0755,entity_0251,0,tabpfn,4.529932539298898e-06,0
entity_0457,entity_0759,0,tabpfn,3.8146827137097716e-06,0
entity_0992,entity_0219,0,tabpfn,4.947160960000474e-06,0
entity_0104,entity_0102,1,tabpfn,0.9975605010986328,1
entity_0806,entity_0801,1,tabpfn,0.9963198900222778,1
entity_0958,entity_0855,0,tabpfn,1.5139350580284372e-05,0
entity_0582,entity_0590,1,tabpfn,0.7704137563705444,1
entity_0440,entity_0433,1,tabpfn,0.9931564927101135,1
entity_0916,entity_0437,0,tabpfn,4.529932539298898e-06,0
entity_0538,entity_0537,1,tabpfn,0.9989901185035706,1
entity_0047,entity_0476,0,tabpfn,3.3378489661117783e-06,0
entity_0149,entity_0146,1,tabpfn,0.9963598251342773,1
entity_0278,entity_0689,0,tabpfn,2.3245756892720237e-06,0
entity_0777,entity_0771,1,tabpfn,0.9894012212753296,1
entity_0447,entity_0444,1,tabpfn,0.9987224340438843,1
entity_0150,entity_0146,1,tabpfn,0.9962457418441772,1
entity_0002,entity_0696,0,tabpfn,2.068238245556131e-05,0
entity_0522,entity_0185,0,tabpfn,2.503388714103494e-06,0
entity_0627,entity_0808,0,tabpfn,7.6293363235890865e-06,0
entity_0055,entity_0053,1,tabpfn,0.9955371022224426,1
entity_0284,entity_0288,1,tabpfn,0.9969600439071655,1
entity_0990,entity_0802,0,tabpfn,2.9206191811681492e-06,0
entity_0934,entity_0610,0,tabpfn,4.649140464607626e-06,0
entity_0811,entity_0813,1,tabpfn,0.9977385997772217,1
entity_0102,entity_0005,0,tabpfn,0.00018605108198244125,0
entity_0215,entity_0212,1,tabpfn,0.9959797859191895,1
entity_0503,entity_0006,0,tabpfn,1.0669116818462498e-05,0
entity_0037,entity_0032,1,tabpfn,0.9881531000137329,1
entity_0368,entity_0345,0,tabpfn,0.0013181715039536357,0
entity_0317,entity_0319,1,tabpfn,0.9979117512702942,1
entity_0175,entity_0180,1,tabpfn,0.9968649744987488,1
entity_0600,entity_0598,1,tabpfn,0.9985113739967346,1
entity_0055,entity_0059,1,tabpfn,0.987267017364502,1
entity_0419,entity_0420,1,tabpfn,0.9981439709663391,1
entity_0115,entity_0221,0,tabpfn,2.9206191811681492e-06,0
entity_0199,entity_0192,1,tabpfn,0.9809719920158386,1
entity_0192,entity_0163,0,tabpfn,0.000371737900422886,0
entity_0208,entity_0203,1,tabpfn,0.9951210021972656,1
entity_0349,entity_0103,0,tabpfn,1.728531856315385e-06,0
entity_0046,entity_0048,1,tabpfn,0.9946516752243042,1
entity_0913,entity_0912,1,tabpfn,0.996709406375885,1
entity_0217,entity_0219,1,tabpfn,0.9969505071640015,1
entity_0608,entity_0070,0,tabpfn,4.17230785387801e-06,0
entity_0925,entity_0902,0,tabpfn,0.006101213861256838,0
entity_0323,entity_0408,0,tabpfn,3.3378489661117783e-06,0
entity_0793,entity_0062,0,tabpfn,4.827953034691745e-06,0
entity_0931,entity_0939,1,tabpfn,0.9293693900108337,1
entity_0802,entity_0808,1,tabpfn,0.9865990877151489,1
entity_0013,entity_0489,0,tabpfn,7.688940968364477e-06,0
entity_0773,entity_0023,0,tabpfn,4.053099473821931e-06,0
entity_0761,entity_0056,0,tabpfn,3.933891093765851e-06,0
entity_0008,entity_0087,0,tabpfn,0.00016960604989435524,0
entity_0811,entity_0817,1,tabpfn,0.988875150680542,1
entity_0038,entity_0722,0,tabpfn,5.006765150028514e-06,0
entity_0115,entity_0112,1,tabpfn,0.9976385235786438,1
entity_0065,entity_0063,1,tabpfn,0.9965934157371521,1
entity_0422,entity_0423,1,tabpfn,0.9986885190010071,1
entity_0856,entity_0106,0,tabpfn,2.980223371196189e-06,0
entity_0840,entity_0844,0,tabpfn,0.9977184534072876,1
entity_0797,entity_0799,1,tabpfn,0.9967036843299866,1
entity_0159,entity_0158,1,tabpfn,0.9962020516395569,1
entity_0765,entity_0761,1,tabpfn,0.9937964081764221,1
entity_0961,entity_0898,0,tabpfn,8.856465865392238e-05,0
entity_0481,entity_0513,0,tabpfn,0.0001001257769530639,0
entity_0834,entity_0766,0,tabpfn,1.966914533113595e-05,0
entity_0488,entity_0487,1,tabpfn,0.9986989498138428,1
entity_0333,entity_0962,0,tabpfn,5.125973075337242e-06,0
entity_0045,entity_0795,0,tabpfn,5.781617346656276e-06,0
entity_0907,entity_0902,1,tabpfn,0.9944695830345154,1
entity_0688,entity_0684,1,tabpfn,0.9968668818473816,1
entity_0749,entity_0743,1,tabpfn,0.9872444272041321,1
entity_0812,entity_0818,1,tabpfn,0.9900255799293518,1
entity_0773,entity_0054,0,tabpfn,3.874287358485162e-06,0
entity_0083,entity_0687,0,tabpfn,4.17230785387801e-06,0
entity_0593,entity_0020,0,tabpfn,5.960429007245693e-06,0
entity_0690,entity_0682,1,tabpfn,0.9868766665458679,1
entity_0150,entity_0577,0,tabpfn,4.17230785387801e-06,0
entity_0282,entity_0289,1,tabpfn,0.9900757670402527,1
entity_0734,entity_0266,0,tabpfn,5.722013156628236e-06,0
entity_0546,entity_0542,1,tabpfn,0.9988119602203369,1
entity_0378,entity_0371,1,tabpfn,0.9952272772789001,1
entity_0005,entity_0001,1,tabpfn,0.9879345297813416,1
entity_0492,entity_0617,0,tabpfn,4.827953034691745e-06,0
entity_0681,entity_0690,1,tabpfn,0.9459714889526367,1
entity_0508,entity_0503,1,tabpfn,0.9970874190330505,1
entity_0307,entity_0308,1,tabpfn,0.9968649744987488,1
entity_0711,entity_0240,0,tabpfn,4.768348844663706e-06,0
entity_0789,entity_0781,1,tabpfn,0.95166015625,1
entity_0943,entity_0950,1,tabpfn,0.9789590835571289,1
entity_0753,entity_0832,0,tabpfn,5.423993115982739e-06,0
entity_0089,entity_0994,0,tabpfn,3.3198688470292836e-05,0
entity_0985,entity_0986,1,tabpfn,0.9983277320861816,1
entity_0295,entity_0260,0,tabpfn,5.542924554902129e-05,0
entity_0411,entity_0418,1,tabpfn,0.9963464736938477,1
entity_0312,entity_0822,0,tabpfn,2.2649712718703086e-06,0
entity_0006,entity_0453,0,tabpfn,1.3947292245575227e-05,0
entity_0836,entity_0835,1,tabpfn,0.9986913800239563,1
entity_0867,entity_0863,1,tabpfn,0.9977108240127563,1
entity_0153,entity_0682,0,tabpfn,4.2915162339340895e-06,0
entity_0916,entity_0919,1,tabpfn,0.993943452835083,1
entity_0017,entity_0931,0,tabpfn,6.377656063705217e-06,0
entity_0683,entity_0681,1,tabpfn,0.998512327671051,1
entity_0787,entity_0783,1,tabpfn,0.9954004287719727,1
entity_0470,entity_0461,1,tabpfn,0.8365278840065002,1
entity_0603,entity_0609,1,tabpfn,0.9800799489021301,1
entity_0569,entity_0005,0,tabpfn,6.85448685544543e-06,0
entity_0592,entity_0593,1,tabpfn,0.9970779418945312,1
entity_0600,entity_0599,1,tabpfn,0.998155415058136,1
entity_0416,entity_0426,0,tabpfn,0.7593700289726257,1
entity_0813,entity_0817,1,tabpfn,0.9955902695655823,1
entity_0411,entity_0416,1,tabpfn,0.9934104084968567,1
entity_0287,entity_0968,0,tabpfn,5.841221081936965e-06,0
entity_0501,entity_0510,1,tabpfn,0.8571428656578064,1
entity_0945,entity_0347,0,tabpfn,5.125973075337242e-06,0
entity_0381,entity_0385,1,tabpfn,0.9975471496582031,1
entity_0106,entity_0104,1,tabpfn,0.9979459643363953,1
entity_0585,entity_0582,1,tabpfn,0.9980611801147461,1
entity_0910,entity_0909,1,tabpfn,0.9970703125,1
entity_0488,entity_0481,1,tabpfn,0.9957156181335449,1
entity_0857,entity_0910,0,tabpfn,1.4424115761357825e-05,0
entity_0718,entity_0711,1,tabpfn,0.9891672730445862,1
entity_0493,entity_0498,1,tabpfn,0.9952500462532043,1
entity_0582,entity_0581,1,tabpfn,0.9977518916130066,1
entity_0607,entity_0609,1,tabpfn,0.9979555010795593,1
entity_0146,entity_0148,1,tabpfn,0.9980935454368591,1
entity_0804,entity_0257,0,tabpfn,4.351120423962129e-06,0
entity_0207,entity_0598,0,tabpfn,2.980223371196189e-06,0
entity_0150,entity_0213,0,tabpfn,2.9801434720866382e-05,0
entity_0283,entity_0552,0,tabpfn,2.443784524075454e-06,0
entity_0663,entity_0103,0,tabpfn,4.2915162339340895e-06,0
entity_0157,entity_0151,1,tabpfn,0.9873197674751282,1
entity_0953,entity_0956,1,tabpfn,0.9952804446220398,1
entity_0078,entity_0080,1,tabpfn,0.9960253834724426,1
entity_0642,entity_0880,0,tabpfn,2.384180106673739e-06,0
entity_0036,entity_0417,0,tabpfn,2.861014763766434e-06,0
entity_0075,entity_0073,1,tabpfn,0.9970493912696838,1
entity_0541,entity_0543,1,tabpfn,0.998763382434845,1
entity_0903,entity_0902,1,tabpfn,0.9962989687919617,1
entity_0820,entity_0180,0,tabpfn,3.635870370999328e-06,0
entity_0705,entity_0707,1,tabpfn,0.9966748952865601,1
entity_0972,entity_0733,0,tabpfn,2.205367081842269e-06,0
entity_0765,entity_0770,1,tabpfn,0.9877477288246155,1
entity_0451,entity_0005,0,tabpfn,6.1988448578631505e-06,0
entity_0200,entity_0195,1,tabpfn,0.9921647906303406,1
entity_0695,entity_0698,1,tabpfn,0.9957708716392517,1
entity_0720,entity_0714,1,tabpfn,0.9926000237464905,1
entity_0418,entity_0419,1,tabpfn,0.9989062547683716,1
entity_0392,entity_0599,0,tabpfn,2.9206191811681492e-06,0
entity_0113,entity_0114,1,tabpfn,0.9984437227249146,1
entity_0905,entity_0234,0,tabpfn,3.3378489661117783e-06,0
entity_0812,entity_0866,0,tabpfn,1.2993643395020626e-05,0
entity_0231,entity_0235,1,tabpfn,0.9912109375,1
entity_0866,entity_0921,0,tabpfn,1.26360246213153e-05,0
entity_0330,entity_0327,1,tabpfn,0.9988100528717041,1
entity_0427,entity_0024,0,tabpfn,3.99349482904654e-06,0
entity_0501,entity_0630,0,tabpfn,4.589536729326937e-06,0
entity_0901,entity_0909,1,tabpfn,0.952206552028656,1
entity_0407,entity_0406,1,tabpfn,0.9990024566650391,1
entity_0759,entity_0046,0,tabpfn,4.887556769972434e-06,0
entity_0380,entity_0121,0,tabpfn,1.549718376736564e-06,0
entity_0491,entity_0807,0,tabpfn,2.503388714103494e-06,0
entity_0570,entity_0567,1,tabpfn,0.9988500475883484,1
entity_0096,entity_0768,0,tabpfn,5.006765150028514e-06,0
entity_0532,entity_0224,0,tabpfn,2.741806156336679e-06,0
entity_0598,entity_0594,1,tabpfn,0.9979707598686218,1
entity_0602,entity_0639,0,tabpfn,4.118511060369201e-05,0
entity_0572,entity_0576,1,tabpfn,0.9926984906196594,1
entity_0317,entity_0795,0,tabpfn,1.9669496396090835e-06,0
entity_1000,entity_0998,1,tabpfn,0.9987624287605286,1
entity_0175,entity_0104,0,tabpfn,2.8072998247807845e-05,0
entity_0602,entity_0244,0,tabpfn,2.6822019663086394e-06,0
entity_0757,entity_0562,0,tabpfn,3.278244548710063e-06,0
entity_0439,entity_0476,0,tabpfn,2.9503426048904657e-05,0
entity_0997,entity_0996,1,tabpfn,0.9983923435211182,1
entity_0478,entity_0479,1,tabpfn,0.9988405704498291,1
entity_0776,entity_0044,0,tabpfn,3.4570573461678578e-06,0
entity_0563,entity_0659,0,tabpfn,8.344580237462651e-06,0
entity_0229,entity_0222,1,tabpfn,0.9829551577568054,1
entity_0582,entity_0587,1,tabpfn,0.9854568243026733,1
entity_0617,entity_0861,0,tabpfn,5.006765150028514e-06,0
entity_0632,entity_0812,0,tabpfn,3.635870370999328e-06,0
entity_0330,entity_0728,0,tabpfn,1.6689273252268322e-06,0
entity_0742,entity_0008,0,tabpfn,7.867751264711842e-06,0
entity_0155,entity_0099,0,tabpfn,9.172313002636656e-05,0
entity_0597,entity_0596,1,tabpfn,0.9981858730316162,1
entity_0510,entity_0647,0,tabpfn,5.602805231319508e-06,0
entity_0502,entity_0510,1,tabpfn,0.9572065472602844,1
entity_0898,entity_0832,0,tabpfn,2.574854443082586e-05,0
entity_0458,entity_0710,0,tabpfn,2.0265538296371233e-06,0
entity_0273,entity_0811,0,tabpfn,3.0398275612242287e-06,0
entity_0162,entity_0161,1,tabpfn,0.9976765513420105,1
entity_0183,entity_0184,1,tabpfn,0.9966884851455688,1
entity_0798,entity_0793,1,tabpfn,0.994742751121521,1
entity_0594,entity_0957,0,tabpfn,2.741806156336679e-06,0
entity_0588,entity_0582,1,tabpfn,0.9941520094871521,1
entity_0560,entity_0556,1,tabpfn,0.9983494877815247,1
entity_0887,entity_0885,1,tabpfn,0.9970227479934692,1
entity_0806,entity_0807,1,tabpfn,0.9977184534072876,1
entity_0729,entity_0768,0,tabpfn,4.4820684706792235e-05,0
entity_0619,entity_0616,1,tabpfn,0.9988014698028564,1
entity_0477,entity_0897,0,tabpfn,3.0398275612242287e-06,0
entity_0168,entity_0161,1,tabpfn,0.9847655892372131,1
entity_0097,entity_0288,0,tabpfn,5.543201496038819e-06,0
entity_0684,entity_0689,1,tabpfn,0.9958202242851257,1
entity_0526,entity_0168,0,tabpfn,3.3378489661117783e-06,0
entity_0194,entity_0614,0,tabpfn,2.861014763766434e-06,0
entity_0148,entity_0014,0,tabpfn,3.999311593361199e-05,0
entity_0845,entity_0841,1,tabpfn,0.9976232647895813,1
entity_0498,entity_0888,0,tabpfn,6.794883120164741e-06,0
entity_0358,entity_0591,0,tabpfn,3.5166615361958975e-06,0
entity_0125,entity_0128,1,tabpfn,0.9980411529541016,1
entity_0841,entity_0410,0,tabpfn,2.622597548906924e-06,0
entity_0697,entity_0902,0,tabpfn,2.0265538296371233e-06,0
entity_0104,entity_0920,0,tabpfn,1.0967134585371241e-05,0
entity_0879,entity_1000,0,tabpfn,3.945671778637916e-05,0
entity_0408,entity_0405,1,tabpfn,0.9981601238250732,1
entity_0849,entity_0316,0,tabpfn,2.5629929041315336e-06,0
entity_0375,entity_0379,1,tabpfn,0.9981496930122375,1
entity_0227,entity_0691,0,tabpfn,2.6822019663086394e-06,0
entity_0267,entity_0266,1,tabpfn,0.9976156949996948,1
entity_0929,entity_0927,1,tabpfn,0.9962685704231262,1
entity_0121,entity_0124,1,tabpfn,0.9986323118209839,1
entity_0698,entity_0699,1,tabpfn,0.9982743263244629,1
entity_0242,entity_0245,1,tabpfn,0.9955029487609863,1
entity_0719,entity_0644,0,tabpfn,8.463787708024029e-06,0
entity_0768,entity_0296,0,tabpfn,4.231911589158699e-06,0
entity_0617,entity_0783,0,tabpfn,6.1988448578631505e-06,0
entity_0267,entity_0264,1,tabpfn,0.9965858459472656,1
entity_0591,entity_0529,0,tabpfn,2.6404159143567085e-05,0
entity_0158,entity_0780,0,tabpfn,5.722013156628236e-06,0
entity_0482,entity_0481,1,tabpfn,0.9989957809448242,1
entity_0417,entity_0145,0,tabpfn,1.549718376736564e-06,0
entity_0821,entity_0829,1,tabpfn,0.9774495959281921,1
entity_0668,entity_0448,0,tabpfn,4.649140464607626e-06,0
entity_0833,entity_0838,1,tabpfn,0.9975490570068359,1
entity_0918,entity_0448,0,tabpfn,4.768348844663706e-06,0
entity_0850,entity_0293,0,tabpfn,3.874287358485162e-06,0
entity_0795,entity_0852,0,tabpfn,1.6689022231730632e-05,0
entity_0701,entity_0080,0,tabpfn,5.006765150028514e-06,0
entity_0391,entity_0394,1,tabpfn,0.9988348484039307,1
entity_0458,entity_0459,1,tabpfn,0.9990882277488708,1
entity_1000,entity_0996,1,tabpfn,0.9980430603027344,1
entity_0474,entity_0473,1,tabpfn,0.9991897344589233,1
entity_0038,entity_0767,0,tabpfn,5.900824817217654e-06,0
entity_0078,entity_0862,0,tabpfn,7.271713911904953e-06,0
entity_0761,entity_0030,0,tabpfn,7.152506441343576e-06,0
entity_0791,entity_0799,1,tabpfn,0.9185691475868225,1
entity_0382,entity_0545,0,tabpfn,4.768348844663706e-06,0
entity_0760,entity_0754,1,tabpfn,0.9884924292564392,1
entity_0797,entity_0798,1,tabpfn,0.9962400794029236,1
entity_0855,entity_0854,1,tabpfn,0.9985085129737854,1
entity_0240,entity_0237,1,tabpfn,0.9970094561576843,1
entity_0138,entity_0134,1,tabpfn,0.9971254467964172,1
entity_0052,entity_0059,1,tabpfn,0.950485348701477,1
entity_0958,entity_0951,1,tabpfn,0.988530158996582,1
entity_0456,entity_0141,0,tabpfn,2.0265538296371233e-06,0
entity_0379,entity_0377,1,tabpfn,0.9985227584838867,1
entity_0173,entity_0799,0,tabpfn,5.722013156628236e-06,0
entity_0621,entity_0629,1,tabpfn,0.9660266637802124,1
entity_0277,entity_0280,1,tabpfn,0.9962780475616455,1
entity_0655,entity_0651,1,tabpfn,0.9979174733161926,1
entity_0891,entity_0611,0,tabpfn,3.278244548710063e-06,0
entity_0079,entity_0595,0,tabpfn,4.11270366384997e-06,0
entity_0460,entity_0083,0,tabpfn,2.503388714103494e-06,0
entity_0891,entity_0900,1,tabpfn,0.9246917963027954,1
entity_0349,entity_0341,1,tabpfn,0.9933080673217773,1
entity_0952,entity_0500,0,tabpfn,6.616071459575323e-06,0
entity_0428,entity_0430,1,tabpfn,0.9977424144744873,1
entity_0380,entity_0379,1,tabpfn,0.9987008571624756,1
entity_0428,entity_0453,0,tabpfn,0.0015276900958269835,0
entity_0827,entity_0044,0,tabpfn,3.695474333653692e-06,0
entity_0143,entity_0147,1,tabpfn,0.9964128732681274,1
entity_0213,entity_0212,1,tabpfn,0.9974026083946228,1
entity_0256,entity_0320,0,tabpfn,3.4390697692288086e-05,0
entity_0749,entity_0421,0,tabpfn,5.245181455393322e-06,0
entity_0458,entity_0457,1,tabpfn,0.9993122220039368,1
entity_0884,entity_0267,0,tabpfn,3.0398275612242287e-06,0
entity_0395,entity_0132,0,tabpfn,2.0265538296371233e-06,0
entity_0770,entity_0259,0,tabpfn,5.3047856454213616e-06,0
entity_0816,entity_0811,1,tabpfn,0.9970018267631531,1
entity_0295,entity_0839,0,tabpfn,3.099431978625944e-06,0
entity_0678,entity_0091,0,tabpfn,4.589536729326937e-06,0
entity_0492,entity_0258,0,tabpfn,2.205367081842269e-06,0
entity_0639,entity_0725,0,tabpfn,5.36438938070205e-06,0
entity_0746,entity_0748,1,tabpfn,0.9966580867767334,1
entity_0654,entity_0106,0,tabpfn,3.695474333653692e-06,0
entity_0806,entity_0805,1,tabpfn,0.9977728128433228,1
entity_0864,entity_0863,1,tabpfn,0.9982362985610962,1
entity_0950,entity_0942,1,tabpfn,0.9921420812606812,1
entity_0991,entity_0953,0,tabpfn,0.0006639650091528893,0
entity_0445,entity_0449,1,tabpfn,0.9974387288093567,1
entity_0518,entity_0519,1,tabpfn,0.9985418319702148,1
entity_0215,entity_0211,1,tabpfn,0.9940306544303894,1
entity_0162,entity_0168,1,tabpfn,0.9962723851203918,1
entity_0634,entity_0639,1,tabpfn,0.9963293671607971,1
entity_0756,entity_0759,1,tabpfn,0.992929220199585,1
entity_0026,entity_0023,1,tabpfn,0.9890540838241577,1
entity_0611,entity_0787,0,tabpfn,4.231911589158699e-06,0
entity_0734,entity_0737,1,tabpfn,0.9957177042961121,1
entity_0330,entity_0322,1,tabpfn,0.9888675808906555,1
entity_0655,entity_0660,1,tabpfn,0.9967246055603027,1
entity_0351,entity_0430,0,tabpfn,2.9622633519466035e-05,0
entity_0108,entity_0930,0,tabpfn,1.3589674381364603e-05,0
entity_0281,entity_0286,1,tabpfn,0.9939927458763123,1
entity_0769,entity_0762,1,tabpfn,0.9795221090316772,1
entity_0256,entity_0877,0,tabpfn,4.589536729326937e-06,0
entity_0343,entity_0044,0,tabpfn,3.0398275612242287e-06,0
entity_0285,entity_0287,1,tabpfn,0.9972928762435913,1
entity_0575,entity_0574,1,tabpfn,0.9981268048286438,1
entity_0392,entity_0400,1,tabpfn,0.9794324040412903,1
entity_0999,entity_0993,1,tabpfn,0.9949919581413269,1
entity_0827,entity_0829,1,tabpfn,0.9977937340736389,1
entity_0907,entity_0183,0,tabpfn,2.980223371196189e-06,0
entity_0688,entity_0690,1,tabpfn,0.9984009265899658,1
entity_0250,entity_0084,0,tabpfn,3.2186403586820234e-06,0
entity_0324,entity_0328,1,tabpfn,0.9985189437866211,1
entity_0501,entity_0686,0,tabpfn,2.384180106673739e-06,0
entity_0409,entity_0407,1,tabpfn,0.9987732768058777,1
entity_0137,entity_0134,1,tabpfn,0.9963008165359497,1
entity_0685,entity_0687,1,tabpfn,0.9977424144744873,1
entity_0056,entity_0051,1,tabpfn,0.9926227927207947,1
entity_0577,entity_0356,0,tabpfn,4.231911589158699e-06,0
entity_0977,entity_0975,1,tabpfn,0.9970607757568359,1
entity_0583,entity_0587,1,tabpfn,0.9925962686538696,1
entity_0044,entity_0050,1,tabpfn,0.9599902629852295,1
entity_0002,entity_0868,0,tabpfn,6.616071459575323e-06,0
entity_0356,entity_0352,1,tabpfn,0.9973740577697754,1
entity_0831,entity_0834,1,tabpfn,0.9980449676513672,1
entity_0530,entity_0270,0,tabpfn,2.503388714103494e-06,0
entity_0456,entity_0247,0,tabpfn,2.2649712718703086e-06,0
entity_0778,entity_0774,1,tabpfn,0.9940989017486572,1
entity_0603,entity_0607,1,tabpfn,0.9935765266418457,1
entity_0954,entity_0435,0,tabpfn,6.914091045473469e-06,0
entity_0348,entity_0535,0,tabpfn,4.11270366384997e-06,0
entity_0545,entity_0544,1,tabpfn,0.9988576769828796,1
entity_0284,entity_0731,0,tabpfn,1.7881361600302625e-06,0
entity_0330,entity_0664,0,tabpfn,2.1457626644405536e-06,0
entity_0808,entity_0001,0,tabpfn,8.82140921021346e-06,0
entity_0088,entity_0086,1,tabpfn,0.9974672794342041,1
entity_0685,entity_0470,0,tabpfn,4.827953034691745e-06,0
entity_0781,entity_0993,0,tabpfn,7.033298516034847e-06,0
entity_0268,entity_0508,0,tabpfn,3.099431978625944e-06,0
entity_0484,entity_0040,0,tabpfn,4.231911589158699e-06,0
entity_0615,entity_0694,0,tabpfn,8.284976502181962e-06,0
entity_0043,entity_0813,0,tabpfn,5.483597306010779e-06,0
entity_0533,entity_0236,0,tabpfn,2.2649712718703086e-06,0
entity_0781,entity_0183,0,tabpfn,4.2915162339340895e-06,0
entity_0716,entity_0711,1,tabpfn,0.9958810210227966,1
entity_0062,entity_0889,0,tabpfn,7.390921382466331e-06,0
entity_0755,entity_0501,0,tabpfn,4.827953034691745e-06,0
entity_0391,entity_0399,1,tabpfn,0.9795669317245483,1
entity_0702,entity_0586,0,tabpfn,5.36438938070205e-06,0
entity_0922,entity_0803,0,tabpfn,4.410724159242818e-06,0
entity_0527,entity_0523,1,tabpfn,0.9988300800323486,1
entity_0721,entity_0642,0,tabpfn,1.245721614395734e-05,0
entity_0025,entity_0932,0,tabpfn,5.185576810617931e-06,0
entity_0770,entity_0093,0,tabpfn,4.2915162339340895e-06,0
entity_0036,entity_0804,0,tabpfn,6.25844904789119e-06,0
entity_0249,entity_0824,0,tabpfn,4.410724159242818e-06,0
entity_0483,entity_0967,0,tabpfn,3.695474333653692e-06,0
entity_0040,entity_0991,0,tabpfn,1.561617318657227e-05,0
entity_0696,entity_0694,1,tabpfn,0.9971787333488464,1
entity_0089,entity_0551,0,tabpfn,2.980223371196189e-06,0
entity_0744,entity_0741,1,tabpfn,0.9960139393806458,1
entity_0554,entity_0551,1,tabpfn,0.9984172582626343,1
entity_0853,entity_0816,0,tabpfn,0.0001840252662077546,0
entity_0687,entity_0570,0,tabpfn,4.11270366384997e-06,0
entity_0372,entity_0554,0,tabpfn,3.8146827137097716e-06,0
entity_0630,entity_0625,1,tabpfn,0.9981049299240112,1
entity_0186,entity_0183,1,tabpfn,0.9952842593193054,1
entity_0323,entity_0322,1,tabpfn,0.9989948272705078,1
entity_0605,entity_0184,0,tabpfn,3.8146827137097716e-06,0
entity_0209,entity_0213,0,tabpfn,0.9960329532623291,1
entity_0964,entity_0857,0,tabpfn,1.2993643395020626e-05,0
entity_0266,entity_0268,1,tabpfn,0.9981106519699097,1
entity_0201,entity_0416,0,tabpfn,4.887556769972434e-06,0
entity_0809,entity_0801,1,tabpfn,0.9718279838562012,1
entity_0619,entity_0168,0,tabpfn,3.933891093765851e-06,0
entity_0527,entity_0525,1,tabpfn,0.9990320205688477,1
entity_0844,entity_0395,0,tabpfn,2.801410346364719e-06,0
entity_0475,entity_0479,1,tabpfn,0.9974977374076843,1
entity_0250,entity_0568,0,tabpfn,2.2649712718703086e-06,0
entity_0326,entity_0323,1,tabpfn,0.9987170696258545,1
entity_0898,entity_0891,1,tabpfn,0.9900153279304504,1
entity_0405,entity_0409,1,tabpfn,0.9972776770591736,1
entity_0423,entity_0404,0,tabpfn,0.0020178440026938915,0
entity_0571,entity_0575,1,tabpfn,0.996604859828949,1
entity_0681,entity_0453,0,tabpfn,5.36438938070205e-06,0
entity_0471,entity_0893,0,tabpfn,2.3245756892720237e-06,0
entity_0809,entity_0803,1,tabpfn,0.9941785335540771,1
entity_0422,entity_0404,0,tabpfn,0.0005831164889968932,0
entity_0894,entity_0900,1,tabpfn,0.9895422458648682,1
entity_0081,entity_0642,0,tabpfn,4.11270366384997e-06,0
entity_0626,entity_0588,0,tabpfn,7.163965346990153e-05,0
entity_0213,entity_0219,1,tabpfn,0.9935917258262634,1
entity_0892,entity_0896,1,tabpfn,0.9958506226539612,1
entity_0223,entity_0964,0,tabpfn,7.2121106313716155e-06,0
entity_0746,entity_0743,1,tabpfn,0.9975300431251526,1
entity_0767,entity_0574,0,tabpfn,3.4570573461678578e-06,0
entity_0123,entity_0096,0,tabpfn,0.006563081871718168,0
entity_0832,entity_0835,1,tabpfn,0.9980925917625427,1
entity_0089,entity_0083,1,tabpfn,0.9943568110466003,1
entity_0491,entity_0498,1,tabpfn,0.9907302260398865,1
entity_0286,entity_0282,1,tabpfn,0.9971045255661011,1
entity_0079,entity_0160,0,tabpfn,1.3410865904006641e-05,0
entity_0663,entity_0669,1,tabpfn,0.9962286353111267,1
entity_0498,entity_0771,0,tabpfn,2.205367081842269e-06,0
entity_0658,entity_0665,0,tabpfn,0.9905941486358643,1
entity_0090,entity_0083,1,tabpfn,0.9918732643127441,1
entity_0078,entity_0638,0,tabpfn,4.529932539298898e-06,0
entity_0550,entity_0543,1,tabpfn,0.9933270215988159,1
entity_0035,entity_0036,1,tabpfn,0.9948553442955017,1
entity_0009,entity_0005,1,tabpfn,0.9794623255729675,1
entity_0786,entity_0722,0,tabpfn,2.0324772776803002e-05,0
entity_0164,entity_0037,0,tabpfn,1.209959555126261e-05,0
entity_0978,entity_0993,0,tabpfn,0.24246491491794586,0
entity_0009,entity_0084,0,tabpfn,0.00021512647799681872,0
entity_0875,entity_0872,1,tabpfn,0.9974862933158875,1
entity_0436,entity_0337,0,tabpfn,9.298238182964269e-06,0
entity_0187,entity_0185,1,tabpfn,0.9971444606781006,1
entity_0430,entity_0214,0,tabpfn,1.430509428246296e-06,0
entity_0346,entity_0147,0,tabpfn,1.6689273252268322e-06,0
entity_0499,entity_0494,1,tabpfn,0.9982258677482605,1
entity_0079,entity_0077,1,tabpfn,0.997150182723999,1
entity_0837,entity_0638,0,tabpfn,2.9206191811681492e-06,0
entity_0452,entity_0451,1,tabpfn,0.9992311596870422,1
entity_0682,entity_0698,0,tabpfn,0.026203738525509834,0
entity_0745,entity_0742,1,tabpfn,0.9949653744697571,1
entity_0737,entity_0033,0,tabpfn,5.483597306010779e-06,0
entity_0753,entity_0383,0,tabpfn,4.053099473821931e-06,0
entity_0775,entity_0771,1,tabpfn,0.9959380030632019,1
entity_0431,entity_0440,1,tabpfn,0.93701171875,1
entity_0509,entity_0129,0,tabpfn,3.159036396027659e-06,0
entity_0885,entity_0886,1,tabpfn,0.99638831615448,1
entity_0077,entity_0165,0,tabpfn,1.239761240867665e-05,0
entity_0276,entity_0272,1,tabpfn,0.9953145980834961,1
entity_0162,entity_0166,1,tabpfn,0.9970798492431641,1
entity_0208,entity_0204,1,tabpfn,0.9953396916389465,1
entity_0691,entity_0696,1,tabpfn,0.9956130385398865,1
entity_0031,entity_0035,1,tabpfn,0.9897385239601135,1
entity_0995,entity_0991,1,tabpfn,0.9983267784118652,1
entity_0646,entity_0644,1,tabpfn,0.9981963038444519,1
entity_0840,entity_0831,1,tabpfn,0.9851561188697815,1
entity_0756,entity_0539,0,tabpfn,4.11270366384997e-06,0
entity_0018,entity_0017,1,tabpfn,0.9848933219909668,1
entity_0988,entity_0981,1,tabpfn,0.9934785962104797,1
entity_0516,entity_0518,1,tabpfn,0.9987977147102356,1
entity_0011,entity_0487,0,tabpfn,7.033298516034847e-06,0
entity_0701,entity_0775,0,tabpfn,6.020033197273733e-06,0
entity_0935,entity_0933,1,tabpfn,0.9974843859672546,1
entity_0633,entity_0634,1,tabpfn,0.9988777041435242,1
entity_0994,entity_0923,0,tabpfn,0.00018283360986970365,0
entity_0583,entity_0582,1,tabpfn,0.9981525540351868,1
entity_0201,entity_0285,0,tabpfn,1.037110087054316e-05,0
entity_0210,entity_0435,0,tabpfn,4.231911589158699e-06,0
entity_0030,entity_0021,1,tabpfn,0.82373046875,1
entity_0354,entity_0648,0,tabpfn,1.6093226804514416e-06,0
entity_0818,entity_0412,0,tabpfn,3.874287358485162e-06,0
entity_0765,entity_0768,1,tabpfn,0.9939699769020081,1
entity_0019,entity_0011,1,tabpfn,0.9783663153648376,1
entity_0718,entity_0967,0,tabpfn,2.384180106673739e-06,0
entity_0676,entity_0120,0,tabpfn,3.7550782963080565e-06,0
entity_0596,entity_0580,0,tabpfn,0.2511593997478485,0
entity_0029,entity_0025,1,tabpfn,0.9950222969055176,1
entity_0197,entity_0551,0,tabpfn,2.0265538296371233e-06,0
entity_0099,entity_0095,1,tabpfn,0.9964280724525452,1
entity_0400,entity_0391,1,tabpfn,0.9413775205612183,1
entity_0526,entity_0528,1,tabpfn,0.9980821013450623,1
entity_0427,entity_0430,1,tabpfn,0.9968687891960144,1
entity_0280,entity_0273,1,tabpfn,0.9792232513427734,1
entity_0568,entity_0567,1,tabpfn,0.9990496635437012,1
entity_0451,entity_0019,0,tabpfn,8.702202649146784e-06,0
entity_0945,entity_0943,1,tabpfn,0.9965991377830505,1
entity_0570,entity_0566,1,tabpfn,0.9984228014945984,1
entity_0472,entity_0324,0,tabpfn,1.0847928024304565e-05,0
entity_0805,entity_0803,1,tabpfn,0.9970969557762146,1
entity_0335,entity_0236,0,tabpfn,9.477048479311634e-06,0
entity_0509,entity_0812,0,tabpfn,2.861014763766434e-06,0
entity_0364,entity_0370,1,tabpfn,0.995727002620697,1
entity_0361,entity_0365,1,tabpfn,0.9982020258903503,1
entity_0448,entity_0355,0,tabpfn,1.7523458154755645e-05,0
entity_0490,entity_0482,1,tabpfn,0.9938979744911194,1
entity_0589,entity_0586,1,tabpfn,0.9980183243751526,1
entity_0133,entity_0137,1,tabpfn,0.9963160753250122,1
entity_0979,entity_0971,1,tabpfn,0.9836465716362,1
entity_0176,entity_0171,1,tabpfn,0.9939396977424622,1
entity_0936,entity_0715,0,tabpfn,2.741806156336679e-06,0
entity_0895,entity_0891,1,tabpfn,0.9964603781700134,1
entity_0313,entity_0318,1,tabpfn,0.9980259537696838,1
entity_0254,entity_0507,0,tabpfn,3.2186403586820234e-06,0
entity_0037,entity_0841,0,tabpfn,5.483597306010779e-06,0
entity_0137,entity_0514,0,tabpfn,6.437260253733257e-06,0
entity_0836,entity_0839,1,tabpfn,0.9973721504211426,1
entity_0888,entity_0561,0,tabpfn,4.649140464607626e-06,0
entity_0249,entity_0250,1,tabpfn,0.9961526393890381,1
entity_0409,entity_0447,0,tabpfn,7.700327114434913e-05,0
entity_0428,entity_0126,0,tabpfn,2.1457626644405536e-06,0
entity_0242,entity_0249,1,tabpfn,0.9834885001182556,1
entity_0605,entity_0152,0,tabpfn,3.933891093765851e-06,0
entity_0106,entity_0110,1,tabpfn,0.9964889287948608,1
entity_0560,entity_0318,0,tabpfn,3.278244548710063e-06,0
entity_0770,entity_0764,1,tabpfn,0.9904384016990662,1
entity_0018,entity_0331,0,tabpfn,2.6822019663086394e-06,0
entity_0446,entity_0450,1,tabpfn,0.9982934594154358,1
entity_0261,entity_0268,1,tabpfn,0.9924561977386475,1
entity_0858,entity_0403,0,tabpfn,2.801410346364719e-06,0
entity_0718,entity_0713,1,tabpfn,0.9959949851036072,1
entity_0199,entity_0721,0,tabpfn,3.8146827137097716e-06,0
entity_0031,entity_0894,0,tabpfn,4.17230785387801e-06,0
entity_0365,entity_0362,1,tabpfn,0.9987462759017944,1
entity_0357,entity_0996,0,tabpfn,7.748543794150464e-06,0
entity_0089,entity_0793,0,tabpfn,5.245181455393322e-06,0
entity_0166,entity_0858,0,tabpfn,6.318052328424528e-06,0
entity_0003,entity_0905,0,tabpfn,2.026516813202761e-05,0
entity_0823,entity_0343,0,tabpfn,2.443784524075454e-06,0
entity_0166,entity_0802,0,tabpfn,6.675675649603363e-06,0
entity_0253,entity_0156,0,tabpfn,7.98695873527322e-06,0
entity_0060,entity_0058,1,tabpfn,0.9957308173179626,1
entity_0535,entity_0540,1,tabpfn,0.9923956990242004,1
entity_0858,entity_0851,1,tabpfn,0.9961811304092407,1
entity_0189,entity_0187,1,tabpfn,0.9967055916786194,1
entity_0618,entity_0613,1,tabpfn,0.9969162940979004,1
entity_0324,entity_0330,1,tabpfn,0.9970988631248474,1
entity_0526,entity_0527,1,tabpfn,0.9984808564186096,1
entity_0120,entity_0406,0,tabpfn,9.894272807287052e-06,0
entity_0872,entity_0874,1,tabpfn,0.9979041218757629,1
entity_0358,entity_0999,0,tabpfn,1.1920787073904648e-05,0
entity_0988,entity_0985,1,tabpfn,0.9972148537635803,1
entity_0004,entity_0008,1,tabpfn,0.9266446828842163,1
entity_0353,entity_0282,0,tabpfn,1.2218803931318689e-05,0
entity_0169,entity_0165,1,tabpfn,0.99560546875,1
entity_0660,entity_0063,0,tabpfn,3.99349482904654e-06,0
entity_0538,entity_0536,1,tabpfn,0.9987561106681824,1
entity_0928,entity_0924,1,tabpfn,0.9944809675216675,1
entity_0861,entity_0867,1,tabpfn,0.9936902523040771,1
entity_0593,entity_0245,0,tabpfn,3.4570573461678578e-06,0
entity_0376,entity_0378,1,tabpfn,0.998270571231842,1
entity_0255,entity_0483,0,tabpfn,3.99349482904654e-06,0
entity_0514,entity_0081,0,tabpfn,3.4570573461678578e-06,0
entity_0936,entity_0931,1,tabpfn,0.9948781132698059,1
entity_0774,entity_0771,1,tabpfn,0.9953905940055847,1
entity_0268,entity_0265,1,tabpfn,0.9977176785469055,1
entity_0571,entity_0532,0,tabpfn,7.819518214091659e-05,0
entity_0739,entity_0702,0,tabpfn,4.964820618624799e-05,0
entity_0909,entity_0630,0,tabpfn,3.695474333653692e-06,0
entity_0460,entity_0216,0,tabpfn,1.549718376736564e-06,0
entity_0732,entity_0736,1,tabpfn,0.9954763650894165,1
entity_0707,entity_0708,1,tabpfn,0.9976803660392761,1
entity_0113,entity_0119,1,tabpfn,0.9934855699539185,1
entity_0375,entity_0373,1,tabpfn,0.9973023533821106,1
entity_0785,entity_0238,0,tabpfn,4.11270366384997e-06,0
entity_0770,entity_0762,1,tabpfn,0.9667673707008362,1
entity_0708,entity_0701,1,tabpfn,0.9942392110824585,1
entity_0386,entity_0387,1,tabpfn,0.9989938735961914,1
entity_0561,entity_0563,1,tabpfn,0.9976860880851746,1
entity_0791,entity_0024,0,tabpfn,5.483597306010779e-06,0
entity_0594,entity_0591,1,tabpfn,0.9983391761779785,1
entity_0268,entity_0263,1,tabpfn,0.9964320659637451,1
entity_0462,entity_0170,0,tabpfn,1.549718376736564e-06,0
entity_0504,entity_0507,1,tabpfn,0.9983571171760559,1
entity_0535,entity_0931,0,tabpfn,3.3378489661117783e-06,0
entity_0533,entity_0537,1,tabpfn,0.9975985288619995,1
entity_0435,entity_0932,0,tabpfn,3.4570573461678578e-06,0
entity_0775,entity_0237,0,tabpfn,3.635870370999328e-06,0
entity_0667,entity_0664,1,tabpfn,0.9983789920806885,1
entity_0326,entity_0324,1,tabpfn,0.9990691542625427,1
entity_0428,entity_0861,0,tabpfn,2.622597548906924e-06,0
entity_0496,entity_0250,0,tabpfn,2.503388714103494e-06,0
entity_0679,entity_0672,1,tabpfn,0.9903326034545898,1
entity_0558,entity_0496,0,tabpfn,2.1278407075442374e-05,0
entity_0708,entity_0710,1,tabpfn,0.9965668320655823,1
entity_0581,entity_0769,0,tabpfn,5.185576810617931e-06,0
entity_0922,entity_0004,0,tabpfn,1.1324754268571269e-05,0
entity_0845,entity_0117,0,tabpfn,3.4570573461678578e-06,0
entity_0871,entity_0877,1,tabpfn,0.9837666153907776,1
entity_0071,entity_0080,1,tabpfn,0.9823019504547119,1
entity_0957,entity_0113,0,tabpfn,3.099431978625944e-06,0
entity_0316,entity_0315,1,tabpfn,0.999028205871582,1
entity_0194,entity_0192,1,tabpfn,0.9969771504402161,1
entity_0377,entity_0380,1,tabpfn,0.9985066056251526,1
entity_0965,entity_0966,1,tabpfn,0.9981639385223389,1
entity_0868,entity_0869,1,tabpfn,0.9982504844665527,1
entity_0759,entity_0755,1,tabpfn,0.995303213596344,1
entity_0733,entity_0735,1,tabpfn,0.9945492148399353,1
entity_0571,entity_0573,1,tabpfn,0.9969295859336853,1
entity_0606,entity_0601,1,tabpfn,0.9960177540779114,1
entity_0435,entity_0054,0,tabpfn,2.861014763766434e-06,0
entity_0974,entity_0972,1,tabpfn,0.9974368214607239,1
entity_0587,entity_0586,1,tabpfn,0.9981544613838196,1
entity_0564,entity_0568,1,tabpfn,0.9976270794868469,1
entity_0547,entity_0108,0,tabpfn,3.874287358485162e-06,0
entity_0074,entity_0077,1,tabpfn,0.996260941028595,1
entity_0051,entity_0820,0,tabpfn,6.079636932554422e-06,0
entity_0945,entity_0559,0,tabpfn,5.722013156628236e-06,0
entity_0499,entity_0212,0,tabpfn,2.503388714103494e-06,0
entity_0780,entity_0775,1,tabpfn,0.9933307766914368,1
entity_0432,entity_0007,0,tabpfn,7.033298516034847e-06,0
entity_0867,entity_0910,0,tabpfn,4.631066622096114e-05,0
entity_0661,entity_0346,0,tabpfn,4.768348844663706e-06,0
entity_0301,entity_0310,1,tabpfn,0.9644143581390381,1
entity_0698,entity_0615,0,tabpfn,6.85448685544543e-06,0
entity_0655,entity_0864,0,tabpfn,2.384180106673739e-06,0
entity_0789,entity_0786,1,tabpfn,0.9956852197647095,1
entity_0768,entity_0681,0,tabpfn,6.13924021308776e-06,0
entity_0786,entity_0784,1,tabpfn,0.9956852197647095,1
entity_0367,entity_0488,0,tabpfn,7.271713911904953e-06,0
entity_0710,entity_0940,0,tabpfn,1.6689273252268322e-06,0
entity_0909,entity_0492,0,tabpfn,5.781617346656276e-06,0
entity_0727,entity_0901,0,tabpfn,2.384180106673739e-06,0
entity_0622,entity_0087,0,tabpfn,3.5762659535976127e-06,0
entity_0186,entity_0045,0,tabpfn,6.675675649603363e-06,0
entity_0026,entity_0030,1,tabpfn,0.9834134578704834,1
entity_0084,entity_0036,0,tabpfn,0.0003104761999566108,0
entity_0733,entity_0792,0,tabpfn,9.059824151336215e-06,0
entity_0446,entity_0936,0,tabpfn,7.510128853027709e-06,0
entity_0453,entity_0459,1,tabpfn,0.9976251721382141,1
entity_0181,entity_0313,0,tabpfn,2.086158019665163e-06,0
entity_0440,entity_0600,0,tabpfn,6.4968644437612966e-06,0
entity_0082,entity_0049,0,tabpfn,0.0006754049682058394,0
entity_0063,entity_0067,1,tabpfn,0.9835485219955444,1
entity_0824,entity_0827,1,tabpfn,0.9972205758094788,1
entity_0561,entity_0565,1,tabpfn,0.9977442622184753,1
entity_0233,entity_0231,1,tabpfn,0.9965839385986328,1
entity_0480,entity_0515,0,tabpfn,5.3879695769865066e-05,0
entity_0022,entity_0025,1,tabpfn,0.9939472675323486,1
entity_0452,entity_0458,1,tabpfn,0.9962153434753418,1
entity_0762,entity_0318,0,tabpfn,4.231911589158699e-06,0
entity_0123,entity_0125,1,tabpfn,0.9985942244529724,1
entity_0309,entity_0751,0,tabpfn,2.384180106673739e-06,0
entity_0950,entity_0516,0,tabpfn,6.5564677242946345e-06,0
entity_0695,entity_0699,1,tabpfn,0.9960861802101135,1
entity_0539,entity_0532,1,tabpfn,0.995805025100708,1
entity_0874,entity_0879,1,tabpfn,0.9959455728530884,1
entity_0880,entity_0873,1,tabpfn,0.9917067885398865,1
entity_0725,entity_0723,1,tabpfn,0.997679591178894,1
entity_0451,entity_0460,1,tabpfn,0.9349444508552551,1
entity_0428,entity_0421,1,tabpfn,0.9897763133049011,1
entity_0862,entity_0869,1,tabpfn,0.9933080673217773,1
entity_0063,entity_0968,0,tabpfn,7.450525572494371e-06,0
entity_0900,entity_0015,0,tabpfn,5.185576810617931e-06,0
entity_0032,entity_0031,1,tabpfn,0.9918505549430847,1
entity_0633,entity_0637,1,tabpfn,0.9971463680267334,1
entity_0144,entity_0146,1,tabpfn,0.9966124296188354,1
entity_0717,entity_0304,0,tabpfn,6.1988448578631505e-06,0
entity_0147,entity_0840,0,tabpfn,6.079636932554422e-06,0
entity_0497,entity_0495,1,tabpfn,0.9990982413291931,1
entity_0190,entity_0183,1,tabpfn,0.9841647744178772,1
entity_0089,entity_0868,0,tabpfn,7.569732133561047e-06,0
entity_0361,entity_0366,1,tabpfn,0.9969162940979004,1
entity_0480,entity_0478,1,tabpfn,0.9985466003417969,1
entity_0834,entity_0896,0,tabpfn,7.033298516034847e-06,0
entity_0737,entity_0739,1,tabpfn,0.9974146485328674,1
entity_0316,entity_0087,0,tabpfn,1.9669496396090835e-06,0
entity_0598,entity_0595,1,tabpfn,0.997737467288971,1
entity_0333,entity_0181,0,tabpfn,2.2649712718703086e-06,0
entity_0521,entity_0530,1,tabpfn,0.87451171875,1
entity_0379,entity_0373,1,tabpfn,0.9975509643554688,1
entity_0719,entity_0713,1,tabpfn,0.9927211999893188,1
entity_0849,entity_0588,0,tabpfn,3.635870370999328e-06,0
entity_0994,entity_0472,0,tabpfn,1.2278405847609974e-05,0
entity_0973,entity_0380,0,tabpfn,8.82140921021346e-06,0
entity_0978,entity_0999,0,tabpfn,0.03449117764830589,0
entity_0627,entity_0628,1,tabpfn,0.9985056519508362,1
entity_0875,entity_0871,1,tabpfn,0.9975224733352661,1
entity_0139,entity_0796,0,tabpfn,5.900824817217654e-06,0
entity_0549,entity_0545,1,tabpfn,0.9982486963272095,1
entity_0571,entity_0913,0,tabpfn,2.6822019663086394e-06,0
entity_0064,entity_0809,0,tabpfn,5.543201496038819e-06,0
entity_0446,entity_0444,1,tabpfn,0.9989481568336487,1
entity_0319,entity_0314,1,tabpfn,0.994953989982605,1
entity_0210,entity_0208,1,tabpfn,0.9962647557258606,1
entity_0202,entity_0758,0,tabpfn,4.470327894523507e-06,0
entity_0445,entity_0415,0,tabpfn,0.0010480131022632122,0
entity_0817,entity_0835,0,tabpfn,0.10139796137809753,0
entity_0170,entity_0219,0,tabpfn,4.2436706280568615e-05,0
entity_0952,entity_0439,0,tabpfn,6.318052328424528e-06,0
entity_0879,entity_0871,1,tabpfn,0.9922707676887512,1
entity_0810,entity_0737,0,tabpfn,1.5020144928712398e-05,0
entity_0374,entity_0848,0,tabpfn,2.2649712718703086e-06,0
entity_0879,entity_0906,0,tabpfn,0.0005840695230290294,0
entity_0923,entity_0913,0,tabpfn,0.6121552586555481,1
entity_0408,entity_0404,1,tabpfn,0.997512936592102,1
entity_0160,entity_0154,1,tabpfn,0.9893408417701721,1
entity_0374,entity_0804,0,tabpfn,1.84774046374514e-06,0
entity_0960,entity_0953,1,tabpfn,0.9939207434654236,1
entity_0537,entity_0539,1,tabpfn,0.9987815022468567,1
entity_0223,entity_0453,0,tabpfn,4.17230785387801e-06,0
entity_0357,entity_0360,1,tabpfn,0.9985160827636719,1
entity_0010,entity_0008,1,tabpfn,0.9901361465454102,1
entity_0893,entity_0896,1,tabpfn,0.9976385235786438,1
entity_0065,entity_0064,1,tabpfn,0.9962343573570251,1
entity_0586,entity_0584,1,tabpfn,0.9982743859291077,1
entity_0677,entity_0676,1,tabpfn,0.998611330986023,1
entity_0964,entity_0385,0,tabpfn,7.688940968364477e-06,0
entity_0018,entity_0004,0,tabpfn,0.3243837058544159,0
entity_0708,entity_0727,0,tabpfn,0.0030190623365342617,0
entity_0620,entity_0617,1,tabpfn,0.9981325268745422,1
entity_0938,entity_0932,1,tabpfn,0.9918505549430847,1
entity_0947,entity_0751,0,tabpfn,2.0265538296371233e-06,0
entity_0921,entity_0949,0,tabpfn,0.0017027357826009393,0
entity_0539,entity_0705,0,tabpfn,3.5166615361958975e-06,0
entity_0767,entity_0541,0,tabpfn,3.695474333653692e-06,0
entity_0328,entity_0377,0,tabpfn,8.820709626888856e-05,0
entity_0088,entity_0009,0,tabpfn,0.00020035066700074822,0
entity_0902,entity_0846,0,tabpfn,5.125736788613722e-05,0
entity_0700,entity_0695,1,tabpfn,0.9956662654876709,1
entity_0729,entity_0727,1,tabpfn,0.9973531365394592,1
entity_0781,entity_0111,0,tabpfn,3.874287358485162e-06,0
entity_0271,entity_0272,1,tabpfn,0.9983049035072327,1
entity_0524,entity_0732,0,tabpfn,3.278244548710063e-06,0
entity_0611,entity_0613,1,tabpfn,0.9981667995452881,1
entity_0537,entity_0936,0,tabpfn,3.8146827137097716e-06,0
entity_0180,entity_0179,1,tabpfn,0.9956130385398865,1
entity_0103,entity_0102,1,tabpfn,0.9980706572532654,1
entity_0310,entity_0678,0,tabpfn,2.3245756892720237e-06,0
entity_0736,entity_0770,0,tabpfn,0.0002981727011501789,0
entity_0583,entity_0061,0,tabpfn,4.351120423962129e-06,0
entity_0088,entity_0084,1,tabpfn,0.9965877532958984,1
entity_0456,entity_0451,1,tabpfn,0.997691810131073,1
entity_0492,entity_0495,1,tabpfn,0.997835636138916,1
entity_0770,entity_0769,1,tabpfn,0.9963427186012268,1
entity_0378,entity_0377,1,tabpfn,0.9989148378372192,1
entity_0289,entity_0520,0,tabpfn,3.8146827137097716e-06,0
entity_0993,entity_0705,0,tabpfn,4.351120423962129e-06,0
entity_0467,entity_0461,1,tabpfn,0.9974767565727234,1
entity_0860,entity_0858,1,tabpfn,0.9981144666671753,1
entity_0107,entity_0051,0,tabpfn,0.00014898940571583807,0
entity_0362,entity_0944,0,tabpfn,4.17230785387801e-06,0
entity_0188,entity_0312,0,tabpfn,2.2649712718703086e-06,0
entity_0460,entity_0454,1,tabpfn,0.9958316087722778,1
entity_0277,entity_0357,0,tabpfn,8.046561561059207e-06,0
entity_0040,entity_0015,0,tabpfn,0.011831836774945259,0
entity_0234,entity_0232,1,tabpfn,0.9961754679679871,1
entity_0756,entity_0751,1,tabpfn,0.9912790060043335,1
entity_0031,entity_0245,0,tabpfn,2.1457626644405536e-06,0
entity_0215,entity_0794,0,tabpfn,4.17230785387801e-06,0
entity_0916,entity_0888,0,tabpfn,0.00036673236172646284,0
entity_0450,entity_0174,0,tabpfn,1.6689273252268322e-06,0
entity_0103,entity_0223,0,tabpfn,1.6093226804514416e-06,0
entity_0911,entity_0919,1,tabpfn,0.976219892501831,1
entity_0380,entity_0573,0,tabpfn,4.11270366384997e-06,0
entity_0051,entity_0060,1,tabpfn,0.8115234375,1
entity_0649,entity_0643,1,tabpfn,0.9955447316169739,1
entity_0999,entity_0991,1,tabpfn,0.9839017391204834,1
entity_0749,entity_0575,0,tabpfn,3.4570573461678578e-06,0
entity_0825,entity_0122,0,tabpfn,3.5762659535976127e-06,0
entity_0414,entity_0429,0,tabpfn,0.02297903597354889,0
entity_0966,entity_0403,0,tabpfn,8.106166205834597e-06,0
entity_0394,entity_0399,1,tabpfn,0.9946175217628479,1
entity_0541,entity_0683,0,tabpfn,4.529932539298898e-06,0
entity_0352,entity_0646,0,tabpfn,2.6822019663086394e-06,0
entity_0925,entity_0921,1,tabpfn,0.9961488246917725,1
entity_0194,entity_0197,1,tabpfn,0.9950602650642395,1
entity_0847,entity_0699,0,tabpfn,3.933891093765851e-06,0
entity_0989,entity_0297,0,tabpfn,5.36438938070205e-06,0
entity_0388,entity_0230,0,tabpfn,2.741806156336679e-06,0
entity_0332,entity_0716,0,tabpfn,1.490113959334849e-06,0
entity_0382,entity_0387,1,tabpfn,0.9938373565673828,1
entity_0054,entity_0502,0,tabpfn,4.231911589158699e-06,0
entity_0680,entity_0672,1,tabpfn,0.9776882529258728,1
entity_0555,entity_0560,1,tabpfn,0.9948136210441589,1
entity_0735,entity_0732,1,tabpfn,0.9961868524551392,1
entity_0263,entity_0518,0,tabpfn,1.3470467820297927e-05,0
entity_0648,entity_0645,1,tabpfn,0.998001217842102,1
entity_0912,entity_0314,0,tabpfn,4.410724159242818e-06,0
entity_0373,entity_0380,1,tabpfn,0.9864335060119629,1
entity_0705,entity_0155,0,tabpfn,3.8146827137097716e-06,0
entity_0951,entity_0427,0,tabpfn,6.318052328424528e-06,0
entity_0162,entity_0170,1,tabpfn,0.9579493403434753,1
entity_0500,entity_0764,0,tabpfn,1.84774046374514e-06,0
entity_0874,entity_0615,0,tabpfn,4.17230785387801e-06,0
entity_0428,entity_0103,0,tabpfn,2.3245756892720237e-06,0
entity_0432,entity_0500,0,tabpfn,4.791983883478679e-05,0
entity_0017,entity_0019,1,tabpfn,0.9934439063072205,1
entity_0128,entity_0121,1,tabpfn,0.9927060604095459,1
entity_0090,entity_0048,0,tabpfn,0.0003374132211320102,0
entity_0443,entity_0447,1,tabpfn,0.9983591437339783,1
entity_0682,entity_0683,1,tabpfn,0.997936487197876,1
entity_0797,entity_0751,0,tabpfn,3.874151661875658e-05,0
entity_0868,entity_0646,0,tabpfn,2.801410346364719e-06,0
entity_0504,entity_0586,0,tabpfn,7.867751264711842e-06,0
entity_0737,entity_0927,0,tabpfn,1.907344994833693e-06,0
entity_0777,entity_0780,1,tabpfn,0.9945947527885437,1
entity_0959,entity_0960,1,tabpfn,0.9983599781990051,1
entity_0130,entity_0125,1,tabpfn,0.9958924055099487,1
entity_0208,entity_0207,1,tabpfn,0.9959797859191895,1
entity_0906,entity_0412,0,tabpfn,4.768348844663706e-06,0
entity_0373,entity_0056,0,tabpfn,2.205367081842269e-06,0
entity_0905,entity_0398,0,tabpfn,3.3378489661117783e-06,0
entity_0514,entity_0512,1,tabpfn,0.998849093914032,1
entity_0744,entity_0424,0,tabpfn,5.245181455393322e-06,0
entity_0771,entity_0776,1,tabpfn,0.9897385239601135,1
entity_0746,entity_0257,0,tabpfn,6.318052328424528e-06,0
entity_0173,entity_0171,1,tabpfn,0.9967835545539856,1
entity_0782,entity_0788,1,tabpfn,0.9796267151832581,1
entity_0424,entity_0430,1,tabpfn,0.9830301403999329,1
entity_0270,entity_0265,1,tabpfn,0.9952386617660522,1
entity_0353,entity_0777,0,tabpfn,1.6093226804514416e-06,0
entity_0852,entity_0386,0,tabpfn,2.2649712718703086e-06,0
entity_0457,entity_0452,1,tabpfn,0.9978964924812317,1
entity_0360,entity_0514,0,tabpfn,8.702202649146784e-06,0
entity_0460,entity_0483,0,tabpfn,0.002931589260697365,0
entity_0641,entity_0035,0,tabpfn,4.529932539298898e-06,0
entity_0625,entity_0821,0,tabpfn,3.3378489661117783e-06,0
entity_0802,entity_0206,0,tabpfn,3.933891093765851e-06,0
entity_0993,entity_0992,1,tabpfn,0.9978546500205994,1
entity_0656,entity_0652,1,tabpfn,0.9965572953224182,1
entity_0082,entity_0087,1,tabpfn,0.994488537311554,1
entity_0772,entity_0256,0,tabpfn,3.635870370999328e-06,0
entity_0455,entity_0974,0,tabpfn,4.470327894523507e-06,0
entity_0483,entity_0485,1,tabpfn,0.9985551834106445,1
entity_0094,entity_0100,1,tabpfn,0.992914080619812,1
entity_0878,entity_0877,1,tabpfn,0.9976118803024292,1
entity_0275,entity_0280,1,tabpfn,0.9940458536148071,1
entity_0554,entity_0560,1,tabpfn,0.9914605617523193,1
entity_0783,entity_0890,0,tabpfn,5.36438938070205e-06,0
entity_0931,entity_0361,0,tabpfn,4.470327894523507e-06,0
entity_0690,entity_0163,0,tabpfn,4.11270366384997e-06,0
entity_0115,entity_0841,0,tabpfn,5.722013156628236e-06,0
entity_0217,entity_0013,0,tabpfn,1.1443960829637945e-05,0
entity_0342,entity_0350,1,tabpfn,0.96533203125,1
entity_0809,entity_0684,0,tabpfn,2.443784524075454e-06,0
entity_0423,entity_0430,1,tabpfn,0.9922783374786377,1
entity_0631,entity_0907,0,tabpfn,2.0265538296371233e-06,0
entity_0380,entity_0704,0,tabpfn,2.622597548906924e-06,0
entity_0349,entity_0344,1,tabpfn,0.9978870153427124,1
entity_0787,entity_0729,0,tabpfn,5.5131258704932407e-05,0
entity_0858,entity_0856,1,tabpfn,0.9983029961585999,1
entity_0124,entity_0405,0,tabpfn,2.861014763766434e-06,0
entity_0997,entity_0994,1,tabpfn,0.9987685084342957,1
entity_0269,entity_0849,0,tabpfn,3.8146827137097716e-06,0
entity_0808,entity_0506,0,tabpfn,4.529932539298898e-06,0
entity_0894,entity_0895,1,tabpfn,0.9962324500083923,1
entity_0212,entity_0217,1,tabpfn,0.9960557818412781,1
entity_0172,entity_0652,0,tabpfn,3.278244548710063e-06,0
entity_0438,entity_0154,0,tabpfn,1.6093226804514416e-06,0
entity_0922,entity_0924,1,tabpfn,0.9975414872169495,1
entity_0562,entity_0566,1,tabpfn,0.9973233342170715,1
entity_0737,entity_0738,1,tabpfn,0.9956814050674438,1
entity_0223,entity_0508,0,tabpfn,2.622597548906924e-06,0
entity_0676,entity_0678,1,tabpfn,0.9985370635986328,1
entity_0635,entity_0634,1,tabpfn,0.9972985982894897,1
entity_0765,entity_0762,1,tabpfn,0.9954004287719727,1
entity_0537,entity_0535,1,tabpfn,0.9986342191696167,1
entity_0513,entity_0515,1,tabpfn,0.9984761476516724,1
entity_0431,entity_0438,1,tabpfn,0.9925017356872559,1
entity_0303,entity_0656,0,tabpfn,2.443784524075454e-06,0
entity_0437,entity_0440,1,tabpfn,0.9985418319702148,1
entity_0686,entity_0689,1,tabpfn,0.997353732585907,1
entity_0075,entity_0592,0,tabpfn,3.4570573461678578e-06,0
entity_0668,entity_0661,1,tabpfn,0.988040030002594,1
entity_0667,entity_0665,1,tabpfn,0.9989062547683716,1
entity_0981,entity_0986,1,tabpfn,0.993137538433075,1
entity_0820,entity_0704,0,tabpfn,3.7550782963080565e-06,0
entity_0925,entity_0928,1,tabpfn,0.9944392442703247,1
entity_0404,entity_0317,0,tabpfn,8.523391443304718e-06,0
entity_0256,entity_0254,1,tabpfn,0.997757613658905,1
entity_0471,entity_0480,1,tabpfn,0.78173828125,1
entity_0003,entity_0001,1,tabpfn,0.9923086166381836,1
entity_0510,entity_0507,1,tabpfn,0.9984143972396851,1
entity_0383,entity_0389,1,tabpfn,0.9908632040023804,1
entity_0210,entity_0286,0,tabpfn,1.9013519704458304e-05,0
entity_0362,entity_0639,0,tabpfn,2.741806156336679e-06,0
entity_0509,entity_0079,0,tabpfn,2.980223371196189e-06,0
entity_0456,entity_0609,0,tabpfn,4.947160960000474e-06,0
entity_0942,entity_0941,1,tabpfn,0.9976118803024292,1
entity_0786,entity_0022,0,tabpfn,3.874287358485162e-06,0
entity_0902,entity_0906,1,tabpfn,0.9901588559150696,1
entity_0517,entity_0516,1,tabpfn,0.998567521572113,1
entity_0838,entity_0840,1,tabpfn,0.9984344244003296,1
entity_0087,entity_0762,0,tabpfn,4.529932539298898e-06,0
entity_0857,entity_0591,0,tabpfn,3.7550782963080565e-06,0
entity_0705,entity_0144,0,tabpfn,4.410724159242818e-06,0
entity_0525,entity_0523,1,tabpfn,0.9984247088432312,1
entity_0504,entity_0509,1,tabpfn,0.9949957132339478,1
entity_0879,entity_0276,0,tabpfn,2.9206191811681492e-06,0
entity_0830,entity_0821,1,tabpfn,0.9778781533241272,1
entity_0331,entity_0340,1,tabpfn,0.9513460993766785,1
entity_0149,entity_0657,0,tabpfn,3.8146827137097716e-06,0
entity_0776,entity_0775,1,tabpfn,0.9956206679344177,1
entity_0578,entity_0202,0,tabpfn,4.470327894523507e-06,0
entity_0806,entity_0093,0,tabpfn,3.5166615361958975e-06,0
entity_0750,entity_0747,1,tabpfn,0.995533287525177,1
entity_0977,entity_0232,0,tabpfn,4.768348844663706e-06,0
entity_0806,entity_0134,0,tabpfn,4.410724159242818e-06,0
entity_0565,entity_0095,0,tabpfn,3.8146827137097716e-06,0
entity_0605,entity_0609,1,tabpfn,0.9958885908126831,1
entity_0061,entity_0064,1,tabpfn,0.9964147806167603,1
entity_0592,entity_0594,1,tabpfn,0.9967341423034668,1
entity_0752,entity_0753,1,tabpfn,0.9950640201568604,1
entity_0442,entity_0446,1,tabpfn,0.9989386796951294,1
entity_0363,entity_0361,1,tabpfn,0.9979840517044067,1
entity_0785,entity_0789,1,tabpfn,0.9932171106338501,1
entity_0252,entity_0257,1,tabpfn,0.9929065108299255,1
entity_0664,entity_0686,0,tabpfn,0.0006429911009036005,0
entity_0185,entity_0584,0,tabpfn,2.622597548906924e-06,0
entity_0247,entity_0249,1,tabpfn,0.9977907538414001,1
entity_0895,entity_0227,0,tabpfn,3.099431978625944e-06,0
entity_0938,entity_0888,0,tabpfn,0.0001115078484872356,0
entity_0520,entity_0745,0,tabpfn,4.947160960000474e-06,0
entity_0217,entity_0596,0,tabpfn,1.907344994833693e-06,0
entity_0545,entity_0541,1,tabpfn,0.9982201457023621,1
entity_0116,entity_0119,1,tabpfn,0.9982506036758423,1
entity_0134,entity_0139,1,tabpfn,0.9975662231445312,1
entity_0299,entity_0845,0,tabpfn,3.099431978625944e-06,0
entity_0978,entity_0677,0,tabpfn,3.3974533835134935e-06,0
entity_0276,entity_0277,1,tabpfn,0.998270571231842,1
entity_0636,entity_0633,1,tabpfn,0.998831033706665,1
entity_0881,entity_0886,1,tabpfn,0.9925244450569153,1
entity_0090,entity_0237,0,tabpfn,2.1457626644405536e-06,0
entity_0899,entity_0234,0,tabpfn,3.2186403586820234e-06,0
entity_0801,entity_0805,1,tabpfn,0.9946364760398865,1
entity_0134,entity_0447,0,tabpfn,2.622597548906924e-06,0
entity_0799,entity_0008,0,tabpfn,2.1159199604880996e-05,0
entity_0593,entity_0597,1,tabpfn,0.9934596419334412,1
entity_0737,entity_0338,0,tabpfn,3.99349482904654e-06,0
entity_0742,entity_0850,0,tabpfn,4.589536729326937e-06,0
entity_0034,entity_0772,0,tabpfn,5.006765150028514e-06,0
entity_0330,entity_0667,0,tabpfn,2.1457626644405536e-06,0
entity_0020,entity_0135,0,tabpfn,1.3947292245575227e-05,0
entity_0793,entity_0797,1,tabpfn,0.9929633140563965,1
entity_0508,entity_0670,0,tabpfn,3.5762659535976127e-06,0
entity_0969,entity_0392,0,tabpfn,7.748543794150464e-06,0
entity_0198,entity_0969,0,tabpfn,1.2159199286543299e-05,0
entity_0954,entity_0953,1,tabpfn,0.9978375434875488,1
entity_0687,entity_0331,0,tabpfn,5.483597306010779e-06,0
entity_0881,entity_0935,0,tabpfn,1.710624019324314e-05,0
entity_0298,entity_0338,0,tabpfn,0.00011228254152229056,0
entity_0364,entity_0365,1,tabpfn,0.998932957649231,1
entity_0234,entity_0231,1,tabpfn,0.9971787333488464,1
entity_0039,entity_0036,1,tabpfn,0.9932777285575867,1
entity_0760,entity_0755,1,tabpfn,0.9950602650642395,1
entity_0660,entity_0395,0,tabpfn,6.437260253733257e-06,0
entity_0198,entity_0630,0,tabpfn,2.384180106673739e-06,0
entity_0118,entity_0022,0,tabpfn,4.5178279833635315e-05,0
entity_0994,entity_0999,1,tabpfn,0.9949653744697571,1
entity_0236,entity_0232,1,tabpfn,0.9947730898857117,1
entity_0630,entity_0204,0,tabpfn,4.2915162339340895e-06,0
entity_0241,entity_0308,0,tabpfn,2.2530048227054067e-05,0
entity_0516,entity_0523,0,tabpfn,0.9873649477958679,1
entity_0614,entity_0615,1,tabpfn,0.9984742403030396,1
entity_0521,entity_0735,0,tabpfn,2.1457626644405536e-06,0
entity_0221,entity_0895,0,tabpfn,5.483597306010779e-06,0
entity_0171,entity_0596,0,tabpfn,2.9206191811681492e-06,0
entity_0855,entity_0853,1,tabpfn,0.9979993104934692,1
entity_0070,entity_0849,0,tabpfn,6.735279839631403e-06,0
entity_0483,entity_0272,0,tabpfn,2.1457626644405536e-06,0
entity_0938,entity_0925,0,tabpfn,0.6376953125,1
entity_0781,entity_0785,1,tabpfn,0.9879286289215088,1
entity_0804,entity_0843,0,tabpfn,0.0002488470636308193,0
entity_0057,entity_0052,1,tabpfn,0.9923616647720337,1
entity_0642,entity_0783,0,tabpfn,3.933891093765851e-06,0
entity_0105,entity_0107,1,tabpfn,0.9977937340736389,1
entity_0897,entity_0898,1,tabpfn,0.9970018267631531,1
entity_0002,entity_0007,1,tabpfn,0.9310386776924133,1
entity_0062,entity_0047,0,tabpfn,0.26953125,0
entity_0631,entity_0981,0,tabpfn,4.053099473821931e-06,0
entity_0976,entity_0971,1,tabpfn,0.9968991875648499,1
entity_0028,entity_0026,1,tabpfn,0.993916928768158,1
entity_0917,entity_0911,1,tabpfn,0.9951285719871521,1
entity_0407,entity_0782,0,tabpfn,2.086158019665163e-06,0
entity_0102,entity_0410,0,tabpfn,2.0265538296371233e-06,0
entity_0387,entity_0381,1,tabpfn,0.9915176630020142,1
entity_0628,entity_0424,0,tabpfn,6.794883120164741e-06,0
entity_0632,entity_0635,1,tabpfn,0.9972491264343262,1
entity_0058,entity_0114,0,tabpfn,2.2232039555092342e-05,0
entity_0321,entity_0329,1,tabpfn,0.9674032330513,1
entity_0316,entity_0878,0,tabpfn,3.5166615361958975e-06,0
entity_0421,entity_0371,0,tabpfn,4.4582287955563515e-05,0
entity_0544,entity_0543,1,tabpfn,0.9990949034690857,1
entity_0305,entity_0493,0,tabpfn,4.11270366384997e-06,0
entity_0405,entity_0339,0,tabpfn,3.725151691469364e-05,0
entity_0946,entity_0704,0,tabpfn,3.2186403586820234e-06,0
entity_0304,entity_0573,0,tabpfn,4.17230785387801e-06,0
entity_0183,entity_0785,0,tabpfn,5.3047856454213616e-06,0
entity_0100,entity_0534,0,tabpfn,2.980223371196189e-06,0
entity_0499,entity_0493,1,tabpfn,0.9980049729347229,1
entity_0422,entity_0654,0,tabpfn,2.443784524075454e-06,0
entity_0801,entity_0802,1,tabpfn,0.9970170855522156,1
entity_0757,entity_0760,1,tabpfn,0.9952006936073303,1
entity_0879,entity_0668,0,tabpfn,2.503388714103494e-06,0
entity_0178,entity_0398,0,tabpfn,3.3378489661117783e-06,0
entity_0052,entity_0058,1,tabpfn,0.988077700138092,1
entity_0209,entity_0205,1,tabpfn,0.996534526348114,1
entity_0780,entity_0778,1,tabpfn,0.9967319369316101,1
entity_0144,entity_0843,0,tabpfn,5.6624089666001964e-06,0
entity_0441,entity_0444,1,tabpfn,0.9991596937179565,1
entity_0477,entity_0867,0,tabpfn,2.622597548906924e-06,0
entity_0426,entity_0428,1,tabpfn,0.9991596937179565,1
entity_0664,entity_0669,1,tabpfn,0.9942847490310669,1
entity_0852,entity_0860,1,tabpfn,0.9782171249389648,1
entity_0557,entity_0473,0,tabpfn,2.2172436729306355e-05,0
entity_0588,entity_0318,0,tabpfn,4.17230785387801e-06,0
entity_0527,entity_0529,1,tabpfn,0.9977831840515137,1
entity_0782,entity_0781,1,tabpfn,0.9957460165023804,1
entity_0687,entity_0001,0,tabpfn,1.7761869457899593e-05,0
entity_0565,entity_0579,0,tabpfn,0.0272398479282856,0
entity_0962,entity_0132,0,tabpfn,3.5762659535976127e-06,0
entity_0760,entity_0868,0,tabpfn,5.006765150028514e-06,0
entity_0321,entity_0856,0,tabpfn,3.2186403586820234e-06,0
entity_0197,entity_0615,0,tabpfn,2.384180106673739e-06,0
entity_0605,entity_0610,1,tabpfn,0.9877628087997437,1
entity_0541,entity_0375,0,tabpfn,7.092901796568185e-06,0
entity_0062,entity_0070,1,tabpfn,0.9550198316574097,1
entity_0249,entity_0908,0,tabpfn,5.543201496038819e-06,0
entity_0924,entity_0980,0,tabpfn,4.6131866838550195e-05,0
entity_0910,entity_0578,0,tabpfn,3.99349482904654e-06,0
entity_0175,entity_0107,0,tabpfn,4.172151238890365e-05,0
entity_0319,entity_0057,0,tabpfn,2.0265538296371233e-06,0
entity_0280,entity_0123,0,tabpfn,3.159036396027659e-06,0
entity_0911,entity_0912,1,tabpfn,0.996295154094696,1
entity_0562,entity_0035,0,tabpfn,4.529932539298898e-06,0
entity_0161,entity_0534,0,tabpfn,2.384180106673739e-06,0
entity_0263,entity_0429,0,tabpfn,5.781617346656276e-06,0
entity_0677,entity_0206,0,tabpfn,3.933891093765851e-06,0
entity_0945,entity_0944,1,tabpfn,0.9972338676452637,1
entity_0120,entity_0114,1,tabpfn,0.9944695830345154,1
entity_0367,entity_0423,0,tabpfn,9.214028978021815e-05,0
entity_0918,entity_0916,1,tabpfn,0.9976232647895813,1
entity_0187,entity_0183,1,tabpfn,0.9959721565246582,1
entity_0308,entity_0310,1,tabpfn,0.9985904097557068,1
entity_0178,entity_0634,0,tabpfn,2.9206191811681492e-06,0
entity_0562,entity_0062,0,tabpfn,3.5166615361958975e-06,0
entity_0675,entity_0492,0,tabpfn,7.569732133561047e-06,0
entity_0271,entity_0274,1,tabpfn,0.998014509677887,1
entity_0770,entity_0761,1,tabpfn,0.9463757276535034,1
entity_0802,entity_0091,0,tabpfn,4.410724159242818e-06,0
entity_0198,entity_0094,0,tabpfn,1.186118333862396e-05,0
entity_0569,entity_0565,1,tabpfn,0.9981772899627686,1
entity_0002,entity_0003,1,tabpfn,0.987591028213501,1
entity_0419,entity_0413,1,tabpfn,0.990946352481842,1
entity_0301,entity_0303,1,tabpfn,0.9959417581558228,1
entity_0577,entity_0228,0,tabpfn,2.443784524075454e-06,0
entity_0980,entity_0272,0,tabpfn,4.11270366384997e-06,0
entity_0440,entity_0234,0,tabpfn,1.6093226804514416e-06,0
entity_0346,entity_0742,0,tabpfn,2.861014763766434e-06,0
entity_0206,entity_0569,0,tabpfn,2.2649712718703086e-06,0
entity_0426,entity_0369,0,tabpfn,3.361588824191131e-05,0
entity_0923,entity_0154,0,tabpfn,3.635870370999328e-06,0
entity_0200,entity_0194,1,tabpfn,0.989814043045044,1
entity_0826,entity_0827,1,tabpfn,0.9985770583152771,1
entity_0247,entity_0895,0,tabpfn,5.006765150028514e-06,0
entity_0058,entity_0053,1,tabpfn,0.9925055503845215,1
entity_0811,entity_0812,1,tabpfn,0.9979098439216614,1
entity_0928,entity_0922,1,tabpfn,0.9943985939025879,1
entity_0084,entity_0089,1,tabpfn,0.9951741099357605,1
entity_0701,entity_0704,1,tabpfn,0.9964945912361145,1
entity_0528,entity_0527,1,tabpfn,0.999049186706543,1
entity_0626,entity_0629,1,tabpfn,0.9974862933158875,1
entity_0746,entity_0742,1,tabpfn,0.9959873557090759,1
entity_0762,entity_0215,0,tabpfn,3.4570573461678578e-06,0
entity_0679,entity_0678,1,tabpfn,0.9987643361091614,1
entity_0955,entity_0951,1,tabpfn,0.9964832067489624,1
entity_0721,entity_0653,0,tabpfn,1.8834713046089746e-05,0
entity_0316,entity_0319,1,tabpfn,0.998683750629425,1
entity_0258,entity_0075,0,tabpfn,2.6822019663086394e-06,0
entity_0169,entity_0013,0,tabpfn,2.002676046686247e-05,0
entity_0744,entity_0746,1,tabpfn,0.9961906671524048,1
entity_0136,entity_0131,1,tabpfn,0.9949501752853394,1
entity_0134,entity_0864,0,tabpfn,6.318052328424528e-06,0
entity_0407,entity_0404,1,tabpfn,0.9979478716850281,1
entity_0572,entity_0032,0,tabpfn,4.529932539298898e-06,0
entity_0488,entity_0100,0,tabpfn,3.099431978625944e-06,0
entity_0441,entity_0448,1,tabpfn,0.9847580790519714,1
entity_0607,entity_0799,0,tabpfn,3.5762659535976127e-06,0
entity_0556,entity_0004,0,tabpfn,8.463787708024029e-06,0
entity_0848,entity_0846,1,tabpfn,0.9986199140548706,1
entity_0601,entity_0607,1,tabpfn,0.9795370101928711,1
entity_0104,entity_0062,0,tabpfn,0.00021607974485959858,0
entity_0091,entity_0092,1,tabpfn,0.9976651668548584,1
entity_0060,entity_0045,0,tabpfn,0.2887478768825531,0
entity_0351,entity_0353,1,tabpfn,0.9988481402397156,1
entity_0223,entity_0593,0,tabpfn,1.9669496396090835e-06,0
entity_0586,entity_0585,1,tabpfn,0.9979821443557739,1
entity_0837,entity_0831,1,tabpfn,0.9975471496582031,1
entity_0125,entity_0121,1,tabpfn,0.9973347187042236,1
entity_0388,entity_0519,0,tabpfn,7.92735499999253e-06,0
entity_0901,entity_0806,0,tabpfn,8.225373676395975e-06,0
entity_0708,entity_0722,0,tabpfn,0.16288156807422638,0
entity_0004,entity_0478,0,tabpfn,1.633140527701471e-05,0
entity_0770,entity_0975,0,tabpfn,2.622597548906924e-06,0
entity_0911,entity_0913,1,tabpfn,0.9949236512184143,1
entity_0447,entity_0177,0,tabpfn,1.84774046374514e-06,0
entity_0309,entity_0343,0,tabpfn,0.00011132907820865512,0
entity_0324,entity_0728,0,tabpfn,1.6093226804514416e-06,0
entity_0431,entity_0435,1,tabpfn,0.9986656308174133,1
entity_0266,entity_0264,1,tabpfn,0.9962894916534424,1
entity_0200,entity_0192,1,tabpfn,0.9812806248664856,1
entity_0025,entity_0053,0,tabpfn,0.000704003672581166,0
entity_0209,entity_0210,1,tabpfn,0.9960785508155823,1
entity_0736,entity_0734,1,tabpfn,0.995998740196228,1
entity_0829,entity_0427,0,tabpfn,2.861014763766434e-06,0
entity_0369,entity_0206,0,tabpfn,7.92735499999253e-06,0
entity_0553,entity_0552,1,tabpfn,0.9987380504608154,1
entity_0197,entity_0642,0,tabpfn,2.861014763766434e-06,0
entity_0045,entity_0044,1,tabpfn,0.9939889311790466,1
entity_0493,entity_0755,0,tabpfn,1.907344994833693e-06,0
entity_0503,entity_0165,0,tabpfn,2.6822019663086394e-06,0
entity_0970,entity_0350,0,tabpfn,7.033298516034847e-06,0
entity_0629,entity_0624,1,tabpfn,0.9982506036758423,1
entity_0214,entity_0213,1,tabpfn,0.9966694712638855,1
entity_0471,entity_0478,1,tabpfn,0.9836385846138,1
entity_0530,entity_0736,0,tabpfn,2.801410346364719e-06,0
entity_0212,entity_0219,1,tabpfn,0.9582124948501587,1
entity_0608,entity_0641,0,tabpfn,9.821880667004734e-05,0
entity_0139,entity_0726,0,tabpfn,5.125973075337242e-06,0
entity_0146,entity_0482,0,tabpfn,3.3378489661117783e-06,0
entity_0422,entity_0271,0,tabpfn,9.000219506560825e-06,0
entity_0608,entity_0854,0,tabpfn,2.622597548906924e-06,0
entity_0674,entity_0672,1,tabpfn,0.9984323382377625,1
entity_0489,entity_0488,1,tabpfn,0.9985998868942261,1
entity_0074,entity_0115,0,tabpfn,0.00015447137411683798,0
entity_0720,entity_0712,1,tabpfn,0.9780870676040649,1
entity_0463,entity_0365,0,tabpfn,1.9132725356030278e-05,0
entity_0745,entity_0741,1,tabpfn,0.9964736700057983,1
entity_0348,entity_0594,0,tabpfn,2.861014763766434e-06,0
entity_0882,entity_0889,1,tabpfn,0.9903023838996887,1
entity_0948,entity_0925,0,tabpfn,0.003758035833016038,0
entity_0847,entity_0845,1,tabpfn,0.9980821013450623,1
entity_0035,entity_0460,0,tabpfn,3.3378489661117783e-06,0
entity_0839,entity_0833,1,tabpfn,0.9966732859611511,1
entity_0593,entity_0595,1,tabpfn,0.9967870116233826,1
entity_0566,entity_0561,1,tabpfn,0.9978983998298645,1
entity_0581,entity_0590,1,tabpfn,0.65380859375,1
entity_0107,entity_0066,0,tabpfn,0.00032819464104250073,0
entity_0671,entity_0996,0,tabpfn,3.695474333653692e-06,0
entity_0390,entity_0436,0,tabpfn,0.00010078128980239853,0
entity_0964,entity_0748,0,tabpfn,2.443784524075454e-06,0
entity_0645,entity_0347,0,tabpfn,5.006765150028514e-06,0
entity_0723,entity_0316,0,tabpfn,5.483597306010779e-06,0
entity_0511,entity_0248,0,tabpfn,2.861014763766434e-06,0
entity_0265,entity_0053,0,tabpfn,2.086158019665163e-06,0
entity_0425,entity_0430,1,tabpfn,0.9949578046798706,1
entity_0317,entity_0320,1,tabpfn,0.9986662864685059,1
entity_0669,entity_0510,0,tabpfn,5.722013156628236e-06,0
entity_0269,entity_0261,1,tabpfn,0.9803939461708069,1
entity_0314,entity_0315,1,tabpfn,0.9989681839942932,1
entity_0315,entity_0317,1,tabpfn,0.9967851042747498,1
entity_0957,entity_0035,0,tabpfn,5.722013156628236e-06,0
entity_0112,entity_0773,0,tabpfn,4.887556769972434e-06,0
entity_0440,entity_0844,0,tabpfn,3.0398275612242287e-06,0
entity_0474,entity_0479,1,tabpfn,0.9970113635063171,1
entity_0149,entity_0489,0,tabpfn,3.099431978625944e-06,0
entity_0796,entity_0794,1,tabpfn,0.9969068169593811,1
entity_0436,entity_0438,1,tabpfn,0.9981096982955933,1
entity_0483,entity_0486,1,tabpfn,0.9984923005104065,1
entity_0021,entity_0271,0,tabpfn,3.4570573461678578e-06,0
entity_0131,entity_0214,0,tabpfn,5.125973075337242e-06,0
entity_0942,entity_0944,1,tabpfn,0.9969619512557983,1
entity_0566,entity_0138,0,tabpfn,4.053099473821931e-06,0
entity_0480,entity_0472,1,tabpfn,0.9929898381233215,1
entity_0557,entity_0496,0,tabpfn,2.0741985281347297e-05,0
entity_0009,entity_0815,0,tabpfn,4.529932539298898e-06,0
entity_0898,entity_0077,0,tabpfn,3.159036396027659e-06,0
entity_0970,entity_0964,1,tabpfn,0.9970322847366333,1
entity_0464,entity_0412,0,tabpfn,2.9145823646103963e-05,0
entity_0240,entity_0233,1,tabpfn,0.9877854585647583,1
entity_0813,entity_0867,0,tabpfn,1.597379014128819e-05,0
entity_0112,entity_0091,0,tabpfn,0.05824887007474899,0
entity_0151,entity_0152,1,tabpfn,0.9980725646018982,1
entity_0154,entity_0157,1,tabpfn,0.9965630173683167,1
entity_0163,entity_0165,1,tabpfn,0.9955636858940125,1
entity_0427,entity_0422,1,tabpfn,0.9980953931808472,1
entity_0106,entity_0101,1,tabpfn,0.9963805675506592,1
entity_0152,entity_0725,0,tabpfn,6.020033197273733e-06,0
entity_0104,entity_0110,1,tabpfn,0.9950640201568604,1
entity_0248,entity_0790,0,tabpfn,3.159036396027659e-06,0
entity_0049,entity_0044,1,tabpfn,0.9909160733222961,1
entity_0654,entity_0444,0,tabpfn,5.185576810617931e-06,0
entity_0986,entity_0983,1,tabpfn,0.9951969385147095,1
entity_0283,entity_0281,1,tabpfn,0.9983971118927002,1
entity_0067,entity_0066,1,tabpfn,0.9969637989997864,1
entity_0693,entity_0102,0,tabpfn,4.17230785387801e-06,0
entity_0458,entity_0453,1,tabpfn,0.9974958300590515,1
entity_0794,entity_0159,0,tabpfn,4.17230785387801e-06,0
entity_0529,entity_0530,1,tabpfn,0.9988948106765747,1
entity_0188,entity_0434,0,tabpfn,2.980223371196189e-06,0
entity_0522,entity_0526,1,tabpfn,0.9970265626907349,1
entity_0997,entity_0593,0,tabpfn,3.874151661875658e-05,0
entity_0777,entity_0558,0,tabpfn,3.874287358485162e-06,0
entity_0670,entity_0662,1,tabpfn,0.9712210297584534,1
entity_0156,entity_0157,1,tabpfn,0.9971806406974792,1
entity_0167,entity_0505,0,tabpfn,3.0398275612242287e-06,0
entity_0523,entity_0521,1,tabpfn,0.9984437227249146,1
entity_0895,entity_0899,1,tabpfn,0.9946592450141907,1
entity_0453,entity_0781,0,tabpfn,1.907344994833693e-06,0
entity_0857,entity_0853,1,tabpfn,0.9984304308891296,1
entity_0102,entity_0847,0,tabpfn,6.675675649603363e-06,0
entity_0929,entity_0925,1,tabpfn,0.996165931224823,1
entity_0576,entity_0573,1,tabpfn,0.9981420636177063,1
entity_0410,entity_0931,0,tabpfn,3.874287358485162e-06,0
entity_0487,entity_0484,1,tabpfn,0.9986304044723511,1
entity_0115,entity_0117,1,tabpfn,0.9982953667640686,1
entity_0366,entity_0367,1,tabpfn,0.9983923435211182,1
entity_0224,entity_0372,0,tabpfn,3.2186403586820234e-06,0
entity_0134,entity_0133,1,tabpfn,0.9978983998298645,1
entity_0513,entity_0894,0,tabpfn,4.11270366384997e-06,0
entity_0107,entity_0110,1,tabpfn,0.9971996545791626,1
entity_0785,entity_0621,0,tabpfn,2.741806156336679e-06,0
entity_0194,entity_0568,0,tabpfn,2.443784524075454e-06,0
entity_0986,entity_0988,1,tabpfn,0.9983325004577637,1
entity_0195,entity_0197,1,tabpfn,0.9949691891670227,1
entity_0995,entity_0289,0,tabpfn,6.318052328424528e-06,0
entity_0277,entity_0272,1,tabpfn,0.9942771792411804,1
entity_0619,entity_0620,1,tabpfn,0.9980763792991638,1
entity_0795,entity_0867,0,tabpfn,9.477048479311634e-06,0
entity_0340,entity_0333,1,tabpfn,0.9913697838783264,1
entity_0301,entity_0344,0,tabpfn,9.839757694862783e-05,0
entity_0481,entity_0485,1,tabpfn,0.9971520900726318,1
entity_0415,entity_0416,1,tabpfn,0.9988119602203369,1
entity_0758,entity_0439,0,tabpfn,4.649140464607626e-06,0
entity_0076,entity_0074,1,tabpfn,0.9966771006584167,1
entity_0122,entity_0130,1,tabpfn,0.9894163608551025,1
entity_0771,entity_0778,1,tabpfn,0.9571188688278198,1
entity_0423,entity_0742,0,tabpfn,1.7881361600302625e-06,0
entity_0612,entity_0491,0,tabpfn,1.4066497897147201e-05,0
entity_0477,entity_0476,1,tabpfn,0.9990615248680115,1
entity_0132,entity_0947,0,tabpfn,1.3470467820297927e-05,0
entity_0794,entity_0369,0,tabpfn,3.3974533835134935e-06,0
entity_0897,entity_0893,1,tabpfn,0.9940685629844666,1
entity_0361,entity_0370,1,tabpfn,0.89697265625,1
entity_0505,entity_0506,1,tabpfn,0.9985246658325195,1
entity_0472,entity_0368,0,tabpfn,1.656981658015866e-05,0
entity_0237,entity_0234,1,tabpfn,0.9969923496246338,1
entity_0887,entity_0441,0,tabpfn,3.3974533835134935e-06,0
entity_0666,entity_0664,1,tabpfn,0.9984846711158752,1
entity_0428,entity_0002,0,tabpfn,9.417444744030945e-06,0
entity_0858,entity_0377,0,tabpfn,2.503388714103494e-06,0
entity_0462,entity_0463,1,tabpfn,0.9989796280860901,1
entity_0291,entity_0907,0,tabpfn,4.529932539298898e-06,0
entity_0094,entity_0659,0,tabpfn,4.410724159242818e-06,0
entity_0552,entity_0559,1,tabpfn,0.9875820279121399,1
entity_0342,entity_0344,1,tabpfn,0.9980202317237854,1
entity_0180,entity_0560,0,tabpfn,2.9206191811681492e-06,0
entity_0129,entity_0124,1,tabpfn,0.9968022108078003,1
entity_0962,entity_0969,1,tabpfn,0.9809121489524841,1
entity_0788,entity_0579,0,tabpfn,3.0398275612242287e-06,0
entity_0328,entity_0327,1,tabpfn,0.9980525970458984,1
entity_0485,entity_0482,1,tabpfn,0.9987586736679077,1
entity_0652,entity_0658,1,tabpfn,0.9962742924690247,1
entity_0858,entity_0899,0,tabpfn,4.9707803555065766e-05,0
entity_0489,entity_0486,1,tabpfn,0.9989691376686096,1
entity_0779,entity_0288,0,tabpfn,4.053099473821931e-06,0
entity_0645,entity_0649,1,tabpfn,0.9969847202301025,1
entity_0864,entity_0866,1,tabpfn,0.9983447194099426,1
entity_0221,entity_0222,1,tabpfn,0.997780442237854,1
entity_0305,entity_0241,0,tabpfn,3.5284705518279225e-05,0
entity_0915,entity_0691,0,tabpfn,2.741806156336679e-06,0
entity_0751,entity_0755,1,tabpfn,0.9884320497512817,1
entity_0322,entity_0469,0,tabpfn,8.225373676395975e-06,0
entity_0795,entity_0100,0,tabpfn,3.695474333653692e-06,0
entity_0763,entity_0939,0,tabpfn,2.503388714103494e-06,0
entity_0858,entity_0379,0,tabpfn,3.159036396027659e-06,0
entity_0254,entity_0062,0,tabpfn,3.635870370999328e-06,0
entity_0337,entity_0335,1,tabpfn,0.9990091323852539,1
entity_0118,entity_0799,0,tabpfn,5.185576810617931e-06,0
entity_0970,entity_0968,1,tabpfn,0.9983885288238525,1
entity_0434,entity_0440,1,tabpfn,0.9960785508155823,1
entity_0228,entity_0226,1,tabpfn,0.9965497255325317,1
entity_0564,entity_0562,1,tabpfn,0.9985560774803162,1
entity_0167,entity_0758,0,tabpfn,6.079636932554422e-06,0
entity_0271,entity_0273,1,tabpfn,0.9982087016105652,1
entity_0366,entity_0115,0,tabpfn,1.728531856315385e-06,0
entity_0688,entity_0176,0,tabpfn,3.874287358485162e-06,0
entity_0093,entity_0100,1,tabpfn,0.9869594573974609,1
entity_0099,entity_0410,0,tabpfn,3.0398275612242287e-06,0
entity_0767,entity_0768,1,tabpfn,0.9958202242851257,1
entity_0004,entity_0002,1,tabpfn,0.993810772895813,1
entity_0677,entity_0679,1,tabpfn,0.9976746439933777,1
entity_0819,entity_0815,1,tabpfn,0.9977812767028809,1
entity_0246,entity_0248,1,tabpfn,0.9976994395256042,1
entity_0282,entity_0288,1,tabpfn,0.9903174638748169,1
entity_0168,entity_0805,0,tabpfn,6.079636932554422e-06,0
entity_0708,entity_0348,0,tabpfn,5.245181455393322e-06,0
entity_0085,entity_0518,0,tabpfn,3.635870370999328e-06,0
entity_0632,entity_0639,1,tabpfn,0.9897007942199707,1
entity_0577,entity_0489,0,tabpfn,1.764266380632762e-05,0
entity_0989,entity_0917,0,tabpfn,8.332035213243216e-05,0
entity_0092,entity_0098,1,tabpfn,0.992702305316925,1
entity_0379,entity_0371,1,tabpfn,0.9677439332008362,1
entity_0388,entity_0038,0,tabpfn,2.861014763766434e-06,0
entity_0519,entity_0516,1,tabpfn,0.998937726020813,1
entity_0191,entity_0595,0,tabpfn,2.622597548906924e-06,0
entity_0416,entity_0651,0,tabpfn,2.2649712718703086e-06,0
entity_0519,entity_0936,0,tabpfn,3.99349482904654e-06,0
entity_0065,entity_0888,0,tabpfn,8.225373676395975e-06,0
entity_0182,entity_0185,1,tabpfn,0.9958924055099487,1
entity_0104,entity_0804,0,tabpfn,5.0663693400565535e-06,0
entity_0706,entity_0588,0,tabpfn,3.278244548710063e-06,0
entity_0278,entity_0004,0,tabpfn,1.615259679965675e-05,0
entity_0184,entity_0182,1,tabpfn,0.9952728748321533,1
entity_0191,entity_0183,0,tabpfn,0.9832783937454224,1
entity_0774,entity_0775,1,tabpfn,0.9959684014320374,1
entity_0948,entity_0945,1,tabpfn,0.9979707598686218,1
entity_0632,entity_0634,1,tabpfn,0.9978288412094116,1
entity_0612,entity_0450,0,tabpfn,9.23863444768358e-06,0
entity_0409,entity_0506,0,tabpfn,4.649140464607626e-06,0
entity_0115,entity_0120,1,tabpfn,0.9965174198150635,1
entity_0739,entity_0029,0,tabpfn,3.7550782963080565e-06,0
entity_0316,entity_0838,0,tabpfn,2.503388714103494e-06,0
entity_0074,entity_0078,1,tabpfn,0.996411144733429,1
entity_0884,entity_0887,1,tabpfn,0.9964832067489624,1
entity_0350,entity_0398,0,tabpfn,7.271237700479105e-05,0
entity_0299,entity_0294,1,tabpfn,0.9973328113555908,1
entity_0095,entity_0991,0,tabpfn,1.72850486706011e-05,0
entity_0444,entity_0449,1,tabpfn,0.9960994720458984,1
entity_0656,entity_0653,1,tabpfn,0.9984675645828247,1
entity_0065,entity_0376,0,tabpfn,3.8146827137097716e-06,0
entity_0993,entity_0646,0,tabpfn,4.649140464607626e-06,0
entity_0292,entity_0297,1,tabpfn,0.9967889189720154,1
entity_0116,entity_0685,0,tabpfn,4.589536729326937e-06,0
entity_0678,entity_0587,0,tabpfn,1.4126102541922592e-05,0
entity_0359,entity_0136,0,tabpfn,1.7881361600302625e-06,0
entity_0824,entity_0823,1,tabpfn,0.9985408782958984,1
entity_0209,entity_0206,1,tabpfn,0.9966447353363037,1
entity_0345,entity_0344,1,tabpfn,0.9982477426528931,1
entity_0468,entity_0631,0,tabpfn,3.635870370999328e-06,0
entity_0073,entity_0071,1,tabpfn,0.9974254369735718,1
entity_0300,entity_0299,1,tabpfn,0.9964073300361633,1
entity_0167,entity_0169,1,tabpfn,0.9956662654876709,1
entity_0858,entity_0854,1,tabpfn,0.9984666109085083,1
entity_0852,entity_0185,0,tabpfn,3.4570573461678578e-06,0
entity_0156,entity_0151,1,tabpfn,0.9905639290809631,1
entity_0998,entity_0686,0,tabpfn,5.543201496038819e-06,0
entity_0928,entity_0923,1,tabpfn,0.9956738352775574,1
entity_0859,entity_0860,1,tabpfn,0.9984618425369263,1
entity_0678,entity_0680,1,tabpfn,0.9982981085777283,1
entity_0687,entity_0683,1,tabpfn,0.9977918267250061,1
entity_0550,entity_0548,1,tabpfn,0.998965322971344,1
entity_0113,entity_0644,0,tabpfn,4.2915162339340895e-06,0
entity_0787,entity_0784,1,tabpfn,0.9963750243186951,1
entity_0294,entity_0066,0,tabpfn,2.1457626644405536e-06,0
entity_0931,entity_0331,0,tabpfn,4.351120423962129e-06,0
entity_0324,entity_0490,0,tabpfn,3.99349482904654e-06,0
entity_0630,entity_0474,0,tabpfn,9.596255949873012e-06,0
entity_0926,entity_0306,0,tabpfn,4.053099473821931e-06,0
entity_0901,entity_0044,0,tabpfn,4.410724159242818e-06,0
entity_0408,entity_0403,1,tabpfn,0.9957004189491272,1
entity_0120,entity_0112,1,tabpfn,0.9837366342544556,1
entity_0388,entity_0759,0,tabpfn,2.0265538296371233e-06,0
entity_0123,entity_0765,0,tabpfn,5.781617346656276e-06,0
entity_0993,entity_0526,0,tabpfn,1.3947292245575227e-05,0
entity_0446,entity_0982,0,tabpfn,2.2828056899015792e-05,0
entity_0295,entity_0306,0,tabpfn,0.8746184706687927,1
entity_0907,entity_0672,0,tabpfn,2.9206191811681492e-06,0
entity_0541,entity_0972,0,tabpfn,3.7550782963080565e-06,0
entity_0354,entity_0801,0,tabpfn,1.7881361600302625e-06,0
entity_0942,entity_0381,0,tabpfn,5.36438938070205e-06,0
entity_0406,entity_0401,1,tabpfn,0.9950868487358093,1
entity_0134,entity_0140,1,tabpfn,0.9966808557510376,1
entity_0423,entity_0034,0,tabpfn,3.5762659535976127e-06,0
entity_0295,entity_0206,0,tabpfn,9.357841918244958e-06,0
entity_0857,entity_0859,1,tabpfn,0.998454213142395,1
entity_0553,entity_0557,1,tabpfn,0.9972224831581116,1
entity_0142,entity_0150,1,tabpfn,0.992929220199585,1
entity_0721,entity_0722,1,tabpfn,0.9974691867828369,1
entity_0125,entity_0122,1,tabpfn,0.99722820520401,1
entity_0444,entity_0445,1,tabpfn,0.9990596175193787,1
entity_0419,entity_0411,1,tabpfn,0.9941974878311157,1
entity_0338,entity_0333,1,tabpfn,0.9930693507194519,1
entity_0012,entity_0382,0,tabpfn,4.470327894523507e-06,0
entity_0466,entity_0785,0,tabpfn,2.2649712718703086e-06,0
entity_0114,entity_0115,1,tabpfn,0.998178243637085,1
entity_0012,entity_0882,0,tabpfn,5.36438938070205e-06,0
entity_0764,entity_0643,0,tabpfn,3.4570573461678578e-06,0
entity_0538,entity_0357,0,tabpfn,3.695474333653692e-06,0
entity_0079,entity_0076,1,tabpfn,0.9966808557510376,1
entity_0045,entity_0645,0,tabpfn,3.933891093765851e-06,0
entity_0265,entity_0664,0,tabpfn,3.3378489661117783e-06,0
entity_0005,entity_0003,1,tabpfn,0.9929481744766235,1
entity_0301,entity_0306,1,tabpfn,0.9962343573570251,1
entity_0189,entity_0182,1,tabpfn,0.9878532886505127,1
entity_0953,entity_0951,1,tabpfn,0.997858464717865,1
entity_0969,entity_0968,1,tabpfn,0.9977424144744873,1
entity_0686,entity_0705,0,tabpfn,0.001888397615402937,0
entity_0056,entity_0853,0,tabpfn,6.4968644437612966e-06,0
entity_0715,entity_0377,0,tabpfn,3.635870370999328e-06,0
entity_0896,entity_0706,0,tabpfn,1.7881361600302625e-06,0
entity_0474,entity_0186,0,tabpfn,1.6689273252268322e-06,0
entity_0251,entity_0257,1,tabpfn,0.9891747832298279,1
entity_0414,entity_0416,1,tabpfn,0.9983713626861572,1
entity_0891,entity_0894,1,tabpfn,0.995998740196228,1
entity_0228,entity_0222,1,tabpfn,0.9895975589752197,1
entity_0405,entity_0780,0,tabpfn,1.9669496396090835e-06,0
entity_0482,entity_0394,0,tabpfn,3.0576251447200775e-05,0
entity_0847,entity_0734,0,tabpfn,3.5166615361958975e-06,0
entity_0548,entity_0586,0,tabpfn,3.486750210868195e-05,0
entity_0680,entity_0151,0,tabpfn,3.695474333653692e-06,0
entity_0888,entity_0774,0,tabpfn,5.900824817217654e-06,0
entity_0803,entity_0806,1,tabpfn,0.9953222274780273,1
entity_0933,entity_0937,1,tabpfn,0.9919604659080505,1
entity_0224,entity_0230,1,tabpfn,0.993148922920227,1
entity_0829,entity_0823,1,tabpfn,0.9969334006309509,1
entity_0603,entity_0859,0,tabpfn,2.384180106673739e-06,0
entity_0105,entity_0898,0,tabpfn,9.655858775658999e-06,0
entity_0826,entity_0822,1,tabpfn,0.9979745149612427,1
entity_0744,entity_0636,0,tabpfn,4.708744654635666e-06,0
entity_0130,entity_0126,1,tabpfn,0.9973728060722351,1
entity_0321,entity_0330,1,tabpfn,0.9902419447898865,1
entity_0963,entity_0607,0,tabpfn,4.827953034691745e-06,0
entity_0429,entity_0427,1,tabpfn,0.9987100958824158,1
entity_0009,entity_0487,0,tabpfn,8.046561561059207e-06,0
entity_0675,entity_0674,1,tabpfn,0.9990167617797852,1
entity_0639,entity_0234,0,tabpfn,5.602805231319508e-06,0
entity_0180,entity_0485,0,tabpfn,3.3974533835134935e-06,0
entity_0694,entity_0021,0,tabpfn,6.079636932554422e-06,0
entity_0310,entity_0302,1,tabpfn,0.9774793982505798,1
entity_0450,entity_0443,1,tabpfn,0.9972015619277954,1
entity_0151,entity_0388,0,tabpfn,3.3378489661117783e-06,0
entity_0340,entity_0334,1,tabpfn,0.9968250393867493,1
entity_0285,entity_0286,1,tabpfn,0.9977975487709045,1
entity_0567,entity_0127,0,tabpfn,3.2186403586820234e-06,0
entity_0105,entity_0103,1,tabpfn,0.9977233409881592,1
entity_0581,entity_0586,1,tabpfn,0.9823319315910339,1
entity_0101,entity_0286,0,tabpfn,2.5629929041315336e-06,0
entity_0547,entity_0545,1,tabpfn,0.999079167842865,1
entity_0029,entity_0023,1,tabpfn,0.9598437547683716,1
entity_0122,entity_0373,0,tabpfn,2.503388714103494e-06,0
entity_0294,entity_0296,1,tabpfn,0.9981516003608704,1
entity_0950,entity_0946,1,tabpfn,0.9975300431251526,1
entity_0020,entity_0523,0,tabpfn,4.470327894523507e-06,0
entity_0385,entity_0389,1,tabpfn,0.9981953501701355,1
entity_0502,entity_0357,0,tabpfn,1.001348027784843e-05,0
entity_0595,entity_0594,1,tabpfn,0.9979403018951416,1
entity_0447,entity_0763,0,tabpfn,3.874287358485162e-06,0
entity_0563,entity_0567,1,tabpfn,0.9963008761405945,1
entity_0356,entity_0358,1,tabpfn,0.9987671971321106,1
entity_0348,entity_0516,0,tabpfn,4.649140464607626e-06,0
entity_0062,entity_0813,0,tabpfn,6.079636932554422e-06,0
entity_0780,entity_0771,1,tabpfn,0.8150408864021301,1
entity_0177,entity_0178,1,tabpfn,0.99560546875,1
entity_0059,entity_0030,0,tabpfn,0.0028669254388660192,0
entity_0962,entity_0961,1,tabpfn,0.998328685760498,1
entity_0578,entity_0574,1,tabpfn,0.9979155659675598,1
entity_0299,entity_0048,0,tabpfn,2.086158019665163e-06,0
entity_0320,entity_0106,0,tabpfn,1.9669496396090835e-06,0
entity_0404,entity_0649,0,tabpfn,1.7881361600302625e-06,0
entity_0002,entity_0009,1,tabpfn,0.9214991927146912,1
entity_0525,entity_0512,0,tabpfn,0.5242860913276672,1
entity_0082,entity_0089,1,tabpfn,0.9865981340408325,1
entity_0180,entity_0177,1,tabpfn,0.9971216917037964,1
entity_0736,entity_0683,0,tabpfn,5.411808888311498e-05,0
entity_0822,entity_0825,1,tabpfn,0.9975471496582031,1
entity_0498,entity_0139,0,tabpfn,2.980223371196189e-06,0
entity_0899,entity_0425,0,tabpfn,4.947160960000474e-06,0
entity_0881,entity_0272,0,tabpfn,3.2186403586820234e-06,0
entity_0363,entity_0085,0,tabpfn,1.549718376736564e-06,0
entity_0632,entity_0042,0,tabpfn,3.8146827137097716e-06,0
entity_0226,entity_0612,0,tabpfn,4.053099473821931e-06,0
entity_0692,entity_0397,0,tabpfn,4.529932539298898e-06,0
entity_0710,entity_0709,1,tabpfn,0.9973569512367249,1
entity_0577,entity_0574,1,tabpfn,0.9981915950775146,1
entity_0648,entity_0925,0,tabpfn,1.907344994833693e-06,0
entity_0207,entity_0203,1,tabpfn,0.9963710904121399,1
entity_0445,entity_0443,1,tabpfn,0.9991306066513062,1
entity_0819,entity_0986,0,tabpfn,5.483597306010779e-06,0
entity_0052,entity_0060,1,tabpfn,0.9527530074119568,1
entity_0725,entity_0726,1,tabpfn,0.9968706965446472,1
entity_0382,entity_0384,1,tabpfn,0.998654842376709,1
entity_0182,entity_0186,1,tabpfn,0.995003342628479,1
entity_0613,entity_0265,0,tabpfn,4.231911589158699e-06,0
entity_0174,entity_0177,1,tabpfn,0.9971349835395813,1
entity_0096,entity_0094,1,tabpfn,0.9972795248031616,1
entity_0239,entity_0233,1,tabpfn,0.991089940071106,1
entity_0011,entity_0110,0,tabpfn,2.1278407075442374e-05,0
entity_0300,entity_0296,1,tabpfn,0.9950109124183655,1
entity_0280,entity_0043,0,tabpfn,2.9206191811681492e-06,0
entity_0825,entity_0265,0,tabpfn,3.3378489661117783e-06,0
entity_0723,entity_0729,1,tabpfn,0.9861024022102356,1
entity_0250,entity_0241,1,tabpfn,0.8717948794364929,1
entity_0595,entity_0213,0,tabpfn,3.8146827137097716e-06,0
entity_0184,entity_0185,1,tabpfn,0.99712735414505,1
entity_0689,entity_0070,0,tabpfn,3.933891093765851e-06,0
entity_0718,entity_0940,0,tabpfn,1.84774046374514e-06,0
entity_0078,entity_0073,1,tabpfn,0.9936106204986572,1
entity_0200,entity_0196,1,tabpfn,0.9953145980834961,1
entity_0215,entity_0731,0,tabpfn,3.4570573461678578e-06,0
entity_0718,entity_0712,1,tabpfn,0.9945416450500488,1
entity_0496,entity_0499,1,tabpfn,0.99745774269104,1
entity_0907,entity_0949,0,tabpfn,5.620401861961e-05,0
entity_0647,entity_0434,0,tabpfn,4.768348844663706e-06,0
entity_0009,entity_0007,1,tabpfn,0.9842097759246826,1
entity_0140,entity_0824,0,tabpfn,5.781617346656276e-06,0
entity_0932,entity_0939,1,tabpfn,0.9566889405250549,1
entity_0816,entity_0226,0,tabpfn,3.7550782963080565e-06,0
entity_0666,entity_0569,0,tabpfn,6.675675649603363e-06,0
entity_0212,entity_0218,1,tabpfn,0.9791234135627747,1
entity_0654,entity_0655,1,tabpfn,0.9986084699630737,1
entity_0955,entity_0102,0,tabpfn,3.159036396027659e-06,0
entity_0766,entity_0761,1,tabpfn,0.9930239319801331,1
entity_0726,entity_0609,0,tabpfn,3.099431978625944e-06,0
entity_0275,entity_0271,1,tabpfn,0.9958733916282654,1
entity_0238,entity_0006,0,tabpfn,5.36438938070205e-06,0
entity_0249,entity_0794,0,tabpfn,2.9206191811681492e-06,0
entity_0353,entity_0350,0,tabpfn,0.9985437393188477,1
entity_0285,entity_0289,1,tabpfn,0.996732234954834,1
entity_0781,entity_0784,1,tabpfn,0.992172360420227,1
entity_0570,entity_0324,0,tabpfn,3.933891093765851e-06,0
entity_0589,entity_0501,0,tabpfn,2.086119093291927e-05,0
entity_0986,entity_0987,1,tabpfn,0.9984532594680786,1
entity_1000,entity_0418,0,tabpfn,1.2755231182381976e-05,0
entity_0779,entity_0841,0,tabpfn,1.3232055607659277e-05,0
entity_0612,entity_0617,1,tabpfn,0.9931981563568115,1
entity_0149,entity_0141,1,tabpfn,0.943244218826294,1
entity_0703,entity_0709,1,tabpfn,0.9896705746650696,1
entity_0772,entity_0774,1,tabpfn,0.994889497756958,1
entity_0342,entity_0013,0,tabpfn,4.351120423962129e-06,0
entity_0740,entity_0044,0,tabpfn,4.11270366384997e-06,0
entity_0162,entity_0164,1,tabpfn,0.9974349141120911,1
entity_0437,entity_0438,1,tabpfn,0.9988624453544617,1
entity_0805,entity_0045,0,tabpfn,4.351120423962129e-06,0
entity_0694,entity_0695,1,tabpfn,0.9982525110244751,1
entity_0263,entity_0835,0,tabpfn,3.3378489661117783e-06,0
entity_0846,entity_0850,1,tabpfn,0.9979345798492432,1
entity_0208,entity_0201,1,tabpfn,0.9904308319091797,1
entity_0154,entity_0821,0,tabpfn,5.602805231319508e-06,0
entity_0128,entity_0034,0,tabpfn,3.5284705518279225e-05,0
entity_0696,entity_0698,1,tabpfn,0.9971691966056824,1
entity_0761,entity_0768,1,tabpfn,0.9745945334434509,1
entity_0119,entity_0473,0,tabpfn,2.861014763766434e-06,0
entity_0273,entity_0817,0,tabpfn,3.159036396027659e-06,0
entity_0534,entity_0531,1,tabpfn,0.9984666109085083,1
entity_0964,entity_0968,1,tabpfn,0.9966637492179871,1
entity_0607,entity_0865,0,tabpfn,2.622597548906924e-06,0
entity_0003,entity_0309,0,tabpfn,9.059824151336215e-06,0
entity_0591,entity_0710,0,tabpfn,4.768348844663706e-06,0
entity_0561,entity_0564,1,tabpfn,0.9976537227630615,1
entity_0337,entity_0385,0,tabpfn,4.2973104427801445e-05,0
entity_0369,entity_0365,1,tabpfn,0.9975091218948364,1
entity_0225,entity_0270,0,tabpfn,6.699113146169111e-05,0
entity_0750,entity_0745,1,tabpfn,0.992702305316925,1
entity_0078,entity_0199,0,tabpfn,2.1457626644405536e-06,0
entity_0653,entity_0808,0,tabpfn,4.887556769972434e-06,0
entity_0593,entity_0516,0,tabpfn,3.176826794515364e-05,0
entity_0559,entity_0556,1,tabpfn,0.998772919178009,1
entity_0270,entity_0269,1,tabpfn,0.997835636138916,1
entity_0007,entity_0006,1,tabpfn,0.9839696288108826,1
entity_0443,entity_0986,0,tabpfn,5.483597306010779e-06,0
entity_0629,entity_0625,1,tabpfn,0.9984970688819885,1
entity_0010,entity_0482,0,tabpfn,7.152506441343576e-06,0
entity_0880,entity_0877,1,tabpfn,0.9978013634681702,1
entity_0120,entity_0023,0,tabpfn,5.900511678191833e-05,0
entity_0107,entity_0699,0,tabpfn,4.768348844663706e-06,0
entity_0841,entity_0728,0,tabpfn,3.2186403586820234e-06,0
entity_0069,entity_0062,1,tabpfn,0.9850509762763977,1
entity_0151,entity_0681,0,tabpfn,4.2915162339340895e-06,0
entity_0665,entity_0422,0,tabpfn,4.827953034691745e-06,0
entity_0402,entity_0401,1,tabpfn,0.9989586472511292,1
entity_0751,entity_0760,1,tabpfn,0.9012022018432617,1
entity_0116,entity_0114,1,tabpfn,0.9972434043884277,1
entity_0485,entity_0488,1,tabpfn,0.9982610940933228,1
entity_0671,entity_0675,1,tabpfn,0.9981201887130737,1
entity_0556,entity_0554,1,tabpfn,0.9988557696342468,1
entity_0618,entity_0614,1,tabpfn,0.9981896877288818,1
entity_0848,entity_0849,1,tabpfn,0.9980335235595703,1
entity_0881,entity_0890,1,tabpfn,0.9631257653236389,1
entity_0431,entity_0434,1,tabpfn,0.9987224340438843,1
entity_0718,entity_0717,1,tabpfn,0.9973385334014893,1
entity_0164,entity_0163,1,tabpfn,0.9978269338607788,1
entity_0326,entity_0330,1,tabpfn,0.9984942078590393,1
entity_0373,entity_0307,0,tabpfn,3.123185888398439e-05,0
entity_0882,entity_0886,1,tabpfn,0.9963653683662415,1
entity_0360,entity_0914,0,tabpfn,3.5762659535976127e-06,0
entity_0960,entity_0061,0,tabpfn,3.3974533835134935e-06,0
entity_0038,entity_0031,1,tabpfn,0.9583790898323059,1
entity_0731,entity_0736,1,tabpfn,0.9920134544372559,1
entity_0354,entity_0351,1,tabpfn,0.9978698492050171,1
entity_0950,entity_0630,0,tabpfn,3.99349482904654e-06,0
entity_0083,entity_0746,0,tabpfn,5.602805231319508e-06,0
entity_0312,entity_0460,0,tabpfn,4.2915162339340895e-06,0
entity_0973,entity_0270,0,tabicl,1.025963911160943e-06,0
entity_0879,entity_0878,1,tabicl,0.9979260563850403,1
entity_0344,entity_0318,0,tabicl,7.761265806038864e-06,0
entity_0981,entity_0989,1,tabicl,0.9830127954483032,1
entity_0008,entity_0001,1,tabicl,0.9837919473648071,1
entity_0370,entity_0365,1,tabicl,0.9973453879356384,1
entity_0369,entity_0364,1,tabicl,0.9972726702690125,1
entity_0672,entity_0074,0,tabicl,1.1997168485322618e-06,0
entity_0457,entity_0459,1,tabicl,0.998568058013916,1
entity_0039,entity_0031,1,tabicl,0.9491376876831055,1
entity_0659,entity_0656,1,tabicl,0.997617781162262,1
entity_0284,entity_0681,0,tabicl,5.765609216723533e-07,0
entity_0959,entity_0111,0,tabicl,1.4750968375665252e-06,0
entity_0195,entity_0642,0,tabicl,5.332317982720269e-07,0
entity_0230,entity_0274,0,tabicl,4.36161144534708e-06,0
entity_0470,entity_0468,1,tabicl,0.9990956783294678,1
entity_0849,entity_0850,1,tabicl,0.9976510405540466,1
entity_0612,entity_0353,0,tabicl,9.009209520627337e-07,0
entity_0635,entity_0654,0,tabicl,2.7518522983882576e-05,0
entity_0202,entity_0813,0,tabicl,8.668476993989316e-07,0
entity_0280,entity_0178,0,tabicl,1.190544139717531e-06,0
entity_0793,entity_0239,0,tabicl,9.881337064143736e-07,0
entity_0148,entity_0143,1,tabicl,0.9953272938728333,1
entity_0923,entity_0512,0,tabicl,9.308878929914499e-07,0
entity_0164,entity_0344,0,tabicl,6.417712938855402e-07,0
entity_0139,entity_0131,1,tabicl,0.9790490865707397,1
entity_0716,entity_0525,0,tabicl,1.1141564755234867e-06,0
entity_0972,entity_0977,1,tabicl,0.9970484375953674,1
entity_0694,entity_0700,1,tabicl,0.9822158217430115,1
entity_0996,entity_0044,0,tabicl,5.143338512425544e-06,0
entity_0946,entity_0122,0,tabicl,1.359624206997978e-06,0
entity_0694,entity_0383,0,tabicl,9.217159231411642e-07,0
entity_0362,entity_0018,0,tabicl,9.701393537397962e-07,0
entity_0702,entity_0710,1,tabicl,0.962115466594696,1
entity_0760,entity_0089,0,tabicl,1.178829279524507e-06,0
entity_0047,entity_0048,1,tabicl,0.9967113733291626,1
entity_0847,entity_0123,0,tabicl,9.262281537303352e-07,0
entity_0555,entity_0970,0,tabicl,8.854449333739467e-07,0
entity_0862,entity_0865,1,tabicl,0.9973049163818359,1
entity_0150,entity_0143,1,tabicl,0.9917519688606262,1
entity_0577,entity_0573,1,tabicl,0.9980961084365845,1
entity_0674,entity_0671,1,tabicl,0.9976662397384644,1
entity_0595,entity_0592,1,tabicl,0.9986302852630615,1
entity_0451,entity_0458,1,tabicl,0.9906156659126282,1
entity_0945,entity_0947,1,tabicl,0.9981866478919983,1
entity_0526,entity_0530,1,tabicl,0.9972429871559143,1
entity_0877,entity_0321,0,tabicl,8.469166346003476e-07,0
entity_0172,entity_0418,0,tabicl,4.4709389612762607e-07,0
entity_0611,entity_0619,1,tabicl,0.9680607318878174,1
entity_0918,entity_0857,0,tabicl,1.7764980384527007e-06,0
entity_0501,entity_0922,0,tabicl,6.739767854924139e-07,0
entity_0628,entity_0345,0,tabicl,9.135022764894529e-07,0
entity_0859,entity_0853,1,tabicl,0.9905040860176086,1
entity_0207,entity_0863,0,tabicl,6.81052370055113e-07,0
entity_0549,entity_0548,1,tabicl,0.9991083145141602,1
entity_0957,entity_0952,1,tabicl,0.9961531162261963,1
entity_0029,entity_0024,1,tabicl,0.9949604272842407,1
entity_0671,entity_0677,1,tabicl,0.9836703538894653,1
entity_0654,entity_0395,0,tabicl,8.430204729847901e-07,0
entity_0172,entity_0175,1,tabicl,0.9972459077835083,1
entity_0373,entity_0372,1,tabicl,0.998806357383728,1
entity_0761,entity_0567,0,tabicl,1.2730631624435773e-06,0
entity_0287,entity_0332,0,tabicl,3.311986347398488e-06,0
entity_0836,entity_0838,1,tabicl,0.9965584874153137,1
entity_0231,entity_0239,1,tabicl,0.9788253903388977,1
entity_0356,entity_0360,1,tabicl,0.9956769347190857,1
entity_0307,entity_0222,0,tabicl,1.0975833220072673e-06,0
entity_0838,entity_0839,1,tabicl,0.9976838827133179,1
entity_0664,entity_0663,1,tabicl,0.9981866478919983,1
entity_0282,entity_0284,1,tabicl,0.9954909086227417,1
entity_0643,entity_0194,0,tabicl,9.5784878340055e-07,0
entity_0777,entity_0147,0,tabicl,1.1287582992736134e-06,0
entity_0449,entity_0273,0,tabicl,1.1074520216425299e-06,0
entity_0059,entity_0057,1,tabicl,0.9969511032104492,1
entity_0877,entity_0023,0,tabicl,1.5401124073832761e-06,0
entity_0877,entity_0876,1,tabicl,0.9982081651687622,1
entity_0153,entity_0157,1,tabicl,0.9957739114761353,1
entity_0511,entity_0702,0,tabicl,6.087880137783941e-07,0
entity_0442,entity_0450,1,tabicl,0.9528284072875977,1
entity_0611,entity_0844,0,tabicl,6.38991934920341e-07,0
entity_0924,entity_0882,0,tabicl,3.924876637029229e-06,0
entity_0197,entity_0196,1,tabicl,0.9985619187355042,1
entity_0463,entity_0468,1,tabicl,0.9968844652175903,1
entity_0970,entity_0966,1,tabicl,0.9975069165229797,1
entity_0850,entity_0843,1,tabicl,0.9872718453407288,1
entity_0412,entity_0246,0,tabicl,1.1569309208425693e-06,0
entity_0646,entity_0284,0,tabicl,1.0590131296339678e-06,0
entity_0692,entity_0694,1,tabicl,0.9968811273574829,1
entity_0554,entity_0552,1,tabicl,0.9989474415779114,1
entity_0923,entity_0925,1,tabicl,0.9983972907066345,1
entity_0537,entity_0534,1,tabicl,0.998568058013916,1
entity_0915,entity_0916,1,tabicl,0.998284101486206,1
entity_0931,entity_0932,1,tabicl,0.9986625909805298,1
entity_0328,entity_0409,0,tabicl,1.1423131809351617e-06,0
entity_0471,entity_0381,0,tabicl,1.348100909126515e-06,0
entity_0337,entity_0290,0,tabicl,2.212382241850719e-06,0
entity_0049,entity_0050,1,tabicl,0.996901273727417,1
entity_0346,entity_0341,1,tabicl,0.9976813793182373,1
entity_0099,entity_0719,0,tabicl,6.611198841710575e-07,0
entity_0398,entity_0135,0,tabicl,7.449825716321357e-07,0
entity_0676,entity_0476,0,tabicl,9.53894414124079e-07,0
entity_0949,entity_0947,1,tabicl,0.9980649352073669,1
entity_0564,entity_0221,0,tabicl,8.917718332668301e-07,0
entity_0329,entity_0062,0,tabicl,8.60114141687518e-07,0
entity_0042,entity_0048,1,tabicl,0.9946231842041016,1
entity_0335,entity_0332,1,tabicl,0.9975761771202087,1
entity_0957,entity_0960,1,tabicl,0.9980565309524536,1
entity_0698,entity_0697,1,tabicl,0.9976561069488525,1
entity_0120,entity_0255,0,tabicl,7.698934041400207e-07,0
entity_0350,entity_0346,1,tabicl,0.9983497858047485,1
entity_0822,entity_0829,1,tabicl,0.9769004583358765,1
entity_0957,entity_0012,0,tabicl,4.709309905592818e-06,0
entity_0484,entity_0894,0,tabicl,7.823143732821336e-07,0
entity_0827,entity_0822,1,tabicl,0.9941699504852295,1
entity_0887,entity_0882,1,tabicl,0.9940106272697449,1
entity_0768,entity_0764,1,tabicl,0.995014488697052,1
entity_0340,entity_0339,1,tabicl,0.9983335137367249,1
entity_0555,entity_0025,0,tabicl,9.182222129311413e-07,0
entity_0212,entity_0422,0,tabicl,4.97863481996319e-07,0
entity_0422,entity_0063,0,tabicl,7.600368689963943e-07,0
entity_0401,entity_0125,0,tabicl,7.685890182074218e-07,0
entity_0466,entity_0553,0,tabicl,1.2209757187520154e-06,0
entity_0590,entity_0869,0,tabicl,6.149294335955346e-07,0
entity_0587,entity_0516,0,tabicl,1.3122012205712963e-06,0
entity_0659,entity_0651,1,tabicl,0.986354410648346,1
entity_0263,entity_0262,1,tabicl,0.9979079961776733,1
entity_0830,entity_0828,1,tabicl,0.9976838827133179,1
entity_0511,entity_0516,1,tabicl,0.9960817694664001,1
entity_0887,entity_0890,1,tabicl,0.9972250461578369,1
entity_0007,entity_0004,1,tabicl,0.9965696334838867,1
entity_0860,entity_0973,0,tabicl,1.650417061682674e-06,0
entity_0847,entity_0846,1,tabicl,0.9975177049636841,1
entity_0647,entity_0644,1,tabicl,0.9979439377784729,1
entity_0924,entity_0682,0,tabicl,9.213414955411281e-07,0
entity_0346,entity_0349,1,tabicl,0.9961903691291809,1
entity_0198,entity_0197,1,tabicl,0.9982465505599976,1
entity_0878,entity_0415,0,tabicl,8.352810709766345e-07,0
entity_0119,entity_0432,0,tabicl,4.838827294406656e-07,0
entity_0696,entity_0229,0,tabicl,1.1238710158067988e-06,0
entity_0779,entity_0776,1,tabicl,0.9950945377349854,1
entity_0134,entity_0131,1,tabicl,0.9965211153030396,1
entity_0941,entity_0950,1,tabicl,0.9500724077224731,1
entity_0921,entity_0926,1,tabicl,0.9963318705558777,1
entity_0746,entity_0741,1,tabicl,0.9954615831375122,1
entity_0941,entity_0100,0,tabicl,1.4916964801159338e-06,0
entity_0854,entity_0851,1,tabicl,0.9955006241798401,1
entity_0204,entity_0673,0,tabicl,6.900720563862706e-07,0
entity_0319,entity_0214,0,tabicl,1.0723284731284366e-06,0
entity_0982,entity_0989,1,tabicl,0.9899691939353943,1
entity_0565,entity_0570,1,tabicl,0.9897403717041016,1
entity_0293,entity_0291,1,tabicl,0.9985477924346924,1
entity_0005,entity_0010,1,tabicl,0.9889397025108337,1
entity_0601,entity_0627,0,tabicl,8.661357242090162e-06,0
entity_0225,entity_0226,1,tabicl,0.9972667694091797,1
entity_0755,entity_0676,0,tabicl,1.2243338005646365e-06,0
entity_0927,entity_0055,0,tabicl,1.7391843130099005e-06,0
entity_0304,entity_0054,0,tabicl,8.830465958453715e-07,0
entity_0482,entity_0400,0,tabicl,1.5295851198970922e-06,0
entity_0335,entity_0338,1,tabicl,0.9936034083366394,1
entity_0729,entity_0730,1,tabicl,0.9973165392875671,1
entity_0848,entity_0843,1,tabicl,0.9925377368927002,1
entity_0763,entity_0764,1,tabicl,0.9975813627243042,1
entity_0165,entity_0361,0,tabicl,5.949117394266068e-07,0
entity_0831,entity_0932,0,tabicl,1.2895297913928516e-06,0
entity_0868,entity_0185,0,tabicl,1.0227685152131016e-06,0
entity_0692,entity_0321,0,tabicl,9.451370601709641e-07,0
entity_0321,entity_0892,0,tabicl,5.034997343500436e-07,0
entity_0646,entity_0575,0,tabicl,1.5269821460606181e-06,0
entity_0854,entity_0856,1,tabicl,0.9971054196357727,1
entity_0267,entity_0262,1,tabicl,0.9959219694137573,1
entity_0182,entity_0190,1,tabicl,0.9880772829055786,1
entity_0016,entity_0011,1,tabicl,0.996327817440033,1
entity_0545,entity_0024,0,tabicl,1.0164761761188856e-06,0
entity_0730,entity_0724,1,tabicl,0.9946289658546448,1
entity_0311,entity_0328,0,tabicl,0.00020049118029419333,0
entity_0661,entity_0670,1,tabicl,0.9182361364364624,1
entity_0168,entity_0056,0,tabicl,1.1877157248818548e-06,0
entity_0533,entity_0652,0,tabicl,8.837652671900287e-07,0
entity_0555,entity_0557,1,tabicl,0.9967572689056396,1
entity_0942,entity_0648,0,tabicl,1.073656790140376e-06,0
entity_0473,entity_0479,1,tabicl,0.9959174990653992,1
entity_0103,entity_0822,0,tabicl,4.806774427379423e-07,0
entity_0727,entity_0722,1,tabicl,0.9937398433685303,1
entity_0475,entity_0552,0,tabicl,1.4638367247243878e-06,0
entity_0428,entity_0425,1,tabicl,0.9988595247268677,1
entity_0096,entity_0704,0,tabicl,6.780103944947768e-07,0
entity_0647,entity_0302,0,tabicl,9.768068593984935e-07,0
entity_0924,entity_0925,1,tabicl,0.9986611604690552,1
entity_0021,entity_0026,1,tabicl,0.986237108707428,1
entity_0545,entity_0714,0,tabicl,6.016466045366542e-07,0
entity_0930,entity_0928,1,tabicl,0.9980074763298035,1
entity_0322,entity_0327,1,tabicl,0.9918050765991211,1
entity_0614,entity_0581,0,tabicl,3.0403989512706175e-06,0
entity_0793,entity_0137,0,tabicl,1.0194448805123102e-06,0
entity_0110,entity_0102,1,tabicl,0.9924650192260742,1
entity_0521,entity_0356,0,tabicl,8.512357680956484e-07,0
entity_0759,entity_0118,0,tabicl,9.742931297296309e-07,0
entity_0728,entity_0724,1,tabicl,0.9934780597686768,1
entity_0163,entity_0162,1,tabicl,0.9989519715309143,1
entity_0392,entity_0394,1,tabicl,0.9969379305839539,1
entity_0141,entity_0336,0,tabicl,6.025446168678172e-07,0
entity_0405,entity_0043,0,tabicl,1.0545332997935475e-06,0
entity_0497,entity_0730,0,tabicl,6.288459530878754e-07,0
entity_0079,entity_0073,1,tabicl,0.9954468607902527,1
entity_0134,entity_0681,0,tabicl,6.121827595961804e-07,0
entity_0125,entity_0359,0,tabicl,5.063074013378355e-07,0
entity_0439,entity_0440,1,tabicl,0.9975761771202087,1
entity_0809,entity_0807,1,tabicl,0.9968231916427612,1
entity_0694,entity_0698,1,tabicl,0.9919363260269165,1
entity_0071,entity_0072,1,tabicl,0.997928261756897,1
entity_0577,entity_0140,0,tabicl,1.685482402535854e-06,0
entity_0156,entity_0160,1,tabicl,0.9963119626045227,1
entity_0194,entity_0196,1,tabicl,0.9979836344718933,1
entity_0322,entity_0127,0,tabicl,8.492750680488825e-07,0
entity_0444,entity_0450,1,tabicl,0.9915996789932251,1
entity_0184,entity_0190,1,tabicl,0.9951472878456116,1
entity_0535,entity_0536,1,tabicl,0.9989733695983887,1
entity_0180,entity_0641,0,tabicl,6.111876018621842e-07,0
entity_0307,entity_0302,1,tabicl,0.9980649352073669,1
entity_0043,entity_0044,1,tabicl,0.9970034956932068,1
entity_0080,entity_0594,0,tabicl,7.876376457716106e-07,0
entity_0381,entity_0694,0,tabicl,7.207800649666751e-07,0
entity_0216,entity_0212,1,tabicl,0.9964794516563416,1
entity_0332,entity_0095,0,tabicl,7.812012654540013e-07,0
entity_0655,entity_0781,0,tabicl,9.019292974699056e-07,0
entity_0458,entity_0226,0,tabicl,7.957449383866333e-07,0
entity_0913,entity_0919,1,tabicl,0.9946057796478271,1
entity_0397,entity_0399,1,tabicl,0.996931254863739,1
entity_0434,entity_0278,0,tabicl,1.0106679155796883e-06,0
entity_0081,entity_0825,0,tabicl,6.463133672696131e-07,0
entity_0936,entity_0444,0,tabicl,8.163513030012837e-07,0
entity_0995,entity_1000,1,tabicl,0.9913520812988281,1
entity_0445,entity_0042,0,tabicl,8.875491630533361e-07,0
entity_0911,entity_0786,0,tabicl,1.20628601507633e-06,0
entity_0432,entity_0341,0,tabicl,1.1425061074987752e-06,0
entity_0083,entity_0084,1,tabicl,0.9978645443916321,1
entity_0820,entity_0811,1,tabicl,0.9618774652481079,1
entity_0011,entity_0015,1,tabicl,0.9928601384162903,1
entity_0213,entity_0950,0,tabicl,7.939665351841541e-07,0
entity_0933,entity_0055,0,tabicl,1.9153551420458825e-06,0
entity_0103,entity_0062,0,tabicl,5.726997187593952e-06,0
entity_0338,entity_0518,0,tabicl,6.182741572047235e-07,0
entity_0012,entity_0019,1,tabicl,0.9881917834281921,1
entity_0835,entity_0831,1,tabicl,0.9952918291091919,1
entity_0085,entity_0090,1,tabicl,0.993064820766449,1
entity_0907,entity_0904,1,tabicl,0.9973252415657043,1
entity_0736,entity_0322,0,tabicl,1.0605584748191177e-06,0
entity_0236,entity_0238,1,tabicl,0.9969445466995239,1
entity_0518,entity_0520,1,tabicl,0.9988595247268677,1
entity_0106,entity_0102,1,tabicl,0.9977063536643982,1
entity_0126,entity_0124,1,tabicl,0.9979901313781738,1
entity_0064,entity_0109,0,tabicl,4.0355407691095024e-06,0
entity_0386,entity_0204,0,tabicl,9.690214710644796e-07,0
entity_0380,entity_0371,1,tabicl,0.9644927382469177,1
entity_0075,entity_0080,1,tabicl,0.9931613206863403,1
entity_0973,entity_0980,1,tabicl,0.9932926893234253,1
entity_0983,entity_0987,1,tabicl,0.9964180588722229,1
entity_0482,entity_0056,0,tabicl,8.745534501031216e-07,0
entity_0024,entity_0030,1,tabicl,0.98701012134552,1
entity_0853,entity_0858,1,tabicl,0.9911735653877258,1
entity_0970,entity_0967,1,tabicl,0.9978943467140198,1
entity_0894,entity_0888,0,tabicl,0.9946809411048889,1
entity_0008,entity_0609,0,tabicl,1.0792043667606777e-06,0
entity_0012,entity_0020,1,tabicl,0.9785310626029968,1
entity_0901,entity_0877,0,tabicl,1.7396889234078117e-05,0
entity_0434,entity_0160,0,tabicl,7.345477683884383e-07,0
entity_0559,entity_0555,1,tabicl,0.9981186389923096,1
entity_0280,entity_0272,1,tabicl,0.993506133556366,1
entity_0214,entity_0212,1,tabicl,0.99764084815979,1
entity_0334,entity_0231,0,tabicl,1.1559108088476933e-06,0
entity_0111,entity_0164,0,tabicl,2.2912754502613097e-06,0
entity_0086,entity_0269,0,tabicl,5.904098543396685e-07,0
entity_0260,entity_0252,1,tabicl,0.9852619767189026,1
entity_0271,entity_0280,1,tabicl,0.9505845308303833,1
entity_0921,entity_0704,0,tabicl,9.704020840217709e-07,0
entity_0028,entity_0649,0,tabicl,9.692839739727788e-07,0
entity_0735,entity_0736,1,tabicl,0.9977359771728516,1
entity_0128,entity_0849,0,tabicl,6.096972242630727e-07,0
entity_0390,entity_0382,1,tabicl,0.9882926940917969,1
entity_0567,entity_0451,0,tabicl,1.5666050785512198e-06,0
entity_0408,entity_0409,1,tabicl,0.9982784986495972,1
entity_0817,entity_0165,0,tabicl,1.1586975006139255e-06,0
entity_0503,entity_0510,1,tabicl,0.989046037197113,1
entity_0421,entity_0818,0,tabicl,5.713450832445233e-07,0
entity_0019,entity_0014,1,tabicl,0.9967077970504761,1
entity_0531,entity_0532,1,tabicl,0.9989439845085144,1
entity_0247,entity_0015,0,tabicl,1.077230081136804e-06,0
entity_0876,entity_0027,0,tabicl,1.5699567939009285e-06,0
entity_0607,entity_0386,0,tabicl,9.612650728740846e-07,0
entity_0755,entity_0757,1,tabicl,0.9971396923065186,1
entity_0228,entity_0003,0,tabicl,1.7695838323561475e-06,0
entity_0625,entity_0624,1,tabicl,0.9985445737838745,1
entity_0129,entity_0123,1,tabicl,0.9939847588539124,1
entity_0999,entity_0310,0,tabicl,4.031570824736264e-06,0
entity_0862,entity_0444,0,tabicl,8.003998459571449e-07,0
entity_0878,entity_0880,1,tabicl,0.9978035092353821,1
entity_0002,entity_0008,1,tabicl,0.982683539390564,1
entity_0828,entity_0751,0,tabicl,1.0503580369913834e-06,0
entity_0928,entity_0917,0,tabicl,0.6237843036651611,1
entity_0025,entity_0970,0,tabicl,1.6713104287191527e-06,0
entity_0069,entity_0501,0,tabicl,4.912895406050666e-07,0
entity_0021,entity_0906,0,tabicl,8.716224897398206e-07,0
entity_0983,entity_0989,1,tabicl,0.9931539297103882,1
entity_0891,entity_0046,0,tabicl,1.6710267800590373e-06,0
entity_0367,entity_0418,0,tabicl,1.9070274674959364e-06,0
entity_0897,entity_0894,1,tabicl,0.9977285861968994,1
entity_0978,entity_0977,1,tabicl,0.9983903169631958,1
entity_0848,entity_0172,0,tabicl,9.827871281231637e-07,0
entity_0091,entity_0095,1,tabicl,0.9938998222351074,1
entity_0088,entity_0087,1,tabicl,0.9984949231147766,1
entity_0192,entity_0198,1,tabicl,0.9948448538780212,1
entity_0570,entity_0562,1,tabicl,0.986714780330658,1
entity_0306,entity_0688,0,tabicl,5.29268845639308e-07,0
entity_0559,entity_0393,0,tabicl,1.0511065511309425e-06,0
entity_0839,entity_0375,0,tabicl,7.97960126419639e-07,0
entity_0143,entity_0141,1,tabicl,0.9972549080848694,1
entity_0724,entity_0721,1,tabicl,0.9940685033798218,1
entity_0584,entity_0701,0,tabicl,1.0464835895618307e-06,0
entity_0168,entity_0164,1,tabicl,0.9977602958679199,1
entity_0303,entity_0308,1,tabicl,0.9913148283958435,1
entity_0512,entity_0227,0,tabicl,8.441926411251188e-07,0
entity_0805,entity_0752,0,tabicl,1.0498242772882804e-06,0
entity_0370,entity_0958,0,tabicl,5.862606826667616e-07,0
entity_0643,entity_0645,1,tabicl,0.9964565634727478,1
entity_0385,entity_0383,1,tabicl,0.9985727071762085,1
entity_0911,entity_0243,0,tabicl,9.957356041923049e-07,0
entity_0969,entity_0960,0,tabicl,0.9541753530502319,1
entity_0773,entity_0823,0,tabicl,2.4550470243411837e-06,0
entity_0816,entity_0422,0,tabicl,7.364928933384363e-07,0
entity_0841,entity_0843,1,tabicl,0.9967467188835144,1
entity_0217,entity_0213,1,tabicl,0.9965807795524597,1
entity_0953,entity_0955,1,tabicl,0.9982522130012512,1
entity_0751,entity_0754,1,tabicl,0.9963158965110779,1
entity_0288,entity_0782,0,tabicl,8.674943501318921e-07,0
entity_0320,entity_0489,0,tabicl,5.970937877464166e-07,0
entity_0699,entity_0065,0,tabicl,1.3061197705610539e-06,0
entity_0482,entity_0487,1,tabicl,0.9966611862182617,1
entity_0837,entity_0839,1,tabicl,0.9967851638793945,1
entity_0840,entity_0832,1,tabicl,0.9792925715446472,1
entity_0438,entity_0440,1,tabicl,0.996009111404419,1
entity_0840,entity_0681,0,tabicl,1.0265903256367892e-06,0
entity_0358,entity_0355,1,tabicl,0.9984452128410339,1
entity_0527,entity_0530,1,tabicl,0.9981308579444885,1
entity_0711,entity_0717,1,tabicl,0.991370677947998,1
entity_0270,entity_0847,0,tabicl,6.131802479103499e-07,0
entity_0755,entity_0549,0,tabicl,1.247593786501966e-06,0
entity_0769,entity_0768,1,tabicl,0.9971179366111755,1
entity_0387,entity_0385,1,tabicl,0.9986377358436584,1
entity_0738,entity_0735,1,tabicl,0.9961239099502563,1
entity_0519,entity_0618,0,tabicl,9.285551527682401e-07,0
entity_0830,entity_0823,1,tabicl,0.9901824593544006,1
entity_0407,entity_0314,0,tabicl,1.2121280406063306e-06,0
entity_0545,entity_0542,1,tabicl,0.9985602498054504,1
entity_0192,entity_0175,0,tabicl,0.00028655858477577567,0
entity_0520,entity_0516,1,tabicl,0.9980332255363464,1
entity_0444,entity_0678,0,tabicl,6.185260303936957e-07,0
entity_0040,entity_0406,0,tabicl,5.690253601642326e-07,0
entity_0751,entity_0759,1,tabicl,0.979598343372345,1
entity_0160,entity_0155,1,tabicl,0.9970292448997498,1
entity_0315,entity_0313,1,tabicl,0.9985742568969727,1
entity_0982,entity_0241,0,tabicl,1.193468960991595e-06,0
entity_0905,entity_0902,1,tabicl,0.9973281621932983,1
entity_0955,entity_0958,1,tabicl,0.9981268048286438,1
entity_0943,entity_0948,1,tabicl,0.9959918856620789,1
entity_0384,entity_0388,1,tabicl,0.9934428334236145,1
entity_0357,entity_0027,0,tabicl,9.529887847747887e-07,0
entity_0543,entity_0549,1,tabicl,0.9869683384895325,1
entity_0885,entity_0890,1,tabicl,0.9948503971099854,1
entity_0422,entity_0421,1,tabicl,0.9989744424819946,1
entity_0136,entity_0132,1,tabicl,0.9957418441772461,1
entity_0296,entity_0827,0,tabicl,6.482449066425033e-07,0
entity_0916,entity_0952,0,tabicl,1.1612811249506194e-05,0
entity_0540,entity_0063,0,tabicl,7.77447951350041e-07,0
entity_0553,entity_0519,0,tabicl,3.7020772651885636e-06,0
entity_0751,entity_0753,1,tabicl,0.9971887469291687,1
entity_0053,entity_0060,1,tabicl,0.9894272685050964,1
entity_0248,entity_0247,1,tabicl,0.9981389045715332,1
entity_0643,entity_0989,0,tabicl,1.0204137197433738e-06,0
entity_0434,entity_0439,1,tabicl,0.9918138980865479,1
entity_0101,entity_0681,0,tabicl,6.004233910061885e-07,0
entity_0702,entity_0705,1,tabicl,0.9960733652114868,1
entity_0818,entity_0819,1,tabicl,0.9968945384025574,1
entity_0006,entity_0515,0,tabicl,1.0322451089450624e-06,0
entity_0273,entity_0275,1,tabicl,0.9963158965110779,1
entity_0194,entity_0996,0,tabicl,1.7155798559542745e-06,0
entity_0941,entity_0204,0,tabicl,1.0438611752761062e-06,0
entity_0171,entity_0711,0,tabicl,5.867377694812603e-07,0
entity_0374,entity_0373,1,tabicl,0.9987025260925293,1
entity_0562,entity_0567,1,tabicl,0.9886755347251892,1
entity_0441,entity_0410,0,tabicl,4.783584699907806e-06,0
entity_0456,entity_0519,0,tabicl,1.681029402789136e-06,0
entity_0586,entity_0467,0,tabicl,1.3550212543123052e-06,0
entity_0494,entity_0348,0,tabicl,1.0524978506509797e-06,0
entity_0825,entity_0008,0,tabicl,1.7104697462855256e-06,0
entity_0659,entity_0660,1,tabicl,0.9971303343772888,1
entity_0546,entity_0548,1,tabicl,0.9979237914085388,1
entity_0973,entity_0978,1,tabicl,0.9964565634727478,1
entity_0070,entity_0068,1,tabicl,0.9979260563850403,1
entity_0790,entity_0786,1,tabicl,0.9955729246139526,1
entity_0946,entity_0943,1,tabicl,0.9974134564399719,1
entity_0361,entity_0046,0,tabicl,8.659668537802645e-07,0
entity_0702,entity_0961,0,tabicl,6.140954837974277e-07,0
entity_0534,entity_0548,0,tabicl,0.0006097807781770825,0
entity_0927,entity_0926,1,tabicl,0.9984702467918396,1
entity_0769,entity_0844,0,tabicl,1.2525949841801776e-06,0
entity_0769,entity_0928,0,tabicl,7.378926625278837e-07,0
entity_0467,entity_0464,1,tabicl,0.9987053871154785,1
entity_0682,entity_0829,0,tabicl,8.653790928292437e-07,0
entity_0635,entity_0633,1,tabicl,0.9981629252433777,1
entity_0775,entity_0661,0,tabicl,1.3871705277779256e-06,0
entity_0969,entity_0766,0,tabicl,1.387239422001585e-06,0
entity_0028,entity_0658,0,tabicl,1.015718453345471e-06,0
entity_0567,entity_0569,1,tabicl,0.9969511032104492,1
entity_0004,entity_0434,0,tabicl,9.694160780782113e-07,0
entity_0112,entity_0253,0,tabicl,7.060722850837919e-07,0
entity_0376,entity_0229,0,tabicl,9.442082387067785e-07,0
entity_0753,entity_0754,1,tabicl,0.9978247880935669,1
entity_0750,entity_0156,0,tabicl,1.3824966345055145e-06,0
entity_0647,entity_0097,0,tabicl,1.096466917260841e-06,0
entity_0849,entity_0847,1,tabicl,0.9967290759086609,1
entity_0613,entity_0218,0,tabicl,1.1064765885748784e-06,0
entity_0210,entity_0205,1,tabicl,0.9965435862541199,1
entity_0295,entity_0021,0,tabicl,9.524717370368307e-07,0
entity_0197,entity_0360,0,tabicl,7.236205306071497e-07,0
entity_0361,entity_0367,1,tabicl,0.9922844767570496,1
entity_0807,entity_0803,1,tabicl,0.9941384792327881,1
entity_0679,entity_0083,0,tabicl,9.562260174789117e-07,0
entity_0740,entity_0372,0,tabicl,9.906161722028628e-07,0
entity_0417,entity_0419,1,tabicl,0.9979237914085388,1
entity_0336,entity_0334,1,tabicl,0.9979372024536133,1
entity_0497,entity_0496,1,tabicl,0.999357283115387,1
entity_0555,entity_0240,0,tabicl,9.790620651983772e-07,0
entity_0147,entity_0628,0,tabicl,9.300679835178016e-07,0
entity_0435,entity_0440,1,tabicl,0.9914169907569885,1
entity_0221,entity_0225,1,tabicl,0.9930123686790466,1
entity_0108,entity_0412,0,tabicl,7.132910582186014e-07,0
entity_0666,entity_0668,1,tabicl,0.9961697459220886,1
entity_0320,entity_0318,1,tabicl,0.9985430240631104,1
entity_0086,entity_0087,1,tabicl,0.9977892637252808,1
entity_0047,entity_0046,1,tabicl,0.9967113733291626,1
entity_0069,entity_0744,0,tabicl,6.976006829972903e-07,0
entity_0271,entity_0903,0,tabicl,6.160981342873129e-07,0
entity_0997,entity_1000,1,tabicl,0.994306743144989,1
entity_0970,entity_0486,0,tabicl,9.646942089602817e-07,0
entity_0671,entity_0937,0,tabicl,5.681767447640595e-07,0
entity_0816,entity_0820,1,tabicl,0.9920312166213989,1
entity_0141,entity_0150,1,tabicl,0.95209139585495,1
entity_0254,entity_0630,0,tabicl,6.101934104663087e-07,0
entity_0917,entity_0919,1,tabicl,0.9985127449035645,1
entity_0598,entity_0305,0,tabicl,9.39130643473618e-07,0
entity_0948,entity_0942,1,tabicl,0.9947209358215332,1
entity_0920,entity_0690,0,tabicl,9.636468121243524e-07,0
entity_0175,entity_0177,1,tabicl,0.9983868598937988,1
entity_0575,entity_0630,0,tabicl,2.0738386865559733e-06,0
entity_0476,entity_0315,0,tabicl,1.124289155995939e-06,0
entity_0194,entity_0997,0,tabicl,1.7646697187956306e-06,0
entity_0066,entity_0526,0,tabicl,5.798551114821748e-07,0
entity_0471,entity_0545,0,tabicl,1.4786023712076712e-06,0
entity_0531,entity_0537,1,tabicl,0.9913334846496582,1
entity_0437,entity_0433,1,tabicl,0.9988307356834412,1
entity_0380,entity_0540,0,tabicl,5.783622896160523e-07,0
entity_0417,entity_0916,0,tabicl,6.279086619542795e-07,0
entity_0729,entity_0775,0,tabicl,3.882159944623709e-06,0
entity_0955,entity_0180,0,tabicl,1.1490720908113872e-06,0
entity_0743,entity_0629,0,tabicl,1.3662794344782014e-06,0
entity_0563,entity_0568,1,tabicl,0.9887723326683044,1
entity_0992,entity_0523,0,tabicl,1.3916212537878891e-06,0
entity_0175,entity_0171,1,tabicl,0.9965323805809021,1
entity_0221,entity_0229,1,tabicl,0.9805723428726196,1
entity_0212,entity_0220,1,tabicl,0.9814613461494446,1
entity_0709,entity_0806,0,tabicl,1.527940639789449e-06,0
entity_0944,entity_0781,0,tabicl,1.2585123840835877e-06,0
entity_0028,entity_0024,1,tabicl,0.9958057403564453,1
entity_0533,entity_0849,0,tabicl,5.448559932119679e-07,0
entity_0502,entity_0504,1,tabicl,0.9986199140548706,1
entity_0200,entity_0294,0,tabicl,1.0610613117023604e-06,0
entity_0069,entity_0065,1,tabicl,0.996148943901062,1
entity_0846,entity_0067,0,tabicl,1.286515384890663e-06,0
entity_0691,entity_0692,1,tabicl,0.9974715709686279,1
entity_0257,entity_0255,1,tabicl,0.9977408647537231,1
entity_0092,entity_0124,0,tabicl,8.878650987753645e-06,0
entity_0601,entity_0605,1,tabicl,0.9959130883216858,1
entity_0514,entity_0841,0,tabicl,5.436751848719723e-07,0
entity_0463,entity_0625,0,tabicl,6.760816972928296e-07,0
entity_0009,entity_0010,1,tabicl,0.9966502785682678,1
entity_0136,entity_0137,1,tabicl,0.998295247554779,1
entity_0046,entity_0043,1,tabicl,0.9968811273574829,1
entity_0062,entity_0136,0,tabicl,2.0210104594298173e-06,0
entity_0487,entity_0029,0,tabicl,9.963425782189006e-07,0
entity_0929,entity_0924,1,tabicl,0.9963436722755432,1
entity_0871,entity_0878,1,tabicl,0.9859994053840637,1
entity_0418,entity_0416,1,tabicl,0.9990421533584595,1
entity_0127,entity_0631,0,tabicl,5.979451884741138e-07,0
entity_0260,entity_0258,1,tabicl,0.9981063604354858,1
entity_0655,entity_0134,0,tabicl,1.1645655604297644e-06,0
entity_0566,entity_0569,1,tabicl,0.995250940322876,1
entity_0826,entity_0829,1,tabicl,0.9953524470329285,1
entity_0905,entity_0903,1,tabicl,0.9980438351631165,1
entity_0907,entity_0910,1,tabicl,0.9970834255218506,1
entity_0309,entity_0955,0,tabicl,5.461878345158766e-07,0
entity_0115,entity_0111,1,tabicl,0.9973711967468262,1
entity_0279,entity_0273,1,tabicl,0.9959875345230103,1
entity_0960,entity_0956,1,tabicl,0.9970580339431763,1
entity_0941,entity_0752,0,tabicl,1.2017126209684648e-06,0
entity_0747,entity_0105,0,tabicl,1.1094817864432116e-06,0
entity_0803,entity_0020,0,tabicl,1.741841856528481e-06,0
entity_0432,entity_0431,1,tabicl,0.999099612236023,1
entity_0181,entity_0262,0,tabicl,1.1322860018481151e-06,0
entity_0839,entity_0193,0,tabicl,1.2114912806282518e-06,0
entity_0844,entity_0848,1,tabicl,0.9938403367996216,1
entity_0369,entity_0818,0,tabicl,5.093381219012372e-07,0
entity_0197,entity_0603,0,tabicl,6.721961085531802e-07,0
entity_0807,entity_0802,1,tabicl,0.9936378002166748,1
entity_0722,entity_0919,0,tabicl,6.23410983280337e-07,0
entity_0726,entity_0727,1,tabicl,0.997089684009552,1
entity_0706,entity_0708,1,tabicl,0.9975892305374146,1
entity_0751,entity_0510,0,tabicl,1.0612767482598429e-06,0
entity_0984,entity_0078,0,tabicl,2.8172785278002266e-06,0
entity_0805,entity_0978,0,tabicl,1.0802289125422249e-06,0
entity_0278,entity_0543,0,tabicl,5.560550562222488e-07,0
entity_0655,entity_0941,0,tabicl,5.571118322222901e-07,0
entity_0356,entity_0699,0,tabicl,5.50053414372087e-07,0
entity_0914,entity_0590,0,tabicl,8.970499720817315e-07,0
entity_0394,entity_0972,0,tabicl,6.59507804812165e-07,0
entity_0189,entity_0186,1,tabicl,0.9973136782646179,1
entity_0232,entity_0237,1,tabicl,0.9912492036819458,1
entity_0515,entity_0520,1,tabicl,0.9959614276885986,1
entity_0523,entity_0530,1,tabicl,0.9880132675170898,1
entity_0659,entity_0300,0,tabicl,1.03098579984362e-06,0
entity_0376,entity_0789,0,tabicl,5.65179050227016e-07,0
entity_0396,entity_0332,0,tabicl,1.3924920949648367e-06,0
entity_0593,entity_0596,1,tabicl,0.997296154499054,1
entity_0317,entity_0414,0,tabicl,1.0239494940833538e-06,0
entity_0517,entity_0215,0,tabicl,9.075739626496215e-07,0
entity_0796,entity_0405,0,tabicl,8.739306736060826e-07,0
entity_0475,entity_0472,1,tabicl,0.9985619187355042,1
entity_0524,entity_0395,0,tabicl,1.3029348338022828e-06,0
entity_0013,entity_0106,0,tabicl,2.469909986757557e-06,0
entity_0133,entity_0412,0,tabicl,4.865150913246907e-07,0
entity_0130,entity_0238,0,tabicl,8.251459462371713e-07,0
entity_0134,entity_0219,0,tabicl,9.94722768155043e-07,0
entity_0930,entity_0515,0,tabicl,8.633866173113347e-07,0
entity_0742,entity_0747,1,tabicl,0.9940940737724304,1
entity_0384,entity_0171,0,tabicl,8.626541330158943e-07,0
entity_0579,entity_0574,1,tabicl,0.9976203441619873,1
entity_0044,entity_0041,1,tabicl,0.9965135455131531,1
entity_0140,entity_0207,0,tabicl,1.5090957958818763e-06,0
entity_0920,entity_0916,1,tabicl,0.9966174960136414,1
entity_0214,entity_0048,0,tabicl,9.924486903400975e-07,0
entity_0274,entity_0277,1,tabicl,0.9952045679092407,1
entity_0668,entity_0150,0,tabicl,1.171656094811624e-06,0
entity_0954,entity_0955,1,tabicl,0.9985880851745605,1
entity_0730,entity_0725,1,tabicl,0.9946923851966858,1
entity_0337,entity_0804,0,tabicl,5.580195079346595e-07,0
entity_0364,entity_0078,0,tabicl,8.422201176472299e-07,0
entity_0922,entity_0423,0,tabicl,9.397677445122099e-07,0
entity_0803,entity_0802,1,tabicl,0.9974689483642578,1
entity_0688,entity_0681,1,tabicl,0.9954419136047363,1
entity_0599,entity_0591,1,tabicl,0.987528383731842,1
entity_0077,entity_0345,0,tabicl,5.273341230349615e-07,0
entity_0906,entity_0518,0,tabicl,9.550595905238879e-07,0
entity_0039,entity_0037,1,tabicl,0.99664306640625,1
entity_0420,entity_0418,1,tabicl,0.9989910125732422,1
entity_0435,entity_0437,1,tabicl,0.9964908957481384,1
entity_0713,entity_0633,0,tabicl,1.2398758144627209e-06,0
entity_0334,entity_0333,1,tabicl,0.9978691339492798,1
entity_0890,entity_0710,0,tabicl,1.2026906688333838e-06,0
entity_0374,entity_0930,0,tabicl,6.069745950298966e-07,0
entity_0764,entity_0275,0,tabicl,1.2481864359870087e-06,0
entity_0339,entity_0331,1,tabicl,0.9922844767570496,1
entity_0821,entity_0823,1,tabicl,0.9958731532096863,1
entity_0122,entity_0129,1,tabicl,0.985542893409729,1
entity_0495,entity_0496,1,tabicl,0.9990617036819458,1
entity_0184,entity_0181,1,tabicl,0.9974688291549683,1
entity_0314,entity_0311,1,tabicl,0.9984998106956482,1
entity_0884,entity_0732,0,tabicl,1.3027770364715252e-06,0
entity_0165,entity_0164,1,tabicl,0.9988282322883606,1
entity_0945,entity_0833,0,tabicl,1.2179986015325994e-06,0
entity_0824,entity_0497,0,tabicl,7.515283186876331e-07,0
entity_0578,entity_0685,0,tabicl,1.0640881100698607e-06,0
entity_0569,entity_0031,0,tabicl,8.708548193681054e-07,0
entity_0446,entity_0447,1,tabicl,0.9982989430427551,1
entity_0974,entity_0135,0,tabicl,1.7405201333531295e-06,0
entity_0491,entity_0495,1,tabicl,0.9968231916427612,1
entity_0504,entity_0506,1,tabicl,0.9984536170959473,1
entity_0719,entity_0773,0,tabicl,2.5878384803945664e-06,0
entity_0684,entity_0682,1,tabicl,0.9976510405540466,1
entity_0807,entity_0165,0,tabicl,1.2190722600280424e-06,0
entity_0928,entity_0929,1,tabicl,0.9986465573310852,1
entity_0341,entity_0348,1,tabicl,0.9904015064239502,1
entity_0682,entity_0685,1,tabicl,0.9943373799324036,1
entity_0038,entity_0034,1,tabicl,0.9952097535133362,1
entity_0754,entity_0757,1,tabicl,0.9960648417472839,1
entity_0472,entity_0479,1,tabicl,0.994634747505188,1
entity_0514,entity_0517,1,tabicl,0.998210072517395,1
entity_0339,entity_0517,0,tabicl,5.343176212591061e-07,0
entity_0795,entity_0785,0,tabicl,0.49674490094184875,0
entity_0389,entity_0943,0,tabicl,6.242576091608498e-07,0
entity_0722,entity_0161,0,tabicl,9.870618669083342e-07,0
entity_0870,entity_0864,1,tabicl,0.9935131669044495,1
entity_0149,entity_0145,1,tabicl,0.9968777298927307,1
entity_0229,entity_0220,0,tabicl,0.9764556288719177,1
entity_0791,entity_0124,0,tabicl,9.949922059604432e-07,0
entity_0927,entity_0921,1,tabicl,0.9952458739280701,1
entity_0657,entity_0652,1,tabicl,0.9961614608764648,1
entity_0604,entity_0607,1,tabicl,0.9965022802352905,1
entity_0937,entity_0940,1,tabicl,0.9978459477424622,1
entity_0717,entity_0307,0,tabicl,9.845216482062824e-07,0
entity_0226,entity_0221,1,tabicl,0.9941699504852295,1
entity_0191,entity_0198,1,tabicl,0.9921672940254211,1
entity_0063,entity_0068,1,tabicl,0.9954073429107666,1
entity_0415,entity_0223,0,tabicl,9.550595905238879e-07,0
entity_0424,entity_0426,1,tabicl,0.9975524544715881,1
entity_0135,entity_0799,0,tabicl,6.057405812498473e-07,0
entity_0654,entity_0656,1,tabicl,0.9964488744735718,1
entity_0882,entity_0274,0,tabicl,8.788643413026875e-07,0
entity_0444,entity_0442,1,tabicl,0.999110221862793,1
entity_0255,entity_0736,0,tabicl,5.173447448214574e-07,0
entity_0577,entity_0831,0,tabicl,6.625564310525078e-07,0
entity_0058,entity_0059,1,tabicl,0.9974357485771179,1
entity_0097,entity_0093,1,tabicl,0.9976988434791565,1
entity_0467,entity_0652,0,tabicl,7.125179877220944e-07,0
entity_0075,entity_0562,0,tabicl,6.641303684773447e-07,0
entity_0710,entity_0704,1,tabicl,0.99458247423172,1
entity_0747,entity_0745,1,tabicl,0.9971796274185181,1
entity_0814,entity_0641,0,tabicl,8.971705938165542e-07,0
entity_0318,entity_0391,0,tabicl,1.2460718608053867e-06,0
entity_0366,entity_0368,1,tabicl,0.9971857070922852,1
entity_0894,entity_0395,0,tabicl,9.817219961405499e-07,0
entity_0184,entity_0650,0,tabicl,5.64795982427313e-07,0
entity_0221,entity_0368,0,tabicl,8.771971806709189e-07,0
entity_0903,entity_0907,1,tabicl,0.9957141280174255,1
entity_0279,entity_0370,0,tabicl,1.1545402003321215e-06,0
entity_0048,entity_0213,0,tabicl,8.410787017965049e-07,0
entity_0070,entity_0065,1,tabicl,0.9954023361206055,1
entity_0023,entity_0022,1,tabicl,0.9962232112884521,1
entity_0103,entity_0110,1,tabicl,0.9793145656585693,1
entity_0794,entity_0307,0,tabicl,9.164184007204312e-07,0
entity_0466,entity_0470,1,tabicl,0.9974218606948853,1
entity_0657,entity_0659,1,tabicl,0.9958909749984741,1
entity_0941,entity_0349,0,tabicl,8.940129987422551e-07,0
entity_0954,entity_0957,1,tabicl,0.9980310797691345,1
entity_0593,entity_0692,0,tabicl,1.2256223271833733e-06,0
entity_0783,entity_0781,1,tabicl,0.9963986277580261,1
entity_0223,entity_0229,1,tabicl,0.9900656938552856,1
entity_0068,entity_0949,0,tabicl,7.506114911848272e-07,0
entity_0722,entity_0729,1,tabicl,0.9794023036956787,1
entity_0677,entity_0680,1,tabicl,0.9927594661712646,1
entity_0891,entity_0513,0,tabicl,9.448172022530343e-07,0
entity_0285,entity_0815,0,tabicl,6.323526235973986e-07,0
entity_0002,entity_0900,0,tabicl,2.5892850317177363e-06,0
entity_0724,entity_0015,0,tabicl,1.3240451153251342e-06,0
entity_0198,entity_0312,0,tabicl,8.828066029309412e-07,0
entity_0824,entity_0822,1,tabicl,0.9976637363433838,1
entity_0145,entity_0148,1,tabicl,0.9970612525939941,1
entity_0801,entity_0655,0,tabicl,1.0065980404760921e-06,0
entity_0307,entity_0306,1,tabicl,0.9977940320968628,1
entity_0867,entity_0862,1,tabicl,0.9945530891418457,1
entity_0744,entity_0749,1,tabicl,0.9939847588539124,1
entity_0152,entity_0239,0,tabicl,1.027495386551891e-06,0
entity_0794,entity_0895,0,tabicl,1.218329543917207e-06,0
entity_0693,entity_0691,1,tabicl,0.9975918531417847,1
entity_0273,entity_0650,0,tabicl,5.819825332764594e-07,0
entity_0390,entity_0383,1,tabicl,0.9949929118156433,1
entity_0828,entity_0829,1,tabicl,0.9976357221603394,1
entity_0716,entity_0909,0,tabicl,6.09200924372999e-07,0
entity_0833,entity_0832,1,tabicl,0.9980053305625916,1
entity_0028,entity_0246,0,tabicl,8.093504675343866e-07,0
entity_0642,entity_0614,0,tabicl,4.056461420987034e-06,0
entity_0040,entity_0835,0,tabicl,5.991221314616269e-07,0
entity_0647,entity_0648,1,tabicl,0.9977916479110718,1
entity_0640,entity_0635,1,tabicl,0.9960775971412659,1
entity_0160,entity_0153,1,tabicl,0.9948670268058777,1
entity_0505,entity_0701,0,tabicl,5.882511686650105e-07,0
entity_0113,entity_0115,1,tabicl,0.9978365302085876,1
entity_0925,entity_0806,0,tabicl,1.0884656376219937e-06,0
entity_0379,entity_0376,1,tabicl,0.9981489181518555,1
entity_0780,entity_0772,1,tabicl,0.9728708863258362,1
entity_0572,entity_0577,1,tabicl,0.9916895627975464,1
entity_0852,entity_0092,0,tabicl,1.2123952046749764e-06,0
entity_0922,entity_0925,1,tabicl,0.9980480670928955,1
entity_0803,entity_0804,1,tabicl,0.9971612691879272,1
entity_0562,entity_0792,0,tabicl,6.398590812750626e-07,0
entity_0758,entity_0757,1,tabicl,0.9977113008499146,1
entity_0154,entity_0156,1,tabicl,0.9980607032775879,1
entity_0424,entity_0600,0,tabicl,6.764493036826025e-07,0
entity_0883,entity_0887,1,tabicl,0.9962109327316284,1
entity_0634,entity_0847,0,tabicl,5.337385005077522e-07,0
entity_0621,entity_0726,0,tabicl,1.1913664366147714e-06,0
entity_0187,entity_0113,0,tabicl,1.2010608543278067e-06,0
entity_0582,entity_0178,0,tabicl,8.910168958209397e-07,0
entity_0436,entity_0598,0,tabicl,6.73428701247758e-07,0
entity_0691,entity_0699,1,tabicl,0.9597117304801941,1
entity_0126,entity_0122,1,tabicl,0.9958598017692566,1
entity_0547,entity_0265,0,tabicl,1.2467481838029926e-06,0
entity_0431,entity_0902,0,tabicl,6.844786071269482e-07,0
entity_0775,entity_0779,1,tabicl,0.9953874945640564,1
entity_0151,entity_0159,1,tabicl,0.9799424409866333,1
entity_0884,entity_0423,0,tabicl,8.588313562540861e-07,0
entity_0575,entity_0578,1,tabicl,0.9960860013961792,1
entity_0757,entity_0120,0,tabicl,1.161765908364032e-06,0
entity_0748,entity_0749,1,tabicl,0.9979237914085388,1
entity_0788,entity_0074,0,tabicl,1.1539920024006278e-06,0
entity_0659,entity_0654,1,tabicl,0.9961944818496704,1
entity_0662,entity_0401,0,tabicl,8.822081554171746e-07,0
entity_0448,entity_0449,1,tabicl,0.9986625909805298,1
entity_0970,entity_0965,1,tabicl,0.9967148303985596,1
entity_0813,entity_0814,1,tabicl,0.9965992569923401,1
entity_0451,entity_0836,0,tabicl,5.465583399200113e-07,0
entity_0949,entity_0945,1,tabicl,0.9967325925827026,1
entity_0489,entity_0487,1,tabicl,0.9989359974861145,1
entity_0668,entity_0705,0,tabicl,6.375161319738254e-06,0
entity_0342,entity_0349,1,tabicl,0.9887602925300598,1
entity_0800,entity_0799,1,tabicl,0.9974934458732605,1
entity_0726,entity_0724,1,tabicl,0.995372474193573,1
entity_0509,entity_0505,1,tabicl,0.9979879856109619,1
entity_0358,entity_0624,0,tabicl,5.54398184249294e-07,0
entity_0168,entity_0237,0,tabicl,1.4871511666569859e-06,0
entity_0776,entity_0600,0,tabicl,9.364601964989561e-07,0
entity_0845,entity_0454,0,tabicl,7.923524094621825e-07,0
entity_0954,entity_0956,1,tabicl,0.9983745813369751,1
entity_0767,entity_0770,1,tabicl,0.9962999224662781,1
entity_0398,entity_0226,0,tabicl,1.071584279088711e-06,0
entity_0366,entity_0625,0,tabicl,6.049196485946595e-07,0
entity_0431,entity_0437,1,tabicl,0.9871898293495178,1
entity_0237,entity_0235,1,tabicl,0.9972039461135864,1
entity_0136,entity_0819,0,tabicl,5.411735060079081e-07,0
entity_0819,entity_0816,1,tabicl,0.9961780309677124,1
entity_0584,entity_0582,1,tabicl,0.9989921450614929,1
entity_0760,entity_0588,0,tabicl,1.1366710168658756e-06,0
entity_0923,entity_0710,0,tabicl,9.804570026972215e-07,0
entity_0116,entity_0111,1,tabicl,0.9969839453697205,1
entity_0303,entity_0890,0,tabicl,5.778131821898569e-07,0
entity_0358,entity_0865,0,tabicl,4.5252329528011614e-07,0
entity_0680,entity_0552,0,tabicl,1.1492288649606053e-06,0
entity_0636,entity_0637,1,tabicl,0.9971241354942322,1
entity_0176,entity_0180,1,tabicl,0.9960860013961792,1
entity_0096,entity_0439,0,tabicl,5.919332011217193e-07,0
entity_0294,entity_0292,1,tabicl,0.9985602498054504,1
entity_0973,entity_0724,0,tabicl,1.1941167485929327e-06,0
entity_0463,entity_0644,0,tabicl,6.711487685606699e-07,0
entity_0889,entity_0884,1,tabicl,0.9948670268058777,1
entity_0361,entity_0723,0,tabicl,5.405138381320285e-07,0
entity_0574,entity_0809,0,tabicl,6.910084380251647e-07,0
entity_0566,entity_0565,1,tabicl,0.9990390539169312,1
entity_0501,entity_0504,1,tabicl,0.9977602958679199,1
entity_0943,entity_0038,0,tabicl,1.926199502122472e-06,0
entity_0257,entity_0831,0,tabicl,6.273125450206862e-07,0
entity_0216,entity_0218,1,tabicl,0.9968607425689697,1
entity_0956,entity_0955,1,tabicl,0.998555600643158,1
entity_0389,entity_0077,0,tabicl,8.007250471564475e-07,0
entity_0752,entity_0751,1,tabicl,0.9978482723236084,1
entity_0876,entity_0873,1,tabicl,0.9970644116401672,1
entity_0048,entity_0382,0,tabicl,4.5362983769337006e-07,0
entity_0635,entity_0070,0,tabicl,1.2366424471110804e-06,0
entity_0494,entity_0497,1,tabicl,0.9979550242424011,1
entity_0776,entity_0639,0,tabicl,1.0643043424352072e-06,0
entity_0783,entity_0525,0,tabicl,9.635825790610397e-07,0
entity_0804,entity_0027,0,tabicl,1.451578214073379e-06,0
entity_0495,entity_0498,1,tabicl,0.9979945421218872,1
entity_0160,entity_0158,1,tabicl,0.9987220764160156,1
entity_0376,entity_0373,1,tabicl,0.9982119798660278,1
entity_0265,entity_0266,1,tabicl,0.9978106617927551,1
entity_0357,entity_0159,0,tabicl,8.871277259459021e-07,0
entity_0771,entity_0591,0,tabicl,1.1370569836799405e-06,0
entity_0069,entity_0515,0,tabicl,5.411001779975777e-07,0
entity_0725,entity_0021,0,tabicl,1.3268323755255551e-06,0
entity_0370,entity_0240,0,tabicl,9.935092748492025e-07,0
entity_0556,entity_0553,1,tabicl,0.9987440705299377,1
entity_0605,entity_0480,0,tabicl,1.395165213580185e-06,0
entity_0240,entity_0465,0,tabicl,5.639541882374033e-07,0
entity_0459,entity_0454,1,tabicl,0.9977161884307861,1
entity_0987,entity_0553,0,tabicl,1.3717561841986026e-06,0
entity_0578,entity_0884,0,tabicl,6.347592034217087e-07,0
entity_0832,entity_0444,0,tabicl,7.35245805572049e-07,0
entity_0711,entity_0719,1,tabicl,0.9745103120803833,1
entity_0311,entity_0313,1,tabicl,0.9959701299667358,1
entity_0626,entity_0837,0,tabicl,5.567342213907978e-07,0
entity_0788,entity_0789,1,tabicl,0.997520387172699,1
entity_0230,entity_0223,1,tabicl,0.9912397265434265,1
entity_0348,entity_0342,1,tabicl,0.9974134564399719,1
entity_0857,entity_0824,0,tabicl,3.79935363525874e-06,0
entity_0695,entity_0627,0,tabicl,1.3008154837734764e-06,0
entity_0296,entity_0295,1,tabicl,0.9980878233909607,1
entity_0904,entity_0905,1,tabicl,0.9981166124343872,1
entity_0241,entity_0245,1,tabicl,0.9954615831375122,1
entity_0806,entity_0804,1,tabicl,0.9969345927238464,1
entity_0380,entity_0943,0,tabicl,5.920139187765017e-07,0
entity_0486,entity_0206,0,tabicl,1.1758347682189196e-06,0
entity_0202,entity_0852,0,tabicl,7.805123800608271e-07,0
entity_0655,entity_0653,1,tabicl,0.9981186389923096,1
entity_0912,entity_0361,0,tabicl,1.0195138884228072e-06,0
entity_0639,entity_0140,0,tabicl,1.4386414477485232e-06,0
entity_0909,entity_0834,0,tabicl,1.2812053000743617e-06,0
entity_0600,entity_0718,0,tabicl,1.0758431017166004e-06,0
entity_0428,entity_0429,1,tabicl,0.9984025359153748,1
entity_0739,entity_0738,1,tabicl,0.997477114200592,1
entity_0281,entity_0285,1,tabicl,0.9939456582069397,1
entity_0335,entity_0730,0,tabicl,5.654858910020266e-07,0
entity_0742,entity_0744,1,tabicl,0.9975603818893433,1
entity_0917,entity_0918,1,tabicl,0.9985191822052002,1
entity_0197,entity_0286,0,tabicl,1.0719103329392965e-06,0
entity_0836,entity_0837,1,tabicl,0.9975497722625732,1
entity_0130,entity_0308,0,tabicl,6.292730745371955e-07,0
entity_0237,entity_0166,0,tabicl,1.4451443348661996e-06,0
entity_0066,entity_0042,0,tabicl,2.9325852665351704e-05,0
entity_0471,entity_0472,1,tabicl,0.9991207718849182,1
entity_0164,entity_0736,0,tabicl,6.19113166067109e-07,0
entity_0583,entity_0200,0,tabicl,9.637782341087586e-07,0
entity_0622,entity_0398,0,tabicl,9.734349077916704e-07,0
entity_0896,entity_0848,0,tabicl,2.1044406821602024e-06,0
entity_0534,entity_0526,0,tabicl,0.9879099726676941,1
entity_0579,entity_0578,1,tabicl,0.9989519715309143,1
entity_0519,entity_0515,1,tabicl,0.9979901313781738,1
entity_0978,entity_0811,0,tabicl,1.960896497621434e-06,0
entity_0384,entity_0562,0,tabicl,5.900091082366998e-07,0
entity_0138,entity_0135,1,tabicl,0.9972039461135864,1
entity_0030,entity_0025,1,tabicl,0.9939652681350708,1
entity_0369,entity_0366,1,tabicl,0.9983568787574768,1
entity_0261,entity_0266,1,tabicl,0.9933143854141235,1
entity_0369,entity_0361,1,tabicl,0.9908547401428223,1
entity_0903,entity_0748,0,tabicl,1.336018954134488e-06,0
entity_0731,entity_0663,0,tabicl,1.1519588269948144e-06,0
entity_0198,entity_0199,1,tabicl,0.9982331991195679,1
entity_0910,entity_0905,1,tabicl,0.9955199956893921,1
entity_0834,entity_0837,1,tabicl,0.9957233667373657,1
entity_0524,entity_0043,0,tabicl,8.207376254176779e-07,0
entity_0751,entity_0519,0,tabicl,9.982371693695313e-07,0
entity_0089,entity_0813,0,tabicl,4.813297209693701e-07,0
entity_0273,entity_0527,0,tabicl,5.635719162455644e-07,0
entity_0283,entity_0289,1,tabicl,0.9900122284889221,1
entity_0909,entity_0903,1,tabicl,0.9948392510414124,1
entity_0033,entity_0038,1,tabicl,0.9947832822799683,1
entity_0235,entity_0240,1,tabicl,0.9921504259109497,1
entity_0260,entity_0251,1,tabicl,0.9615980386734009,1
entity_0229,entity_0224,1,tabicl,0.9937398433685303,1
entity_0006,entity_0004,1,tabicl,0.9955151677131653,1
entity_0392,entity_0064,0,tabicl,8.192353675440245e-07,0
entity_0461,entity_0469,1,tabicl,0.9870656728744507,1
entity_0518,entity_0514,1,tabicl,0.9982635378837585,1
entity_0261,entity_0816,0,tabicl,6.579893465641362e-07,0
entity_0809,entity_0100,0,tabicl,9.631249895392102e-07,0
entity_0453,entity_0732,0,tabicl,6.08210598329606e-07,0
entity_0695,entity_0697,1,tabicl,0.996547281742096,1
entity_0761,entity_0762,1,tabicl,0.9974330067634583,1
entity_0554,entity_0555,1,tabicl,0.9982748031616211,1
entity_0358,entity_0315,0,tabicl,2.507207454982563e-06,0
entity_0438,entity_0433,1,tabicl,0.9981846809387207,1
entity_0107,entity_0109,1,tabicl,0.9974274635314941,1
entity_0885,entity_0881,1,tabicl,0.9958373308181763,1
entity_0813,entity_0816,1,tabicl,0.9940813183784485,1
entity_0639,entity_0635,1,tabicl,0.9971612691879272,1
entity_0538,entity_0468,0,tabicl,1.466344883738202e-06,0
entity_0614,entity_0613,1,tabicl,0.9984111189842224,1
entity_0093,entity_0094,1,tabicl,0.997607409954071,1
entity_0024,entity_0559,0,tabicl,8.330742389262014e-07,0
entity_0143,entity_0146,1,tabicl,0.997234046459198,1
entity_0920,entity_0872,0,tabicl,2.6510747375141364e-06,0
entity_0958,entity_0956,1,tabicl,0.9981449842453003,1
entity_0103,entity_0566,0,tabicl,7.269155730682542e-07,0
entity_0066,entity_0062,1,tabicl,0.9961155652999878,1
entity_0848,entity_0679,0,tabicl,1.028611109177291e-06,0
entity_0681,entity_0684,1,tabicl,0.9920226335525513,1
entity_0266,entity_0270,1,tabicl,0.9945177435874939,1
entity_0241,entity_0247,1,tabicl,0.9911354780197144,1
entity_0521,entity_0109,0,tabicl,8.14043801256048e-07,0
entity_0888,entity_0885,1,tabicl,0.99689120054245,1
entity_0867,entity_0766,0,tabicl,1.0895736295424285e-06,0
entity_0106,entity_0103,1,tabicl,0.9981629252433777,1
entity_0720,entity_0713,1,tabicl,0.9937601089477539,1
entity_0840,entity_0834,1,tabicl,0.9914169907569885,1
entity_0677,entity_0210,0,tabicl,1.1532098369571031e-06,0
entity_0396,entity_0391,1,tabicl,0.9973711967468262,1
entity_0535,entity_0531,1,tabicl,0.9980711340904236,1
entity_0187,entity_0359,0,tabicl,6.757163077963924e-07,0
entity_0904,entity_0903,1,tabicl,0.9982616305351257,1
entity_0396,entity_0165,0,tabicl,8.173491892193852e-07,0
entity_0647,entity_0463,0,tabicl,1.0571836810413515e-06,0
entity_0813,entity_0046,0,tabicl,1.1789888958446681e-06,0
entity_0577,entity_0477,0,tabicl,1.4420122624869691e-06,0
entity_0334,entity_0742,0,tabicl,5.204415174375754e-07,0
entity_0663,entity_0631,0,tabicl,2.354001480853185e-06,0
entity_0677,entity_0759,0,tabicl,1.4608118590331287e-06,0
entity_0394,entity_0397,1,tabicl,0.995667576789856,1
entity_0536,entity_0531,1,tabicl,0.9972250461578369,1
entity_0325,entity_0035,0,tabicl,9.098540658669663e-07,0
entity_0538,entity_0818,0,tabicl,6.541620223288191e-07,0
entity_0034,entity_0113,0,tabicl,3.7222175706119742e-06,0
entity_0467,entity_0470,1,tabicl,0.998295247554779,1
entity_0665,entity_0722,0,tabicl,2.910324838012457e-06,0
entity_0287,entity_0282,1,tabicl,0.9972844123840332,1
entity_0706,entity_0707,1,tabicl,0.9976586699485779,1
entity_0851,entity_0857,1,tabicl,0.9870795607566833,1
entity_0073,entity_0144,0,tabicl,1.7897380075737601e-06,0
entity_0840,entity_0938,0,tabicl,1.3519917274606996e-06,0
entity_0690,entity_0100,0,tabicl,9.728410077514127e-07,0
entity_0102,entity_0107,1,tabicl,0.9919968247413635,1
entity_0147,entity_0699,0,tabicl,5.673293799191015e-07,0
entity_0754,entity_0756,1,tabicl,0.9971427321434021,1
entity_0038,entity_0105,0,tabicl,4.852357960771769e-06,0
entity_0769,entity_0761,1,tabicl,0.9781864285469055,1
entity_0365,entity_0705,0,tabicl,5.830096370118554e-07,0
entity_0642,entity_0645,1,tabicl,0.993880033493042,1
entity_0715,entity_0697,0,tabicl,1.926885306602344e-05,0
entity_0600,entity_0398,0,tabicl,1.019825162984489e-06,0
entity_0075,entity_0079,1,tabicl,0.9948781132698059,1
entity_0199,entity_0286,0,tabicl,1.0815493851623614e-06,0
entity_0719,entity_0698,0,tabicl,7.360382824117551e-06,0
entity_0401,entity_0959,0,tabicl,6.63545449697267e-07,0
entity_0732,entity_0443,0,tabicl,9.220921697306039e-07,0
entity_0963,entity_0734,0,tabicl,1.0563229579929612e-06,0
entity_0977,entity_0974,1,tabicl,0.9980607032775879,1
entity_0234,entity_0203,0,tabicl,4.223921223456273e-06,0
entity_0439,entity_0437,1,tabicl,0.9991517066955566,1
entity_0298,entity_0951,0,tabicl,6.404665668924281e-07,0
entity_0893,entity_0895,1,tabicl,0.9981609582901001,1
entity_0472,entity_0477,1,tabicl,0.9970260262489319,1
entity_0581,entity_0485,0,tabicl,1.504802980889508e-06,0
entity_0966,entity_0962,1,tabicl,0.9973655343055725,1
entity_0321,entity_0328,1,tabicl,0.9825909733772278,1
entity_0710,entity_0973,0,tabicl,7.128081733753788e-07,0
entity_0501,entity_0489,0,tabicl,0.07235942035913467,0
entity_0299,entity_0292,1,tabicl,0.9970580339431763,1
entity_0501,entity_0507,1,tabicl,0.9931907653808594,1
entity_0655,entity_0507,0,tabicl,1.3154979114915477e-06,0
entity_0812,entity_0015,0,tabicl,1.7093672113333014e-06,0
entity_0534,entity_0619,0,tabicl,1.1684815035550855e-06,0
entity_0249,entity_0059,0,tabicl,9.510521863376198e-07,0
entity_0309,entity_0303,1,tabicl,0.9977013468742371,1
entity_0558,entity_0857,0,tabicl,6.382118158398953e-07,0
entity_0693,entity_0535,0,tabicl,1.2085372418368934e-06,0
entity_0286,entity_0317,0,tabicl,4.972707756678574e-06,0
entity_0324,entity_0322,1,tabicl,0.9981569647789001,1
entity_0255,entity_0254,1,tabicl,0.9981348514556885,1
entity_0043,entity_0910,0,tabicl,7.358939910773188e-07,0
entity_0016,entity_0407,0,tabicl,9.39130643473618e-07,0
entity_0253,entity_0258,1,tabicl,0.9947720170021057,1
entity_0777,entity_0778,1,tabicl,0.9971765875816345,1
entity_0996,entity_0476,0,tabicl,1.5413656910823192e-06,0
entity_0176,entity_0174,1,tabicl,0.9981609582901001,1
entity_0648,entity_0811,0,tabicl,7.254875526996329e-07,0
entity_0189,entity_0183,1,tabicl,0.9965881705284119,1
entity_0728,entity_0721,1,tabicl,0.9933071732521057,1
entity_0194,entity_0198,1,tabicl,0.996901273727417,1
entity_0793,entity_0791,1,tabicl,0.9969774484634399,1
entity_0661,entity_0342,0,tabicl,1.054033646141761e-06,0
entity_0185,entity_0931,0,tabicl,6.683326887468866e-07,0
entity_0140,entity_0133,1,tabicl,0.990370512008667,1
entity_0456,entity_0680,0,tabicl,6.342424399008451e-07,0
entity_0280,entity_0765,0,tabicl,6.967489980524988e-07,0
entity_0162,entity_0165,1,tabicl,0.997215986251831,1
entity_0792,entity_0475,0,tabicl,7.718275583101786e-07,0
entity_0094,entity_0092,1,tabicl,0.998441755771637,1
entity_0391,entity_0398,1,tabicl,0.9898172616958618,1
entity_0774,entity_0779,1,tabicl,0.9936240911483765,1
entity_0924,entity_0107,0,tabicl,1.1073030918851146e-06,0
entity_0987,entity_0982,1,tabicl,0.9961322546005249,1
entity_0350,entity_0345,1,tabicl,0.9980711340904236,1
entity_0142,entity_0145,1,tabicl,0.9965770840644836,1
entity_0429,entity_0551,0,tabicl,9.203421882375551e-07,0
entity_0634,entity_0591,0,tabicl,1.5212189055091585e-06,0
entity_0364,entity_0367,1,tabicl,0.9963158965110779,1
entity_0834,entity_0096,0,tabicl,9.80390609583992e-07,0
entity_0015,entity_0287,0,tabicl,7.464490181519068e-07,0
entity_0321,entity_0323,1,tabicl,0.9963515996932983,1
entity_0983,entity_0984,1,tabicl,0.9980961084365845,1
entity_0575,entity_0428,0,tabicl,1.1182069101778325e-06,0
entity_0523,entity_0524,1,tabicl,0.9991689920425415,1
entity_0212,entity_0458,0,tabicl,6.154298830551852e-07,0
entity_0576,entity_0579,1,tabicl,0.996539831161499,1
entity_0209,entity_0568,0,tabicl,5.72509065932536e-07,0
entity_0075,entity_0194,0,tabicl,8.185137971850054e-07,0
entity_0784,entity_0975,0,tabicl,9.271075214201119e-07,0
entity_0569,entity_0932,0,tabicl,5.362778665585211e-07,0
entity_0696,entity_0697,1,tabicl,0.9977038502693176,1
entity_0255,entity_0253,1,tabicl,0.9978668093681335,1
entity_0513,entity_0562,0,tabicl,2.3640800463908818e-06,0
entity_0112,entity_1000,0,tabicl,4.375755906949053e-06,0
entity_0297,entity_0295,1,tabicl,0.998346209526062,1
entity_0006,entity_0304,0,tabicl,9.400231988365704e-07,0
entity_0782,entity_0789,1,tabicl,0.9893817901611328,1
entity_0828,entity_0825,1,tabicl,0.9965211153030396,1
entity_0296,entity_0057,0,tabicl,8.056279625634488e-07,0
entity_0364,entity_0368,1,tabicl,0.9949221014976501,1
entity_0205,entity_0065,0,tabicl,9.191728054247505e-07,0
entity_0375,entity_0998,0,tabicl,2.0649260932259494e-06,0
entity_0133,entity_0010,0,tabicl,2.5417477900191443e-06,0
entity_0312,entity_0314,1,tabicl,0.9959657788276672,1
entity_0099,entity_0092,1,tabicl,0.9941699504852295,1
entity_0984,entity_0852,0,tabicl,2.2112451460998273e-06,0
entity_0025,entity_0315,0,tabicl,5.809571348436293e-07,0
entity_0696,entity_0460,0,tabicl,9.232800834979571e-07,0
entity_0762,entity_0763,1,tabicl,0.9974907636642456,1
entity_0513,entity_0514,1,tabicl,0.9990917444229126,1
entity_0555,entity_0932,0,tabicl,5.313545443641488e-07,0
entity_0546,entity_0091,0,tabicl,8.612813644504058e-07,0
entity_0942,entity_0511,0,tabicl,9.157351996691432e-07,0
entity_0627,entity_0188,0,tabicl,1.1100838719357853e-06,0
entity_0049,entity_0290,0,tabicl,5.28121290699346e-07,0
entity_0392,entity_0908,0,tabicl,7.345975063799415e-07,0
entity_0521,entity_0397,0,tabicl,1.3574126569437794e-06,0
entity_0326,entity_0327,1,tabicl,0.9974825978279114,1
entity_0968,entity_0271,0,tabicl,1.0649540627127863e-06,0
entity_0673,entity_0162,0,tabicl,1.3245844456832856e-06,0
entity_0990,entity_0847,0,tabicl,2.8214619760547066e-06,0
entity_0955,entity_0760,0,tabicl,1.3179753750591772e-06,0
entity_0776,entity_0957,0,tabicl,7.974192612891784e-07,0
entity_0825,entity_0829,1,tabicl,0.9928524494171143,1
entity_0152,entity_0158,1,tabicl,0.9934216141700745,1
entity_0600,entity_0007,0,tabicl,1.2487782896641875e-06,0
entity_0636,entity_0530,0,tabicl,1.3302558272698661e-06,0
entity_0428,entity_0321,0,tabicl,1.2243350511198514e-06,0
entity_0915,entity_0913,1,tabicl,0.9976838827133179,1
entity_0811,entity_0818,1,tabicl,0.9749646186828613,1
entity_0770,entity_0766,1,tabicl,0.9945295453071594,1
entity_0750,entity_0043,0,tabicl,1.2476770052671782e-06,0
entity_0462,entity_0696,0,tabicl,6.676077646261547e-07,0
entity_0987,entity_0575,0,tabicl,1.607338958820037e-06,0
entity_0603,entity_0232,0,tabicl,1.1013117955371854e-06,0
entity_0960,entity_0571,0,tabicl,9.476398190599866e-07,0
entity_0641,entity_0357,0,tabicl,9.203429840454191e-07,0
entity_0060,entity_0219,0,tabicl,7.91546483469574e-07,0
entity_0691,entity_0697,1,tabicl,0.984798014163971,1
entity_0829,entity_0809,0,tabicl,1.988886288017966e-05,0
entity_0693,entity_0022,0,tabicl,1.165554408544267e-06,0
entity_0833,entity_0874,0,tabicl,4.5800916268490255e-06,0
entity_0517,entity_0929,0,tabicl,6.850362979093916e-07,0
entity_0360,entity_0711,0,tabicl,5.648724368256808e-07,0
entity_0146,entity_0082,0,tabicl,1.6313900914610713e-06,0
entity_0741,entity_0314,0,tabicl,1.3098456292937044e-06,0
entity_0765,entity_0766,1,tabicl,0.9976125955581665,1
entity_0516,entity_0513,1,tabicl,0.998853325843811,1
entity_0069,entity_0067,1,tabicl,0.9978552460670471,1
entity_0244,entity_0242,1,tabicl,0.9975735545158386,1
entity_0917,entity_0915,1,tabicl,0.9978737831115723,1
entity_0009,entity_0004,1,tabicl,0.9961155652999878,1
entity_0359,entity_0353,1,tabicl,0.9968505501747131,1
entity_0569,entity_0182,0,tabicl,1.1011617289113929e-06,0
entity_0384,entity_0072,0,tabicl,7.855574040149804e-07,0
entity_0093,entity_0095,1,tabicl,0.9962109327316284,1
entity_0231,entity_0602,0,tabicl,6.701031338707253e-07,0
entity_0265,entity_0437,0,tabicl,5.835631213813031e-07,0
entity_0737,entity_0731,1,tabicl,0.9953824877738953,1
entity_0990,entity_0493,0,tabicl,1.259238729289791e-06,0
entity_0263,entity_0278,0,tabicl,0.0017440037336200476,0
entity_0172,entity_0179,1,tabicl,0.9908744096755981,1
entity_0096,entity_0093,1,tabicl,0.9981348514556885,1
entity_0265,entity_0269,1,tabicl,0.9947266578674316,1
entity_0311,entity_0632,0,tabicl,6.146790951788716e-07,0
entity_0211,entity_0292,0,tabicl,1.273235625376401e-06,0
entity_0867,entity_0423,0,tabicl,9.159832075056329e-07,0
entity_0038,entity_0040,1,tabicl,0.9960605502128601,1
entity_0643,entity_0650,1,tabicl,0.9775762557983398,1
entity_0656,entity_0320,0,tabicl,1.006256297841901e-06,0
entity_0732,entity_0209,0,tabicl,1.0038716027338523e-06,0
entity_0718,entity_0716,1,tabicl,0.9958508014678955,1
entity_0397,entity_0391,1,tabicl,0.9970067143440247,1
entity_0323,entity_0203,0,tabicl,1.0652619266693364e-06,0
entity_0944,entity_0042,0,tabicl,1.9594326658989303e-06,0
entity_0784,entity_0596,0,tabicl,9.22028846161993e-07,0
entity_0993,entity_0998,1,tabicl,0.9935340881347656,1
entity_0808,entity_0809,1,tabicl,0.9970325231552124,1
entity_0512,entity_0515,1,tabicl,0.9983044266700745,1
entity_0456,entity_0452,1,tabicl,0.9982748031616211,1
entity_0727,entity_0724,1,tabicl,0.9938003420829773,1
entity_0174,entity_0180,1,tabicl,0.993449866771698,1
entity_0393,entity_0396,1,tabicl,0.9955248832702637,1
entity_0096,entity_0316,0,tabicl,5.485634915203264e-07,0
entity_0294,entity_0844,0,tabicl,6.028716938999423e-07,0
entity_0414,entity_0419,1,tabicl,0.9957326054573059,1
entity_0493,entity_0528,0,tabicl,4.427732619660674e-06,0
entity_0528,entity_0522,1,tabicl,0.9966611862182617,1
entity_0078,entity_0071,1,tabicl,0.9920824766159058,1
entity_0025,entity_0819,0,tabicl,9.11892811927828e-07,0
entity_0080,entity_0077,1,tabicl,0.9978622198104858,1
entity_0853,entity_0059,0,tabicl,1.2873879313701764e-06,0
entity_0155,entity_0557,0,tabicl,8.363292636204278e-07,0
entity_0567,entity_0561,1,tabicl,0.9964832663536072,1
entity_0861,entity_0866,1,tabicl,0.9937060475349426,1
entity_0176,entity_0177,1,tabicl,0.9987053871154785,1
entity_0101,entity_0107,1,tabicl,0.9888083934783936,1
entity_0176,entity_0179,1,tabicl,0.9977138042449951,1
entity_0165,entity_0161,1,tabicl,0.9977481961250305,1
entity_0489,entity_0481,1,tabicl,0.9862812161445618,1
entity_0806,entity_0226,0,tabicl,1.3058545391686494e-06,0
entity_0520,entity_0517,1,tabicl,0.9988607168197632,1
entity_0273,entity_0276,1,tabicl,0.9955537915229797,1
entity_0725,entity_0176,0,tabicl,1.068064420906012e-06,0
entity_0216,entity_0671,0,tabicl,5.605225510407763e-07,0
entity_0320,entity_0534,0,tabicl,6.339848255265679e-07,0
entity_0276,entity_0710,0,tabicl,6.699663686049462e-07,0
entity_0317,entity_0666,0,tabicl,5.151745199327706e-07,0
entity_0612,entity_0326,0,tabicl,1.1212064237042796e-06,0
entity_0119,entity_0805,0,tabicl,4.961779609402583e-07,0
entity_0183,entity_0188,1,tabicl,0.9961406588554382,1
entity_0964,entity_0990,0,tabicl,0.00018552727124188095,0
entity_0353,entity_0354,1,tabicl,0.9982560276985168,1
entity_0616,entity_0668,0,tabicl,2.648514737302321e-06,0
entity_0800,entity_0036,0,tabicl,1.1055769846279873e-06,0
entity_0453,entity_0454,1,tabicl,0.9989439845085144,1
entity_0617,entity_0271,0,tabicl,1.3105328662277316e-06,0
entity_0636,entity_0634,1,tabicl,0.9982061982154846,1
entity_0061,entity_0564,0,tabicl,6.901655069668777e-07,0
entity_0170,entity_0168,1,tabicl,0.998284101486206,1
entity_0776,entity_0347,0,tabicl,8.242516855716531e-07,0
entity_0516,entity_0707,0,tabicl,6.170183155518316e-07,0
entity_0526,entity_0521,1,tabicl,0.9974662065505981,1
entity_0237,entity_0167,0,tabicl,1.5154024595176452e-06,0
entity_0278,entity_0210,0,tabicl,1.5806923556738184e-06,0
entity_0654,entity_0539,0,tabicl,1.3639177041113726e-06,0
entity_0923,entity_0927,1,tabicl,0.9972667694091797,1
entity_0467,entity_0463,1,tabicl,0.9979170560836792,1
entity_0311,entity_0318,1,tabicl,0.9865573644638062,1
entity_0100,entity_0745,0,tabicl,6.365693252519122e-07,0
entity_0032,entity_0033,1,tabicl,0.9958057403564453,1
entity_0615,entity_0618,1,tabicl,0.9952149391174316,1
entity_0937,entity_0538,0,tabicl,8.295226052723592e-07,0
entity_0622,entity_0621,1,tabicl,0.9985835552215576,1
entity_0322,entity_0391,0,tabicl,1.3641491705129738e-06,0
entity_0796,entity_0369,0,tabicl,8.031723837120808e-07,0
entity_0576,entity_0580,1,tabicl,0.994960367679596,1
entity_0846,entity_0841,1,tabicl,0.9927983283996582,1
entity_0469,entity_0468,1,tabicl,0.9992204904556274,1
entity_0835,entity_0344,0,tabicl,9.284922271035612e-07,0
entity_0944,entity_0941,1,tabicl,0.997296154499054,1
entity_0741,entity_0747,1,tabicl,0.9913614392280579,1
entity_0372,entity_0378,1,tabicl,0.9943739175796509,1
entity_0537,entity_0353,0,tabicl,9.23500238059205e-07,0
entity_0963,entity_0966,1,tabicl,0.9984867572784424,1
entity_0722,entity_0963,0,tabicl,6.261225280468352e-07,0
entity_0149,entity_0148,1,tabicl,0.9984569549560547,1
entity_0335,entity_0331,1,tabicl,0.9967219233512878,1
entity_0461,entity_0076,0,tabicl,8.755623071010632e-07,0
entity_0647,entity_0926,0,tabicl,5.697975780094566e-07,0
entity_0444,entity_0226,0,tabicl,8.243075626523932e-07,0
entity_0830,entity_0825,1,tabicl,0.9941888451576233,1
entity_0609,entity_0604,1,tabicl,0.996911346912384,1
entity_0843,entity_0587,0,tabicl,9.40789050218882e-07,0
entity_0146,entity_0142,1,tabicl,0.9966357350349426,1
entity_0816,entity_0188,0,tabicl,1.1016846883649123e-06,0
entity_0863,entity_0253,0,tabicl,1.0107025900651934e-06,0
entity_0598,entity_0592,1,tabicl,0.9967712163925171,1
entity_0299,entity_0633,0,tabicl,5.93461095377279e-07,0
entity_0760,entity_0752,1,tabicl,0.9806137084960938,1
entity_0663,entity_0667,1,tabicl,0.9903290271759033,1
entity_0072,entity_0077,1,tabicl,0.9945118427276611,1
entity_0065,entity_0068,1,tabicl,0.9970517158508301,1
entity_0455,entity_0685,0,tabicl,6.456997425630107e-07,0
entity_0284,entity_0715,0,tabicl,5.75311389638955e-07,0
entity_0862,entity_0458,0,tabicl,8.290164146274037e-07,0
entity_0483,entity_0288,0,tabicl,1.0903128213612945e-06,0
entity_0058,entity_0313,0,tabicl,4.787906391356955e-07,0
entity_0601,entity_0401,0,tabicl,1.1168991704835207e-06,0
entity_0992,entity_0753,0,tabicl,1.8581334870759747e-06,0
entity_0878,entity_0876,1,tabicl,0.9976203441619873,1
entity_0461,entity_0226,0,tabicl,7.948818279146508e-07,0
entity_0705,entity_0990,0,tabicl,1.0727837889135117e-06,0
entity_0092,entity_0202,0,tabicl,8.293540645354369e-07,0
entity_0355,entity_0353,1,tabicl,0.9986770153045654,1
entity_0641,entity_0646,1,tabicl,0.9842861294746399,1
entity_0122,entity_0712,0,tabicl,6.88763009293325e-07,0
entity_0529,entity_0521,1,tabicl,0.9891513586044312,1
entity_0815,entity_0813,1,tabicl,0.996700644493103,1
entity_0107,entity_0376,0,tabicl,5.811140226796851e-07,0
entity_0946,entity_0944,1,tabicl,0.9978436231613159,1
entity_0715,entity_0717,1,tabicl,0.9975839853286743,1
entity_0965,entity_0143,0,tabicl,1.667150968387432e-06,0
entity_0481,entity_0588,0,tabicl,9.80922777671367e-07,0
entity_0270,entity_0262,1,tabicl,0.9926494359970093,1
entity_0054,entity_0059,1,tabicl,0.9953120946884155,1
entity_0986,entity_0982,1,tabicl,0.9973853826522827,1
entity_0586,entity_0675,0,tabicl,1.3086906847092905e-06,0
entity_0134,entity_0246,0,tabicl,8.182367992048967e-07,0
entity_0678,entity_0860,0,tabicl,5.707253762921027e-07,0
entity_0787,entity_0017,0,tabicl,1.4937194237063522e-06,0
entity_0720,entity_0717,1,tabicl,0.9944162368774414,1
entity_0711,entity_0448,0,tabicl,1.1163507451783516e-06,0
entity_0573,entity_0326,0,tabicl,9.856573797151214e-07,0
entity_0118,entity_0115,1,tabicl,0.9975096583366394,1
entity_0800,entity_0794,1,tabicl,0.9934428334236145,1
entity_0874,entity_0876,1,tabicl,0.9980310797691345,1
entity_0070,entity_0941,0,tabicl,8.038260261855612e-07,0
entity_0790,entity_0291,0,tabicl,9.717199418446398e-07,0
entity_0025,entity_0024,1,tabicl,0.996148943901062,1
entity_0941,entity_0943,1,tabicl,0.9981827735900879,1
entity_0902,entity_0016,0,tabicl,1.7897995121529675e-06,0
entity_0357,entity_0355,1,tabicl,0.9987234473228455,1
entity_0072,entity_0079,1,tabicl,0.9886998534202576,1
entity_0804,entity_0608,0,tabicl,8.10284234376013e-07,0
entity_0808,entity_0810,1,tabicl,0.9957233667373657,1
entity_0760,entity_0775,0,tabicl,0.0012730839662253857,0
entity_0071,entity_0077,1,tabicl,0.9926888942718506,1
entity_0193,entity_0661,0,tabicl,5.180472726351582e-07,0
entity_0489,entity_0697,0,tabicl,6.108554657657805e-07,0
entity_0487,entity_0123,0,tabicl,8.241959221777506e-07,0
entity_0672,entity_0677,1,tabicl,0.9846182465553284,1
entity_0529,entity_0528,1,tabicl,0.9993133544921875,1
entity_0087,entity_0085,1,tabicl,0.9983354210853577,1
entity_0398,entity_0394,1,tabicl,0.9979616403579712,1
entity_0994,entity_0998,1,tabicl,0.9949820637702942,1
entity_0359,entity_0291,0,tabicl,1.2646531786231208e-06,0
entity_0489,entity_0753,0,tabicl,7.257830816342903e-07,0
entity_0661,entity_0665,1,tabicl,0.9908841848373413,1
entity_0911,entity_0918,1,tabicl,0.9902560114860535,1
entity_0061,entity_0062,1,tabicl,0.9977013468742371,1
entity_0168,entity_0169,1,tabicl,0.9984076619148254,1
entity_0142,entity_0143,1,tabicl,0.9984145760536194,1
entity_0245,entity_0244,1,tabicl,0.9981748461723328,1
entity_0857,entity_0786,0,tabicl,1.152466666098917e-06,0
entity_0434,entity_0054,0,tabicl,9.060372008207196e-07,0
entity_0703,entity_0891,0,tabicl,5.85624263749196e-07,0
entity_0778,entity_0775,1,tabicl,0.995412290096283,1
entity_0375,entity_0372,1,tabicl,0.9983938336372375,1
entity_0835,entity_0091,0,tabicl,1.0213132100034272e-06,0
entity_0597,entity_0630,0,tabicl,6.146759460534668e-06,0
entity_0494,entity_0498,1,tabicl,0.9969046115875244,1
entity_0084,entity_0087,1,tabicl,0.9963594675064087,1
entity_0952,entity_0383,0,tabicl,8.407362770412874e-07,0
entity_0448,entity_0779,0,tabicl,5.154540758667281e-07,0
entity_0279,entity_0764,0,tabicl,5.798545430479862e-07,0
entity_0683,entity_0690,1,tabicl,0.9810220003128052,1
entity_0026,entity_0027,1,tabicl,0.9938403367996216,1
entity_0029,entity_0635,0,tabicl,9.21966375244665e-07,0
entity_0931,entity_0478,0,tabicl,1.063510921994748e-06,0
entity_0841,entity_0365,0,tabicl,8.508316682309669e-07,0
entity_0139,entity_0169,0,tabicl,7.6194073699298315e-06,0
entity_0295,entity_0294,1,tabicl,0.9981022477149963,1
entity_0016,entity_0018,1,tabicl,0.9953070282936096,1
entity_0393,entity_0190,0,tabicl,8.817590355647553e-07,0
entity_0810,entity_0487,0,tabicl,7.74186617036321e-07,0
entity_0131,entity_0135,1,tabicl,0.9959351420402527,1
entity_0648,entity_0131,0,tabicl,1.3248535424281727e-06,0
entity_0636,entity_0640,1,tabicl,0.9901719093322754,1
entity_0043,entity_0050,1,tabicl,0.9919881820678711,1
entity_0899,entity_0894,1,tabicl,0.9963158965110779,1
entity_0701,entity_0707,1,tabicl,0.9880644679069519,1
entity_0408,entity_0402,1,tabicl,0.9974715709686279,1
entity_0795,entity_0667,0,tabicl,1.2210176691951347e-06,0
entity_0977,entity_0421,0,tabicl,9.247216326002672e-07,0
entity_0698,entity_0213,0,tabicl,1.2607767985173268e-06,0
entity_0817,entity_0812,1,tabicl,0.9920995235443115,1
entity_0577,entity_0412,0,tabicl,1.1924178124900209e-06,0
entity_0041,entity_0045,1,tabicl,0.9963397979736328,1
entity_0525,entity_0526,1,tabicl,0.9991480112075806,1
entity_0074,entity_0072,1,tabicl,0.9982351064682007,1
entity_0042,entity_0041,1,tabicl,0.9962190985679626,1
entity_0920,entity_0863,0,tabicl,1.9322176285641035e-06,0
entity_0116,entity_0699,0,tabicl,8.314376600537798e-07,0
entity_0209,entity_0541,0,tabicl,8.3211426726848e-07,0
entity_0244,entity_0246,1,tabicl,0.9974579215049744,1
entity_0332,entity_0338,1,tabicl,0.9891046285629272,1
entity_0024,entity_0026,1,tabicl,0.9913520812988281,1
entity_0719,entity_0563,0,tabicl,1.321219656347239e-06,0
entity_0609,entity_0817,0,tabicl,5.499049962054414e-07,0
entity_0379,entity_0645,0,tabicl,5.480432605509122e-07,0
entity_0385,entity_0386,1,tabicl,0.9975311160087585,1
entity_0666,entity_0667,1,tabicl,0.9972608089447021,1
entity_0139,entity_0690,0,tabicl,6.520363058371004e-07,0
entity_0358,entity_0013,0,tabicl,9.737644859342254e-07,0
entity_0063,entity_0064,1,tabicl,0.9975892305374146,1
entity_0020,entity_0019,1,tabicl,0.9965622425079346,1
entity_0713,entity_0245,0,tabicl,1.0512500239201472e-06,0
entity_0023,entity_0028,1,tabicl,0.9879617094993591,1
entity_0255,entity_0251,1,tabicl,0.9969213008880615,1
entity_0633,entity_0969,0,tabicl,7.161032158364833e-07,0
entity_0536,entity_0539,1,tabicl,0.9973165392875671,1
entity_0072,entity_0078,1,tabicl,0.9920226335525513,1
entity_0528,entity_0521,1,tabicl,0.9948781132698059,1
entity_0874,entity_0877,1,tabicl,0.9968300461769104,1
entity_0978,entity_0980,1,tabicl,0.9980711340904236,1
entity_0026,entity_0025,1,tabicl,0.9963278770446777,1
entity_0385,entity_0530,0,tabicl,6.401197651939583e-07,0
entity_0370,entity_0369,1,tabicl,0.9987602233886719,1
entity_0959,entity_0957,1,tabicl,0.9981529712677002,1
entity_0680,entity_0591,0,tabicl,1.3340048781174119e-06,0
entity_0935,entity_0939,1,tabicl,0.9971887469291687,1
entity_0380,entity_0995,0,tabicl,1.4812119388807332e-06,0
entity_0419,entity_0364,0,tabicl,1.6306697716572671e-06,0
entity_0736,entity_0233,0,tabicl,1.060126692209451e-06,0
entity_0559,entity_0747,0,tabicl,5.641839493364387e-07,0
entity_0936,entity_0357,0,tabicl,9.896085657601361e-07,0
entity_0469,entity_0188,0,tabicl,8.169891430043208e-07,0
entity_0910,entity_0527,0,tabicl,9.200920203511487e-07,0
entity_0334,entity_0545,0,tabicl,5.467809387482703e-07,0
entity_0624,entity_0121,0,tabicl,2.0333643533376744e-06,0
entity_0346,entity_0347,1,tabicl,0.9978412389755249,1
entity_0385,entity_0262,0,tabicl,1.0833114174602088e-06,0
entity_0971,entity_0978,1,tabicl,0.994257390499115,1
entity_0883,entity_0886,1,tabicl,0.9972280263900757,1
entity_0411,entity_0417,1,tabicl,0.9943006038665771,1
entity_0441,entity_0446,1,tabicl,0.992617666721344,1
entity_0420,entity_0876,0,tabicl,7.79243578108435e-07,0
entity_0633,entity_0151,0,tabicl,1.2543810044007841e-06,0
entity_0605,entity_0579,0,tabicl,6.082957042963244e-06,0
entity_0816,entity_0815,1,tabicl,0.997191846370697,1
entity_0465,entity_0467,1,tabicl,0.9986406564712524,1
entity_0737,entity_0735,1,tabicl,0.9968574047088623,1
entity_0499,entity_0497,1,tabicl,0.9991797208786011,1
entity_0833,entity_0499,0,tabicl,8.068851116149744e-07,0
entity_0261,entity_0263,1,tabicl,0.9964794516563416,1
entity_0731,entity_0738,1,tabicl,0.9818907380104065,1
entity_0540,entity_0824,0,tabicl,7.24799406270904e-07,0
entity_0945,entity_0663,0,tabicl,9.82120923254115e-07,0
entity_0959,entity_0955,1,tabicl,0.9971520304679871,1
entity_0397,entity_0398,1,tabicl,0.9979550242424011,1
entity_0884,entity_0886,1,tabicl,0.9976938962936401,1
entity_0768,entity_0762,1,tabicl,0.9931392073631287,1
entity_0576,entity_0294,0,tabicl,9.404060392625979e-07,0
entity_0795,entity_0796,1,tabicl,0.9976662397384644,1
entity_0439,entity_0141,0,tabicl,6.994006866989366e-07,0
entity_0514,entity_0515,1,tabicl,0.9991053938865662,1
entity_0250,entity_0309,0,tabicl,2.8079573439754313e-06,0
entity_0371,entity_0376,1,tabicl,0.9951682090759277,1
entity_0109,entity_0397,0,tabicl,6.047558827049215e-07,0
entity_0419,entity_0742,0,tabicl,5.854656706105743e-07,0
entity_0326,entity_0329,1,tabicl,0.9952560663223267,1
entity_0427,entity_0833,0,tabicl,5.316434794622182e-07,0
entity_0917,entity_0626,0,tabicl,1.0617819725666777e-06,0
entity_0602,entity_0601,1,tabicl,0.9984435439109802,1
entity_0892,entity_0401,0,tabicl,8.372085744667856e-07,0
entity_0260,entity_0256,1,tabicl,0.9964141845703125,1
entity_0619,entity_0612,1,tabicl,0.9944402575492859,1
entity_0285,entity_0288,1,tabicl,0.9951629638671875,1
entity_0656,entity_0484,0,tabicl,1.10295570721064e-06,0
entity_0887,entity_0813,0,tabicl,1.1193837963219266e-06,0
entity_0867,entity_0864,1,tabicl,0.9971643090248108,1
entity_0052,entity_0056,1,tabicl,0.9961780309677124,1
entity_0074,entity_0071,1,tabicl,0.9979726672172546,1
entity_0607,entity_0516,0,tabicl,1.2983045962755568e-06,0
entity_0590,entity_0565,0,tabicl,9.929468433256261e-06,0
entity_0568,entity_0700,0,tabicl,8.69497910116479e-07,0
entity_0771,entity_0156,0,tabicl,1.1302146276648273e-06,0
entity_0952,entity_0958,1,tabicl,0.9955729246139526,1
entity_0486,entity_0488,1,tabicl,0.9988154172897339,1
entity_0421,entity_0429,1,tabicl,0.9673829078674316,1
entity_0518,entity_0570,0,tabicl,2.1589673906419193e-06,0
entity_0746,entity_0998,0,tabicl,1.769102937032585e-06,0
entity_0216,entity_0219,1,tabicl,0.9952458739280701,1
entity_0930,entity_0927,1,tabicl,0.9974825978279114,1
entity_0246,entity_0897,0,tabicl,5.165036895959929e-07,0
entity_0969,entity_0970,1,tabicl,0.9986596703529358,1
entity_0917,entity_0920,1,tabicl,0.9981083869934082,1
entity_0231,entity_0238,1,tabicl,0.98725825548172,1
entity_0017,entity_0382,0,tabicl,8.203471111301042e-07,0
entity_0909,entity_0902,1,tabicl,0.9917252659797668,1
entity_0679,entity_0680,1,tabicl,0.9965992569923401,1
entity_0848,entity_0535,0,tabicl,7.476651830984338e-07,0
entity_0573,entity_0688,0,tabicl,9.842540293902857e-07,0
entity_0542,entity_0946,0,tabicl,6.460501822402875e-07,0
entity_0644,entity_0649,1,tabicl,0.9884300231933594,1
entity_0730,entity_0359,0,tabicl,9.615583849154064e-07,0
entity_0366,entity_0032,0,tabicl,8.985715567177976e-07,0
entity_0011,entity_0863,0,tabicl,9.58563418862468e-07,0
entity_0490,entity_0577,0,tabicl,1.2943917226948543e-06,0
entity_0758,entity_0754,1,tabicl,0.995653510093689,1
entity_0647,entity_0642,1,tabicl,0.9964219331741333,1
entity_0069,entity_0066,1,tabicl,0.997368335723877,1
entity_0785,entity_0997,0,tabicl,1.7000617162921117e-06,0
entity_0756,entity_0243,0,tabicl,1.0199972848567995e-06,0
entity_0606,entity_0608,1,tabicl,0.9969642758369446,1
entity_0222,entity_0655,0,tabicl,5.842753125762101e-07,0
entity_0136,entity_0134,1,tabicl,0.997477114200592,1
entity_0238,entity_0979,0,tabicl,8.998517841973808e-07,0
entity_0888,entity_0882,1,tabicl,0.9910685420036316,1
entity_0130,entity_0124,1,tabicl,0.9929821491241455,1
entity_0490,entity_0994,0,tabicl,1.0449227829667507e-06,0
entity_0620,entity_0615,1,tabicl,0.9961029291152954,1
entity_0716,entity_0408,0,tabicl,1.0104288321599597e-06,0
entity_0722,entity_0522,0,tabicl,1.0423044614071841e-06,0
entity_0543,entity_0545,1,tabicl,0.9979594945907593,1
entity_0565,entity_0567,1,tabicl,0.9968197345733643,1
entity_0404,entity_0405,1,tabicl,0.9980774521827698,1
entity_0153,entity_0678,0,tabicl,5.453732683236012e-07,0
entity_0502,entity_0228,0,tabicl,1.0020006584454677e-06,0
entity_0501,entity_0954,0,tabicl,7.999107083378476e-07,0
entity_0569,entity_0568,1,tabicl,0.9990463256835938,1
entity_0233,entity_0237,1,tabicl,0.9935964941978455,1
entity_0262,entity_0264,1,tabicl,0.9968335032463074,1
entity_0058,entity_0054,1,tabicl,0.9963476061820984,1
entity_0919,entity_0918,1,tabicl,0.9984384179115295,1
entity_0384,entity_0381,1,tabicl,0.9982293248176575,1
entity_0727,entity_0728,1,tabicl,0.9970325231552124,1
entity_0792,entity_0353,0,tabicl,8.42391216338001e-07,0
entity_0801,entity_0810,1,tabicl,0.9124361872673035,1
entity_0673,entity_0674,1,tabicl,0.9966502785682678,1
entity_0828,entity_0826,1,tabicl,0.9976813793182373,1
entity_0436,entity_0439,1,tabicl,0.9949929118156433,1
entity_0347,entity_0483,0,tabicl,6.233265708033287e-07,0
entity_0645,entity_0647,1,tabicl,0.9962394833564758,1
entity_0352,entity_0414,0,tabicl,1.5140158211579546e-06,0
entity_0729,entity_0318,0,tabicl,1.2112036529288162e-06,0
entity_0330,entity_0328,1,tabicl,0.99774569272995,1
entity_0010,entity_0297,0,tabicl,7.56642123178608e-07,0
entity_0752,entity_0756,1,tabicl,0.9949549436569214,1
entity_0111,entity_0548,0,tabicl,7.649488793504133e-07,0
entity_0046,entity_0502,0,tabicl,6.893235422467114e-07,0
entity_0153,entity_0156,1,tabicl,0.9968025088310242,1
entity_0092,entity_0040,0,tabicl,5.121738013258437e-06,0
entity_0581,entity_0585,1,tabicl,0.9962272644042969,1
entity_0413,entity_0415,1,tabicl,0.9979439377784729,1
entity_0279,entity_0795,0,tabicl,7.833758672859403e-07,0
entity_0405,entity_0407,1,tabicl,0.9975177049636841,1
entity_0323,entity_0325,1,tabicl,0.9957464337348938,1
entity_0441,entity_0445,1,tabicl,0.9938932657241821,1
entity_0967,entity_0429,0,tabicl,8.726871669750835e-07,0
entity_0225,entity_0223,1,tabicl,0.9970834255218506,1
entity_0810,entity_0805,1,tabicl,0.9935479760169983,1
entity_0326,entity_0328,1,tabicl,0.9963712692260742,1
entity_0690,entity_0906,0,tabicl,6.384717607943458e-07,0
entity_0473,entity_0069,0,tabicl,8.428484647993173e-07,0
entity_0152,entity_0350,0,tabicl,5.968512368781376e-07,0
entity_0610,entity_0604,1,tabicl,0.9959657788276672,1
entity_0633,entity_0616,0,tabicl,6.765880243619904e-05,0
entity_0409,entity_0406,1,tabicl,0.9987521767616272,1
entity_0972,entity_0660,0,tabicl,1.1993919315500534e-06,0
entity_0208,entity_0464,0,tabicl,6.392522209353046e-07,0
entity_0832,entity_0207,0,tabicl,1.1673732842609752e-06,0
entity_0321,entity_0923,0,tabicl,5.20230116762832e-07,0
entity_0477,entity_0698,0,tabicl,6.38991934920341e-07,0
entity_0356,entity_0355,1,tabicl,0.998675525188446,1
entity_0896,entity_0895,1,tabicl,0.9984982013702393,1
entity_0654,entity_0658,1,tabicl,0.9907159805297852,1
entity_0028,entity_0030,1,tabicl,0.9938003420829773,1
entity_0551,entity_0552,1,tabicl,0.9982061982154846,1
entity_0098,entity_0091,1,tabicl,0.9940235614776611,1
entity_0500,entity_0499,1,tabicl,0.9993317127227783,1
entity_0715,entity_0714,1,tabicl,0.997342586517334,1
entity_0725,entity_0949,0,tabicl,6.328679091893719e-07,0
entity_0917,entity_0914,1,tabicl,0.9969576597213745,1
entity_0198,entity_0200,1,tabicl,0.9980247020721436,1
entity_0987,entity_0932,0,tabicl,3.911261046596337e-06,0
entity_0619,entity_0981,0,tabicl,8.292979600810213e-07,0
entity_0811,entity_0814,1,tabicl,0.9936515092849731,1
entity_0471,entity_0842,0,tabicl,5.153838174010161e-07,0
entity_0684,entity_0690,1,tabicl,0.9834421873092651,1
entity_0016,entity_0014,1,tabicl,0.9977408647537231,1
entity_0576,entity_0630,0,tabicl,2.2349904611473903e-06,0
entity_0236,entity_0240,1,tabicl,0.9937398433685303,1
entity_0102,entity_0105,1,tabicl,0.9962556958198547,1
entity_0980,entity_0507,0,tabicl,1.0458451242811861e-06,0
entity_0959,entity_0755,0,tabicl,1.171496364804625e-06,0
entity_0509,entity_0508,1,tabicl,0.9993731379508972,1
entity_0130,entity_0128,1,tabicl,0.9974274635314941,1
entity_0090,entity_0836,0,tabicl,4.806123570233467e-07,0
entity_0316,entity_0313,1,tabicl,0.9984998106956482,1
entity_0336,entity_0338,1,tabicl,0.9954468607902527,1
entity_0543,entity_0547,1,tabicl,0.9952612519264221,1
entity_0425,entity_0631,0,tabicl,6.216376391421363e-07,0
entity_0117,entity_0672,0,tabicl,6.114359507591871e-07,0
entity_0972,entity_0002,0,tabicl,1.6835139831528068e-05,0
entity_0777,entity_0747,0,tabicl,2.5473559617239516e-06,0
entity_0003,entity_0842,0,tabicl,1.2301177321205614e-06,0
entity_0616,entity_0613,1,tabicl,0.9980565309524536,1
entity_0552,entity_0555,1,tabicl,0.9955872297286987,1
entity_0207,entity_0602,0,tabicl,6.585248684132239e-07,0
entity_0336,entity_0335,1,tabicl,0.9979922771453857,1
entity_0969,entity_0963,1,tabicl,0.9954713582992554,1
entity_0958,entity_0953,1,tabicl,0.9961531162261963,1
entity_0682,entity_0262,0,tabicl,1.213011614709103e-06,0
entity_0091,entity_0887,0,tabicl,6.562953558386653e-07,0
entity_0859,entity_0852,1,tabicl,0.9872718453407288,1
entity_0163,entity_0161,1,tabicl,0.9983081221580505,1
entity_0167,entity_0798,0,tabicl,5.833260274812346e-07,0
entity_0374,entity_0201,0,tabicl,9.459386660637392e-07,0
entity_0608,entity_0605,1,tabicl,0.997901201248169,1
entity_0452,entity_0844,0,tabicl,5.233441697782837e-07,0
entity_0725,entity_0501,0,tabicl,9.723131597638712e-07,0
entity_0916,entity_0912,1,tabicl,0.9960902333259583,1
entity_0115,entity_0721,0,tabicl,7.903125833763625e-07,0
entity_0338,entity_0334,1,tabicl,0.9972459077835083,1
entity_0036,entity_0037,1,tabicl,0.9958998560905457,1
entity_0400,entity_0501,0,tabicl,1.1650787428152398e-06,0
entity_0159,entity_0976,0,tabicl,8.349409768015903e-07,0
entity_0139,entity_0137,1,tabicl,0.9978035092353821,1
entity_0563,entity_0724,0,tabicl,6.314101597126864e-07,0
entity_0281,entity_0994,0,tabicl,1.2979072607777198e-06,0
entity_0634,entity_0631,1,tabicl,0.9978225231170654,1
entity_0623,entity_0626,1,tabicl,0.9949440360069275,1
entity_0034,entity_0032,1,tabicl,0.9961448311805725,1
entity_0807,entity_0427,0,tabicl,7.904203584985225e-07,0
entity_0799,entity_0794,1,tabicl,0.9947380423545837,1
entity_0671,entity_0672,1,tabicl,0.996843695640564,1
entity_0194,entity_0195,1,tabicl,0.9984468817710876,1
entity_0320,entity_0316,1,tabicl,0.9978943467140198,1
entity_0919,entity_0935,0,tabicl,0.0005509830662049353,0
entity_0295,entity_0299,1,tabicl,0.9939911961555481,1
entity_0217,entity_0828,0,tabicl,7.225419835776847e-07,0
entity_0883,entity_0109,0,tabicl,1.0177177500736434e-06,0
entity_0197,entity_0200,1,tabicl,0.9973511695861816,1
entity_0673,entity_0676,1,tabicl,0.9920054078102112,1
entity_0201,entity_0209,1,tabicl,0.9872990846633911,1
entity_0464,entity_0470,1,tabicl,0.9959263801574707,1
entity_0606,entity_0599,0,tabicl,0.9937735199928284,1
entity_0187,entity_0190,1,tabicl,0.9974634051322937,1
entity_0757,entity_0993,0,tabicl,1.2317883602008806e-06,0
entity_0648,entity_0331,0,tabicl,1.002918565973232e-06,0
entity_0135,entity_0140,1,tabicl,0.9945530891418457,1
entity_0404,entity_0402,1,tabicl,0.9989243745803833,1
entity_0095,entity_0100,1,tabicl,0.9923753142356873,1
entity_0218,entity_0214,1,tabicl,0.9956015348434448,1
entity_0993,entity_1000,1,tabicl,0.9845688343048096,1
entity_0439,entity_0438,1,tabicl,0.9989610314369202,1
entity_0921,entity_0930,1,tabicl,0.8722023367881775,1
entity_0853,entity_0918,0,tabicl,1.931775614139042e-06,0
entity_0817,entity_0334,0,tabicl,8.511780720255047e-07,0
entity_0651,entity_0182,0,tabicl,1.2274109622012475e-06,0
entity_0934,entity_0940,1,tabicl,0.99488365650177,1
entity_0959,entity_0762,0,tabicl,1.22886785902665e-06,0
entity_0787,entity_0328,0,tabicl,1.0266608114761766e-06,0
entity_0902,entity_0225,0,tabicl,9.907503226713743e-07,0
entity_0311,entity_0319,1,tabicl,0.9769982695579529,1
entity_0214,entity_0945,0,tabicl,6.988312861722079e-07,0
entity_0351,entity_0358,1,tabicl,0.9909816384315491,1
entity_0587,entity_0460,0,tabicl,1.2793811947631184e-06,0
entity_0975,entity_0980,1,tabicl,0.9965211153030396,1
entity_0303,entity_0307,1,tabicl,0.9927124977111816,1
entity_0885,entity_0726,0,tabicl,1.332626538896875e-06,0
entity_0466,entity_0368,0,tabicl,1.2065311238984577e-06,0
entity_0662,entity_0169,0,tabicl,1.0202054454566678e-06,0
entity_0542,entity_0738,0,tabicl,5.652561867464101e-07,0
entity_0617,entity_0613,1,tabicl,0.997016429901123,1
entity_0255,entity_0259,1,tabicl,0.9957510232925415,1
entity_0211,entity_0214,1,tabicl,0.9965547323226929,1
entity_0410,entity_0406,1,tabicl,0.9983568787574768,1
entity_0650,entity_0649,1,tabicl,0.9984094500541687,1
entity_0082,entity_0084,1,tabicl,0.9968878626823425,1
entity_0257,entity_0558,0,tabicl,5.999357313157816e-07,0
entity_0521,entity_0179,0,tabicl,8.401663649237889e-07,0
entity_0991,entity_0998,1,tabicl,0.9847654104232788,1
entity_0036,entity_0034,1,tabicl,0.9964908957481384,1
entity_0539,entity_0796,0,tabicl,6.02463046561752e-07,0
entity_0589,entity_0731,0,tabicl,8.427343232142448e-07,0
entity_0836,entity_0097,0,tabicl,1.0144792668143054e-06,0
entity_0240,entity_0529,0,tabicl,6.002608188282466e-07,0
entity_0469,entity_0533,0,tabicl,1.5961496728778002e-06,0
entity_0276,entity_0628,0,tabicl,6.087049655434384e-07,0
entity_0456,entity_0454,1,tabicl,0.9990857839584351,1
entity_0730,entity_0055,0,tabicl,1.5362015801656526e-06,0
entity_0320,entity_0213,0,tabicl,1.1365128784746048e-06,0
entity_0391,entity_0393,1,tabicl,0.9968300461769104,1
entity_0922,entity_0356,0,tabicl,9.495051926933229e-07,0
entity_0643,entity_0058,0,tabicl,9.995230811910005e-07,0
entity_0222,entity_0223,1,tabicl,0.9973740577697754,1
entity_0646,entity_0778,0,tabicl,7.752371971037064e-07,0
entity_0144,entity_0142,1,tabicl,0.9975918531417847,1
entity_0147,entity_0149,1,tabicl,0.9976280331611633,1
entity_0531,entity_0746,0,tabicl,6.719685643474804e-07,0
entity_0802,entity_0214,0,tabicl,1.1010870366590098e-06,0
entity_0002,entity_0721,0,tabicl,1.3039951909377123e-06,0
entity_0148,entity_0170,0,tabicl,4.505434480961412e-05,0
entity_0895,entity_0900,1,tabicl,0.9944402575492859,1
entity_0230,entity_0653,0,tabicl,6.415968982764753e-07,0
entity_0328,entity_0322,1,tabicl,0.9960945248603821,1
entity_0179,entity_0177,1,tabicl,0.9980732798576355,1
entity_0483,entity_0484,1,tabicl,0.999107301235199,1
entity_0733,entity_0737,1,tabicl,0.994541347026825,1
entity_0190,entity_0181,1,tabicl,0.958130419254303,1
entity_0886,entity_0364,0,tabicl,9.250347261513525e-07,0
entity_0600,entity_0594,1,tabicl,0.9962272644042969,1
entity_0509,entity_0507,1,tabicl,0.9993237257003784,1
entity_0070,entity_0063,1,tabicl,0.9878059029579163,1
entity_0593,entity_0598,1,tabicl,0.996009111404419,1
entity_0183,entity_0135,0,tabicl,2.273359996252111e-06,0
entity_0474,entity_0355,0,tabicl,1.0980304523400264e-06,0
entity_0215,entity_0220,1,tabicl,0.9907955527305603,1
entity_0694,entity_0691,1,tabicl,0.9963515996932983,1
entity_0976,entity_0643,0,tabicl,1.22886785902665e-06,0
entity_0020,entity_0018,1,tabicl,0.9973568916320801,1
entity_0704,entity_0955,0,tabicl,6.463133672696131e-07,0
entity_0057,entity_0642,0,tabicl,1.1127229981866549e-06,0
entity_0227,entity_0228,1,tabicl,0.9969511032104492,1
entity_0974,entity_0913,0,tabicl,2.7375510853744345e-06,0
entity_0276,entity_0275,1,tabicl,0.9982859492301941,1
entity_0416,entity_0169,0,tabicl,7.611459409417876e-07,0
entity_0029,entity_0738,0,tabicl,6.256981350816204e-07,0
entity_0791,entity_0099,0,tabicl,1.0197220490226755e-06,0
entity_0525,entity_0522,1,tabicl,0.9988583326339722,1
entity_0673,entity_0679,1,tabicl,0.9829219579696655,1
entity_0587,entity_0589,1,tabicl,0.9977063536643982,1
entity_0414,entity_0412,1,tabicl,0.999005138874054,1
entity_0578,entity_0580,1,tabicl,0.9975892305374146,1
entity_0883,entity_0884,1,tabicl,0.998013973236084,1
entity_0930,entity_0926,1,tabicl,0.9971396923065186,1
entity_0278,entity_0280,1,tabicl,0.995653510093689,1
entity_0276,entity_0271,1,tabicl,0.9967290759086609,1
entity_0116,entity_0417,0,tabicl,5.537218612516881e-07,0
entity_0221,entity_0544,0,tabicl,6.556279004144017e-07,0
entity_0160,entity_0637,0,tabicl,5.599903829534014e-07,0
entity_0902,entity_0953,0,tabicl,4.821120910492027e-06,0
entity_0375,entity_0371,1,tabicl,0.9978760480880737,1
entity_0755,entity_0465,0,tabicl,9.464196182307205e-07,0
entity_0684,entity_0430,0,tabicl,1.096951223189535e-06,0
entity_0262,entity_0328,0,tabicl,1.7094830582209397e-06,0
entity_0690,entity_0689,1,tabicl,0.9980459213256836,1
entity_0319,entity_0768,0,tabicl,5.422025424195454e-07,0
entity_0021,entity_0992,0,tabicl,3.2860621104191523e-06,0
entity_0070,entity_0061,1,tabicl,0.940862238407135,1
entity_0455,entity_0991,0,tabicl,7.986103014445689e-07,0
entity_0780,entity_0190,0,tabicl,1.242949224433687e-06,0
entity_0557,entity_0257,0,tabicl,9.388128319187672e-07,0
entity_0050,entity_0047,1,tabicl,0.9964488744735718,1
entity_0889,entity_0434,0,tabicl,9.481542520006769e-07,0
entity_0237,entity_0890,0,tabicl,6.13929159953841e-07,0
entity_0597,entity_0060,0,tabicl,9.388128319187672e-07,0
entity_0231,entity_0979,0,tabicl,8.752952567192551e-07,0
entity_0859,entity_0287,0,tabicl,9.317716376244789e-07,0
entity_0169,entity_0791,0,tabicl,6.194492812028329e-07,0
entity_0448,entity_0157,0,tabicl,7.474113772332203e-07,0
entity_0443,entity_0441,1,tabicl,0.9991368651390076,1
entity_0755,entity_0758,1,tabicl,0.9965733885765076,1
entity_0197,entity_0072,0,tabicl,9.450280913370079e-07,0
entity_0285,entity_0568,0,tabicl,5.7922613905248e-07,0
entity_0595,entity_0788,0,tabicl,6.251893296393973e-07,0
entity_0451,entity_0453,1,tabicl,0.9983921051025391,1
entity_0354,entity_0131,0,tabicl,8.377197673326009e-07,0
entity_0828,entity_0353,0,tabicl,8.489868719152582e-07,0
entity_0541,entity_0438,0,tabicl,1.5619908708686125e-06,0
entity_0530,entity_0655,0,tabicl,8.32001546768879e-07,0
entity_0594,entity_0596,1,tabicl,0.9978389143943787,1
entity_0203,entity_0202,1,tabicl,0.9983586668968201,1
entity_0950,entity_0947,1,tabicl,0.9975231289863586,1
entity_0724,entity_0173,0,tabicl,1.130597411247436e-06,0
entity_0609,entity_0601,1,tabicl,0.9848304390907288,1
entity_0961,entity_0968,1,tabicl,0.9910396933555603,1
entity_0381,entity_0389,1,tabicl,0.9880388975143433,1
entity_0220,entity_0715,0,tabicl,5.846722501701151e-07,0
entity_0764,entity_0063,0,tabicl,2.1210953491390683e-06,0
entity_0695,entity_0512,0,tabicl,1.0166827451030258e-06,0
entity_0607,entity_0605,1,tabicl,0.998455286026001,1
entity_0471,entity_0201,0,tabicl,8.859854574438941e-07,0
entity_0943,entity_0947,1,tabicl,0.996967613697052,1
entity_0269,entity_0493,0,tabicl,6.607612021980458e-07,0
entity_0329,entity_0815,0,tabicl,6.09118444572232e-07,0
entity_0454,entity_0128,0,tabicl,6.744801908098452e-07,0
entity_0867,entity_0098,0,tabicl,1.0634388445396326e-06,0
entity_0208,entity_0397,0,tabicl,5.451522611110704e-07,0
entity_0393,entity_0580,0,tabicl,6.213009555722238e-07,0
entity_0533,entity_0532,1,tabicl,0.999311089515686,1
entity_0358,entity_0041,0,tabicl,9.205922424371238e-07,0
entity_0417,entity_0415,1,tabicl,0.9990504384040833,1
entity_0491,entity_0292,0,tabicl,1.3084686543152202e-06,0
entity_0078,entity_0483,0,tabicl,4.905568289359508e-07,0
entity_0411,entity_0725,0,tabicl,5.569609129452147e-07,0
entity_0902,entity_0207,0,tabicl,9.364601964989561e-07,0
entity_0302,entity_0306,1,tabicl,0.9926810264587402,1
entity_0100,entity_0085,0,tabicl,0.005301895551383495,0
entity_0568,entity_0565,1,tabicl,0.9988282322883606,1
entity_0661,entity_0205,0,tabicl,1.2669480611293693e-06,0
entity_0517,entity_0133,0,tabicl,8.809084306449222e-07,0
entity_0757,entity_0549,0,tabicl,1.201020722874091e-06,0
entity_0778,entity_0779,1,tabicl,0.9972785711288452,1
entity_0379,entity_0885,0,tabicl,5.912111191719305e-07,0
entity_0739,entity_0504,0,tabicl,9.823870641412213e-07,0
entity_0114,entity_0118,1,tabicl,0.9949001669883728,1
entity_0810,entity_0892,0,tabicl,1.2574458878589212e-06,0
entity_0057,entity_0298,0,tabicl,5.131518037160276e-07,0
entity_0371,entity_0373,1,tabicl,0.997977077960968,1
entity_0924,entity_0930,1,tabicl,0.9942511320114136,1
entity_0587,entity_0581,1,tabicl,0.9967396855354309,1
entity_0227,entity_0355,0,tabicl,9.756812460182118e-07,0
entity_0342,entity_0292,0,tabicl,2.1371972707129316e-06,0
entity_0638,entity_0811,0,tabicl,6.551391038556176e-07,0
entity_0307,entity_0526,0,tabicl,6.250194246604224e-07,0
entity_0875,entity_0278,0,tabicl,1.0690071121643996e-06,0
entity_0281,entity_0284,1,tabicl,0.9944582581520081,1
entity_0285,entity_0284,1,tabicl,0.9982293248176575,1
entity_0632,entity_0640,1,tabicl,0.9588214159011841,1
entity_0318,entity_0172,0,tabicl,1.101969473893405e-06,0
entity_0849,entity_0842,1,tabicl,0.9859694242477417,1
entity_0469,entity_0899,0,tabicl,7.830569757061312e-07,0
entity_0252,entity_0016,0,tabicl,1.0487574400031008e-06,0
entity_0721,entity_0727,1,tabicl,0.9865574240684509,1
entity_0916,entity_0985,0,tabicl,3.2966215712804114e-06,0
entity_0466,entity_0004,0,tabicl,1.4623982451666961e-06,0
entity_0333,entity_0335,1,tabicl,0.9957510232925415,1
entity_0250,entity_0247,1,tabicl,0.9972519278526306,1
entity_0419,entity_0416,1,tabicl,0.9988179802894592,1
entity_0597,entity_0599,1,tabicl,0.9976738095283508,1
entity_0110,entity_0905,0,tabicl,6.376064902724465e-07,0
entity_0857,entity_0856,1,tabicl,0.9978966116905212,1
entity_0305,entity_0303,1,tabicl,0.9983299374580383,1
entity_0627,entity_0624,1,tabicl,0.9976637363433838,1
entity_0386,entity_0388,1,tabicl,0.9965547323226929,1
entity_0690,entity_0685,1,tabicl,0.9954468607902527,1
entity_0408,entity_0998,0,tabicl,1.7787273236535839e-06,0
entity_0980,entity_0979,1,tabicl,0.9983850717544556,1
entity_0550,entity_0307,0,tabicl,9.70863084148732e-07,0
entity_0646,entity_0011,0,tabicl,1.5102216366358334e-06,0
entity_0540,entity_0533,1,tabicl,0.9937060475349426,1
entity_0289,entity_0429,0,tabicl,8.425631676800549e-07,0
entity_0842,entity_0841,1,tabicl,0.9977675676345825,1
entity_0191,entity_0200,1,tabicl,0.9707310199737549,1
entity_0738,entity_0734,1,tabicl,0.9956862926483154,1
entity_0544,entity_0681,0,tabicl,7.526508625232964e-07,0
entity_0219,entity_0220,1,tabicl,0.9977651834487915,1
entity_0748,entity_0742,1,tabicl,0.9951838254928589,1
entity_0786,entity_0090,0,tabicl,9.109037364396499e-07,0
entity_0374,entity_0376,1,tabicl,0.99750155210495,1
entity_0157,entity_0702,0,tabicl,5.579433945968049e-07,0
entity_0755,entity_0756,1,tabicl,0.9976561069488525,1
entity_0450,entity_0449,1,tabicl,0.9991779327392578,1
entity_0510,entity_0413,0,tabicl,1.568092329762294e-06,0
entity_0935,entity_0931,1,tabicl,0.9963198900222778,1
entity_0621,entity_0623,1,tabicl,0.9969969987869263,1
entity_0463,entity_0469,1,tabicl,0.9959219694137573,1
entity_0098,entity_0436,0,tabicl,6.150959848127968e-07,0
entity_0649,entity_0642,1,tabicl,0.9951314926147461,1
entity_0332,entity_0337,1,tabicl,0.9907359480857849,1
entity_0908,entity_0123,0,tabicl,9.060977390618064e-07,0
entity_0961,entity_0069,0,tabicl,1.8855669168260647e-06,0
entity_0550,entity_0541,1,tabicl,0.9537464380264282,1
entity_0725,entity_0003,0,tabicl,1.922283217936638e-06,0
entity_0353,entity_0357,1,tabicl,0.9960263967514038,1
entity_0671,entity_0680,1,tabicl,0.9360385537147522,1
entity_0992,entity_0998,1,tabicl,0.9903808236122131,1
entity_0575,entity_0580,1,tabicl,0.9931021332740784,1
entity_0202,entity_0206,1,tabicl,0.996383011341095,1
entity_0104,entity_0103,1,tabicl,0.9986611604690552,1
entity_0631,entity_0732,0,tabicl,1.178189791062323e-06,0
entity_0429,entity_0422,1,tabicl,0.99664306640625,1
entity_0074,entity_0079,1,tabicl,0.9932709336280823,1
entity_0090,entity_0081,1,tabicl,0.9746983647346497,1
entity_0334,entity_0337,1,tabicl,0.9940876960754395,1
entity_0292,entity_0295,1,tabicl,0.9947606921195984,1
entity_0467,entity_0598,0,tabicl,8.152458121912787e-07,0
entity_0088,entity_0420,0,tabicl,6.376934607033036e-07,0
entity_0492,entity_0969,0,tabicl,6.829952212683565e-07,0
entity_0565,entity_0102,0,tabicl,1.444043618903379e-06,0
entity_0001,entity_0922,0,tabicl,3.987726813647896e-06,0
entity_0545,entity_0883,0,tabicl,5.552257107410696e-07,0
entity_0298,entity_0486,0,tabicl,6.088703798923234e-07,0
entity_0547,entity_0548,1,tabicl,0.9987207055091858,1
entity_0227,entity_0974,0,tabicl,7.566428621430532e-07,0
entity_0183,entity_0877,0,tabicl,6.232421583263204e-07,0
entity_0367,entity_0478,0,tabicl,8.623333656032628e-07,0
entity_0141,entity_0146,1,tabicl,0.9953323006629944,1
entity_0400,entity_0396,1,tabicl,0.9981787204742432,1
entity_0515,entity_0516,1,tabicl,0.9990369081497192,1
entity_0800,entity_0157,0,tabicl,1.3196531654102728e-06,0
entity_0168,entity_0999,0,tabicl,2.532002781663323e-06,0
entity_0650,entity_0646,1,tabicl,0.9974330067634583,1
entity_0756,entity_0760,1,tabicl,0.9957418441772461,1
entity_0128,entity_0127,1,tabicl,0.9984384179115295,1
entity_0888,entity_0884,1,tabicl,0.9955103397369385,1
entity_0658,entity_0545,0,tabicl,1.2197339174235822e-06,0
entity_0781,entity_0788,1,tabicl,0.991608738899231,1
entity_0359,entity_0945,0,tabicl,5.29627811829414e-07,0
entity_0276,entity_0530,0,tabicl,5.636482569570944e-07,0
entity_0316,entity_0312,1,tabicl,0.9981609582901001,1
entity_0665,entity_0937,0,tabicl,6.140122650322155e-07,0
entity_0976,entity_0975,1,tabicl,0.9985014200210571,1
entity_0866,entity_0867,1,tabicl,0.9984384179115295,1
entity_0343,entity_0342,1,tabicl,0.9985367059707642,1
entity_0177,entity_0320,0,tabicl,6.878295835122117e-07,0
entity_0904,entity_0171,0,tabicl,1.0689345799619332e-06,0
entity_0721,entity_0729,1,tabicl,0.9680942296981812,1
entity_0640,entity_0639,1,tabicl,0.9985143542289734,1
entity_0532,entity_0540,1,tabicl,0.9678588509559631,1
entity_0474,entity_0472,1,tabicl,0.9990975856781006,1
entity_0541,entity_0306,0,tabicl,1.1893480404978618e-06,0
entity_0664,entity_0661,1,tabicl,0.9976713061332703,1
entity_0973,entity_0571,0,tabicl,1.0658940254870686e-06,0
entity_0096,entity_0004,0,tabicl,5.399977453635074e-06,0
entity_0400,entity_0397,1,tabicl,0.9987234473228455,1
entity_0596,entity_0598,1,tabicl,0.997708797454834,1
entity_0646,entity_0678,0,tabicl,5.67519464311772e-06,0
entity_0873,entity_0822,0,tabicl,1.4643827626059647e-06,0
entity_0769,entity_0764,1,tabicl,0.994482159614563,1
entity_0279,entity_0276,1,tabicl,0.9980732798576355,1
entity_0718,entity_0720,1,tabicl,0.9971458315849304,1
entity_0569,entity_0564,1,tabicl,0.9978622198104858,1
entity_0570,entity_0564,1,tabicl,0.9965211153030396,1
entity_0651,entity_0654,1,tabicl,0.9935688376426697,1
entity_0429,entity_0757,0,tabicl,5.034997343500436e-07,0
entity_0011,entity_0017,1,tabicl,0.9884175658226013,1
entity_0339,entity_0337,1,tabicl,0.9981629252433777,1
entity_0871,entity_0876,1,tabicl,0.9937735199928284,1
entity_0355,entity_0074,0,tabicl,8.305357823701343e-07,0
entity_0132,entity_0640,0,tabicl,6.474540441558929e-07,0
entity_0600,entity_0592,1,tabicl,0.9874075055122375,1
entity_0126,entity_0121,1,tabicl,0.9947776794433594,1
entity_0222,entity_0733,0,tabicl,6.125980576143775e-07,0
entity_0129,entity_0125,1,tabicl,0.9963158965110779,1
entity_0516,entity_0514,1,tabicl,0.9991752505302429,1
entity_0946,entity_0312,0,tabicl,8.596475140620896e-07,0
entity_0012,entity_0017,1,tabicl,0.9936652183532715,1
entity_0643,entity_0648,1,tabicl,0.9875016212463379,1
entity_0143,entity_0086,0,tabicl,1.9330691429786384e-06,0
entity_0179,entity_0072,0,tabicl,1.047344312610221e-06,0
entity_0326,entity_0043,0,tabicl,8.646168794257392e-07,0
entity_0906,entity_0186,0,tabicl,9.75285047388752e-07,0
entity_0155,entity_0159,1,tabicl,0.9962190985679626,1
entity_0203,entity_0210,1,tabicl,0.9930424094200134,1
entity_0260,entity_0255,1,tabicl,0.9960306286811829,1
entity_0149,entity_0509,0,tabicl,6.082929644435353e-07,0
entity_0433,entity_0236,0,tabicl,9.442397868042463e-07,0
entity_0988,entity_0871,0,tabicl,2.5798644855967723e-06,0
entity_0432,entity_0438,1,tabicl,0.9879746437072754,1
entity_0343,entity_0349,1,tabicl,0.9918490648269653,1
entity_0530,entity_0119,0,tabicl,9.37571826398198e-07,0
entity_0790,entity_0784,1,tabicl,0.9938932657241821,1
entity_0416,entity_0420,1,tabicl,0.9965733885765076,1
entity_0055,entity_0941,0,tabicl,8.14693123629695e-07,0
entity_0792,entity_0794,1,tabicl,0.9971023201942444,1
entity_0527,entity_0207,0,tabicl,9.14649376682064e-07,0
entity_0243,entity_0477,0,tabicl,6.327815640361223e-07,0
entity_0910,entity_0582,0,tabicl,7.909572445896629e-07,0
entity_0944,entity_0948,1,tabicl,0.997215986251831,1
entity_0473,entity_0099,0,tabicl,8.966241011876264e-07,0
entity_0967,entity_0732,0,tabicl,1.0630778888298664e-06,0
entity_0989,entity_0986,1,tabicl,0.997477114200592,1
entity_0976,entity_0621,0,tabicl,1.0970621815431514e-06,0
entity_0164,entity_0786,0,tabicl,6.218908765731612e-07,0
entity_0641,entity_0451,0,tabicl,1.0177876674788422e-06,0
entity_0326,entity_0325,1,tabicl,0.9980522394180298,1
entity_0735,entity_0731,1,tabicl,0.9949057102203369,1
entity_0529,entity_0064,0,tabicl,7.499503453800571e-07,0
entity_0893,entity_0487,0,tabicl,8.926797931962938e-07,0
entity_0327,entity_0980,0,tabicl,6.014830660205917e-07,0
entity_0264,entity_0263,1,tabicl,0.9983025789260864,1
entity_0990,entity_0981,1,tabicl,0.8920202851295471,1
entity_0466,entity_0468,1,tabicl,0.9986108541488647,1
entity_0725,entity_0724,1,tabicl,0.9967254996299744,1
entity_0627,entity_0671,0,tabicl,3.6616311263060197e-06,0
entity_0653,entity_0657,1,tabicl,0.9903808236122131,1
entity_0257,entity_0253,1,tabicl,0.9961614608764648,1
entity_0290,entity_0752,0,tabicl,5.580945980909746e-07,0
entity_0253,entity_0252,1,tabicl,0.9981905817985535,1
entity_0165,entity_0414,0,tabicl,5.218554406383191e-07,0
entity_0301,entity_0916,0,tabicl,5.987971007925807e-07,0
entity_0653,entity_0983,0,tabicl,8.327914429173688e-07,0
entity_0296,entity_0992,0,tabicl,9.209671816279297e-07,0
entity_0859,entity_0855,1,tabicl,0.9947888851165771,1
entity_0446,entity_0060,0,tabicl,8.95499567832303e-07,0
entity_0039,entity_0005,0,tabicl,4.7110257582971826e-05,0
entity_0600,entity_0530,0,tabicl,1.3711978681385517e-06,0
entity_0437,entity_0183,0,tabicl,7.577209544251673e-07,0
entity_0248,entity_0249,1,tabicl,0.9980607032775879,1
entity_0269,entity_0267,1,tabicl,0.9981449842453003,1
entity_0556,entity_0551,1,tabicl,0.9973252415657043,1
entity_0038,entity_0036,1,tabicl,0.9966102242469788,1
entity_0890,entity_0528,0,tabicl,7.450330485880841e-07,0
entity_0637,entity_0634,1,tabicl,0.9977013468742371,1
entity_0085,entity_0104,0,tabicl,0.00014416595513466746,0
entity_0733,entity_0732,1,tabicl,0.9968540072441101,1
entity_0709,entity_0482,0,tabicl,9.581083304510685e-07,0
entity_0433,entity_0436,1,tabicl,0.9955393671989441,1
entity_0851,entity_0633,0,tabicl,8.842449119583762e-07,0
entity_0957,entity_0946,0,tabicl,0.5705972909927368,1
entity_0986,entity_0990,1,tabicl,0.9957418441772461,1
entity_0509,entity_0503,1,tabicl,0.9956628680229187,1
entity_0423,entity_0892,0,tabicl,6.957105256333307e-07,0
entity_0766,entity_0763,1,tabicl,0.9960860013961792,1
entity_0098,entity_0551,0,tabicl,6.51683194519137e-07,0
entity_0280,entity_0828,0,tabicl,6.134293926152168e-07,0
entity_0070,entity_0067,1,tabicl,0.9971396923065186,1
entity_0241,entity_0249,1,tabicl,0.9826095104217529,1
entity_0560,entity_0307,0,tabicl,8.877895538716984e-07,0
entity_0872,entity_0876,1,tabicl,0.9962798953056335,1
entity_0835,entity_0840,1,tabicl,0.9903290271759033,1
entity_0895,entity_0902,0,tabicl,0.9822914600372314,1
entity_0649,entity_0658,0,tabicl,0.9402556419372559,1
entity_0969,entity_0964,1,tabicl,0.9966899156570435,1
entity_0668,entity_0667,1,tabicl,0.9983568787574768,1
entity_0301,entity_0518,0,tabicl,6.247656187952089e-07,0
entity_0052,entity_0715,0,tabicl,7.399976311717182e-07,0
entity_0733,entity_0153,0,tabicl,1.224624725182366e-06,0
entity_0105,entity_0109,1,tabicl,0.9949604272842407,1
entity_0211,entity_0212,1,tabicl,0.9979660511016846,1
entity_0026,entity_0022,1,tabicl,0.9956862926483154,1
entity_0047,entity_0479,0,tabicl,6.706030717396061e-07,0
entity_0035,entity_0040,1,tabicl,0.9946289658546448,1
entity_0355,entity_0533,0,tabicl,5.463362526825222e-07,0
entity_0973,entity_0976,1,tabicl,0.9979439377784729,1
entity_0165,entity_0499,0,tabicl,6.408575927707716e-07,0
entity_0249,entity_0583,0,tabicl,5.838007837155601e-07,0
entity_0550,entity_0544,1,tabicl,0.9956110119819641,1
entity_0178,entity_0789,0,tabicl,6.315817699942272e-07,0
entity_0842,entity_0925,0,tabicl,1.3742704823016538e-06,0
entity_0098,entity_0799,0,tabicl,5.398538860390545e-07,0
entity_0841,entity_0956,0,tabicl,1.2792079360224307e-06,0
entity_0735,entity_0563,0,tabicl,1.1908813348782132e-06,0
entity_0860,entity_0856,1,tabicl,0.9949604272842407,1
entity_0681,entity_0687,1,tabicl,0.9833358526229858,1
entity_0558,entity_0560,1,tabicl,0.9963039755821228,1
entity_0791,entity_0797,1,tabicl,0.9925618171691895,1
entity_0198,entity_0839,0,tabicl,7.021567398624029e-07,0
entity_0963,entity_0752,0,tabicl,1.154383994617092e-06,0
entity_0945,entity_0791,0,tabicl,1.2582147519424325e-06,0
entity_0807,entity_0808,1,tabicl,0.9972280263900757,1
entity_0029,entity_0516,0,tabicl,8.741090482544678e-07,0
entity_0896,entity_0288,0,tabicl,9.105328331315832e-07,0
entity_0309,entity_0308,1,tabicl,0.9980502128601074,1
entity_0447,entity_0441,1,tabicl,0.9974330067634583,1
entity_0126,entity_0457,0,tabicl,4.886313149654598e-07,0
entity_0358,entity_0354,1,tabicl,0.9981609582901001,1
entity_0507,entity_0506,1,tabicl,0.9993711113929749,1
entity_0199,entity_0712,0,tabicl,6.202903932717163e-07,0
entity_0599,entity_0320,0,tabicl,1.0318947261112044e-06,0
entity_0994,entity_0828,0,tabicl,3.1473962280870182e-06,0
entity_0824,entity_0821,1,tabicl,0.9968094229698181,1
entity_0475,entity_0557,0,tabicl,1.2630875971808564e-06,0
entity_0088,entity_0380,0,tabicl,6.222284127943567e-07,0
entity_0431,entity_0961,0,tabicl,6.106900514168956e-07,0
entity_0965,entity_0969,1,tabicl,0.9980564713478088,1
entity_0183,entity_0367,0,tabicl,6.25868210590852e-07,0
entity_0456,entity_0457,1,tabicl,0.9989866018295288,1
entity_0868,entity_0712,0,tabicl,1.3139092516212258e-06,0
entity_0199,entity_0193,1,tabicl,0.9960733652114868,1
entity_0376,entity_0043,0,tabicl,8.75413718404161e-07,0
entity_0153,entity_0155,1,tabicl,0.9980204105377197,1
entity_0219,entity_0211,1,tabicl,0.9888801574707031,1
entity_0106,entity_0105,1,tabicl,0.9985462427139282,1
entity_0838,entity_0420,0,tabicl,8.32001546768879e-07,0
entity_0460,entity_0452,1,tabicl,0.9885165095329285,1
entity_0124,entity_0199,0,tabicl,1.1675313089654082e-06,0
entity_0217,entity_0845,0,tabicl,6.671552341686038e-07,0
entity_0313,entity_0557,0,tabicl,5.593072387455322e-07,0
entity_0276,entity_0971,0,tabicl,7.312180514418287e-07,0
entity_0959,entity_0606,0,tabicl,8.877295272213814e-07,0
entity_0172,entity_0180,1,tabicl,0.9815008044242859,1
entity_0506,entity_0510,1,tabicl,0.9970517158508301,1
entity_0742,entity_0024,0,tabicl,1.2107522024962236e-06,0
entity_0668,entity_0446,0,tabicl,9.479616096541577e-07,0
entity_0253,entity_0260,1,tabicl,0.9901189208030701,1
entity_0812,entity_0816,1,tabicl,0.9909427762031555,1
entity_0562,entity_0565,1,tabicl,0.9944582581520081,1
entity_0174,entity_0179,1,tabicl,0.9951367974281311,1
entity_0896,entity_0040,0,tabicl,1.5859002360230079e-06,0
entity_0687,entity_0689,1,tabicl,0.9957464337348938,1
entity_0535,entity_0636,0,tabicl,9.598642236596788e-07,0
entity_0989,entity_0522,0,tabicl,1.22470885344228e-06,0
entity_0962,entity_0330,0,tabicl,8.03390776127344e-07,0
entity_0286,entity_0846,0,tabicl,5.676378691532591e-07,0
entity_0505,entity_0553,0,tabicl,2.5418182758585317e-06,0
entity_0193,entity_0200,1,tabicl,0.9916985034942627,1
entity_0227,entity_0385,0,tabicl,7.462468829544378e-07,0
entity_0794,entity_0805,0,tabicl,0.360564261674881,0
entity_0170,entity_0688,0,tabicl,5.244808676252433e-07,0
entity_0228,entity_0223,1,tabicl,0.993726372718811,1
entity_0063,entity_0054,0,tabicl,0.935516893863678,1
entity_0417,entity_0414,1,tabicl,0.9987095594406128,1
entity_0875,entity_0077,0,tabicl,1.3240451153251342e-06,0
entity_0437,entity_0517,0,tabicl,1.3067402733213385e-06,0
entity_0979,entity_0977,1,tabicl,0.9983099699020386,1
entity_0144,entity_0264,0,tabicl,8.755330895837687e-07,0
entity_0913,entity_0016,0,tabicl,1.930449570863857e-06,0
entity_0600,entity_0714,0,tabicl,1.060054842128011e-06,0
entity_0048,entity_0050,1,tabicl,0.9964488744735718,1
entity_0937,entity_0932,1,tabicl,0.9958552718162537,1
entity_0862,entity_0864,1,tabicl,0.9980857372283936,1
entity_0713,entity_0495,0,tabicl,1.0462001682753908e-06,0
entity_0188,entity_0190,1,tabicl,0.9980649352073669,1
entity_0922,entity_0603,0,tabicl,8.763643677411892e-07,0
entity_0961,entity_0966,1,tabicl,0.9972190260887146,1
entity_0933,entity_0931,1,tabicl,0.9978130459785461,1
entity_0600,entity_0483,0,tabicl,1.4295002301878412e-06,0
entity_0010,entity_0904,0,tabicl,1.015718453345471e-06,0
entity_0113,entity_0120,1,tabicl,0.9787126779556274,1
entity_0398,entity_0997,0,tabicl,1.4207056437953725e-06,0
entity_0042,entity_0780,0,tabicl,5.498299628925452e-07,0
entity_0325,entity_0847,0,tabicl,5.068571908850572e-07,0
entity_0198,entity_0195,1,tabicl,0.9972696900367737,1
entity_0628,entity_0621,1,tabicl,0.9938932657241821,1
entity_0715,entity_0147,0,tabicl,9.668549409980187e-07,0
entity_0582,entity_0120,0,tabicl,1.9240128494857345e-06,0
entity_0120,entity_0116,1,tabicl,0.9966647624969482,1
entity_0300,entity_0967,0,tabicl,6.098624680817011e-07,0
entity_0390,entity_0385,1,tabicl,0.9973483085632324,1
entity_0236,entity_0237,1,tabicl,0.9975970387458801,1
entity_0088,entity_0090,1,tabicl,0.9969279766082764,1
entity_0351,entity_0167,0,tabicl,9.438562074137735e-07,0
entity_0378,entity_0379,1,tabicl,0.9979439377784729,1
entity_0590,entity_0689,0,tabicl,1.18066986942722e-06,0
entity_0195,entity_0802,0,tabicl,7.21367371170345e-07,0
entity_0489,entity_0522,0,tabicl,4.720101060229354e-06,0
entity_0034,entity_0145,0,tabicl,1.0625011555021047e-06,0
entity_0831,entity_0832,1,tabicl,0.9974330067634583,1
entity_0872,entity_0394,0,tabicl,8.77673301147297e-07,0
entity_0822,entity_0821,1,tabicl,0.9975918531417847,1
entity_0858,entity_0282,0,tabicl,9.805233958104509e-07,0
entity_0432,entity_0404,0,tabicl,7.390402060991619e-06,0
entity_0681,entity_0682,1,tabicl,0.996487021446228,1
entity_0219,entity_0214,1,tabicl,0.9958953857421875,1
entity_0352,entity_0353,1,tabicl,0.9983190298080444,1
entity_0534,entity_0102,0,tabicl,8.193471217055048e-07,0
entity_0416,entity_0413,1,tabicl,0.9988887906074524,1
entity_0470,entity_0687,0,tabicl,6.840146511422063e-07,0
entity_0570,entity_0447,0,tabicl,1.4797055882809218e-06,0
entity_0642,entity_0904,0,tabicl,6.38731819435634e-07,0
entity_0099,entity_0094,1,tabicl,0.996911346912384,1
entity_0163,entity_0406,0,tabicl,5.134303364684456e-07,0
entity_0708,entity_0205,0,tabicl,1.2877379731435212e-06,0
entity_0949,entity_0942,1,tabicl,0.9923753142356873,1
entity_0281,entity_0289,1,tabicl,0.9729281663894653,1
entity_0564,entity_0029,0,tabicl,8.828066029309412e-07,0
entity_0181,entity_0182,1,tabicl,0.9984435439109802,1
entity_0628,entity_0625,1,tabicl,0.9979305267333984,1
entity_0638,entity_0583,0,tabicl,1.4477445802185684e-06,0
entity_0854,entity_0824,0,tabicl,4.900559815723682e-06,0
entity_0419,entity_0494,0,tabicl,1.4284331655289861e-06,0
entity_0757,entity_0759,1,tabicl,0.9973598122596741,1
entity_0211,entity_0216,1,tabicl,0.9940428733825684,1
entity_0660,entity_0653,1,tabicl,0.9934921264648438,1
entity_0682,entity_0689,1,tabicl,0.9773371815681458,1
entity_0171,entity_0010,0,tabicl,1.603798750693386e-06,0
entity_0204,entity_0206,1,tabicl,0.9979572296142578,1
entity_0681,entity_0655,0,tabicl,3.89528804589645e-06,0
entity_0981,entity_0982,1,tabicl,0.9981104731559753,1
entity_0454,entity_0828,0,tabicl,5.017271291762881e-07,0
entity_0395,entity_0400,1,tabicl,0.9927282333374023,1
entity_0514,entity_0519,1,tabicl,0.9960005283355713,1
entity_0017,entity_0020,1,tabicl,0.9923670887947083,1
entity_0353,entity_0521,0,tabicl,6.229034283933288e-07,0
entity_0509,entity_0510,1,tabicl,0.9990777969360352,1
entity_0814,entity_0700,0,tabicl,1.1563032558115083e-06,0
entity_0746,entity_0747,1,tabicl,0.9978505373001099,1
entity_0736,entity_0216,0,tabicl,1.0981790410369285e-06,0
entity_0923,entity_0645,0,tabicl,1.0948327826554305e-06,0
entity_0625,entity_0164,0,tabicl,1.7953453834707034e-06,0
entity_0298,entity_0297,1,tabicl,0.9980416893959045,1
entity_0251,entity_0252,1,tabicl,0.9978943467140198,1
entity_0873,entity_0585,0,tabicl,8.385725891457696e-07,0
entity_0101,entity_0275,0,tabicl,6.222284127943567e-07,0
entity_0906,entity_0654,0,tabicl,1.2249574865563773e-06,0
entity_0924,entity_0528,0,tabicl,9.46163368098496e-07,0
entity_0178,entity_0758,0,tabicl,6.014830660205917e-07,0
entity_0571,entity_0578,1,tabicl,0.9853405356407166,1
entity_0837,entity_0464,0,tabicl,8.06392790764221e-07,0
entity_0451,entity_0118,0,tabicl,6.878754561512324e-07,0
entity_0964,entity_0208,0,tabicl,1.0736557669588365e-06,0
entity_0061,entity_0065,1,tabicl,0.9962798953056335,1
entity_0631,entity_0131,0,tabicl,1.3894518815504853e-06,0
entity_0911,entity_0920,1,tabicl,0.938086211681366,1
entity_0933,entity_0939,1,tabicl,0.9944222569465637,1
entity_0720,entity_0711,1,tabicl,0.9680942296981812,1
entity_0646,entity_0548,0,tabicl,1.2380692169244867e-06,0
entity_0702,entity_0709,1,tabicl,0.9798141121864319,1
entity_0595,entity_0490,0,tabicl,1.2995805036553065e-06,0
entity_0725,entity_0763,0,tabicl,6.154683887871215e-06,0
entity_0633,entity_0639,1,tabicl,0.9805102944374084,1
entity_0243,entity_0242,1,tabicl,0.9980010390281677,1
entity_0715,entity_0716,1,tabicl,0.9978271722793579,1
entity_0239,entity_0211,0,tabicl,5.944641998212319e-06,0
entity_0900,entity_0896,1,tabicl,0.9971365928649902,1
entity_0133,entity_0136,1,tabicl,0.9973252415657043,1
entity_0028,entity_0029,1,tabicl,0.9941636919975281,1
entity_0257,entity_0888,0,tabicl,5.354061158868717e-07,0
entity_0933,entity_0934,1,tabicl,0.9985602498054504,1
entity_0293,entity_0299,1,tabicl,0.9899907112121582,1
entity_0123,entity_0761,0,tabicl,7.302264179998019e-07,0
entity_0131,entity_0177,0,tabicl,2.8502777240646537e-06,0
entity_0951,entity_0812,0,tabicl,1.283204596802534e-06,0
entity_0931,entity_0007,0,tabicl,3.510861461109016e-06,0
entity_0252,entity_0256,1,tabicl,0.9956015348434448,1
entity_0344,entity_0044,0,tabicl,9.275480010728643e-07,0
entity_0611,entity_0507,0,tabicl,1.4647793022959377e-06,0
entity_0828,entity_0823,1,tabicl,0.9941321611404419,1
entity_0796,entity_0770,0,tabicl,4.00387261834112e-06,0
entity_0288,entity_0290,1,tabicl,0.9958148002624512,1
entity_0453,entity_0455,1,tabicl,0.9986391663551331,1
entity_0500,entity_0494,1,tabicl,0.9951733946800232,1
entity_0451,entity_0213,0,tabicl,8.600550813753216e-07,0
entity_0100,entity_0014,0,tabicl,2.9097809601807967e-06,0
entity_0528,entity_0441,0,tabicl,1.3774429135082755e-06,0
entity_0814,entity_0817,1,tabicl,0.993198037147522,1
entity_0692,entity_0699,1,tabicl,0.9764806032180786,1
entity_0546,entity_0812,0,tabicl,6.622873911510396e-07,0
entity_0850,entity_0847,1,tabicl,0.9955393671989441,1
entity_0548,entity_0833,0,tabicl,6.2121631572154e-07,0
entity_0470,entity_0463,1,tabicl,0.9918928146362305,1
entity_0380,entity_0374,1,tabicl,0.9955345392227173,1
entity_0458,entity_0633,0,tabicl,6.188617476254876e-07,0
entity_0471,entity_0479,1,tabicl,0.9899259805679321,1
entity_0335,entity_0538,0,tabicl,6.82948893881985e-07,0
entity_0626,entity_0628,1,tabicl,0.9961155652999878,1
entity_0818,entity_0242,0,tabicl,1.1668990964608383e-06,0
entity_0735,entity_0968,0,tabicl,7.188271524682932e-07,0
entity_0450,entity_0514,0,tabicl,1.6117595578180044e-06,0
entity_0223,entity_0224,1,tabicl,0.9971857070922852,1
entity_0839,entity_0565,0,tabicl,9.012568966682011e-07,0
entity_0555,entity_0553,1,tabicl,0.9990379810333252,1
entity_0392,entity_0395,1,tabicl,0.9952918291091919,1
entity_0410,entity_0896,0,tabicl,6.360511406455771e-07,0
entity_0331,entity_0334,1,tabicl,0.9948057532310486,1
entity_0237,entity_0239,1,tabicl,0.996547281742096,1
entity_0704,entity_0773,0,tabicl,1.6245447795881773e-06,0
entity_0483,entity_0488,1,tabicl,0.9964527487754822,1
entity_0957,entity_0958,1,tabicl,0.9986596703529358,1
entity_0427,entity_0553,0,tabicl,9.377309311275894e-07,0
entity_0529,entity_0159,0,tabicl,9.491186574450694e-07,0
entity_0795,entity_0793,1,tabicl,0.9971612691879272,1
entity_0911,entity_0915,1,tabicl,0.9970357418060303,1
entity_0185,entity_0144,0,tabicl,3.3494522995169973e-06,0
entity_0803,entity_0810,1,tabicl,0.979598343372345,1
entity_0216,entity_0419,0,tabicl,5.078897515886638e-07,0
entity_0051,entity_0052,1,tabicl,0.9970644116401672,1
entity_0638,entity_0631,1,tabicl,0.9940685033798218,1
entity_0383,entity_0479,0,tabicl,1.103030399463023e-06,0
entity_0389,entity_0824,0,tabicl,4.893611276202137e-07,0
entity_0909,entity_0908,1,tabicl,0.9980225563049316,1
entity_0897,entity_0308,0,tabicl,9.041339126270032e-07,0
entity_0807,entity_0810,1,tabicl,0.9940876960754395,1
entity_0661,entity_0533,0,tabicl,1.241558265974163e-06,0
entity_0533,entity_0654,0,tabicl,9.159832075056329e-07,0
entity_0514,entity_0005,0,tabicl,1.3051670748609467e-06,0
entity_0700,entity_0699,1,tabicl,0.9977675676345825,1
entity_0683,entity_0688,1,tabicl,0.9872718453407288,1
entity_0351,entity_0357,1,tabicl,0.9926652312278748,1
entity_0829,entity_0283,0,tabicl,9.575236390446662e-07,0
entity_0966,entity_0229,0,tabicl,1.0804494650074048e-06,0
entity_0663,entity_0137,0,tabicl,1.5536444379904424e-06,0
entity_0954,entity_0952,1,tabicl,0.9981886148452759,1
entity_0593,entity_0594,1,tabicl,0.9981846809387207,1
entity_0477,entity_0153,0,tabicl,8.422771315963473e-07,0
entity_0896,entity_0846,0,tabicl,1.9250571767770452e-06,0
entity_0442,entity_0119,0,tabicl,7.125661909412884e-07,0
entity_0620,entity_0655,0,tabicl,5.032927219872363e-06,0
entity_0479,entity_0476,1,tabicl,0.9986451268196106,1
entity_0189,entity_0443,0,tabicl,5.330152248461673e-07,0
entity_0650,entity_0641,1,tabicl,0.9776238203048706,1
entity_0969,entity_0967,1,tabicl,0.9984042048454285,1
entity_0492,entity_0365,0,tabicl,1.0303567705705063e-06,0
entity_0941,entity_0947,1,tabicl,0.9934216141700745,1
entity_0497,entity_0491,1,tabicl,0.9949001669883728,1
entity_0889,entity_0881,1,tabicl,0.9769493937492371,1
entity_0870,entity_0325,0,tabicl,8.447370873909676e-07,0
entity_0128,entity_0123,1,tabicl,0.9954221844673157,1
entity_0180,entity_0584,0,tabicl,6.434707415792218e-07,0
entity_0067,entity_0061,1,tabicl,0.9920995235443115,1
entity_0187,entity_0184,1,tabicl,0.9975656270980835,1
entity_0730,entity_0941,0,tabicl,5.942664529356989e-07,0
entity_0731,entity_0732,1,tabicl,0.9973019957542419,1
entity_0342,entity_0345,1,tabicl,0.9955103397369385,1
entity_0696,entity_0039,0,tabicl,1.0545344366619247e-06,0
entity_0837,entity_0833,1,tabicl,0.9952045679092407,1
entity_0351,entity_0355,1,tabicl,0.9958418607711792,1
entity_0909,entity_0514,0,tabicl,8.915907301343395e-07,0
entity_0598,entity_0591,1,tabicl,0.9950306415557861,1
entity_0909,entity_0905,1,tabicl,0.9962638020515442,1
entity_0044,entity_0157,0,tabicl,1.120674141930067e-06,0
entity_0867,entity_0392,0,tabicl,8.457688522867102e-07,0
entity_0140,entity_0138,1,tabicl,0.9976203441619873,1
entity_0656,entity_0388,0,tabicl,8.350540952051233e-07,0
entity_0151,entity_0153,1,tabicl,0.9978177547454834,1
entity_0128,entity_0124,1,tabicl,0.9949057102203369,1
entity_0476,entity_0252,0,tabicl,9.393851314598578e-07,0
entity_0322,entity_0229,0,tabicl,1.2640407476283144e-06,0
entity_0971,entity_0498,0,tabicl,9.224668247043155e-07,0
entity_0822,entity_0823,1,tabicl,0.997108519077301,1
entity_0095,entity_0096,1,tabicl,0.9970959424972534,1
entity_0632,entity_0636,1,tabicl,0.9889040589332581,1
entity_0667,entity_0669,1,tabicl,0.995718777179718,1
entity_0780,entity_0779,1,tabicl,0.9968197345733643,1
entity_0205,entity_0201,1,tabicl,0.9971948266029358,1
entity_0306,entity_0305,1,tabicl,0.9978898167610168,1
entity_0570,entity_0569,1,tabicl,0.9989964365959167,1
entity_0107,entity_0103,1,tabicl,0.9974743723869324,1
entity_0825,entity_0100,0,tabicl,9.180978963740927e-07,0
entity_0533,entity_0074,0,tabicl,8.167951932591677e-07,0
entity_0942,entity_0581,0,tabicl,8.423341455454647e-07,0
entity_0063,entity_0062,1,tabicl,0.9975364804267883,1
entity_0762,entity_0766,1,tabicl,0.9954664707183838,1
entity_0807,entity_0005,0,tabicl,1.4789027318329317e-06,0
entity_0848,entity_0841,1,tabicl,0.9877272248268127,1
entity_0758,entity_0300,0,tabicl,1.1372879953341908e-06,0
entity_0128,entity_0312,0,tabicl,6.330392920972372e-07,0
entity_0012,entity_0010,0,tabicl,0.9969642758369446,1
entity_0860,entity_0853,1,tabicl,0.9855737090110779,1
entity_0116,entity_0793,0,tabicl,4.791149308402964e-07,0
entity_0775,entity_0595,0,tabicl,9.369684903504094e-07,0
entity_0590,entity_0120,0,tabicl,2.171447704313323e-06,0
entity_0155,entity_0427,0,tabicl,4.473967010198976e-07,0
entity_0464,entity_0469,1,tabicl,0.9966827630996704,1
entity_0001,entity_0881,0,tabicl,3.0794897156738443e-06,0
entity_0853,entity_0973,0,tabicl,1.474397777201375e-06,0
entity_0715,entity_0712,1,tabicl,0.9955489635467529,1
entity_0826,entity_0148,0,tabicl,1.0219367823083303e-06,0
entity_0965,entity_0967,1,tabicl,0.9986273050308228,1
entity_0775,entity_0669,0,tabicl,1.5589222357448307e-06,0
entity_0872,entity_0879,1,tabicl,0.9878970384597778,1
entity_0049,entity_0139,0,tabicl,1.3295392591317068e-06,0
entity_0685,entity_0163,0,tabicl,1.32674131236854e-06,0
entity_0940,entity_0559,0,tabicl,7.585951493638277e-07,0
entity_0101,entity_0250,0,tabicl,6.664322427241132e-07,0
entity_0479,entity_0485,0,tabicl,0.9958552718162537,1
entity_0346,entity_0590,0,tabicl,6.155971163934737e-07,0
entity_0264,entity_0441,0,tabicl,6.513290031762153e-07,0
entity_0019,entity_0018,1,tabicl,0.9974715709686279,1
entity_0627,entity_0850,0,tabicl,5.307068136062298e-07,0
entity_0960,entity_0025,0,tabicl,2.860986114683328e-06,0
entity_0593,entity_0674,0,tabicl,1.5094024092832115e-06,0
entity_0956,entity_0492,0,tabicl,8.605801440353389e-07,0
entity_0276,entity_0280,1,tabicl,0.9934357404708862,1
entity_0387,entity_0755,0,tabicl,5.049355422670487e-07,0
entity_0884,entity_0996,0,tabicl,3.2929763165157055e-06,0
entity_0429,entity_0426,1,tabicl,0.9988545775413513,1
entity_0627,entity_0626,1,tabicl,0.9985271692276001,1
entity_0522,entity_0093,0,tabicl,9.077903655452246e-07,0
entity_0167,entity_0945,0,tabicl,8.307615644298494e-07,0
entity_0838,entity_0608,0,tabicl,8.081997862063872e-07,0
entity_0189,entity_0185,1,tabicl,0.9971826076507568,1
entity_0256,entity_0897,0,tabicl,5.355511234483856e-07,0
entity_0519,entity_0512,1,tabicl,0.9921249747276306,1
entity_0927,entity_0984,0,tabicl,4.765371159010101e-06,0
entity_0948,entity_0949,1,tabicl,0.9985602498054504,1
entity_0075,entity_0074,1,tabicl,0.998524010181427,1
entity_0810,entity_0516,0,tabicl,8.269948921224568e-07,0
entity_0007,entity_0001,1,tabicl,0.989010751247406,1
entity_0861,entity_0864,1,tabicl,0.9972608089447021,1
entity_0865,entity_0863,1,tabicl,0.9978247880935669,1
entity_0644,entity_0352,0,tabicl,1.0005417152569862e-06,0
entity_0216,entity_0306,0,tabicl,1.0819155704666628e-06,0
entity_0138,entity_0745,0,tabicl,5.530463340619463e-07,0
entity_0218,entity_0801,0,tabicl,5.623500101137324e-07,0
entity_0281,entity_0282,1,tabicl,0.9970739483833313,1
entity_0923,entity_0929,1,tabicl,0.9935479760169983,1
entity_0547,entity_0542,1,tabicl,0.9964832663536072,1
entity_0021,entity_0771,0,tabicl,6.343288987409323e-07,0
entity_0886,entity_0917,0,tabicl,1.0249115803162567e-05,0
entity_0532,entity_0537,1,tabicl,0.9941447377204895,1
entity_0349,entity_0550,0,tabicl,6.539848982356489e-07,0
entity_0955,entity_0367,0,tabicl,8.437637006863952e-07,0
entity_0035,entity_0564,0,tabicl,6.749826866325748e-07,0
entity_0917,entity_0913,1,tabicl,0.9958328604698181,1
entity_0647,entity_0507,0,tabicl,1.2840308727390948e-06,0
entity_0229,entity_0795,0,tabicl,6.914771688570909e-07,0
entity_0842,entity_0843,1,tabicl,0.9978201389312744,1
entity_0470,entity_0447,0,tabicl,1.4505747458315454e-05,0
entity_0414,entity_0418,1,tabicl,0.9962879419326782,1
entity_0304,entity_0885,0,tabicl,5.378805099098827e-07,0
entity_0394,entity_0485,0,tabicl,1.2347156825853745e-06,0
entity_0927,entity_0250,0,tabicl,9.73235387391469e-07,0
entity_0603,entity_0605,1,tabicl,0.9971978664398193,1
entity_0489,entity_0482,1,tabicl,0.9922927618026733,1
entity_0548,entity_0541,1,tabicl,0.9923506379127502,1
entity_0804,entity_0808,1,tabicl,0.9941003918647766,1
entity_0666,entity_0661,1,tabicl,0.9965510368347168,1
entity_0234,entity_0233,1,tabicl,0.9975284934043884,1
entity_0776,entity_0778,1,tabicl,0.9966211915016174,1
entity_0923,entity_0930,1,tabicl,0.9858489036560059,1
entity_0853,entity_0428,0,tabicl,8.398243380725035e-07,0
entity_0015,entity_0019,1,tabicl,0.9920483231544495,1
entity_0956,entity_0951,1,tabicl,0.9959875345230103,1
entity_0034,entity_0035,1,tabicl,0.9961197376251221,1
entity_0151,entity_0175,0,tabicl,1.9677543605212122e-05,0
entity_0229,entity_0170,0,tabicl,1.946222937476705e-06,0
entity_0242,entity_0250,1,tabicl,0.9846346974372864,1
entity_0449,entity_0447,1,tabicl,0.9992535710334778,1
entity_0604,entity_0187,0,tabicl,1.0597941582091153e-06,0
entity_0935,entity_0710,0,tabicl,9.875308251139359e-07,0
entity_0225,entity_0888,0,tabicl,5.747651812271215e-07,0
entity_0282,entity_0734,0,tabicl,5.34027719822916e-07,0
entity_0225,entity_0938,0,tabicl,6.903524649715109e-07,0
entity_0852,entity_0395,0,tabicl,7.88278612162685e-07,0
entity_0308,entity_0582,0,tabicl,5.320040941114712e-07,0
entity_0894,entity_0767,0,tabicl,1.2158120625826996e-06,0
entity_0300,entity_0292,1,tabicl,0.9953924417495728,1
entity_0122,entity_0121,1,tabicl,0.9982081651687622,1
entity_0738,entity_0409,0,tabicl,8.732800438338018e-07,0
entity_0103,entity_0503,0,tabicl,5.793438617729407e-07,0
entity_0558,entity_0834,0,tabicl,5.935409035373596e-07,0
entity_0832,entity_0347,0,tabicl,9.159840601569158e-07,0
entity_0599,entity_0596,1,tabicl,0.9981984496116638,1
entity_0101,entity_0802,0,tabicl,6.477177976194071e-07,0
entity_0061,entity_0504,0,tabicl,5.327981966729567e-07,0
entity_0359,entity_0358,1,tabicl,0.9985911846160889,1
entity_0201,entity_0206,1,tabicl,0.9956299662590027,1
entity_0097,entity_0092,1,tabicl,0.9963947534561157,1
entity_0520,entity_0826,0,tabicl,5.457436600408982e-07,0
entity_0908,entity_0904,1,tabicl,0.996291995048523,1
entity_0018,entity_0944,0,tabicl,1.2965883797733113e-06,0
entity_0132,entity_0139,1,tabicl,0.9884051084518433,1
entity_0390,entity_0381,1,tabicl,0.9663400053977966,1
entity_0188,entity_0145,0,tabicl,3.0295939268398797e-06,0
entity_0450,entity_0448,1,tabicl,0.9991644620895386,1
entity_0622,entity_0628,1,tabicl,0.9847654104232788,1
entity_0312,entity_0315,1,tabicl,0.9952303767204285,1
entity_0977,entity_0976,1,tabicl,0.9984602928161621,1
entity_0232,entity_0233,1,tabicl,0.9972039461135864,1
entity_0317,entity_0038,0,tabicl,8.970499720817315e-07,0
entity_0395,entity_0396,1,tabicl,0.9982560276985168,1
entity_0725,entity_0128,0,tabicl,1.0821363503055181e-06,0
entity_0541,entity_0720,0,tabicl,6.213003871380351e-07,0
entity_0418,entity_0891,0,tabicl,7.017758889560355e-07,0
entity_0480,entity_0473,1,tabicl,0.992234468460083,1
entity_0566,entity_0568,1,tabicl,0.9967361092567444,1
entity_0266,entity_0049,0,tabicl,9.152697657555109e-07,0
entity_0054,entity_0685,0,tabicl,6.713306106576056e-07,0
entity_0856,entity_0852,1,tabicl,0.9941825270652771,1
entity_0486,entity_0482,1,tabicl,0.9980289340019226,1
entity_0262,entity_0137,0,tabicl,9.872622968032374e-07,0
entity_0870,entity_0750,0,tabicl,1.093051992029359e-06,0
entity_0083,entity_0087,1,tabicl,0.9951682090759277,1
entity_0080,entity_0072,1,tabicl,0.9838953614234924,1
entity_0178,entity_0175,1,tabicl,0.9975682497024536,1
entity_0739,entity_0110,0,tabicl,9.303829529017094e-07,0
entity_0474,entity_0471,1,tabicl,0.9985650181770325,1
entity_0924,entity_0570,0,tabicl,7.193154374363075e-07,0
entity_0263,entity_0269,1,tabicl,0.9910010695457458,1
entity_0994,entity_0995,1,tabicl,0.9974934458732605,1
entity_0277,entity_0275,1,tabicl,0.9983425736427307,1
entity_0946,entity_0941,1,tabicl,0.9958418607711792,1
entity_0323,entity_0210,0,tabicl,1.0428522045913269e-06,0
entity_0856,entity_0264,0,tabicl,1.0716926226450596e-06,0
entity_0138,entity_0136,1,tabicl,0.9973938465118408,1
entity_0306,entity_0660,0,tabicl,5.257629140942299e-07,0
entity_0541,entity_0547,1,tabicl,0.9888563752174377,1
entity_0689,entity_0681,1,tabicl,0.993912935256958,1
entity_0266,entity_0383,0,tabicl,1.0567532626737375e-06,0
entity_0717,entity_0713,1,tabicl,0.9949874877929688,1
entity_0660,entity_0658,1,tabicl,0.9981669187545776,1
entity_0715,entity_0486,0,tabicl,1.155166842181643e-06,0
entity_0500,entity_0492,1,tabicl,0.9860442876815796,1
entity_0943,entity_0991,0,tabicl,1.0105559340445325e-05,0
entity_0581,entity_0589,1,tabicl,0.979182243347168,1
entity_0470,entity_0640,0,tabicl,6.526565243802906e-07,0
entity_0152,entity_0699,0,tabicl,5.399274982664792e-07,0
entity_0385,entity_0538,0,tabicl,6.245111876523879e-07,0
entity_0317,entity_0177,0,tabicl,1.0845323004105012e-06,0
entity_0719,entity_0695,0,tabicl,4.849318429478444e-06,0
entity_0533,entity_0535,1,tabicl,0.9984502196311951,1
entity_0496,entity_0498,1,tabicl,0.9985175728797913,1
entity_0118,entity_0672,0,tabicl,6.296992864918138e-07,0
entity_0199,entity_0943,0,tabicl,7.30721751551755e-07,0
entity_0024,entity_0541,0,tabicl,8.04263095233182e-07,0
entity_0415,entity_0229,0,tabicl,9.234685762748995e-07,0
entity_0531,entity_0540,1,tabicl,0.9009760022163391,1
entity_0868,entity_0865,1,tabicl,0.9971116781234741,1
entity_0196,entity_0117,0,tabicl,1.1078091119998135e-06,0
entity_0314,entity_0316,1,tabicl,0.9965097904205322,1
entity_0701,entity_0705,1,tabicl,0.9945999383926392,1
entity_0788,entity_0786,1,tabicl,0.9967219233512878,1
entity_0694,entity_0314,0,tabicl,1.0752603429864394e-06,0
entity_0902,entity_0901,1,tabicl,0.9983990788459778,1
entity_0499,entity_0146,0,tabicl,8.023287705327675e-07,0
entity_0270,entity_0263,1,tabicl,0.9950733780860901,1
entity_0595,entity_0600,1,tabicl,0.9954713582992554,1
entity_0979,entity_0972,1,tabicl,0.9893016219139099,1
entity_0927,entity_0925,1,tabicl,0.9981728792190552,1
entity_0040,entity_0209,0,tabicl,9.156112241726078e-07,0
entity_0383,entity_0729,0,tabicl,6.66883579469868e-07,0
entity_0351,entity_0542,0,tabicl,5.815086865368357e-07,0
entity_0097,entity_0096,1,tabicl,0.9985319375991821,1
entity_0830,entity_0702,0,tabicl,1.0474071814314811e-06,0
entity_0922,entity_0926,1,tabicl,0.9975337982177734,1
entity_0617,entity_0602,0,tabicl,0.0002337550831725821,0
entity_0005,entity_0537,0,tabicl,9.886690577332047e-07,0
entity_0602,entity_0605,1,tabicl,0.9966862797737122,1
entity_0063,entity_0061,1,tabicl,0.9966719746589661,1
entity_0652,entity_0651,1,tabicl,0.9983780980110168,1
entity_0558,entity_0526,0,tabicl,4.374642230686732e-06,0
entity_0799,entity_0795,1,tabicl,0.9958776235580444,1
entity_0706,entity_0705,1,tabicl,0.9972429871559143,1
entity_0042,entity_0311,0,tabicl,5.207239723858947e-07,0
entity_0753,entity_0760,1,tabicl,0.988663375377655,1
entity_0058,entity_0051,1,tabicl,0.9911545515060425,1
entity_0201,entity_0207,1,tabicl,0.9937869310379028,1
entity_0703,entity_0705,1,tabicl,0.9972637891769409,1
entity_0613,entity_0615,1,tabicl,0.9965659976005554,1
entity_0438,entity_0435,1,tabicl,0.9990647435188293,1
entity_0026,entity_0376,0,tabicl,5.870563200005563e-07,0
entity_0924,entity_0927,1,tabicl,0.997998833656311,1
entity_0972,entity_0975,1,tabicl,0.9979922771453857,1
entity_0323,entity_0653,0,tabicl,6.080452976675588e-07,0
entity_0054,entity_0055,1,tabicl,0.9973165392875671,1
entity_0827,entity_0823,1,tabicl,0.9960263967514038,1
entity_0558,entity_0698,0,tabicl,8.200138950087421e-07,0
entity_0233,entity_0482,0,tabicl,6.721505769746727e-07,0
entity_0966,entity_0927,0,tabicl,6.449743523262441e-06,0
entity_0191,entity_0231,0,tabicl,3.908408416464226e-06,0
entity_0050,entity_0871,0,tabicl,6.772755796191632e-07,0
entity_0294,entity_0955,0,tabicl,6.315812015600386e-07,0
entity_0970,entity_0460,0,tabicl,8.670245392750076e-07,0
entity_0770,entity_0768,1,tabicl,0.9961739182472229,1
entity_0362,entity_0367,1,tabicl,0.993678867816925,1
entity_0148,entity_0147,1,tabicl,0.9981807470321655,1
entity_0216,entity_0214,1,tabicl,0.9977530837059021,1
entity_0625,entity_0721,0,tabicl,1.3201000683693564e-06,0
entity_0374,entity_0371,1,tabicl,0.9983371496200562,1
entity_0782,entity_0784,1,tabicl,0.9969511032104492,1
entity_0765,entity_0803,0,tabicl,4.6957570702943485e-06,0
entity_0556,entity_0558,1,tabicl,0.9967572093009949,1
entity_0546,entity_0543,1,tabicl,0.998675525188446,1
entity_0272,entity_0578,0,tabicl,6.71421503284364e-07,0
entity_0455,entity_0388,0,tabicl,1.8382204416411696e-06,0
entity_0689,entity_0683,1,tabicl,0.9959657788276672,1
entity_0051,entity_0206,0,tabicl,8.330178502546914e-07,0
entity_0710,entity_0959,0,tabicl,6.006679313941277e-07,0
entity_0320,entity_0312,1,tabicl,0.9932564496994019,1
entity_0615,entity_0061,0,tabicl,1.0031222927864292e-06,0
entity_0150,entity_0457,0,tabicl,6.357927873068547e-07,0
entity_0477,entity_0356,0,tabicl,1.1422348507039715e-06,0
entity_0705,entity_0708,1,tabicl,0.9962556958198547,1
entity_0582,entity_0470,0,tabicl,1.4968137520554592e-06,0
entity_0539,entity_0691,0,tabicl,7.034912528069981e-07,0
entity_0856,entity_0633,0,tabicl,9.325940482085571e-07,0
entity_0932,entity_0935,1,tabicl,0.9979462027549744,1
entity_0217,entity_0575,0,tabicl,5.841962433805747e-07,0
entity_0704,entity_0841,0,tabicl,8.285105650429614e-07,0
entity_0284,entity_0255,0,tabicl,5.2043883442820515e-06,0
entity_0554,entity_0559,1,tabicl,0.9869683384895325,1
entity_0890,entity_0255,0,tabicl,9.324037364422111e-07,0
entity_0776,entity_0774,1,tabicl,0.996052086353302,1
entity_0139,entity_0140,1,tabicl,0.9982859492301941,1
entity_0080,entity_0079,1,tabicl,0.9984042048454285,1
entity_0738,entity_0740,1,tabicl,0.9973136782646179,1
entity_0544,entity_0547,1,tabicl,0.9969544410705566,1
entity_0455,entity_0456,1,tabicl,0.9990072846412659,1
entity_0454,entity_0599,0,tabicl,7.22443473932799e-07,0
entity_0413,entity_0544,0,tabicl,8.255946113422397e-07,0
entity_0708,entity_0439,0,tabicl,9.639088602853008e-07,0
entity_0086,entity_0082,1,tabicl,0.9973368048667908,1
entity_0861,entity_0870,1,tabicl,0.930289626121521,1
entity_0665,entity_0668,1,tabicl,0.9934357404708862,1
entity_0365,entity_0367,1,tabicl,0.9971887469291687,1
entity_0238,entity_0233,1,tabicl,0.9936378002166748,1
entity_0188,entity_0186,1,tabicl,0.9979922771453857,1
entity_0430,entity_0426,1,tabicl,0.998603343963623,1
entity_0777,entity_0022,0,tabicl,1.512066432951542e-06,0
entity_0186,entity_0775,0,tabicl,6.763571036572102e-07,0
entity_0538,entity_0531,1,tabicl,0.993726372718811,1
entity_0034,entity_0561,0,tabicl,6.968433581278077e-07,0
entity_0128,entity_0388,0,tabicl,5.474487920764659e-07,0
entity_0997,entity_0368,0,tabicl,1.4486270174529636e-06,0
entity_0195,entity_0192,1,tabicl,0.9979349374771118,1
entity_0630,entity_0624,1,tabicl,0.9950199127197266,1
entity_0553,entity_0357,0,tabicl,9.714558473206125e-07,0
entity_0387,entity_0383,1,tabicl,0.9978389143943787,1
entity_0194,entity_0191,1,tabicl,0.9977261424064636,1
entity_0583,entity_0836,0,tabicl,6.180230229801964e-07,0
entity_0396,entity_0392,1,tabicl,0.9978622198104858,1
entity_0797,entity_0737,0,tabicl,1.0206209708485403e-06,0
entity_0963,entity_0342,0,tabicl,8.69497114308615e-07,0
entity_0974,entity_0782,0,tabicl,1.5394324464068632e-06,0
entity_0685,entity_0684,1,tabicl,0.9978989362716675,1
entity_0550,entity_0439,0,tabicl,1.685511392679473e-06,0
entity_0386,entity_0576,0,tabicl,5.808779519611562e-07,0
entity_0066,entity_0141,0,tabicl,1.9057348481510417e-06,0
entity_0522,entity_0521,1,tabicl,0.9993495941162109,1
entity_0658,entity_0655,1,tabicl,0.9975735545158386,1
entity_0637,entity_0639,1,tabicl,0.9955393671989441,1
entity_0646,entity_0647,1,tabicl,0.9974579215049744,1
entity_0507,entity_0199,0,tabicl,1.0184944585489575e-06,0
entity_0933,entity_0932,1,tabicl,0.998441755771637,1
entity_0760,entity_0334,0,tabicl,1.0233236480416963e-06,0
entity_0263,entity_0908,0,tabicl,6.556729772455583e-07,0
entity_0765,entity_0039,0,tabicl,1.1939549722228548e-06,0
entity_0117,entity_0118,1,tabicl,0.9980053305625916,1
entity_0467,entity_0770,0,tabicl,6.368286449287552e-07,0
entity_0617,entity_0731,0,tabicl,1.0511777190913563e-06,0
entity_0144,entity_0145,1,tabicl,0.9985014200210571,1
entity_0857,entity_0203,0,tabicl,1.0836048431883682e-06,0
entity_0596,entity_0629,0,tabicl,6.221409421414137e-06,0
entity_0442,entity_0445,1,tabicl,0.9956815838813782,1
entity_0090,entity_0082,1,tabicl,0.9895737767219543,1
entity_0805,entity_0146,0,tabicl,9.886700809147442e-07,0
entity_0393,entity_0397,1,tabicl,0.993554949760437,1
entity_0933,entity_0864,0,tabicl,1.7590542711332091e-06,0
entity_0358,entity_0615,0,tabicl,5.433066121440788e-07,0
entity_0973,entity_0972,1,tabicl,0.9986063838005066,1
entity_0524,entity_0943,0,tabicl,6.793915758862568e-07,0
entity_0760,entity_0758,1,tabicl,0.9969609975814819,1
entity_0423,entity_0099,0,tabicl,7.588520247736597e-07,0
entity_0475,entity_0995,0,tabicl,1.069150698640442e-06,0
entity_0572,entity_0575,1,tabicl,0.9956063032150269,1
entity_0773,entity_0774,1,tabicl,0.99689120054245,1
entity_0045,entity_0042,1,tabicl,0.9965323805809021,1
entity_0466,entity_0076,0,tabicl,9.312359452451346e-07,0
entity_0685,entity_0683,1,tabicl,0.9976100325584412,1
entity_0843,entity_0905,0,tabicl,1.8147627542930422e-06,0
entity_0866,entity_0870,1,tabicl,0.9960349202156067,1
entity_0585,entity_0584,1,tabicl,0.9990667700767517,1
entity_0245,entity_0247,1,tabicl,0.9973825216293335,1
entity_0398,entity_0396,1,tabicl,0.9987947344779968,1
entity_0300,entity_0349,0,tabicl,2.829197455866961e-06,0
entity_0242,entity_0280,0,tabicl,4.299879037716892e-06,0
entity_0083,entity_0569,0,tabicl,6.83922053212882e-07,0
entity_0396,entity_0029,0,tabicl,9.441758379580278e-07,0
entity_0297,entity_0291,1,tabicl,0.9973626732826233,1
entity_0959,entity_0953,1,tabicl,0.994640588760376,1
entity_0010,entity_0002,1,tabicl,0.9753326773643494,1
entity_0037,entity_0033,1,tabicl,0.9951314926147461,1
entity_0377,entity_0666,0,tabicl,6.045091254236468e-07,0
entity_0965,entity_0795,0,tabicl,1.5984696801751852e-06,0
entity_0596,entity_0866,0,tabicl,6.611198841710575e-07,0
entity_0821,entity_0825,1,tabicl,0.9916985034942627,1
entity_0959,entity_0091,0,tabicl,1.5383889149234165e-06,0
entity_0041,entity_0048,1,tabicl,0.993428647518158,1
entity_0654,entity_0653,1,tabicl,0.9981669187545776,1
entity_0251,entity_0253,1,tabicl,0.9977748394012451,1
entity_0246,entity_0247,1,tabicl,0.9981206655502319,1
entity_0832,entity_0834,1,tabicl,0.996547281742096,1
entity_0218,entity_0211,1,tabicl,0.9938932657241821,1
entity_0877,entity_0425,0,tabicl,8.581321822020982e-07,0
entity_0584,entity_0371,0,tabicl,9.505044999968959e-07,0
entity_0822,entity_0557,0,tabicl,8.844245371619763e-07,0
entity_0805,entity_0808,1,tabicl,0.9949331283569336,1
entity_0897,entity_0516,0,tabicl,8.683188639224682e-07,0
entity_0329,entity_0325,1,tabicl,0.9970517158508301,1
entity_0592,entity_0596,1,tabicl,0.996901273727417,1
entity_0678,entity_0177,0,tabicl,1.043506813402928e-06,0
entity_0738,entity_0736,1,tabicl,0.9967361092567444,1
entity_0505,entity_0508,1,tabicl,0.9978713989257812,1
entity_0342,entity_0537,0,tabicl,5.699519647350826e-07,0
entity_0937,entity_0552,0,tabicl,7.916001436569786e-07,0
entity_0920,entity_0919,1,tabicl,0.9984602928161621,1
entity_0524,entity_0521,1,tabicl,0.9989114999771118,1
entity_0791,entity_0795,1,tabicl,0.9953323006629944,1
entity_0098,entity_0099,1,tabicl,0.9981429576873779,1
entity_0657,entity_0098,0,tabicl,9.748879392645904e-07,0
entity_0283,entity_0287,1,tabicl,0.9937331080436707,1
entity_0972,entity_0675,0,tabicl,1.2778203881680383e-06,0
entity_0711,entity_0202,0,tabicl,1.2709075463135378e-06,0
entity_0152,entity_0156,1,tabicl,0.9966321587562561,1
entity_0603,entity_0608,1,tabicl,0.9938403367996216,1
entity_0271,entity_0278,1,tabicl,0.9866004586219788,1
entity_0573,entity_0580,1,tabicl,0.9846674799919128,1
entity_0248,entity_0207,0,tabicl,2.5638848910602974e-06,0
entity_0950,entity_0311,0,tabicl,8.296349278680282e-07,0
entity_0785,entity_0790,1,tabicl,0.994634747505188,1
entity_0402,entity_0590,0,tabicl,6.732457222824451e-07,0
entity_0423,entity_0935,0,tabicl,6.515060704259668e-07,0
entity_0993,entity_0134,0,tabicl,2.0974580365873408e-06,0
entity_0036,entity_0032,1,tabicl,0.9943495392799377,1
entity_0962,entity_0443,0,tabicl,8.098454600258265e-07,0
entity_0848,entity_0842,1,tabicl,0.9901083707809448,1
entity_0160,entity_0151,1,tabicl,0.9803017973899841,1
entity_0150,entity_0523,0,tabicl,6.157638949844113e-07,0
entity_0111,entity_0656,0,tabicl,5.686397344106808e-07,0
entity_0909,entity_0907,1,tabicl,0.9976938962936401,1
entity_0154,entity_0152,1,tabicl,0.998344361782074,1
entity_0420,entity_0221,0,tabicl,8.95499567832303e-07,0
entity_0177,entity_0427,0,tabicl,4.832264721699175e-07,0
entity_0577,entity_0580,1,tabicl,0.996394693851471,1
entity_0526,entity_0570,0,tabicl,3.257537628087448e-06,0
entity_0309,entity_0304,1,tabicl,0.9980732798576355,1
entity_0618,entity_0785,0,tabicl,7.874243692640448e-07,0
entity_0173,entity_0069,0,tabicl,1.0657669236024958e-06,0
entity_0679,entity_0072,0,tabicl,1.101833845496003e-06,0
entity_0067,entity_0071,0,tabicl,0.9958148002624512,1
entity_0875,entity_0766,0,tabicl,1.136980017690803e-06,0
entity_0231,entity_0783,0,tabicl,5.742199959968275e-07,0
entity_0444,entity_0443,1,tabicl,0.999062716960907,1
entity_0033,entity_0039,1,tabicl,0.9936103224754333,1
entity_0550,entity_0547,1,tabicl,0.9986199140548706,1
entity_0561,entity_0200,0,tabicl,8.361306527149281e-07,0
entity_0702,entity_0387,0,tabicl,9.919604053720832e-07,0
entity_0043,entity_0049,1,tabicl,0.9940813183784485,1
entity_0511,entity_0517,1,tabicl,0.9933788776397705,1
entity_0399,entity_0392,1,tabicl,0.9952097535133362,1
entity_0528,entity_0830,0,tabicl,5.370060875975469e-07,0
entity_0513,entity_0517,1,tabicl,0.9971179366111755,1
entity_0637,entity_0339,0,tabicl,9.846221473708283e-07,0
entity_0137,entity_0675,0,tabicl,6.921343356225407e-07,0
entity_0886,entity_0887,1,tabicl,0.9981368780136108,1
entity_0166,entity_0164,1,tabicl,0.9980670213699341,1
entity_0865,entity_0864,1,tabicl,0.9982522130012512,1
entity_0551,entity_0652,0,tabicl,9.653484767113696e-07,0
entity_0863,entity_0861,1,tabicl,0.997688889503479,1
entity_0881,entity_0265,0,tabicl,8.888137585927325e-07,0
entity_0858,entity_0573,0,tabicl,8.053537499108643e-07,0
entity_0484,entity_0536,0,tabicl,1.8631162674864754e-06,0
entity_0053,entity_0052,1,tabicl,0.996494710445404,1
entity_0108,entity_0900,0,tabicl,6.586139988939976e-07,0
entity_0984,entity_0654,0,tabicl,1.4024207075635786e-06,0
entity_0107,entity_0108,1,tabicl,0.9981589913368225,1
entity_0131,entity_0133,1,tabicl,0.9978943467140198,1
entity_0908,entity_0901,1,tabicl,0.9922428131103516,1
entity_0405,entity_0732,0,tabicl,5.996097343086149e-07,0
entity_0569,entity_0731,0,tabicl,6.54873076655349e-07,0
entity_0844,entity_0113,0,tabicl,1.045206886374217e-06,0
entity_0611,entity_0771,0,tabicl,8.011054433154641e-07,0
entity_0140,entity_0132,1,tabicl,0.9786220192909241,1
entity_0202,entity_0205,1,tabicl,0.9971765279769897,1
entity_0074,entity_0073,1,tabicl,0.9983335137367249,1
entity_0381,entity_0382,1,tabicl,0.9978760480880737,1
entity_0039,entity_0034,1,tabicl,0.993678867816925,1
entity_0464,entity_0465,1,tabicl,0.9990254044532776,1
entity_0982,entity_0968,0,tabicl,0.009323973208665848,0
entity_0580,entity_0574,1,tabicl,0.9961739182472229,1
entity_0812,entity_0762,0,tabicl,1.1578338217077544e-06,0
entity_0844,entity_0636,0,tabicl,9.275480010728643e-07,0
entity_0971,entity_0086,0,tabicl,2.174643213948002e-06,0
entity_0186,entity_0110,0,tabicl,1.1563815860426985e-06,0
entity_0147,entity_0803,0,tabicl,6.827171432632895e-07,0
entity_0032,entity_0035,1,tabicl,0.9944041967391968,1
entity_0559,entity_0976,0,tabicl,9.81321363724419e-07,0
entity_0201,entity_0210,1,tabicl,0.9782788753509521,1
entity_0654,entity_0181,0,tabicl,1.0510353831705288e-06,0
entity_0352,entity_0360,1,tabicl,0.9886511564254761,1
entity_0721,entity_0030,0,tabicl,1.2371460798021872e-06,0
entity_0596,entity_0469,0,tabicl,1.2389087942210608e-06,0
entity_0150,entity_0145,1,tabicl,0.9965547323226929,1
entity_0716,entity_0719,1,tabicl,0.9968979358673096,1
entity_0306,entity_0177,0,tabicl,1.0888340966630494e-06,0
entity_0647,entity_0649,1,tabicl,0.9960860013961792,1
entity_0831,entity_0839,1,tabicl,0.9563090205192566,1
entity_0910,entity_0901,1,tabicl,0.9711899161338806,1
entity_0723,entity_0816,0,tabicl,1.5372420421044808e-06,0
entity_0894,entity_0167,0,tabicl,1.0400096925877733e-06,0
entity_0668,entity_0670,1,tabicl,0.9956628680229187,1
entity_0235,entity_0234,1,tabicl,0.9977261424064636,1
entity_0172,entity_0125,0,tabicl,2.4597552510385867e-06,0
entity_0767,entity_0837,0,tabicl,1.4173357385516283e-06,0
entity_0645,entity_0644,1,tabicl,0.9985445737838745,1
entity_0268,entity_0270,1,tabicl,0.9967921376228333,1
entity_0037,entity_0548,0,tabicl,6.838293984401389e-07,0
entity_0785,entity_0784,1,tabicl,0.9969445466995239,1
entity_0295,entity_0300,1,tabicl,0.9920653700828552,1
entity_0137,entity_0082,0,tabicl,2.2212402654986363e-06,0
entity_0652,entity_0654,1,tabicl,0.995978832244873,1
entity_0944,entity_0437,0,tabicl,7.558221568615409e-07,0
entity_0277,entity_0278,1,tabicl,0.9974988698959351,1
entity_0839,entity_0834,1,tabicl,0.993880033493042,1
entity_0085,entity_0089,1,tabicl,0.9942449927330017,1
entity_0654,entity_0481,0,tabicl,1.1877770020873868e-06,0
entity_0567,entity_0758,0,tabicl,5.920134071857319e-07,0
entity_0676,entity_0680,1,tabicl,0.9884547591209412,1
entity_0482,entity_0463,0,tabicl,4.7129447921179235e-05,0
entity_0852,entity_0853,1,tabicl,0.9976813793182373,1
entity_0680,entity_0519,0,tabicl,1.1016846883649123e-06,0
entity_0492,entity_0800,0,tabicl,5.20371031598188e-07,0
entity_0260,entity_0617,0,tabicl,6.31153056929179e-07,0
entity_0443,entity_0236,0,tabicl,8.599386092100758e-07,0
entity_0033,entity_0035,1,tabicl,0.9952201247215271,1
entity_0455,entity_0125,0,tabicl,7.076544079609448e-07,0
entity_0907,entity_0433,0,tabicl,8.895378869056003e-07,0
entity_0371,entity_0173,0,tabicl,9.043797604135762e-07,0
entity_0315,entity_0311,1,tabicl,0.9982446432113647,1
entity_0623,entity_0622,1,tabicl,0.9986228942871094,1
entity_0496,entity_0983,0,tabicl,6.75715625675366e-07,0
entity_0614,entity_0486,0,tabicl,1.3629010027216282e-06,0
entity_0403,entity_0405,1,tabicl,0.997234046459198,1
entity_0553,entity_0554,1,tabicl,0.9983190298080444,1
entity_0275,entity_0961,0,tabicl,8.373220339308318e-07,0
entity_0323,entity_0327,1,tabicl,0.9941950440406799,1
entity_0858,entity_0859,1,tabicl,0.9981022477149963,1
entity_0082,entity_0085,1,tabicl,0.9958373308181763,1
entity_0006,entity_0010,1,tabicl,0.9917519688606262,1
entity_0940,entity_0811,0,tabicl,1.1190027180418838e-06,0
entity_0856,entity_0855,1,tabicl,0.9975630044937134,1
entity_0816,entity_0503,0,tabicl,7.875842698013003e-07,0
entity_0925,entity_0926,1,tabicl,0.9987081289291382,1
entity_0808,entity_0456,0,tabicl,8.445075536656077e-07,0
entity_0286,entity_0288,1,tabicl,0.9959527254104614,1
entity_0674,entity_0735,0,tabicl,2.5176302642648807e-06,0
entity_0253,entity_0878,0,tabicl,5.29915325842012e-07,0
entity_0792,entity_0793,1,tabicl,0.9976586699485779,1
entity_0169,entity_0919,0,tabicl,7.091434213180037e-07,0
entity_0352,entity_0357,1,tabicl,0.9943312406539917,1
entity_0774,entity_0780,1,tabicl,0.9928138852119446,1
entity_0566,entity_0564,1,tabicl,0.9990400671958923,1
entity_0892,entity_0674,0,tabicl,1.1829928325823857e-06,0
entity_0585,entity_0587,1,tabicl,0.9978082776069641,1
entity_0544,entity_0736,0,tabicl,5.907303943786246e-07,0
entity_0679,entity_0918,0,tabicl,5.796975415250927e-07,0
entity_0795,entity_0798,1,tabicl,0.9964756369590759,1
entity_0721,entity_0015,0,tabicl,1.2792079360224307e-06,0
entity_0351,entity_0681,0,tabicl,5.186093403608538e-07,0
entity_0825,entity_0769,0,tabicl,1.093571086130396e-06,0
entity_0565,entity_0564,1,tabicl,0.9989942908287048,1
entity_0539,entity_0540,1,tabicl,0.9988269209861755,1
entity_0668,entity_0221,0,tabicl,1.0323858532501617e-06,0
entity_0408,entity_0871,0,tabicl,5.359869987842103e-07,0
entity_0374,entity_0377,1,tabicl,0.99664306640625,1
entity_0695,entity_0320,0,tabicl,1.0032590580522083e-06,0
entity_0529,entity_0950,0,tabicl,7.276562996594294e-07,0
entity_0568,entity_0287,0,tabicl,1.03238494375546e-06,0
entity_0137,entity_0780,0,tabicl,6.314101597126864e-07,0
entity_0126,entity_0127,1,tabicl,0.998284101486206,1
entity_0597,entity_0592,1,tabicl,0.9973597526550293,1
entity_0078,entity_0079,1,tabicl,0.9972190260887146,1
entity_0682,entity_0687,1,tabicl,0.9868984222412109,1
entity_0585,entity_0917,0,tabicl,5.370787903302698e-07,0
entity_0972,entity_0971,1,tabicl,0.9984042048454285,1
entity_0687,entity_0037,0,tabicl,1.0996693617926212e-06,0
entity_0461,entity_0466,1,tabicl,0.9964411854743958,1
entity_0930,entity_0925,1,tabicl,0.9960648417472839,1
entity_0411,entity_0415,1,tabicl,0.995886504650116,1
entity_0166,entity_0579,0,tabicl,7.117458267202892e-07,0
entity_0781,entity_0012,0,tabicl,1.477901719226793e-06,0
entity_0061,entity_0068,1,tabicl,0.991617739200592,1
entity_0555,entity_0853,0,tabicl,7.036824740680458e-07,0
entity_0984,entity_0986,1,tabicl,0.9978436231613159,1
entity_0120,entity_0117,1,tabicl,0.9973825216293335,1
entity_0839,entity_0177,0,tabicl,1.1188511734872009e-06,0
entity_0039,entity_0040,1,tabicl,0.9966683983802795,1
entity_0027,entity_0681,0,tabicl,9.03643524452491e-07,0
entity_0030,entity_0847,0,tabicl,6.834584951320721e-07,0
entity_0552,entity_0560,1,tabicl,0.9574726223945618,1
entity_0730,entity_0727,1,tabicl,0.994640588760376,1
entity_0811,entity_0819,1,tabicl,0.9587785005569458,1
entity_0813,entity_0812,1,tabicl,0.9970421195030212,1
entity_0171,entity_0172,1,tabicl,0.9985896348953247,1
entity_0367,entity_0697,0,tabicl,5.829301130688691e-07,0
entity_0340,entity_0336,1,tabicl,0.9971334934234619,1
entity_0016,entity_0351,0,tabicl,6.140122650322155e-07,0
entity_0536,entity_0540,1,tabicl,0.9960220456123352,1
entity_0852,entity_0141,0,tabicl,9.610366760171019e-07,0
entity_0057,entity_0196,0,tabicl,9.0493193738439e-07,0
entity_0214,entity_0942,0,tabicl,6.811451953581127e-07,0
entity_0897,entity_0892,1,tabicl,0.9962879419326782,1
entity_0288,entity_0287,1,tabicl,0.9982503056526184,1
entity_0220,entity_0630,0,tabicl,5.866577907909232e-07,0
entity_0819,entity_0275,0,tabicl,8.905038839657209e-07,0
entity_0252,entity_0532,0,tabicl,5.32943033704214e-07,0
entity_0261,entity_0270,1,tabicl,0.9441539645195007,1
entity_0447,entity_0442,1,tabicl,0.9981268048286438,1
entity_0294,entity_0293,1,tabicl,0.9982351064682007,1
entity_0943,entity_0768,0,tabicl,1.2440864338714164e-06,0
entity_0854,entity_0896,0,tabicl,4.748110313812504e-06,0
entity_0628,entity_0538,0,tabicl,1.2846849131165072e-06,0
entity_0772,entity_0762,0,tabicl,0.5796118974685669,1
entity_0784,entity_0357,0,tabicl,8.726871669750835e-07,0
entity_0941,entity_0949,1,tabicl,0.9849274158477783,1
entity_0288,entity_0922,0,tabicl,6.337266995615209e-07,0
entity_0228,entity_0532,0,tabicl,6.716046527799335e-07,0
entity_0466,entity_0465,1,tabicl,0.9992616176605225,1
entity_0447,entity_0450,1,tabicl,0.9970580339431763,1
entity_0593,entity_0599,1,tabicl,0.9946463704109192,1
entity_0095,entity_0308,0,tabicl,5.625790322483226e-07,0
entity_0501,entity_0509,1,tabicl,0.9783249497413635,1
entity_0955,entity_0132,0,tabicl,1.5017310488474322e-06,0
entity_0146,entity_0732,0,tabicl,5.636482569570944e-07,0
entity_0087,entity_0381,0,tabicl,6.162655949992768e-07,0
entity_0159,entity_0160,1,tabicl,0.9985175728797913,1
entity_0823,entity_0948,0,tabicl,1.062645992533362e-06,0
entity_0670,entity_0792,0,tabicl,1.102357373383711e-06,0
entity_0091,entity_0148,0,tabicl,2.001450411626138e-06,0
entity_0661,entity_0662,1,tabicl,0.9971887469291687,1
entity_0195,entity_0199,1,tabicl,0.9965323805809021,1
entity_0758,entity_0285,0,tabicl,1.0493257605048711e-06,0
entity_0836,entity_0458,0,tabicl,7.933202823551255e-07,0
entity_0755,entity_0241,0,tabicl,1.3097458122501848e-06,0
entity_0837,entity_0234,0,tabicl,1.1585395895963302e-06,0
entity_0521,entity_0495,0,tabicl,7.4553377089614514e-06,0
entity_0410,entity_0878,0,tabicl,6.478932164100115e-07,0
entity_0104,entity_0107,1,tabicl,0.9965173006057739,1
entity_0410,entity_0522,0,tabicl,9.914894008034025e-07,0
entity_0241,entity_0745,0,tabicl,5.665605158355902e-07,0
entity_0588,entity_0124,0,tabicl,2.089083636747091e-06,0
entity_0834,entity_0838,1,tabicl,0.9938403367996216,1
entity_0230,entity_0222,1,tabicl,0.9887964129447937,1
entity_0102,entity_0109,1,tabicl,0.9810421466827393,1
entity_0502,entity_0349,0,tabicl,9.714892712509027e-07,0
entity_0522,entity_0833,0,tabicl,5.451517495203007e-07,0
entity_0984,entity_0985,1,tabicl,0.9982484579086304,1
entity_0991,entity_0154,0,tabicl,1.806963950912177e-06,0
entity_0365,entity_0368,1,tabicl,0.9957921504974365,1
entity_0823,entity_0826,1,tabicl,0.9947888851165771,1
entity_0939,entity_0936,1,tabicl,0.9974385499954224,1
entity_0279,entity_0274,1,tabicl,0.9966028928756714,1
entity_0147,entity_0855,0,tabicl,5.846722501701151e-07,0
entity_0804,entity_0807,1,tabicl,0.994640588760376,1
entity_0025,entity_0021,1,tabicl,0.9958953857421875,1
entity_0544,entity_0154,0,tabicl,1.1287206689303275e-06,0
entity_0436,entity_0440,1,tabicl,0.9937601089477539,1
entity_0700,entity_0045,0,tabicl,1.1104609711765079e-06,0
entity_0256,entity_0094,0,tabicl,8.126236821226485e-07,0
entity_0461,entity_0465,1,tabicl,0.9973195195198059,1
entity_0759,entity_0597,0,tabicl,1.0855909522433649e-06,0
entity_0853,entity_0856,1,tabicl,0.9959395527839661,1
entity_0329,entity_0323,1,tabicl,0.9961944818496704,1
entity_0052,entity_0979,0,tabicl,1.1186239134985954e-06,0
entity_0889,entity_0885,1,tabicl,0.9961821436882019,1
entity_0708,entity_0995,0,tabicl,1.3148294328857446e-06,0
entity_0851,entity_0698,0,tabicl,1.0711837603594176e-06,0
entity_0294,entity_0560,0,tabicl,5.485634915203264e-07,0
entity_0365,entity_0509,0,tabicl,5.719650175706192e-07,0
entity_0768,entity_0024,0,tabicl,1.5400080428662477e-06,0
entity_0392,entity_0162,0,tabicl,8.447797767985321e-07,0
entity_0782,entity_0785,1,tabicl,0.9964258074760437,1
entity_0484,entity_0490,1,tabicl,0.9957002401351929,1
entity_0513,entity_0557,0,tabicl,3.3709029594319873e-06,0
entity_0490,entity_0487,1,tabicl,0.9985430240631104,1
entity_0158,entity_0592,0,tabicl,7.457908282049175e-07,0
entity_0025,entity_0027,1,tabicl,0.9926652312278748,1
entity_0794,entity_0798,1,tabicl,0.995653510093689,1
entity_0125,entity_0389,0,tabicl,4.984711381439411e-07,0
entity_0257,entity_0258,1,tabicl,0.9979327917098999,1
entity_0560,entity_0518,0,tabicl,1.9904218788724393e-06,0
entity_0809,entity_0805,1,tabicl,0.9940556883811951,1
entity_0734,entity_0074,0,tabicl,1.001762825580954e-06,0
entity_0051,entity_0194,0,tabicl,9.463555556976644e-07,0
entity_0790,entity_0781,1,tabicl,0.8734068870544434,1
entity_0003,entity_0051,0,tabicl,2.117785879818257e-05,0
entity_0704,entity_0705,1,tabicl,0.9978342652320862,1
entity_0941,entity_0948,1,tabicl,0.9903393983840942,1
entity_0369,entity_0362,1,tabicl,0.9944940209388733,1
entity_0821,entity_0769,0,tabicl,1.099297037399083e-06,0
entity_0911,entity_0477,0,tabicl,1.1233373697905336e-06,0
entity_0087,entity_0090,1,tabicl,0.9957464337348938,1
entity_0167,entity_0190,0,tabicl,3.0444427466136403e-05,0
entity_0858,entity_0714,0,tabicl,1.1778706721088383e-06,0
entity_0460,entity_0917,0,tabicl,6.652574597865168e-07,0
entity_0384,entity_0042,0,tabicl,8.854449333739467e-07,0
entity_0679,entity_0390,0,tabicl,9.692839739727788e-07,0
entity_0107,entity_0905,0,tabicl,5.834835405948979e-07,0
entity_0902,entity_0734,0,tabicl,1.4506425713989302e-06,0
entity_0406,entity_0307,0,tabicl,1.147650550592516e-06,0
entity_0684,entity_0687,1,tabicl,0.993146538734436,1
entity_0494,entity_0493,1,tabicl,0.9992727637290955,1
entity_0992,entity_0651,0,tabicl,1.8983811287398566e-06,0
entity_0933,entity_0298,0,tabicl,1.2399170827848138e-06,0
entity_0169,entity_0694,0,tabicl,5.015233455196721e-07,0
entity_0168,entity_0165,1,tabicl,0.9979079961776733,1
entity_0318,entity_0062,0,tabicl,8.167398277691973e-07,0
entity_0739,entity_0742,0,tabicl,0.9970802664756775,1
entity_0269,entity_0268,1,tabicl,0.9982446432113647,1
entity_0588,entity_0323,0,tabicl,1.0344881502533099e-06,0
entity_0503,entity_0124,0,tabicl,7.709646183684526e-07,0
entity_0802,entity_0809,1,tabicl,0.9848789572715759,1
entity_0040,entity_0031,1,tabicl,0.8942981362342834,1
entity_0332,entity_0339,1,tabicl,0.9855273962020874,1
entity_0464,entity_0332,0,tabicl,1.1195342040082323e-06,0
entity_0168,entity_0986,0,tabicl,9.75218085841334e-07,0
entity_0841,entity_0926,0,tabicl,1.376836280542193e-06,0
entity_0985,entity_0925,0,tabicl,3.359349875609041e-06,0
entity_0532,entity_0391,0,tabicl,1.1056886251026299e-06,0
entity_0396,entity_0858,0,tabicl,5.972560757072642e-07,0
entity_0344,entity_0346,1,tabicl,0.9967148303985596,1
entity_0189,entity_0682,0,tabicl,5.987971007925807e-07,0
entity_0132,entity_0008,0,tabicl,2.8310923880781047e-06,0
entity_0911,entity_0914,1,tabicl,0.9974798560142517,1
entity_0947,entity_0915,0,tabicl,7.110896603990113e-06,0
entity_0215,entity_0983,0,tabicl,9.770715223567095e-07,0
entity_0798,entity_0977,0,tabicl,9.927014161803527e-07,0
entity_0846,entity_0842,1,tabicl,0.9943495392799377,1
entity_0518,entity_0513,1,tabicl,0.9974496364593506,1
entity_0395,entity_0394,1,tabicl,0.998931348323822,1
entity_0515,entity_0517,1,tabicl,0.9987629652023315,1
entity_0285,entity_0290,1,tabicl,0.9916267395019531,1
entity_0659,entity_0466,0,tabicl,9.441118891118094e-07,0
entity_0623,entity_0629,1,tabicl,0.9846838116645813,1
entity_0531,entity_0374,0,tabicl,9.367772122459428e-07,0
entity_0849,entity_0843,1,tabicl,0.9905752539634705,1
entity_0717,entity_0223,0,tabicl,1.1283763114988687e-06,0
entity_0553,entity_0560,1,tabicl,0.9734378457069397,1
entity_0121,entity_0798,0,tabicl,5.231311206443934e-07,0
entity_0447,entity_0206,0,tabicl,7.735046665402479e-07,0
entity_0517,entity_0512,1,tabicl,0.99733966588974,1
entity_0153,entity_0159,1,tabicl,0.9933717846870422,1
entity_0276,entity_0196,0,tabicl,1.1496179013192886e-06,0
entity_0177,entity_0396,0,tabicl,4.7413769266313466e-07,0
entity_0721,entity_0645,0,tabicl,1.3178648714529118e-06,0
entity_0458,entity_0455,1,tabicl,0.9987303614616394,1
entity_0294,entity_0297,1,tabicl,0.9946057796478271,1
entity_0434,entity_0105,0,tabicl,6.708301043545362e-07,0
entity_0947,entity_0942,1,tabicl,0.9961903691291809,1
entity_0537,entity_0540,1,tabicl,0.997688889503479,1
entity_0976,entity_0979,1,tabicl,0.9976152181625366,1
entity_0047,entity_0518,0,tabicl,6.789311441934842e-07,0
entity_0592,entity_0256,0,tabicl,9.795261348699569e-07,0
entity_0595,entity_0596,1,tabicl,0.9981206655502319,1
entity_0506,entity_0502,1,tabicl,0.9980204105377197,1
entity_0638,entity_0632,1,tabicl,0.9943251013755798,1
entity_0094,entity_0091,1,tabicl,0.9977063536643982,1
entity_0781,entity_0647,0,tabicl,9.894075674310443e-07,0
entity_0175,entity_0174,1,tabicl,0.9985383152961731,1
entity_0959,entity_0954,1,tabicl,0.9961155652999878,1
entity_0615,entity_0747,0,tabicl,8.48181628043676e-07,0
entity_0099,entity_0045,0,tabicl,4.236831046000589e-06,0
entity_0573,entity_0572,1,tabicl,0.9989417195320129,1
entity_0228,entity_0102,0,tabicl,8.833152378429077e-07,0
entity_0080,entity_0420,0,tabicl,5.796184723294573e-07,0
entity_0070,entity_0343,0,tabicl,4.861190632254875e-07,0
entity_0985,entity_0983,1,tabicl,0.9981905817985535,1
entity_0698,entity_0987,0,tabicl,9.33796343360882e-07,0
entity_0197,entity_0191,1,tabicl,0.9959657788276672,1
entity_0460,entity_0910,0,tabicl,6.409883894775703e-07,0
entity_0102,entity_0762,0,tabicl,5.923347430325521e-07,0
entity_0193,entity_0762,0,tabicl,5.528216888706083e-07,0
entity_0007,entity_0455,0,tabicl,9.88065721685416e-07,0
entity_0147,entity_0611,0,tabicl,7.614813739564852e-07,0
entity_0759,entity_0752,1,tabicl,0.9917430877685547,1
entity_0439,entity_0298,0,tabicl,1.0098124221258331e-06,0
entity_0293,entity_0298,1,tabicl,0.9922927618026733,1
entity_0354,entity_0360,1,tabicl,0.9922595024108887,1
entity_0250,entity_0222,0,tabicl,5.484145731315948e-06,0
entity_0744,entity_0747,1,tabicl,0.9969146251678467,1
entity_0386,entity_0053,0,tabicl,8.978408914117608e-07,0
entity_0494,entity_0491,1,tabicl,0.9986770153045654,1
entity_0618,entity_0619,1,tabicl,0.9977748394012451,1
entity_0118,entity_0204,0,tabicl,9.966132665795158e-07,0
entity_0170,entity_0161,1,tabicl,0.9790045619010925,1
entity_0602,entity_0606,1,tabicl,0.9959527254104614,1
entity_0668,entity_0256,0,tabicl,1.0112512427440379e-06,0
entity_0441,entity_0788,0,tabicl,5.195246330913506e-07,0
entity_0013,entity_0756,0,tabicl,6.953331421755138e-07,0
entity_0473,entity_0118,0,tabicl,8.518131835444365e-07,0
entity_0792,entity_0795,1,tabicl,0.9967851638793945,1
entity_0289,entity_0498,0,tabicl,5.963653393337154e-07,0
entity_0557,entity_0357,0,tabicl,1.2276180996195762e-06,0
entity_0858,entity_0883,0,tabicl,1.556972711114213e-05,0
entity_0348,entity_0344,1,tabicl,0.998223602771759,1
entity_0068,entity_0066,1,tabicl,0.9975576996803284,1
entity_0426,entity_0427,1,tabicl,0.9982710480690002,1
entity_0514,entity_0520,1,tabicl,0.993428647518158,1
entity_0758,entity_0759,1,tabicl,0.9976586699485779,1
entity_0955,entity_0068,0,tabicl,1.9666551906993845e-06,0
entity_0441,entity_0450,1,tabicl,0.8482473492622375,1
entity_0277,entity_0279,1,tabicl,0.9960477948188782,1
entity_0735,entity_0708,0,tabicl,3.52804613612534e-06,0
entity_0659,entity_0746,0,tabicl,1.2979963912584935e-06,0
entity_0427,entity_0817,0,tabicl,5.57036344162043e-07,0
entity_0639,entity_0277,0,tabicl,1.040891902448493e-06,0
entity_0735,entity_0312,0,tabicl,1.2097259514121106e-06,0
entity_0620,entity_0614,1,tabicl,0.99543696641922,1
entity_0136,entity_0135,1,tabicl,0.9983371496200562,1
entity_0235,entity_0388,0,tabicl,7.353951900768152e-07,0
entity_0549,entity_0546,1,tabicl,0.9984752535820007,1
entity_0347,entity_0344,1,tabicl,0.9986138939857483,1
entity_0499,entity_0492,1,tabicl,0.9919708967208862,1
entity_0150,entity_0144,1,tabicl,0.9955729246139526,1
entity_0745,entity_0452,0,tabicl,8.676706784171984e-07,0
entity_0757,entity_0920,0,tabicl,7.401987431876478e-07,0
entity_0205,entity_0857,0,tabicl,6.975055839575361e-07,0
entity_0807,entity_0235,0,tabicl,1.1046769259337452e-06,0
entity_0668,entity_0662,1,tabicl,0.9962313771247864,1
entity_0602,entity_0608,1,tabicl,0.9923093318939209,1
entity_0614,entity_0616,1,tabicl,0.9968979358673096,1
entity_0902,entity_0908,1,tabicl,0.9905752539634705,1
entity_0679,entity_0208,0,tabicl,1.1697503623508965e-06,0
entity_0994,entity_0993,1,tabicl,0.9978760480880737,1
entity_0343,entity_0347,1,tabicl,0.9949221014976501,1
entity_0199,entity_0196,1,tabicl,0.9975042939186096,1
entity_0322,entity_0237,0,tabicl,1.2578092309922795e-06,0
entity_0967,entity_0964,1,tabicl,0.9979879856109619,1
entity_0977,entity_0069,0,tabicl,2.466144223944866e-06,0
entity_0387,entity_0505,0,tabicl,8.096253054645786e-07,0
entity_0815,entity_0814,1,tabicl,0.9971427321434021,1
entity_0308,entity_0306,1,tabicl,0.9981186389923096,1
entity_0423,entity_0880,0,tabicl,6.422060323529877e-07,0
entity_0860,entity_0855,1,tabicl,0.9926731586456299,1
entity_0744,entity_0745,1,tabicl,0.9977796673774719,1
entity_0982,entity_0684,0,tabicl,1.2780800489053945e-06,0
entity_0171,entity_0177,1,tabicl,0.9935410618782043,1
entity_0546,entity_0541,1,tabicl,0.997108519077301,1
entity_0847,entity_0843,1,tabicl,0.994428277015686,1
entity_0599,entity_0319,0,tabicl,1.2969667295692489e-06,0
entity_0360,entity_0355,1,tabicl,0.997515082359314,1
entity_0094,entity_0875,0,tabicl,5.734412411584344e-07,0
entity_0634,entity_0837,0,tabicl,5.151047162144096e-07,0
entity_0319,entity_0312,1,tabicl,0.9959087371826172,1
entity_0222,entity_0659,0,tabicl,6.087055339776271e-07,0
entity_0733,entity_0373,0,tabicl,8.055733928813424e-07,0
entity_0870,entity_0393,0,tabicl,7.865169777687697e-07,0
entity_0898,entity_0900,1,tabicl,0.9979836344718933,1
entity_0001,entity_0004,1,tabicl,0.9882423281669617,1
entity_0315,entity_0168,0,tabicl,1.0670513574950746e-06,0
entity_0594,entity_0802,0,tabicl,5.742199959968275e-07,0
entity_0557,entity_0556,1,tabicl,0.9989301562309265,1
entity_0003,entity_0008,1,tabicl,0.9864852428436279,1
entity_0924,entity_0926,1,tabicl,0.9984042048454285,1
entity_0820,entity_0584,0,tabicl,7.560268500128586e-07,0
entity_0173,entity_0180,1,tabicl,0.9904221296310425,1
entity_0568,entity_0561,1,tabicl,0.9940171241760254,1
entity_0786,entity_0781,1,tabicl,0.994428277015686,1
entity_0203,entity_0206,1,tabicl,0.99720698595047,1
entity_0095,entity_0185,0,tabicl,9.2371953996917e-07,0
entity_0988,entity_0867,0,tabicl,2.4796856905595632e-06,0
entity_0228,entity_0479,0,tabicl,6.756241077710001e-07,0
entity_0277,entity_0273,1,tabicl,0.9972814917564392,1
entity_0105,entity_0104,1,tabicl,0.9987372756004333,1
entity_0961,entity_0967,1,tabicl,0.9957233667373657,1
entity_0275,entity_0910,0,tabicl,6.395119385160797e-07,0
entity_0395,entity_0631,0,tabicl,5.326533596416994e-07,0
entity_0826,entity_0825,1,tabicl,0.9978852272033691,1
entity_0828,entity_0430,0,tabicl,7.228362619571271e-07,0
entity_0051,entity_0019,0,tabicl,2.1281535737216473e-05,0
entity_0273,entity_0748,0,tabicl,5.556022983910225e-07,0
entity_0409,entity_0432,0,tabicl,1.2274178516236134e-05,0
entity_0494,entity_0403,0,tabicl,1.7460697563365102e-06,0
entity_0046,entity_0041,1,tabicl,0.99625164270401,1
entity_0767,entity_0496,0,tabicl,9.363967592435074e-07,0
entity_0721,entity_0726,1,tabicl,0.9911260008811951,1
entity_0525,entity_0529,1,tabicl,0.9975417852401733,1
entity_0985,entity_0981,1,tabicl,0.9972429871559143,1
entity_0246,entity_0249,1,tabicl,0.9970325231552124,1
entity_0368,entity_0367,1,tabicl,0.9987123608589172,1
entity_0604,entity_0605,1,tabicl,0.9977964162826538,1
entity_0292,entity_0668,0,tabicl,5.642602900479687e-07,0
entity_0667,entity_0603,0,tabicl,1.442158122699766e-06,0
entity_0589,entity_0590,1,tabicl,0.9982465505599976,1
entity_0428,entity_0423,1,tabicl,0.998223602771759,1
entity_0750,entity_0741,1,tabicl,0.9426476359367371,1
entity_0654,entity_0452,0,tabicl,9.877313686956768e-07,0
entity_0763,entity_0570,0,tabicl,1.367808636132395e-06,0
entity_0134,entity_0022,0,tabicl,1.8973513533637743e-06,0
entity_0653,entity_0659,1,tabicl,0.9847979545593262,1
entity_0458,entity_0454,1,tabicl,0.9982119798660278,1
entity_0164,entity_0161,1,tabicl,0.9982061982154846,1
entity_0471,entity_0672,0,tabicl,6.241724577193963e-07,0
entity_0490,entity_0489,1,tabicl,0.9992543458938599,1
entity_0311,entity_0861,0,tabicl,5.330873591447016e-07,0
entity_0748,entity_0744,1,tabicl,0.996367335319519,1
entity_0743,entity_0741,1,tabicl,0.9970131516456604,1
entity_0333,entity_0064,0,tabicl,8.142504270836071e-07,0
entity_0141,entity_0761,0,tabicl,5.736748107665335e-07,0
entity_0297,entity_0259,0,tabicl,2.6326652005081996e-06,0
entity_0034,entity_0031,1,tabicl,0.9959614276885986,1
entity_0609,entity_0918,0,tabicl,5.841171173415205e-07,0
entity_0832,entity_0081,0,tabicl,1.2839880128012737e-06,0
entity_0243,entity_0241,1,tabicl,0.9976838827133179,1
entity_0290,entity_0287,1,tabicl,0.998504638671875,1
entity_0923,entity_0926,1,tabicl,0.9981688857078552,1
entity_0693,entity_0699,1,tabicl,0.9820635914802551,1
entity_0073,entity_0393,0,tabicl,4.5938790549371333e-07,0
entity_0251,entity_0564,0,tabicl,6.140538744148216e-07,0
entity_0937,entity_0931,1,tabicl,0.9929214119911194,1
entity_0081,entity_0504,0,tabicl,5.010811037209351e-07,0
entity_0536,entity_0532,1,tabicl,0.9981145858764648,1
entity_0751,entity_0806,0,tabicl,2.2551635083800647e-06,0
entity_0855,entity_0050,0,tabicl,1.4184906831360422e-06,0
entity_0029,entity_0022,1,tabicl,0.989046037197113,1
entity_0784,entity_0816,0,tabicl,6.438165655708872e-06,0
entity_0768,entity_0763,1,tabicl,0.994306743144989,1
entity_0574,entity_0573,1,tabicl,0.9989942908287048,1
entity_0100,entity_0096,1,tabicl,0.9979836344718933,1
entity_0702,entity_0706,1,tabicl,0.9943739175796509,1
entity_0975,entity_0676,0,tabicl,1.1695919965859503e-06,0
entity_0321,entity_0507,0,tabicl,6.18358455994894e-07,0
entity_0010,entity_0004,1,tabicl,0.9934145212173462,1
entity_0889,entity_0887,1,tabicl,0.997871458530426,1
entity_0490,entity_0638,0,tabicl,7.287424637070217e-07,0
entity_0628,entity_0624,1,tabicl,0.9963039755821228,1
entity_0522,entity_0529,1,tabicl,0.9895961880683899,1
entity_0624,entity_0181,0,tabicl,1.293733930651797e-06,0
entity_0508,entity_0504,1,tabicl,0.9982389211654663,1
entity_0391,entity_0045,0,tabicl,8.961376920524344e-07,0
entity_0260,entity_0878,0,tabicl,5.613597409137583e-07,0
entity_0302,entity_0200,0,tabicl,1.0476638863110566e-06,0
entity_0274,entity_0321,0,tabicl,2.760048573691165e-06,0
entity_0477,entity_0264,0,tabicl,1.183074004984519e-06,0
entity_0971,entity_0974,1,tabicl,0.9980204105377197,1
entity_0173,entity_0178,1,tabicl,0.9951051473617554,1
entity_0825,entity_0823,1,tabicl,0.9975630044937134,1
entity_0873,entity_0875,1,tabicl,0.9980815649032593,1
entity_0339,entity_0857,0,tabicl,4.985391228728986e-07,0
entity_0517,entity_0518,1,tabicl,0.9991015195846558,1
entity_0825,entity_0827,1,tabicl,0.9965022802352905,1
entity_0554,entity_0464,0,tabicl,1.6012588730518473e-06,0
entity_0198,entity_0872,0,tabicl,6.839213710918557e-07,0
entity_0757,entity_0756,1,tabicl,0.9976963996887207,1
entity_0002,entity_0663,0,tabicl,1.3132253116054926e-06,0
entity_0388,entity_0749,0,tabicl,5.550753030547639e-07,0
entity_0960,entity_0235,0,tabicl,1.3905798823543591e-06,0
entity_0999,entity_1000,1,tabicl,0.9949221014976501,1
entity_0065,entity_0590,0,tabicl,7.71147028899577e-07,0
entity_0475,entity_0477,1,tabicl,0.9988089799880981,1
entity_0178,entity_0176,1,tabicl,0.9979439377784729,1
entity_0446,entity_0448,1,tabicl,0.9974961280822754,1
entity_0024,entity_0027,1,tabicl,0.9899584650993347,1
entity_0963,entity_0163,0,tabicl,1.3289941307448316e-06,0
entity_0143,entity_0149,1,tabicl,0.9929290413856506,1
entity_0105,entity_0101,1,tabicl,0.9974880218505859,1
entity_0900,entity_0893,1,tabicl,0.9929061532020569,1
entity_0766,entity_0120,0,tabicl,1.1488376685520052e-06,0
entity_0870,entity_0867,1,tabicl,0.9973540306091309,1
entity_0611,entity_0615,1,tabicl,0.9940685033798218,1
entity_0483,entity_0721,0,tabicl,6.88949626237445e-07,0
entity_0978,entity_0355,0,tabicl,8.936490871747083e-07,0
entity_0186,entity_0865,0,tabicl,6.976952136028558e-07,0
entity_0739,entity_0509,0,tabicl,9.803243301576003e-07,0
entity_0604,entity_0360,0,tabicl,8.465290193271358e-07,0
entity_0840,entity_0839,1,tabicl,0.9975970387458801,1
entity_0056,entity_0193,0,tabicl,9.096075928027858e-07,0
entity_0620,entity_0982,0,tabicl,8.652627343508357e-07,0
entity_0652,entity_0062,0,tabicl,1.4213316035238677e-06,0
entity_0464,entity_0466,1,tabicl,0.9986898303031921,1
entity_0456,entity_0585,0,tabicl,8.202360390896501e-07,0
entity_0005,entity_0008,1,tabicl,0.9925698637962341,1
entity_0821,entity_0779,0,tabicl,1.5959334405124537e-06,0
entity_0886,entity_0889,1,tabicl,0.9972370266914368,1
entity_0556,entity_0555,1,tabicl,0.9990515112876892,1
entity_0394,entity_0506,0,tabicl,9.437284234081744e-07,0
entity_0698,entity_0691,1,tabicl,0.9949549436569214,1
entity_0063,entity_0069,1,tabicl,0.9939911961555481,1
entity_0871,entity_0016,0,tabicl,1.531155476186541e-06,0
entity_0534,entity_0535,1,tabicl,0.9989451766014099,1
entity_0607,entity_0070,0,tabicl,1.0996693617926212e-06,0
entity_0336,entity_0332,1,tabicl,0.9967361092567444,1
entity_0105,entity_0110,1,tabicl,0.9927983283996582,1
entity_0701,entity_0702,1,tabicl,0.9976255297660828,1
entity_0055,entity_0168,0,tabicl,9.529242674943816e-07,0
entity_0702,entity_0968,0,tabicl,6.130971996753942e-07,0
entity_0101,entity_0109,1,tabicl,0.9619966745376587,1
entity_0332,entity_0999,0,tabicl,1.9072858776780777e-06,0
entity_0040,entity_0037,1,tabicl,0.995823860168457,1
entity_0507,entity_0299,0,tabicl,1.437166019968572e-06,0
entity_0037,entity_0038,1,tabicl,0.9962232112884521,1
entity_0910,entity_0651,0,tabicl,1.0570395261311205e-06,0
entity_0324,entity_0327,1,tabicl,0.9948169589042664,1
entity_0470,entity_0469,1,tabicl,0.9991938471794128,1
entity_0899,entity_0127,0,tabicl,1.0534608918533195e-06,0
entity_0866,entity_0868,1,tabicl,0.9979550242424011,1
entity_0478,entity_0382,0,tabicl,1.4604149782826426e-06,0
entity_0555,entity_0968,0,tabicl,9.764102060216828e-07,0
entity_0025,entity_0676,0,tabicl,9.690214710644796e-07,0
entity_0589,entity_0583,1,tabicl,0.996700644493103,1
entity_0206,entity_0210,1,tabicl,0.9951682090759277,1
entity_0551,entity_0558,1,tabicl,0.9746179580688477,1
entity_0903,entity_0129,0,tabicl,9.60971647145925e-07,0
entity_0364,entity_0546,0,tabicl,5.644895963996532e-07,0
entity_0731,entity_0953,0,tabicl,6.082929644435353e-07,0
entity_0250,entity_0246,1,tabicl,0.9966321587562561,1
entity_0842,entity_0581,0,tabicl,7.80089749241597e-07,0
entity_0732,entity_0422,0,tabicl,8.936490871747083e-07,0
entity_0515,entity_0511,1,tabicl,0.998295247554779,1
entity_0602,entity_0557,0,tabicl,1.6090826875370112e-06,0
entity_0523,entity_0522,1,tabicl,0.9992944598197937,1
entity_0628,entity_0150,0,tabicl,1.6019522490751115e-06,0
entity_0977,entity_0973,1,tabicl,0.9973281621932983,1
entity_0392,entity_0398,1,tabicl,0.9907459020614624,1
entity_0668,entity_0664,1,tabicl,0.9969839453697205,1
entity_0084,entity_0773,0,tabicl,7.067425826789986e-07,0
entity_0165,entity_0730,0,tabicl,5.883313747290231e-07,0
entity_0313,entity_0165,0,tabicl,1.0955200195894577e-06,0
entity_0901,entity_0907,1,tabicl,0.9899476170539856,1
entity_0129,entity_0184,0,tabicl,2.1666382963303477e-06,0
entity_0233,entity_0127,0,tabicl,9.146764909928606e-07,0
entity_0783,entity_0148,0,tabicl,1.168085987046652e-06,0
entity_0694,entity_0689,0,tabicl,0.9952406883239746,1
entity_0083,entity_0082,1,tabicl,0.9983497858047485,1
entity_0029,entity_0027,1,tabicl,0.9962068200111389,1
entity_0743,entity_0369,0,tabicl,8.74345801094023e-07,0
entity_0930,entity_0560,0,tabicl,7.400978461191698e-07,0
entity_0046,entity_0044,1,tabicl,0.9971179366111755,1
entity_0258,entity_0256,1,tabicl,0.9978875517845154,1
entity_0695,entity_0692,1,tabicl,0.9961862564086914,1
entity_0748,entity_0750,1,tabicl,0.9971734881401062,1
entity_0014,entity_0865,0,tabicl,9.060977390618064e-07,0
entity_0599,entity_0592,1,tabicl,0.9937398433685303,1
entity_0478,entity_0292,0,tabicl,1.2105097084713634e-06,0
entity_0960,entity_0954,1,tabicl,0.9946751594543457,1
entity_0305,entity_0286,0,tabicl,4.9467533244751394e-05,0
entity_0580,entity_0572,1,tabicl,0.9811026453971863,1
entity_0370,entity_0368,1,tabicl,0.9985835552215576,1
entity_0490,entity_0377,0,tabicl,1.2324568388066837e-06,0
entity_0177,entity_0172,1,tabicl,0.996464192867279,1
entity_0881,entity_0884,1,tabicl,0.9972039461135864,1
entity_0638,entity_0442,0,tabicl,1.0179244327446213e-06,0
entity_0248,entity_0244,1,tabicl,0.996383011341095,1
entity_0773,entity_0794,0,tabicl,3.541000114637427e-05,0
entity_0462,entity_0705,0,tabicl,7.702062134740117e-07,0
entity_0270,entity_0267,1,tabicl,0.9977113008499146,1
entity_0610,entity_0963,0,tabicl,6.756241077710001e-07,0
entity_0256,entity_0257,1,tabicl,0.9980711340904236,1
entity_0765,entity_0004,0,tabicl,1.9340536709933076e-06,0
entity_0457,entity_0539,0,tabicl,1.3358611568037304e-06,0
entity_0101,entity_0436,0,tabicl,6.222284127943567e-07,0
entity_0933,entity_0823,0,tabicl,1.1192311148988665e-06,0
entity_0940,entity_0274,0,tabicl,1.146192630585574e-06,0
entity_0771,entity_0772,1,tabicl,0.99720698595047,1
entity_0156,entity_0159,1,tabicl,0.997096061706543,1
entity_0811,entity_0472,0,tabicl,8.576093364354165e-07,0
entity_0337,entity_0779,0,tabicl,7.633427117070823e-07,0
entity_0140,entity_0136,1,tabicl,0.9955825209617615,1
entity_0622,entity_0627,1,tabicl,0.9889870882034302,1
entity_0872,entity_0277,0,tabicl,9.163571235148993e-07,0
entity_0476,entity_0505,0,tabicl,6.5232075030507986e-06,0
entity_0850,entity_0845,1,tabicl,0.9922595024108887,1
entity_0490,entity_0143,0,tabicl,7.864636586418783e-07,0
entity_0640,entity_0461,0,tabicl,1.018787884277117e-06,0
entity_0559,entity_0944,0,tabicl,6.31153056929179e-07,0
entity_0026,entity_0458,0,tabicl,7.234245344989176e-07,0
entity_0620,entity_0618,1,tabicl,0.9986108541488647,1
entity_0966,entity_0297,0,tabicl,8.632689514342928e-07,0
entity_0739,entity_0740,1,tabicl,0.9978875517845154,1
entity_0093,entity_0092,1,tabicl,0.998440146446228,1
entity_0117,entity_0119,1,tabicl,0.9973310232162476,1
entity_0903,entity_0906,1,tabicl,0.997016429901123,1
entity_0292,entity_0627,0,tabicl,5.788335784018273e-07,0
entity_0642,entity_0999,0,tabicl,2.113950813509291e-06,0
entity_0964,entity_0961,1,tabicl,0.998062789440155,1
entity_0439,entity_0342,0,tabicl,1.2075740869477158e-06,0
entity_0390,entity_0388,1,tabicl,0.9986997246742249,1
entity_0054,entity_0052,1,tabicl,0.9967886209487915,1
entity_0339,entity_0303,0,tabicl,3.2481286780239316e-06,0
entity_0959,entity_0068,0,tabicl,1.8506317474020761e-06,0
entity_0787,entity_0788,1,tabicl,0.9975708723068237,1
entity_0937,entity_0297,0,tabicl,1.2080037095074658e-06,0
entity_1000,entity_0053,0,tabicl,8.598160093242768e-06,0
entity_0370,entity_0548,0,tabicl,6.429910399674554e-07,0
entity_0622,entity_0625,1,tabicl,0.9947550296783447,1
entity_0017,entity_0630,0,tabicl,1.0306367812518147e-06,0
entity_0089,entity_0088,1,tabicl,0.9983425736427307,1
entity_0052,entity_0721,0,tabicl,6.685144171569846e-07,0
entity_0104,entity_0879,0,tabicl,5.741417226090562e-07,0
entity_0278,entity_0272,1,tabicl,0.9961739182472229,1
entity_0852,entity_0851,1,tabicl,0.9974218606948853,1
entity_0956,entity_0759,0,tabicl,1.219817704622983e-06,0
entity_0241,entity_0244,1,tabicl,0.9964373707771301,1
entity_0053,entity_0032,0,tabicl,5.6216642406070605e-05,0
entity_0176,entity_0173,1,tabicl,0.9975042939186096,1
entity_0635,entity_0631,1,tabicl,0.9967537522315979,1
entity_0769,entity_0297,0,tabicl,1.1073781251980108e-06,0
entity_0294,entity_0669,0,tabicl,5.744533382312511e-07,0
entity_0936,entity_0268,0,tabicl,1.2172553169875755e-06,0
entity_0140,entity_0699,0,tabicl,5.961226179351797e-07,0
entity_0671,entity_0394,0,tabicl,9.144941373051552e-07,0
entity_0223,entity_0523,0,tabicl,7.190225232989178e-07,0
entity_0301,entity_0311,0,tabicl,0.850468635559082,1
entity_0836,entity_0240,0,tabicl,1.2141226761741564e-06,0
entity_0352,entity_0656,0,tabicl,5.20230116762832e-07,0
entity_0063,entity_0066,1,tabicl,0.9969511032104492,1
entity_0892,entity_0708,0,tabicl,1.1504756685098982e-06,0
entity_0049,entity_0042,1,tabicl,0.9923259019851685,1
entity_0898,entity_0892,1,tabicl,0.9953172206878662,1
entity_0737,entity_0732,1,tabicl,0.9960220456123352,1
entity_0840,entity_0837,1,tabicl,0.9962678551673889,1
entity_0634,entity_0640,1,tabicl,0.9792705774307251,1
entity_0518,entity_0848,0,tabicl,5.923353114667407e-07,0
entity_0027,entity_0023,1,tabicl,0.9960775971412659,1
entity_0153,entity_0478,0,tabicl,5.349706952983979e-07,0
entity_0728,entity_0599,0,tabicl,1.1736838132492267e-06,0
entity_0263,entity_0943,0,tabicl,6.876426255075785e-07,0
entity_0014,entity_0015,1,tabicl,0.996367335319519,1
entity_0558,entity_0553,1,tabicl,0.9977211952209473,1
entity_0010,entity_0001,1,tabicl,0.9325762391090393,1
entity_0257,entity_0260,1,tabicl,0.9960817694664001,1
entity_0517,entity_0734,0,tabicl,6.729716233166982e-07,0
entity_0941,entity_0527,0,tabicl,8.023012583180389e-07,0
entity_0774,entity_0861,0,tabicl,1.176113983092364e-06,0
entity_0868,entity_0957,0,tabicl,1.379685954816523e-06,0
entity_0381,entity_0376,0,tabicl,0.9966502785682678,1
entity_0269,entity_0729,0,tabicl,5.562809519688017e-07,0
entity_0330,entity_0129,0,tabicl,7.71147028899577e-07,0
entity_0259,entity_0254,1,tabicl,0.9958102703094482,1
entity_0743,entity_0364,0,tabicl,9.279256687477755e-07,0
entity_0088,entity_0299,0,tabicl,5.162934257896268e-07,0
entity_0144,entity_0148,1,tabicl,0.9958598017692566,1
entity_0243,entity_0249,1,tabicl,0.9925135970115662,1
entity_0502,entity_0503,1,tabicl,0.9990586638450623,1
entity_0708,entity_0909,0,tabicl,5.67406743812171e-07,0
entity_0305,entity_0030,0,tabicl,8.719775337340252e-07,0
entity_0099,entity_0097,1,tabicl,0.9984163045883179,1
entity_0861,entity_0287,0,tabicl,9.780001164472196e-07,0
entity_0655,entity_0197,0,tabicl,1.233961143043416e-06,0
entity_0606,entity_0335,0,tabicl,1.0407509307697183e-06,0
entity_0001,entity_0287,0,tabicl,2.5031720269907964e-06,0
entity_0234,entity_0238,1,tabicl,0.9938203692436218,1
entity_0510,entity_0261,0,tabicl,1.048507442646951e-06,0
entity_0651,entity_0657,1,tabicl,0.9831211566925049,1
entity_0770,entity_0364,0,tabicl,8.835250469019229e-07,0
entity_0269,entity_0262,1,tabicl,0.9952968955039978,1
entity_0056,entity_0055,1,tabicl,0.9973568916320801,1
entity_0317,entity_0941,0,tabicl,4.921561185255996e-07,0
entity_0168,entity_0167,1,tabicl,0.9984384179115295,1
entity_0519,entity_0511,1,tabicl,0.983635425567627,1
entity_0003,entity_0012,0,tabicl,0.9420582056045532,1
entity_0310,entity_0304,1,tabicl,0.9978318810462952,1
entity_0799,entity_0793,1,tabicl,0.9930946826934814,1
entity_0648,entity_0856,0,tabicl,5.232019475442939e-07,0
entity_0881,entity_0887,1,tabicl,0.991635799407959,1
entity_0399,entity_0395,1,tabicl,0.9981708526611328,1
entity_0866,entity_0862,1,tabicl,0.9962434768676758,1
entity_0709,entity_0706,1,tabicl,0.9955825209617615,1
entity_0975,entity_0978,1,tabicl,0.997786819934845,1
entity_0523,entity_0798,0,tabicl,6.88295415329776e-07,0
entity_0426,entity_0058,0,tabicl,9.733022352520493e-07,0
entity_0015,entity_0018,1,tabicl,0.9950306415557861,1
entity_0637,entity_0677,0,tabicl,4.4815446926804725e-06,0
entity_0914,entity_0399,0,tabicl,1.0008127446781145e-06,0
entity_0468,entity_0644,0,tabicl,6.213003871380351e-07,0
entity_0287,entity_0289,1,tabicl,0.9959961771965027,1
entity_0674,entity_0680,1,tabicl,0.9821208119392395,1
entity_0872,entity_0257,0,tabicl,9.295004588238953e-07,0
entity_0586,entity_0688,0,tabicl,1.1858053312607808e-06,0
entity_0756,entity_0122,0,tabicl,1.1031797839677893e-06,0
entity_0326,entity_0714,0,tabicl,5.344628561942955e-07,0
entity_0968,entity_0965,1,tabicl,0.9980522394180298,1
entity_0120,entity_0773,0,tabicl,5.702613066205231e-07,0
entity_0044,entity_0047,1,tabicl,0.9967572093009949,1
entity_0814,entity_0812,1,tabicl,0.996901273727417,1
entity_0147,entity_0644,0,tabicl,8.129267143885954e-07,0
entity_0384,entity_0627,0,tabicl,5.381724577091518e-07,0
entity_0259,entity_0252,1,tabicl,0.9935826659202576,1
entity_0954,entity_0958,1,tabicl,0.9977113008499146,1
entity_0619,entity_0617,1,tabicl,0.9983657598495483,1
entity_0312,entity_0428,0,tabicl,9.070824376067321e-07,0
entity_0662,entity_0665,1,tabicl,0.993506133556366,1
entity_0334,entity_0332,1,tabicl,0.9981166124343872,1
entity_0497,entity_0498,1,tabicl,0.9990254044532776,1
entity_0692,entity_0147,0,tabicl,1.0363841056459933e-06,0
entity_0066,entity_0061,1,tabicl,0.994428277015686,1
entity_0884,entity_0122,0,tabicl,9.249729941984697e-07,0
entity_0632,entity_0662,0,tabicl,6.185853180795675e-06,0
entity_0974,entity_0975,1,tabicl,0.9984883666038513,1
entity_0374,entity_0467,0,tabicl,1.0929779818980023e-06,0
entity_0569,entity_0939,0,tabicl,5.635714046547946e-07,0
entity_0888,entity_0028,0,tabicl,1.53084465637221e-06,0
entity_0335,entity_0334,1,tabicl,0.9980161190032959,1
entity_0631,entity_0607,0,tabicl,7.5210509749013e-06,0
entity_0636,entity_0464,0,tabicl,9.69087068369845e-07,0
entity_0692,entity_0506,0,tabicl,9.736985475683468e-07,0
entity_0512,entity_0404,0,tabicl,1.4618027535107103e-06,0
entity_0278,entity_0069,0,tabicl,8.171551257873944e-07,0
entity_0991,entity_1000,1,tabicl,0.9596277475357056,1
entity_0052,entity_0055,1,tabicl,0.996911346912384,1
entity_0940,entity_0935,1,tabicl,0.9961572289466858,1
entity_0066,entity_0064,1,tabicl,0.996901273727417,1
entity_0748,entity_0741,1,tabicl,0.9946521520614624,1
entity_0459,entity_0451,1,tabicl,0.9890224933624268,1
entity_0455,entity_0457,1,tabicl,0.9984636306762695,1
entity_0536,entity_0537,1,tabicl,0.9989621639251709,1
entity_0633,entity_0632,1,tabicl,0.9983407855033875,1
entity_0269,entity_0264,1,tabicl,0.996464192867279,1
entity_0609,entity_0610,1,tabicl,0.997234046459198,1
entity_0519,entity_0517,1,tabicl,0.9992221593856812,1
entity_0649,entity_0329,0,tabicl,1.0692241403376102e-06,0
entity_0594,entity_0562,0,tabicl,3.685545379994437e-06,0
entity_0753,entity_0775,0,tabicl,2.1636607925756834e-05,0
entity_0639,entity_0638,1,tabicl,0.9983938336372375,1
entity_0807,entity_0510,0,tabicl,7.920298230601475e-07,0
entity_0239,entity_0238,1,tabicl,0.9978035092353821,1
entity_0221,entity_0227,1,tabicl,0.9896629452705383,1
entity_0789,entity_0778,0,tabicl,0.104375921189785,0
entity_0194,entity_0451,0,tabicl,6.215535108822223e-07,0
entity_0769,entity_0767,1,tabicl,0.9962068200111389,1
entity_0588,entity_0581,1,tabicl,0.994428277015686,1
entity_0525,entity_0469,0,tabicl,1.7438213717468898e-06,0
entity_0543,entity_0138,0,tabicl,1.3230923059381894e-06,0
entity_0631,entity_0637,1,tabicl,0.9820060729980469,1
entity_0345,entity_0346,1,tabicl,0.9978575706481934,1
entity_0822,entity_0830,1,tabicl,0.9610331058502197,1
entity_0763,entity_0429,0,tabicl,8.131469826366811e-07,0
entity_0917,entity_0912,1,tabicl,0.9948615431785583,1
entity_0685,entity_0629,0,tabicl,1.1165391242684564e-06,0
entity_0411,entity_0414,1,tabicl,0.9969379305839539,1
entity_0406,entity_0946,0,tabicl,6.652581419075432e-07,0
entity_0764,entity_0761,1,tabicl,0.9957921504974365,1
entity_0795,entity_0800,1,tabicl,0.9941003918647766,1
entity_0020,entity_0013,1,tabicl,0.993678867816925,1
entity_0042,entity_0393,0,tabicl,4.974581315764226e-07,0
entity_0049,entity_0772,0,tabicl,5.588524345512269e-07,0
entity_0436,entity_0241,0,tabicl,8.48440549816587e-07,0
entity_1000,entity_0992,1,tabicl,0.9644556045532227,1
entity_0417,entity_0413,1,tabicl,0.998346209526062,1
entity_0830,entity_0826,1,tabicl,0.9953675270080566,1
entity_0527,entity_0608,0,tabicl,1.1971976618951885e-06,0
entity_0795,entity_0164,0,tabicl,1.265832111130294e-06,0
entity_0937,entity_0162,0,tabicl,1.3211302984927897e-06,0
entity_0394,entity_0400,1,tabicl,0.9914538860321045,1
entity_0476,entity_0778,0,tabicl,5.996914751449367e-07,0
entity_0729,entity_0725,1,tabicl,0.9931021332740784,1
entity_0517,entity_0790,0,tabicl,6.415968982764753e-07,0
entity_0412,entity_0665,0,tabicl,5.774220994680945e-07,0
entity_0036,entity_0365,0,tabicl,4.904903789793025e-07,0
entity_0981,entity_0303,0,tabicl,1.0544629276409978e-06,0
entity_0575,entity_0375,0,tabicl,1.3127070133123198e-06,0
entity_0333,entity_0260,0,tabicl,1.3531164313462796e-06,0
entity_0221,entity_0228,1,tabicl,0.9877534508705139,1
entity_0793,entity_0246,0,tabicl,1.2500925095082493e-06,0
entity_0297,entity_0293,1,tabicl,0.9980353713035583,1
entity_0679,entity_0676,1,tabicl,0.9970739483833313,1
entity_0108,entity_0106,1,tabicl,0.9985175728797913,1
entity_0582,entity_0329,0,tabicl,8.657315788695996e-07,0
entity_0390,entity_0138,0,tabicl,7.825001944183896e-07,0
entity_0283,entity_0290,1,tabicl,0.985666036605835,1
entity_0230,entity_0228,1,tabicl,0.9970484375953674,1
entity_0128,entity_0936,0,tabicl,7.415044933622994e-07,0
entity_0068,entity_0062,1,tabicl,0.9927438497543335,1
entity_0013,entity_0015,1,tabicl,0.9958283305168152,1
entity_0416,entity_0681,0,tabicl,6.785627988392662e-07,0
entity_0547,entity_0149,0,tabicl,1.6765753798608785e-06,0
entity_0715,entity_0713,1,tabicl,0.9962556958198547,1
entity_0662,entity_0087,0,tabicl,9.888038903227425e-07,0
entity_0302,entity_0308,1,tabicl,0.9880003929138184,1
entity_0185,entity_0983,0,tabicl,1.0098797247337643e-06,0
entity_0179,entity_0175,1,tabicl,0.9970034956932068,1
entity_0431,entity_0834,0,tabicl,6.893228032822662e-07,0
entity_0777,entity_0776,1,tabicl,0.9969642758369446,1
entity_0211,entity_0847,0,tabicl,7.430149935316877e-07,0
entity_0574,entity_0958,0,tabicl,7.105880968083511e-07,0
entity_0732,entity_0742,0,tabicl,0.9090853929519653,1
entity_0457,entity_0487,0,tabicl,6.923641194589436e-06,0
entity_0258,entity_0285,0,tabicl,7.885741979407612e-06,0
entity_0634,entity_0477,0,tabicl,1.0942022754534264e-06,0
entity_0704,entity_0703,1,tabicl,0.9975470900535583,1
entity_0123,entity_0813,0,tabicl,5.299871190800332e-07,0
entity_0049,entity_0041,1,tabicl,0.9872034192085266,1
entity_0917,entity_0916,1,tabicl,0.9983044266700745,1
entity_0272,entity_0279,1,tabicl,0.9856966733932495,1
entity_0940,entity_0931,1,tabicl,0.9648624658584595,1
entity_0809,entity_0329,0,tabicl,8.19402600882313e-07,0
entity_0739,entity_0267,0,tabicl,1.0008127446781145e-06,0
entity_0315,entity_0143,0,tabicl,9.499888165009907e-07,0
entity_0317,entity_0775,0,tabicl,5.922545369685395e-07,0
entity_0890,entity_0336,0,tabicl,8.422201176472299e-07,0
entity_0845,entity_0047,0,tabicl,1.349976628262084e-06,0
entity_0960,entity_0145,0,tabicl,1.5697636399636394e-06,0
entity_0741,entity_0097,0,tabicl,1.3094897894916357e-06,0
entity_0172,entity_0686,0,tabicl,5.826138931297464e-07,0
entity_0150,entity_0104,0,tabicl,3.548203494574409e-06,0
entity_0951,entity_0960,1,tabicl,0.9241418838500977,1
entity_0223,entity_0226,1,tabicl,0.9951157569885254,1
entity_0141,entity_0498,0,tabicl,5.875738224858651e-07,0
entity_0938,entity_0939,1,tabicl,0.9986841082572937,1
entity_0108,entity_0104,1,tabicl,0.9971147775650024,1
entity_0051,entity_0057,1,tabicl,0.9938668608665466,1
entity_0052,entity_0683,0,tabicl,8.081989903985232e-07,0
entity_0564,entity_0053,0,tabicl,9.212167810801475e-07,0
entity_0772,entity_0332,0,tabicl,9.563556204739143e-07,0
entity_0987,entity_0988,1,tabicl,0.9981529712677002,1
entity_0708,entity_0709,1,tabicl,0.9978035092353821,1
entity_0299,entity_0454,0,tabicl,6.802214329582057e-07,0
entity_0990,entity_0479,0,tabicl,1.121434138440236e-06,0
entity_0411,entity_0028,0,tabicl,1.0589050134512945e-06,0
entity_0193,entity_0198,1,tabicl,0.9962354302406311,1
entity_0035,entity_0038,1,tabicl,0.9953973889350891,1
entity_0857,entity_0860,1,tabicl,0.996931254863739,1
entity_0676,entity_0959,0,tabicl,6.398590812750626e-07,0
entity_0523,entity_0883,0,tabicl,5.431589897852973e-07,0
entity_0675,entity_0676,1,tabicl,0.9966248273849487,1
entity_0449,entity_0284,0,tabicl,9.624069434721605e-07,0
entity_0938,entity_0746,0,tabicl,1.126464553635742e-06,0
entity_0012,entity_0011,1,tabicl,0.9969379305839539,1
entity_0406,entity_0335,0,tabicl,1.179289142783091e-06,0
entity_0339,entity_0709,0,tabicl,4.923566052639217e-07,0
entity_0445,entity_0283,0,tabicl,9.887030500976834e-07,0
entity_0005,entity_0302,0,tabicl,1.0105648016178748e-06,0
entity_0817,entity_0818,1,tabicl,0.9967537522315979,1
entity_0069,entity_0064,1,tabicl,0.9952968955039978,1
entity_0473,entity_0477,1,tabicl,0.9974107146263123,1
entity_0632,entity_0765,0,tabicl,8.028461593312386e-07,0
entity_0532,entity_0538,1,tabicl,0.9915270209312439,1
entity_0001,entity_0009,1,tabicl,0.9651191234588623,1
entity_0902,entity_0035,0,tabicl,1.630834844945639e-06,0
entity_0734,entity_0386,0,tabicl,8.451948474430537e-07,0
entity_0117,entity_0479,0,tabicl,5.338830533219152e-07,0
entity_0459,entity_0455,1,tabicl,0.9980310797691345,1
entity_0944,entity_0566,0,tabicl,7.692673875681066e-07,0
entity_0571,entity_0089,0,tabicl,1.372756173623202e-06,0
entity_0635,entity_0697,0,tabicl,2.1486785044544376e-06,0
entity_0261,entity_0788,0,tabicl,8.739898476051167e-07,0
entity_0323,entity_0678,0,tabicl,5.094765356261632e-07,0
entity_0484,entity_0485,1,tabicl,0.9990975856781006,1
entity_0987,entity_0619,0,tabicl,1.4488246051769238e-06,0
entity_0293,entity_0292,1,tabicl,0.9979639053344727,1
entity_0079,entity_0071,1,tabicl,0.9874747395515442,1
entity_0409,entity_0401,1,tabicl,0.9932200312614441,1
entity_0329,entity_0550,0,tabicl,5.531212536880048e-07,0
entity_0259,entity_0251,1,tabicl,0.9875149726867676,1
entity_0766,entity_0562,0,tabicl,1.2802489663954475e-06,0
entity_0069,entity_0061,1,tabicl,0.9735776782035828,1
entity_0305,entity_0307,1,tabicl,0.9951629638671875,1
entity_0232,entity_0238,1,tabicl,0.9901824593544006,1
entity_0761,entity_0767,1,tabicl,0.9938270449638367,1
entity_0588,entity_0002,0,tabicl,2.672254822755349e-06,0
entity_0165,entity_0167,1,tabicl,0.9981489181518555,1
entity_0599,entity_0598,1,tabicl,0.9986813068389893,1
entity_0415,entity_0420,1,tabicl,0.9956015348434448,1
entity_0357,entity_0358,1,tabicl,0.9983532428741455,1
entity_0463,entity_0261,0,tabicl,9.770388942342834e-07,0
entity_0318,entity_0347,0,tabicl,7.604184702358907e-06,0
entity_0742,entity_0575,0,tabicl,1.1980908993791672e-06,0
entity_0913,entity_0914,1,tabicl,0.9983692765235901,1
entity_0754,entity_0525,0,tabicl,1.074748752216692e-06,0
entity_0830,entity_0742,0,tabicl,1.036735852721904e-06,0
entity_0410,entity_0998,0,tabicl,1.6795487454146496e-06,0
entity_0949,entity_0282,0,tabicl,1.3492442576534813e-06,0
entity_0304,entity_0805,0,tabicl,8.109445275295002e-07,0
entity_0887,entity_0537,0,tabicl,7.896172178334382e-07,0
entity_0844,entity_0843,1,tabicl,0.9975839853286743,1
entity_0042,entity_0618,0,tabicl,9.101629530050559e-07,0
entity_0847,entity_0923,0,tabicl,1.529080464024446e-06,0
entity_0673,entity_0598,0,tabicl,1.4284821645560442e-06,0
entity_0669,entity_0665,1,tabicl,0.9971612691879272,1
entity_0455,entity_0118,0,tabicl,7.141622404560621e-07,0
entity_0197,entity_0787,0,tabicl,6.521252089441987e-07,0
entity_0093,entity_0388,0,tabicl,6.176877604957554e-07,0
entity_0103,entity_0101,1,tabicl,0.9986377358436584,1
entity_0151,entity_0114,0,tabicl,5.6828957895049825e-06,0
entity_0696,entity_0692,1,tabicl,0.9952252507209778,1
entity_0777,entity_0773,1,tabicl,0.9944880604743958,1
entity_0909,entity_0904,1,tabicl,0.9952406883239746,1
entity_0552,entity_0557,1,tabicl,0.988528847694397,1
entity_0683,entity_0686,1,tabicl,0.9942635893821716,1
entity_0609,entity_0602,1,tabicl,0.9941825270652771,1
entity_0894,entity_0896,1,tabicl,0.9981308579444885,1
entity_0102,entity_0108,1,tabicl,0.9877403378486633,1
entity_0939,entity_0544,0,tabicl,7.524462830588163e-07,0
entity_0652,entity_0926,0,tabicl,5.512491156878241e-07,0
entity_0424,entity_0068,0,tabicl,7.88278612162685e-07,0
entity_0276,entity_0254,0,tabicl,1.5319661542889662e-05,0
entity_0336,entity_0331,1,tabicl,0.9960047602653503,1
entity_0296,entity_0324,0,tabicl,6.984954779909458e-06,0
entity_0491,entity_0493,1,tabicl,0.9987696409225464,1
entity_0178,entity_0107,0,tabicl,1.3351364032132551e-06,0
entity_0845,entity_0386,0,tabicl,7.771329819661332e-07,0
entity_0311,entity_0317,1,tabicl,0.9907459020614624,1
entity_0968,entity_0962,1,tabicl,0.9952097535133362,1
entity_0843,entity_0096,0,tabicl,1.0675582871044753e-06,0
entity_0292,entity_0296,1,tabicl,0.9935757517814636,1
entity_0349,entity_0677,0,tabicl,5.007758545616525e-07,0
entity_0700,entity_0697,1,tabicl,0.9958148002624512,1
entity_0539,entity_0650,0,tabicl,8.849646064845729e-07,0
entity_0986,entity_0505,0,tabicl,1.1315185020066565e-06,0
entity_0006,entity_0003,1,tabicl,0.9951941967010498,1
entity_0922,entity_0930,1,tabicl,0.964418351650238,1
entity_0250,entity_0666,0,tabicl,6.190299473018968e-07,0
entity_0027,entity_0420,0,tabicl,7.482736918973387e-07,0
entity_0124,entity_0468,0,tabicl,5.3063445193402e-07,0
entity_0374,entity_0379,1,tabicl,0.9943981170654297,1
entity_0411,entity_0420,1,tabicl,0.9595014452934265,1
entity_0813,entity_0204,0,tabicl,1.0730742587838904e-06,0
entity_0485,entity_0490,1,tabicl,0.9964103102684021,1
entity_0490,entity_0481,1,tabicl,0.9568497538566589,1
entity_0905,entity_0560,0,tabicl,7.659351126676484e-07,0
entity_0643,entity_0776,0,tabicl,8.562724360672291e-07,0
entity_0047,entity_0043,1,tabicl,0.9966248273849487,1
entity_0354,entity_0604,0,tabicl,5.309948960530164e-07,0
entity_0557,entity_0551,1,tabicl,0.9965248703956604,1
entity_0775,entity_0762,0,tabicl,0.0014514412032440305,0
entity_0492,entity_0498,1,tabicl,0.9949386119842529,1
entity_0078,entity_0216,0,tabicl,8.122107146846247e-07,0
entity_0029,entity_0030,1,tabicl,0.9941888451576233,1
entity_0435,entity_0601,0,tabicl,6.37520145119197e-07,0
entity_0437,entity_0169,0,tabicl,7.904738481556706e-07,0
entity_0401,entity_0408,1,tabicl,0.9905955195426941,1
entity_0695,entity_0664,0,tabicl,2.3583154415973695e-06,0
entity_0682,entity_0442,0,tabicl,8.539815326003009e-07,0
entity_0973,entity_0979,1,tabicl,0.9957464337348938,1
entity_0861,entity_0868,1,tabicl,0.982158899307251,1
entity_0317,entity_0838,0,tabicl,6.028716938999423e-07,0
entity_0782,entity_0473,0,tabicl,7.765002578707936e-07,0
entity_0526,entity_0529,1,tabicl,0.9982061982154846,1
entity_0248,entity_0245,1,tabicl,0.9970421195030212,1
entity_0019,entity_0013,1,tabicl,0.9959831237792969,1
entity_0345,entity_0348,1,tabicl,0.9960392117500305,1
entity_0642,entity_0144,0,tabicl,1.1614899904088816e-06,0
entity_0991,entity_0996,1,tabicl,0.9929518699645996,1
entity_0434,entity_0436,1,tabicl,0.9965173006057739,1
entity_0442,entity_0718,0,tabicl,7.645857067473116e-07,0
entity_0546,entity_0547,1,tabicl,0.9985742568969727,1
entity_0053,entity_0059,1,tabicl,0.9929442405700684,1
entity_0914,entity_0999,0,tabicl,5.815059012093116e-06,0
entity_0179,entity_0518,0,tabicl,7.30176964225393e-07,0
entity_0258,entity_0409,0,tabicl,7.595209012833948e-07,0
entity_0766,entity_0768,1,tabicl,0.9964603781700134,1
entity_0446,entity_0359,0,tabicl,1.2776035873685032e-06,0
entity_0546,entity_0544,1,tabicl,0.9990667700767517,1
entity_0841,entity_0850,1,tabicl,0.9064509272575378,1
entity_0003,entity_0009,1,tabicl,0.9854497909545898,1
entity_0518,entity_0512,1,tabicl,0.9958953857421875,1
entity_0815,entity_0110,0,tabicl,1.1186997426193557e-06,0
entity_0358,entity_0289,0,tabicl,1.3543327668230631e-06,0
entity_0240,entity_0586,0,tabicl,5.812719905406993e-07,0
entity_0425,entity_0426,1,tabicl,0.9982061982154846,1
entity_0347,entity_0348,1,tabicl,0.9980586171150208,1
entity_0983,entity_0472,0,tabicl,9.592137075742357e-07,0
entity_0076,entity_0072,1,tabicl,0.9972099661827087,1
entity_0884,entity_0078,0,tabicl,1.5932312180666486e-06,0
entity_0565,entity_0220,0,tabicl,9.647585557104321e-07,0
entity_0248,entity_0565,0,tabicl,6.308113142949878e-07,0
entity_0124,entity_0127,1,tabicl,0.9971458315849304,1
entity_0683,entity_0462,0,tabicl,9.091757533497002e-07,0
entity_0802,entity_0804,1,tabicl,0.99669349193573,1
entity_0935,entity_0368,0,tabicl,1.012829216051614e-06,0
entity_0676,entity_0402,0,tabicl,9.93744265542773e-07,0
entity_0853,entity_0668,0,tabicl,1.1233748864469817e-06,0
entity_0217,entity_0215,1,tabicl,0.9980395436286926,1
entity_0252,entity_0505,0,tabicl,6.567856871697586e-07,0
entity_0197,entity_0093,0,tabicl,9.438444976694882e-07,0
entity_0303,entity_0689,0,tabicl,5.790687396256544e-07,0
entity_0352,entity_0204,0,tabicl,1.1099717767137918e-06,0
entity_0321,entity_0537,0,tabicl,5.832465603816672e-07,0
entity_0773,entity_0776,1,tabicl,0.9965770840644836,1
entity_0159,entity_0712,0,tabicl,6.618377597078506e-07,0
entity_0358,entity_0620,0,tabicl,5.859421321474656e-07,0
entity_0167,entity_0162,1,tabicl,0.9972400069236755,1
entity_0848,entity_0044,0,tabicl,1.3365860240810434e-06,0
entity_0988,entity_0984,1,tabicl,0.9972637891769409,1
entity_0456,entity_0382,0,tabicl,1.6543393712709076e-06,0
entity_0921,entity_0782,0,tabicl,1.2948298717674334e-06,0
entity_0795,entity_0445,0,tabicl,8.054635713961034e-07,0
entity_0504,entity_0968,0,tabicl,6.942960908418172e-07,0
entity_0619,entity_0045,0,tabicl,9.58563418862468e-07,0
entity_0267,entity_0263,1,tabicl,0.9961572289466858,1
entity_0619,entity_0377,0,tabicl,8.277808092316263e-07,0
entity_0069,entity_0070,1,tabicl,0.9978989362716675,1
entity_0249,entity_0388,0,tabicl,8.733973686503305e-07,0
entity_0922,entity_0929,1,tabicl,0.9873805046081543,1
entity_0250,entity_0100,0,tabicl,8.300289664475713e-07,0
entity_0726,entity_0759,0,tabicl,7.0822620727994945e-06,0
entity_0359,entity_0352,1,tabicl,0.9955537915229797,1
entity_0207,entity_0878,0,tabicl,6.45524835363176e-07,0
entity_0985,entity_0982,1,tabicl,0.9977505803108215,1
entity_0847,entity_0841,1,tabicl,0.9904734492301941,1
entity_0350,entity_0347,1,tabicl,0.9985079169273376,1
entity_0373,entity_0186,0,tabicl,1.0223697017863742e-06,0
entity_0155,entity_0278,0,tabicl,9.325308383267839e-07,0
entity_0171,entity_0915,0,tabicl,6.87548890709877e-07,0
entity_0800,entity_0793,1,tabicl,0.9903186559677124,1
entity_1000,entity_0915,0,tabicl,7.3994228841911536e-06,0
entity_0349,entity_0898,0,tabicl,4.986065960110864e-07,0
entity_0557,entity_0713,0,tabicl,7.342983963098959e-07,0
entity_0236,entity_0605,0,tabicl,6.399457674888254e-07,0
entity_0269,entity_0240,0,tabicl,5.369126483856235e-06,0
entity_0740,entity_0585,0,tabicl,1.328790176557959e-06,0
entity_0222,entity_0106,0,tabicl,9.17600743832736e-07,0
entity_0550,entity_0376,0,tabicl,9.74161139311036e-07,0
entity_0309,entity_0307,1,tabicl,0.9981226921081543,1
entity_0576,entity_0574,1,tabicl,0.9988595247268677,1
entity_0287,entity_0167,0,tabicl,1.109708250623953e-06,0
entity_0786,entity_0783,1,tabicl,0.9957693815231323,1
entity_0964,entity_0962,1,tabicl,0.9984851479530334,1
entity_0375,entity_0338,0,tabicl,3.844007551379036e-06,0
entity_0730,entity_0393,0,tabicl,8.616897275715019e-07,0
entity_0741,entity_0939,0,tabicl,6.38991934920341e-07,0
entity_0453,entity_0460,1,tabicl,0.992989718914032,1
entity_0119,entity_0118,1,tabicl,0.9986048340797424,1
entity_0617,entity_0145,0,tabicl,1.7903458910950576e-06,0
entity_0065,entity_0428,0,tabicl,5.042512611908023e-07,0
entity_0865,entity_0660,0,tabicl,1.0267989409840084e-06,0
entity_0447,entity_0448,1,tabicl,0.9983479976654053,1
entity_0657,entity_0993,0,tabicl,1.147904640674824e-06,0
entity_0947,entity_0948,1,tabicl,0.9984485507011414,1
entity_0077,entity_0529,0,tabicl,5.321842309058411e-07,0
entity_0511,entity_0518,1,tabicl,0.9890812635421753,1
entity_0822,entity_0381,0,tabicl,7.52752725929895e-07,0
entity_0420,entity_0412,1,tabicl,0.9935826659202576,1
entity_0637,entity_0632,1,tabicl,0.9958373308181763,1
entity_0915,entity_0920,1,tabicl,0.9960775971412659,1
entity_0562,entity_0563,1,tabicl,0.9976688027381897,1
entity_0740,entity_0557,0,tabicl,1.202487624141213e-06,0
entity_0631,entity_0636,1,tabicl,0.9860592484474182,1
entity_0559,entity_0279,0,tabicl,9.4494515678889e-07,0
entity_0435,entity_0432,1,tabicl,0.9990798234939575,1
entity_0511,entity_0514,1,tabicl,0.9983317852020264,1
entity_0588,entity_0583,1,tabicl,0.9978082776069641,1
entity_0768,entity_0256,0,tabicl,9.694151685835095e-07,0
entity_0908,entity_0362,0,tabicl,9.411076575815969e-07,0
entity_0630,entity_0628,1,tabicl,0.9981569647789001,1
entity_0551,entity_0559,1,tabicl,0.9609109163284302,1
entity_0974,entity_0973,1,tabicl,0.9985987544059753,1
entity_0908,entity_0903,1,tabicl,0.9956063032150269,1
entity_0723,entity_0727,1,tabicl,0.9932200312614441,1
entity_0896,entity_0897,1,tabicl,0.9984519481658936,1
entity_0016,entity_0682,0,tabicl,8.503700428263983e-07,0
entity_0979,entity_0268,0,tabicl,1.2892236327388673e-06,0
entity_0055,entity_0582,0,tabicl,7.959066579132923e-07,0
entity_0385,entity_0384,1,tabicl,0.998668372631073,1
entity_0366,entity_0364,1,tabicl,0.9983639121055603,1
entity_0412,entity_0656,0,tabicl,6.329535722215951e-07,0
entity_0146,entity_0145,1,tabicl,0.9983674883842468,1
entity_0615,entity_0598,0,tabicl,7.062142685754225e-05,0
entity_0283,entity_0286,1,tabicl,0.9944462776184082,1
entity_0997,entity_0992,1,tabicl,0.9945530891418457,1
entity_0548,entity_0273,0,tabicl,1.0566092214503442e-06,0
entity_0448,entity_0444,1,tabicl,0.9984982013702393,1
entity_0820,entity_0818,1,tabicl,0.9970421195030212,1
entity_0373,entity_0810,0,tabicl,5.586248903455271e-07,0
entity_0039,entity_0032,1,tabicl,0.9768515229225159,1
entity_0746,entity_0986,0,tabicl,9.643013072491158e-07,0
entity_0562,entity_0894,0,tabicl,5.543230940929789e-07,0
entity_0571,entity_0876,0,tabicl,7.653123361706093e-07,0
entity_0351,entity_0359,1,tabicl,0.9877927899360657,1
entity_0855,entity_0857,1,tabicl,0.9976383447647095,1
entity_0822,entity_0692,0,tabicl,1.0773029543997836e-06,0
entity_0582,entity_0586,1,tabicl,0.9965510368347168,1
entity_0954,entity_0951,1,tabicl,0.9974852800369263,1
entity_0864,entity_0028,0,tabicl,1.4178172023093794e-06,0
entity_0163,entity_0693,0,tabicl,5.125951929585426e-07,0
entity_0630,entity_0323,0,tabicl,1.2757856211464969e-06,0
entity_0857,entity_1000,0,tabicl,3.52159531757934e-06,0
entity_0899,entity_0922,0,tabicl,2.6237365091219544e-05,0
entity_0624,entity_0623,1,tabicl,0.9986138939857483,1
entity_0621,entity_0630,1,tabicl,0.8953195214271545,1
entity_0092,entity_0173,0,tabicl,1.0864008572752937e-06,0
entity_0906,entity_0909,1,tabicl,0.9971703886985779,1
entity_0160,entity_0743,0,tabicl,5.519966634892626e-07,0
entity_0192,entity_0441,0,tabicl,5.05758748658991e-07,0
entity_0726,entity_0718,0,tabicl,0.9889278411865234,1
entity_0147,entity_0295,0,tabicl,8.270509397334536e-07,0
entity_0490,entity_0486,1,tabicl,0.9981063604354858,1
entity_0591,entity_0596,1,tabicl,0.9957464337348938,1
entity_0642,entity_0641,1,tabicl,0.9984965324401855,1
entity_0027,entity_0028,1,tabicl,0.9946923851966858,1
entity_0199,entity_0524,0,tabicl,7.47005969969905e-07,0
entity_0329,entity_0322,1,tabicl,0.9949875473976135,1
entity_0295,entity_0293,1,tabicl,0.9984214305877686,1
entity_0868,entity_0863,1,tabicl,0.9949549436569214,1
entity_0445,entity_0448,1,tabicl,0.9961155652999878,1
entity_0254,entity_0404,0,tabicl,7.726133617325104e-07,0
entity_0140,entity_0131,1,tabicl,0.9522889852523804,1
entity_0727,entity_0537,0,tabicl,1.1475149221951142e-06,0
entity_0086,entity_0795,0,tabicl,5.284800295157766e-07,0
entity_0617,entity_0222,0,tabicl,1.088318072106631e-06,0
entity_0173,entity_0175,1,tabicl,0.9981022477149963,1
entity_0542,entity_0541,1,tabicl,0.9992421865463257,1
entity_0367,entity_0873,0,tabicl,4.829647650694824e-07,0
entity_0552,entity_0558,1,tabicl,0.9815598130226135,1
entity_0486,entity_0485,1,tabicl,0.9992288947105408,1
entity_0369,entity_0368,1,tabicl,0.9985804557800293,1
entity_0357,entity_0356,1,tabicl,0.998675525188446,1
entity_0208,entity_0206,1,tabicl,0.998091995716095,1
entity_0506,entity_0125,0,tabicl,7.593283157802944e-07,0
entity_0768,entity_0556,0,tabicl,1.4858653685223544e-06,0
entity_0407,entity_0402,1,tabicl,0.9978082776069641,1
entity_0562,entity_0027,0,tabicl,9.076977107724815e-07,0
entity_0184,entity_0188,1,tabicl,0.996536135673523,1
entity_0612,entity_0620,1,tabicl,0.9694722890853882,1
entity_0895,entity_0379,0,tabicl,9.326571444034926e-07,0
entity_0026,entity_0988,0,tabicl,2.1526514046854572e-06,0
entity_0158,entity_0151,1,tabicl,0.9948725700378418,1
entity_0929,entity_0122,0,tabicl,1.0541050414758502e-06,0
entity_0457,entity_0857,0,tabicl,6.334693125609192e-07,0
entity_0617,entity_0616,1,tabicl,0.9986377358436584,1
entity_0324,entity_0329,1,tabicl,0.9917696714401245,1
entity_0018,entity_0266,0,tabicl,8.201257060136413e-07,0
entity_0665,entity_0737,0,tabicl,1.6275765801765374e-06,0
entity_0146,entity_0147,1,tabicl,0.9983798265457153,1
entity_0483,entity_0482,1,tabicl,0.9992782473564148,1
entity_0273,entity_0120,0,tabicl,8.534898370271549e-07,0
entity_0396,entity_0991,0,tabicl,1.2515764638010296e-06,0
entity_0363,entity_0370,1,tabicl,0.9918138980865479,1
entity_0650,entity_0648,1,tabicl,0.9983657598495483,1
entity_0830,entity_0947,0,tabicl,1.1736445912902127e-06,0
entity_0448,entity_0527,0,tabicl,1.3724080645260983e-06,0
entity_0274,entity_0275,1,tabicl,0.9970517158508301,1
entity_0138,entity_0139,1,tabicl,0.9986435770988464,1
entity_0354,entity_0768,0,tabicl,5.896097263757838e-07,0
entity_0069,entity_0726,0,tabicl,6.20711148258124e-07,0
entity_0009,entity_0008,1,tabicl,0.9977161884307861,1
entity_0353,entity_0360,1,tabicl,0.9918138980865479,1
entity_0339,entity_0104,0,tabicl,7.737666010143585e-07,0
entity_0639,entity_0561,0,tabicl,1.3717561841986026e-06,0
entity_0755,entity_0754,1,tabicl,0.9975787997245789,1
entity_0192,entity_0193,1,tabicl,0.9984702467918396,1
entity_0120,entity_0425,0,tabicl,5.024084543947538e-07,0
entity_0547,entity_0372,0,tabicl,9.85121687335777e-07,0
entity_0794,entity_0302,0,tabicl,1.0193758726018132e-06,0
entity_0773,entity_0780,1,tabicl,0.9915906190872192,1
entity_0766,entity_0769,1,tabicl,0.9961697459220886,1
entity_0040,entity_0331,0,tabicl,4.958416184308589e-07,0
entity_0572,entity_0533,0,tabicl,2.1639373244397575e-06,0
entity_0253,entity_0259,1,tabicl,0.9931687116622925,1
entity_0320,entity_0319,1,tabicl,0.9983099699020386,1
entity_0538,entity_0238,0,tabicl,8.527381396561395e-07,0
entity_0708,entity_0004,0,tabicl,1.8991562455994426e-06,0
entity_0011,entity_0014,1,tabicl,0.9944222569465637,1
entity_0989,entity_0988,1,tabicl,0.9978989362716675,1
entity_0341,entity_0282,0,tabicl,1.6839961745063192e-06,0
entity_0455,entity_0451,1,tabicl,0.998293399810791,1
entity_0111,entity_0120,1,tabicl,0.900101363658905,1
entity_0043,entity_0042,1,tabicl,0.9970739483833313,1
entity_0496,entity_0500,1,tabicl,0.9968743324279785,1
entity_0201,entity_0204,1,tabicl,0.9973107576370239,1
entity_0550,entity_0592,0,tabicl,3.3396379421901656e-06,0
entity_0362,entity_0661,0,tabicl,5.217136731516803e-07,0
entity_0967,entity_0963,1,tabicl,0.9974163174629211,1
entity_0392,entity_0391,1,tabicl,0.9989079236984253,1
entity_0523,entity_0251,0,tabicl,8.767806889409258e-07,0
entity_0655,entity_0659,1,tabicl,0.9916627407073975,1
entity_0828,entity_0108,0,tabicl,1.0847816156456247e-06,0
entity_0378,entity_0461,0,tabicl,1.198497784571373e-06,0
entity_0503,entity_0506,1,tabicl,0.9977796673774719,1
entity_0232,entity_0702,0,tabicl,5.677916306012776e-07,0
entity_0179,entity_0178,1,tabicl,0.9983044266700745,1
entity_0541,entity_0272,0,tabicl,1.022629930957919e-06,0
entity_0038,entity_0032,1,tabicl,0.9889397025108337,1
entity_0180,entity_0255,0,tabicl,1.2678932534981868e-06,0
entity_0730,entity_0084,0,tabicl,1.2252893384356867e-06,0
entity_0606,entity_0605,1,tabicl,0.9983044266700745,1
entity_0313,entity_0320,1,tabicl,0.9870795607566833,1
entity_0246,entity_0245,1,tabicl,0.9979260563850403,1
entity_0128,entity_0126,1,tabicl,0.997688889503479,1
entity_0585,entity_0992,0,tabicl,1.1513340041346964e-06,0
entity_0842,entity_0844,1,tabicl,0.9970292448997498,1
entity_0679,entity_0558,0,tabicl,1.2876937489636475e-06,0
entity_0693,entity_0697,1,tabicl,0.9925135970115662,1
entity_0260,entity_0655,0,tabicl,6.459627002186608e-07,0
entity_0216,entity_0117,0,tabicl,8.883883992893971e-07,0
entity_0961,entity_0965,1,tabicl,0.9979945421218872,1
entity_0057,entity_0053,1,tabicl,0.9960945248603821,1
entity_0703,entity_0710,1,tabicl,0.9811026453971863,1
entity_0792,entity_0799,1,tabicl,0.9885901808738708,1
entity_0975,entity_0226,0,tabicl,1.1218149893466034e-06,0
entity_0167,entity_0723,0,tabicl,5.448565048027376e-07,0
entity_0810,entity_0014,0,tabicl,1.7434971368857077e-06,0
entity_0622,entity_0629,1,tabicl,0.9775762557983398,1
entity_0852,entity_0163,0,tabicl,1.0365956768509932e-06,0
entity_0493,entity_0943,0,tabicl,6.338131015581894e-07,0
entity_0763,entity_0670,0,tabicl,1.5287363339666626e-06,0
entity_0378,entity_0813,0,tabicl,4.837512506128405e-07,0
entity_0356,entity_0353,1,tabicl,0.9984702467918396,1
entity_0692,entity_0587,0,tabicl,1.1642102890618844e-06,0
entity_0137,entity_0132,1,tabicl,0.9946751594543457,1
entity_0842,entity_0847,1,tabicl,0.9902769327163696,1
entity_0678,entity_0673,1,tabicl,0.9955199956893921,1
entity_0999,entity_0998,1,tabicl,0.9971703886985779,1
entity_0459,entity_0460,1,tabicl,0.9989359974861145,1
entity_0882,entity_0184,0,tabicl,1.1996355624432908e-06,0
entity_0646,entity_0643,1,tabicl,0.9978389143943787,1
entity_0229,entity_0225,1,tabicl,0.9938535690307617,1
entity_0939,entity_0034,0,tabicl,1.9918916223105043e-06,0
entity_0510,entity_0831,0,tabicl,5.048676712249289e-07,0
entity_0168,entity_0841,0,tabicl,6.165159902593587e-07,0
entity_0818,entity_0815,1,tabicl,0.9961322546005249,1
entity_0049,entity_0607,0,tabicl,8.887536182555777e-07,0
entity_0778,entity_0495,0,tabicl,8.529682418156881e-07,0
entity_0449,entity_0446,1,tabicl,0.9989598989486694,1
entity_0310,entity_0303,1,tabicl,0.9972280263900757,1
entity_0504,entity_0505,1,tabicl,0.9989508390426636,1
entity_0543,entity_0102,0,tabicl,9.326259942099568e-07,0
entity_0390,entity_0386,1,tabicl,0.9976788759231567,1
entity_0235,entity_0236,1,tabicl,0.9969379305839539,1
entity_0036,entity_0817,0,tabicl,6.063977480152971e-07,0
entity_0871,entity_0774,0,tabicl,1.1203695748918108e-06,0
entity_0932,entity_0936,1,tabicl,0.9971365928649902,1
entity_0130,entity_0148,0,tabicl,0.0005950824706815183,0
entity_0883,entity_0881,1,tabicl,0.9974961280822754,1
entity_0361,entity_0364,1,tabicl,0.9959701299667358,1
entity_0355,entity_0724,0,tabicl,4.979304435437371e-07,0
entity_0789,entity_0656,0,tabicl,1.0999682444889913e-06,0
entity_0163,entity_0166,1,tabicl,0.997460663318634,1
entity_0742,entity_0743,1,tabicl,0.9979372024536133,1
entity_0987,entity_0985,1,tabicl,0.9982635378837585,1
entity_0181,entity_0185,1,tabicl,0.9963790774345398,1
entity_0241,entity_0885,0,tabicl,6.418582074729784e-07,0
entity_0497,entity_0080,0,tabicl,7.907422627795313e-07,0
entity_0597,entity_0594,1,tabicl,0.9984299540519714,1
entity_0535,entity_0844,0,tabicl,6.118512487773842e-07,0
entity_0614,entity_0612,1,tabicl,0.9984982013702393,1
entity_0927,entity_0922,1,tabicl,0.9964334964752197,1
entity_0827,entity_0828,1,tabicl,0.9975866079330444,1
entity_0812,entity_0482,0,tabicl,8.349409768015903e-07,0
entity_0955,entity_0389,0,tabicl,9.831198894971749e-07,0
entity_0952,entity_0953,1,tabicl,0.9986406564712524,1
entity_0595,entity_0864,0,tabicl,7.3499626296325e-07,0
entity_0468,entity_0377,0,tabicl,1.2927250736538554e-06,0
entity_0329,entity_0668,0,tabicl,5.650260277434427e-07,0
entity_0169,entity_0046,0,tabicl,1.2118611039113603e-06,0
entity_0171,entity_0178,1,tabicl,0.9903393983840942,1
entity_0268,entity_0437,0,tabicl,7.21953824722732e-07,0
entity_0505,entity_0507,1,tabicl,0.9985711574554443,1
entity_0712,entity_0714,1,tabicl,0.9975839853286743,1
entity_0265,entity_0267,1,tabicl,0.9966827630996704,1
entity_0225,entity_0048,0,tabicl,9.793272965907818e-07,0
entity_0209,entity_0279,0,tabicl,1.6593957070654142e-06,0
entity_0744,entity_0689,0,tabicl,1.0349784815844032e-06,0
entity_0661,entity_0667,1,tabicl,0.9840152859687805,1
entity_0763,entity_0622,0,tabicl,1.0558214853517711e-06,0
entity_0233,entity_0038,0,tabicl,1.0548914133323706e-06,0
entity_0226,entity_0224,1,tabicl,0.997191846370697,1
entity_0853,entity_0423,0,tabicl,7.309196803362283e-07,0
entity_0028,entity_0025,1,tabicl,0.9964411854743958,1
entity_0076,entity_0195,0,tabicl,8.34544550798455e-07,0
entity_0312,entity_0698,0,tabicl,5.331596071300737e-07,0
entity_0748,entity_0363,0,tabicl,9.05115712157567e-07,0
entity_0378,entity_0984,0,tabicl,7.336019507420133e-07,0
entity_0982,entity_0983,1,tabicl,0.9981669187545776,1
entity_0190,entity_0193,0,tabicl,0.9977627396583557,1
entity_0992,entity_0991,1,tabicl,0.9972991347312927,1
entity_0640,entity_0496,0,tabicl,1.2568069678309257e-06,0
entity_0494,entity_0492,1,tabicl,0.9989519715309143,1
entity_0056,entity_0087,0,tabicl,9.548896741762292e-06,0
entity_0857,entity_0994,0,tabicl,2.1338289570849156e-06,0
entity_0413,entity_0376,0,tabicl,3.872546130878618e-06,0
entity_0281,entity_0208,0,tabicl,1.3676924481842434e-06,0
entity_0687,entity_0868,0,tabicl,5.74842999867542e-07,0
entity_0210,entity_0887,0,tabicl,6.101101917010965e-07,0
entity_0760,entity_0759,1,tabicl,0.9975866079330444,1
entity_0538,entity_0986,0,tabicl,8.212379611904908e-07,0
entity_0401,entity_0410,1,tabicl,0.9641193747520447,1
entity_0496,entity_0942,0,tabicl,5.885709697395214e-07,0
entity_0693,entity_0700,1,tabicl,0.9772408604621887,1
entity_0480,entity_0268,0,tabicl,1.1679868521241588e-06,0
entity_0627,entity_0021,0,tabicl,1.2916739251522813e-06,0
entity_0734,entity_0732,1,tabicl,0.9965918064117432,1
entity_0250,entity_0337,0,tabicl,1.3078037000013865e-06,0
entity_0468,entity_0443,0,tabicl,9.756397048477083e-06,0
entity_0678,entity_0986,0,tabicl,9.480900189373642e-07,0
entity_0627,entity_0621,1,tabicl,0.9948337078094482,1
entity_0020,entity_0217,0,tabicl,9.854572908807313e-07,0
entity_0287,entity_0677,0,tabicl,6.530101472890237e-07,0
entity_0167,entity_0170,1,tabicl,0.9976229071617126,1
entity_0289,entity_0647,0,tabicl,5.54548876152694e-07,0
entity_0767,entity_0763,1,tabicl,0.9955103397369385,1
entity_0022,entity_0027,1,tabicl,0.9867998361587524,1
entity_0356,entity_0359,1,tabicl,0.9970325231552124,1
entity_0321,entity_0138,0,tabicl,8.634451660327613e-07,0
entity_0831,entity_0147,0,tabicl,1.0409622746010427e-06,0
entity_0736,entity_0225,0,tabicl,9.983713198380428e-07,0
entity_0980,entity_0971,1,tabicl,0.920170247554779,1
entity_0577,entity_0339,0,tabicl,9.383034580423555e-07,0
entity_0349,entity_0264,0,tabicl,1.2480983286877745e-06,0
entity_0718,entity_0715,1,tabicl,0.9954419136047363,1
entity_0489,entity_0483,1,tabicl,0.9955872893333435,1
entity_0315,entity_0318,1,tabicl,0.9953120946884155,1
entity_0275,entity_0272,1,tabicl,0.9981468915939331,1
entity_0188,entity_0068,0,tabicl,1.039198764374305e-06,0
entity_0505,entity_0510,1,tabicl,0.9955968260765076,1
entity_0825,entity_0253,0,tabicl,1.213177029057988e-06,0
entity_0493,entity_0112,0,tabicl,9.555133146932349e-07,0
entity_0262,entity_0266,1,tabicl,0.9941888451576233,1
entity_0662,entity_0663,1,tabicl,0.9969046115875244,1
entity_0067,entity_0608,0,tabicl,8.648510174680268e-07,0
entity_0633,entity_0293,0,tabicl,1.1252813010287355e-06,0
entity_0007,entity_0010,1,tabicl,0.9935201406478882,1
entity_0765,entity_0169,0,tabicl,1.1866096656376612e-06,0
entity_0416,entity_0417,1,tabicl,0.9985509514808655,1
entity_0125,entity_0127,1,tabicl,0.9978482723236084,1
entity_0722,entity_0723,1,tabicl,0.9974247217178345,1
entity_0936,entity_0934,1,tabicl,0.9980732798576355,1
entity_0648,entity_0175,0,tabicl,9.68693370850815e-07,0
entity_0398,entity_0742,0,tabicl,5.478200932884647e-07,0
entity_0019,entity_0740,0,tabicl,6.941081096556445e-07,0
entity_0915,entity_0865,0,tabicl,2.3836105356167536e-06,0
entity_0850,entity_0844,1,tabicl,0.9898172616958618,1
entity_0081,entity_0088,1,tabicl,0.9871622920036316,1
entity_0391,entity_0395,1,tabicl,0.9932419061660767,1
entity_0693,entity_0698,1,tabicl,0.989128053188324,1
entity_0314,entity_0384,0,tabicl,1.318758677371079e-06,0
entity_0958,entity_0960,1,tabicl,0.9984801411628723,1
entity_0513,entity_0637,0,tabicl,9.339860866930394e-07,0
entity_0977,entity_0466,0,tabicl,9.064667665370507e-07,0
entity_0957,entity_0955,1,tabicl,0.998204231262207,1
entity_0048,entity_0049,1,tabicl,0.9970865845680237,1
entity_0002,entity_0006,1,tabicl,0.9844862222671509,1
entity_0556,entity_0850,0,tabicl,7.112626576599723e-07,0
entity_0432,entity_0434,1,tabicl,0.9967851638793945,1
entity_0819,entity_0940,0,tabicl,1.01289776921476e-06,0
entity_0739,entity_0817,0,tabicl,1.5079191371114575e-06,0
entity_0282,entity_0205,0,tabicl,1.3320610605660477e-06,0
entity_0571,entity_0579,1,tabicl,0.9705764651298523,1
entity_0138,entity_0001,0,tabicl,6.166798812046181e-06,0
entity_0200,entity_0231,0,tabicl,6.116247732279589e-06,0
entity_0780,entity_0776,1,tabicl,0.9949111342430115,1
entity_0906,entity_0904,1,tabicl,0.9978805780410767,1
entity_0602,entity_0610,1,tabicl,0.9761543869972229,1
entity_0418,entity_0415,1,tabicl,0.9988570809364319,1
entity_0684,entity_0686,1,tabicl,0.9958731532096863,1
entity_0267,entity_0268,1,tabicl,0.9974662065505981,1
entity_0163,entity_0029,0,tabicl,1.4130656609268044e-06,0
entity_0664,entity_0525,0,tabicl,1.1608598242673906e-06,0
entity_0837,entity_0357,0,tabicl,7.580801479889487e-07,0
entity_0494,entity_0782,0,tabicl,6.28419741133257e-07,0
entity_0849,entity_0845,1,tabicl,0.9938270449638367,1
entity_0831,entity_0124,0,tabicl,1.030287876346847e-06,0
entity_0412,entity_0417,1,tabicl,0.9952765703201294,1
entity_0599,entity_0746,0,tabicl,8.813706244836794e-07,0
entity_0281,entity_0972,0,tabicl,6.826246590208029e-07,0
entity_0164,entity_0557,0,tabicl,9.295004588238953e-07,0
entity_0701,entity_0312,0,tabicl,1.0115945769939572e-06,0
entity_0683,entity_0470,0,tabicl,9.744910585141042e-07,0
entity_0056,entity_0058,1,tabicl,0.9972459077835083,1
entity_0108,entity_0101,1,tabicl,0.9948781132698059,1
entity_0733,entity_0736,1,tabicl,0.9962839484214783,1
entity_0605,entity_0729,0,tabicl,9.198436146107269e-07,0
entity_0680,entity_0922,0,tabicl,6.181904836921603e-07,0
entity_0545,entity_0964,0,tabicl,8.454253475065343e-07,0
entity_0618,entity_0412,0,tabicl,1.1430106496845838e-06,0
entity_0302,entity_0438,0,tabicl,8.48180832235812e-07,0
entity_0577,entity_0579,1,tabicl,0.9973511695861816,1
entity_0144,entity_0692,0,tabicl,5.914519078942249e-07,0
entity_0351,entity_0938,0,tabicl,7.147440896915214e-07,0
entity_0493,entity_0495,1,tabicl,0.9986625909805298,1
entity_0779,entity_0772,1,tabicl,0.9884795546531677,1
entity_0284,entity_0283,1,tabicl,0.9982484579086304,1
entity_0464,entity_0328,0,tabicl,1.0502509439902497e-06,0
entity_0537,entity_0869,0,tabicl,5.31282580595871e-07,0
entity_0609,entity_0833,0,tabicl,5.351880645321216e-07,0
entity_0773,entity_0772,1,tabicl,0.9967607855796814,1
entity_0416,entity_0546,0,tabicl,8.629182275399216e-07,0
entity_0215,entity_0314,0,tabicl,9.593445611244533e-07,0
entity_0390,entity_0162,0,tabicl,7.957449383866333e-07,0
entity_0342,entity_0655,0,tabicl,5.288379725243431e-07,0
entity_0784,entity_0788,1,tabicl,0.9958998560905457,1
entity_0713,entity_0711,1,tabicl,0.9966102242469788,1
entity_0394,entity_0531,0,tabicl,6.841073059149494e-07,0
entity_0022,entity_0028,1,tabicl,0.983193039894104,1
entity_0288,entity_0289,1,tabicl,0.9970099329948425,1
entity_0689,entity_0751,0,tabicl,2.129222593794111e-06,0
entity_0645,entity_0646,1,tabicl,0.9974961280822754,1
entity_0245,entity_0166,0,tabicl,1.1967513273702934e-06,0
entity_0813,entity_0166,0,tabicl,1.257959297618072e-06,0
entity_0561,entity_0569,1,tabicl,0.967073380947113,1
entity_0013,entity_0017,1,tabicl,0.9935619235038757,1
entity_0932,entity_0353,0,tabicl,9.500205919721338e-07,0
entity_0110,entity_0668,0,tabicl,6.026262440173014e-07,0
entity_0476,entity_0474,1,tabicl,0.9990072846412659,1
entity_0370,entity_0740,0,tabicl,4.925571488456626e-07,0
entity_0308,entity_0843,0,tabicl,6.366561819959315e-07,0
entity_0161,entity_0112,0,tabicl,2.521912392694503e-06,0
entity_0511,entity_0582,0,tabicl,1.5328707831940847e-06,0
entity_0889,entity_0890,1,tabicl,0.9982784986495972,1
entity_0137,entity_0135,1,tabicl,0.9969412088394165,1
entity_0934,entity_0935,1,tabicl,0.998597264289856,1
entity_0422,entity_0428,1,tabicl,0.9920054078102112,1
entity_0297,entity_0602,0,tabicl,6.155131586638163e-07,0
entity_0459,entity_0456,1,tabicl,0.9986841082572937,1
entity_0584,entity_0590,1,tabicl,0.9934357404708862,1
entity_0017,entity_0016,1,tabicl,0.99764084815979,1
entity_0082,entity_0679,0,tabicl,5.58397459826665e-07,0
entity_0948,entity_0946,1,tabicl,0.997928261756897,1
entity_0802,entity_0805,1,tabicl,0.99595707654953,1
entity_0899,entity_0094,0,tabicl,1.3333269635040779e-06,0
entity_0525,entity_0521,1,tabicl,0.9982274174690247,1
entity_0099,entity_0072,0,tabicl,1.585340032761451e-05,0
entity_0608,entity_0415,0,tabicl,1.0425171694805613e-06,0
entity_0243,entity_0250,1,tabicl,0.9903290271759033,1
entity_0707,entity_0704,1,tabicl,0.9949820637702942,1
entity_0362,entity_0236,0,tabicl,1.064774437509186e-06,0
entity_0209,entity_0207,1,tabicl,0.9982293248176575,1
entity_0898,entity_0895,1,tabicl,0.9977505803108215,1
entity_0229,entity_0228,1,tabicl,0.99739670753479,1
entity_0898,entity_0896,1,tabicl,0.9982465505599976,1
entity_0663,entity_0665,1,tabicl,0.9958283305168152,1
entity_0713,entity_0517,0,tabicl,1.2245837979207863e-06,0
entity_0112,entity_0649,0,tabicl,5.626552024295961e-07,0
entity_0405,entity_0410,1,tabicl,0.9944761395454407,1
entity_0802,entity_0037,0,tabicl,1.162001922239142e-06,0
entity_0701,entity_0706,1,tabicl,0.9913241863250732,1
entity_0348,entity_0346,1,tabicl,0.9987151622772217,1
entity_0286,entity_0290,1,tabicl,0.9941574335098267,1
entity_0717,entity_0714,1,tabicl,0.9952867031097412,1
entity_0409,entity_0410,1,tabicl,0.9984536170959473,1
entity_0682,entity_0688,1,tabicl,0.9829583764076233,1
entity_0754,entity_0005,0,tabicl,2.010345724556828e-06,0
entity_0280,entity_0296,0,tabicl,0.0003757219819817692,0
entity_0562,entity_0635,0,tabicl,1.5853089507800178e-06,0
entity_0890,entity_0979,0,tabicl,2.0229967958584893e-06,0
entity_0039,entity_0948,0,tabicl,9.117693480220623e-07,0
entity_0083,entity_0653,0,tabicl,6.40119083072932e-07,0
entity_0579,entity_0573,1,tabicl,0.9963079690933228,1
entity_0186,entity_0184,1,tabicl,0.9979260563850403,1
entity_0007,entity_0005,1,tabicl,0.9969642758369446,1
entity_0241,entity_0348,0,tabicl,1.0973603821184952e-06,0
entity_0348,entity_0883,0,tabicl,5.05484308632731e-07,0
entity_0641,entity_0455,0,tabicl,9.950597359420499e-07,0
entity_0013,entity_0011,1,tabicl,0.9971147775650024,1
entity_0752,entity_0662,0,tabicl,1.376697014165984e-06,0
entity_0792,entity_0394,0,tabicl,9.38239963943488e-07,0
entity_0312,entity_0688,0,tabicl,5.299871190800332e-07,0
entity_0631,entity_0632,1,tabicl,0.9975337982177734,1
entity_0300,entity_0298,1,tabicl,0.9982484579086304,1
entity_0608,entity_0604,1,tabicl,0.9975096583366394,1
entity_0526,entity_0828,0,tabicl,5.599903829534014e-07,0
entity_0160,entity_0069,0,tabicl,1.1220428177693975e-06,0
entity_0618,entity_0869,0,tabicl,6.665224532298453e-07,0
entity_0731,entity_0597,0,tabicl,1.1649209454844822e-06,0
entity_0763,entity_0203,0,tabicl,1.3188706589062349e-06,0
entity_0040,entity_0036,1,tabicl,0.9951629638671875,1
entity_0462,entity_0578,0,tabicl,9.528596933705558e-07,0
entity_0908,entity_0427,0,tabicl,9.71257577475626e-07,0
entity_0169,entity_0161,1,tabicl,0.9916985034942627,1
entity_0292,entity_0298,1,tabicl,0.9901612997055054,1
entity_0828,entity_0822,1,tabicl,0.991707444190979,1
entity_0320,entity_0311,1,tabicl,0.9811628460884094,1
entity_0528,entity_0524,1,tabicl,0.9983227252960205,1
entity_0996,entity_0171,0,tabicl,2.162033297281596e-06,0
entity_0572,entity_0555,0,tabicl,6.764042336726561e-05,0
entity_0787,entity_0790,1,tabicl,0.9968709349632263,1
entity_0688,entity_0689,1,tabicl,0.997342586517334,1
entity_0774,entity_0927,0,tabicl,8.442788725915307e-07,0
entity_0121,entity_0130,1,tabicl,0.9222959280014038,1
entity_0327,entity_0699,0,tabicl,5.986349265185709e-07,0
entity_0499,entity_0469,0,tabicl,4.533048013399821e-06,0
entity_0311,entity_0524,0,tabicl,6.147623139440839e-07,0
entity_0861,entity_0862,1,tabicl,0.9984333515167236,1
entity_0304,entity_0306,1,tabicl,0.9952612519264221,1
entity_0018,entity_0013,1,tabicl,0.9969708323478699,1
entity_0931,entity_0934,1,tabicl,0.9978966116905212,1
entity_0918,entity_0913,1,tabicl,0.9958148002624512,1
entity_0274,entity_0807,0,tabicl,6.702392170154781e-07,0
entity_0700,entity_0696,1,tabicl,0.9954763054847717,1
entity_0851,entity_0860,1,tabicl,0.9236076474189758,1
entity_0503,entity_0507,1,tabicl,0.9968743324279785,1
entity_0652,entity_0077,0,tabicl,1.1931457493119524e-06,0
entity_0413,entity_0420,1,tabicl,0.9908547401428223,1
entity_0409,entity_0403,1,tabicl,0.9975761771202087,1
entity_0932,entity_0752,0,tabicl,1.1693933856804506e-06,0
entity_0482,entity_0626,0,tabicl,7.390949008367897e-07,0
entity_0971,entity_0977,1,tabicl,0.9958418607711792,1
entity_0922,entity_0642,0,tabicl,9.93104777080589e-07,0
entity_0033,entity_0650,0,tabicl,9.173513717541937e-07,0
entity_0844,entity_0849,1,tabicl,0.9907757639884949,1
entity_0261,entity_0287,0,tabicl,8.866888492775615e-06,0
entity_0975,entity_0979,1,tabicl,0.9971674084663391,1
entity_0440,entity_0746,0,tabicl,6.02463046561752e-07,0
entity_0990,entity_0054,0,tabicl,3.584783826227067e-06,0
entity_0064,entity_0067,1,tabicl,0.9968505501747131,1
entity_0221,entity_0230,1,tabicl,0.9590350985527039,1
entity_0094,entity_0690,0,tabicl,5.893696766179346e-07,0
entity_0035,entity_0862,0,tabicl,6.968433581278077e-07,0
entity_0044,entity_0042,1,tabicl,0.9966394305229187,1
entity_0623,entity_0625,1,tabicl,0.9961739182472229,1
entity_0454,entity_0451,1,tabicl,0.9987947344779968,1
entity_0015,entity_0268,0,tabicl,7.510189448112214e-07,0
entity_0798,entity_0796,1,tabicl,0.9970260262489319,1
entity_0122,entity_0201,0,tabicl,1.094831759473891e-06,0
entity_0729,entity_0436,0,tabicl,1.034628212437383e-06,0
entity_0258,entity_0977,0,tabicl,7.535693953286682e-07,0
entity_0281,entity_0290,1,tabicl,0.9401946067810059,1
entity_0167,entity_0163,1,tabicl,0.9969478249549866,1
entity_0565,entity_0725,0,tabicl,6.779185923733166e-07,0
entity_0478,entity_0077,0,tabicl,9.545742614136543e-07,0
entity_0884,entity_0882,1,tabicl,0.9973511695861816,1
entity_0872,entity_0763,0,tabicl,1.1100851224910002e-06,0
entity_0527,entity_0380,0,tabicl,1.0845611768672825e-06,0
entity_0751,entity_0757,1,tabicl,0.9906960725784302,1
entity_0397,entity_0396,1,tabicl,0.9989462494850159,1
entity_0608,entity_0447,0,tabicl,1.024296125251567e-06,0
entity_0870,entity_0869,1,tabicl,0.998284101486206,1
entity_0668,entity_0871,0,tabicl,5.402200713433558e-07,0
entity_0410,entity_0663,0,tabicl,5.828512144034903e-07,0
entity_0400,entity_0399,1,tabicl,0.9989553689956665,1
entity_0857,entity_0210,0,tabicl,1.062574142451922e-06,0
entity_0366,entity_0362,1,tabicl,0.9974579215049744,1
entity_0928,entity_0798,0,tabicl,1.104377702176862e-06,0
entity_0066,entity_0065,1,tabicl,0.9977161884307861,1
entity_0568,entity_0163,0,tabicl,1.0923109812210896e-06,0
entity_0972,entity_0136,0,tabicl,1.5641642221453367e-06,0
entity_0479,entity_0480,1,tabicl,0.9991255402565002,1
entity_0637,entity_0638,1,tabicl,0.9966791868209839,1
entity_0918,entity_0383,0,tabicl,1.1397592061257455e-06,0
entity_0213,entity_0220,1,tabicl,0.9875683784484863,1
entity_0581,entity_0632,0,tabicl,2.471929747116519e-06,0
entity_0934,entity_0939,1,tabicl,0.9959174990653992,1
entity_0934,entity_0176,0,tabicl,1.2151119790360099e-06,0
entity_0047,entity_0042,1,tabicl,0.995718777179718,1
entity_0099,entity_0100,1,tabicl,0.9980459213256836,1
entity_0909,entity_0731,0,tabicl,1.3534314575736062e-06,0
entity_0616,entity_0620,1,tabicl,0.9938535690307617,1
entity_0542,entity_0548,1,tabicl,0.9882675409317017,1
entity_0320,entity_0187,0,tabicl,1.0465195146025508e-06,0
entity_0541,entity_0087,0,tabicl,9.891056151900557e-07,0
entity_0141,entity_0145,1,tabicl,0.996383011341095,1
entity_0140,entity_0289,0,tabicl,8.41534415485512e-07,0
entity_0790,entity_0774,0,tabicl,6.987829692661762e-05,0
entity_0491,entity_0007,0,tabicl,1.1002650808222825e-06,0
entity_0126,entity_0125,1,tabicl,0.9982293248176575,1
entity_0747,entity_0748,1,tabicl,0.9978783130645752,1
entity_0320,entity_0315,1,tabicl,0.9976305961608887,1
entity_0546,entity_0910,0,tabicl,5.11484245180327e-07,0
entity_0338,entity_0339,1,tabicl,0.9967817068099976,1
entity_0431,entity_0800,0,tabicl,5.904898330300057e-07,0
entity_0360,entity_0645,0,tabicl,5.342452027434774e-07,0
entity_0448,entity_0986,0,tabicl,7.397972581202339e-07,0
entity_0543,entity_0202,0,tabicl,8.781790370449016e-07,0
entity_0891,entity_0897,1,tabicl,0.9905346632003784,1
entity_0203,entity_0201,1,tabicl,0.9979506134986877,1
entity_0556,entity_0962,0,tabicl,7.869971909713058e-07,0
entity_0508,entity_0718,0,tabicl,6.223126547411084e-07,0
entity_0616,entity_0581,0,tabicl,2.6025345505331643e-06,0
entity_0991,entity_0044,0,tabicl,3.6224837458576076e-06,0
entity_0832,entity_0836,1,tabicl,0.9933645725250244,1
entity_0175,entity_0683,0,tabicl,5.672530960509903e-07,0
entity_0413,entity_0414,1,tabicl,0.998481810092926,1
entity_0545,entity_0546,1,tabicl,0.9986697435379028,1
entity_0624,entity_0542,0,tabicl,1.444996769350837e-06,0
entity_0525,entity_0528,1,tabicl,0.9982654452323914,1
entity_0731,entity_0359,0,tabicl,1.0204828413407085e-06,0
entity_0485,entity_0086,0,tabicl,1.0632583098413306e-06,0
entity_0005,entity_0872,0,tabicl,1.4686091844851035e-06,0
entity_0130,entity_0485,0,tabicl,5.375164278120792e-07,0
entity_0433,entity_0340,0,tabicl,1.1398365131753962e-06,0
entity_0789,entity_0787,1,tabicl,0.9965584874153137,1
entity_0368,entity_0362,1,tabicl,0.9965022802352905,1
entity_0149,entity_0150,1,tabicl,0.9980981945991516,1
entity_0845,entity_0846,1,tabicl,0.9976988434791565,1
entity_0207,entity_0210,1,tabicl,0.9969279766082764,1
entity_0166,entity_0169,1,tabicl,0.996924638748169,1
entity_0480,entity_0476,1,tabicl,0.9980182647705078,1
entity_0890,entity_0221,0,tabicl,8.565051530240453e-07,0
entity_0649,entity_0648,1,tabicl,0.9985367059707642,1
entity_0098,entity_0095,1,tabicl,0.9983407855033875,1
entity_0921,entity_0922,1,tabicl,0.9985987544059753,1
entity_0157,entity_0064,0,tabicl,1.1635009968813392e-06,0
entity_0694,entity_0636,0,tabicl,1.130061605181254e-06,0
entity_0341,entity_0163,0,tabicl,9.428324005966715e-07,0
entity_0914,entity_0783,0,tabicl,1.2767812904712628e-06,0
entity_0644,entity_0015,0,tabicl,1.34549748054269e-06,0
entity_0125,entity_0445,0,tabicl,4.816562295673066e-07,0
entity_0330,entity_0388,0,tabicl,1.8644440160642262e-06,0
entity_0257,entity_0254,1,tabicl,0.9972370266914368,1
entity_0100,entity_0288,0,tabicl,5.975802537250274e-07,0
entity_0225,entity_0474,0,tabicl,7.370922503469046e-07,0
entity_0647,entity_0650,1,tabicl,0.9947776794433594,1
entity_0592,entity_0591,1,tabicl,0.9989474415779114,1
entity_0905,entity_0906,1,tabicl,0.9981247782707214,1
entity_0821,entity_0828,1,tabicl,0.9808189272880554,1
entity_0462,entity_0461,1,tabicl,0.9992813467979431,1
entity_0612,entity_0613,1,tabicl,0.9975444674491882,1
entity_0082,entity_0910,0,tabicl,6.70057090701448e-07,0
entity_0006,entity_0046,0,tabicl,1.3867994312022347e-05,0
entity_0773,entity_0390,0,tabicl,8.494476446685439e-07,0
entity_0927,entity_0664,0,tabicl,9.970192422770197e-07,0
entity_0087,entity_0081,1,tabicl,0.9958102703094482,1
entity_0810,entity_0473,0,tabicl,8.850843755681126e-07,0
entity_0650,entity_0549,0,tabicl,1.2984803561266745e-06,0
entity_0507,entity_0508,1,tabicl,0.9990708231925964,1
entity_0124,entity_0122,1,tabicl,0.9981368780136108,1
entity_0841,entity_0255,0,tabicl,1.1010870366590098e-06,0
entity_0712,entity_0708,0,tabicl,0.9949874877929688,1
entity_0755,entity_0871,0,tabicl,1.0934970759990392e-06,0
entity_0329,entity_0565,0,tabicl,5.814299584017135e-07,0
entity_0270,entity_0322,0,tabicl,2.77531512438145e-06,0
entity_0592,entity_0273,0,tabicl,1.4393976925930474e-06,0
entity_0421,entity_0426,1,tabicl,0.9946809411048889,1
entity_0577,entity_0026,0,tabicl,1.0109079084941186e-06,0
entity_0631,entity_0639,1,tabicl,0.9571623206138611,1
entity_0227,entity_0224,1,tabicl,0.9955872893333435,1
entity_0134,entity_0135,1,tabicl,0.9983763694763184,1
entity_0325,entity_0328,1,tabicl,0.9948337078094482,1
entity_0712,entity_0716,1,tabicl,0.9961113333702087,1
entity_0042,entity_0607,0,tabicl,9.830533826971077e-07,0
entity_0834,entity_0929,0,tabicl,1.270518623641692e-06,0
entity_0852,entity_0855,1,tabicl,0.9965323805809021,1
entity_0849,entity_0846,1,tabicl,0.995250940322876,1
entity_0160,entity_0152,1,tabicl,0.992416262626648,1
entity_0503,entity_0208,0,tabicl,1.00998272500874e-06,0
entity_0084,entity_0081,1,tabicl,0.9979462027549744,1
entity_0429,entity_0423,1,tabicl,0.9976938962936401,1
entity_0997,entity_0806,0,tabicl,3.7062247884023236e-06,0
entity_0278,entity_0363,0,tabicl,1.2991406492801616e-06,0
entity_0092,entity_0640,0,tabicl,6.387311941580265e-07,0
entity_0801,entity_0349,0,tabicl,8.477214805679978e-07,0
entity_0980,entity_0949,0,tabicl,1.2544510354928207e-05,0
entity_0892,entity_0526,0,tabicl,8.031180414036498e-07,0
entity_0954,entity_0466,0,tabicl,8.776724484960141e-07,0
entity_0522,entity_0527,1,tabicl,0.9964450597763062,1
entity_0696,entity_0236,0,tabicl,1.0245735211356077e-06,0
entity_0217,entity_0195,0,tabicl,2.0555269657052122e-05,0
entity_0718,entity_0610,0,tabicl,1.2180403246020433e-06,0
entity_0570,entity_0568,1,tabicl,0.9991005659103394,1
entity_0341,entity_0344,1,tabicl,0.9951052069664001,1
entity_0205,entity_0207,1,tabicl,0.9977651834487915,1
entity_0874,entity_0186,0,tabicl,1.0920141448877985e-06,0
entity_0210,entity_0879,0,tabicl,5.988787847854837e-07,0
entity_0777,entity_0775,1,tabicl,0.9959307312965393,1
entity_0230,entity_0226,1,tabicl,0.9934145212173462,1
entity_0131,entity_0957,0,tabicl,7.076057499944e-07,0
entity_0230,entity_0229,1,tabicl,0.9973825216293335,1
entity_0158,entity_0157,1,tabicl,0.9989553689956665,1
entity_0707,entity_0702,1,tabicl,0.9948392510414124,1
entity_0438,entity_0808,0,tabicl,5.947500767433667e-07,0
entity_0093,entity_0960,0,tabicl,8.726871669750835e-07,0
entity_0096,entity_0099,1,tabicl,0.9959527254104614,1
entity_0857,entity_0325,0,tabicl,8.27836913686042e-07,0
entity_0492,entity_0497,1,tabicl,0.9958598017692566,1
entity_0421,entity_0408,0,tabicl,0.004916010424494743,0
entity_0783,entity_0789,1,tabicl,0.9930872321128845,1
entity_0602,entity_0607,1,tabicl,0.9940876960754395,1
entity_0132,entity_0133,1,tabicl,0.9981846809387207,1
entity_0764,entity_0767,1,tabicl,0.9960434436798096,1
entity_0148,entity_0158,0,tabicl,0.9194499254226685,1
entity_0044,entity_0529,0,tabicl,7.496957437069796e-07,0
entity_0017,entity_0749,0,tabicl,7.472596053048619e-07,0
entity_0266,entity_0263,1,tabicl,0.9972400069236755,1
entity_0620,entity_0229,0,tabicl,1.091347826331912e-06,0
entity_0920,entity_0912,1,tabicl,0.9823291897773743,1
entity_0585,entity_0590,1,tabicl,0.9955297112464905,1
entity_0709,entity_0704,1,tabicl,0.9949549436569214,1
entity_0466,entity_0467,1,tabicl,0.9989721775054932,1
entity_0170,entity_0169,1,tabicl,0.9982654452323914,1
entity_0686,entity_0597,0,tabicl,1.2671631566263386e-06,0
entity_0155,entity_0156,1,tabicl,0.9985030889511108,1
entity_0800,entity_0798,1,tabicl,0.996990442276001,1
entity_0345,entity_0341,1,tabicl,0.9980416893959045,1
entity_0154,entity_0151,1,tabicl,0.9982312917709351,1
entity_0897,entity_0085,0,tabicl,1.4801078123127809e-06,0
entity_0087,entity_0252,0,tabicl,6.593285775124968e-07,0
entity_0176,entity_0172,1,tabicl,0.9958686828613281,1
entity_0443,entity_0448,1,tabicl,0.9931687116622925,1
entity_0091,entity_0097,1,tabicl,0.9867289662361145,1
entity_0588,entity_0586,1,tabicl,0.9989996552467346,1
entity_0915,entity_0918,1,tabicl,0.9980774521827698,1
entity_0810,entity_0809,1,tabicl,0.9973136782646179,1
entity_0769,entity_0749,0,tabicl,1.0684703738661483e-05,0
entity_0642,entity_0173,0,tabicl,1.174917770185857e-06,0
entity_1000,entity_0296,0,tabicl,7.435137376887724e-06,0
entity_0734,entity_0733,1,tabicl,0.9971643090248108,1
entity_0201,entity_0062,0,tabicl,1.0220995818599476e-06,0
entity_0747,entity_0743,1,tabicl,0.995886504650116,1
entity_0973,entity_0804,0,tabicl,1.7298846159974346e-06,0
entity_0298,entity_0299,1,tabicl,0.9970676302909851,1
entity_0994,entity_0992,1,tabicl,0.9974441528320312,1
entity_0363,entity_0369,1,tabicl,0.9928601384162903,1
entity_0637,entity_0640,1,tabicl,0.9928678274154663,1
entity_0383,entity_0381,1,tabicl,0.9984998106956482,1
entity_0861,entity_0264,0,tabicl,1.1399907862141845e-06,0
entity_0762,entity_0767,1,tabicl,0.9944102168083191,1
entity_0413,entity_0059,0,tabicl,8.816699619274004e-07,0
entity_0457,entity_0453,1,tabicl,0.9981226921081543,1
entity_0819,entity_0001,0,tabicl,2.6702268769440707e-06,0
entity_0934,entity_0716,0,tabicl,9.645625596022e-07,0
entity_0167,entity_0049,0,tabicl,1.2150284192102845e-06,0
entity_0446,entity_0215,0,tabicl,7.806181088199082e-07,0
entity_0647,entity_0248,0,tabicl,1.0598395192573662e-06,0
entity_0426,entity_0064,0,tabicl,8.769587793722167e-07,0
entity_0490,entity_0734,0,tabicl,6.772755796191632e-07,0
entity_0591,entity_0597,1,tabicl,0.9940235614776611,1
entity_0012,entity_0013,1,tabicl,0.9960605502128601,1
entity_0599,entity_0595,1,tabicl,0.9980502128601074,1
entity_0805,entity_0002,0,tabicl,2.2434574020735454e-06,0
entity_0142,entity_0141,1,tabicl,0.9979792237281799,1
entity_0277,entity_0653,0,tabicl,5.662531634698098e-07,0
entity_0956,entity_0132,0,tabicl,1.4465161939369864e-06,0
entity_0365,entity_0563,0,tabicl,5.528964948098292e-07,0
entity_0671,entity_0694,0,tabicl,1.086643442249624e-05,0
entity_0519,entity_0297,0,tabicl,9.411713790541398e-07,0
entity_0051,entity_0059,1,tabicl,0.9793584942817688,1
entity_0888,entity_0889,1,tabicl,0.9982178211212158,1
entity_0265,entity_0083,0,tabicl,8.307892471748346e-07,0
entity_0204,entity_0993,0,tabicl,1.4767985021535424e-06,0
entity_0678,entity_0672,1,tabicl,0.9955489635467529,1
entity_0154,entity_0414,0,tabicl,4.736234018309915e-07,0
entity_0660,entity_0657,1,tabicl,0.9977723956108093,1
entity_0344,entity_0350,1,tabicl,0.9923424124717712,1
entity_0076,entity_0071,1,tabicl,0.9962959885597229,1
entity_0333,entity_0972,0,tabicl,6.254439881558937e-07,0
entity_0672,entity_0676,1,tabicl,0.9879359006881714,1
entity_0453,entity_0949,0,tabicl,6.679701414213923e-07,0
entity_0354,entity_0352,1,tabicl,0.9986243844032288,1
entity_0708,entity_0703,1,tabicl,0.9953172206878662,1
entity_0855,entity_0604,0,tabicl,7.77132243001688e-07,0
entity_0364,entity_0363,1,tabicl,0.998473584651947,1
entity_0594,entity_0605,0,tabicl,0.4400680959224701,0
entity_0197,entity_0199,1,tabicl,0.9979125261306763,1
entity_0838,entity_0291,0,tabicl,8.392551649194502e-07,0
entity_0825,entity_0755,0,tabicl,1.0275658723912784e-06,0
entity_0687,entity_0690,1,tabicl,0.9941131472587585,1
entity_0225,entity_0227,1,tabicl,0.9962475895881653,1
entity_0250,entity_0245,1,tabicl,0.9959831237792969,1
entity_0652,entity_0327,0,tabicl,1.084928499039961e-06,0
entity_0415,entity_0412,1,tabicl,0.9988051652908325,1
entity_0347,entity_0721,0,tabicl,5.841968118147634e-07,0
entity_0210,entity_0414,0,tabicl,5.16223508384428e-07,0
entity_0579,entity_0039,0,tabicl,9.097923907575023e-07,0
entity_0598,entity_0134,0,tabicl,2.514100970074651e-06,0
entity_0375,entity_0380,1,tabicl,0.9945882558822632,1
entity_0955,entity_0062,0,tabicl,2.1949599613435566e-06,0
entity_0886,entity_0908,0,tabicl,3.043824472115375e-05,0
entity_0155,entity_0643,0,tabicl,5.746094871028617e-07,0
entity_0801,entity_0761,0,tabicl,1.694536990726192e-06,0
entity_0750,entity_0749,1,tabicl,0.9976510405540466,1
entity_0094,entity_0095,1,tabicl,0.9975839853286743,1
entity_0134,entity_0132,1,tabicl,0.998062789440155,1
entity_0717,entity_0368,0,tabicl,9.073896194422559e-07,0
entity_0989,entity_0868,0,tabicl,2.6562929633655585e-06,0
entity_0278,entity_0276,1,tabicl,0.9985711574554443,1
entity_0469,entity_0466,1,tabicl,0.9986153841018677,1
entity_0936,entity_0940,1,tabicl,0.9973310232162476,1
entity_0413,entity_0412,1,tabicl,0.9989964365959167,1
entity_0122,entity_0128,1,tabicl,0.9896962642669678,1
entity_0508,entity_0285,0,tabicl,8.727462841306988e-07,0
entity_0581,entity_0583,1,tabicl,0.9978459477424622,1
entity_0065,entity_0062,1,tabicl,0.99625164270401,1
entity_0295,entity_0291,1,tabicl,0.9982119798660278,1
entity_0404,entity_0403,1,tabicl,0.9989821910858154,1
entity_0719,entity_0718,1,tabicl,0.9972190260887146,1
entity_0979,entity_0915,0,tabicl,2.8135834782005986e-06,0
entity_0134,entity_0922,0,tabicl,5.930582460678124e-07,0
entity_0666,entity_0094,0,tabicl,1.1134395663248142e-06,0
entity_0143,entity_0002,0,tabicl,4.6911427489249036e-06,0
entity_0132,entity_0138,1,tabicl,0.9904014468193054,1
entity_0961,entity_0674,0,tabicl,1.0490416570974048e-06,0
entity_0887,entity_0829,0,tabicl,1.2891363212474971e-06,0
entity_0991,entity_0994,1,tabicl,0.9956769347190857,1
entity_0786,entity_0938,0,tabicl,8.034995175876247e-07,0
entity_0630,entity_0626,1,tabicl,0.9968231916427612,1
entity_0558,entity_0557,1,tabicl,0.9989161491394043,1
entity_0646,entity_0648,1,tabicl,0.99664306640625,1
entity_0659,entity_0599,0,tabicl,1.3976741684018634e-06,0
entity_0248,entity_0243,1,tabicl,0.9962879419326782,1
entity_0261,entity_0264,1,tabicl,0.9958642721176147,1
entity_0706,entity_0710,1,tabicl,0.9949549436569214,1
entity_0908,entity_0905,1,tabicl,0.9971147775650024,1
entity_0660,entity_0060,0,tabicl,9.772709290700732e-07,0
entity_0449,entity_0048,0,tabicl,8.713565762263897e-07,0
entity_0918,entity_0430,0,tabicl,8.68907818585285e-07,0
entity_0643,entity_0644,1,tabicl,0.9977038502693176,1
entity_0147,entity_0470,0,tabicl,5.200183750275755e-07,0
entity_0935,entity_0936,1,tabicl,0.9986827373504639,1
entity_0053,entity_0051,1,tabicl,0.996595561504364,1
entity_0516,entity_0770,0,tabicl,7.033959832369874e-07,0
entity_0491,entity_0496,1,tabicl,0.99625164270401,1
entity_0116,entity_0963,0,tabicl,9.959378530766116e-07,0
entity_0715,entity_0776,0,tabicl,1.9730684925889364e-06,0
entity_0471,entity_0475,1,tabicl,0.9976459741592407,1
entity_0805,entity_0807,1,tabicl,0.9959744811058044,1
entity_0619,entity_0888,0,tabicl,7.336509497690713e-07,0
entity_0234,entity_0240,1,tabicl,0.9911735653877258,1
entity_0034,entity_0714,0,tabicl,8.544158163203974e-07,0
entity_0095,entity_0092,1,tabicl,0.9981629252433777,1
entity_0063,entity_0395,0,tabicl,4.7568349259563547e-07,0
entity_0208,entity_0202,1,tabicl,0.9961280822753906,1
entity_0713,entity_0714,1,tabicl,0.997928261756897,1
entity_0973,entity_0975,1,tabicl,0.9983227252960205,1
entity_0035,entity_0976,0,tabicl,1.475296585340402e-06,0
entity_0389,entity_0387,1,tabicl,0.9987067580223083,1
entity_0042,entity_0597,0,tabicl,8.370952286895772e-07,0
entity_0814,entity_0818,1,tabicl,0.9910492897033691,1
entity_0004,entity_0376,0,tabicl,9.457781402488763e-07,0
entity_0798,entity_0791,1,tabicl,0.9902560114860535,1
entity_0299,entity_0291,1,tabicl,0.9959961771965027,1
entity_0236,entity_0615,0,tabicl,6.308113142949878e-07,0
entity_0775,entity_0482,0,tabicl,8.27836913686042e-07,0
entity_0179,entity_0171,1,tabicl,0.9884423613548279,1
entity_0686,entity_0681,1,tabicl,0.9953574538230896,1
entity_0214,entity_0215,1,tabicl,0.9980353713035583,1
entity_0034,entity_0040,1,tabicl,0.9936924576759338,1
entity_0490,entity_0488,1,tabicl,0.9990327954292297,1
entity_0201,entity_0663,0,tabicl,5.497554980138375e-07,0
entity_0647,entity_0479,0,tabicl,1.088318072106631e-06,0
entity_0971,entity_0782,0,tabicl,1.472648250455677e-06,0
entity_0608,entity_0601,1,tabicl,0.9940940737724304,1
entity_0061,entity_0602,0,tabicl,8.155769819495617e-07,0
entity_0513,entity_0519,1,tabicl,0.9938866496086121,1
entity_0006,entity_0009,1,tabicl,0.9942325353622437,1
entity_0295,entity_0613,0,tabicl,6.640854621764447e-07,0
entity_0990,entity_0982,1,tabicl,0.970233678817749,1
entity_0479,entity_0730,0,tabicl,6.150959848127968e-07,0
entity_0715,entity_0766,0,tabicl,2.8950416890438646e-06,0
entity_0626,entity_0624,1,tabicl,0.9985143542289734,1
entity_0292,entity_0688,0,tabicl,5.93461095377279e-07,0
entity_0901,entity_0903,1,tabicl,0.9978365302085876,1
entity_0613,entity_0619,1,tabicl,0.9890224933624268,1
entity_0668,entity_0519,0,tabicl,1.2170498848718125e-06,0
entity_0976,entity_0170,0,tabicl,1.324674144598248e-06,0
entity_0322,entity_0145,0,tabicl,9.453941061110527e-07,0
entity_0415,entity_0414,1,tabicl,0.998978853225708,1
entity_0122,entity_0913,0,tabicl,5.032951548855635e-07,0
entity_0738,entity_0733,1,tabicl,0.9959087371826172,1
entity_0024,entity_0180,0,tabicl,1.2022422879454098e-06,0
entity_0507,entity_0685,0,tabicl,6.188617476254876e-07,0
entity_0416,entity_0645,0,tabicl,6.109387413744116e-07,0
entity_0769,entity_0765,1,tabicl,0.9949658513069153,1
entity_0714,entity_0716,1,tabicl,0.9976535439491272,1
entity_0088,entity_0832,0,tabicl,5.10860218128073e-07,0
entity_0565,entity_0046,0,tabicl,8.600550813753216e-07,0
entity_0106,entity_0169,0,tabicl,1.5259731753758388e-06,0
entity_0897,entity_0464,0,tabicl,9.048706601788581e-07,0
entity_0884,entity_0403,0,tabicl,8.595302460889798e-07,0
entity_0637,entity_0544,0,tabicl,1.3532765024137916e-06,0
entity_0106,entity_0107,1,tabicl,0.9978459477424622,1
entity_0725,entity_0905,0,tabicl,6.56206452731567e-07,0
entity_0234,entity_0754,0,tabicl,6.270577728173521e-07,0
entity_0534,entity_0532,1,tabicl,0.9990828037261963,1
entity_0111,entity_0119,1,tabicl,0.9614373445510864,1
entity_0172,entity_0173,1,tabicl,0.9985493421554565,1
entity_0678,entity_0113,0,tabicl,8.651446705698618e-07,0
entity_0560,entity_0559,1,tabicl,0.998957633972168,1
entity_0145,entity_0123,0,tabicl,2.6086570869665593e-05,0
entity_0846,entity_0140,0,tabicl,9.949922059604432e-07,0
entity_0702,entity_0579,0,tabicl,1.2528506658782135e-06,0
entity_0728,entity_0906,0,tabicl,6.627358857258514e-07,0
entity_0500,entity_0303,0,tabicl,1.181710786113399e-06,0
entity_0123,entity_0863,0,tabicl,5.516225201063207e-07,0
entity_0291,entity_0298,1,tabicl,0.985772967338562,1
entity_0424,entity_0421,1,tabicl,0.9986869692802429,1
entity_0743,entity_0745,1,tabicl,0.9975813627243042,1
entity_0672,entity_0058,0,tabicl,1.0527478480071295e-06,0
entity_0525,entity_0324,0,tabicl,8.326223337462579e-07,0
entity_0140,entity_0456,0,tabicl,4.955726353728096e-07,0
entity_0254,entity_0253,1,tabicl,0.9981728792190552,1
entity_0074,entity_0080,1,tabicl,0.9920054078102112,1
entity_0158,entity_0917,0,tabicl,5.845139412485878e-07,0
entity_0028,entity_0503,0,tabicl,9.358888064525672e-07,0
entity_0280,entity_0812,0,tabicl,7.6843292617923e-07,0
entity_0147,entity_0884,0,tabicl,6.074679959056084e-07,0
entity_0143,entity_0144,1,tabicl,0.9980053305625916,1
entity_0658,entity_0653,1,tabicl,0.9961944818496704,1
entity_0752,entity_0757,1,tabicl,0.9940041899681091,1
entity_0481,entity_0484,1,tabicl,0.9981984496116638,1
entity_0166,entity_0981,0,tabicl,8.673769684719446e-07,0
entity_0827,entity_0876,0,tabicl,2.950618181785103e-06,0
entity_0551,entity_0317,0,tabicl,9.714558473206125e-07,0
entity_0624,entity_0106,0,tabicl,1.7085557146856445e-06,0
entity_0688,entity_0846,0,tabicl,6.835503540969512e-07,0
entity_0579,entity_0259,0,tabicl,9.719831268739654e-07,0
entity_0523,entity_0562,0,tabicl,4.322591394156916e-06,0
entity_0551,entity_0553,1,tabicl,0.9975708723068237,1
entity_0536,entity_0002,0,tabicl,2.6332022571295965e-06,0
entity_0110,entity_0692,0,tabicl,6.691490739285655e-07,0
entity_0321,entity_0322,1,tabicl,0.9969146251678467,1
entity_0727,entity_0161,0,tabicl,1.0455607935000444e-06,0
entity_0875,entity_0874,1,tabicl,0.9982408285140991,1
entity_0744,entity_0233,0,tabicl,1.0147540479010786e-06,0
entity_0681,entity_0685,1,tabicl,0.9900550842285156,1
entity_0220,entity_0217,1,tabicl,0.9965584874153137,1
entity_0968,entity_0967,1,tabicl,0.9986406564712524,1
entity_0083,entity_0088,1,tabicl,0.993780255317688,1
entity_0701,entity_0153,0,tabicl,1.030217276820622e-06,0
entity_0241,entity_0237,0,tabicl,0.9955920577049255,1
entity_0163,entity_0645,0,tabicl,5.712677761948726e-07,0
entity_0793,entity_0889,0,tabicl,1.1932254437851952e-06,0
entity_0564,entity_0783,0,tabicl,6.022999059496215e-07,0
entity_0409,entity_0417,0,tabicl,0.9874074459075928,1
entity_0625,entity_0627,1,tabicl,0.996464192867279,1
entity_0266,entity_0269,1,tabicl,0.9956346750259399,1
entity_0147,entity_0142,1,tabicl,0.9949057102203369,1
entity_0824,entity_0830,1,tabicl,0.984201967716217,1
entity_0526,entity_0523,1,tabicl,0.9986479878425598,1
entity_0791,entity_0316,0,tabicl,1.033086164170527e-06,0
entity_0387,entity_0388,1,tabicl,0.9978035092353821,1
entity_0117,entity_0112,1,tabicl,0.9963869452476501,1
entity_0062,entity_0375,0,tabicl,4.5535537651630875e-07,0
entity_0588,entity_0800,0,tabicl,5.705708758796391e-07,0
entity_0598,entity_0829,0,tabicl,6.301270332187414e-07,0
entity_0555,entity_0206,0,tabicl,1.0055753136839485e-06,0
entity_0711,entity_0974,0,tabicl,7.059766744532681e-07,0
entity_0127,entity_0129,1,tabicl,0.9977579116821289,1
entity_0041,entity_0050,1,tabicl,0.980920672416687,1
entity_0055,entity_0842,0,tabicl,5.88730415529426e-07,0
entity_0608,entity_0398,0,tabicl,9.301939485339972e-07,0
entity_0797,entity_0792,1,tabicl,0.9945354461669922,1
entity_0597,entity_0600,1,tabicl,0.9973453879356384,1
entity_0669,entity_0670,1,tabicl,0.9971210360527039,1
entity_0395,entity_0393,1,tabicl,0.9987934231758118,1
entity_0179,entity_0776,0,tabicl,6.227347739695688e-07,0
entity_0093,entity_0336,0,tabicl,5.117618684380432e-07,0
entity_0815,entity_0812,1,tabicl,0.9954860210418701,1
entity_0554,entity_0558,1,tabicl,0.9909525513648987,1
entity_0303,entity_0302,1,tabicl,0.9982274174690247,1
entity_0663,entity_0298,0,tabicl,1.1051267847506097e-06,0
entity_0629,entity_0733,0,tabicl,1.1264655768172815e-06,0
entity_0657,entity_0654,1,tabicl,0.9973655343055725,1
entity_0784,entity_0789,1,tabicl,0.9950360059738159,1
entity_0460,entity_0455,1,tabicl,0.9973136782646179,1
entity_0734,entity_0735,1,tabicl,0.9976612329483032,1
entity_0539,entity_0167,0,tabicl,9.409632184542716e-07,0
entity_0309,entity_0306,1,tabicl,0.9982654452323914,1
entity_0990,entity_0023,0,tabicl,4.947141405864386e-06,0
entity_0263,entity_0659,0,tabicl,6.022183356435562e-07,0
entity_0518,entity_0453,0,tabicl,1.468098048462707e-06,0
entity_0943,entity_0949,1,tabicl,0.9947095513343811,1
entity_0951,entity_0871,0,tabicl,2.0629659047699533e-06,0
entity_0193,entity_0995,0,tabicl,1.617617158444773e-06,0
entity_0384,entity_0390,1,tabicl,0.9914354085922241,1
entity_0217,entity_0485,0,tabicl,9.15331781925488e-07,0
entity_0298,entity_0122,0,tabicl,8.653205441078171e-07,0
entity_0091,entity_0099,1,tabicl,0.9533137083053589,1
entity_0885,entity_0642,0,tabicl,1.0513201686990215e-06,0
entity_0892,entity_0894,1,tabicl,0.9979034662246704,1
entity_0846,entity_0120,0,tabicl,1.0741657661128556e-06,0
entity_0938,entity_0931,1,tabicl,0.9903186559677124,1
entity_0407,entity_0480,0,tabicl,1.504089937043318e-06,0
entity_0958,entity_0696,0,tabicl,9.240947633770702e-07,0
entity_0700,entity_0692,1,tabicl,0.9906760454177856,1
entity_0190,entity_0189,1,tabicl,0.9982312917709351,1
entity_0312,entity_0108,0,tabicl,7.456393973370723e-07,0
entity_0099,entity_0914,0,tabicl,5.932194540037017e-07,0
entity_0213,entity_0215,1,tabicl,0.9976913928985596,1
entity_0721,entity_0935,0,tabicl,5.788329531242198e-07,0
entity_0252,entity_0273,0,tabicl,3.390600977581926e-05,0
entity_0147,entity_0264,0,tabicl,8.796391739451792e-07,0
entity_0894,entity_0898,1,tabicl,0.9961113333702087,1
entity_0866,entity_0865,1,tabicl,0.9983025789260864,1
entity_0225,entity_0228,1,tabicl,0.9950306415557861,1
entity_0958,entity_0315,0,tabicl,8.419920050073415e-07,0
entity_0252,entity_0796,0,tabicl,8.044809760576754e-07,0
entity_0159,entity_0152,1,tabicl,0.9954172372817993,1
entity_0155,entity_0151,1,tabicl,0.99739670753479,1
entity_0218,entity_0217,1,tabicl,0.9979237914085388,1
entity_0393,entity_0903,0,tabicl,5.589280931417306e-07,0
entity_0764,entity_0449,0,tabicl,7.767113174850238e-07,0
entity_0165,entity_0844,0,tabicl,6.300411428128427e-07,0
entity_0981,entity_0307,0,tabicl,1.0488284942766768e-06,0
entity_0432,entity_0367,0,tabicl,1.3755055761066615e-06,0
entity_0706,entity_0830,0,tabicl,1.0240177061859868e-06,0
entity_0964,entity_0344,0,tabicl,9.152392408395826e-07,0
entity_0226,entity_0940,0,tabicl,7.336013254644058e-07,0
entity_0646,entity_0253,0,tabicl,1.11809276859276e-06,0
entity_0268,entity_0229,0,tabicl,3.1001284241938265e-06,0
entity_0032,entity_0040,1,tabicl,0.9862223267555237,1
entity_0437,entity_0399,0,tabicl,3.2219049899140373e-06,0
entity_0282,entity_0283,1,tabicl,0.9968403577804565,1
entity_0407,entity_0403,1,tabicl,0.9981886148452759,1
entity_0843,entity_0229,0,tabicl,1.512066432951542e-06,0
entity_0352,entity_0351,1,tabicl,0.9987025260925293,1
entity_0029,entity_0026,1,tabicl,0.9954909086227417,1
entity_0883,entity_0882,1,tabicl,0.9977186918258667,1
entity_0321,entity_0326,1,tabicl,0.9920739531517029,1
entity_0395,entity_0397,1,tabicl,0.9970928430557251,1
entity_0385,entity_0706,0,tabicl,5.646430167871586e-07,0
entity_0892,entity_0900,1,tabicl,0.9655187129974365,1
entity_0942,entity_0992,0,tabicl,9.838450750976335e-06,0
entity_0292,entity_0707,0,tabicl,6.096141191846982e-07,0
entity_0216,entity_0657,0,tabicl,5.823766855428403e-07,0
entity_0266,entity_0080,0,tabicl,7.911171451269183e-07,0
entity_0790,entity_0782,1,tabicl,0.9783018827438354,1
entity_0880,entity_0871,1,tabicl,0.942294716835022,1
entity_0337,entity_0163,0,tabicl,9.469334258938034e-07,0
entity_0583,entity_0586,1,tabicl,0.9975069165229797,1
entity_0844,entity_0846,1,tabicl,0.9970131516456604,1
entity_0683,entity_0706,0,tabicl,1.1477947737148497e-05,0
entity_0459,entity_0696,0,tabicl,7.197050990725984e-07,0
entity_0012,entity_0016,1,tabicl,0.9940813183784485,1
entity_0688,entity_0685,1,tabicl,0.996291995048523,1
entity_0973,entity_0372,0,tabicl,1.003666739052278e-06,0
entity_0164,entity_0970,0,tabicl,8.506579547429283e-07,0
entity_0047,entity_0049,1,tabicl,0.9962232112884521,1
entity_0008,entity_0007,1,tabicl,0.9976229071617126,1
entity_0336,entity_0050,0,tabicl,8.906237098926795e-07,0
entity_0031,entity_0142,0,tabicl,1.1466595424280968e-06,0
entity_0367,entity_0363,1,tabicl,0.9977892637252808,1
entity_0203,entity_0209,1,tabicl,0.9939976930618286,1
entity_0030,entity_0023,1,tabicl,0.9859694242477417,1
entity_0161,entity_0167,1,tabicl,0.9921587705612183,1
entity_0623,entity_0719,0,tabicl,1.3025820635448326e-06,0
entity_0468,entity_0467,1,tabicl,0.9992478489875793,1
entity_0854,entity_0100,0,tabicl,1.0169590041186893e-06,0
entity_0424,entity_0207,0,tabicl,8.123477641674981e-07,0
entity_0275,entity_0279,1,tabicl,0.9935479760169983,1
entity_0817,entity_0783,0,tabicl,2.213570496678585e-06,0
entity_0491,entity_0276,0,tabicl,9.94030529000156e-07,0
entity_0335,entity_0340,1,tabicl,0.9913334846496582,1
entity_0779,entity_0773,1,tabicl,0.9920910596847534,1
entity_0623,entity_0774,0,tabicl,8.88332465365238e-07,0
entity_0139,entity_0133,1,tabicl,0.9929061532020569,1
entity_0101,entity_0104,1,tabicl,0.9957280158996582,1
entity_0070,entity_0902,0,tabicl,6.681516993012337e-07,0
entity_0258,entity_0254,1,tabicl,0.9965211153030396,1
entity_0414,entity_0548,0,tabicl,8.27836913686042e-07,0
entity_0705,entity_0710,1,tabicl,0.9919968247413635,1
entity_0496,entity_0494,1,tabicl,0.999172568321228,1
entity_0449,entity_0443,1,tabicl,0.9973136782646179,1
entity_0276,entity_0274,1,tabicl,0.9985477924346924,1
entity_0744,entity_0743,1,tabicl,0.9976838827133179,1
entity_0043,entity_0947,0,tabicl,8.594139444539906e-07,0
entity_0755,entity_0753,1,tabicl,0.9971272349357605,1
entity_0058,entity_0888,0,tabicl,7.498995842070144e-07,0
entity_0671,entity_0595,0,tabicl,1.3835294794262154e-06,0
entity_0458,entity_0460,1,tabicl,0.998491644859314,1
entity_0992,entity_0927,0,tabicl,4.4141311263956595e-06,0
entity_0381,entity_0386,1,tabicl,0.9919881820678711,1
entity_0863,entity_0085,0,tabicl,1.1275350288997288e-06,0
entity_0281,entity_0773,0,tabicl,8.650267773191445e-07,0
entity_0154,entity_0155,1,tabicl,0.9983903169631958,1
entity_0726,entity_0729,1,tabicl,0.9960177540779114,1
entity_0249,entity_0524,0,tabicl,5.919332011217193e-07,0
entity_0308,entity_0305,1,tabicl,0.9984485507011414,1
entity_0258,entity_0819,0,tabicl,6.308967499535356e-07,0
entity_0301,entity_0305,1,tabicl,0.9931244254112244,1
entity_0478,entity_0474,1,tabicl,0.9978805780410767,1
entity_0580,entity_0571,1,tabicl,0.9361035227775574,1
entity_0800,entity_0555,0,tabicl,8.722736311028711e-07,0
entity_0085,entity_0086,1,tabicl,0.9978691339492798,1
entity_0444,entity_0300,0,tabicl,1.046909801516449e-06,0
entity_0513,entity_0940,0,tabicl,5.815086865368357e-07,0
entity_0801,entity_0808,1,tabicl,0.9832646250724792,1
entity_0604,entity_0602,1,tabicl,0.9985414743423462,1
entity_0920,entity_0136,0,tabicl,1.0518194812902948e-06,0
entity_0146,entity_0993,0,tabicl,1.3092237622913672e-06,0
entity_0375,entity_0374,1,tabicl,0.9987670183181763,1
entity_0597,entity_0274,0,tabicl,1.3691083040612284e-06,0
entity_0478,entity_0475,1,tabicl,0.9986827373504639,1
entity_0370,entity_0357,0,tabicl,0.00790899433195591,0
entity_0216,entity_0217,1,tabicl,0.9977408647537231,1
entity_0567,entity_0564,1,tabicl,0.9987972974777222,1
entity_0711,entity_0170,0,tabicl,1.0651715456333477e-06,0
entity_0977,entity_0442,0,tabicl,8.844844501254556e-07,0
entity_0068,entity_0460,0,tabicl,5.140574899087369e-07,0
entity_0220,entity_0435,0,tabicl,5.134303364684456e-07,0
entity_0156,entity_0059,0,tabicl,1.1657912182272412e-06,0
entity_0873,entity_0871,1,tabicl,0.9979349374771118,1
entity_0896,entity_0612,0,tabicl,9.750859817359014e-07,0
entity_0981,entity_0984,1,tabicl,0.9970771074295044,1
entity_0366,entity_0434,0,tabicl,1.2949188885613694e-06,0
entity_0878,entity_0845,0,tabicl,3.98191650674562e-06,0
entity_0897,entity_0007,0,tabicl,2.2324534256767947e-06,0
entity_0330,entity_0636,0,tabicl,5.409536925071734e-07,0
entity_0143,entity_0431,0,tabicl,4.670526720929047e-07,0
entity_0897,entity_0378,0,tabicl,9.102863032239839e-07,0
entity_0319,entity_0616,0,tabicl,5.544732175621903e-07,0
entity_0456,entity_0132,0,tabicl,7.40901498375024e-07,0
entity_0463,entity_0465,1,tabicl,0.9986968636512756,1
entity_0426,entity_0422,1,tabicl,0.9983868598937988,1
entity_0738,entity_0156,0,tabicl,1.2783835927621112e-06,0
entity_0488,entity_0076,0,tabicl,9.61428213486215e-07,0
entity_0309,entity_0154,0,tabicl,1.0110553603226435e-06,0
entity_0530,entity_0524,1,tabicl,0.9960263967514038,1
entity_0172,entity_0178,1,tabicl,0.9923010468482971,1
entity_0722,entity_0730,1,tabicl,0.9683945178985596,1
entity_0890,entity_0886,1,tabicl,0.9964373707771301,1
entity_0666,entity_0662,1,tabicl,0.9970991611480713,1
entity_0601,entity_0610,1,tabicl,0.9336597323417664,1
entity_0743,entity_0430,0,tabicl,7.912786372799019e-07,0
entity_0103,entity_0108,1,tabicl,0.9929061532020569,1
entity_0905,entity_0618,0,tabicl,9.29626366996672e-07,0
entity_0197,entity_0988,0,tabicl,1.2977315009266022e-06,0
entity_0158,entity_0155,1,tabicl,0.9982896447181702,1
entity_0296,entity_0293,1,tabicl,0.9984384179115295,1
entity_0081,entity_0082,1,tabicl,0.9974051117897034,1
entity_0703,entity_0701,1,tabicl,0.9967537522315979,1
entity_0055,entity_0057,1,tabicl,0.99739670753479,1
entity_0689,entity_0966,0,tabicl,6.530101472890237e-07,0
entity_0990,entity_0350,0,tabicl,1.178189791062323e-06,0
entity_0963,entity_0129,0,tabicl,1.4616912267229054e-06,0
entity_0333,entity_0339,1,tabicl,0.9896518588066101,1
entity_0313,entity_0534,0,tabicl,5.830091254210856e-07,0
entity_0979,entity_0049,0,tabicl,2.6666973553801654e-06,0
entity_0156,entity_0158,1,tabicl,0.9980795383453369,1
entity_0118,entity_0112,1,tabicl,0.9939782619476318,1
entity_0819,entity_0813,1,tabicl,0.9910010695457458,1
entity_0290,entity_0289,1,tabicl,0.9982081651687622,1
entity_0115,entity_0799,0,tabicl,5.182582754059695e-07,0
entity_0652,entity_0192,0,tabicl,9.929020734489313e-07,0
entity_0127,entity_0271,0,tabicl,7.878509791225952e-07,0
entity_0780,entity_0712,0,tabicl,1.1179413377249148e-06,0
entity_0160,entity_0157,1,tabicl,0.9979192614555359,1
entity_0916,entity_0913,1,tabicl,0.9971023201942444,1
entity_0249,entity_0245,1,tabicl,0.996394693851471,1
entity_0601,entity_0184,0,tabicl,1.1985662240476813e-06,0
entity_0880,entity_0879,1,tabicl,0.9978737831115723,1
entity_0985,entity_0298,0,tabicl,1.190235366266279e-06,0
entity_0405,entity_0729,0,tabicl,6.442124345085176e-07,0
entity_0240,entity_0706,0,tabicl,6.082929644435353e-07,0
entity_0993,entity_0995,1,tabicl,0.997016429901123,1
entity_0054,entity_0689,0,tabicl,6.920399187038129e-07,0
entity_0534,entity_0538,1,tabicl,0.9959918856620789,1
entity_0216,entity_0215,1,tabicl,0.9981748461723328,1
entity_0789,entity_0061,0,tabicl,1.7483789633843116e-06,0
entity_0777,entity_0969,0,tabicl,8.39027791244007e-07,0
entity_0975,entity_0200,0,tabicl,1.1987411880909349e-06,0
entity_0806,entity_0917,0,tabicl,1.1253188176851836e-06,0
entity_0625,entity_0621,1,tabicl,0.9968369007110596,1
entity_0714,entity_0711,1,tabicl,0.9951420426368713,1
entity_0934,entity_0915,0,tabicl,8.173946116585284e-05,0
entity_0796,entity_0800,1,tabicl,0.9952867031097412,1
entity_0219,entity_0186,0,tabicl,3.867213308694772e-06,0
entity_0112,entity_0113,1,tabicl,0.9980795383453369,1
entity_0411,entity_0205,0,tabicl,8.291010544780875e-07,0
entity_0316,entity_0317,1,tabicl,0.9976561069488525,1
entity_0484,entity_0489,1,tabicl,0.99664306640625,1
entity_0638,entity_0640,1,tabicl,0.9956063032150269,1
entity_0431,entity_1000,0,tabicl,2.2137203359307023e-06,0
entity_0121,entity_0053,0,tabicl,1.7977662309931475e-06,0
entity_0234,entity_0821,0,tabicl,7.134855763979431e-07,0
entity_0050,entity_0046,1,tabicl,0.9962556958198547,1
entity_0503,entity_0504,1,tabicl,0.9989855289459229,1
entity_0166,entity_0017,0,tabicl,1.5381689308924251e-06,0
entity_0887,entity_0694,0,tabicl,1.130866962739674e-06,0
entity_0121,entity_0129,1,tabicl,0.9664105176925659,1
entity_0851,entity_0853,1,tabicl,0.9970802664756775,1
entity_0918,entity_0723,0,tabicl,1.0973593589369557e-06,0
entity_0725,entity_0727,1,tabicl,0.9966357350349426,1
entity_0334,entity_0306,0,tabicl,6.05449940849212e-06,0
entity_0088,entity_0085,1,tabicl,0.9980837106704712,1
entity_0935,entity_0342,0,tabicl,9.55707264438388e-07,0
entity_0794,entity_0791,1,tabicl,0.9963358044624329,1
entity_0685,entity_0306,0,tabicl,9.113981036534824e-07,0
entity_0205,entity_0204,1,tabicl,0.9982767105102539,1
entity_0448,entity_0513,0,tabicl,1.5931765346977045e-06,0
entity_0519,entity_0181,0,tabicl,1.3841681720805354e-06,0
entity_0301,entity_0309,1,tabicl,0.9714919924736023,1
entity_0105,entity_0256,0,tabicl,7.231299719023809e-07,0
entity_0035,entity_0039,1,tabicl,0.9951786398887634,1
entity_0215,entity_0821,0,tabicl,6.176877604957554e-07,0
entity_0470,entity_0462,1,tabicl,0.980880081653595,1
entity_0977,entity_0108,0,tabicl,2.223236606369028e-06,0
entity_0301,entity_0307,1,tabicl,0.9879100322723389,1
entity_0384,entity_0431,0,tabicl,2.4586718154750997e-06,0
entity_0835,entity_0838,1,tabicl,0.9948670864105225,1
entity_0496,entity_0493,1,tabicl,0.9987039566040039,1
entity_0836,entity_0018,0,tabicl,1.7333559299004264e-06,0
entity_0426,entity_0423,1,tabicl,0.9987262487411499,1
entity_0345,entity_0540,0,tabicl,5.595350671683263e-07,0
entity_0757,entity_0208,0,tabicl,1.107979187509045e-06,0
entity_0677,entity_0454,0,tabicl,9.096692110688309e-07,0
entity_0767,entity_0633,0,tabicl,9.8265309134149e-07,0
entity_0874,entity_0079,0,tabicl,1.359624206997978e-06,0
entity_0434,entity_0898,0,tabicl,6.662510827482038e-07,0
entity_0638,entity_0633,1,tabicl,0.9958598017692566,1
entity_0244,entity_0249,1,tabicl,0.9941447377204895,1
entity_0292,entity_0291,1,tabicl,0.9982293248176575,1
entity_0021,entity_0421,0,tabicl,8.78744515375729e-07,0
entity_0627,entity_0645,0,tabicl,3.580600969144143e-05,0
entity_0572,entity_0571,1,tabicl,0.9990200996398926,1
entity_0207,entity_0206,1,tabicl,0.9982859492301941,1
entity_0587,entity_0588,1,tabicl,0.9983407855033875,1
entity_0695,entity_0696,1,tabicl,0.9975682497024536,1
entity_0992,entity_0995,1,tabicl,0.9961531162261963,1
entity_0481,entity_0994,0,tabicl,9.690214710644796e-07,0
entity_0427,entity_0560,0,tabicl,8.394831638725009e-07,0
entity_0230,entity_0225,1,tabicl,0.9928138852119446,1
entity_0263,entity_0265,1,tabicl,0.996536135673523,1
entity_0883,entity_0885,1,tabicl,0.9979170560836792,1
entity_0328,entity_0323,1,tabicl,0.9962232112884521,1
entity_0695,entity_0717,0,tabicl,1.4874341104587074e-05,0
entity_0599,entity_0069,0,tabicl,1.2388248933348223e-06,0
entity_0304,entity_0308,1,tabicl,0.992577850818634,1
entity_0353,entity_0789,0,tabicl,5.219262106948008e-07,0
entity_0779,entity_0639,0,tabicl,9.786633654584875e-07,0
entity_0152,entity_0157,1,tabicl,0.9952612519264221,1
entity_0475,entity_0474,1,tabicl,0.9992998242378235,1
entity_0383,entity_0666,0,tabicl,5.571118322222901e-07,0
entity_0246,entity_0242,1,tabicl,0.9964718818664551,1
entity_0332,entity_0331,1,tabicl,0.9980031847953796,1
entity_0721,entity_0425,0,tabicl,1.0269733365930733e-06,0
entity_0448,entity_0291,0,tabicl,1.0654599691406474e-06,0
entity_0002,entity_0005,1,tabicl,0.986339807510376,1
entity_0864,entity_0869,1,tabicl,0.9936924576759338,1
entity_0577,entity_0192,0,tabicl,8.363858796656132e-07,0
entity_0123,entity_0912,0,tabicl,5.495317054737825e-07,0
entity_0971,entity_0973,1,tabicl,0.9984145760536194,1
entity_0218,entity_0734,0,tabicl,6.107733270255267e-07,0
entity_0352,entity_0358,1,tabicl,0.9935896396636963,1
entity_0120,entity_0340,0,tabicl,5.525960773411498e-07,0
entity_0155,entity_0362,0,tabicl,5.651030505759991e-07,0
entity_0400,entity_0393,1,tabicl,0.9954763054847717,1
entity_0374,entity_0372,1,tabicl,0.9987842440605164,1
entity_0285,entity_0283,1,tabicl,0.9983886480331421,1
entity_0152,entity_0153,1,tabicl,0.9985159635543823,1
entity_0987,entity_0376,0,tabicl,9.727083352117916e-07,0
entity_0944,entity_0943,1,tabicl,0.9984128475189209,1
entity_0025,entity_0023,1,tabicl,0.9969345927238464,1
entity_0784,entity_0877,0,tabicl,1.2282011994102504e-06,0
entity_0755,entity_0144,0,tabicl,1.320905994361965e-06,0
entity_0983,entity_0988,1,tabicl,0.9947038292884827,1
entity_0457,entity_0460,1,tabicl,0.9981529712677002,1
entity_0513,entity_0511,1,tabicl,0.9992576241493225,1
entity_0522,entity_0530,1,tabicl,0.9764806032180786,1
entity_0742,entity_0328,0,tabicl,9.536352081340738e-07,0
entity_0796,entity_0562,0,tabicl,1.0468388609297108e-06,0
entity_0117,entity_0886,0,tabicl,5.475229158946604e-07,0
entity_0197,entity_0320,0,tabicl,7.869971909713058e-07,0
entity_0250,entity_0244,1,tabicl,0.9951682090759277,1
entity_0941,entity_0169,0,tabicl,1.1751565125450725e-06,0
entity_0333,entity_0950,0,tabicl,5.314270197231963e-07,0
entity_0539,entity_0531,1,tabicl,0.9854653477668762,1
entity_0196,entity_0995,0,tabicl,1.4870489621898741e-06,0
entity_0469,entity_0019,0,tabicl,1.1028063227058738e-06,0
entity_0487,entity_0486,1,tabicl,0.9993066191673279,1
entity_0553,entity_0559,1,tabicl,0.9827019572257996,1
entity_0181,entity_0376,0,tabicl,5.60979231067904e-07,0
entity_0613,entity_0096,0,tabicl,2.03909485207987e-06,0
entity_0658,entity_0659,1,tabicl,0.9970421195030212,1
entity_0658,entity_0766,0,tabicl,1.1068513003920089e-06,0
entity_0033,entity_0031,1,tabicl,0.9958820343017578,1
entity_0337,entity_0340,1,tabicl,0.9943617582321167,1
entity_0075,entity_0071,1,tabicl,0.9976788759231567,1
entity_0169,entity_0993,0,tabicl,1.3361324135985342e-06,0
entity_0314,entity_0372,0,tabicl,1.778606815605599e-06,0
entity_0300,entity_0297,1,tabicl,0.9983532428741455,1
entity_0958,entity_0206,0,tabicl,1.0755517223515199e-06,0
entity_0930,entity_0929,1,tabicl,0.9984333515167236,1
entity_0460,entity_0827,0,tabicl,5.862601710759918e-07,0
entity_0895,entity_0868,0,tabicl,8.366352631128393e-06,0
entity_0237,entity_0712,0,tabicl,5.858627787347359e-07,0
entity_0073,entity_0077,1,tabicl,0.9942759871482849,1
entity_0238,entity_0235,1,tabicl,0.995718777179718,1
entity_0427,entity_0596,0,tabicl,6.584350558114238e-07,0
entity_0373,entity_0378,1,tabicl,0.9948614835739136,1
entity_0195,entity_0196,1,tabicl,0.9983798265457153,1
entity_0940,entity_0933,1,tabicl,0.9926415085792542,1
entity_0715,entity_0711,1,tabicl,0.9943617582321167,1
entity_0381,entity_0724,0,tabicl,5.209361120250833e-07,0
entity_0772,entity_0858,0,tabicl,1.166501874649839e-06,0
entity_0481,entity_0486,1,tabicl,0.9965918064117432,1
entity_0263,entity_0641,0,tabicl,5.785978487438115e-07,0
entity_0615,entity_0803,0,tabicl,6.054939944988291e-07,0
entity_0091,entity_0805,0,tabicl,5.364231583371293e-07,0
entity_0151,entity_0444,0,tabicl,4.758127829518344e-07,0
entity_0148,entity_0341,0,tabicl,5.914519078942249e-07,0
entity_0370,entity_0631,0,tabicl,5.417611532720912e-07,0
entity_0978,entity_0976,1,tabicl,0.9980815649032593,1
entity_0657,entity_0656,1,tabicl,0.9980480670928955,1
entity_0792,entity_0791,1,tabicl,0.9976357221603394,1
entity_0353,entity_0675,0,tabicl,5.206534865465073e-07,0
entity_0850,entity_0848,1,tabicl,0.9964373707771301,1
entity_0250,entity_0966,0,tabicl,7.818899234735e-07,0
entity_0856,entity_0880,0,tabicl,1.951443664438557e-05,0
entity_0359,entity_0355,1,tabicl,0.9980074763298035,1
entity_0045,entity_0050,1,tabicl,0.9951210021972656,1
entity_0088,entity_0082,1,tabicl,0.9953272938728333,1
entity_0455,entity_0454,1,tabicl,0.9992437362670898,1
entity_0490,entity_0579,0,tabicl,1.166028141597053e-06,0
entity_0839,entity_0075,0,tabicl,1.2824203849959304e-06,0
entity_0797,entity_0208,0,tabicl,1.2197351679787971e-06,0
entity_0045,entity_0806,0,tabicl,6.20711148258124e-07,0
entity_0656,entity_0660,1,tabicl,0.9916447997093201,1
entity_0139,entity_0160,0,tabicl,0.00011648668441921473,0
entity_0640,entity_0633,1,tabicl,0.9946981072425842,1
entity_0563,entity_0495,0,tabicl,1.421525439582183e-06,0
entity_0429,entity_0424,1,tabicl,0.9982408285140991,1
entity_0138,entity_0131,1,tabicl,0.9898499846458435,1
entity_0534,entity_0437,0,tabicl,1.5954466334733297e-06,0
entity_0964,entity_0325,0,tabicl,7.806181088199082e-07,0
entity_0817,entity_0248,0,tabicl,1.017096792566008e-06,0
entity_0785,entity_0786,1,tabicl,0.9974218606948853,1
entity_0952,entity_0955,1,tabicl,0.9980010390281677,1
entity_0361,entity_0117,0,tabicl,8.282862609121366e-07,0
entity_0519,entity_0830,0,tabicl,5.20371031598188e-07,0
entity_0166,entity_0891,0,tabicl,6.790230600017821e-07,0
entity_0513,entity_0438,0,tabicl,1.3859342971045407e-06,0
entity_0051,entity_0337,0,tabicl,5.093381219012372e-07,0
entity_0359,entity_0910,0,tabicl,5.782056859970908e-07,0
entity_0201,entity_0145,0,tabicl,1.9717313080036547e-06,0
entity_0678,entity_0671,1,tabicl,0.9947323799133301,1
entity_0763,entity_0769,1,tabicl,0.993678867816925,1
entity_0060,entity_0057,1,tabicl,0.9968540072441101,1
entity_0884,entity_0873,0,tabicl,0.41880252957344055,0
entity_0466,entity_0462,1,tabicl,0.9980096220970154,1
entity_0728,entity_0730,1,tabicl,0.9965510368347168,1
entity_0146,entity_0234,0,tabicl,9.409164363205491e-07,0
entity_0224,entity_0038,0,tabicl,1.0950185469482676e-06,0
entity_0655,entity_0652,1,tabicl,0.9977602958679199,1
entity_0222,entity_0226,1,tabicl,0.9932273030281067,1
entity_0043,entity_0041,1,tabicl,0.9967467188835144,1
entity_0336,entity_0337,1,tabicl,0.9968607425689697,1
entity_0969,entity_0267,0,tabicl,9.594743914931314e-07,0
entity_0326,entity_0397,0,tabicl,1.3061197705610539e-06,0
entity_0971,entity_0975,1,tabicl,0.9975417852401733,1
entity_0303,entity_0158,0,tabicl,1.0310556035619811e-06,0
entity_0473,entity_0475,1,tabicl,0.9987710118293762,1
entity_0584,entity_0587,1,tabicl,0.9971612691879272,1
entity_0229,entity_0227,1,tabicl,0.9966862797737122,1
entity_0156,entity_0660,0,tabicl,5.288379725243431e-07,0
entity_0944,entity_0950,1,tabicl,0.994594156742096,1
entity_0566,entity_0668,0,tabicl,1.1237187891310896e-06,0
entity_0372,entity_0379,1,tabicl,0.9933431148529053,1
entity_0980,entity_0972,1,tabicl,0.9776000380516052,1
entity_0927,entity_0928,1,tabicl,0.9986288547515869,1
entity_0006,entity_0005,1,tabicl,0.9958909749984741,1
entity_0519,entity_0520,1,tabicl,0.9991461634635925,1
entity_0743,entity_0961,0,tabicl,6.481570835603634e-07,0
entity_0205,entity_0206,1,tabicl,0.9981728792190552,1
entity_0459,entity_0491,0,tabicl,6.388582278304966e-06,0
entity_0356,entity_0351,1,tabicl,0.9978691339492798,1
entity_0685,entity_0008,0,tabicl,1.66091581377259e-06,0
entity_0164,entity_0826,0,tabicl,5.550002128984488e-07,0
entity_0673,entity_0070,0,tabicl,1.1644467576843454e-06,0
entity_0539,entity_0448,0,tabicl,1.44872649343597e-06,0
entity_0407,entity_0408,1,tabicl,0.9983335137367249,1
entity_0320,entity_0113,0,tabicl,7.628769935763557e-07,0
entity_0056,entity_0057,1,tabicl,0.9975417852401733,1
entity_0686,entity_0018,0,tabicl,1.1770722494475194e-06,0
entity_0370,entity_0362,1,tabicl,0.9907159805297852,1
entity_0027,entity_0547,0,tabicl,7.255857781274244e-07,0
entity_0964,entity_0966,1,tabicl,0.9987262487411499,1
entity_0686,entity_0685,1,tabicl,0.998100221157074,1
entity_0111,entity_0118,1,tabicl,0.9789822697639465,1
entity_0161,entity_0784,0,tabicl,5.175554065317556e-07,0
entity_0996,entity_0618,0,tabicl,2.48322112383903e-06,0
entity_0723,entity_0730,1,tabicl,0.9775524735450745,1
entity_0252,entity_0254,1,tabicl,0.9975787997245789,1
entity_0549,entity_0547,1,tabicl,0.9990379810333252,1
entity_0677,entity_0678,1,tabicl,0.9961821436882019,1
entity_0914,entity_0916,1,tabicl,0.9983389973640442,1
entity_0719,entity_0328,0,tabicl,9.645625596022e-07,0
entity_0201,entity_0425,0,tabicl,4.817218837160908e-07,0
entity_0045,entity_0047,1,tabicl,0.9967886805534363,1
entity_0340,entity_0845,0,tabicl,4.883661404164741e-07,0
entity_0474,entity_0452,0,tabicl,1.8526909116189927e-05,0
entity_0898,entity_0139,0,tabicl,9.60385250436957e-07,0
entity_0432,entity_0440,1,tabicl,0.9485584497451782,1
entity_0230,entity_0227,1,tabicl,0.9951629638671875,1
entity_0520,entity_0513,1,tabicl,0.9931907653808594,1
entity_0002,entity_0001,1,tabicl,0.9855892062187195,1
entity_0439,entity_0435,1,tabicl,0.9986827373504639,1
entity_0974,entity_0899,0,tabicl,2.5860770165309077e-06,0
entity_0414,entity_0543,0,tabicl,8.538366387256247e-07,0
entity_0722,entity_0725,1,tabicl,0.9954811334609985,1
entity_0182,entity_0813,0,tabicl,5.473005444400769e-07,0
entity_0739,entity_0734,1,tabicl,0.9959831833839417,1
entity_0588,entity_0416,0,tabicl,1.1389867040634272e-06,0
entity_0286,entity_0289,1,tabicl,0.9949221014976501,1
entity_0853,entity_0927,0,tabicl,1.6686365142959403e-06,0
entity_0266,entity_0393,0,tabicl,9.369684903504094e-07,0
entity_0122,entity_0428,0,tabicl,5.203006026022194e-07,0
entity_0198,entity_0949,0,tabicl,8.03390776127344e-07,0
entity_0588,entity_0585,1,tabicl,0.9986982941627502,1
entity_0822,entity_0577,0,tabicl,7.885997206358297e-07,0
entity_0708,entity_0704,1,tabicl,0.9938602447509766,1
entity_0459,entity_0058,0,tabicl,8.798480735094927e-07,0
entity_0804,entity_0480,0,tabicl,9.109037364396499e-07,0
entity_0824,entity_0829,1,tabicl,0.9892786741256714,1
entity_0387,entity_0719,0,tabicl,5.618165914711426e-07,0
entity_0799,entity_0796,1,tabicl,0.9962678551673889,1
entity_0240,entity_0043,0,tabicl,9.958362170436885e-07,0
entity_0405,entity_0406,1,tabicl,0.9981649518013,1
entity_0990,entity_0989,1,tabicl,0.9976838827133179,1
entity_0684,entity_0611,0,tabicl,1.3706409163205535e-06,0
entity_0643,entity_0647,1,tabicl,0.991554319858551,1
entity_0403,entity_0406,1,tabicl,0.9959875345230103,1
entity_0527,entity_0078,0,tabicl,7.439601859005052e-07,0
entity_0390,entity_0387,1,tabicl,0.9985414743423462,1
entity_0543,entity_0542,1,tabicl,0.9991832375526428,1
entity_0211,entity_0217,1,tabicl,0.9910877346992493,1
entity_0697,entity_0694,1,tabicl,0.9954909086227417,1
entity_0849,entity_0964,0,tabicl,1.4670174550701631e-06,0
entity_0336,entity_0623,0,tabicl,5.786762358184205e-07,0
entity_0457,entity_0454,1,tabicl,0.9987426400184631,1
entity_0891,entity_0551,0,tabicl,7.469553793271189e-07,0
entity_0295,entity_0298,1,tabicl,0.9943312406539917,1
entity_0673,entity_0677,1,tabicl,0.9894385933876038,1
entity_0605,entity_0908,0,tabicl,6.636352622990671e-07,0
entity_0659,entity_0652,1,tabicl,0.9939587116241455,1
entity_0650,entity_0644,1,tabicl,0.9959701299667358,1
entity_0081,entity_0348,0,tabicl,5.206530317991565e-07,0
entity_0572,entity_0887,0,tabicl,6.3072587863644e-07,0
entity_0117,entity_0111,1,tabicl,0.9950786828994751,1
entity_0338,entity_0337,1,tabicl,0.9981206655502319,1
entity_0345,entity_0349,1,tabicl,0.9949929118156433,1
entity_0457,entity_0451,1,tabicl,0.9957829713821411,1
entity_0060,entity_0126,0,tabicl,2.6366424208390526e-06,0
entity_0814,entity_0820,1,tabicl,0.9834422469139099,1
entity_0588,entity_0939,0,tabicl,5.643367444463365e-07,0
entity_0990,entity_0988,1,tabicl,0.997342586517334,1
entity_0993,entity_0059,0,tabicl,3.633552296378184e-06,0
entity_0410,entity_0407,1,tabicl,0.9987331032752991,1
entity_0311,entity_0670,0,tabicl,5.570358894146921e-07,0
entity_0724,entity_0063,0,tabicl,1.0708200761655462e-06,0
entity_0963,entity_0962,1,tabicl,0.9987289905548096,1
entity_0664,entity_0378,0,tabicl,8.655557621750631e-07,0
entity_0969,entity_0264,0,tabicl,9.944525345417787e-07,0
entity_0660,entity_0652,1,tabicl,0.9881917834281921,1
entity_0772,entity_0776,1,tabicl,0.9953172206878662,1
entity_0514,entity_0405,0,tabicl,1.4238645462683053e-06,0
entity_0474,entity_0477,1,tabicl,0.9983371496200562,1
entity_0100,entity_0097,1,tabicl,0.9982197284698486,1
entity_0920,entity_0914,1,tabicl,0.9932926893234253,1
entity_0476,entity_0475,1,tabicl,0.9992656111717224,1
entity_0354,entity_0359,1,tabicl,0.994428277015686,1
entity_0718,entity_0714,1,tabicl,0.9944880604743958,1
entity_0240,entity_0743,0,tabicl,5.957996904726315e-07,0
entity_0095,entity_0962,0,tabicl,8.692617257111124e-07,0
entity_0449,entity_0700,0,tabicl,6.619280270570016e-07,0
entity_0883,entity_0888,1,tabicl,0.9941003918647766,1
entity_0491,entity_0499,1,tabicl,0.9864127039909363,1
entity_0834,entity_0835,1,tabicl,0.9976688027381897,1
entity_0533,entity_0531,1,tabicl,0.9990768432617188,1
entity_0979,entity_0676,0,tabicl,1.2898348131784587e-06,0
entity_0661,entity_0669,1,tabicl,0.9682281017303467,1
entity_0437,entity_0284,0,tabicl,1.020067315948836e-06,0
entity_0916,entity_0544,0,tabicl,7.27163126157393e-07,0
entity_0022,entity_0579,0,tabicl,8.653790928292437e-07,0
entity_0753,entity_0757,1,tabicl,0.9950199127197266,1
entity_0598,entity_0502,0,tabicl,1.2852082136305398e-06,0
entity_0302,entity_0309,1,tabicl,0.9809003472328186,1
entity_0663,entity_0711,0,tabicl,4.101687409274746e-06,0
entity_0262,entity_0471,0,tabicl,6.700577728224744e-07,0
entity_0237,entity_0393,0,tabicl,7.403986046483624e-07,0
entity_0256,entity_0577,0,tabicl,6.781028218938445e-07,0
entity_0674,entity_0676,1,tabicl,0.9950199127197266,1
entity_0728,entity_0725,1,tabicl,0.9941131472587585,1
entity_0645,entity_0679,0,tabicl,5.491195679496741e-06,0
entity_0999,entity_0222,0,tabicl,3.628427521107369e-06,0
entity_0671,entity_0015,0,tabicl,1.322789444202499e-06,0
entity_0619,entity_0615,1,tabicl,0.9972902536392212,1
entity_0951,entity_0959,1,tabicl,0.9810220003128052,1
entity_0127,entity_0123,1,tabicl,0.9960945248603821,1
entity_0058,entity_0055,1,tabicl,0.9964025020599365,1
entity_0526,entity_0865,0,tabicl,5.981476078886772e-07,0
entity_0436,entity_0435,1,tabicl,0.9990431666374207,1
entity_0362,entity_0363,1,tabicl,0.9976713061332703,1
entity_0972,entity_0978,1,tabicl,0.9958418607711792,1
entity_0482,entity_0470,0,tabicl,0.05310788005590439,0
entity_0744,entity_0750,1,tabicl,0.9919881820678711,1
entity_0622,entity_0537,0,tabicl,1.4327512189993286e-06,0
entity_0787,entity_0781,1,tabicl,0.9932564496994019,1
entity_0260,entity_0962,0,tabicl,7.431149811054638e-07,0
entity_0902,entity_0910,1,tabicl,0.9700765609741211,1
entity_0913,entity_0203,0,tabicl,9.131312026511296e-07,0
entity_0112,entity_0114,1,tabicl,0.9978529214859009,1
entity_0239,entity_0236,1,tabicl,0.996536135673523,1
entity_0060,entity_0263,0,tabicl,5.844341899319261e-07,0
entity_0574,entity_0571,1,tabicl,0.9985572099685669,1
entity_0031,entity_0036,1,tabicl,0.9926018118858337,1
entity_0260,entity_0005,0,tabicl,1.2718558082269737e-06,0
entity_0283,entity_0288,1,tabicl,0.991617739200592,1
entity_0161,entity_0892,0,tabicl,5.433802243715036e-07,0
entity_0745,entity_0748,1,tabicl,0.9965770840644836,1
entity_0037,entity_0031,1,tabicl,0.9886268973350525,1
entity_0333,entity_0591,0,tabicl,5.798545430479862e-07,0
entity_0813,entity_0115,0,tabicl,9.853229130385444e-07,0
entity_0165,entity_0166,1,tabicl,0.9986018538475037,1
entity_0966,entity_0968,1,tabicl,0.9985650181770325,1
entity_0846,entity_0993,0,tabicl,1.7835581047620508e-06,0
entity_0943,entity_0818,0,tabicl,1.1269233937127865e-06,0
entity_0924,entity_0921,1,tabicl,0.9977505803108215,1
entity_0672,entity_0673,1,tabicl,0.9962959885597229,1
entity_0799,entity_0583,0,tabicl,9.613630709282006e-07,0
entity_0405,entity_0559,0,tabicl,6.188617476254876e-07,0
entity_0310,entity_0305,1,tabicl,0.9980670213699341,1
entity_0657,entity_0011,0,tabicl,1.4756974451302085e-06,0
entity_0445,entity_0376,0,tabicl,1.6066032912931405e-06,0
entity_0285,entity_0810,0,tabicl,6.731545454385923e-07,0
entity_0256,entity_0148,0,tabicl,1.1478979331513983e-06,0
entity_0729,entity_0636,0,tabicl,1.325662424278562e-06,0
entity_0939,entity_0132,0,tabicl,1.2576174412970431e-06,0
entity_0873,entity_0874,1,tabicl,0.9984163045883179,1
entity_0424,entity_0759,0,tabicl,6.07138986197242e-07,0
entity_0352,entity_0760,0,tabicl,5.962851332697028e-07,0
entity_0916,entity_0911,1,tabicl,0.9946174025535583,1
entity_0336,entity_0964,0,tabicl,5.793830837319547e-07,0
entity_0630,entity_0352,0,tabicl,9.031533068082354e-07,0
entity_0888,entity_0255,0,tabicl,8.272750164906029e-07,0
entity_0844,entity_0845,1,tabicl,0.9976485371589661,1
entity_0144,entity_0147,1,tabicl,0.9966683983802795,1
entity_0009,entity_0156,0,tabicl,1.5822474779270124e-06,0
entity_0950,entity_0155,0,tabicl,1.4108169352766708e-06,0
entity_0398,entity_0395,1,tabicl,0.9985880851745605,1
entity_0872,entity_0871,1,tabicl,0.9982522130012512,1
entity_0484,entity_0488,1,tabicl,0.9973107576370239,1
entity_0476,entity_0478,1,tabicl,0.9988357424736023,1
entity_0262,entity_0261,1,tabicl,0.9982138872146606,1
entity_0250,entity_0381,0,tabicl,9.477039952798805e-07,0
entity_0177,entity_0326,0,tabicl,6.965602779018809e-07,0
entity_0847,entity_0377,0,tabicl,8.150242365445592e-07,0
entity_0911,entity_0725,0,tabicl,1.1540900004547439e-06,0
entity_0270,entity_0312,0,tabicl,3.181382226102869e-06,0
entity_0791,entity_0796,1,tabicl,0.9949766993522644,1
entity_0774,entity_0454,0,tabicl,8.02464967364358e-07,0
entity_0968,entity_0963,1,tabicl,0.9965323805809021,1
entity_0506,entity_0650,0,tabicl,7.799833383614896e-07,0
entity_0202,entity_0085,0,tabicl,9.129300906352e-07,0
entity_0789,entity_0650,0,tabicl,1.0096063078890438e-06,0
entity_0303,entity_0029,0,tabicl,9.154251188192575e-07,0
entity_0769,entity_0521,0,tabicl,9.166675454252982e-07,0
entity_0965,entity_0591,0,tabicl,9.551888524583774e-07,0
entity_0383,entity_0681,0,tabicl,5.200887471801252e-07,0
entity_0934,entity_0937,1,tabicl,0.9979079961776733,1
entity_0343,entity_0344,1,tabicl,0.9976459741592407,1
entity_0318,entity_0314,1,tabicl,0.9979125261306763,1
entity_0590,entity_0719,0,tabicl,9.501492854724347e-07,0
entity_0353,entity_0358,1,tabicl,0.9946579337120056,1
entity_0584,entity_0766,0,tabicl,6.258676421566634e-07,0
entity_0980,entity_0974,1,tabicl,0.9942201375961304,1
entity_0819,entity_0820,1,tabicl,0.9971023201942444,1
entity_0212,entity_0580,0,tabicl,6.171849236125126e-07,0
entity_0857,entity_0854,1,tabicl,0.9958820343017578,1
entity_0709,entity_0707,1,tabicl,0.9962759017944336,1
entity_0967,entity_0962,1,tabicl,0.9961113333702087,1
entity_0798,entity_0439,0,tabicl,7.518344204981986e-07,0
entity_0112,entity_0116,1,tabicl,0.9950680732727051,1
entity_0816,entity_0817,1,tabicl,0.9961280822753906,1
entity_0057,entity_0863,0,tabicl,6.658896722910868e-07,0
entity_0859,entity_0854,1,tabicl,0.992617666721344,1
entity_0745,entity_0749,1,tabicl,0.9957094788551331,1
entity_0748,entity_0743,1,tabicl,0.995978832244873,1
entity_0608,entity_0607,1,tabicl,0.9982331991195679,1
entity_0583,entity_0423,0,tabicl,1.0727826520451345e-06,0
entity_0368,entity_0361,1,tabicl,0.9954073429107666,1
entity_0015,entity_0016,1,tabicl,0.9966791868209839,1
entity_0630,entity_0622,1,tabicl,0.9913892149925232,1
entity_0502,entity_0505,1,tabicl,0.9977285861968994,1
entity_0590,entity_0583,1,tabicl,0.9935340881347656,1
entity_0749,entity_0036,0,tabicl,1.2028133369312854e-06,0
entity_0402,entity_0403,1,tabicl,0.9982728958129883,1
entity_0280,entity_0274,1,tabicl,0.9963119626045227,1
entity_0713,entity_0712,1,tabicl,0.9974191188812256,1
entity_0016,entity_0595,0,tabicl,1.1004152611349127e-06,0
entity_0915,entity_0919,1,tabicl,0.9974079132080078,1
entity_0211,entity_0213,1,tabicl,0.9975550770759583,1
entity_0889,entity_0261,0,tabicl,8.914699947126792e-07,0
entity_0366,entity_0370,1,tabicl,0.9951262474060059,1
entity_0382,entity_0383,1,tabicl,0.9977038502693176,1
entity_0857,entity_0858,1,tabicl,0.997970461845398,1
entity_0220,entity_0278,0,tabicl,2.3185120880953036e-06,0
entity_0553,entity_0264,0,tabicl,1.2618727396329632e-06,0
entity_0280,entity_0279,1,tabicl,0.998293399810791,1
entity_0124,entity_0030,0,tabicl,2.062688281512237e-06,0
entity_0674,entity_0321,0,tabicl,9.722473350848304e-07,0
entity_0822,entity_0468,0,tabicl,9.473181989960722e-07,0
entity_0035,entity_0790,0,tabicl,5.857834253220062e-07,0
entity_0896,entity_0822,0,tabicl,1.188057922263397e-06,0
entity_0499,entity_0691,0,tabicl,6.163484727039759e-07,0
entity_0384,entity_0404,0,tabicl,1.8091113815899007e-05,0
entity_0531,entity_0495,0,tabicl,2.986549588968046e-06,0
entity_0393,entity_0392,1,tabicl,0.9988558292388916,1
entity_0353,entity_0502,0,tabicl,5.665610274263599e-07,0
entity_0906,entity_0901,1,tabicl,0.9959307312965393,1
entity_0310,entity_0307,1,tabicl,0.9983025789260864,1
entity_0644,entity_0575,0,tabicl,1.4484793382507632e-06,0
entity_0655,entity_0656,1,tabicl,0.9975417852401733,1
entity_0576,entity_0575,1,tabicl,0.9989243745803833,1
entity_0327,entity_0564,0,tabicl,5.296996050674352e-07,0
entity_0656,entity_0651,1,tabicl,0.996494710445404,1
entity_0098,entity_0096,1,tabicl,0.9984299540519714,1
entity_0704,entity_0702,1,tabicl,0.9963555335998535,1
entity_0312,entity_0503,0,tabicl,5.30921965946618e-07,0
entity_0609,entity_0664,0,tabicl,2.530846131776343e-06,0
entity_0938,entity_0935,1,tabicl,0.9974934458732605,1
entity_0485,entity_0489,1,tabicl,0.9973165392875671,1
entity_0762,entity_0764,1,tabicl,0.9971581697463989,1
entity_0851,entity_0240,0,tabicl,1.125548578784219e-06,0
entity_0741,entity_0742,1,tabicl,0.9979792237281799,1
entity_0283,entity_0260,0,tabicl,1.193496700579999e-05,0
entity_0463,entity_0466,1,tabicl,0.9981247782707214,1
entity_0102,entity_0919,0,tabicl,6.472786822087073e-07,0
entity_0029,entity_0384,0,tabicl,6.013202096255554e-07,0
entity_0826,entity_0447,0,tabicl,7.755004958198697e-07,0
entity_0687,entity_0323,0,tabicl,8.563883966417052e-07,0
entity_0127,entity_0864,0,tabicl,6.531871008519374e-07,0
entity_0784,entity_0743,0,tabicl,1.5214262703011627e-06,0
entity_0446,entity_0445,1,tabicl,0.9991779327392578,1
entity_0649,entity_0134,0,tabicl,1.280423589378188e-06,0
entity_0072,entity_0075,1,tabicl,0.996383011341095,1
entity_0641,entity_0649,1,tabicl,0.9607885479927063,1
entity_0510,entity_0504,1,tabicl,0.9958552718162537,1
entity_0136,entity_0139,1,tabicl,0.9972220659255981,1
entity_0034,entity_0833,0,tabicl,6.817918460910732e-07,0
entity_0275,entity_0278,1,tabicl,0.995157778263092,1
entity_0342,entity_0346,1,tabicl,0.994634747505188,1
entity_0961,entity_0963,1,tabicl,0.9985111355781555,1
entity_0517,entity_0047,0,tabicl,8.216288165385777e-07,0
entity_0914,entity_0912,1,tabicl,0.9976357221603394,1
entity_0707,entity_0703,1,tabicl,0.9951941967010498,1
entity_0394,entity_0393,1,tabicl,0.9989688992500305,1
entity_0577,entity_0837,0,tabicl,6.328672270683455e-07,0
entity_0666,entity_0663,1,tabicl,0.9977038502693176,1
entity_0878,entity_0874,1,tabicl,0.9959307312965393,1
entity_0520,entity_0511,1,tabicl,0.9516440629959106,1
entity_0607,entity_0610,1,tabicl,0.9956063032150269,1
entity_0697,entity_0906,0,tabicl,5.997726475470699e-07,0
entity_0338,entity_0340,1,tabicl,0.9957555532455444,1
entity_0344,entity_0397,0,tabicl,2.251915930173709e-06,0
entity_0759,entity_0154,0,tabicl,1.3419440847428632e-06,0
entity_0271,entity_0277,1,tabicl,0.9903186559677124,1
entity_0699,entity_0438,0,tabicl,9.849217121882248e-07,0
entity_0961,entity_0969,1,tabicl,0.9760785102844238,1
entity_0710,entity_0707,1,tabicl,0.9951838254928589,1
entity_0454,entity_0270,0,tabicl,9.887700116451015e-07,0
entity_0706,entity_0309,0,tabicl,9.924316373144393e-07,0
entity_0501,entity_0505,1,tabicl,0.9967955946922302,1
entity_0511,entity_0512,1,tabicl,0.9991311430931091,1
entity_0420,entity_0414,1,tabicl,0.9974743723869324,1
entity_0085,entity_0036,0,tabicl,6.467020739364671e-06,0
entity_0320,entity_0639,0,tabicl,5.736748107665335e-07,0
entity_0084,entity_0090,1,tabicl,0.9907459020614624,1
entity_0067,entity_0313,0,tabicl,5.034997343500436e-07,0
entity_0353,entity_0434,0,tabicl,1.2516611604951322e-06,0
entity_0121,entity_0127,1,tabicl,0.9877797365188599,1
entity_0075,entity_0077,1,tabicl,0.9965547323226929,1
entity_0485,entity_0932,0,tabicl,6.006684998283163e-07,0
entity_0998,entity_0997,1,tabicl,0.9973195195198059,1
entity_0420,entity_0417,1,tabicl,0.9986926913261414,1
entity_0910,entity_0908,1,tabicl,0.9976332187652588,1
entity_0331,entity_0338,1,tabicl,0.9851829409599304,1
entity_0248,entity_0130,0,tabicl,9.572889894116088e-07,0
entity_0228,entity_0224,1,tabicl,0.9935340881347656,1
entity_0869,entity_0865,1,tabicl,0.9961739182472229,1
entity_0449,entity_0544,0,tabicl,1.1168799574079458e-06,0
entity_0081,entity_0584,0,tabicl,6.662053237960208e-07,0
entity_0666,entity_0670,1,tabicl,0.9886024594306946,1
entity_0885,entity_0882,1,tabicl,0.9965547323226929,1
entity_0913,entity_0460,0,tabicl,9.448801847611321e-07,0
entity_0369,entity_0367,1,tabicl,0.9986869692802429,1
entity_0198,entity_0409,0,tabicl,5.034997343500436e-07,0
entity_0579,entity_0572,1,tabicl,0.9929518699645996,1
entity_0660,entity_0651,1,tabicl,0.9316838383674622,1
entity_0332,entity_0340,1,tabicl,0.974564254283905,1
entity_0181,entity_0188,1,tabicl,0.9928447604179382,1
entity_0801,entity_0545,0,tabicl,8.932860851018631e-07,0
entity_0963,entity_0964,1,tabicl,0.9987696409225464,1
entity_0623,entity_0630,1,tabicl,0.9783018827438354,1
entity_0021,entity_0452,0,tabicl,8.696737268110155e-07,0
entity_0265,entity_0438,0,tabicl,6.51948653285217e-07,0
entity_0406,entity_0219,0,tabicl,1.1153291552545852e-06,0
entity_0599,entity_0594,1,tabicl,0.9974134564399719,1
entity_0663,entity_0668,1,tabicl,0.9856353402137756,1
entity_0826,entity_0824,1,tabicl,0.9976022839546204,1
entity_0106,entity_0109,1,tabicl,0.9963278770446777,1
entity_0987,entity_0989,1,tabicl,0.9977138042449951,1
entity_0490,entity_0142,0,tabicl,7.760523317301704e-07,0
entity_0284,entity_0206,0,tabicl,1.1441535434641992e-06,0
entity_0434,entity_0382,0,tabicl,1.9118715499644168e-06,0
entity_0068,entity_0593,0,tabicl,7.318627126551291e-07,0
entity_0301,entity_0308,1,tabicl,0.9838437438011169,1
entity_0488,entity_0482,1,tabicl,0.9957510232925415,1
entity_0432,entity_0439,1,tabicl,0.9781633019447327,1
entity_0686,entity_0690,1,tabicl,0.9907259941101074,1
entity_0325,entity_0321,1,tabicl,0.9975311160087585,1
entity_0996,entity_0446,0,tabicl,1.4166643040880444e-06,0
entity_0490,entity_0953,0,tabicl,5.416878252617607e-07,0
entity_0461,entity_0468,1,tabicl,0.9933931827545166,1
entity_0772,entity_0778,1,tabicl,0.9933288097381592,1
entity_0587,entity_0578,0,tabicl,0.9354514479637146,1
entity_0627,entity_0629,1,tabicl,0.9959219694137573,1
entity_0549,entity_0112,0,tabicl,1.2767058024110156e-06,0
entity_0365,entity_0615,0,tabicl,6.222284127943567e-07,0
entity_0175,entity_0228,0,tabicl,2.7012540613213787e-06,0
entity_0669,entity_0081,0,tabicl,1.1989047834504163e-06,0
entity_0912,entity_0436,0,tabicl,8.894174357010343e-07,0
entity_0882,entity_0890,1,tabicl,0.9648625254631042,1
entity_0476,entity_0472,1,tabicl,0.9979462027549744,1
entity_0837,entity_0835,1,tabicl,0.99729323387146,1
entity_0028,entity_0917,0,tabicl,8.611638691036205e-07,0
entity_0907,entity_0418,0,tabicl,9.46163368098496e-07,0
entity_0957,entity_0951,1,tabicl,0.9943312406539917,1
entity_0114,entity_0730,0,tabicl,6.10441986736987e-07,0
entity_0549,entity_0541,1,tabicl,0.9836877584457397,1
entity_0421,entity_0430,1,tabicl,0.9084556698799133,1
entity_0382,entity_0290,0,tabicl,1.274530632144888e-06,0
entity_0806,entity_0808,1,tabicl,0.9963318705558777,1
entity_0054,entity_0053,1,tabicl,0.9972991347312927,1
entity_0499,entity_0498,1,tabicl,0.9993258714675903,1
entity_0508,entity_0510,1,tabicl,0.9987842440605164,1
entity_0068,entity_0064,1,tabicl,0.9957784414291382,1
entity_0377,entity_0064,0,tabicl,8.468019245810865e-07,0
entity_0454,entity_0452,1,tabicl,0.9991743564605713,1
entity_0404,entity_0409,1,tabicl,0.9939717650413513,1
entity_0870,entity_0862,1,tabicl,0.9816185832023621,1
entity_0077,entity_0078,1,tabicl,0.9974798560142517,1
entity_0552,entity_0556,1,tabicl,0.992775022983551,1
entity_0921,entity_0929,1,tabicl,0.9689215421676636,1
entity_0692,entity_0693,1,tabicl,0.9977138042449951,1
entity_0439,entity_0751,0,tabicl,5.618927048089972e-07,0
entity_0987,entity_0981,1,tabicl,0.9936171770095825,1
entity_0376,entity_0377,1,tabicl,0.998013973236084,1
entity_0370,entity_0647,0,tabicl,5.26548205925792e-07,0
entity_0522,entity_0803,0,tabicl,5.934605269430904e-07,0
entity_0528,entity_0523,1,tabicl,0.9975284934043884,1
entity_0145,entity_0147,1,tabicl,0.9978805780410767,1
entity_0217,entity_0214,1,tabicl,0.9973252415657043,1
entity_0860,entity_0061,0,tabicl,1.5812820493010804e-06,0
entity_0243,entity_0246,1,tabicl,0.9966719746589661,1
entity_0508,entity_0972,0,tabicl,7.113596893759677e-07,0
entity_0471,entity_0477,1,tabicl,0.9956346750259399,1
entity_0635,entity_0013,0,tabicl,1.3079808240945567e-06,0
entity_0600,entity_0593,1,tabicl,0.9937601089477539,1
entity_0956,entity_0413,0,tabicl,7.88278612162685e-07,0
entity_0720,entity_0269,0,tabicl,9.853229130385444e-07,0
entity_0066,entity_0641,0,tabicl,7.199982405836636e-07,0
entity_0213,entity_0218,1,tabicl,0.9928293228149414,1
entity_0539,entity_0533,1,tabicl,0.9960434436798096,1
entity_0977,entity_0407,0,tabicl,1.1753166972994222e-06,0
entity_0169,entity_0445,0,tabicl,5.231311206443934e-07,0
entity_0800,entity_0872,0,tabicl,1.4332855471366202e-06,0
entity_0393,entity_0398,1,tabicl,0.9922677874565125,1
entity_0337,entity_0333,1,tabicl,0.9970453381538391,1
entity_0122,entity_0127,1,tabicl,0.9932491779327393,1
entity_0256,entity_0253,1,tabicl,0.9970099329948425,1
entity_0740,entity_0731,1,tabicl,0.9598792195320129,1
entity_0944,entity_0347,0,tabicl,9.687580586614786e-07,0
entity_0992,entity_0996,1,tabicl,0.995372474193573,1
entity_0594,entity_0871,0,tabicl,6.581676075256837e-07,0
entity_0608,entity_0540,0,tabicl,1.4448991123572341e-06,0
entity_0319,entity_0315,1,tabicl,0.9981063604354858,1
entity_0402,entity_0406,1,tabicl,0.9947380423545837,1
entity_0341,entity_0864,0,tabicl,5.215723604123923e-07,0
entity_0027,entity_0021,1,tabicl,0.9934710264205933,1
entity_0102,entity_0205,0,tabicl,8.355073646271194e-07,0
entity_0557,entity_0061,0,tabicl,8.734573384572286e-07,0
entity_0434,entity_0577,0,tabicl,7.281491889443714e-07,0
entity_0752,entity_0670,0,tabicl,1.3022728353462298e-06,0
entity_0541,entity_0987,0,tabicl,8.094061172414513e-07,0
entity_0415,entity_0087,0,tabicl,7.170257845245942e-07,0
entity_0113,entity_0111,1,tabicl,0.9982654452323914,1
entity_0557,entity_0560,1,tabicl,0.9942697286605835,1
entity_0584,entity_0092,0,tabicl,1.4866717492623138e-06,0
entity_0796,entity_0792,1,tabicl,0.996052086353302,1
entity_0331,entity_0816,0,tabicl,5.330868475539319e-07,0
entity_0717,entity_0241,0,tabicl,1.1192311148988665e-06,0
entity_0842,entity_0845,1,tabicl,0.9952406883239746,1
entity_0686,entity_0158,0,tabicl,9.646288390285918e-07,0
entity_0458,entity_0680,0,tabicl,6.383853019542585e-07,0
entity_0654,entity_0472,0,tabicl,9.753836138770566e-07,0
entity_0726,entity_0730,1,tabicl,0.9934145212173462,1
entity_0699,entity_0697,1,tabicl,0.9967572093009949,1
entity_0487,entity_0485,1,tabicl,0.9989462494850159,1
entity_0835,entity_0839,1,tabicl,0.9917961955070496,1
entity_0452,entity_0455,1,tabicl,0.9978852272033691,1
entity_0723,entity_0728,1,tabicl,0.9908645749092102,1
entity_0954,entity_0036,0,tabicl,2.274995267725899e-06,0
entity_0113,entity_0856,0,tabicl,5.523710910892987e-07,0
entity_0767,entity_0436,0,tabicl,8.784471106082492e-07,0
entity_0341,entity_0342,1,tabicl,0.9974023103713989,1
entity_0592,entity_0244,0,tabicl,1.1187754580532783e-06,0
entity_0096,entity_0801,0,tabicl,4.6051079038988973e-07,0
entity_0581,entity_0584,1,tabicl,0.9971948266029358,1
entity_0956,entity_0959,1,tabicl,0.9980940222740173,1
entity_0732,entity_0740,1,tabicl,0.9726697206497192,1
entity_0100,entity_0706,0,tabicl,7.24013261788059e-07,0
entity_0119,entity_0120,1,tabicl,0.9981043338775635,1
entity_0428,entity_0263,0,tabicl,1.0289261354046175e-06,0
entity_0724,entity_0906,0,tabicl,6.73428701247758e-07,0
entity_0954,entity_0710,0,tabicl,9.548008392812335e-07,0
entity_0521,entity_0670,0,tabicl,7.018708743089519e-07,0
entity_0137,entity_0131,1,tabicl,0.9922177195549011,1
entity_0135,entity_0133,1,tabicl,0.9973909854888916,1
entity_0866,entity_0466,0,tabicl,8.151345696205681e-07,0
entity_0314,entity_0320,1,tabicl,0.9907259941101074,1
entity_0541,entity_0283,0,tabicl,1.209848278449499e-06,0
entity_0713,entity_0771,0,tabicl,2.2189810806594323e-06,0
entity_0875,entity_0878,1,tabicl,0.9970580339431763,1
entity_0853,entity_0296,0,tabicl,9.358879538012843e-07,0
entity_0593,entity_0297,0,tabicl,1.125205130847462e-06,0
entity_0843,entity_0602,0,tabicl,8.309866075251193e-07,0
entity_0687,entity_0686,1,tabicl,0.9979682564735413,1
entity_0149,entity_0144,1,tabicl,0.9950306415557861,1
entity_0880,entity_0874,1,tabicl,0.9924325942993164,1
entity_0042,entity_0083,0,tabicl,5.705872354155872e-06,0
entity_0227,entity_0226,1,tabicl,0.9969872236251831,1
entity_0131,entity_0889,0,tabicl,5.634950639432645e-07,0
entity_0877,entity_0879,1,tabicl,0.9976838827133179,1
entity_0776,entity_0765,0,tabicl,0.10519015789031982,0
entity_0113,entity_0438,0,tabicl,5.253353378975589e-07,0
entity_0654,entity_0538,0,tabicl,1.3019189282204024e-06,0
entity_0692,entity_0496,0,tabicl,9.71654117165599e-07,0
entity_0360,entity_0021,0,tabicl,9.125121778197354e-07,0
entity_0908,entity_0881,0,tabicl,8.92975276656216e-06,0
entity_0487,entity_0147,0,tabicl,7.7025919154039e-07,0
entity_0688,entity_0972,0,tabicl,7.109737794053217e-07,0
entity_0425,entity_0424,1,tabicl,0.9989755153656006,1
entity_0310,entity_0036,0,tabicl,8.886934210750042e-07,0
entity_0101,entity_0352,0,tabicl,5.315709472597518e-07,0
entity_0304,entity_0301,1,tabicl,0.9983763694763184,1
entity_0400,entity_0398,1,tabicl,0.9989007711410522,1
entity_0888,entity_0881,1,tabicl,0.9885656237602234,1
entity_0113,entity_0118,1,tabicl,0.9924407005310059,1
entity_0401,entity_0405,1,tabicl,0.9943128824234009,1
entity_0544,entity_0548,1,tabicl,0.9941574335098267,1
entity_0003,entity_0043,0,tabicl,2.446225335006602e-05,0
entity_0857,entity_0377,0,tabicl,8.581902761761739e-07,0
entity_0695,entity_0693,1,tabicl,0.9972549080848694,1
entity_0430,entity_0429,1,tabicl,0.9990211725234985,1
entity_0505,entity_0503,1,tabicl,0.9992128014564514,1
entity_0790,entity_0821,0,tabicl,6.869408025522716e-06,0
entity_0507,entity_0195,0,tabicl,9.395131428391323e-07,0
entity_0409,entity_0402,1,tabicl,0.9964565634727478,1
entity_0480,entity_0475,1,tabicl,0.9969969987869263,1
entity_0296,entity_0196,0,tabicl,1.0649815749275149e-06,0
entity_0493,entity_0283,0,tabicl,1.023011350298475e-06,0
entity_0098,entity_0875,0,tabicl,5.672525844602205e-07,0
entity_0956,entity_0897,0,tabicl,2.6537736630416475e-06,0
entity_0508,entity_0502,1,tabicl,0.9959174990653992,1
entity_0783,entity_0790,1,tabicl,0.991058886051178,1
entity_0869,entity_0867,1,tabicl,0.9978783130645752,1
entity_0375,entity_0715,0,tabicl,5.786762358184205e-07,0
entity_0348,entity_0349,1,tabicl,0.9980543851852417,1
entity_0528,entity_0220,0,tabicl,8.738572887523333e-07,0
entity_0664,entity_0386,0,tabicl,1.033505895975395e-06,0
entity_0613,entity_0065,0,tabicl,1.0012871598519268e-06,0
entity_0023,entity_0521,0,tabicl,9.259764510716195e-07,0
entity_0820,entity_0815,1,tabicl,0.9918840527534485,1
entity_0769,entity_0938,0,tabicl,7.580801479889487e-07,0
entity_0148,entity_0150,1,tabicl,0.9976913928985596,1
entity_0328,entity_0582,0,tabicl,5.365694164538581e-07,0
entity_0135,entity_0281,0,tabicl,8.888748652680079e-07,0
entity_0058,entity_0123,0,tabicl,2.557825837357086e-06,0
entity_0059,entity_0056,1,tabicl,0.9965807795524597,1
entity_0597,entity_0835,0,tabicl,6.338124762805819e-07,0
entity_0759,entity_0754,1,tabicl,0.9950091242790222,1
entity_0753,entity_0756,1,tabicl,0.9964373707771301,1
entity_0112,entity_0835,0,tabicl,4.4867294946016045e-07,0
entity_0022,entity_0030,1,tabicl,0.9750966429710388,1
entity_0143,entity_0145,1,tabicl,0.9980289340019226,1
entity_0399,entity_0621,0,tabicl,6.572756205969199e-07,0
entity_0028,entity_0441,0,tabicl,7.036817919470195e-07,0
entity_0223,entity_0227,1,tabicl,0.9932854175567627,1
entity_0248,entity_0241,1,tabicl,0.9941257834434509,1
entity_0663,entity_0661,1,tabicl,0.998204231262207,1
entity_0678,entity_0217,0,tabicl,1.4283855307439808e-06,0
entity_0353,entity_0021,0,tabicl,9.618848935133428e-07,0
entity_0658,entity_0657,1,tabicl,0.9981043338775635,1
entity_0351,entity_0002,0,tabicl,1.7663617200014414e-06,0
entity_0588,entity_0590,1,tabicl,0.9979923367500305,1
entity_0902,entity_0904,1,tabicl,0.9979260563850403,1
entity_0902,entity_0830,0,tabicl,1.2244588560861303e-06,0
entity_0938,entity_0933,1,tabicl,0.9952355027198792,1
entity_0213,entity_0744,0,tabicl,6.554947162840108e-07,0
entity_0321,entity_0327,1,tabicl,0.9892093539237976,1
entity_0972,entity_0138,0,tabicl,1.580210209795041e-06,0
entity_0166,entity_0170,1,tabicl,0.996009111404419,1
entity_0854,entity_0852,1,tabicl,0.9968540072441101,1
entity_0225,entity_0222,1,tabicl,0.9960392117500305,1
entity_0166,entity_0766,0,tabicl,5.62884338251024e-07,0
entity_0217,entity_0803,0,tabicl,5.937022251600865e-07,0
entity_0043,entity_0421,0,tabicl,5.408072070167691e-07,0
entity_0823,entity_0570,0,tabicl,9.373492275699391e-07,0
entity_0424,entity_0427,1,tabicl,0.9964603781700134,1
entity_0112,entity_0671,0,tabicl,6.526558991026832e-07,0
entity_0720,entity_0374,0,tabicl,8.798783142083266e-07,0
entity_0740,entity_0733,1,tabicl,0.9955729246139526,1
entity_0555,entity_0434,0,tabicl,1.4478424645858468e-06,0
entity_0846,entity_0053,0,tabicl,1.442158122699766e-06,0
entity_0457,entity_0415,0,tabicl,3.0461771984846564e-06,0
entity_0653,entity_0652,1,tabicl,0.9982859492301941,1
entity_0643,entity_0717,0,tabicl,1.509710500613437e-06,0
entity_0960,entity_0955,1,tabicl,0.9964103102684021,1
entity_0977,entity_0311,0,tabicl,9.086833756555279e-07,0
entity_0499,entity_0495,1,tabicl,0.9980204105377197,1
entity_0625,entity_0368,0,tabicl,8.756517217989312e-07,0
entity_0318,entity_0319,1,tabicl,0.9974107146263123,1
entity_0299,entity_0460,0,tabicl,6.313246672107198e-07,0
entity_0765,entity_0433,0,tabicl,8.287918831229035e-07,0
entity_0792,entity_0800,1,tabicl,0.9734659194946289,1
entity_0726,entity_0723,1,tabicl,0.993780255317688,1
entity_0075,entity_0078,1,tabicl,0.9957829713821411,1
entity_0117,entity_0113,1,tabicl,0.9969741106033325,1
entity_0444,entity_0284,0,tabicl,1.0240880783385364e-06,0
entity_0882,entity_0881,1,tabicl,0.9979147911071777,1
entity_0614,entity_0795,0,tabicl,6.784703145967796e-07,0
entity_0933,entity_0454,0,tabicl,8.665542736707721e-07,0
entity_0735,entity_0137,0,tabicl,1.1212823665118776e-06,0
entity_0706,entity_0703,1,tabicl,0.995266318321228,1
entity_0054,entity_0057,1,tabicl,0.9965881705284119,1
entity_0967,entity_0966,1,tabicl,0.9986509680747986,1
entity_0501,entity_0902,0,tabicl,6.005865884617378e-07,0
entity_0622,entity_0624,1,tabicl,0.9967642426490784,1
entity_0889,entity_0883,1,tabicl,0.992408037185669,1
entity_0694,entity_0590,0,tabicl,1.2054258604621282e-06,0
entity_0865,entity_0867,1,tabicl,0.9981846809387207,1
entity_0389,entity_0390,1,tabicl,0.9980774521827698,1
entity_0541,entity_0958,0,tabicl,7.840142188797472e-07,0
entity_0168,entity_0163,1,tabicl,0.9971826076507568,1
entity_0823,entity_0895,0,tabicl,1.4468597555605811e-06,0
entity_0054,entity_0056,1,tabicl,0.9970771074295044,1
entity_0316,entity_0788,0,tabicl,6.59507804812165e-07,0
entity_0887,entity_0781,0,tabicl,1.1290652537354617e-06,0
entity_0940,entity_0932,1,tabicl,0.9863105416297913,1
entity_0616,entity_0615,1,tabicl,0.9986494183540344,1
entity_0116,entity_0117,1,tabicl,0.9981688857078552,1
entity_0359,entity_0858,0,tabicl,4.898919883089548e-07,0
entity_0178,entity_0717,0,tabicl,6.613891514462011e-07,0
entity_0153,entity_0290,0,tabicl,9.81788502940617e-07,0
entity_0587,entity_0384,0,tabicl,9.76476258074399e-07,0
entity_0980,entity_0950,0,tabicl,1.5018273188616149e-05,0
entity_0462,entity_0465,1,tabicl,0.9980607032775879,1
entity_0016,entity_0020,1,tabicl,0.9893246293067932,1
entity_0685,entity_0689,1,tabicl,0.9911068677902222,1
entity_0694,entity_0699,1,tabicl,0.9884175658226013,1
entity_0709,entity_0590,0,tabicl,1.18608579668944e-06,0
entity_0043,entity_0309,0,tabicl,5.303471084516787e-07,0
entity_0524,entity_0341,0,tabicl,1.004892737910268e-06,0
entity_0074,entity_0046,0,tabicl,1.9103596059721895e-05,0
entity_0258,entity_0255,1,tabicl,0.9970453381538391,1
entity_0842,entity_0850,1,tabicl,0.9607885479927063,1
entity_0091,entity_0238,0,tabicl,7.450337307091104e-07,0
entity_0572,entity_0409,0,tabicl,1.3250785286800237e-06,0
entity_0535,entity_0532,1,tabicl,0.998528778553009,1
entity_0862,entity_0863,1,tabicl,0.9982484579086304,1
entity_0213,entity_0366,0,tabicl,8.575505603403144e-07,0
entity_0828,entity_0027,0,tabicl,1.4458790928983944e-06,0
entity_0777,entity_0794,0,tabicl,0.0002210537641076371,0
entity_0797,entity_0796,1,tabicl,0.9975337982177734,1
entity_0534,entity_0070,0,tabicl,7.980149234754208e-07,0
entity_0332,entity_0333,1,tabicl,0.9969213008880615,1
entity_0069,entity_0068,1,tabicl,0.9977432489395142,1
entity_0401,entity_0034,0,tabicl,9.000964382721577e-07,0
entity_0837,entity_0041,0,tabicl,1.295445031246345e-06,0
entity_0301,entity_0396,0,tabicl,9.886700809147442e-07,0
entity_0734,entity_0731,1,tabicl,0.9955729246139526,1
entity_0223,entity_0532,0,tabicl,7.673908157812548e-07,0
entity_0318,entity_0312,1,tabicl,0.9973938465118408,1
entity_0609,entity_0606,1,tabicl,0.9980732798576355,1
entity_0262,entity_0268,1,tabicl,0.9904015064239502,1
entity_0955,entity_0655,0,tabicl,1.068136725734803e-06,0
entity_0116,entity_0115,1,tabicl,0.9983886480331421,1
entity_0159,entity_0154,1,tabicl,0.9972578883171082,1
entity_0091,entity_0100,1,tabicl,0.8737664222717285,1
entity_0439,entity_0433,1,tabicl,0.997688889503479,1
entity_0775,entity_0773,1,tabicl,0.9958283305168152,1
entity_0111,entity_0114,1,tabicl,0.9965844750404358,1
entity_0679,entity_0674,1,tabicl,0.9949057102203369,1
entity_0081,entity_0094,0,tabicl,0.06701555103063583,0
entity_0288,entity_0494,0,tabicl,5.906503588448686e-07,0
entity_0838,entity_0832,1,tabicl,0.9925055503845215,1
entity_0412,entity_0851,0,tabicl,5.886507210561831e-07,0
entity_0273,entity_0624,0,tabicl,6.229884093045257e-07,0
entity_0114,entity_0117,1,tabicl,0.9964984655380249,1
entity_0732,entity_0738,1,tabicl,0.988832414150238,1
entity_0127,entity_0130,1,tabicl,0.9964718818664551,1
entity_0829,entity_0991,0,tabicl,1.4649289141743793e-06,0
entity_0669,entity_0668,1,tabicl,0.9982616305351257,1
entity_0434,entity_0435,1,tabicl,0.9978552460670471,1
entity_0904,entity_0901,1,tabicl,0.9975576996803284,1
entity_0660,entity_0240,0,tabicl,1.142235873885511e-06,0
entity_0062,entity_0064,1,tabicl,0.9972696900367737,1
entity_0593,entity_0552,0,tabicl,1.7995964753936278e-06,0
entity_0996,entity_0036,0,tabicl,5.501631676452234e-06,0
entity_0081,entity_0085,1,tabicl,0.9949386119842529,1
entity_0584,entity_0589,1,tabicl,0.9954172372817993,1
entity_0260,entity_0259,1,tabicl,0.9982767105102539,1
entity_0646,entity_0649,1,tabicl,0.9944702386856079,1
entity_0555,entity_0551,1,tabicl,0.9980459213256836,1
entity_0192,entity_0811,0,tabicl,6.969377750465355e-07,0
entity_0203,entity_0205,1,tabicl,0.9978505373001099,1
entity_0166,entity_0168,1,tabicl,0.9979814291000366,1
entity_0394,entity_0714,0,tabicl,5.708031949325232e-07,0
entity_0929,entity_0059,0,tabicl,1.6524883221791242e-06,0
entity_0862,entity_0442,0,tabicl,7.953678391459107e-07,0
entity_0094,entity_0097,1,tabicl,0.9957693815231323,1
entity_0262,entity_0265,1,tabicl,0.9961071610450745,1
entity_0782,entity_0144,0,tabicl,1.5269296227415907e-06,0
entity_0069,entity_0522,0,tabicl,6.059462975827046e-07,0
entity_0100,entity_0098,1,tabicl,0.998528778553009,1
entity_0305,entity_0309,1,tabicl,0.9925135970115662,1
entity_0474,entity_0279,0,tabicl,1.5272150903911097e-06,0
entity_0434,entity_0438,1,tabicl,0.9931907653808594,1
entity_0052,entity_0247,0,tabicl,6.63141179302329e-07,0
entity_0103,entity_0855,0,tabicl,5.264764126877708e-07,0
entity_0896,entity_0891,1,tabicl,0.9961985945701599,1
entity_0721,entity_0730,1,tabicl,0.953361988067627,1
entity_0808,entity_0790,0,tabicl,2.687305459403433e-05,0
entity_0325,entity_0364,0,tabicl,3.99188911615056e-06,0
entity_0008,entity_0097,0,tabicl,3.6279984669818077e-06,0
entity_0162,entity_0169,1,tabicl,0.9870795607566833,1
entity_0072,entity_0073,1,tabicl,0.9978082776069641,1
entity_0076,entity_0078,1,tabicl,0.9967990517616272,1
entity_0284,entity_0286,1,tabicl,0.996052086353302,1
entity_0923,entity_0922,1,tabicl,0.9984163045883179,1
entity_0385,entity_0388,1,tabicl,0.9950252771377563,1
entity_0476,entity_0471,1,tabicl,0.9970099329948425,1
entity_0448,entity_0919,0,tabicl,6.308106890173804e-07,0
entity_0474,entity_0480,1,tabicl,0.9960306286811829,1
entity_0233,entity_0845,0,tabicl,6.836435204604641e-07,0
entity_0637,entity_0688,0,tabicl,3.071069841098506e-06,0
entity_0542,entity_0788,0,tabicl,5.648724368256808e-07,0
entity_0331,entity_0961,0,tabicl,5.096146082905761e-07,0
entity_0590,entity_0237,0,tabicl,1.2151941746196826e-06,0
entity_0349,entity_0350,1,tabicl,0.9980837106704712,1
entity_0816,entity_0818,1,tabicl,0.9951629638671875,1
entity_0273,entity_0274,1,tabicl,0.9972370266914368,1
entity_0726,entity_0722,1,tabicl,0.9935131669044495,1
entity_0896,entity_0526,0,tabicl,8.614563284936594e-07,0
entity_0480,entity_0477,1,tabicl,0.9986798763275146,1
entity_0238,entity_0240,1,tabicl,0.9970707893371582,1
entity_0542,entity_0549,1,tabicl,0.9775047898292542,1
entity_0974,entity_0738,0,tabicl,1.1918515383513295e-06,0
entity_0671,entity_0349,0,tabicl,1.1229570873183548e-06,0
entity_0287,entity_0286,1,tabicl,0.9981669187545776,1
entity_0163,entity_0169,1,tabicl,0.9929821491241455,1
entity_0279,entity_0214,0,tabicl,1.6482938463013852e-06,0
entity_0883,entity_0506,0,tabicl,8.552864869670884e-07,0
entity_0453,entity_0452,1,tabicl,0.9992272257804871,1
entity_0383,entity_0384,1,tabicl,0.9975892305374146,1
entity_0265,entity_0261,1,tabicl,0.9967184662818909,1
entity_0396,entity_0399,1,tabicl,0.9957094788551331,1
entity_0404,entity_0406,1,tabicl,0.9970834255218506,1
entity_0350,entity_0719,0,tabicl,5.834841090290865e-07,0
entity_0755,entity_0251,0,tabicl,1.0403977057649172e-06,0
entity_0457,entity_0759,0,tabicl,5.311387099027343e-07,0
entity_0992,entity_0219,0,tabicl,1.5067431604620651e-06,0
entity_0104,entity_0102,1,tabicl,0.9984652996063232,1
entity_0806,entity_0801,1,tabicl,0.9945999383926392,1
entity_0958,entity_0855,0,tabicl,1.7028590946210898e-06,0
entity_0582,entity_0590,1,tabicl,0.9756182432174683,1
entity_0440,entity_0433,1,tabicl,0.9961280822753906,1
entity_0916,entity_0437,0,tabicl,9.492479762229777e-07,0
entity_0538,entity_0537,1,tabicl,0.9992238283157349,1
entity_0047,entity_0476,0,tabicl,5.882914706489828e-07,0
entity_0149,entity_0146,1,tabicl,0.9977916479110718,1
entity_0278,entity_0689,0,tabicl,6.115193400546559e-07,0
entity_0777,entity_0771,1,tabicl,0.9921841025352478,1
entity_0447,entity_0444,1,tabicl,0.9990233182907104,1
entity_0150,entity_0146,1,tabicl,0.9970580339431763,1
entity_0002,entity_0696,0,tabicl,1.394928403897211e-06,0
entity_0522,entity_0185,0,tabicl,8.878200219442078e-07,0
entity_0627,entity_0808,0,tabicl,6.071384177630534e-07,0
entity_0055,entity_0053,1,tabicl,0.9969046115875244,1
entity_0284,entity_0288,1,tabicl,0.993485152721405,1
entity_0990,entity_0802,0,tabicl,2.38259030993504e-06,0
entity_0934,entity_0610,0,tabicl,8.74108138759766e-07,0
entity_0811,entity_0813,1,tabicl,0.9952816367149353,1
entity_0102,entity_0005,0,tabicl,4.533584160526516e-06,0
entity_0215,entity_0212,1,tabicl,0.9966862797737122,1
entity_0503,entity_0006,0,tabicl,1.2641371540667024e-06,0
entity_0037,entity_0032,1,tabicl,0.9929366707801819,1
entity_0368,entity_0345,0,tabicl,1.606116711627692e-05,0
entity_0317,entity_0319,1,tabicl,0.9964908957481384,1
entity_0175,entity_0180,1,tabicl,0.9946866631507874,1
entity_0600,entity_0598,1,tabicl,0.9986955523490906,1
entity_0055,entity_0059,1,tabicl,0.9962718486785889,1
entity_0419,entity_0420,1,tabicl,0.9983099699020386,1
entity_0115,entity_0221,0,tabicl,7.595209012833948e-07,0
entity_0199,entity_0192,1,tabicl,0.9949820637702942,1
entity_0192,entity_0163,0,tabicl,5.890768989047501e-06,0
entity_0208,entity_0203,1,tabicl,0.9965248703956604,1
entity_0349,entity_0103,0,tabicl,8.212387001549359e-07,0
entity_0046,entity_0048,1,tabicl,0.9967219233512878,1
entity_0913,entity_0912,1,tabicl,0.9980310797691345,1
entity_0217,entity_0219,1,tabicl,0.9967747330665588,1
entity_0608,entity_0070,0,tabicl,1.0835315151780378e-06,0
entity_0925,entity_0902,0,tabicl,1.8938490029540844e-05,0
entity_0323,entity_0408,0,tabicl,1.0993715022777906e-06,0
entity_0793,entity_0062,0,tabicl,1.5743273706902983e-06,0
entity_0931,entity_0939,1,tabicl,0.9805517196655273,1
entity_0802,entity_0808,1,tabicl,0.9889397025108337,1
entity_0013,entity_0489,0,tabicl,1.2373975550872274e-06,0
entity_0773,entity_0023,0,tabicl,1.537711227683758e-06,0
entity_0761,entity_0056,0,tabicl,1.997707158807316e-06,0
entity_0008,entity_0087,0,tabicl,5.222246727498714e-06,0
entity_0811,entity_0817,1,tabicl,0.9826465845108032,1
entity_0038,entity_0722,0,tabicl,8.200138950087421e-07,0
entity_0115,entity_0112,1,tabicl,0.997786819934845,1
entity_0065,entity_0063,1,tabicl,0.9970517158508301,1
entity_0422,entity_0423,1,tabicl,0.9982767105102539,1
entity_0856,entity_0106,0,tabicl,1.064160301211814e-06,0
entity_0840,entity_0844,0,tabicl,0.9938336610794067,1
entity_0797,entity_0799,1,tabicl,0.9972637891769409,1
entity_0159,entity_0158,1,tabicl,0.9987616539001465,1
entity_0765,entity_0761,1,tabicl,0.9956110119819641,1
entity_0961,entity_0898,0,tabicl,2.5131635084107984e-06,0
entity_0481,entity_0513,0,tabicl,5.071021860203473e-06,0
entity_0834,entity_0766,0,tabicl,1.0935335694739479e-06,0
entity_0488,entity_0487,1,tabicl,0.9992380142211914,1
entity_0333,entity_0962,0,tabicl,5.146853823134734e-07,0
entity_0045,entity_0795,0,tabicl,6.652581419075432e-07,0
entity_0907,entity_0902,1,tabicl,0.9959130883216858,1
entity_0688,entity_0684,1,tabicl,0.9955633878707886,1
entity_0749,entity_0743,1,tabicl,0.9955006241798401,1
entity_0812,entity_0818,1,tabicl,0.981774628162384,1
entity_0773,entity_0054,0,tabicl,1.8512777160140104e-06,0
entity_0083,entity_0687,0,tabicl,5.077517357676697e-07,0
entity_0593,entity_0020,0,tabicl,1.1441733249739627e-06,0
entity_0690,entity_0682,1,tabicl,0.9932054281234741,1
entity_0150,entity_0577,0,tabicl,1.1166541753482306e-06,0
entity_0282,entity_0289,1,tabicl,0.9832823872566223,1
entity_0734,entity_0266,0,tabicl,1.1413832226025988e-06,0
entity_0546,entity_0542,1,tabicl,0.9980502128601074,1
entity_0378,entity_0371,1,tabicl,0.9940748810768127,1
entity_0005,entity_0001,1,tabicl,0.9921334385871887,1
entity_0492,entity_0617,0,tabicl,8.873680030774267e-07,0
entity_0681,entity_0690,1,tabicl,0.9187237024307251,1
entity_0508,entity_0503,1,tabicl,0.9971210360527039,1
entity_0307,entity_0308,1,tabicl,0.9963079690933228,1
entity_0711,entity_0240,0,tabicl,1.1155940455864766e-06,0
entity_0789,entity_0781,1,tabicl,0.9722921848297119,1
entity_0943,entity_0950,1,tabicl,0.9898062944412231,1
entity_0753,entity_0832,0,tabicl,1.2652310488192597e-06,0
entity_0089,entity_0994,0,tabicl,1.8711576785790385e-06,0
entity_0985,entity_0986,1,tabicl,0.9982331991195679,1
entity_0295,entity_0260,0,tabicl,3.1603744901076425e-06,0
entity_0411,entity_0418,1,tabicl,0.9916716814041138,1
entity_0312,entity_0822,0,tabicl,6.234953957573452e-07,0
entity_0006,entity_0453,0,tabicl,9.759456816027523e-07,0
entity_0836,entity_0835,1,tabicl,0.9978598952293396,1
entity_0867,entity_0863,1,tabicl,0.996536135673523,1
entity_0153,entity_0682,0,tabicl,5.191021159589582e-07,0
entity_0916,entity_0919,1,tabicl,0.9978943467140198,1
entity_0017,entity_0931,0,tabicl,1.179788569061202e-06,0
entity_0683,entity_0681,1,tabicl,0.9978691339492798,1
entity_0787,entity_0783,1,tabicl,0.9950945377349854,1
entity_0470,entity_0461,1,tabicl,0.9351230263710022,1
entity_0603,entity_0609,1,tabicl,0.9917342066764832,1
entity_0569,entity_0005,0,tabicl,1.548675413687306e-06,0
entity_0592,entity_0593,1,tabicl,0.9983190298080444,1
entity_0600,entity_0599,1,tabicl,0.9986199140548706,1
entity_0416,entity_0426,0,tabicl,0.7272872924804688,1
entity_0813,entity_0817,1,tabicl,0.9908841848373413,1
entity_0411,entity_0416,1,tabicl,0.9955729246139526,1
entity_0287,entity_0968,0,tabicl,7.793490794938407e-07,0
entity_0501,entity_0510,1,tabicl,0.9393965601921082,1
entity_0945,entity_0347,0,tabicl,8.202367780540953e-07,0
entity_0381,entity_0385,1,tabicl,0.9936034083366394,1
entity_0106,entity_0104,1,tabicl,0.9986479878425598,1
entity_0585,entity_0582,1,tabicl,0.9988471269607544,1
entity_0910,entity_0909,1,tabicl,0.9980691075325012,1
entity_0488,entity_0481,1,tabicl,0.9926494359970093,1
entity_0857,entity_0910,0,tabicl,2.666491354830214e-06,0
entity_0718,entity_0711,1,tabicl,0.9941131472587585,1
entity_0493,entity_0498,1,tabicl,0.9961656332015991,1
entity_0582,entity_0581,1,tabicl,0.9990211725234985,1
entity_0607,entity_0609,1,tabicl,0.996931254863739,1
entity_0146,entity_0148,1,tabicl,0.9979147911071777,1
entity_0804,entity_0257,0,tabicl,1.1459587767603807e-06,0
entity_0207,entity_0598,0,tabicl,6.191137345012976e-07,0
entity_0150,entity_0213,0,tabicl,1.8044239595838008e-06,0
entity_0283,entity_0552,0,tabicl,6.018095746185281e-07,0
entity_0663,entity_0103,0,tabicl,9.727083352117916e-07,0
entity_0157,entity_0151,1,tabicl,0.9966248273849487,1
entity_0953,entity_0956,1,tabicl,0.9981569647789001,1
entity_0078,entity_0080,1,tabicl,0.9966970682144165,1
entity_0642,entity_0880,0,tabicl,5.398543976298242e-07,0
entity_0036,entity_0417,0,tabicl,5.876136697224865e-07,0
entity_0075,entity_0073,1,tabicl,0.9982692003250122,1
entity_0541,entity_0543,1,tabicl,0.9982293248176575,1
entity_0903,entity_0902,1,tabicl,0.9982446432113647,1
entity_0820,entity_0180,0,tabicl,1.3368576219363604e-06,0
entity_0705,entity_0707,1,tabicl,0.9973909854888916,1
entity_0972,entity_0733,0,tabicl,1.2169256251581828e-06,0
entity_0765,entity_0770,1,tabicl,0.9947832822799683,1
entity_0451,entity_0005,0,tabicl,1.2565085398819065e-06,0
entity_0200,entity_0195,1,tabicl,0.9966647624969482,1
entity_0695,entity_0698,1,tabicl,0.9956205487251282,1
entity_0720,entity_0714,1,tabicl,0.9950306415557861,1
entity_0418,entity_0419,1,tabicl,0.9985493421554565,1
entity_0392,entity_0599,0,tabicl,6.716040275023261e-07,0
entity_0113,entity_0114,1,tabicl,0.9982312917709351,1
entity_0905,entity_0234,0,tabicl,8.545323453290621e-07,0
entity_0812,entity_0866,0,tabicl,2.2293152142083272e-06,0
entity_0231,entity_0235,1,tabicl,0.9905142784118652,1
entity_0866,entity_0921,0,tabicl,2.7544685963221127e-06,0
entity_0330,entity_0327,1,tabicl,0.9977940320968628,1
entity_0427,entity_0024,0,tabicl,1.0162697208215832e-06,0
entity_0501,entity_0630,0,tabicl,8.578997494623763e-07,0
entity_0901,entity_0909,1,tabicl,0.977022647857666,1
entity_0407,entity_0406,1,tabicl,0.9989266991615295,1
entity_0759,entity_0046,0,tabicl,1.3654442909682984e-06,0
entity_0380,entity_0121,0,tabicl,8.066050440902472e-07,0
entity_0491,entity_0807,0,tabicl,5.985539246466942e-07,0
entity_0570,entity_0567,1,tabicl,0.9987908005714417,1
entity_0096,entity_0768,0,tabicl,6.995894636929734e-07,0
entity_0532,entity_0224,0,tabicl,1.0062573210234405e-06,0
entity_0598,entity_0594,1,tabicl,0.9979192614555359,1
entity_0602,entity_0639,0,tabicl,5.769878043793142e-06,0
entity_0572,entity_0576,1,tabicl,0.9940493106842041,1
entity_0317,entity_0795,0,tabicl,6.349310979203437e-07,0
entity_1000,entity_0998,1,tabicl,0.9960817694664001,1
entity_0175,entity_0104,0,tabicl,1.3730127648159396e-06,0
entity_0602,entity_0244,0,tabicl,1.060126692209451e-06,0
entity_0757,entity_0562,0,tabicl,1.1747587222998845e-06,0
entity_0439,entity_0476,0,tabicl,4.7522598833893426e-06,0
entity_0997,entity_0996,1,tabicl,0.9972519278526306,1
entity_0478,entity_0479,1,tabicl,0.9990878105163574,1
entity_0776,entity_0044,0,tabicl,1.1104609711765079e-06,0
entity_0563,entity_0659,0,tabicl,1.195088543681777e-06,0
entity_0229,entity_0222,1,tabicl,0.9920739531517029,1
entity_0582,entity_0587,1,tabicl,0.9947266578674316,1
entity_0617,entity_0861,0,tabicl,5.690249054168817e-07,0
entity_0632,entity_0812,0,tabicl,6.027894414728507e-07,0
entity_0330,entity_0728,0,tabicl,5.167840413378144e-07,0
entity_0742,entity_0008,0,tabicl,1.553854872327065e-06,0
entity_0155,entity_0099,0,tabicl,1.8969658412970603e-06,0
entity_0597,entity_0596,1,tabicl,0.9987602233886719,1
entity_0510,entity_0647,0,tabicl,8.408501344092656e-07,0
entity_0502,entity_0510,1,tabicl,0.9781168699264526,1
entity_0898,entity_0832,0,tabicl,1.2873879313701764e-06,0
entity_0458,entity_0710,0,tabicl,7.356947548942117e-07,0
entity_0273,entity_0811,0,tabicl,8.14029931461846e-07,0
entity_0162,entity_0161,1,tabicl,0.9986997246742249,1
entity_0183,entity_0184,1,tabicl,0.9984485507011414,1
entity_0798,entity_0793,1,tabicl,0.9943860769271851,1
entity_0594,entity_0957,0,tabicl,6.922274451426347e-07,0
entity_0588,entity_0582,1,tabicl,0.996595561504364,1
entity_0560,entity_0556,1,tabicl,0.997998833656311,1
entity_0887,entity_0885,1,tabicl,0.9975417852401733,1
entity_0806,entity_0807,1,tabicl,0.9968505501747131,1
entity_0729,entity_0768,0,tabicl,5.981041795166675e-06,0
entity_0619,entity_0616,1,tabicl,0.9981083869934082,1
entity_0477,entity_0897,0,tabicl,6.778267334084376e-07,0
entity_0168,entity_0161,1,tabicl,0.9958373308181763,1
entity_0097,entity_0288,0,tabicl,5.879325613022957e-07,0
entity_0684,entity_0689,1,tabicl,0.9857119917869568,1
entity_0526,entity_0168,0,tabicl,1.3382175438891863e-06,0
entity_0194,entity_0614,0,tabicl,5.630369059872464e-07,0
entity_0148,entity_0014,0,tabicl,1.8967742789754993e-06,0
entity_0845,entity_0841,1,tabicl,0.994594156742096,1
entity_0498,entity_0888,0,tabicl,6.168506274661922e-07,0
entity_0358,entity_0591,0,tabicl,5.183981670597859e-07,0
entity_0125,entity_0128,1,tabicl,0.9968300461769104,1
entity_0841,entity_0410,0,tabicl,7.550023042313114e-07,0
entity_0697,entity_0902,0,tabicl,6.685137350359582e-07,0
entity_0104,entity_0920,0,tabicl,6.181904836921603e-07,0
entity_0879,entity_1000,0,tabicl,4.714266196970129e-06,0
entity_0408,entity_0405,1,tabicl,0.9987220764160156,1
entity_0849,entity_0316,0,tabicl,8.299728051497368e-07,0
entity_0375,entity_0379,1,tabicl,0.9952968955039978,1
entity_0227,entity_0691,0,tabicl,6.352751711347082e-07,0
entity_0267,entity_0266,1,tabicl,0.9984076619148254,1
entity_0929,entity_0927,1,tabicl,0.9980310797691345,1
entity_0121,entity_0124,1,tabicl,0.9965770840644836,1
entity_0698,entity_0699,1,tabicl,0.9975892305374146,1
entity_0242,entity_0245,1,tabicl,0.9968266487121582,1
entity_0719,entity_0644,0,tabicl,1.3095783515382209e-06,0
entity_0768,entity_0296,0,tabicl,1.3877566971132183e-06,0
entity_0617,entity_0783,0,tabicl,7.974192612891784e-07,0
entity_0267,entity_0264,1,tabicl,0.9976048469543457,1
entity_0591,entity_0529,0,tabicl,1.4779003549847403e-06,0
entity_0158,entity_0780,0,tabicl,6.265478305067518e-07,0
entity_0482,entity_0481,1,tabicl,0.9992179274559021,1
entity_0417,entity_0145,0,tabicl,7.463984275091207e-07,0
entity_0821,entity_0829,1,tabicl,0.9648625254631042,1
entity_0668,entity_0448,0,tabicl,9.620803211873863e-07,0
entity_0833,entity_0838,1,tabicl,0.9905752539634705,1
entity_0918,entity_0448,0,tabicl,1.015029965856229e-06,0
entity_0850,entity_0293,0,tabicl,1.0216590453637764e-06,0
entity_0795,entity_0852,0,tabicl,1.9990638975286856e-06,0
entity_0701,entity_0080,0,tabicl,8.937095685723762e-07,0
entity_0391,entity_0394,1,tabicl,0.9949276447296143,1
entity_0458,entity_0459,1,tabicl,0.998953104019165,1
entity_1000,entity_0996,1,tabicl,0.9950999021530151,1
entity_0474,entity_0473,1,tabicl,0.9992559552192688,1
entity_0038,entity_0767,0,tabicl,6.31153056929179e-07,0
entity_0078,entity_0862,0,tabicl,5.516230316970905e-07,0
entity_0761,entity_0030,0,tabicl,1.2810305634047836e-06,0
entity_0791,entity_0799,1,tabicl,0.9815990328788757,1
entity_0382,entity_0545,0,tabicl,6.059867700969335e-07,0
entity_0760,entity_0754,1,tabicl,0.9940428733825684,1
entity_0797,entity_0798,1,tabicl,0.9977063536643982,1
entity_0855,entity_0854,1,tabicl,0.9975444674491882,1
entity_0240,entity_0237,1,tabicl,0.9968094229698181,1
entity_0138,entity_0134,1,tabicl,0.9954957962036133,1
entity_0052,entity_0059,1,tabicl,0.9909719824790955,1
entity_0958,entity_0951,1,tabicl,0.9926018118858337,1
entity_0456,entity_0141,0,tabicl,7.610167358507169e-07,0
entity_0379,entity_0377,1,tabicl,0.9986063838005066,1
entity_0173,entity_0799,0,tabicl,5.916120926485746e-07,0
entity_0621,entity_0629,1,tabicl,0.9646411538124084,1
entity_0277,entity_0280,1,tabicl,0.99458247423172,1
entity_0655,entity_0651,1,tabicl,0.997287392616272,1
entity_0891,entity_0611,0,tabicl,1.0022387186836568e-06,0
entity_0079,entity_0595,0,tabicl,8.414774583798135e-07,0
entity_0460,entity_0083,0,tabicl,8.578997494623763e-07,0
entity_0891,entity_0900,1,tabicl,0.9070929884910583,1
entity_0349,entity_0341,1,tabicl,0.9925296902656555,1
entity_0952,entity_0500,0,tabicl,9.122024948737817e-07,0
entity_0428,entity_0430,1,tabicl,0.9975364804267883,1
entity_0380,entity_0379,1,tabicl,0.9983479976654053,1
entity_0428,entity_0453,0,tabicl,7.6254914347373415e-06,0
entity_0827,entity_0044,0,tabicl,1.3118009292156785e-06,0
entity_0143,entity_0147,1,tabicl,0.996009111404419,1
entity_0213,entity_0212,1,tabicl,0.9982728958129883,1
entity_0256,entity_0320,0,tabicl,1.9300573512737174e-06,0
entity_0749,entity_0421,0,tabicl,8.3217065593999e-07,0
entity_0458,entity_0457,1,tabicl,0.9992388486862183,1
entity_0884,entity_0267,0,tabicl,9.015621458274836e-07,0
entity_0395,entity_0132,0,tabicl,7.713566674283356e-07,0
entity_0770,entity_0259,0,tabicl,1.0488995485502528e-06,0
entity_0816,entity_0811,1,tabicl,0.9922844767570496,1
entity_0295,entity_0839,0,tabicl,6.569190986738249e-07,0
entity_0678,entity_0091,0,tabicl,9.607765605323948e-07,0
entity_0492,entity_0258,0,tabicl,1.147825742009445e-06,0
entity_0639,entity_0725,0,tabicl,1.2907983091281494e-06,0
entity_0746,entity_0748,1,tabicl,0.9974357485771179,1
entity_0654,entity_0106,0,tabicl,1.2816390153602697e-06,0
entity_0806,entity_0805,1,tabicl,0.997477114200592,1
entity_0864,entity_0863,1,tabicl,0.9982767105102539,1
entity_0950,entity_0942,1,tabicl,0.9862223267555237,1
entity_0991,entity_0953,0,tabicl,1.0007353921537288e-05,0
entity_0445,entity_0449,1,tabicl,0.995412290096283,1
entity_0518,entity_0519,1,tabicl,0.9991689920425415,1
entity_0215,entity_0211,1,tabicl,0.9964025020599365,1
entity_0162,entity_0168,1,tabicl,0.9925216436386108,1
entity_0634,entity_0639,1,tabicl,0.9847817420959473,1
entity_0756,entity_0759,1,tabicl,0.996394693851471,1
entity_0026,entity_0023,1,tabicl,0.996464192867279,1
entity_0611,entity_0787,0,tabicl,7.165882607296226e-07,0
entity_0734,entity_0737,1,tabicl,0.995904266834259,1
entity_0330,entity_0322,1,tabicl,0.9918138980865479,1
entity_0655,entity_0660,1,tabicl,0.9870518445968628,1
entity_0351,entity_0430,0,tabicl,1.2156056072853971e-06,0
entity_0108,entity_0930,0,tabicl,6.319240242191881e-07,0
entity_0281,entity_0286,1,tabicl,0.9917163848876953,1
entity_0769,entity_0762,1,tabicl,0.989540159702301,1
entity_0256,entity_0877,0,tabicl,5.737525725635351e-07,0
entity_0343,entity_0044,0,tabicl,9.23343407066568e-07,0
entity_0285,entity_0287,1,tabicl,0.9958193302154541,1
entity_0575,entity_0574,1,tabicl,0.9989150166511536,1
entity_0392,entity_0400,1,tabicl,0.984100341796875,1
entity_0999,entity_0993,1,tabicl,0.993146538734436,1
entity_0827,entity_0829,1,tabicl,0.9968266487121582,1
entity_0907,entity_0183,0,tabicl,1.1042280902984203e-06,0
entity_0688,entity_0690,1,tabicl,0.9964756369590759,1
entity_0250,entity_0084,0,tabicl,8.507739721608232e-07,0
entity_0324,entity_0328,1,tabicl,0.9932637214660645,1
entity_0501,entity_0686,0,tabicl,5.778137506240455e-07,0
entity_0409,entity_0407,1,tabicl,0.9990190267562866,1
entity_0137,entity_0134,1,tabicl,0.9965622425079346,1
entity_0685,entity_0687,1,tabicl,0.9957280158996582,1
entity_0056,entity_0051,1,tabicl,0.9956862926483154,1
entity_0577,entity_0356,0,tabicl,9.031533068082354e-07,0
entity_0977,entity_0975,1,tabicl,0.9983780980110168,1
entity_0583,entity_0587,1,tabicl,0.996547281742096,1
entity_0044,entity_0050,1,tabicl,0.9945589900016785,1
entity_0002,entity_0868,0,tabicl,1.99283590518462e-06,0
entity_0356,entity_0352,1,tabicl,0.9981368780136108,1
entity_0831,entity_0834,1,tabicl,0.9949276447296143,1
entity_0530,entity_0270,0,tabicl,8.930731496548105e-07,0
entity_0456,entity_0247,0,tabicl,8.742273394091171e-07,0
entity_0778,entity_0774,1,tabicl,0.99411940574646,1
entity_0603,entity_0607,1,tabicl,0.9951941967010498,1
entity_0954,entity_0435,0,tabicl,8.623325697953987e-07,0
entity_0348,entity_0535,0,tabicl,5.83721202929155e-07,0
entity_0545,entity_0544,1,tabicl,0.9990504384040833,1
entity_0284,entity_0731,0,tabicl,5.67406743812171e-07,0
entity_0330,entity_0664,0,tabicl,5.600667805083503e-07,0
entity_0808,entity_0001,0,tabicl,2.8982155981793767e-06,0
entity_0088,entity_0086,1,tabicl,0.9985665678977966,1
entity_0685,entity_0470,0,tabicl,1.04825949165388e-06,0
entity_0781,entity_0993,0,tabicl,1.3232373703431222e-06,0
entity_0268,entity_0508,0,tabicl,7.033007136669767e-07,0
entity_0484,entity_0040,0,tabicl,9.09114191927074e-07,0
entity_0615,entity_0694,0,tabicl,1.4946327837606077e-06,0
entity_0043,entity_0813,0,tabicl,5.503524675987137e-07,0
entity_0533,entity_0236,0,tabicl,8.996082101475622e-07,0
entity_0781,entity_0183,0,tabicl,1.0759168844742817e-06,0
entity_0716,entity_0711,1,tabicl,0.9951104521751404,1
entity_0062,entity_0889,0,tabicl,6.605816338378645e-07,0
entity_0755,entity_0501,0,tabicl,1.0371581993240397e-06,0
entity_0391,entity_0399,1,tabicl,0.9856507182121277,1
entity_0702,entity_0586,0,tabicl,1.1847190535263508e-06,0
entity_0922,entity_0803,0,tabicl,1.1220428177693975e-06,0
entity_0527,entity_0523,1,tabicl,0.9981509447097778,1
entity_0721,entity_0642,0,tabicl,1.1847190535263508e-06,0
entity_0025,entity_0932,0,tabicl,9.81122070697893e-07,0
entity_0770,entity_0093,0,tabicl,1.4358877251652302e-06,0
entity_0036,entity_0804,0,tabicl,5.870563200005563e-07,0
entity_0249,entity_0824,0,tabicl,6.57453654184792e-07,0
entity_0483,entity_0967,0,tabicl,6.02463046561752e-07,0
entity_0040,entity_0991,0,tabicl,1.9085794065176742e-06,0
entity_0696,entity_0694,1,tabicl,0.9971765279769897,1
entity_0089,entity_0551,0,tabicl,7.408513056361699e-07,0
entity_0744,entity_0741,1,tabicl,0.9964258074760437,1
entity_0554,entity_0551,1,tabicl,0.9987011551856995,1
entity_0853,entity_0816,0,tabicl,2.631106326589361e-06,0
entity_0687,entity_0570,0,tabicl,1.2764343182425364e-06,0
entity_0372,entity_0554,0,tabicl,6.152625928734778e-07,0
entity_0630,entity_0625,1,tabicl,0.9956440925598145,1
entity_0186,entity_0183,1,tabicl,0.9973019957542419,1
entity_0323,entity_0322,1,tabicl,0.9983172416687012,1
entity_0605,entity_0184,0,tabicl,1.1810899422926013e-06,0
entity_0209,entity_0213,0,tabicl,0.9957966804504395,1
entity_0964,entity_0857,0,tabicl,1.8040951772491098e-06,0
entity_0266,entity_0268,1,tabicl,0.9969576597213745,1
entity_0201,entity_0416,0,tabicl,4.933596073897206e-07,0
entity_0809,entity_0801,1,tabicl,0.9831570982933044,1
entity_0619,entity_0168,0,tabicl,1.3562170124714612e-06,0
entity_0527,entity_0525,1,tabicl,0.9992050528526306,1
entity_0844,entity_0395,0,tabicl,8.262665573965933e-07,0
entity_0475,entity_0479,1,tabicl,0.9975787997245789,1
entity_0250,entity_0568,0,tabicl,6.368286449287552e-07,0
entity_0326,entity_0323,1,tabicl,0.9978989362716675,1
entity_0898,entity_0891,1,tabicl,0.9933071732521057,1
entity_0405,entity_0409,1,tabicl,0.9956015348434448,1
entity_0423,entity_0404,0,tabicl,3.922278483514674e-05,0
entity_0571,entity_0575,1,tabicl,0.9939194917678833,1
entity_0681,entity_0453,0,tabicl,9.758795158631983e-07,0
entity_0471,entity_0893,0,tabicl,6.219756301106827e-07,0
entity_0809,entity_0803,1,tabicl,0.9925538301467896,1
entity_0422,entity_0404,0,tabicl,5.6799101002980024e-05,0
entity_0894,entity_0900,1,tabicl,0.990635871887207,1
entity_0081,entity_0642,0,tabicl,7.496964258280059e-07,0
entity_0626,entity_0588,0,tabicl,1.986900088013499e-06,0
entity_0213,entity_0219,1,tabicl,0.9905651807785034,1
entity_0892,entity_0896,1,tabicl,0.9961780309677124,1
entity_0223,entity_0964,0,tabicl,6.920405439814203e-07,0
entity_0746,entity_0743,1,tabicl,0.996595561504364,1
entity_0767,entity_0574,0,tabicl,1.2056707419105805e-06,0
entity_0123,entity_0096,0,tabicl,1.3780811059405096e-05,0
entity_0832,entity_0835,1,tabicl,0.9954909086227417,1
entity_0089,entity_0083,1,tabicl,0.9954566955566406,1
entity_0491,entity_0498,1,tabicl,0.9928293228149414,1
entity_0286,entity_0282,1,tabicl,0.9978966116905212,1
entity_0079,entity_0160,0,tabicl,1.268237838303321e-06,0
entity_0663,entity_0669,1,tabicl,0.9824418425559998,1
entity_0498,entity_0771,0,tabicl,6.160146881484252e-07,0
entity_0658,entity_0665,0,tabicl,0.9808596968650818,1
entity_0090,entity_0083,1,tabicl,0.993880033493042,1
entity_0078,entity_0638,0,tabicl,6.749826866325748e-07,0
entity_0550,entity_0543,1,tabicl,0.9926967620849609,1
entity_0035,entity_0036,1,tabicl,0.9964908957481384,1
entity_0009,entity_0005,1,tabicl,0.997022807598114,1
entity_0786,entity_0722,0,tabicl,1.0333659474781598e-06,0
entity_0164,entity_0037,0,tabicl,1.327304516962613e-06,0
entity_0978,entity_0993,0,tabicl,0.14980751276016235,0
entity_0009,entity_0084,0,tabicl,6.3760312514205e-06,0
entity_0875,entity_0872,1,tabicl,0.9972489476203918,1
entity_0436,entity_0337,0,tabicl,1.1555590617717826e-06,0
entity_0187,entity_0185,1,tabicl,0.9980267882347107,1
entity_0430,entity_0214,0,tabicl,7.869963951634418e-07,0
entity_0346,entity_0147,0,tabicl,8.904732453629549e-07,0
entity_0499,entity_0494,1,tabicl,0.9969412088394165,1
entity_0079,entity_0077,1,tabicl,0.998254120349884,1
entity_0837,entity_0638,0,tabicl,8.665542736707721e-07,0
entity_0452,entity_0451,1,tabicl,0.9992396831512451,1
entity_0682,entity_0698,0,tabicl,0.00012106071517337114,0
entity_0745,entity_0742,1,tabicl,0.9965510368347168,1
entity_0737,entity_0033,0,tabicl,1.3251240034151124e-06,0
entity_0753,entity_0383,0,tabicl,8.502548780597863e-07,0
entity_0775,entity_0771,1,tabicl,0.9948281645774841,1
entity_0431,entity_0440,1,tabicl,0.8557709455490112,1
entity_0509,entity_0129,0,tabicl,8.34233389923611e-07,0
entity_0885,entity_0886,1,tabicl,0.9981984496116638,1
entity_0077,entity_0165,0,tabicl,1.0502518534849514e-06,0
entity_0276,entity_0272,1,tabicl,0.9971581697463989,1
entity_0162,entity_0166,1,tabicl,0.9962068200111389,1
entity_0208,entity_0204,1,tabicl,0.9971520304679871,1
entity_0691,entity_0696,1,tabicl,0.9890812635421753,1
entity_0031,entity_0035,1,tabicl,0.9936515092849731,1
entity_0995,entity_0991,1,tabicl,0.9949111342430115,1
entity_0646,entity_0644,1,tabicl,0.9984998106956482,1
entity_0840,entity_0831,1,tabicl,0.9337939620018005,1
entity_0756,entity_0539,0,tabicl,1.121510081247834e-06,0
entity_0018,entity_0017,1,tabicl,0.9972489476203918,1
entity_0988,entity_0981,1,tabicl,0.9891977906227112,1
entity_0516,entity_0518,1,tabicl,0.9988960027694702,1
entity_0011,entity_0487,0,tabicl,1.0508218792892876e-06,0
entity_0701,entity_0775,0,tabicl,1.5630503185093403e-06,0
entity_0935,entity_0933,1,tabicl,0.9978805780410767,1
entity_0633,entity_0634,1,tabicl,0.9974134564399719,1
entity_0994,entity_0923,0,tabicl,4.9399372983316425e-06,0
entity_0583,entity_0582,1,tabicl,0.9990062117576599,1
entity_0201,entity_0285,0,tabicl,1.2123119859097642e-06,0
entity_0210,entity_0435,0,tabicl,5.02271973346069e-07,0
entity_0030,entity_0021,1,tabicl,0.9341286420822144,1
entity_0354,entity_0648,0,tabicl,5.047992885920394e-07,0
entity_0818,entity_0412,0,tabicl,9.647585557104321e-07,0
entity_0765,entity_0768,1,tabicl,0.996367335319519,1
entity_0019,entity_0011,1,tabicl,0.9870656728744507,1
entity_0718,entity_0967,0,tabicl,6.809594310652756e-07,0
entity_0676,entity_0120,0,tabicl,1.1220428177693975e-06,0
entity_0596,entity_0580,0,tabicl,9.741991379996762e-05,0
entity_0029,entity_0025,1,tabicl,0.9957464337348938,1
entity_0197,entity_0551,0,tabicl,6.744795086888189e-07,0
entity_0099,entity_0095,1,tabicl,0.9975096583366394,1
entity_0400,entity_0391,1,tabicl,0.973212480545044,1
entity_0526,entity_0528,1,tabicl,0.9986968636512756,1
entity_0427,entity_0430,1,tabicl,0.9965211153030396,1
entity_0280,entity_0273,1,tabicl,0.9958418607711792,1
entity_0568,entity_0567,1,tabicl,0.9990473389625549,1
entity_0451,entity_0019,0,tabicl,1.0267998504787101e-06,0
entity_0945,entity_0943,1,tabicl,0.9979879856109619,1
entity_0570,entity_0566,1,tabicl,0.998346209526062,1
entity_0472,entity_0324,0,tabicl,1.0506786338737584e-06,0
entity_0805,entity_0803,1,tabicl,0.9968709349632263,1
entity_0335,entity_0236,0,tabicl,1.1372695780664799e-06,0
entity_0509,entity_0812,0,tabicl,5.852272693118721e-07,0
entity_0364,entity_0370,1,tabicl,0.992989718914032,1
entity_0361,entity_0365,1,tabicl,0.9945177435874939,1
entity_0448,entity_0355,0,tabicl,1.2767801536028855e-06,0
entity_0490,entity_0482,1,tabicl,0.98399817943573,1
entity_0589,entity_0586,1,tabicl,0.9987816214561462,1
entity_0133,entity_0137,1,tabicl,0.9958508014678955,1
entity_0979,entity_0971,1,tabicl,0.9728422164916992,1
entity_0176,entity_0171,1,tabicl,0.9959918856620789,1
entity_0936,entity_0715,0,tabicl,9.742261681822129e-07,0
entity_0895,entity_0891,1,tabicl,0.9971489310264587,1
entity_0313,entity_0318,1,tabicl,0.9928370118141174,1
entity_0254,entity_0507,0,tabicl,6.405532531061908e-07,0
entity_0037,entity_0841,0,tabicl,7.003497444202367e-07,0
entity_0137,entity_0514,0,tabicl,6.351031061058166e-07,0
entity_0836,entity_0839,1,tabicl,0.9952714443206787,1
entity_0888,entity_0561,0,tabicl,7.580808869533939e-07,0
entity_0249,entity_0250,1,tabicl,0.998192548751831,1
entity_0409,entity_0447,0,tabicl,4.853496193391038e-06,0
entity_0428,entity_0126,0,tabicl,7.15423368546908e-07,0
entity_0242,entity_0249,1,tabicl,0.9904836416244507,1
entity_0605,entity_0152,0,tabicl,1.0484005770194926e-06,0
entity_0106,entity_0110,1,tabicl,0.9955297112464905,1
entity_0560,entity_0318,0,tabicl,8.955909152064123e-07,0
entity_0770,entity_0764,1,tabicl,0.9935826659202576,1
entity_0018,entity_0331,0,tabicl,5.71965529161389e-07,0
entity_0446,entity_0450,1,tabicl,0.995653510093689,1
entity_0261,entity_0268,1,tabicl,0.9848466515541077,1
entity_0858,entity_0403,0,tabicl,9.284922271035612e-07,0
entity_0718,entity_0713,1,tabicl,0.9943373799324036,1
entity_0199,entity_0721,0,tabicl,5.892095487070037e-07,0
entity_0031,entity_0894,0,tabicl,7.671829393984808e-07,0
entity_0365,entity_0362,1,tabicl,0.997970461845398,1
entity_0357,entity_0996,0,tabicl,1.3921867321187165e-06,0
entity_0089,entity_0793,0,tabicl,6.012387530063279e-07,0
entity_0166,entity_0858,0,tabicl,5.671757321579207e-07,0
entity_0003,entity_0905,0,tabicl,2.134986971213948e-06,0
entity_0823,entity_0343,0,tabicl,9.408680625710986e-07,0
entity_0166,entity_0802,0,tabicl,5.405132696978399e-07,0
entity_0253,entity_0156,0,tabicl,1.1870398566315998e-06,0
entity_0060,entity_0058,1,tabicl,0.997342586517334,1
entity_0535,entity_0540,1,tabicl,0.9939717650413513,1
entity_0858,entity_0851,1,tabicl,0.9866577386856079,1
entity_0189,entity_0187,1,tabicl,0.9982351064682007,1
entity_0618,entity_0613,1,tabicl,0.9960945248603821,1
entity_0324,entity_0330,1,tabicl,0.9898390769958496,1
entity_0526,entity_0527,1,tabicl,0.9991387128829956,1
entity_0120,entity_0406,0,tabicl,5.065821824246086e-07,0
entity_0872,entity_0874,1,tabicl,0.9979857802391052,1
entity_0358,entity_0999,0,tabicl,2.520460157029447e-06,0
entity_0988,entity_0985,1,tabicl,0.9977383613586426,1
entity_0004,entity_0008,1,tabicl,0.989290177822113,1
entity_0353,entity_0282,0,tabicl,1.298073016187118e-06,0
entity_0169,entity_0165,1,tabicl,0.9973107576370239,1
entity_0660,entity_0063,0,tabicl,9.506658784630417e-07,0
entity_0538,entity_0536,1,tabicl,0.9991581439971924,1
entity_0928,entity_0924,1,tabicl,0.9970131516456604,1
entity_0861,entity_0867,1,tabicl,0.9910107254981995,1
entity_0593,entity_0245,0,tabicl,1.0168902235818678e-06,0
entity_0376,entity_0378,1,tabicl,0.997477114200592,1
entity_0255,entity_0483,0,tabicl,6.178550506774627e-07,0
entity_0514,entity_0081,0,tabicl,7.699455295551161e-07,0
entity_0936,entity_0931,1,tabicl,0.9953924417495728,1
entity_0774,entity_0771,1,tabicl,0.9953474402427673,1
entity_0268,entity_0265,1,tabicl,0.9977796673774719,1
entity_0571,entity_0532,0,tabicl,2.2489971343020443e-06,0
entity_0739,entity_0702,0,tabicl,2.036143087025266e-06,0
entity_0909,entity_0630,0,tabicl,9.77072545538249e-07,0
entity_0460,entity_0216,0,tabicl,8.424771635873185e-07,0
entity_0732,entity_0736,1,tabicl,0.9936309456825256,1
entity_0707,entity_0708,1,tabicl,0.9979416728019714,1
entity_0113,entity_0119,1,tabicl,0.9888323545455933,1
entity_0375,entity_0373,1,tabicl,0.9986926913261414,1
entity_0785,entity_0238,0,tabicl,1.2807264511138783e-06,0
entity_0770,entity_0762,1,tabicl,0.9724379777908325,1
entity_0708,entity_0701,1,tabicl,0.9936515092849731,1
entity_0386,entity_0387,1,tabicl,0.9976459741592407,1
entity_0561,entity_0563,1,tabicl,0.9966862797737122,1
entity_0791,entity_0024,0,tabicl,1.5962577890604734e-06,0
entity_0594,entity_0591,1,tabicl,0.9986697435379028,1
entity_0268,entity_0263,1,tabicl,0.9962678551673889,1
entity_0462,entity_0170,0,tabicl,9.077280651581532e-07,0
entity_0504,entity_0507,1,tabicl,0.9979170560836792,1
entity_0535,entity_0931,0,tabicl,5.345352178665053e-07,0
entity_0533,entity_0537,1,tabicl,0.9965659976005554,1
entity_0435,entity_0932,0,tabicl,5.844341899319261e-07,0
entity_0775,entity_0237,0,tabicl,1.0542477184571908e-06,0
entity_0667,entity_0664,1,tabicl,0.9977432489395142,1
entity_0326,entity_0324,1,tabicl,0.9981308579444885,1
entity_0428,entity_0861,0,tabicl,7.06167838870897e-07,0
entity_0496,entity_0250,0,tabicl,9.507946856501803e-07,0
entity_0679,entity_0672,1,tabicl,0.9950091242790222,1
entity_0558,entity_0496,0,tabicl,1.5552795957773924e-06,0
entity_0708,entity_0710,1,tabicl,0.9977359771728516,1
entity_0581,entity_0769,0,tabicl,5.958804081274138e-07,0
entity_0922,entity_0004,0,tabicl,3.3180247100972338e-06,0
entity_0845,entity_0117,0,tabicl,1.0837517265827046e-06,0
entity_0871,entity_0877,1,tabicl,0.99062579870224,1
entity_0071,entity_0080,1,tabicl,0.9710987210273743,1
entity_0957,entity_0113,0,tabicl,1.8483916619516094e-06,0
entity_0316,entity_0315,1,tabicl,0.9983550906181335,1
entity_0194,entity_0192,1,tabicl,0.9980375170707703,1
entity_0377,entity_0380,1,tabicl,0.99625164270401,1
entity_0965,entity_0966,1,tabicl,0.9987053871154785,1
entity_0868,entity_0869,1,tabicl,0.998441755771637,1
entity_0759,entity_0755,1,tabicl,0.9958642721176147,1
entity_0733,entity_0735,1,tabicl,0.9974274635314941,1
entity_0571,entity_0573,1,tabicl,0.9972785711288452,1
entity_0606,entity_0601,1,tabicl,0.996990442276001,1
entity_0435,entity_0054,0,tabicl,9.244076863978989e-07,0
entity_0974,entity_0972,1,tabicl,0.9983335137367249,1
entity_0587,entity_0586,1,tabicl,0.9989655017852783,1
entity_0564,entity_0568,1,tabicl,0.993428647518158,1
entity_0547,entity_0108,0,tabicl,1.002170847641537e-06,0
entity_0074,entity_0077,1,tabicl,0.995653510093689,1
entity_0051,entity_0820,0,tabicl,5.456697635963792e-07,0
entity_0945,entity_0559,0,tabicl,8.063382210821146e-07,0
entity_0499,entity_0212,0,tabicl,1.093107130145654e-06,0
entity_0780,entity_0775,1,tabicl,0.9941888451576233,1
entity_0432,entity_0007,0,tabicl,1.427949655408156e-06,0
entity_0867,entity_0910,0,tabicl,4.794705546373734e-06,0
entity_0661,entity_0346,0,tabicl,1.1415389735702774e-06,0
entity_0301,entity_0310,1,tabicl,0.9290838837623596,1
entity_0698,entity_0615,0,tabicl,1.3291285085870186e-06,0
entity_0655,entity_0864,0,tabicl,5.473005444400769e-07,0
entity_0789,entity_0786,1,tabicl,0.9961531162261963,1
entity_0768,entity_0681,0,tabicl,1.442109919480572e-06,0
entity_0786,entity_0784,1,tabicl,0.9964180588722229,1
entity_0367,entity_0488,0,tabicl,7.48172283238091e-07,0
entity_0710,entity_0940,0,tabicl,5.708799903914041e-07,0
entity_0909,entity_0492,0,tabicl,1.0053020105260657e-06,0
entity_0727,entity_0901,0,tabicl,6.836435204604641e-07,0
entity_0622,entity_0087,0,tabicl,1.320548221883655e-06,0
entity_0186,entity_0045,0,tabicl,1.124481059378013e-06,0
entity_0026,entity_0030,1,tabicl,0.9914997220039368,1
entity_0084,entity_0036,0,tabicl,6.591797500732355e-06,0
entity_0733,entity_0792,0,tabicl,2.190499799326062e-06,0
entity_0446,entity_0936,0,tabicl,5.732077852371731e-07,0
entity_0453,entity_0459,1,tabicl,0.9953675270080566,1
entity_0181,entity_0313,0,tabicl,7.877976599957037e-07,0
entity_0440,entity_0600,0,tabicl,7.137754778341332e-07,0
entity_0082,entity_0049,0,tabicl,1.0637892955855932e-05,0
entity_0063,entity_0067,1,tabicl,0.9965659976005554,1
entity_0824,entity_0827,1,tabicl,0.9951262474060059,1
entity_0561,entity_0565,1,tabicl,0.9919188618659973,1
entity_0233,entity_0231,1,tabicl,0.9961862564086914,1
entity_0480,entity_0515,0,tabicl,4.468988663575146e-06,0
entity_0022,entity_0025,1,tabicl,0.9888682961463928,1
entity_0452,entity_0458,1,tabicl,0.995014488697052,1
entity_0762,entity_0318,0,tabicl,9.307618142884166e-07,0
entity_0123,entity_0125,1,tabicl,0.9975497722625732,1
entity_0309,entity_0751,0,tabicl,5.394879281084286e-07,0
entity_0950,entity_0516,0,tabicl,8.600550813753216e-07,0
entity_0695,entity_0699,1,tabicl,0.9933071732521057,1
entity_0539,entity_0532,1,tabicl,0.9928601384162903,1
entity_0874,entity_0879,1,tabicl,0.9938070178031921,1
entity_0880,entity_0873,1,tabicl,0.986325204372406,1
entity_0725,entity_0723,1,tabicl,0.9948503971099854,1
entity_0451,entity_0460,1,tabicl,0.9354513883590698,1
entity_0428,entity_0421,1,tabicl,0.996291995048523,1
entity_0862,entity_0869,1,tabicl,0.9833890795707703,1
entity_0063,entity_0968,0,tabicl,1.0110449011335731e-06,0
entity_0900,entity_0015,0,tabicl,1.7392439985997044e-06,0
entity_0032,entity_0031,1,tabicl,0.9961447715759277,1
entity_0633,entity_0637,1,tabicl,0.989751398563385,1
entity_0144,entity_0146,1,tabicl,0.9978943467140198,1
entity_0717,entity_0304,0,tabicl,9.334170840702427e-07,0
entity_0147,entity_0840,0,tabicl,5.8721531104311e-07,0
entity_0497,entity_0495,1,tabicl,0.999113142490387,1
entity_0190,entity_0183,1,tabicl,0.9944702386856079,1
entity_0089,entity_0868,0,tabicl,6.263775844672637e-07,0
entity_0361,entity_0366,1,tabicl,0.9928984642028809,1
entity_0480,entity_0478,1,tabicl,0.9991284012794495,1
entity_0834,entity_0896,0,tabicl,1.7825617533162585e-06,0
entity_0737,entity_0739,1,tabicl,0.9975970387458801,1
entity_0316,entity_0087,0,tabicl,7.540812703155098e-07,0
entity_0598,entity_0595,1,tabicl,0.9984452128410339,1
entity_0333,entity_0181,0,tabicl,9.890717365124146e-07,0
entity_0521,entity_0530,1,tabicl,0.922606348991394,1
entity_0379,entity_0373,1,tabicl,0.9958418607711792,1
entity_0719,entity_0713,1,tabicl,0.994482159614563,1
entity_0849,entity_0588,0,tabicl,8.862854770086415e-07,0
entity_0994,entity_0472,0,tabicl,1.2690981066043605e-06,0
entity_0973,entity_0380,0,tabicl,1.0229070994682843e-06,0
entity_0978,entity_0999,0,tabicl,0.006592612713575363,0
entity_0627,entity_0628,1,tabicl,0.9974551796913147,1
entity_0875,entity_0871,1,tabicl,0.9964258074760437,1
entity_0139,entity_0796,0,tabicl,5.084407916911005e-07,0
entity_0549,entity_0545,1,tabicl,0.9978691339492798,1
entity_0571,entity_0913,0,tabicl,6.005865884617378e-07,0
entity_0064,entity_0809,0,tabicl,6.049196485946595e-07,0
entity_0446,entity_0444,1,tabicl,0.999222993850708,1
entity_0319,entity_0314,1,tabicl,0.99750155210495,1
entity_0210,entity_0208,1,tabicl,0.9980289340019226,1
entity_0202,entity_0758,0,tabicl,6.150127092041657e-07,0
entity_0445,entity_0415,0,tabicl,5.297452844388317e-06,0
entity_0817,entity_0835,0,tabicl,0.0001187838934129104,0
entity_0170,entity_0219,0,tabicl,3.040894625883084e-06,0
entity_0952,entity_0439,0,tabicl,8.15466592030134e-07,0
entity_0879,entity_0871,1,tabicl,0.9766544103622437,1
entity_0810,entity_0737,0,tabicl,1.0617809493851382e-06,0
entity_0374,entity_0848,0,tabicl,5.005715024708479e-07,0
entity_0879,entity_0906,0,tabicl,1.2522410543169826e-05,0
entity_0923,entity_0913,0,tabicl,0.920647144317627,1
entity_0408,entity_0404,1,tabicl,0.9983081221580505,1
entity_0160,entity_0154,1,tabicl,0.9961155652999878,1
entity_0374,entity_0804,0,tabicl,7.004445592428965e-07,0
entity_0960,entity_0953,1,tabicl,0.9918050765991211,1
entity_0537,entity_0539,1,tabicl,0.9985207915306091,1
entity_0223,entity_0453,0,tabicl,5.798551114821748e-07,0
entity_0357,entity_0360,1,tabicl,0.9968403577804565,1
entity_0010,entity_0008,1,tabicl,0.9973711967468262,1
entity_0893,entity_0896,1,tabicl,0.9972310662269592,1
entity_0065,entity_0064,1,tabicl,0.9975708723068237,1
entity_0586,entity_0584,1,tabicl,0.9990494251251221,1
entity_0677,entity_0676,1,tabicl,0.9978645443916321,1
entity_0964,entity_0385,0,tabicl,9.833196372710518e-07,0
entity_0018,entity_0004,0,tabicl,0.004104589112102985,0
entity_0708,entity_0727,0,tabicl,3.7745863664895296e-05,0
entity_0620,entity_0617,1,tabicl,0.9979192614555359,1
entity_0938,entity_0932,1,tabicl,0.9943981170654297,1
entity_0947,entity_0751,0,tabicl,1.196872403852467e-06,0
entity_0921,entity_0949,0,tabicl,1.609606624697335e-05,0
entity_0539,entity_0705,0,tabicl,6.406400530067913e-07,0
entity_0767,entity_0541,0,tabicl,9.56615508584946e-07,0
entity_0328,entity_0377,0,tabicl,2.7168482574779773e-06,0
entity_0088,entity_0009,0,tabicl,3.90814375350601e-06,0
entity_0902,entity_0846,0,tabicl,1.6990227322821738e-06,0
entity_0700,entity_0695,1,tabicl,0.9947266578674316,1
entity_0729,entity_0727,1,tabicl,0.9951682090759277,1
entity_0781,entity_0111,0,tabicl,9.506650258117588e-07,0
entity_0271,entity_0272,1,tabicl,0.9971116781234741,1
entity_0524,entity_0732,0,tabicl,6.205424369909451e-07,0
entity_0611,entity_0613,1,tabicl,0.9968878626823425,1
entity_0537,entity_0936,0,tabicl,6.420321483346925e-07,0
entity_0180,entity_0179,1,tabicl,0.9983780980110168,1
entity_0103,entity_0102,1,tabicl,0.9987426400184631,1
entity_0310,entity_0678,0,tabicl,5.224924279900733e-07,0
entity_0736,entity_0770,0,tabicl,8.07262313173851e-06,0
entity_0583,entity_0061,0,tabicl,8.65203389821545e-07,0
entity_0088,entity_0084,1,tabicl,0.9978713989257812,1
entity_0456,entity_0451,1,tabicl,0.9973909854888916,1
entity_0492,entity_0495,1,tabicl,0.998062789440155,1
entity_0770,entity_0769,1,tabicl,0.9968607425689697,1
entity_0378,entity_0377,1,tabicl,0.9986213445663452,1
entity_0289,entity_0520,0,tabicl,6.059046313566796e-07,0
entity_0993,entity_0705,0,tabicl,1.8566208837000886e-06,0
entity_0467,entity_0461,1,tabicl,0.995372474193573,1
entity_0860,entity_0858,1,tabicl,0.9975096583366394,1
entity_0107,entity_0051,0,tabicl,3.2481193557032384e-06,0
entity_0362,entity_0944,0,tabicl,5.572626946559467e-07,0
entity_0188,entity_0312,0,tabicl,7.928898639875115e-07,0
entity_0460,entity_0454,1,tabicl,0.9964565634727478,1
entity_0277,entity_0357,0,tabicl,1.3903000990467262e-06,0
entity_0040,entity_0015,0,tabicl,5.268778477329761e-05,0
entity_0234,entity_0232,1,tabicl,0.9962959885597229,1
entity_0756,entity_0751,1,tabicl,0.9955489635467529,1
entity_0031,entity_0245,0,tabicl,8.182921078514482e-07,0
entity_0215,entity_0794,0,tabicl,6.370880214490171e-07,0
entity_0916,entity_0888,0,tabicl,8.032214282138739e-06,0
entity_0450,entity_0174,0,tabicl,8.217401159527071e-07,0
entity_0103,entity_0223,0,tabicl,8.307615644298494e-07,0
entity_0911,entity_0919,1,tabicl,0.9826650619506836,1
entity_0380,entity_0573,0,tabicl,5.84593067287642e-07,0
entity_0051,entity_0060,1,tabicl,0.953361988067627,1
entity_0649,entity_0643,1,tabicl,0.9955968260765076,1
entity_0999,entity_0991,1,tabicl,0.9594170451164246,1
entity_0749,entity_0575,0,tabicl,1.187334191854461e-06,0
entity_0825,entity_0122,0,tabicl,1.0773029543997836e-06,0
entity_0414,entity_0429,0,tabicl,0.0002703281061258167,0
entity_0966,entity_0403,0,tabicl,1.0599113693388063e-06,0
entity_0394,entity_0399,1,tabicl,0.9925618171691895,1
entity_0541,entity_0683,0,tabicl,7.036824740680458e-07,0
entity_0352,entity_0646,0,tabicl,5.343176212591061e-07,0
entity_0925,entity_0921,1,tabicl,0.9970131516456604,1
entity_0194,entity_0197,1,tabicl,0.997515082359314,1
entity_0847,entity_0699,0,tabicl,1.0030544217443094e-06,0
entity_0989,entity_0297,0,tabicl,1.1560287020984106e-06,0
entity_0388,entity_0230,0,tabicl,1.0536397212490556e-06,0
entity_0332,entity_0716,0,tabicl,4.9249041467192e-07,0
entity_0382,entity_0387,1,tabicl,0.9920139908790588,1
entity_0054,entity_0502,0,tabicl,5.512864618140156e-07,0
entity_0680,entity_0672,1,tabicl,0.9934216141700745,1
entity_0555,entity_0560,1,tabicl,0.986514151096344,1
entity_0735,entity_0732,1,tabicl,0.9952968955039978,1
entity_0263,entity_0518,0,tabicl,6.186941163832671e-07,0
entity_0648,entity_0645,1,tabicl,0.9977748394012451,1
entity_0912,entity_0314,0,tabicl,8.541844067622151e-07,0
entity_0373,entity_0380,1,tabicl,0.9927438497543335,1
entity_0705,entity_0155,0,tabicl,9.845872455116478e-07,0
entity_0951,entity_0427,0,tabicl,7.708338216616539e-07,0
entity_0162,entity_0170,1,tabicl,0.9844363927841187,1
entity_0500,entity_0764,0,tabicl,7.664554004804813e-07,0
entity_0874,entity_0615,0,tabicl,9.099164799408754e-07,0
entity_0428,entity_0103,0,tabicl,6.878289013911854e-07,0
entity_0432,entity_0500,0,tabicl,1.4617525039284374e-06,0
entity_0017,entity_0019,1,tabicl,0.9942449927330017,1
entity_0128,entity_0121,1,tabicl,0.9893360733985901,1
entity_0090,entity_0048,0,tabicl,5.853830316482345e-06,0
entity_0443,entity_0447,1,tabicl,0.9946231842041016,1
entity_0682,entity_0683,1,tabicl,0.9963908195495605,1
entity_0797,entity_0751,0,tabicl,1.2708203485090053e-06,0
entity_0868,entity_0646,0,tabicl,9.815880730457138e-07,0
entity_0504,entity_0586,0,tabicl,1.3809509482598514e-06,0
entity_0737,entity_0927,0,tabicl,6.325239496618451e-07,0
entity_0777,entity_0780,1,tabicl,0.9960177540779114,1
entity_0959,entity_0960,1,tabicl,0.9987164735794067,1
entity_0130,entity_0125,1,tabicl,0.9947550296783447,1
entity_0208,entity_0207,1,tabicl,0.9983497858047485,1
entity_0906,entity_0412,0,tabicl,8.925588872443768e-07,0
entity_0373,entity_0056,0,tabicl,8.813706244836794e-07,0
entity_0905,entity_0398,0,tabicl,9.978298294299748e-07,0
entity_0514,entity_0512,1,tabicl,0.9992355108261108,1
entity_0744,entity_0424,0,tabicl,8.412496299570194e-07,0
entity_0771,entity_0776,1,tabicl,0.9947209358215332,1
entity_0746,entity_0257,0,tabicl,9.940486052073538e-07,0
entity_0173,entity_0171,1,tabicl,0.9981609582901001,1
entity_0782,entity_0788,1,tabicl,0.9935896396636963,1
entity_0424,entity_0430,1,tabicl,0.9919622540473938,1
entity_0270,entity_0265,1,tabicl,0.9962959885597229,1
entity_0353,entity_0777,0,tabicl,5.665605158355902e-07,0
entity_0852,entity_0386,0,tabicl,8.165740155163803e-07,0
entity_0457,entity_0452,1,tabicl,0.9973825216293335,1
entity_0360,entity_0514,0,tabicl,5.667913001161651e-07,0
entity_0460,entity_0483,0,tabicl,1.2350357792456634e-05,0
entity_0641,entity_0035,0,tabicl,1.0201364375461708e-06,0
entity_0625,entity_0821,0,tabicl,5.648724368256808e-07,0
entity_0802,entity_0206,0,tabicl,1.1123454441985814e-06,0
entity_0993,entity_0992,1,tabicl,0.9976152181625366,1
entity_0656,entity_0652,1,tabicl,0.9968641400337219,1
entity_0082,entity_0087,1,tabicl,0.9931907057762146,1
entity_0772,entity_0256,0,tabicl,1.1157450217069709e-06,0
entity_0455,entity_0974,0,tabicl,6.320095735645737e-07,0
entity_0483,entity_0485,1,tabicl,0.9988395571708679,1
entity_0094,entity_0100,1,tabicl,0.985772967338562,1
entity_0878,entity_0877,1,tabicl,0.9979372024536133,1
entity_0275,entity_0280,1,tabicl,0.9920054078102112,1
entity_0554,entity_0560,1,tabicl,0.9815598130226135,1
entity_0783,entity_0890,0,tabicl,1.1402995596654364e-06,0
entity_0931,entity_0361,0,tabicl,9.893406058836263e-07,0
entity_0690,entity_0163,0,tabicl,1.0808151955643552e-06,0
entity_0115,entity_0841,0,tabicl,4.884989266429329e-07,0
entity_0217,entity_0013,0,tabicl,1.1526623211466358e-06,0
entity_0342,entity_0350,1,tabicl,0.9829037189483643,1
entity_0809,entity_0684,0,tabicl,1.1878970553880208e-06,0
entity_0423,entity_0430,1,tabicl,0.985879123210907,1
entity_0631,entity_0907,0,tabicl,6.836443162683281e-07,0
entity_0380,entity_0704,0,tabicl,6.305544388851558e-07,0
entity_0349,entity_0344,1,tabicl,0.9980586171150208,1
entity_0787,entity_0729,0,tabicl,1.035049649544817e-06,0
entity_0858,entity_0856,1,tabicl,0.9970580339431763,1
entity_0124,entity_0405,0,tabicl,5.674835961144709e-07,0
entity_0997,entity_0994,1,tabicl,0.9970357418060303,1
entity_0269,entity_0849,0,tabicl,6.037715820639278e-07,0
entity_0808,entity_0506,0,tabicl,7.285451602001558e-07,0
entity_0894,entity_0895,1,tabicl,0.9983921051025391,1
entity_0212,entity_0217,1,tabicl,0.9924731254577637,1
entity_0172,entity_0652,0,tabicl,6.32610181128257e-07,0
entity_0438,entity_0154,0,tabicl,7.650006637049955e-07,0
entity_0922,entity_0924,1,tabicl,0.9985079169273376,1
entity_0562,entity_0566,1,tabicl,0.991379976272583,1
entity_0737,entity_0738,1,tabicl,0.9976863861083984,1
entity_0223,entity_0508,0,tabicl,8.015402954697493e-07,0
entity_0676,entity_0678,1,tabicl,0.9947437047958374,1
entity_0635,entity_0634,1,tabicl,0.9982635378837585,1
entity_0765,entity_0762,1,tabicl,0.9958598017692566,1
entity_0537,entity_0535,1,tabicl,0.9990504384040833,1
entity_0513,entity_0515,1,tabicl,0.9988141059875488,1
entity_0431,entity_0438,1,tabicl,0.9785766005516052,1
entity_0303,entity_0656,0,tabicl,5.531212536880048e-07,0
entity_0437,entity_0440,1,tabicl,0.9941888451576233,1
entity_0686,entity_0689,1,tabicl,0.9937601089477539,1
entity_0075,entity_0592,0,tabicl,8.770181807449262e-07,0
entity_0668,entity_0661,1,tabicl,0.9950413703918457,1
entity_0667,entity_0665,1,tabicl,0.9980289340019226,1
entity_0981,entity_0986,1,tabicl,0.9952560663223267,1
entity_0820,entity_0704,0,tabicl,1.123032120631251e-06,0
entity_0925,entity_0928,1,tabicl,0.9980161190032959,1
entity_0404,entity_0317,0,tabicl,1.167254140455043e-06,0
entity_0256,entity_0254,1,tabicl,0.997928261756897,1
entity_0471,entity_0480,1,tabicl,0.9770956039428711,1
entity_0003,entity_0001,1,tabicl,0.9896740913391113,1
entity_0510,entity_0507,1,tabicl,0.9989290237426758,1
entity_0383,entity_0389,1,tabicl,0.9907757639884949,1
entity_0210,entity_0286,0,tabicl,1.3687832733921823e-06,0
entity_0362,entity_0639,0,tabicl,5.596866117230093e-07,0
entity_0509,entity_0079,0,tabicl,7.36693095859664e-07,0
entity_0456,entity_0609,0,tabicl,7.182426884355664e-07,0
entity_0942,entity_0941,1,tabicl,0.9984685778617859,1
entity_0786,entity_0022,0,tabicl,1.5852546084715868e-06,0
entity_0902,entity_0906,1,tabicl,0.9958012104034424,1
entity_0517,entity_0516,1,tabicl,0.9992711544036865,1
entity_0838,entity_0840,1,tabicl,0.9969345927238464,1
entity_0087,entity_0762,0,tabicl,7.219544500003394e-07,0
entity_0857,entity_0591,0,tabicl,8.924984626901278e-07,0
entity_0705,entity_0144,0,tabicl,9.870618669083342e-07,0
entity_0525,entity_0523,1,tabicl,0.9990956783294678,1
entity_0504,entity_0509,1,tabicl,0.9952303767204285,1
entity_0879,entity_0276,0,tabicl,9.252235599888081e-07,0
entity_0830,entity_0821,1,tabicl,0.943694531917572,1
entity_0331,entity_0340,1,tabicl,0.9420582056045532,1
entity_0149,entity_0657,0,tabicl,5.644137104354741e-07,0
entity_0776,entity_0775,1,tabicl,0.9965211153030396,1
entity_0578,entity_0202,0,tabicl,9.523591302240675e-07,0
entity_0806,entity_0093,0,tabicl,1.1687200185406255e-06,0
entity_0750,entity_0747,1,tabicl,0.9966502785682678,1
entity_0977,entity_0232,0,tabicl,1.0847816156456247e-06,0
entity_0806,entity_0134,0,tabicl,9.384941677126335e-07,0
entity_0565,entity_0095,0,tabicl,1.1573623623917229e-06,0
entity_0605,entity_0609,1,tabicl,0.9956157803535461,1
entity_0061,entity_0064,1,tabicl,0.9969279766082764,1
entity_0592,entity_0594,1,tabicl,0.9980416893959045,1
entity_0752,entity_0753,1,tabicl,0.9977063536643982,1
entity_0442,entity_0446,1,tabicl,0.9942511320114136,1
entity_0363,entity_0361,1,tabicl,0.9983886480331421,1
entity_0785,entity_0789,1,tabicl,0.9958283305168152,1
entity_0252,entity_0257,1,tabicl,0.9942076206207275,1
entity_0664,entity_0686,0,tabicl,1.3013084753765725e-05,0
entity_0185,entity_0584,0,tabicl,6.945318773432518e-07,0
entity_0247,entity_0249,1,tabicl,0.9977796673774719,1
entity_0895,entity_0227,0,tabicl,8.331306844411301e-07,0
entity_0938,entity_0888,0,tabicl,3.3104424801422283e-06,0
entity_0520,entity_0745,0,tabicl,6.048377372280811e-07,0
entity_0217,entity_0596,0,tabicl,6.09283404173766e-07,0
entity_0545,entity_0541,1,tabicl,0.99764084815979,1
entity_0116,entity_0119,1,tabicl,0.9963158965110779,1
entity_0134,entity_0139,1,tabicl,0.9941131472587585,1
entity_0299,entity_0845,0,tabicl,6.07633126037399e-07,0
entity_0978,entity_0677,0,tabicl,1.1737240583897801e-06,0
entity_0276,entity_0277,1,tabicl,0.996990442276001,1
entity_0636,entity_0633,1,tabicl,0.9976332187652588,1
entity_0881,entity_0886,1,tabicl,0.9940876960754395,1
entity_0090,entity_0237,0,tabicl,7.162971655816364e-07,0
entity_0899,entity_0234,0,tabicl,8.459979881081381e-07,0
entity_0801,entity_0805,1,tabicl,0.9939261078834534,1
entity_0134,entity_0447,0,tabicl,4.764584673466743e-07,0
entity_0799,entity_0008,0,tabicl,1.5558581480945577e-06,0
entity_0593,entity_0597,1,tabicl,0.9969179630279541,1
entity_0737,entity_0338,0,tabicl,8.706189760232519e-07,0
entity_0742,entity_0850,0,tabicl,1.2117374126319191e-06,0
entity_0034,entity_0772,0,tabicl,6.823467515459924e-07,0
entity_0330,entity_0667,0,tabicl,5.516977239494736e-07,0
entity_0020,entity_0135,0,tabicl,1.396063680658699e-06,0
entity_0793,entity_0797,1,tabicl,0.9957693815231323,1
entity_0508,entity_0670,0,tabicl,6.555835057042714e-07,0
entity_0969,entity_0392,0,tabicl,9.847883575275773e-07,0
entity_0198,entity_0969,0,tabicl,8.18458431695035e-07,0
entity_0954,entity_0953,1,tabicl,0.9984435439109802,1
entity_0687,entity_0331,0,tabicl,1.0816225994858542e-06,0
entity_0881,entity_0935,0,tabicl,3.2650705179548822e-06,0
entity_0298,entity_0338,0,tabicl,4.347877165855607e-06,0
entity_0364,entity_0365,1,tabicl,0.9977988004684448,1
entity_0234,entity_0231,1,tabicl,0.9936309456825256,1
entity_0039,entity_0036,1,tabicl,0.9957784414291382,1
entity_0760,entity_0755,1,tabicl,0.9951051473617554,1
entity_0660,entity_0395,0,tabicl,8.953474548434315e-07,0
entity_0198,entity_0630,0,tabicl,5.839589789502497e-07,0
entity_0118,entity_0022,0,tabicl,2.397096750428318e-06,0
entity_0994,entity_0999,1,tabicl,0.9930797815322876,1
entity_0236,entity_0232,1,tabicl,0.9941950440406799,1
entity_0630,entity_0204,0,tabicl,1.0363485216657864e-06,0
entity_0241,entity_0308,0,tabicl,1.671708901085367e-06,0
entity_0516,entity_0523,0,tabicl,0.9903601408004761,1
entity_0614,entity_0615,1,tabicl,0.9974051117897034,1
entity_0521,entity_0735,0,tabicl,6.122656941442983e-07,0
entity_0221,entity_0895,0,tabicl,5.580945980909746e-07,0
entity_0171,entity_0596,0,tabicl,6.561621148648555e-07,0
entity_0855,entity_0853,1,tabicl,0.9970260262489319,1
entity_0070,entity_0849,0,tabicl,5.684851203113794e-07,0
entity_0483,entity_0272,0,tabicl,9.66657580647734e-07,0
entity_0938,entity_0925,0,tabicl,0.054768893867731094,0
entity_0781,entity_0785,1,tabicl,0.9956110119819641,1
entity_0804,entity_0843,0,tabicl,4.733321929961676e-06,0
entity_0057,entity_0052,1,tabicl,0.9953874945640564,1
entity_0642,entity_0783,0,tabicl,7.883861030677508e-07,0
entity_0105,entity_0107,1,tabicl,0.9973825216293335,1
entity_0897,entity_0898,1,tabicl,0.9983921051025391,1
entity_0002,entity_0007,1,tabicl,0.9836703538894653,1
entity_0062,entity_0047,0,tabicl,0.001979611348360777,0
entity_0631,entity_0981,0,tabicl,8.101753792288946e-07,0
entity_0976,entity_0971,1,tabicl,0.9961985945701599,1
entity_0028,entity_0026,1,tabicl,0.9963869452476501,1
entity_0917,entity_0911,1,tabicl,0.9935131669044495,1
entity_0407,entity_0782,0,tabicl,5.200887471801252e-07,0
entity_0102,entity_0410,0,tabicl,8.267141993201221e-07,0
entity_0387,entity_0381,1,tabicl,0.9960220456123352,1
entity_0628,entity_0424,0,tabicl,1.1017593806172954e-06,0
entity_0632,entity_0635,1,tabicl,0.9934710264205933,1
entity_0058,entity_0114,0,tabicl,3.222123268642463e-06,0
entity_0321,entity_0329,1,tabicl,0.9743481278419495,1
entity_0316,entity_0878,0,tabicl,5.514731356015545e-07,0
entity_0421,entity_0371,0,tabicl,1.995529146370245e-06,0
entity_0544,entity_0543,1,tabicl,0.9991607666015625,1
entity_0305,entity_0493,0,tabicl,5.581706545854104e-07,0
entity_0405,entity_0339,0,tabicl,1.3113618706483976e-06,0
entity_0946,entity_0704,0,tabicl,9.555778888170607e-07,0
entity_0304,entity_0573,0,tabicl,5.499794042407302e-07,0
entity_0183,entity_0785,0,tabicl,5.522968535842665e-07,0
entity_0100,entity_0534,0,tabicl,9.810556775846635e-07,0
entity_0499,entity_0493,1,tabicl,0.9954566955566406,1
entity_0422,entity_0654,0,tabicl,9.180988058687944e-07,0
entity_0801,entity_0802,1,tabicl,0.9974274635314941,1
entity_0757,entity_0760,1,tabicl,0.9963594675064087,1
entity_0879,entity_0668,0,tabicl,1.085296844394179e-06,0
entity_0178,entity_0398,0,tabicl,4.7613505671506573e-07,0
entity_0052,entity_0058,1,tabicl,0.994640588760376,1
entity_0209,entity_0205,1,tabicl,0.9971765279769897,1
entity_0780,entity_0778,1,tabicl,0.9961113333702087,1
entity_0144,entity_0843,0,tabicl,6.040174866939196e-07,0
entity_0441,entity_0444,1,tabicl,0.9949820637702942,1
entity_0477,entity_0867,0,tabicl,6.258676421566634e-07,0
entity_0426,entity_0428,1,tabicl,0.9976332187652588,1
entity_0664,entity_0669,1,tabicl,0.986148476600647,1
entity_0852,entity_0860,1,tabicl,0.9645299911499023,1
entity_0557,entity_0473,0,tabicl,1.3427645626507e-06,0
entity_0588,entity_0318,0,tabicl,1.013412770589639e-06,0
entity_0527,entity_0529,1,tabicl,0.998671293258667,1
entity_0782,entity_0781,1,tabicl,0.9967642426490784,1
entity_0687,entity_0001,0,tabicl,2.233626673842082e-06,0
entity_0565,entity_0579,0,tabicl,0.0008026918512769043,0
entity_0962,entity_0132,0,tabicl,1.6088664551716647e-06,0
entity_0760,entity_0868,0,tabicl,1.175237116513017e-06,0
entity_0321,entity_0856,0,tabicl,5.592315233116096e-07,0
entity_0197,entity_0615,0,tabicl,6.050835281712352e-07,0
entity_0605,entity_0610,1,tabicl,0.9940621256828308,1
entity_0541,entity_0375,0,tabicl,9.898596999846632e-07,0
entity_0062,entity_0070,1,tabicl,0.9872718453407288,1
entity_0249,entity_0908,0,tabicl,7.112626576599723e-07,0
entity_0924,entity_0980,0,tabicl,4.645713488571346e-06,0
entity_0910,entity_0578,0,tabicl,7.489846893804497e-07,0
entity_0175,entity_0107,0,tabicl,1.4388376712304307e-06,0
entity_0319,entity_0057,0,tabicl,8.334134804499627e-07,0
entity_0280,entity_0123,0,tabicl,9.085291594601586e-07,0
entity_0911,entity_0912,1,tabicl,0.9981389045715332,1
entity_0562,entity_0035,0,tabicl,9.610366760171019e-07,0
entity_0161,entity_0534,0,tabicl,7.495949603253393e-07,0
entity_0263,entity_0429,0,tabicl,6.288465783654829e-07,0
entity_0677,entity_0206,0,tabicl,1.2120668770876364e-06,0
entity_0945,entity_0944,1,tabicl,0.9984076619148254,1
entity_0120,entity_0114,1,tabicl,0.9947152733802795,1
entity_0367,entity_0423,0,tabicl,1.6397067383877584e-06,0
entity_0918,entity_0916,1,tabicl,0.9981206655502319,1
entity_0187,entity_0183,1,tabicl,0.9973909854888916,1
entity_0308,entity_0310,1,tabicl,0.99543696641922,1
entity_0178,entity_0634,0,tabicl,5.146853823134734e-07,0
entity_0562,entity_0062,0,tabicl,8.953474548434315e-07,0
entity_0675,entity_0492,0,tabicl,1.0320354704163037e-06,0
entity_0271,entity_0274,1,tabicl,0.9957875609397888,1
entity_0770,entity_0761,1,tabicl,0.9273486733436584,1
entity_0802,entity_0091,0,tabicl,1.2384895171635435e-06,0
entity_0198,entity_0094,0,tabicl,9.164891139334941e-07,0
entity_0569,entity_0565,1,tabicl,0.9984111189842224,1
entity_0002,entity_0003,1,tabicl,0.9921925663948059,1
entity_0419,entity_0413,1,tabicl,0.9978389143943787,1
entity_0301,entity_0303,1,tabicl,0.9959130883216858,1
entity_0577,entity_0228,0,tabicl,1.1338604508637218e-06,0
entity_0980,entity_0272,0,tabicl,1.2981721511096111e-06,0
entity_0440,entity_0234,0,tabicl,8.045899448916316e-07,0
entity_0346,entity_0742,0,tabicl,5.979046591164661e-07,0
entity_0206,entity_0569,0,tabicl,6.643109031756467e-07,0
entity_0426,entity_0369,0,tabicl,1.5004540045993053e-06,0
entity_0923,entity_0154,0,tabicl,1.235887907569122e-06,0
entity_0200,entity_0194,1,tabicl,0.996494710445404,1
entity_0826,entity_0827,1,tabicl,0.997515082359314,1
entity_0247,entity_0895,0,tabicl,5.315709472597518e-07,0
entity_0058,entity_0053,1,tabicl,0.9953524470329285,1
entity_0811,entity_0812,1,tabicl,0.9968505501747131,1
entity_0928,entity_0922,1,tabicl,0.9951157569885254,1
entity_0084,entity_0089,1,tabicl,0.9933215975761414,1
entity_0701,entity_0704,1,tabicl,0.9955006241798401,1
entity_0528,entity_0527,1,tabicl,0.9993439316749573,1
entity_0626,entity_0629,1,tabicl,0.9942449927330017,1
entity_0746,entity_0742,1,tabicl,0.9959307312965393,1
entity_0762,entity_0215,0,tabicl,1.0423749472465715e-06,0
entity_0679,entity_0678,1,tabicl,0.9979102611541748,1
entity_0955,entity_0951,1,tabicl,0.9965844750404358,1
entity_0721,entity_0653,0,tabicl,1.1411123068683082e-06,0
entity_0316,entity_0319,1,tabicl,0.9957141280174255,1
entity_0258,entity_0075,0,tabicl,8.804750564195274e-07,0
entity_0169,entity_0013,0,tabicl,1.5139710285438923e-06,0
entity_0744,entity_0746,1,tabicl,0.9976535439491272,1
entity_0136,entity_0131,1,tabicl,0.9947209358215332,1
entity_0134,entity_0864,0,tabicl,5.450041271615191e-07,0
entity_0407,entity_0404,1,tabicl,0.9986302852630615,1
entity_0572,entity_0032,0,tabicl,8.335829306815867e-07,0
entity_0488,entity_0100,0,tabicl,9.356817258776573e-07,0
entity_0441,entity_0448,1,tabicl,0.98046875,1
entity_0607,entity_0799,0,tabicl,6.043453595339088e-07,0
entity_0556,entity_0004,0,tabicl,1.5556473726974218e-06,0
entity_0848,entity_0846,1,tabicl,0.9971427321434021,1
entity_0601,entity_0607,1,tabicl,0.9924731254577637,1
entity_0104,entity_0062,0,tabicl,5.31280284121749e-06,0
entity_0091,entity_0092,1,tabicl,0.9972519278526306,1
entity_0060,entity_0045,0,tabicl,0.0017957594245672226,0
entity_0351,entity_0353,1,tabicl,0.9978011846542358,1
entity_0223,entity_0593,0,tabicl,6.864311217213981e-07,0
entity_0586,entity_0585,1,tabicl,0.9989877343177795,1
entity_0837,entity_0831,1,tabicl,0.9927124977111816,1
entity_0125,entity_0121,1,tabicl,0.9962678551673889,1
entity_0388,entity_0519,0,tabicl,7.638605552529043e-07,0
entity_0901,entity_0806,0,tabicl,1.0843398285942385e-06,0
entity_0708,entity_0722,0,tabicl,0.003029146697372198,0
entity_0004,entity_0478,0,tabicl,9.49891898471833e-07,0
entity_0770,entity_0975,0,tabicl,8.625669920547807e-07,0
entity_0911,entity_0913,1,tabicl,0.9980375170707703,1
entity_0447,entity_0177,0,tabicl,8.324531108883093e-07,0
entity_0309,entity_0343,0,tabicl,5.325428901414853e-06,0
entity_0324,entity_0728,0,tabicl,4.898919883089548e-07,0
entity_0431,entity_0435,1,tabicl,0.9940493106842041,1
entity_0266,entity_0264,1,tabicl,0.9981429576873779,1
entity_0200,entity_0192,1,tabicl,0.988892138004303,1
entity_0025,entity_0053,0,tabicl,1.952270213223528e-05,0
entity_0209,entity_0210,1,tabicl,0.9982579350471497,1
entity_0736,entity_0734,1,tabicl,0.9961280822753906,1
entity_0829,entity_0427,0,tabicl,7.47766364384006e-07,0
entity_0369,entity_0206,0,tabicl,1.0147888360734214e-06,0
entity_0553,entity_0552,1,tabicl,0.9990708231925964,1
entity_0197,entity_0642,0,tabicl,5.819825332764594e-07,0
entity_0045,entity_0044,1,tabicl,0.9969544410705566,1
entity_0493,entity_0755,0,tabicl,6.841073059149494e-07,0
entity_0503,entity_0165,0,tabicl,7.982037004694575e-07,0
entity_0970,entity_0350,0,tabicl,9.435997867512924e-07,0
entity_0629,entity_0624,1,tabicl,0.9957233667373657,1
entity_0214,entity_0213,1,tabicl,0.998284101486206,1
entity_0471,entity_0478,1,tabicl,0.9943435192108154,1
entity_0530,entity_0736,0,tabicl,5.845133159709803e-07,0
entity_0212,entity_0219,1,tabicl,0.9888203740119934,1
entity_0608,entity_0641,0,tabicl,6.131765530881239e-06,0
entity_0139,entity_0726,0,tabicl,4.994866458218894e-07,0
entity_0146,entity_0482,0,tabicl,5.447084276966052e-07,0
entity_0422,entity_0271,0,tabicl,1.0888340966630494e-06,0
entity_0608,entity_0854,0,tabicl,6.67517383590166e-07,0
entity_0674,entity_0672,1,tabicl,0.9978920817375183,1
entity_0489,entity_0488,1,tabicl,0.9992567896842957,1
entity_0074,entity_0115,0,tabicl,4.581258053804049e-06,0
entity_0720,entity_0712,1,tabicl,0.9888203740119934,1
entity_0463,entity_0365,0,tabicl,1.2110800753362128e-06,0
entity_0745,entity_0741,1,tabicl,0.9961448311805725,1
entity_0348,entity_0594,0,tabicl,5.338830533219152e-07,0
entity_0882,entity_0889,1,tabicl,0.9838264584541321,1
entity_0948,entity_0925,0,tabicl,3.01322197628906e-05,0
entity_0847,entity_0845,1,tabicl,0.9971734881401062,1
entity_0035,entity_0460,0,tabicl,6.59507804812165e-07,0
entity_0839,entity_0833,1,tabicl,0.9912585616111755,1
entity_0593,entity_0595,1,tabicl,0.9978295564651489,1
entity_0566,entity_0561,1,tabicl,0.997617781162262,1
entity_0581,entity_0590,1,tabicl,0.9292266368865967,1
entity_0107,entity_0066,0,tabicl,5.028618488722714e-06,0
entity_0671,entity_0996,0,tabicl,1.48191566040623e-06,0
entity_0390,entity_0436,0,tabicl,2.7253599910181947e-06,0
entity_0964,entity_0748,0,tabicl,1.2051809790136758e-06,0
entity_0645,entity_0347,0,tabicl,9.02112503808894e-07,0
entity_0723,entity_0316,0,tabicl,9.920277079800144e-07,0
entity_0511,entity_0248,0,tabicl,9.910527296597138e-07,0
entity_0265,entity_0053,0,tabicl,9.290901061831391e-07,0
entity_0425,entity_0430,1,tabicl,0.9945118427276611,1
entity_0317,entity_0320,1,tabicl,0.9949820637702942,1
entity_0669,entity_0510,0,tabicl,1.103966042137472e-06,0
entity_0269,entity_0261,1,tabicl,0.9885901808738708,1
entity_0314,entity_0315,1,tabicl,0.9973107576370239,1
entity_0315,entity_0317,1,tabicl,0.9963594675064087,1
entity_0957,entity_0035,0,tabicl,2.371590881011798e-06,0
entity_0112,entity_0773,0,tabicl,5.185390818951419e-07,0
entity_0440,entity_0844,0,tabicl,5.142668442204013e-07,0
entity_0474,entity_0479,1,tabicl,0.9970357418060303,1
entity_0149,entity_0489,0,tabicl,5.386104362514743e-07,0
entity_0796,entity_0794,1,tabicl,0.9968675971031189,1
entity_0436,entity_0438,1,tabicl,0.9966174960136414,1
entity_0483,entity_0486,1,tabicl,0.9979966878890991,1
entity_0021,entity_0271,0,tabicl,7.336019507420133e-07,0
entity_0131,entity_0214,0,tabicl,1.0255472489006934e-06,0
entity_0942,entity_0944,1,tabicl,0.9984179735183716,1
entity_0566,entity_0138,0,tabicl,1.5069284700075514e-06,0
entity_0480,entity_0472,1,tabicl,0.9818713665008545,1
entity_0557,entity_0496,0,tabicl,1.6093006252049236e-06,0
entity_0009,entity_0815,0,tabicl,7.814657578819606e-07,0
entity_0898,entity_0077,0,tabicl,1.3847492255081306e-06,0
entity_0970,entity_0964,1,tabicl,0.9955345392227173,1
entity_0464,entity_0412,0,tabicl,2.1789653601445025e-06,0
entity_0240,entity_0233,1,tabicl,0.991554319858551,1
entity_0813,entity_0867,0,tabicl,2.121564648405183e-06,0
entity_0112,entity_0091,0,tabicl,6.989729445194826e-05,0
entity_0151,entity_0152,1,tabicl,0.998473584651947,1
entity_0154,entity_0157,1,tabicl,0.9974798560142517,1
entity_0163,entity_0165,1,tabicl,0.997970461845398,1
entity_0427,entity_0422,1,tabicl,0.9981083869934082,1
entity_0106,entity_0101,1,tabicl,0.9965584874153137,1
entity_0152,entity_0725,0,tabicl,5.375159162213095e-07,0
entity_0104,entity_0110,1,tabicl,0.9891046285629272,1
entity_0248,entity_0790,0,tabicl,7.054981097098789e-07,0
entity_0049,entity_0044,1,tabicl,0.9962272644042969,1
entity_0654,entity_0444,0,tabicl,8.891155971468834e-07,0
entity_0986,entity_0983,1,tabicl,0.9978645443916321,1
entity_0283,entity_0281,1,tabicl,0.9985079169273376,1
entity_0067,entity_0066,1,tabicl,0.9979506134986877,1
entity_0693,entity_0102,0,tabicl,1.012829216051614e-06,0
entity_0458,entity_0453,1,tabicl,0.9975970387458801,1
entity_0794,entity_0159,0,tabicl,1.0743850680228206e-06,0
entity_0529,entity_0530,1,tabicl,0.9990878105163574,1
entity_0188,entity_0434,0,tabicl,5.219968670644448e-07,0
entity_0522,entity_0526,1,tabicl,0.9973165392875671,1
entity_0997,entity_0593,0,tabicl,3.0251794669311494e-06,0
entity_0777,entity_0558,0,tabicl,1.0530329745961353e-06,0
entity_0670,entity_0662,1,tabicl,0.9923506379127502,1
entity_0156,entity_0157,1,tabicl,0.99853515625,1
entity_0167,entity_0505,0,tabicl,6.172266466819565e-07,0
entity_0523,entity_0521,1,tabicl,0.9991589784622192,1
entity_0895,entity_0899,1,tabicl,0.996069073677063,1
entity_0453,entity_0781,0,tabicl,5.041147232986987e-07,0
entity_0857,entity_0853,1,tabicl,0.994634747505188,1
entity_0102,entity_0847,0,tabicl,5.237700975158077e-07,0
entity_0929,entity_0925,1,tabicl,0.9972190260887146,1
entity_0576,entity_0573,1,tabicl,0.9985159635543823,1
entity_0410,entity_0931,0,tabicl,7.463479505531723e-07,0
entity_0487,entity_0484,1,tabicl,0.9985462427139282,1
entity_0115,entity_0117,1,tabicl,0.9975470900535583,1
entity_0366,entity_0367,1,tabicl,0.9978920817375183,1
entity_0224,entity_0372,0,tabicl,8.24810797439568e-07,0
entity_0134,entity_0133,1,tabicl,0.9981886148452759,1
entity_0513,entity_0894,0,tabicl,5.505015678863856e-07,0
entity_0107,entity_0110,1,tabicl,0.9967113733291626,1
entity_0785,entity_0621,0,tabicl,8.948626941673865e-07,0
entity_0194,entity_0568,0,tabicl,6.822074283263646e-07,0
entity_0986,entity_0988,1,tabicl,0.9977063536643982,1
entity_0195,entity_0197,1,tabicl,0.9982003569602966,1
entity_0995,entity_0289,0,tabicl,2.007638613577001e-06,0
entity_0277,entity_0272,1,tabicl,0.9964984655380249,1
entity_0619,entity_0620,1,tabicl,0.9978598952293396,1
entity_0795,entity_0867,0,tabicl,1.3873795978724957e-06,0
entity_0340,entity_0333,1,tabicl,0.9954073429107666,1
entity_0301,entity_0344,0,tabicl,3.7270797292876523e-06,0
entity_0481,entity_0485,1,tabicl,0.9972608089447021,1
entity_0415,entity_0416,1,tabicl,0.9985758066177368,1
entity_0758,entity_0439,0,tabicl,7.511715125474439e-07,0
entity_0076,entity_0074,1,tabicl,0.9982484579086304,1
entity_0122,entity_0130,1,tabicl,0.9707001447677612,1
entity_0771,entity_0778,1,tabicl,0.9910781383514404,1
entity_0423,entity_0742,0,tabicl,5.537968377211655e-07,0
entity_0612,entity_0491,0,tabicl,1.4233569345378783e-06,0
entity_0477,entity_0476,1,tabicl,0.9993317127227783,1
entity_0132,entity_0947,0,tabicl,6.914765435794834e-07,0
entity_0794,entity_0369,0,tabicl,9.633857871449436e-07,0
entity_0897,entity_0893,1,tabicl,0.9971489310264587,1
entity_0361,entity_0370,1,tabicl,0.9826650619506836,1
entity_0505,entity_0506,1,tabicl,0.9989921450614929,1
entity_0472,entity_0368,0,tabicl,1.2044456525472924e-06,0
entity_0237,entity_0234,1,tabicl,0.9950680732727051,1
entity_0887,entity_0441,0,tabicl,9.583679911884246e-07,0
entity_0666,entity_0664,1,tabicl,0.9981905817985535,1
entity_0428,entity_0002,0,tabicl,1.983968786589685e-06,0
entity_0858,entity_0377,0,tabicl,8.02246916009608e-07,0
entity_0462,entity_0463,1,tabicl,0.9989700317382812,1
entity_0291,entity_0907,0,tabicl,5.809571348436293e-07,0
entity_0094,entity_0659,0,tabicl,5.114150098961545e-07,0
entity_0552,entity_0559,1,tabicl,0.9720868468284607,1
entity_0342,entity_0344,1,tabicl,0.996547281742096,1
entity_0180,entity_0560,0,tabicl,9.153012570095598e-07,0
entity_0129,entity_0124,1,tabicl,0.9947945475578308,1
entity_0962,entity_0969,1,tabicl,0.9924731254577637,1
entity_0788,entity_0579,0,tabicl,1.0346982435294194e-06,0
entity_0328,entity_0327,1,tabicl,0.9982158541679382,1
entity_0485,entity_0482,1,tabicl,0.9987345337867737,1
entity_0652,entity_0658,1,tabicl,0.9843865036964417,1
entity_0858,entity_0899,0,tabicl,4.93725292471936e-06,0
entity_0489,entity_0486,1,tabicl,0.9985079169273376,1
entity_0779,entity_0288,0,tabicl,1.1398169590393081e-06,0
entity_0645,entity_0649,1,tabicl,0.9902245402336121,1
entity_0864,entity_0866,1,tabicl,0.9980899095535278,1
entity_0221,entity_0222,1,tabicl,0.9973655343055725,1
entity_0305,entity_0241,0,tabicl,1.6098192645586096e-06,0
entity_0915,entity_0691,0,tabicl,9.548008392812335e-07,0
entity_0751,entity_0755,1,tabicl,0.9951890110969543,1
entity_0322,entity_0469,0,tabicl,6.386452469087089e-07,0
entity_0795,entity_0100,0,tabicl,9.65741605796211e-07,0
entity_0763,entity_0939,0,tabicl,6.975055839575361e-07,0
entity_0858,entity_0379,0,tabicl,8.09735809070844e-07,0
entity_0254,entity_0062,0,tabicl,8.951656127464958e-07,0
entity_0337,entity_0335,1,tabicl,0.9981226921081543,1
entity_0118,entity_0799,0,tabicl,6.171019322209759e-07,0
entity_0970,entity_0968,1,tabicl,0.9984316229820251,1
entity_0434,entity_0440,1,tabicl,0.9879229664802551,1
entity_0228,entity_0226,1,tabicl,0.9966827630996704,1
entity_0564,entity_0562,1,tabicl,0.9989975690841675,1
entity_0167,entity_0758,0,tabicl,5.364231583371293e-07,0
entity_0271,entity_0273,1,tabicl,0.9964450597763062,1
entity_0366,entity_0115,0,tabicl,8.235814448198653e-07,0
entity_0688,entity_0176,0,tabicl,1.218163333760458e-06,0
entity_0093,entity_0100,1,tabicl,0.9805930852890015,1
entity_0099,entity_0410,0,tabicl,8.185137971850054e-07,0
entity_0767,entity_0768,1,tabicl,0.9972459077835083,1
entity_0004,entity_0002,1,tabicl,0.993780255317688,1
entity_0677,entity_0679,1,tabicl,0.9951525330543518,1
entity_0819,entity_0815,1,tabicl,0.9946521520614624,1
entity_0246,entity_0248,1,tabicl,0.9972991347312927,1
entity_0282,entity_0288,1,tabicl,0.9893016219139099,1
entity_0168,entity_0805,0,tabicl,6.600450888072373e-07,0
entity_0708,entity_0348,0,tabicl,9.380493679600477e-07,0
entity_0085,entity_0518,0,tabicl,7.279027727236098e-07,0
entity_0632,entity_0639,1,tabicl,0.9754888415336609,1
entity_0577,entity_0489,0,tabicl,1.3016979210078716e-06,0
entity_0989,entity_0917,0,tabicl,3.6432365959626622e-06,0
entity_0092,entity_0098,1,tabicl,0.9872445464134216,1
entity_0379,entity_0371,1,tabicl,0.9857425093650818,1
entity_0388,entity_0038,0,tabicl,9.07512514913833e-07,0
entity_0519,entity_0516,1,tabicl,0.9988051652908325,1
entity_0191,entity_0595,0,tabicl,8.322277835759451e-07,0
entity_0416,entity_0651,0,tabicl,6.67517383590166e-07,0
entity_0519,entity_0936,0,tabicl,6.180230229801964e-07,0
entity_0065,entity_0888,0,tabicl,6.985467280173907e-07,0
entity_0182,entity_0185,1,tabicl,0.9972637891769409,1
entity_0104,entity_0804,0,tabicl,5.012512929170043e-07,0
entity_0706,entity_0588,0,tabicl,1.2256633681317908e-06,0
entity_0278,entity_0004,0,tabicl,1.3057647265668493e-06,0
entity_0184,entity_0182,1,tabicl,0.9977285861968994,1
entity_0191,entity_0183,0,tabicl,0.9914446473121643,1
entity_0774,entity_0775,1,tabicl,0.9970802664756775,1
entity_0948,entity_0945,1,tabicl,0.9972190260887146,1
entity_0632,entity_0634,1,tabicl,0.9959961771965027,1
entity_0612,entity_0450,0,tabicl,9.494409027865913e-07,0
entity_0409,entity_0506,0,tabicl,1.2256223271833733e-06,0
entity_0115,entity_0120,1,tabicl,0.9919188618659973,1
entity_0739,entity_0029,0,tabicl,1.326383198829717e-06,0
entity_0316,entity_0838,0,tabicl,5.596108394456678e-07,0
entity_0074,entity_0078,1,tabicl,0.9951786398887634,1
entity_0884,entity_0887,1,tabicl,0.997342586517334,1
entity_0350,entity_0398,0,tabicl,2.5237120553356363e-06,0
entity_0299,entity_0294,1,tabicl,0.9981247782707214,1
entity_0095,entity_0991,0,tabicl,1.520086243544938e-06,0
entity_0444,entity_0449,1,tabicl,0.9937667846679688,1
entity_0656,entity_0653,1,tabicl,0.9977578520774841,1
entity_0065,entity_0376,0,tabicl,4.4564063728103065e-07,0
entity_0993,entity_0646,0,tabicl,1.934120064106537e-06,0
entity_0292,entity_0297,1,tabicl,0.9921587705612183,1
entity_0116,entity_0685,0,tabicl,8.666716553307197e-07,0
entity_0678,entity_0587,0,tabicl,1.2336282679825672e-06,0
entity_0359,entity_0136,0,tabicl,8.143894092427217e-07,0
entity_0824,entity_0823,1,tabicl,0.9979237914085388,1
entity_0209,entity_0206,1,tabicl,0.9972667694091797,1
entity_0345,entity_0344,1,tabicl,0.998528778553009,1
entity_0468,entity_0631,0,tabicl,6.42990414689848e-07,0
entity_0073,entity_0071,1,tabicl,0.9981807470321655,1
entity_0300,entity_0299,1,tabicl,0.9980502128601074,1
entity_0167,entity_0169,1,tabicl,0.9981166124343872,1
entity_0858,entity_0854,1,tabicl,0.9949495196342468,1
entity_0852,entity_0185,0,tabicl,1.0917184454228845e-06,0
entity_0156,entity_0151,1,tabicl,0.9971796274185181,1
entity_0998,entity_0686,0,tabicl,3.506698931232677e-06,0
entity_0928,entity_0923,1,tabicl,0.9965622425079346,1
entity_0859,entity_0860,1,tabicl,0.9981409311294556,1
entity_0678,entity_0680,1,tabicl,0.9953019618988037,1
entity_0687,entity_0683,1,tabicl,0.9956299662590027,1
entity_0550,entity_0548,1,tabicl,0.9989877343177795,1
entity_0113,entity_0644,0,tabicl,6.962766860851843e-07,0
entity_0787,entity_0784,1,tabicl,0.996136486530304,1
entity_0294,entity_0066,0,tabicl,7.872103537920339e-07,0
entity_0931,entity_0331,0,tabicl,9.78795924311271e-07,0
entity_0324,entity_0490,0,tabicl,5.859426437382353e-07,0
entity_0630,entity_0474,0,tabicl,1.0188919077336323e-06,0
entity_0926,entity_0306,0,tabicl,9.853895335254492e-07,0
entity_0901,entity_0044,0,tabicl,1.768323727446841e-06,0
entity_0408,entity_0403,1,tabicl,0.9981268048286438,1
entity_0120,entity_0112,1,tabicl,0.985542893409729,1
entity_0388,entity_0759,0,tabicl,5.175559749659442e-07,0
entity_0123,entity_0765,0,tabicl,6.274831321206875e-07,0
entity_0993,entity_0526,0,tabicl,1.5282508911695913e-06,0
entity_0446,entity_0982,0,tabicl,7.15325768396724e-07,0
entity_0295,entity_0306,0,tabicl,0.4341948926448822,0
entity_0907,entity_0672,0,tabicl,1.311595724473591e-06,0
entity_0541,entity_0972,0,tabicl,8.898994110495551e-07,0
entity_0354,entity_0801,0,tabicl,5.39122254394897e-07,0
entity_0942,entity_0381,0,tabicl,8.386861622966535e-07,0
entity_0406,entity_0401,1,tabicl,0.9978177547454834,1
entity_0134,entity_0140,1,tabicl,0.9924893379211426,1
entity_0423,entity_0034,0,tabicl,9.871286010820768e-07,0
entity_0295,entity_0206,0,tabicl,1.0770020253403345e-06,0
entity_0857,entity_0859,1,tabicl,0.9976229071617126,1
entity_0553,entity_0557,1,tabicl,0.9923916459083557,1
entity_0142,entity_0150,1,tabicl,0.9787352681159973,1
entity_0721,entity_0722,1,tabicl,0.997515082359314,1
entity_0125,entity_0122,1,tabicl,0.9970099329948425,1
entity_0444,entity_0445,1,tabicl,0.998091995716095,1
entity_0419,entity_0411,1,tabicl,0.9936447143554688,1
entity_0338,entity_0333,1,tabicl,0.9965022802352905,1
entity_0012,entity_0382,0,tabicl,7.004445592428965e-07,0
entity_0466,entity_0785,0,tabicl,5.821401600769605e-07,0
entity_0114,entity_0115,1,tabicl,0.9978035092353821,1
entity_0012,entity_0882,0,tabicl,1.0004052910517203e-06,0
entity_0764,entity_0643,0,tabicl,1.2180403246020433e-06,0
entity_0538,entity_0357,0,tabicl,8.486411502417468e-07,0
entity_0079,entity_0076,1,tabicl,0.9980502128601074,1
entity_0045,entity_0645,0,tabicl,8.78744515375729e-07,0
entity_0265,entity_0664,0,tabicl,6.110221306698804e-07,0
entity_0005,entity_0003,1,tabicl,0.9944041967391968,1
entity_0301,entity_0306,1,tabicl,0.991635799407959,1
entity_0189,entity_0182,1,tabicl,0.9942511320114136,1
entity_0953,entity_0951,1,tabicl,0.9981409311294556,1
entity_0969,entity_0968,1,tabicl,0.998671293258667,1
entity_0686,entity_0705,0,tabicl,2.6611905923346058e-05,0
entity_0056,entity_0853,0,tabicl,6.016466045366542e-07,0
entity_0715,entity_0377,0,tabicl,9.538298400002532e-07,0
entity_0896,entity_0706,0,tabicl,1.1453381603132584e-06,0
entity_0474,entity_0186,0,tabicl,8.538366387256247e-07,0
entity_0251,entity_0257,1,tabicl,0.9929137825965881,1
entity_0414,entity_0416,1,tabicl,0.9979372024536133,1
entity_0891,entity_0894,1,tabicl,0.9974385499954224,1
entity_0228,entity_0222,1,tabicl,0.9934569597244263,1
entity_0405,entity_0780,0,tabicl,5.286232180878869e-07,0
entity_0482,entity_0394,0,tabicl,1.553380798213766e-06,0
entity_0847,entity_0734,0,tabicl,1.1437074363129796e-06,0
entity_0548,entity_0586,0,tabicl,3.865181497531012e-06,0
entity_0680,entity_0151,0,tabicl,1.1946031008847058e-06,0
entity_0888,entity_0774,0,tabicl,1.121129457715142e-06,0
entity_0803,entity_0806,1,tabicl,0.9950520396232605,1
entity_0933,entity_0937,1,tabicl,0.99739670753479,1
entity_0224,entity_0230,1,tabicl,0.9884918928146362,1
entity_0829,entity_0823,1,tabicl,0.9926415085792542,1
entity_0603,entity_0859,0,tabicl,7.174635356932413e-07,0
entity_0105,entity_0898,0,tabicl,6.325245749394526e-07,0
entity_0826,entity_0822,1,tabicl,0.9956157803535461,1
entity_0744,entity_0636,0,tabicl,1.4502955991702038e-06,0
entity_0130,entity_0126,1,tabicl,0.995014488697052,1
entity_0321,entity_0330,1,tabicl,0.9425889849662781,1
entity_0963,entity_0607,0,tabicl,1.044781356540625e-06,0
entity_0429,entity_0427,1,tabicl,0.9991083145141602,1
entity_0009,entity_0487,0,tabicl,1.046199258780689e-06,0
entity_0675,entity_0674,1,tabicl,0.9978436231613159,1
entity_0639,entity_0234,0,tabicl,1.103554382098082e-06,0
entity_0180,entity_0485,0,tabicl,6.538963361890637e-07,0
entity_0694,entity_0021,0,tabicl,1.1630271501417155e-06,0
entity_0310,entity_0302,1,tabicl,0.9951157569885254,1
entity_0450,entity_0443,1,tabicl,0.9955393671989441,1
entity_0151,entity_0388,0,tabicl,4.749740298848337e-07,0
entity_0340,entity_0334,1,tabicl,0.9965173006057739,1
entity_0285,entity_0286,1,tabicl,0.9966862797737122,1
entity_0567,entity_0127,0,tabicl,1.471949076403689e-06,0
entity_0105,entity_0103,1,tabicl,0.9983044266700745,1
entity_0581,entity_0586,1,tabicl,0.9946579337120056,1
entity_0101,entity_0286,0,tabicl,6.134299610494054e-07,0
entity_0547,entity_0545,1,tabicl,0.9989744424819946,1
entity_0029,entity_0023,1,tabicl,0.9931095838546753,1
entity_0122,entity_0373,0,tabicl,5.105139848637918e-07,0
entity_0294,entity_0296,1,tabicl,0.9960349202156067,1
entity_0950,entity_0946,1,tabicl,0.9966719746589661,1
entity_0020,entity_0523,0,tabicl,9.325940482085571e-07,0
entity_0385,entity_0389,1,tabicl,0.9930723309516907,1
entity_0502,entity_0357,0,tabicl,1.0331560815757257e-06,0
entity_0595,entity_0594,1,tabicl,0.9987602233886719,1
entity_0447,entity_0763,0,tabicl,5.904098543396685e-07,0
entity_0563,entity_0567,1,tabicl,0.9925216436386108,1
entity_0356,entity_0358,1,tabicl,0.9977505803108215,1
entity_0348,entity_0516,0,tabicl,6.045909799468063e-07,0
entity_0062,entity_0813,0,tabicl,5.239124334366352e-07,0
entity_0780,entity_0771,1,tabicl,0.9189664125442505,1
entity_0177,entity_0178,1,tabicl,0.9984669089317322,1
entity_0059,entity_0030,0,tabicl,1.7295731595368125e-05,0
entity_0962,entity_0961,1,tabicl,0.9987602233886719,1
entity_0578,entity_0574,1,tabicl,0.9982081651687622,1
entity_0299,entity_0048,0,tabicl,8.515816034559975e-07,0
entity_0320,entity_0106,0,tabicl,7.313171295209031e-07,0
entity_0404,entity_0649,0,tabicl,5.689477688974875e-07,0
entity_0002,entity_0009,1,tabicl,0.9783938527107239,1
entity_0525,entity_0512,0,tabicl,0.0051053245551884174,0
entity_0082,entity_0089,1,tabicl,0.9849916100502014,1
entity_0180,entity_0177,1,tabicl,0.997607409954071,1
entity_0736,entity_0683,0,tabicl,1.0827970982063562e-06,0
entity_0822,entity_0825,1,tabicl,0.9948337078094482,1
entity_0498,entity_0139,0,tabicl,7.028716026979964e-07,0
entity_0899,entity_0425,0,tabicl,9.91085698842653e-07,0
entity_0881,entity_0272,0,tabicl,9.00218424249033e-07,0
entity_0363,entity_0085,0,tabicl,7.63704690598388e-07,0
entity_0632,entity_0042,0,tabicl,1.0408214166091057e-06,0
entity_0226,entity_0612,0,tabicl,5.83721202929155e-07,0
entity_0692,entity_0397,0,tabicl,1.0023065897257766e-06,0
entity_0710,entity_0709,1,tabicl,0.9973368048667908,1
entity_0577,entity_0574,1,tabicl,0.998568058013916,1
entity_0648,entity_0925,0,tabicl,5.327254939402337e-07,0
entity_0207,entity_0203,1,tabicl,0.9970067143440247,1
entity_0445,entity_0443,1,tabicl,0.9992042183876038,1
entity_0819,entity_0986,0,tabicl,1.2746182846967713e-06,0
entity_0052,entity_0060,1,tabicl,0.9826095104217529,1
entity_0725,entity_0726,1,tabicl,0.997016429901123,1
entity_0382,entity_0384,1,tabicl,0.9965881705284119,1
entity_0182,entity_0186,1,tabicl,0.9960177540779114,1
entity_0613,entity_0265,0,tabicl,1.106701347453054e-06,0
entity_0174,entity_0177,1,tabicl,0.9973540306091309,1
entity_0096,entity_0094,1,tabicl,0.9983136057853699,1
entity_0239,entity_0233,1,tabicl,0.9934428334236145,1
entity_0011,entity_0110,0,tabicl,2.253099410154391e-06,0
entity_0300,entity_0296,1,tabicl,0.9984007477760315,1
entity_0280,entity_0043,0,tabicl,9.245329124496493e-07,0
entity_0825,entity_0265,0,tabicl,1.1055010418203892e-06,0
entity_0723,entity_0729,1,tabicl,0.9851829409599304,1
entity_0250,entity_0241,1,tabicl,0.9671768546104431,1
entity_0595,entity_0213,0,tabicl,9.806561820369097e-07,0
entity_0184,entity_0185,1,tabicl,0.9983780980110168,1
entity_0689,entity_0070,0,tabicl,1.0399750181022682e-06,0
entity_0718,entity_0940,0,tabicl,5.772651547886198e-07,0
entity_0078,entity_0073,1,tabicl,0.9971272349357605,1
entity_0200,entity_0196,1,tabicl,0.996967613697052,1
entity_0215,entity_0731,0,tabicl,6.753497814315779e-07,0
entity_0718,entity_0712,1,tabicl,0.9950520396232605,1
entity_0496,entity_0499,1,tabicl,0.9978737831115723,1
entity_0907,entity_0949,0,tabicl,8.069343493843917e-06,0
entity_0647,entity_0434,0,tabicl,9.547680974719697e-07,0
entity_0009,entity_0007,1,tabicl,0.9976738095283508,1
entity_0140,entity_0824,0,tabicl,5.481916787175578e-07,0
entity_0932,entity_0939,1,tabicl,0.9912492036819458,1
entity_0816,entity_0226,0,tabicl,1.3697588201466715e-06,0
entity_0666,entity_0569,0,tabicl,1.2389929224809748e-06,0
entity_0212,entity_0218,1,tabicl,0.9911450743675232,1
entity_0654,entity_0655,1,tabicl,0.9974551796913147,1
entity_0955,entity_0102,0,tabicl,1.4944288295737351e-06,0
entity_0766,entity_0761,1,tabicl,0.9948781132698059,1
entity_0726,entity_0609,0,tabicl,1.2525521242423565e-06,0
entity_0275,entity_0271,1,tabicl,0.9970991611480713,1
entity_0238,entity_0006,0,tabicl,1.270216898774379e-06,0
entity_0249,entity_0794,0,tabicl,6.677892656625772e-07,0
entity_0353,entity_0350,0,tabicl,0.9984982013702393,1
entity_0285,entity_0289,1,tabicl,0.9939652681350708,1
entity_0781,entity_0784,1,tabicl,0.996487021446228,1
entity_0570,entity_0324,0,tabicl,8.493326504321885e-07,0
entity_0589,entity_0501,0,tabicl,1.176313617179403e-06,0
entity_0986,entity_0987,1,tabicl,0.9981145858764648,1
entity_1000,entity_0418,0,tabicl,2.7816583951789653e-06,0
entity_0779,entity_0841,0,tabicl,1.6743174455768894e-06,0
entity_0612,entity_0617,1,tabicl,0.9910781383514404,1
entity_0149,entity_0141,1,tabicl,0.9838953614234924,1
entity_0703,entity_0709,1,tabicl,0.9877272248268127,1
entity_0772,entity_0774,1,tabicl,0.9968608021736145,1
entity_0342,entity_0013,0,tabicl,9.078206062440586e-07,0
entity_0740,entity_0044,0,tabicl,1.1518019391587586e-06,0
entity_0162,entity_0164,1,tabicl,0.9978943467140198,1
entity_0437,entity_0438,1,tabicl,0.9975787997245789,1
entity_0805,entity_0045,0,tabicl,1.178189791062323e-06,0
entity_0694,entity_0695,1,tabicl,0.9974880218505859,1
entity_0263,entity_0835,0,tabicl,5.704935688299884e-07,0
entity_0846,entity_0850,1,tabicl,0.9938932657241821,1
entity_0208,entity_0201,1,tabicl,0.9939587116241455,1
entity_0154,entity_0821,0,tabicl,7.329055620175495e-07,0
entity_0128,entity_0034,0,tabicl,1.7904671949509066e-06,0
entity_0696,entity_0698,1,tabicl,0.9972039461135864,1
entity_0761,entity_0768,1,tabicl,0.9927594661712646,1
entity_0119,entity_0473,0,tabicl,4.822445021090971e-07,0
entity_0273,entity_0817,0,tabicl,6.87362671669689e-07,0
entity_0534,entity_0531,1,tabicl,0.9987829327583313,1
entity_0964,entity_0968,1,tabicl,0.997998833656311,1
entity_0607,entity_0865,0,tabicl,6.833652150817215e-07,0
entity_0003,entity_0309,0,tabicl,1.358702547804569e-06,0
entity_0591,entity_0710,0,tabicl,1.0356815209888737e-06,0
entity_0561,entity_0564,1,tabicl,0.9945648908615112,1
entity_0337,entity_0385,0,tabicl,2.8775984901585616e-06,0
entity_0369,entity_0365,1,tabicl,0.9977602958679199,1
entity_0225,entity_0270,0,tabicl,4.27101758759818e-06,0
entity_0750,entity_0745,1,tabicl,0.9960434436798096,1
entity_0078,entity_0199,0,tabicl,8.867065162121435e-07,0
entity_0653,entity_0808,0,tabicl,8.183475870282564e-07,0
entity_0593,entity_0516,0,tabicl,1.3644277032653918e-06,0
entity_0559,entity_0556,1,tabicl,0.9985696077346802,1
entity_0270,entity_0269,1,tabicl,0.9983317852020264,1
entity_0007,entity_0006,1,tabicl,0.9971734881401062,1
entity_0443,entity_0986,0,tabicl,7.928898639875115e-07,0
entity_0629,entity_0625,1,tabicl,0.9965844750404358,1
entity_0010,entity_0482,0,tabicl,1.044781356540625e-06,0
entity_0880,entity_0877,1,tabicl,0.9969345927238464,1
entity_0120,entity_0023,0,tabicl,2.2686622287437785e-06,0
entity_0107,entity_0699,0,tabicl,6.362240014823328e-07,0
entity_0841,entity_0728,0,tabicl,1.1247856264162692e-06,0
entity_0069,entity_0062,1,tabicl,0.9873262643814087,1
entity_0151,entity_0681,0,tabicl,6.703299959553988e-07,0
entity_0665,entity_0422,0,tabicl,1.036102389662119e-06,0
entity_0402,entity_0401,1,tabicl,0.9990083575248718,1
entity_0751,entity_0760,1,tabicl,0.9596277475357056,1
entity_0116,entity_0114,1,tabicl,0.9983515739440918,1
entity_0485,entity_0488,1,tabicl,0.9981728792190552,1
entity_0671,entity_0675,1,tabicl,0.988663375377655,1
entity_0556,entity_0554,1,tabicl,0.9990105032920837,1
entity_0618,entity_0614,1,tabicl,0.9969146251678467,1
entity_0848,entity_0849,1,tabicl,0.9977408647537231,1
entity_0881,entity_0890,1,tabicl,0.9058048129081726,1
entity_0431,entity_0434,1,tabicl,0.9955872893333435,1
entity_0718,entity_0717,1,tabicl,0.9969080090522766,1
entity_0164,entity_0163,1,tabicl,0.9986048340797424,1
entity_0326,entity_0330,1,tabicl,0.9933717846870422,1
entity_0373,entity_0307,0,tabicl,1.3928931821283186e-06,0
entity_0882,entity_0886,1,tabicl,0.9961614608764648,1
entity_0360,entity_0914,0,tabicl,5.512486609404732e-07,0
entity_0960,entity_0061,0,tabicl,1.939931735250866e-06,0
entity_0038,entity_0031,1,tabicl,0.9793365597724915,1
entity_0731,entity_0736,1,tabicl,0.9911830425262451,1
entity_0354,entity_0351,1,tabicl,0.9985880851745605,1
entity_0950,entity_0630,0,tabicl,1.0593363413136103e-06,0
entity_0083,entity_0746,0,tabicl,6.895102728776692e-07,0
entity_0312,entity_0460,0,tabicl,6.600450888072373e-07,0
