entity_1,entity_2,label,split
entity_0991,entity_0183,1,train
entity_0183,entity_0991,1,test
entity_0465,entity_0622,1,train
entity_0622,entity_0465,1,test
entity_0137,entity_0236,1,train
entity_0236,entity_0137,1,test
entity_0147,entity_0967,0,train
entity_0967,entity_0147,0,test
entity_0428,entity_0764,0,train
entity_0764,entity_0428,0,test
entity_0480,entity_0892,0,train
entity_0892,entity_0480,0,validation
entity_0684,entity_0964,1,train
entity_0964,entity_0684,1,test
entity_0293,entity_0328,1,train
entity_0328,entity_0293,1,test
entity_0534,entity_0161,1,train
entity_0161,entity_0534,1,test
entity_0241,entity_0051,0,train
entity_0051,entity_0241,0,validation
entity_0367,entity_0870,1,train
entity_0870,entity_0367,1,test
entity_0413,entity_0920,1,train
entity_0920,entity_0413,1,validation
entity_0374,entity_0077,0,train
entity_0077,entity_0374,0,validation
entity_0749,entity_0238,1,train
entity_0238,entity_0749,1,validation
entity_0128,entity_0903,0,train
entity_0903,entity_0128,0,test
entity_0768,entity_0850,0,train
entity_0850,entity_0768,0,test
entity_0160,entity_0289,1,train
entity_0289,entity_0160,1,validation
entity_0809,entity_0709,0,train
entity_0709,entity_0809,0,test
entity_0910,entity_0119,0,train
entity_0119,entity_0910,0,test
entity_0134,entity_0448,1,train
entity_0448,entity_0134,1,validation
entity_0500,entity_0948,0,train
entity_0948,entity_0500,0,validation
entity_0187,entity_0022,1,train
entity_0022,entity_0187,1,test
entity_0458,entity_0705,0,train
entity_0705,entity_0458,0,test
entity_0203,entity_0809,1,train
entity_0809,entity_0203,1,test
entity_0568,entity_0301,0,train
entity_0301,entity_0568,0,test
entity_0008,entity_0853,0,train
entity_0853,entity_0008,0,test
entity_0865,entity_0280,1,train
entity_0280,entity_0865,1,validation
entity_0826,entity_0827,0,train
entity_0827,entity_0826,0,test
entity_0746,entity_0074,1,train
entity_0074,entity_0746,1,test
entity_0101,entity_0031,0,train
entity_0031,entity_0101,0,test
entity_0868,entity_0362,1,train
entity_0362,entity_0868,1,test
entity_0372,entity_0194,0,train
entity_0194,entity_0372,0,test
entity_0573,entity_0596,0,train
entity_0596,entity_0573,0,test
entity_0883,entity_0473,1,train
entity_0473,entity_0883,1,validation
entity_0786,entity_0007,1,train
entity_0007,entity_0786,1,test
entity_0562,entity_0440,1,train
entity_0440,entity_0562,1,test
entity_0175,entity_0087,0,train
entity_0087,entity_0175,0,test
entity_0121,entity_0207,1,train
entity_0207,entity_0121,1,train
entity_0234,entity_0772,1,train
entity_0772,entity_0234,1,test
entity_0600,entity_0379,1,train
entity_0379,entity_0600,1,train
entity_0297,entity_0709,1,train
entity_0709,entity_0297,1,test
entity_0086,entity_0363,0,train
entity_0363,entity_0086,0,test
entity_0597,entity_0123,1,train
entity_0123,entity_0597,1,test
entity_0740,entity_0474,1,train
entity_0474,entity_0740,1,test
entity_0406,entity_0845,1,train
entity_0845,entity_0406,1,test
entity_0892,entity_0991,0,train
entity_0991,entity_0892,0,test
entity_0222,entity_0122,0,train
entity_0122,entity_0222,0,test
entity_0407,entity_0512,0,train
entity_0512,entity_0407,0,test
entity_0769,entity_0632,1,train
entity_0632,entity_0769,1,test
entity_0550,entity_0822,1,train
entity_0822,entity_0550,1,test
entity_0636,entity_0292,0,train
entity_0292,entity_0636,0,test
entity_0216,entity_0910,0,train
entity_0910,entity_0216,0,test
entity_0906,entity_0504,0,train
entity_0504,entity_0906,0,test
entity_0669,entity_0957,0,train
entity_0957,entity_0669,0,validation
entity_0400,entity_0391,0,train
entity_0391,entity_0400,0,test
entity_0413,entity_0156,0,train
entity_0156,entity_0413,0,validation
entity_0087,entity_0647,1,train
entity_0647,entity_0087,1,validation
entity_0590,entity_0413,0,train
entity_0413,entity_0590,0,test
entity_0754,entity_0465,1,train
entity_0465,entity_0754,1,train
entity_0763,entity_0517,1,train
entity_0517,entity_0763,1,test
entity_0027,entity_0491,0,train
entity_0491,entity_0027,0,test
entity_0688,entity_0207,0,train
entity_0207,entity_0688,0,test
entity_0415,entity_0986,1,train
entity_0986,entity_0415,1,train
entity_0284,entity_0154,0,train
entity_0154,entity_0284,0,test
entity_0721,entity_0731,1,train
entity_0731,entity_0721,1,test
entity_0115,entity_0625,1,train
entity_0625,entity_0115,1,test
entity_0376,entity_0746,1,train
entity_0746,entity_0376,1,test
entity_0882,entity_0307,1,train
entity_0307,entity_0882,1,validation
entity_0971,entity_0634,0,train
entity_0634,entity_0971,0,validation
entity_0650,entity_0122,0,train
entity_0122,entity_0650,0,test
entity_0596,entity_0830,0,train
entity_0830,entity_0596,0,test
entity_0780,entity_0355,1,train
entity_0355,entity_0780,1,test
entity_0412,entity_0662,1,train
entity_0662,entity_0412,1,train
entity_0383,entity_0547,1,train
entity_0547,entity_0383,1,test
entity_0276,entity_0168,1,train
entity_0168,entity_0276,1,test
entity_0382,entity_0271,1,train
entity_0271,entity_0382,1,test
entity_0836,entity_0932,0,train
entity_0932,entity_0836,0,test
entity_0186,entity_0103,0,train
entity_0103,entity_0186,0,test
entity_0305,entity_0720,0,train
entity_0720,entity_0305,0,test
entity_0125,entity_0997,0,train
entity_0997,entity_0125,0,test
entity_0933,entity_0953,0,train
entity_0953,entity_0933,0,test
entity_0216,entity_0926,0,train
entity_0926,entity_0216,0,test
entity_0320,entity_0199,0,train
entity_0199,entity_0320,0,test
entity_0516,entity_0708,0,train
entity_0708,entity_0516,0,test
entity_0915,entity_0703,0,train
entity_0703,entity_0915,0,train
entity_0278,entity_0381,0,train
entity_0381,entity_0278,0,test
entity_0401,entity_0203,0,train
entity_0203,entity_0401,0,test
entity_0170,entity_0857,1,train
entity_0857,entity_0170,1,train
entity_0042,entity_0908,0,train
entity_0908,entity_0042,0,train
entity_0063,entity_0087,0,train
entity_0087,entity_0063,0,test
entity_0308,entity_0506,1,train
entity_0506,entity_0308,1,test
entity_0125,entity_0950,0,train
entity_0950,entity_0125,0,test
entity_0202,entity_0296,1,train
entity_0296,entity_0202,1,test
entity_0280,entity_0769,0,train
entity_0769,entity_0280,0,validation
entity_0849,entity_0497,0,train
entity_0497,entity_0849,0,test
entity_0612,entity_0760,0,train
entity_0760,entity_0612,0,test
entity_0115,entity_0664,1,train
entity_0664,entity_0115,1,test
entity_0259,entity_0298,0,train
entity_0298,entity_0259,0,test
entity_0120,entity_0516,1,train
entity_0516,entity_0120,1,test
entity_0567,entity_0379,1,train
entity_0379,entity_0567,1,test
entity_0835,entity_0481,0,train
entity_0481,entity_0835,0,test
entity_0955,entity_0987,1,train
entity_0987,entity_0955,1,test
entity_0082,entity_0075,1,train
entity_0075,entity_0082,1,test
entity_0258,entity_0426,0,train
entity_0426,entity_0258,0,test
entity_0790,entity_0578,1,train
entity_0578,entity_0790,1,test
entity_0602,entity_0982,0,train
entity_0982,entity_0602,0,test
entity_0809,entity_0853,0,train
entity_0853,entity_0809,0,test
entity_0116,entity_0941,0,train
entity_0941,entity_0116,0,test
entity_0085,entity_0780,1,train
entity_0780,entity_0085,1,test
entity_0326,entity_0903,1,train
entity_0903,entity_0326,1,validation
entity_0682,entity_0552,0,train
entity_0552,entity_0682,0,test
entity_0019,entity_0343,1,train
entity_0343,entity_0019,1,test
entity_0449,entity_0283,1,train
entity_0283,entity_0449,1,test
entity_0795,entity_0366,1,train
entity_0366,entity_0795,1,test
entity_0957,entity_0109,0,train
entity_0109,entity_0957,0,validation
entity_0861,entity_0046,1,train
entity_0046,entity_0861,1,validation
entity_0691,entity_0064,1,train
entity_0064,entity_0691,1,test
entity_0491,entity_0342,1,train
entity_0342,entity_0491,1,test
entity_0274,entity_0705,1,train
entity_0705,entity_0274,1,test
entity_0538,entity_0408,1,train
entity_0408,entity_0538,1,test
entity_0842,entity_0785,0,train
entity_0785,entity_0842,0,train
entity_0860,entity_0015,0,train
entity_0015,entity_0860,0,test
entity_0231,entity_0072,0,train
entity_0072,entity_0231,0,test
entity_0492,entity_0427,1,train
entity_0427,entity_0492,1,test
entity_0358,entity_0722,0,train
entity_0722,entity_0358,0,test
entity_0802,entity_0731,0,train
entity_0731,entity_0802,0,validation
entity_0690,entity_0625,0,train
entity_0625,entity_0690,0,test
entity_0808,entity_0974,1,train
entity_0974,entity_0808,1,test
entity_0807,entity_0738,1,train
entity_0738,entity_0807,1,test
entity_0540,entity_0206,1,train
entity_0206,entity_0540,1,test
entity_0723,entity_0644,0,train
entity_0644,entity_0723,0,test
entity_0652,entity_0733,1,train
entity_0733,entity_0652,1,test
entity_0224,entity_0863,1,train
entity_0863,entity_0224,1,train
entity_0878,entity_0047,0,train
entity_0047,entity_0878,0,test
entity_0774,entity_0624,1,train
entity_0624,entity_0774,1,test
entity_0225,entity_0899,0,train
entity_0899,entity_0225,0,test
entity_0759,entity_0138,1,train
entity_0138,entity_0759,1,test
entity_0974,entity_0399,1,train
entity_0399,entity_0974,1,validation
entity_0088,entity_0937,1,train
entity_0937,entity_0088,1,test
entity_0057,entity_0259,0,train
entity_0259,entity_0057,0,train
entity_0146,entity_0062,1,train
entity_0062,entity_0146,1,train
entity_0556,entity_0569,1,train
entity_0569,entity_0556,1,train
entity_0651,entity_0931,0,train
entity_0931,entity_0651,0,test
entity_0018,entity_0280,1,train
entity_0280,entity_0018,1,test
entity_0564,entity_0169,1,train
entity_0169,entity_0564,1,test
entity_0512,entity_0189,0,train
entity_0189,entity_0512,0,test
entity_0798,entity_0163,1,train
entity_0163,entity_0798,1,test
entity_0021,entity_0232,0,train
entity_0232,entity_0021,0,validation
entity_0596,entity_0032,0,train
entity_0032,entity_0596,0,test
entity_0925,entity_0195,0,train
entity_0195,entity_0925,0,train
entity_0731,entity_0585,1,train
entity_0585,entity_0731,1,test
entity_0152,entity_0440,1,train
entity_0440,entity_0152,1,train
entity_0490,entity_0107,1,train
entity_0107,entity_0490,1,validation
entity_0892,entity_0576,1,train
entity_0576,entity_0892,1,validation
entity_0849,entity_0513,0,train
entity_0513,entity_0849,0,train
entity_0478,entity_0377,1,train
entity_0377,entity_0478,1,train
entity_0127,entity_0417,1,train
entity_0417,entity_0127,1,validation
entity_0057,entity_0529,1,train
entity_0529,entity_0057,1,test
entity_0376,entity_0036,0,train
entity_0036,entity_0376,0,test
entity_0242,entity_0842,0,train
entity_0842,entity_0242,0,test
entity_0381,entity_0159,0,train
entity_0159,entity_0381,0,test
entity_0412,entity_0299,1,train
entity_0299,entity_0412,1,test
entity_0890,entity_0094,1,train
entity_0094,entity_0890,1,validation
entity_0187,entity_0781,1,train
entity_0781,entity_0187,1,test
entity_0339,entity_0523,1,train
entity_0523,entity_0339,1,test
entity_0660,entity_0560,0,train
entity_0560,entity_0660,0,train
entity_0059,entity_0935,0,train
entity_0935,entity_0059,0,test
entity_0898,entity_0900,0,train
entity_0900,entity_0898,0,validation
entity_0792,entity_0634,0,train
entity_0634,entity_0792,0,validation
entity_0436,entity_0010,0,train
entity_0010,entity_0436,0,test
entity_0102,entity_0922,1,train
entity_0922,entity_0102,1,test
entity_0967,entity_0728,0,train
entity_0728,entity_0967,0,validation
entity_0209,entity_0838,0,train
entity_0838,entity_0209,0,test
entity_0343,entity_0972,1,train
entity_0972,entity_0343,1,test
entity_0331,entity_0590,0,train
entity_0590,entity_0331,0,test
entity_0278,entity_0159,1,train
entity_0159,entity_0278,1,test
entity_0804,entity_0432,1,train
entity_0432,entity_0804,1,validation
entity_0766,entity_0890,0,train
entity_0890,entity_0766,0,validation
entity_0537,entity_0091,0,train
entity_0091,entity_0537,0,train
entity_0028,entity_0157,1,train
entity_0157,entity_0028,1,test
entity_0881,entity_0677,1,train
entity_0677,entity_0881,1,test
entity_0188,entity_0554,0,train
entity_0554,entity_0188,0,test
entity_0058,entity_0876,1,train
entity_0876,entity_0058,1,test
entity_0141,entity_0830,0,train
entity_0830,entity_0141,0,test
entity_0755,entity_0699,0,train
entity_0699,entity_0755,0,test
entity_0481,entity_0065,0,train
entity_0065,entity_0481,0,test
entity_0112,entity_0056,1,train
entity_0056,entity_0112,1,train
entity_0216,entity_0345,0,train
entity_0345,entity_0216,0,test
entity_0886,entity_0142,0,train
entity_0142,entity_0886,0,test
entity_0530,entity_0524,0,train
entity_0524,entity_0530,0,test
entity_0802,entity_0754,1,train
entity_0754,entity_0802,1,test
entity_0989,entity_0076,1,train
entity_0076,entity_0989,1,train
entity_0949,entity_0572,1,train
entity_0572,entity_0949,1,test
entity_0614,entity_0798,1,train
entity_0798,entity_0614,1,test
entity_0745,entity_0209,0,train
entity_0209,entity_0745,0,train
entity_0718,entity_0514,0,train
entity_0514,entity_0718,0,test
entity_0083,entity_0457,0,train
entity_0457,entity_0083,0,test
entity_0869,entity_0742,0,train
entity_0742,entity_0869,0,train
entity_0315,entity_0580,0,train
entity_0580,entity_0315,0,train
entity_0220,entity_0235,0,train
entity_0235,entity_0220,0,train
entity_0288,entity_0424,1,train
entity_0424,entity_0288,1,train
entity_0550,entity_0751,0,train
entity_0751,entity_0550,0,train
entity_0863,entity_0458,1,train
entity_0458,entity_0863,1,test
entity_0759,entity_0440,1,train
entity_0440,entity_0759,1,test
entity_0477,entity_0731,0,train
entity_0731,entity_0477,0,test
entity_0807,entity_0086,1,train
entity_0086,entity_0807,1,test
entity_0332,entity_0003,0,train
entity_0003,entity_0332,0,test
entity_0465,entity_0950,0,train
entity_0950,entity_0465,0,test
entity_0645,entity_0368,0,train
entity_0368,entity_0645,0,test
entity_0754,entity_0622,1,train
entity_0622,entity_0754,1,test
entity_0364,entity_0751,0,train
entity_0751,entity_0364,0,test
entity_0805,entity_0539,0,train
entity_0539,entity_0805,0,test
entity_0594,entity_0931,1,train
entity_0931,entity_0594,1,test
entity_0079,entity_0782,0,train
entity_0782,entity_0079,0,test
entity_0467,entity_0832,0,train
entity_0832,entity_0467,0,test
entity_0339,entity_0201,0,train
entity_0201,entity_0339,0,test
entity_0440,entity_0287,0,train
entity_0287,entity_0440,0,validation
entity_0103,entity_0359,0,train
entity_0359,entity_0103,0,test
entity_0037,entity_0356,0,train
entity_0356,entity_0037,0,test
entity_0372,entity_0594,1,train
entity_0594,entity_0372,1,test
entity_0546,entity_0430,0,train
entity_0430,entity_0546,0,train
entity_0418,entity_0270,0,train
entity_0270,entity_0418,0,test
entity_0513,entity_0206,0,train
entity_0206,entity_0513,0,test
entity_0749,entity_0116,1,train
entity_0116,entity_0749,1,test
entity_0417,entity_0518,1,train
entity_0518,entity_0417,1,test
entity_0864,entity_0215,1,train
entity_0215,entity_0864,1,validation
entity_0825,entity_0733,1,train
entity_0733,entity_0825,1,test
entity_0747,entity_0832,1,train
entity_0832,entity_0747,1,test
entity_0070,entity_0122,0,train
entity_0122,entity_0070,0,train
entity_0364,entity_0365,0,train
entity_0365,entity_0364,0,validation
entity_0396,entity_0310,0,train
entity_0310,entity_0396,0,validation
entity_0433,entity_0460,0,train
entity_0460,entity_0433,0,test
entity_0108,entity_0345,1,train
entity_0345,entity_0108,1,validation
entity_0524,entity_0113,0,train
entity_0113,entity_0524,0,test
entity_0159,entity_0451,0,train
entity_0451,entity_0159,0,test
entity_0415,entity_0990,1,train
entity_0990,entity_0415,1,test
entity_0877,entity_0667,1,train
entity_0667,entity_0877,1,train
entity_0554,entity_0066,1,train
entity_0066,entity_0554,1,test
entity_0715,entity_0346,1,train
entity_0346,entity_0715,1,test
entity_0697,entity_0119,0,train
entity_0119,entity_0697,0,test
entity_0917,entity_1000,1,train
entity_1000,entity_0917,1,validation
entity_0890,entity_0442,1,train
entity_0442,entity_0890,1,test
entity_0119,entity_0140,1,train
entity_0140,entity_0119,1,test
entity_0599,entity_0798,0,train
entity_0798,entity_0599,0,train
entity_0585,entity_0161,1,train
entity_0161,entity_0585,1,test
entity_0549,entity_0489,0,train
entity_0489,entity_0549,0,test
entity_0759,entity_0188,0,train
entity_0188,entity_0759,0,test
entity_0386,entity_0940,1,train
entity_0940,entity_0386,1,test
entity_0847,entity_0444,1,train
entity_0444,entity_0847,1,train
entity_0881,entity_0926,0,train
entity_0926,entity_0881,0,validation
entity_0987,entity_0027,0,train
entity_0027,entity_0987,0,test
entity_0095,entity_0905,1,train
entity_0905,entity_0095,1,test
entity_0996,entity_0090,1,train
entity_0090,entity_0996,1,test
entity_0337,entity_0932,1,train
entity_0932,entity_0337,1,train
entity_0183,entity_0210,0,train
entity_0210,entity_0183,0,test
entity_0210,entity_0232,1,train
entity_0232,entity_0210,1,validation
entity_0672,entity_0190,1,train
entity_0190,entity_0672,1,test
entity_0575,entity_0305,0,train
entity_0305,entity_0575,0,test
entity_0695,entity_0089,1,train
entity_0089,entity_0695,1,test
entity_0162,entity_0915,0,train
entity_0915,entity_0162,0,test
entity_0340,entity_0279,0,train
entity_0279,entity_0340,0,test
entity_0680,entity_0002,1,train
entity_0002,entity_0680,1,test
entity_0351,entity_0271,0,train
entity_0271,entity_0351,0,test
entity_0142,entity_0623,1,train
entity_0623,entity_0142,1,train
entity_0110,entity_0623,1,train
entity_0623,entity_0110,1,test
entity_0017,entity_0030,1,train
entity_0030,entity_0017,1,test
entity_0441,entity_0743,1,train
entity_0743,entity_0441,1,test
entity_0855,entity_0436,1,train
entity_0436,entity_0855,1,test
entity_0364,entity_0854,1,train
entity_0854,entity_0364,1,test
entity_0887,entity_0564,0,train
entity_0564,entity_0887,0,test
entity_0519,entity_0238,1,train
entity_0238,entity_0519,1,test
entity_0632,entity_0040,1,train
entity_0040,entity_0632,1,test
entity_0598,entity_0311,0,train
entity_0311,entity_0598,0,test
entity_0072,entity_0990,0,train
entity_0990,entity_0072,0,test
entity_0630,entity_0375,0,train
entity_0375,entity_0630,0,test
entity_0106,entity_0498,0,train
entity_0498,entity_0106,0,validation
entity_0976,entity_0705,0,train
entity_0705,entity_0976,0,test
entity_0496,entity_0021,0,train
entity_0021,entity_0496,0,test
entity_0155,entity_0362,0,train
entity_0362,entity_0155,0,test
entity_0292,entity_0460,1,train
entity_0460,entity_0292,1,test
entity_0565,entity_0639,1,train
entity_0639,entity_0565,1,test
entity_0923,entity_0170,0,train
entity_0170,entity_0923,0,test
entity_0527,entity_0830,0,train
entity_0830,entity_0527,0,validation
entity_0828,entity_0282,1,train
entity_0282,entity_0828,1,test
entity_0927,entity_0009,0,train
entity_0009,entity_0927,0,validation
entity_0867,entity_0325,0,train
entity_0325,entity_0867,0,test
entity_0286,entity_0475,1,train
entity_0475,entity_0286,1,test
entity_0132,entity_0942,0,train
entity_0942,entity_0132,0,validation
entity_0735,entity_0743,0,train
entity_0743,entity_0735,0,test
entity_0005,entity_0283,1,train
entity_0283,entity_0005,1,test
entity_0478,entity_0435,0,train
entity_0435,entity_0478,0,train
entity_0149,entity_0081,1,train
entity_0081,entity_0149,1,test
entity_0471,entity_0793,1,train
entity_0793,entity_0471,1,train
entity_0043,entity_0195,1,train
entity_0195,entity_0043,1,test
entity_0246,entity_0042,0,train
entity_0042,entity_0246,0,test
entity_0232,entity_0419,0,train
entity_0419,entity_0232,0,test
entity_0509,entity_0065,1,train
entity_0065,entity_0509,1,test
entity_0667,entity_0865,0,train
entity_0865,entity_0667,0,validation
entity_0324,entity_0899,0,train
entity_0899,entity_0324,0,test
entity_0070,entity_0879,0,train
entity_0879,entity_0070,0,train
entity_0610,entity_0363,0,train
entity_0363,entity_0610,0,test
entity_0408,entity_0829,1,train
entity_0829,entity_0408,1,validation
entity_0870,entity_0501,1,train
entity_0501,entity_0870,1,test
entity_0187,entity_0194,1,train
entity_0194,entity_0187,1,test
entity_0617,entity_0478,1,train
entity_0478,entity_0617,1,test
entity_0026,entity_0897,0,train
entity_0897,entity_0026,0,test
entity_0403,entity_0359,0,train
entity_0359,entity_0403,0,train
entity_0137,entity_0392,0,train
entity_0392,entity_0137,0,test
entity_0554,entity_0830,0,train
entity_0830,entity_0554,0,test
entity_0606,entity_0003,0,train
entity_0003,entity_0606,0,validation
entity_0078,entity_0796,1,train
entity_0796,entity_0078,1,test
entity_0628,entity_0869,1,train
entity_0869,entity_0628,1,test
entity_0498,entity_0296,1,train
entity_0296,entity_0498,1,validation
entity_0354,entity_0086,1,train
entity_0086,entity_0354,1,test
entity_0888,entity_0813,1,train
entity_0813,entity_0888,1,validation
entity_0107,entity_0963,0,train
entity_0963,entity_0107,0,validation
entity_0149,entity_0578,0,train
entity_0578,entity_0149,0,test
entity_0933,entity_0352,1,train
entity_0352,entity_0933,1,test
entity_0047,entity_0132,1,train
entity_0132,entity_0047,1,test
entity_0220,entity_0895,1,train
entity_0895,entity_0220,1,test
entity_0333,entity_0062,0,train
entity_0062,entity_0333,0,validation
entity_0849,entity_0910,1,train
entity_0910,entity_0849,1,test
entity_0692,entity_0083,1,train
entity_0083,entity_0692,1,test
entity_0584,entity_0319,0,train
entity_0319,entity_0584,0,test
entity_0325,entity_0167,1,train
entity_0167,entity_0325,1,validation
entity_0769,entity_0773,0,train
entity_0773,entity_0769,0,test
entity_0462,entity_0569,0,train
entity_0569,entity_0462,0,validation
entity_0451,entity_0631,0,train
entity_0631,entity_0451,0,test
entity_0965,entity_0950,0,train
entity_0950,entity_0965,0,test
entity_0666,entity_0241,0,train
entity_0241,entity_0666,0,test
entity_0147,entity_0530,0,train
entity_0530,entity_0147,0,train
entity_0939,entity_0830,0,train
entity_0830,entity_0939,0,validation
entity_0185,entity_0224,1,train
entity_0224,entity_0185,1,test
entity_0082,entity_0493,0,train
entity_0493,entity_0082,0,test
entity_0316,entity_0595,0,train
entity_0595,entity_0316,0,train
entity_0142,entity_0736,0,train
entity_0736,entity_0142,0,test
entity_0349,entity_0098,1,train
entity_0098,entity_0349,1,test
entity_0612,entity_0882,1,train
entity_0882,entity_0612,1,test
entity_0218,entity_0039,1,train
entity_0039,entity_0218,1,test
entity_0279,entity_0285,0,train
entity_0285,entity_0279,0,test
entity_0818,entity_0227,1,train
entity_0227,entity_0818,1,test
entity_0848,entity_0172,1,train
entity_0172,entity_0848,1,test
entity_0933,entity_0511,0,train
entity_0511,entity_0933,0,validation
entity_0183,entity_0820,1,train
entity_0820,entity_0183,1,validation
entity_0694,entity_0357,0,train
entity_0357,entity_0694,0,validation
entity_0111,entity_0425,1,train
entity_0425,entity_0111,1,test
entity_0609,entity_0634,0,train
entity_0634,entity_0609,0,test
entity_0598,entity_0426,1,train
entity_0426,entity_0598,1,test
entity_0614,entity_0155,0,train
entity_0155,entity_0614,0,train
entity_0310,entity_0328,0,train
entity_0328,entity_0310,0,test
entity_0650,entity_0919,0,train
entity_0919,entity_0650,0,test
entity_0384,entity_0884,1,train
entity_0884,entity_0384,1,validation
entity_0978,entity_0787,1,train
entity_0787,entity_0978,1,test
entity_0610,entity_0655,0,train
entity_0655,entity_0610,0,test
entity_0212,entity_0963,0,train
entity_0963,entity_0212,0,test
entity_0884,entity_0994,1,train
entity_0994,entity_0884,1,test
entity_0722,entity_0636,0,train
entity_0636,entity_0722,0,test
entity_0138,entity_0678,0,train
entity_0678,entity_0138,0,train
entity_0573,entity_0016,1,train
entity_0016,entity_0573,1,test
entity_0109,entity_0992,0,train
entity_0992,entity_0109,0,test
entity_0023,entity_0835,1,train
entity_0835,entity_0023,1,test
entity_0352,entity_0476,1,train
entity_0476,entity_0352,1,test
entity_0667,entity_0778,1,train
entity_0778,entity_0667,1,test
entity_0680,entity_0753,1,train
entity_0753,entity_0680,1,test
entity_0419,entity_0055,1,train
entity_0055,entity_0419,1,test
entity_0292,entity_0795,0,train
entity_0795,entity_0292,0,test
entity_0208,entity_0462,1,train
entity_0462,entity_0208,1,validation
entity_0525,entity_0243,1,train
entity_0243,entity_0525,1,test
entity_0234,entity_0450,0,train
entity_0450,entity_0234,0,test
entity_0529,entity_0991,0,train
entity_0991,entity_0529,0,test
entity_0782,entity_0343,0,train
entity_0343,entity_0782,0,test
entity_0568,entity_0141,0,train
entity_0141,entity_0568,0,test
entity_0581,entity_0539,0,train
entity_0539,entity_0581,0,test
entity_0181,entity_0540,1,train
entity_0540,entity_0181,1,validation
entity_0838,entity_0981,1,train
entity_0981,entity_0838,1,test
entity_0045,entity_0092,1,train
entity_0092,entity_0045,1,test
entity_0507,entity_0353,0,train
entity_0353,entity_0507,0,test
entity_0035,entity_0125,1,train
entity_0125,entity_0035,1,test
entity_0752,entity_0572,0,train
entity_0572,entity_0752,0,test
entity_0056,entity_0392,0,train
entity_0392,entity_0056,0,test
entity_0188,entity_0952,0,train
entity_0952,entity_0188,0,test
entity_0241,entity_0319,0,train
entity_0319,entity_0241,0,test
entity_0953,entity_0744,1,train
entity_0744,entity_0953,1,test
entity_0595,entity_0174,0,train
entity_0174,entity_0595,0,test
entity_0709,entity_0844,0,train
entity_0844,entity_0709,0,test
entity_0554,entity_0577,1,train
entity_0577,entity_0554,1,test
entity_0926,entity_0610,0,train
entity_0610,entity_0926,0,test
entity_0597,entity_0462,0,train
entity_0462,entity_0597,0,validation
entity_0179,entity_0100,0,train
entity_0100,entity_0179,0,test
entity_0239,entity_0249,1,train
entity_0249,entity_0239,1,test
entity_0532,entity_0227,1,train
entity_0227,entity_0532,1,test
entity_0101,entity_0373,1,train
entity_0373,entity_0101,1,test
entity_0772,entity_0808,1,train
entity_0808,entity_0772,1,test
entity_0219,entity_0344,0,train
entity_0344,entity_0219,0,test
entity_0855,entity_0994,0,train
entity_0994,entity_0855,0,test
entity_0451,entity_0267,1,train
entity_0267,entity_0451,1,test
entity_0281,entity_0590,0,train
entity_0590,entity_0281,0,validation
entity_0897,entity_0415,1,train
entity_0415,entity_0897,1,test
entity_0971,entity_0115,1,train
entity_0115,entity_0971,1,test
entity_0093,entity_0001,0,train
entity_0001,entity_0093,0,train
entity_0352,entity_0281,0,train
entity_0281,entity_0352,0,test
entity_0456,entity_0901,1,train
entity_0901,entity_0456,1,test
entity_0087,entity_0350,0,train
entity_0350,entity_0087,0,test
entity_0656,entity_0286,0,train
entity_0286,entity_0656,0,validation
entity_0401,entity_0212,1,train
entity_0212,entity_0401,1,test
entity_0925,entity_0710,1,train
entity_0710,entity_0925,1,validation
entity_0199,entity_0982,1,train
entity_0982,entity_0199,1,validation
entity_0874,entity_0065,0,train
entity_0065,entity_0874,0,test
entity_0936,entity_0168,1,train
entity_0168,entity_0936,1,validation
entity_0023,entity_0289,1,train
entity_0289,entity_0023,1,test
entity_0812,entity_0038,1,train
entity_0038,entity_0812,1,test
entity_0332,entity_0407,1,train
entity_0407,entity_0332,1,test
entity_0871,entity_0135,1,train
entity_0135,entity_0871,1,test
entity_0509,entity_0339,0,train
entity_0339,entity_0509,0,test
entity_0032,entity_0676,1,train
entity_0676,entity_0032,1,test
entity_0698,entity_0721,1,train
entity_0721,entity_0698,1,validation
entity_0823,entity_0284,0,train
entity_0284,entity_0823,0,train
entity_0382,entity_0902,1,train
entity_0902,entity_0382,1,test
entity_0493,entity_0774,0,train
entity_0774,entity_0493,0,train
entity_0945,entity_0939,1,train
entity_0939,entity_0945,1,test
entity_0732,entity_0270,1,train
entity_0270,entity_0732,1,test
entity_0888,entity_0048,1,train
entity_0048,entity_0888,1,test
entity_0692,entity_0736,0,train
entity_0736,entity_0692,0,validation
entity_0702,entity_0353,0,train
entity_0353,entity_0702,0,test
entity_0745,entity_0359,1,train
entity_0359,entity_0745,1,test
entity_0304,entity_0051,1,train
entity_0051,entity_0304,1,test
entity_0130,entity_0724,1,train
entity_0724,entity_0130,1,train
entity_0053,entity_0788,1,train
entity_0788,entity_0053,1,validation
entity_0991,entity_0570,0,train
entity_0570,entity_0991,0,test
entity_0726,entity_0624,0,train
entity_0624,entity_0726,0,validation
entity_0849,entity_0085,0,train
entity_0085,entity_0849,0,test
entity_0821,entity_0997,0,train
entity_0997,entity_0821,0,train
entity_0343,entity_0549,0,train
entity_0549,entity_0343,0,train
entity_0972,entity_0700,1,train
entity_0700,entity_0972,1,test
entity_0478,entity_0835,0,train
entity_0835,entity_0478,0,train
entity_0899,entity_0593,1,train
entity_0593,entity_0899,1,test
entity_0698,entity_0606,0,train
entity_0606,entity_0698,0,train
entity_0008,entity_0244,1,train
entity_0244,entity_0008,1,test
entity_0871,entity_0486,1,train
entity_0486,entity_0871,1,test
entity_0221,entity_0073,0,train
entity_0073,entity_0221,0,test
entity_0613,entity_0007,0,train
entity_0007,entity_0613,0,test
entity_0546,entity_0545,1,train
entity_0545,entity_0546,1,test
entity_0990,entity_0066,1,train
entity_0066,entity_0990,1,test
entity_0144,entity_0703,0,train
entity_0703,entity_0144,0,test
entity_0537,entity_0129,0,train
entity_0129,entity_0537,0,test
entity_0990,entity_0261,1,train
entity_0261,entity_0990,1,test
entity_0425,entity_0539,0,train
entity_0539,entity_0425,0,test
entity_0431,entity_0372,0,train
entity_0372,entity_0431,0,test
entity_0191,entity_0172,0,train
entity_0172,entity_0191,0,test
entity_0273,entity_0850,1,train
entity_0850,entity_0273,1,test
entity_0477,entity_0703,1,train
entity_0703,entity_0477,1,train
entity_0322,entity_0998,1,train
entity_0998,entity_0322,1,test
entity_0032,entity_0703,0,train
entity_0703,entity_0032,0,test
entity_0871,entity_0768,1,train
entity_0768,entity_0871,1,test
entity_0167,entity_0957,1,train
entity_0957,entity_0167,1,test
entity_0962,entity_0007,1,train
entity_0007,entity_0962,1,train
entity_0851,entity_0546,0,train
entity_0546,entity_0851,0,test
entity_0725,entity_0330,1,train
entity_0330,entity_0725,1,test
entity_0716,entity_0419,0,train
entity_0419,entity_0716,0,test
entity_0038,entity_0792,0,train
entity_0792,entity_0038,0,test
entity_0278,entity_0063,0,train
entity_0063,entity_0278,0,validation
entity_0474,entity_0946,0,train
entity_0946,entity_0474,0,train
entity_0764,entity_0088,1,train
entity_0088,entity_0764,1,test
entity_0045,entity_0478,1,train
entity_0478,entity_0045,1,test
entity_0355,entity_0358,0,train
entity_0358,entity_0355,0,validation
entity_0856,entity_0465,0,train
entity_0465,entity_0856,0,test
entity_0060,entity_0192,0,train
entity_0192,entity_0060,0,test
entity_0549,entity_0081,1,train
entity_0081,entity_0549,1,test
entity_0470,entity_0905,1,train
entity_0905,entity_0470,1,test
entity_0383,entity_0140,0,train
entity_0140,entity_0383,0,validation
entity_0004,entity_0922,1,train
entity_0922,entity_0004,1,test
entity_0742,entity_0645,0,train
entity_0645,entity_0742,0,train
entity_0725,entity_0004,1,train
entity_0004,entity_0725,1,test
entity_0354,entity_0782,0,train
entity_0782,entity_0354,0,validation
entity_0391,entity_0507,1,train
entity_0507,entity_0391,1,test
entity_0074,entity_0408,0,train
entity_0408,entity_0074,0,train
entity_0830,entity_0300,1,train
entity_0300,entity_0830,1,validation
entity_0664,entity_0567,0,train
entity_0567,entity_0664,0,test
entity_0914,entity_0229,1,train
entity_0229,entity_0914,1,test
entity_0632,entity_0965,0,train
entity_0965,entity_0632,0,test
entity_0959,entity_0503,0,train
entity_0503,entity_0959,0,validation
entity_0153,entity_0837,1,train
entity_0837,entity_0153,1,test
entity_0625,entity_0089,1,train
entity_0089,entity_0625,1,test
entity_0387,entity_0386,1,train
entity_0386,entity_0387,1,test
entity_0128,entity_0635,0,train
entity_0635,entity_0128,0,train
entity_0770,entity_0804,1,train
entity_0804,entity_0770,1,test
entity_0068,entity_0579,1,train
entity_0579,entity_0068,1,test
entity_0786,entity_0708,0,train
entity_0708,entity_0786,0,test
entity_0662,entity_0555,0,train
entity_0555,entity_0662,0,validation
entity_0839,entity_0790,1,train
entity_0790,entity_0839,1,test
entity_0479,entity_0342,0,train
entity_0342,entity_0479,0,test
entity_0456,entity_0170,0,train
entity_0170,entity_0456,0,test
entity_0875,entity_0435,1,train
entity_0435,entity_0875,1,train
entity_0153,entity_0040,0,train
entity_0040,entity_0153,0,test
entity_0530,entity_0895,0,train
entity_0895,entity_0530,0,train
entity_0736,entity_0977,1,train
entity_0977,entity_0736,1,test
entity_0563,entity_0876,1,train
entity_0876,entity_0563,1,test
entity_0031,entity_0440,1,train
entity_0440,entity_0031,1,train
entity_0869,entity_0817,1,train
entity_0817,entity_0869,1,train
entity_0151,entity_0813,1,train
entity_0813,entity_0151,1,test
entity_0096,entity_0298,0,train
entity_0298,entity_0096,0,test
entity_0102,entity_0606,0,train
entity_0606,entity_0102,0,test
entity_0199,entity_0792,1,train
entity_0792,entity_0199,1,validation
entity_0386,entity_0026,0,train
entity_0026,entity_0386,0,validation
entity_0286,entity_0665,1,train
entity_0665,entity_0286,1,test
entity_0148,entity_0994,0,train
entity_0994,entity_0148,0,validation
entity_0242,entity_0219,0,train
entity_0219,entity_0242,0,test
entity_0580,entity_0533,0,train
entity_0533,entity_0580,0,validation
entity_0060,entity_0104,1,train
entity_0104,entity_0060,1,train
entity_0950,entity_0705,0,train
entity_0705,entity_0950,0,test
entity_0263,entity_0337,0,train
entity_0337,entity_0263,0,test
entity_0380,entity_0940,0,train
entity_0940,entity_0380,0,test
entity_0215,entity_0587,1,train
entity_0587,entity_0215,1,test
entity_0106,entity_0624,0,train
entity_0624,entity_0106,0,validation
entity_0903,entity_0656,0,train
entity_0656,entity_0903,0,validation
entity_0448,entity_0323,0,train
entity_0323,entity_0448,0,test
entity_0733,entity_0290,1,train
entity_0290,entity_0733,1,test
entity_0165,entity_0252,1,train
entity_0252,entity_0165,1,test
entity_0069,entity_0648,1,train
entity_0648,entity_0069,1,test
entity_0617,entity_0218,0,train
entity_0218,entity_0617,0,test
entity_0054,entity_0290,1,train
entity_0290,entity_0054,1,test
entity_0898,entity_0775,1,train
entity_0775,entity_0898,1,validation
entity_0132,entity_0644,0,train
entity_0644,entity_0132,0,test
entity_0539,entity_0403,1,train
entity_0403,entity_0539,1,test
entity_0504,entity_0359,1,train
entity_0359,entity_0504,1,test
entity_0171,entity_0684,1,train
entity_0684,entity_0171,1,test
entity_0931,entity_0879,0,train
entity_0879,entity_0931,0,validation
entity_0135,entity_0769,0,train
entity_0769,entity_0135,0,test
entity_0584,entity_0281,1,train
entity_0281,entity_0584,1,test
entity_0734,entity_0519,1,train
entity_0519,entity_0734,1,validation
entity_0866,entity_0883,0,train
entity_0883,entity_0866,0,test
entity_0845,entity_0870,0,train
entity_0870,entity_0845,0,test
entity_0092,entity_0318,1,train
entity_0318,entity_0092,1,test
entity_0012,entity_0850,0,train
entity_0850,entity_0012,0,test
entity_0116,entity_0312,1,train
entity_0312,entity_0116,1,test
entity_0201,entity_0609,1,train
entity_0609,entity_0201,1,train
entity_0889,entity_0054,1,train
entity_0054,entity_0889,1,test
entity_0361,entity_0239,1,train
entity_0239,entity_0361,1,test
entity_0491,entity_0474,0,train
entity_0474,entity_0491,0,test
entity_0669,entity_0418,0,train
entity_0418,entity_0669,0,test
entity_0804,entity_0895,0,train
entity_0895,entity_0804,0,test
entity_0511,entity_0021,0,train
entity_0021,entity_0511,0,test
entity_0412,entity_0800,1,train
entity_0800,entity_0412,1,test
entity_0889,entity_0791,0,train
entity_0791,entity_0889,0,train
entity_0708,entity_0836,0,train
entity_0836,entity_0708,0,test
entity_0704,entity_0326,0,train
entity_0326,entity_0704,0,validation
entity_0939,entity_0227,0,train
entity_0227,entity_0939,0,validation
entity_0841,entity_0267,0,train
entity_0267,entity_0841,0,test
entity_0512,entity_0968,1,train
entity_0968,entity_0512,1,test
entity_0885,entity_0837,1,train
entity_0837,entity_0885,1,test
entity_0459,entity_0761,0,train
entity_0761,entity_0459,0,validation
entity_0773,entity_0504,0,train
entity_0504,entity_0773,0,test
entity_0592,entity_0595,0,train
entity_0595,entity_0592,0,test
entity_0815,entity_0651,1,train
entity_0651,entity_0815,1,test
entity_0105,entity_0861,1,train
entity_0861,entity_0105,1,validation
entity_0707,entity_0797,1,train
entity_0797,entity_0707,1,test
entity_0374,entity_0651,1,train
entity_0651,entity_0374,1,test
entity_0342,entity_0956,0,train
entity_0956,entity_0342,0,test
entity_0026,entity_0155,0,train
entity_0155,entity_0026,0,validation
entity_0381,entity_0033,1,train
entity_0033,entity_0381,1,validation
entity_0538,entity_0084,0,train
entity_0084,entity_0538,0,train
entity_0721,entity_0161,1,train
entity_0161,entity_0721,1,test
entity_0060,entity_0067,1,train
entity_0067,entity_0060,1,test
entity_0469,entity_0182,1,train
entity_0182,entity_0469,1,test
entity_0209,entity_0731,0,train
entity_0731,entity_0209,0,validation
entity_0560,entity_0921,0,train
entity_0921,entity_0560,0,test
entity_0021,entity_0888,0,train
entity_0888,entity_0021,0,test
entity_0562,entity_0750,0,train
entity_0750,entity_0562,0,test
entity_0625,entity_0079,0,train
entity_0079,entity_0625,0,test
entity_0903,entity_0365,1,train
entity_0365,entity_0903,1,test
entity_0981,entity_0937,1,train
entity_0937,entity_0981,1,test
entity_0903,entity_0916,0,train
entity_0916,entity_0903,0,validation
entity_0433,entity_0217,1,train
entity_0217,entity_0433,1,test
entity_0416,entity_0772,1,train
entity_0772,entity_0416,1,validation
entity_0308,entity_0782,0,train
entity_0782,entity_0308,0,test
entity_0934,entity_0577,1,train
entity_0577,entity_0934,1,validation
entity_0225,entity_0014,1,train
entity_0014,entity_0225,1,test
entity_0700,entity_0601,0,train
entity_0601,entity_0700,0,test
entity_0496,entity_0521,1,train
entity_0521,entity_0496,1,test
entity_0125,entity_0111,0,train
entity_0111,entity_0125,0,test
entity_0101,entity_0876,1,train
entity_0876,entity_0101,1,test
entity_0879,entity_0219,0,train
entity_0219,entity_0879,0,validation
entity_0906,entity_0032,1,train
entity_0032,entity_0906,1,test
entity_0670,entity_0433,1,train
entity_0433,entity_0670,1,test
entity_0534,entity_0698,1,train
entity_0698,entity_0534,1,test
entity_0183,entity_0647,1,train
entity_0647,entity_0183,1,validation
entity_0509,entity_0345,1,train
entity_0345,entity_0509,1,test
entity_0164,entity_0284,0,train
entity_0284,entity_0164,0,test
entity_0341,entity_0311,0,train
entity_0311,entity_0341,0,test
entity_0992,entity_0552,1,train
entity_0552,entity_0992,1,train
entity_0257,entity_0462,1,train
entity_0462,entity_0257,1,test
entity_0032,entity_0257,1,train
entity_0257,entity_0032,1,test
entity_0727,entity_0609,0,train
entity_0609,entity_0727,0,test
entity_0657,entity_0151,0,train
entity_0151,entity_0657,0,test
entity_0003,entity_0347,0,train
entity_0347,entity_0003,0,test
entity_0177,entity_0740,1,train
entity_0740,entity_0177,1,validation
entity_0169,entity_0241,1,train
entity_0241,entity_0169,1,test
entity_0388,entity_0619,1,train
entity_0619,entity_0388,1,train
entity_0559,entity_0221,1,train
entity_0221,entity_0559,1,test
entity_0569,entity_0801,0,train
entity_0801,entity_0569,0,validation
entity_0134,entity_0537,1,train
entity_0537,entity_0134,1,test
entity_0455,entity_0033,0,train
entity_0033,entity_0455,0,test
entity_0768,entity_0935,1,train
entity_0935,entity_0768,1,test
entity_0580,entity_0070,1,train
entity_0070,entity_0580,1,train
entity_0876,entity_0011,0,train
entity_0011,entity_0876,0,test
entity_0800,entity_0709,0,train
entity_0709,entity_0800,0,test
entity_0426,entity_0081,1,train
entity_0081,entity_0426,1,test
entity_0641,entity_0416,1,train
entity_0416,entity_0641,1,test
entity_0967,entity_0465,0,train
entity_0465,entity_0967,0,test
entity_0277,entity_0125,1,train
entity_0125,entity_0277,1,test
entity_0998,entity_0814,0,train
entity_0814,entity_0998,0,test
entity_0675,entity_0629,0,train
entity_0629,entity_0675,0,validation
entity_0678,entity_0002,0,train
entity_0002,entity_0678,0,test
entity_0021,entity_0469,0,train
entity_0469,entity_0021,0,test
entity_0913,entity_0700,1,train
entity_0700,entity_0913,1,test
entity_0006,entity_0811,0,train
entity_0811,entity_0006,0,validation
entity_0807,entity_0354,1,train
entity_0354,entity_0807,1,test
entity_0559,entity_0258,0,train
entity_0258,entity_0559,0,test
entity_0805,entity_0369,1,train
entity_0369,entity_0805,1,test
entity_0385,entity_0071,1,train
entity_0071,entity_0385,1,test
entity_0872,entity_0449,1,train
entity_0449,entity_0872,1,validation
entity_0895,entity_0640,1,train
entity_0640,entity_0895,1,test
entity_0158,entity_0301,0,train
entity_0301,entity_0158,0,test
entity_0347,entity_0535,1,train
entity_0535,entity_0347,1,test
entity_0349,entity_0420,1,train
entity_0420,entity_0349,1,test
entity_0936,entity_0716,1,train
entity_0716,entity_0936,1,test
entity_0220,entity_0393,1,train
entity_0393,entity_0220,1,test
entity_0690,entity_0063,0,train
entity_0063,entity_0690,0,train
entity_0336,entity_0728,0,train
entity_0728,entity_0336,0,test
entity_0765,entity_0074,0,train
entity_0074,entity_0765,0,test
entity_0379,entity_0715,0,train
entity_0715,entity_0379,0,test
entity_0162,entity_0876,1,train
entity_0876,entity_0162,1,test
entity_0189,entity_0812,1,train
entity_0812,entity_0189,1,test
entity_0746,entity_0539,1,train
entity_0539,entity_0746,1,test
entity_0451,entity_0385,1,train
entity_0385,entity_0451,1,test
entity_0141,entity_0158,1,train
entity_0158,entity_0141,1,test
entity_0232,entity_0903,1,train
entity_0903,entity_0232,1,test
entity_0562,entity_0859,0,train
entity_0859,entity_0562,0,test
entity_0531,entity_0843,1,train
entity_0843,entity_0531,1,test
entity_0687,entity_0946,0,train
entity_0946,entity_0687,0,test
entity_0636,entity_0324,0,train
entity_0324,entity_0636,0,validation
entity_0351,entity_0324,1,train
entity_0324,entity_0351,1,test
entity_0991,entity_0087,1,train
entity_0087,entity_0991,1,validation
entity_0026,entity_0497,1,train
entity_0497,entity_0026,1,test
entity_0383,entity_0951,0,train
entity_0951,entity_0383,0,test
entity_0438,entity_0071,1,train
entity_0071,entity_0438,1,validation
entity_0663,entity_0547,1,train
entity_0547,entity_0663,1,test
entity_0130,entity_0060,1,train
entity_0060,entity_0130,1,test
entity_0863,entity_0880,0,train
entity_0880,entity_0863,0,test
entity_0334,entity_0863,0,train
entity_0863,entity_0334,0,test
entity_0040,entity_0506,0,train
entity_0506,entity_0040,0,test
entity_0208,entity_0179,0,train
entity_0179,entity_0208,0,test
entity_0998,entity_0029,1,train
entity_0029,entity_0998,1,train
entity_0597,entity_0823,1,train
entity_0823,entity_0597,1,test
entity_0955,entity_0380,0,train
entity_0380,entity_0955,0,test
entity_0251,entity_0929,0,train
entity_0929,entity_0251,0,test
entity_0363,entity_0505,1,train
entity_0505,entity_0363,1,test
entity_0687,entity_0115,1,train
entity_0115,entity_0687,1,test
entity_0870,entity_0927,1,train
entity_0927,entity_0870,1,train
entity_0637,entity_0813,1,train
entity_0813,entity_0637,1,test
entity_0631,entity_0362,1,train
entity_0362,entity_0631,1,test
entity_0171,entity_0420,0,train
entity_0420,entity_0171,0,test
entity_0658,entity_0906,1,train
entity_0906,entity_0658,1,test
entity_0889,entity_0255,0,train
entity_0255,entity_0889,0,validation
entity_0738,entity_0564,1,train
entity_0564,entity_0738,1,test
entity_0283,entity_0668,0,train
entity_0668,entity_0283,0,test
entity_0685,entity_0164,0,train
entity_0164,entity_0685,0,test
entity_0230,entity_0025,0,train
entity_0025,entity_0230,0,test
entity_0558,entity_0534,0,train
entity_0534,entity_0558,0,train
entity_0406,entity_0291,0,train
entity_0291,entity_0406,0,validation
entity_0072,entity_0665,0,train
entity_0665,entity_0072,0,validation
entity_0334,entity_0110,1,train
entity_0110,entity_0334,1,test
entity_0164,entity_0069,0,train
entity_0069,entity_0164,0,validation
entity_0234,entity_0303,1,train
entity_0303,entity_0234,1,test
entity_0192,entity_0465,0,train
entity_0465,entity_0192,0,test
entity_0349,entity_0311,0,train
entity_0311,entity_0349,0,test
entity_0552,entity_0868,0,train
entity_0868,entity_0552,0,validation
entity_0041,entity_0165,0,train
entity_0165,entity_0041,0,validation
entity_0461,entity_0335,1,train
entity_0335,entity_0461,1,test
entity_0607,entity_0668,1,train
entity_0668,entity_0607,1,test
entity_0069,entity_0302,0,train
entity_0302,entity_0069,0,test
entity_0538,entity_0584,1,train
entity_0584,entity_0538,1,test
entity_0295,entity_0397,0,train
entity_0397,entity_0295,0,test
entity_0205,entity_0541,0,train
entity_0541,entity_0205,0,test
entity_0063,entity_0054,1,train
entity_0054,entity_0063,1,test
entity_0457,entity_0527,0,train
entity_0527,entity_0457,0,test
entity_0001,entity_0241,0,train
entity_0241,entity_0001,0,test
entity_0836,entity_0103,0,train
entity_0103,entity_0836,0,validation
entity_0419,entity_0128,0,train
entity_0128,entity_0419,0,test
entity_0164,entity_0952,1,train
entity_0952,entity_0164,1,test
entity_0788,entity_0806,0,train
entity_0806,entity_0788,0,train
entity_0646,entity_0269,0,train
entity_0269,entity_0646,0,test
entity_0551,entity_0177,0,train
entity_0177,entity_0551,0,test
entity_0529,entity_0598,1,train
entity_0598,entity_0529,1,test
entity_0938,entity_0646,1,train
entity_0646,entity_0938,1,test
entity_0201,entity_0136,1,train
entity_0136,entity_0201,1,test
entity_0252,entity_0948,0,train
entity_0948,entity_0252,0,test
entity_0692,entity_0514,1,train
entity_0514,entity_0692,1,train
entity_0172,entity_0450,1,train
entity_0450,entity_0172,1,test
entity_0964,entity_0958,0,train
entity_0958,entity_0964,0,test
entity_0663,entity_0177,0,train
entity_0177,entity_0663,0,test
entity_0516,entity_0017,1,train
entity_0017,entity_0516,1,test
entity_0299,entity_0784,0,train
entity_0784,entity_0299,0,train
entity_0261,entity_0905,0,train
entity_0905,entity_0261,0,test
entity_0086,entity_0407,0,train
entity_0407,entity_0086,0,validation
entity_0188,entity_0029,0,train
entity_0029,entity_0188,0,validation
entity_0452,entity_0178,1,train
entity_0178,entity_0452,1,test
entity_0771,entity_0083,1,train
entity_0083,entity_0771,1,test
entity_0695,entity_0260,0,train
entity_0260,entity_0695,0,test
entity_0963,entity_0121,1,train
entity_0121,entity_0963,1,test
entity_0298,entity_0314,1,train
entity_0314,entity_0298,1,test
entity_0878,entity_0584,0,train
entity_0584,entity_0878,0,test
entity_0932,entity_0607,1,train
entity_0607,entity_0932,1,test
entity_0062,entity_0437,1,train
entity_0437,entity_0062,1,validation
entity_0089,entity_0522,1,train
entity_0522,entity_0089,1,test
entity_0950,entity_0679,1,train
entity_0679,entity_0950,1,train
entity_0215,entity_0563,0,train
entity_0563,entity_0215,0,test
entity_0403,entity_0557,0,train
entity_0557,entity_0403,0,test
entity_0626,entity_0233,0,train
entity_0233,entity_0626,0,test
entity_0989,entity_0674,1,train
entity_0674,entity_0989,1,test
entity_0830,entity_0770,1,train
entity_0770,entity_0830,1,test
entity_0109,entity_0928,0,train
entity_0928,entity_0109,0,test
entity_0631,entity_0604,0,train
entity_0604,entity_0631,0,test
entity_0111,entity_0995,0,train
entity_0995,entity_0111,0,test
entity_0530,entity_0173,1,train
entity_0173,entity_0530,1,test
entity_0174,entity_0751,1,train
entity_0751,entity_0174,1,test
entity_0894,entity_0454,0,train
entity_0454,entity_0894,0,validation
entity_0120,entity_0611,0,train
entity_0611,entity_0120,0,test
entity_0676,entity_0257,1,train
entity_0257,entity_0676,1,test
entity_0371,entity_0046,1,train
entity_0046,entity_0371,1,validation
entity_0488,entity_0351,0,train
entity_0351,entity_0488,0,test
entity_0967,entity_0166,1,train
entity_0166,entity_0967,1,test
entity_0738,entity_0816,1,train
entity_0816,entity_0738,1,validation
entity_0811,entity_0615,1,train
entity_0615,entity_0811,1,train
entity_0399,entity_0234,1,train
entity_0234,entity_0399,1,test
entity_0023,entity_0509,0,train
entity_0509,entity_0023,0,validation
entity_0307,entity_0106,1,train
entity_0106,entity_0307,1,test
entity_0763,entity_0166,0,train
entity_0166,entity_0763,0,validation
entity_0658,entity_0212,1,train
entity_0212,entity_0658,1,test
entity_0227,entity_0126,0,train
entity_0126,entity_0227,0,test
entity_0863,entity_0714,0,train
entity_0714,entity_0863,0,test
entity_0116,entity_0981,0,train
entity_0981,entity_0116,0,test
entity_0109,entity_0484,0,train
entity_0484,entity_0109,0,test
entity_0638,entity_0850,1,train
entity_0850,entity_0638,1,test
entity_0434,entity_0641,0,train
entity_0641,entity_0434,0,test
entity_0743,entity_0542,0,train
entity_0542,entity_0743,0,test
entity_0980,entity_0555,0,train
entity_0555,entity_0980,0,test
entity_0896,entity_0771,1,train
entity_0771,entity_0896,1,test
entity_0895,entity_0221,1,train
entity_0221,entity_0895,1,test
entity_0767,entity_0601,1,train
entity_0601,entity_0767,1,test
entity_0381,entity_0077,1,train
entity_0077,entity_0381,1,test
entity_0034,entity_0541,1,train
entity_0541,entity_0034,1,train
entity_0397,entity_0825,0,train
entity_0825,entity_0397,0,validation
entity_0208,entity_0457,0,train
entity_0457,entity_0208,0,test
entity_0988,entity_0752,0,train
entity_0752,entity_0988,0,test
entity_0559,entity_0220,1,train
entity_0220,entity_0559,1,validation
entity_0645,entity_0038,0,train
entity_0038,entity_0645,0,test
entity_0125,entity_0481,0,train
entity_0481,entity_0125,0,test
entity_0410,entity_0443,0,train
entity_0443,entity_0410,0,test
entity_0851,entity_0205,0,train
entity_0205,entity_0851,0,train
entity_0649,entity_0328,1,train
entity_0328,entity_0649,1,test
entity_0555,entity_0606,0,train
entity_0606,entity_0555,0,test
entity_0096,entity_0894,0,train
entity_0894,entity_0096,0,train
entity_0363,entity_0139,0,train
entity_0139,entity_0363,0,test
entity_0623,entity_0608,0,train
entity_0608,entity_0623,0,test
entity_0583,entity_0315,0,train
entity_0315,entity_0583,0,test
entity_0995,entity_0799,1,train
entity_0799,entity_0995,1,test
entity_0538,entity_0500,1,train
entity_0500,entity_0538,1,test
entity_0888,entity_0966,1,train
entity_0966,entity_0888,1,test
entity_0491,entity_0966,0,train
entity_0966,entity_0491,0,test
entity_0122,entity_0186,1,train
entity_0186,entity_0122,1,test
entity_0860,entity_0062,0,train
entity_0062,entity_0860,0,test
entity_0694,entity_0556,1,train
entity_0556,entity_0694,1,test
entity_0528,entity_0331,0,train
entity_0331,entity_0528,0,validation
entity_0941,entity_0344,1,train
entity_0344,entity_0941,1,validation
entity_0144,entity_0847,0,train
entity_0847,entity_0144,0,test
entity_0613,entity_0225,0,train
entity_0225,entity_0613,0,validation
entity_0702,entity_0965,0,train
entity_0965,entity_0702,0,validation
entity_0858,entity_0317,1,train
entity_0317,entity_0858,1,test
entity_0189,entity_0618,1,train
entity_0618,entity_0189,1,test
entity_0123,entity_0327,0,train
entity_0327,entity_0123,0,validation
entity_0584,entity_0049,1,train
entity_0049,entity_0584,1,train
entity_0274,entity_0186,1,train
entity_0186,entity_0274,1,test
entity_0045,entity_0006,0,train
entity_0006,entity_0045,0,validation
entity_0584,entity_0408,1,train
entity_0408,entity_0584,1,test
entity_0863,entity_0157,1,train
entity_0157,entity_0863,1,test
entity_0782,entity_0078,0,train
entity_0078,entity_0782,0,test
entity_0923,entity_0122,1,train
entity_0122,entity_0923,1,validation
entity_0699,entity_0886,0,train
entity_0886,entity_0699,0,test
entity_0561,entity_0553,1,train
entity_0553,entity_0561,1,validation
entity_0066,entity_0884,0,train
entity_0884,entity_0066,0,test
entity_0631,entity_0081,0,train
entity_0081,entity_0631,0,test
entity_0379,entity_0710,1,train
entity_0710,entity_0379,1,validation
entity_0563,entity_0681,0,train
entity_0681,entity_0563,0,test
entity_0907,entity_0414,1,train
entity_0414,entity_0907,1,test
entity_0131,entity_0967,1,train
entity_0967,entity_0131,1,test
entity_0084,entity_0389,1,train
entity_0389,entity_0084,1,validation
entity_0186,entity_0604,0,train
entity_0604,entity_0186,0,test
entity_0271,entity_0207,1,train
entity_0207,entity_0271,1,test
entity_0453,entity_0085,1,train
entity_0085,entity_0453,1,test
entity_0376,entity_0314,0,train
entity_0314,entity_0376,0,test
entity_0517,entity_0264,0,train
entity_0264,entity_0517,0,test
entity_0682,entity_0506,0,train
entity_0506,entity_0682,0,test
entity_0081,entity_0057,1,train
entity_0057,entity_0081,1,test
entity_0364,entity_0920,0,train
entity_0920,entity_0364,0,test
entity_0068,entity_0240,0,train
entity_0240,entity_0068,0,train
entity_0493,entity_0061,0,train
entity_0061,entity_0493,0,train
entity_0987,entity_0268,0,train
entity_0268,entity_0987,0,test
entity_0526,entity_0173,1,train
entity_0173,entity_0526,1,test
entity_0854,entity_0943,0,train
entity_0943,entity_0854,0,validation
entity_0756,entity_0521,1,train
entity_0521,entity_0756,1,train
entity_0963,entity_0804,0,train
entity_0804,entity_0963,0,test
entity_0575,entity_0038,1,train
entity_0038,entity_0575,1,validation
entity_0210,entity_0984,1,train
entity_0984,entity_0210,1,test
entity_0264,entity_0849,1,train
entity_0849,entity_0264,1,test
entity_0610,entity_0233,0,train
entity_0233,entity_0610,0,test
entity_0357,entity_0265,0,train
entity_0265,entity_0357,0,validation
entity_0592,entity_0454,0,train
entity_0454,entity_0592,0,test
entity_0912,entity_0231,0,train
entity_0231,entity_0912,0,train
entity_0916,entity_0109,1,train
entity_0109,entity_0916,1,validation
entity_0821,entity_0789,0,train
entity_0789,entity_0821,0,train
entity_0713,entity_0767,0,train
entity_0767,entity_0713,0,train
entity_0133,entity_0033,0,train
entity_0033,entity_0133,0,test
entity_0658,entity_0792,0,train
entity_0792,entity_0658,0,test
entity_0135,entity_0935,1,train
entity_0935,entity_0135,1,validation
entity_0359,entity_0111,0,train
entity_0111,entity_0359,0,test
entity_0600,entity_0956,1,train
entity_0956,entity_0600,1,test
entity_0661,entity_0806,1,train
entity_0806,entity_0661,1,validation
entity_0996,entity_0879,1,train
entity_0879,entity_0996,1,validation
entity_0223,entity_0406,1,train
entity_0406,entity_0223,1,test
entity_0894,entity_0417,1,train
entity_0417,entity_0894,1,validation
entity_0840,entity_0065,1,train
entity_0065,entity_0840,1,test
entity_0292,entity_0050,1,train
entity_0050,entity_0292,1,test
entity_0120,entity_0509,0,train
entity_0509,entity_0120,0,test
entity_0498,entity_0962,1,train
entity_0962,entity_0498,1,test
entity_0075,entity_0352,1,train
entity_0352,entity_0075,1,test
entity_0475,entity_0306,0,train
entity_0306,entity_0475,0,train
entity_0271,entity_0507,0,train
entity_0507,entity_0271,0,test
entity_0645,entity_0902,0,train
entity_0902,entity_0645,0,train
entity_0195,entity_0172,0,train
entity_0172,entity_0195,0,test
entity_0884,entity_0246,0,train
entity_0246,entity_0884,0,train
entity_0592,entity_0695,0,train
entity_0695,entity_0592,0,train
entity_0361,entity_0610,0,train
entity_0610,entity_0361,0,test
entity_0631,entity_0748,1,train
entity_0748,entity_0631,1,test
entity_0134,entity_0326,0,train
entity_0326,entity_0134,0,test
entity_0983,entity_0183,1,train
entity_0183,entity_0983,1,validation
entity_0707,entity_0836,1,train
entity_0836,entity_0707,1,validation
entity_0272,entity_0599,0,train
entity_0599,entity_0272,0,train
entity_0102,entity_0353,0,train
entity_0353,entity_0102,0,validation
entity_0116,entity_0542,0,train
entity_0542,entity_0116,0,validation
entity_0905,entity_0421,0,train
entity_0421,entity_0905,0,validation
entity_0658,entity_0676,1,train
entity_0676,entity_0658,1,train
entity_0071,entity_0910,0,train
entity_0910,entity_0071,0,train
entity_0657,entity_0754,1,train
entity_0754,entity_0657,1,test
entity_0146,entity_0681,1,train
entity_0681,entity_0146,1,train
entity_0714,entity_0006,0,train
entity_0006,entity_0714,0,test
entity_0144,entity_0150,1,train
entity_0150,entity_0144,1,test
entity_0810,entity_0825,1,train
entity_0825,entity_0810,1,test
entity_0526,entity_0346,1,train
entity_0346,entity_0526,1,test
entity_0462,entity_0281,0,train
entity_0281,entity_0462,0,test
entity_0219,entity_0639,1,train
entity_0639,entity_0219,1,validation
entity_0702,entity_0245,0,train
entity_0245,entity_0702,0,test
entity_0742,entity_0831,0,train
entity_0831,entity_0742,0,test
entity_0790,entity_0978,0,train
entity_0978,entity_0790,0,test
entity_0840,entity_0852,1,train
entity_0852,entity_0840,1,test
entity_0438,entity_0451,1,train
entity_0451,entity_0438,1,test
entity_0171,entity_0217,1,train
entity_0217,entity_0171,1,test
entity_0972,entity_0685,1,train
entity_0685,entity_0972,1,validation
entity_0468,entity_0952,1,train
entity_0952,entity_0468,1,test
entity_0995,entity_0527,1,train
entity_0527,entity_0995,1,validation
entity_0946,entity_0979,1,train
entity_0979,entity_0946,1,test
entity_0491,entity_0715,0,train
entity_0715,entity_0491,0,test
entity_0826,entity_0643,0,train
entity_0643,entity_0826,0,test
entity_0700,entity_0262,1,train
entity_0262,entity_0700,1,validation
entity_0719,entity_0832,0,train
entity_0832,entity_0719,0,test
entity_0036,entity_0626,0,train
entity_0626,entity_0036,0,validation
entity_0380,entity_0159,1,train
entity_0159,entity_0380,1,test
entity_0054,entity_0810,1,train
entity_0810,entity_0054,1,test
entity_0494,entity_0138,1,train
entity_0138,entity_0494,1,train
entity_0380,entity_0387,0,train
entity_0387,entity_0380,0,validation
entity_0778,entity_0123,1,train
entity_0123,entity_0778,1,test
entity_0526,entity_0212,0,train
entity_0212,entity_0526,0,validation
entity_0582,entity_0835,1,train
entity_0835,entity_0582,1,test
entity_0301,entity_0217,1,train
entity_0217,entity_0301,1,test
entity_0903,entity_0579,0,train
entity_0579,entity_0903,0,test
entity_0913,entity_0839,0,train
entity_0839,entity_0913,0,test
entity_0279,entity_0074,1,train
entity_0074,entity_0279,1,test
entity_0059,entity_0453,1,train
entity_0453,entity_0059,1,test
entity_0414,entity_0941,0,train
entity_0941,entity_0414,0,test
entity_0785,entity_0792,1,train
entity_0792,entity_0785,1,test
entity_0430,entity_0494,0,train
entity_0494,entity_0430,0,test
entity_0313,entity_0964,0,train
entity_0964,entity_0313,0,validation
entity_0462,entity_0005,0,train
entity_0005,entity_0462,0,test
entity_0244,entity_0792,1,train
entity_0792,entity_0244,1,test
entity_0236,entity_0215,0,train
entity_0215,entity_0236,0,test
entity_0864,entity_0880,1,train
entity_0880,entity_0864,1,validation
entity_0995,entity_0787,0,train
entity_0787,entity_0995,0,test
entity_0631,entity_0452,0,train
entity_0452,entity_0631,0,test
entity_0870,entity_0685,0,train
entity_0685,entity_0870,0,validation
entity_0311,entity_0239,1,train
entity_0239,entity_0311,1,test
entity_0334,entity_0856,1,train
entity_0856,entity_0334,1,test
entity_0305,entity_0033,0,train
entity_0033,entity_0305,0,train
entity_0725,entity_0460,0,train
entity_0460,entity_0725,0,test
entity_0449,entity_0554,0,train
entity_0554,entity_0449,0,validation
entity_0803,entity_0423,1,train
entity_0423,entity_0803,1,validation
entity_0065,entity_0351,0,train
entity_0351,entity_0065,0,test
entity_0910,entity_0522,0,train
entity_0522,entity_0910,0,validation
entity_0429,entity_0251,1,train
entity_0251,entity_0429,1,train
entity_0087,entity_0983,1,train
entity_0983,entity_0087,1,train
entity_0070,entity_0319,1,train
entity_0319,entity_0070,1,validation
entity_0375,entity_0794,0,train
entity_0794,entity_0375,0,test
entity_0836,entity_0671,1,train
entity_0671,entity_0836,1,test
entity_0390,entity_0295,0,train
entity_0295,entity_0390,0,test
entity_0522,entity_0687,1,train
entity_0687,entity_0522,1,test
entity_0847,entity_0360,1,train
entity_0360,entity_0847,1,test
entity_0891,entity_0258,1,train
entity_0258,entity_0891,1,test
entity_0270,entity_0726,1,train
entity_0726,entity_0270,1,test
entity_0235,entity_0872,0,train
entity_0872,entity_0235,0,test
entity_0801,entity_0431,1,train
entity_0431,entity_0801,1,train
entity_0542,entity_0754,1,train
entity_0754,entity_0542,1,test
entity_0525,entity_0009,1,train
entity_0009,entity_0525,1,test
entity_0891,entity_0513,0,train
entity_0513,entity_0891,0,test
entity_0059,entity_0072,1,train
entity_0072,entity_0059,1,validation
entity_0169,entity_0820,0,train
entity_0820,entity_0169,0,test
entity_0907,entity_0676,0,train
entity_0676,entity_0907,0,test
entity_0957,entity_0286,0,train
entity_0286,entity_0957,0,validation
entity_0664,entity_0275,1,train
entity_0275,entity_0664,1,test
entity_0590,entity_0743,0,train
entity_0743,entity_0590,0,test
entity_0455,entity_0749,1,train
entity_0749,entity_0455,1,test
entity_0853,entity_0922,0,train
entity_0922,entity_0853,0,test
entity_0171,entity_0433,1,train
entity_0433,entity_0171,1,validation
entity_0692,entity_0550,0,train
entity_0550,entity_0692,0,test
entity_0771,entity_0487,0,train
entity_0487,entity_0771,0,test
entity_0801,entity_0314,0,train
entity_0314,entity_0801,0,test
entity_0735,entity_0568,1,train
entity_0568,entity_0735,1,validation
entity_0951,entity_0493,0,train
entity_0493,entity_0951,0,test
entity_0636,entity_0954,1,train
entity_0954,entity_0636,1,test
entity_0797,entity_0671,1,train
entity_0671,entity_0797,1,test
entity_0046,entity_0928,0,train
entity_0928,entity_0046,0,train
entity_0266,entity_0764,1,train
entity_0764,entity_0266,1,validation
entity_0296,entity_0828,0,train
entity_0828,entity_0296,0,test
entity_0881,entity_0542,0,train
entity_0542,entity_0881,0,test
entity_0594,entity_0555,0,train
entity_0555,entity_0594,0,validation
entity_0602,entity_0986,1,train
entity_0986,entity_0602,1,test
entity_0709,entity_0090,1,train
entity_0090,entity_0709,1,test
entity_0283,entity_0127,0,train
entity_0127,entity_0283,0,test
entity_0161,entity_0731,1,train
entity_0731,entity_0161,1,test
entity_0376,entity_0513,0,train
entity_0513,entity_0376,0,test
entity_0594,entity_0190,1,train
entity_0190,entity_0594,1,train
entity_0424,entity_0550,0,train
entity_0550,entity_0424,0,test
entity_0035,entity_0978,0,train
entity_0978,entity_0035,0,test
entity_0942,entity_0466,1,train
entity_0466,entity_0942,1,test
entity_0913,entity_0977,1,train
entity_0977,entity_0913,1,test
entity_0360,entity_0988,1,train
entity_0988,entity_0360,1,validation
entity_0178,entity_0508,1,train
entity_0508,entity_0178,1,test
entity_0222,entity_0346,0,train
entity_0346,entity_0222,0,validation
entity_0853,entity_0742,0,train
entity_0742,entity_0853,0,validation
entity_0449,entity_0785,0,train
entity_0785,entity_0449,0,test
entity_0472,entity_0215,1,train
entity_0215,entity_0472,1,test
entity_0219,entity_0428,1,train
entity_0428,entity_0219,1,train
entity_0221,entity_0463,1,train
entity_0463,entity_0221,1,test
entity_0823,entity_0732,0,train
entity_0732,entity_0823,0,test
entity_0257,entity_0208,1,train
entity_0208,entity_0257,1,validation
entity_0264,entity_0477,0,train
entity_0477,entity_0264,0,train
entity_0055,entity_0005,1,train
entity_0005,entity_0055,1,test
entity_0744,entity_0112,1,train
entity_0112,entity_0744,1,test
entity_0580,entity_0699,0,train
entity_0699,entity_0580,0,test
entity_0142,entity_0334,1,train
entity_0334,entity_0142,1,test
entity_0405,entity_0465,0,train
entity_0465,entity_0405,0,test
entity_0549,entity_0658,0,train
entity_0658,entity_0549,0,test
entity_0704,entity_0431,1,train
entity_0431,entity_0704,1,test
entity_0523,entity_0849,1,train
entity_0849,entity_0523,1,test
entity_0388,entity_0127,0,train
entity_0127,entity_0388,0,test
entity_0208,entity_0032,1,train
entity_0032,entity_0208,1,test
entity_0747,entity_0189,1,train
entity_0189,entity_0747,1,test
entity_0739,entity_0039,0,train
entity_0039,entity_0739,0,test
entity_0482,entity_0807,1,train
entity_0807,entity_0482,1,test
entity_0818,entity_0022,0,train
entity_0022,entity_0818,0,validation
entity_0342,entity_0188,1,train
entity_0188,entity_0342,1,test
entity_0384,entity_0348,1,train
entity_0348,entity_0384,1,test
entity_0827,entity_0366,0,train
entity_0366,entity_0827,0,test
entity_0429,entity_0132,0,train
entity_0132,entity_0429,0,test
entity_0478,entity_0412,0,train
entity_0412,entity_0478,0,validation
entity_0153,entity_0174,1,train
entity_0174,entity_0153,1,test
entity_0695,entity_0484,0,train
entity_0484,entity_0695,0,validation
entity_0942,entity_0734,0,train
entity_0734,entity_0942,0,test
entity_0959,entity_0184,0,train
entity_0184,entity_0959,0,test
entity_0960,entity_0558,1,train
entity_0558,entity_0960,1,test
entity_0671,entity_0240,1,train
entity_0240,entity_0671,1,test
entity_0822,entity_0638,0,train
entity_0638,entity_0822,0,validation
entity_0646,entity_0864,0,train
entity_0864,entity_0646,0,test
entity_0913,entity_0972,1,train
entity_0972,entity_0913,1,test
entity_0268,entity_0928,0,train
entity_0928,entity_0268,0,test
entity_0755,entity_0380,0,train
entity_0380,entity_0755,0,test
entity_0444,entity_0041,0,train
entity_0041,entity_0444,0,test
entity_0575,entity_0052,0,train
entity_0052,entity_0575,0,validation
entity_0313,entity_0097,1,train
entity_0097,entity_0313,1,train
entity_0893,entity_0190,1,train
entity_0190,entity_0893,1,test
entity_0059,entity_0406,0,train
entity_0406,entity_0059,0,test
entity_0127,entity_0315,0,train
entity_0315,entity_0127,0,test
entity_0955,entity_0446,1,train
entity_0446,entity_0955,1,test
entity_0805,entity_0910,1,train
entity_0910,entity_0805,1,validation
entity_0245,entity_0623,1,train
entity_0623,entity_0245,1,test
entity_0968,entity_0353,1,train
entity_0353,entity_0968,1,test
entity_0889,entity_0674,0,train
entity_0674,entity_0889,0,test
entity_0988,entity_0945,0,train
entity_0945,entity_0988,0,test
entity_0959,entity_0087,0,train
entity_0087,entity_0959,0,test
entity_0515,entity_0714,1,train
entity_0714,entity_0515,1,validation
entity_0822,entity_0931,1,train
entity_0931,entity_0822,1,test
entity_0970,entity_0785,1,train
entity_0785,entity_0970,1,train
entity_0911,entity_0981,0,train
entity_0981,entity_0911,0,test
entity_0208,entity_0376,0,train
entity_0376,entity_0208,0,test
entity_0106,entity_0612,1,train
entity_0612,entity_0106,1,train
entity_0783,entity_0629,0,train
entity_0629,entity_0783,0,test
entity_0572,entity_0139,1,train
entity_0139,entity_0572,1,test
entity_0872,entity_0428,0,train
entity_0428,entity_0872,0,test
entity_0352,entity_0070,0,train
entity_0070,entity_0352,0,validation
entity_0101,entity_0568,0,train
entity_0568,entity_0101,0,test
entity_0232,entity_0181,0,train
entity_0181,entity_0232,0,validation
entity_0013,entity_0837,0,train
entity_0837,entity_0013,0,test
entity_0549,entity_0519,0,train
entity_0519,entity_0549,0,test
entity_0855,entity_0367,1,train
entity_0367,entity_0855,1,test
entity_0663,entity_0315,1,train
entity_0315,entity_0663,1,validation
entity_0388,entity_0198,0,train
entity_0198,entity_0388,0,validation
entity_0768,entity_0393,0,train
entity_0393,entity_0768,0,test
entity_0405,entity_0581,1,train
entity_0581,entity_0405,1,test
entity_0432,entity_0955,0,train
entity_0955,entity_0432,0,test
entity_0371,entity_0080,1,train
entity_0080,entity_0371,1,test
entity_0758,entity_0819,0,train
entity_0819,entity_0758,0,test
entity_0485,entity_0550,0,train
entity_0550,entity_0485,0,test
entity_0928,entity_0388,1,train
entity_0388,entity_0928,1,test
entity_0266,entity_0322,0,train
entity_0322,entity_0266,0,test
entity_0039,entity_0029,1,train
entity_0029,entity_0039,1,test
entity_0954,entity_0195,1,train
entity_0195,entity_0954,1,test
entity_0596,entity_0860,1,train
entity_0860,entity_0596,1,validation
entity_0723,entity_0099,0,train
entity_0099,entity_0723,0,test
entity_0815,entity_0695,0,train
entity_0695,entity_0815,0,test
entity_0989,entity_0959,0,train
entity_0959,entity_0989,0,test
entity_0526,entity_0023,1,train
entity_0023,entity_0526,1,test
entity_0329,entity_0612,0,train
entity_0612,entity_0329,0,test
entity_0936,entity_0184,0,train
entity_0184,entity_0936,0,test
entity_0582,entity_0526,1,train
entity_0526,entity_0582,1,train
entity_0157,entity_0652,0,train
entity_0652,entity_0157,0,test
entity_0430,entity_0053,0,train
entity_0053,entity_0430,0,test
entity_0657,entity_0622,1,train
entity_0622,entity_0657,1,test
entity_0620,entity_0239,1,train
entity_0239,entity_0620,1,test
entity_0778,entity_0195,0,train
entity_0195,entity_0778,0,test
entity_0182,entity_0129,0,train
entity_0129,entity_0182,0,test
entity_0676,entity_0214,0,train
entity_0214,entity_0676,0,train
entity_0849,entity_0369,1,train
entity_0369,entity_0849,1,test
entity_0177,entity_0468,1,train
entity_0468,entity_0177,1,test
entity_0046,entity_0507,0,train
entity_0507,entity_0046,0,train
entity_0956,entity_0569,0,train
entity_0569,entity_0956,0,test
entity_0157,entity_0714,0,train
entity_0714,entity_0157,0,test
entity_0075,entity_0787,0,train
entity_0787,entity_0075,0,test
entity_0576,entity_0759,0,train
entity_0759,entity_0576,0,test
entity_0994,entity_0649,1,train
entity_0649,entity_0994,1,train
entity_0156,entity_0619,1,train
entity_0619,entity_0156,1,test
entity_0467,entity_0264,0,train
entity_0264,entity_0467,0,test
entity_0515,entity_0650,1,train
entity_0650,entity_0515,1,test
entity_0539,entity_0834,1,train
entity_0834,entity_0539,1,train
entity_0436,entity_0306,1,train
entity_0306,entity_0436,1,test
entity_0647,entity_0924,0,train
entity_0924,entity_0647,0,test
entity_0393,entity_0880,0,train
entity_0880,entity_0393,0,test
entity_0441,entity_0322,0,train
entity_0322,entity_0441,0,validation
entity_0431,entity_0254,1,train
entity_0254,entity_0431,1,test
entity_0063,entity_0689,0,train
entity_0689,entity_0063,0,test
entity_0216,entity_0565,1,train
entity_0565,entity_0216,1,test
entity_0183,entity_0832,0,train
entity_0832,entity_0183,0,test
entity_0135,entity_0317,1,train
entity_0317,entity_0135,1,test
entity_0539,entity_0904,0,train
entity_0904,entity_0539,0,train
entity_0309,entity_0793,1,train
entity_0793,entity_0309,1,train
entity_0553,entity_0792,0,train
entity_0792,entity_0553,0,test
entity_0900,entity_0138,0,train
entity_0138,entity_0900,0,test
entity_0885,entity_0091,1,train
entity_0091,entity_0885,1,test
entity_0763,entity_0899,0,train
entity_0899,entity_0763,0,test
entity_0073,entity_0371,1,train
entity_0371,entity_0073,1,test
entity_0072,entity_0640,0,train
entity_0640,entity_0072,0,test
entity_0167,entity_0516,1,train
entity_0516,entity_0167,1,test
entity_0187,entity_0765,1,train
entity_0765,entity_0187,1,validation
entity_0283,entity_0952,0,train
entity_0952,entity_0283,0,test
entity_0198,entity_0523,1,train
entity_0523,entity_0198,1,test
entity_0538,entity_0125,0,train
entity_0125,entity_0538,0,test
entity_0687,entity_0625,1,train
entity_0625,entity_0687,1,test
entity_0087,entity_0183,1,train
entity_0183,entity_0087,1,test
entity_0970,entity_0677,0,train
entity_0677,entity_0970,0,validation
entity_0826,entity_0729,1,train
entity_0729,entity_0826,1,test
entity_0501,entity_0239,0,train
entity_0239,entity_0501,0,validation
entity_0639,entity_0900,0,train
entity_0900,entity_0639,0,test
entity_0282,entity_0799,1,train
entity_0799,entity_0282,1,test
entity_0495,entity_0766,0,train
entity_0766,entity_0495,0,test
entity_0236,entity_0355,0,train
entity_0355,entity_0236,0,validation
entity_0075,entity_0476,1,train
entity_0476,entity_0075,1,test
entity_0269,entity_0235,1,train
entity_0235,entity_0269,1,validation
entity_0450,entity_0003,0,train
entity_0003,entity_0450,0,test
entity_0394,entity_0941,0,train
entity_0941,entity_0394,0,validation
entity_0438,entity_0782,1,train
entity_0782,entity_0438,1,test
entity_0733,entity_0381,0,train
entity_0381,entity_0733,0,test
entity_0709,entity_0879,1,train
entity_0879,entity_0709,1,test
entity_0715,entity_0933,0,train
entity_0933,entity_0715,0,train
entity_0916,entity_0800,0,train
entity_0800,entity_0916,0,validation
entity_0956,entity_0516,0,train
entity_0516,entity_0956,0,train
entity_0198,entity_0811,1,train
entity_0811,entity_0198,1,validation
entity_0674,entity_0292,1,train
entity_0292,entity_0674,1,test
entity_0432,entity_0060,0,train
entity_0060,entity_0432,0,test
entity_0898,entity_0347,0,train
entity_0347,entity_0898,0,validation
entity_0464,entity_0050,1,train
entity_0050,entity_0464,1,test
entity_0108,entity_0788,1,train
entity_0788,entity_0108,1,validation
entity_0822,entity_0589,1,train
entity_0589,entity_0822,1,train
entity_0537,entity_0488,1,train
entity_0488,entity_0537,1,test
entity_0233,entity_0860,1,train
entity_0860,entity_0233,1,test
entity_0741,entity_0022,1,train
entity_0022,entity_0741,1,train
entity_0648,entity_0779,0,train
entity_0779,entity_0648,0,test
entity_0255,entity_0985,0,train
entity_0985,entity_0255,0,train
entity_0337,entity_0717,1,train
entity_0717,entity_0337,1,test
entity_0499,entity_0300,1,train
entity_0300,entity_0499,1,train
entity_0336,entity_0551,1,train
entity_0551,entity_0336,1,test
entity_0042,entity_0760,0,train
entity_0760,entity_0042,0,test
entity_0914,entity_0960,1,train
entity_0960,entity_0914,1,test
entity_0888,entity_0926,1,train
entity_0926,entity_0888,1,test
entity_0539,entity_0087,0,train
entity_0087,entity_0539,0,train
entity_0405,entity_0806,0,train
entity_0806,entity_0405,0,test
entity_0328,entity_0284,0,train
entity_0284,entity_0328,0,test
entity_0487,entity_0412,0,train
entity_0412,entity_0487,0,validation
entity_0606,entity_0144,0,train
entity_0144,entity_0606,0,train
entity_0701,entity_0780,0,train
entity_0780,entity_0701,0,train
entity_0954,entity_0113,1,train
entity_0113,entity_0954,1,test
entity_0391,entity_0693,1,train
entity_0693,entity_0391,1,test
entity_0169,entity_0734,0,train
entity_0734,entity_0169,0,test
entity_0779,entity_0108,1,train
entity_0108,entity_0779,1,test
entity_0066,entity_0527,0,train
entity_0527,entity_0066,0,test
entity_0383,entity_0938,0,train
entity_0938,entity_0383,0,validation
entity_0523,entity_0805,1,train
entity_0805,entity_0523,1,test
entity_0323,entity_0775,0,train
entity_0775,entity_0323,0,test
entity_0117,entity_0759,1,train
entity_0759,entity_0117,1,validation
entity_0547,entity_0187,0,train
entity_0187,entity_0547,0,test
entity_0989,entity_0736,0,train
entity_0736,entity_0989,0,test
entity_0010,entity_0732,1,train
entity_0732,entity_0010,1,test
entity_0877,entity_0597,1,train
entity_0597,entity_0877,1,test
entity_0963,entity_0158,0,train
entity_0158,entity_0963,0,train
entity_0037,entity_0769,1,train
entity_0769,entity_0037,1,validation
entity_0322,entity_0839,1,train
entity_0839,entity_0322,1,train
entity_0138,entity_0440,1,train
entity_0440,entity_0138,1,test
entity_0222,entity_0883,0,train
entity_0883,entity_0222,0,test
entity_0320,entity_0043,1,train
entity_0043,entity_0320,1,test
entity_0754,entity_0596,1,train
entity_0596,entity_0754,1,train
entity_0737,entity_0444,0,train
entity_0444,entity_0737,0,validation
entity_0859,entity_0441,1,train
entity_0441,entity_0859,1,test
entity_0647,entity_0711,1,train
entity_0711,entity_0647,1,test
entity_0507,entity_0207,0,train
entity_0207,entity_0507,0,test
entity_0628,entity_0911,1,train
entity_0911,entity_0628,1,test
entity_0585,entity_0391,1,train
entity_0391,entity_0585,1,test
entity_0975,entity_0264,0,train
entity_0264,entity_0975,0,test
entity_0445,entity_0065,0,train
entity_0065,entity_0445,0,test
entity_0886,entity_0503,1,train
entity_0503,entity_0886,1,test
entity_0263,entity_0058,1,train
entity_0058,entity_0263,1,test
entity_0686,entity_0494,0,train
entity_0494,entity_0686,0,validation
entity_0824,entity_0534,1,train
entity_0534,entity_0824,1,test
entity_0020,entity_0881,0,train
entity_0881,entity_0020,0,test
entity_0978,entity_0585,0,train
entity_0585,entity_0978,0,test
entity_0308,entity_0203,1,train
entity_0203,entity_0308,1,test
entity_0035,entity_0879,1,train
entity_0879,entity_0035,1,test
entity_0569,entity_0525,0,train
entity_0525,entity_0569,0,test
entity_0028,entity_0819,1,train
entity_0819,entity_0028,1,test
entity_0985,entity_0473,1,train
entity_0473,entity_0985,1,validation
entity_0490,entity_0305,1,train
entity_0305,entity_0490,1,test
entity_0030,entity_0325,1,train
entity_0325,entity_0030,1,test
entity_0166,entity_0805,0,train
entity_0805,entity_0166,0,train
entity_0067,entity_0253,1,train
entity_0253,entity_0067,1,test
entity_0583,entity_0998,1,train
entity_0998,entity_0583,1,test
entity_0090,entity_0035,1,train
entity_0035,entity_0090,1,test
entity_0401,entity_0770,0,train
entity_0770,entity_0401,0,test
entity_0506,entity_0754,0,train
entity_0754,entity_0506,0,validation
entity_0781,entity_0194,1,train
entity_0194,entity_0781,1,test
entity_0203,entity_0898,0,train
entity_0898,entity_0203,0,test
entity_0468,entity_0175,0,train
entity_0175,entity_0468,0,train
entity_0430,entity_0186,1,train
entity_0186,entity_0430,1,validation
entity_0848,entity_0392,1,train
entity_0392,entity_0848,1,validation
entity_0209,entity_0282,0,train
entity_0282,entity_0209,0,train
entity_0435,entity_0569,1,train
entity_0569,entity_0435,1,test
entity_0343,entity_0700,1,train
entity_0700,entity_0343,1,validation
entity_0712,entity_0282,1,train
entity_0282,entity_0712,1,validation
entity_0406,entity_0782,0,train
entity_0782,entity_0406,0,test
entity_0083,entity_0154,0,train
entity_0154,entity_0083,0,test
entity_0102,entity_0865,0,train
entity_0865,entity_0102,0,test
entity_0332,entity_0908,0,train
entity_0908,entity_0332,0,test
entity_0625,entity_0275,1,train
entity_0275,entity_0625,1,test
entity_0183,entity_0601,1,train
entity_0601,entity_0183,1,test
entity_0294,entity_0581,1,train
entity_0581,entity_0294,1,test
entity_0035,entity_0709,1,train
entity_0709,entity_0035,1,validation
entity_0528,entity_0013,1,train
entity_0013,entity_0528,1,train
entity_0086,entity_0845,0,train
entity_0845,entity_0086,0,test
entity_0147,entity_0447,0,train
entity_0447,entity_0147,0,validation
entity_0988,entity_0248,0,train
entity_0248,entity_0988,0,test
entity_0671,entity_0589,0,train
entity_0589,entity_0671,0,test
entity_0557,entity_0779,1,train
entity_0779,entity_0557,1,test
entity_0521,entity_0651,1,train
entity_0651,entity_0521,1,validation
entity_0389,entity_0042,1,train
entity_0042,entity_0389,1,test
entity_0226,entity_0350,1,train
entity_0350,entity_0226,1,test
entity_0732,entity_0191,0,train
entity_0191,entity_0732,0,test
entity_0062,entity_0454,1,train
entity_0454,entity_0062,1,train
entity_0135,entity_0486,1,train
entity_0486,entity_0135,1,test
entity_0744,entity_0291,1,train
entity_0291,entity_0744,1,validation
entity_0716,entity_0432,0,train
entity_0432,entity_0716,0,test
entity_0233,entity_0754,1,train
entity_0754,entity_0233,1,test
entity_0910,entity_0369,1,train
entity_0369,entity_0910,1,test
entity_0758,entity_0714,0,train
entity_0714,entity_0758,0,test
entity_0287,entity_0416,0,train
entity_0416,entity_0287,0,train
entity_0152,entity_0759,1,train
entity_0759,entity_0152,1,test
entity_0102,entity_0004,1,train
entity_0004,entity_0102,1,test
entity_0609,entity_0191,0,train
entity_0191,entity_0609,0,test
entity_0691,entity_0248,0,train
entity_0248,entity_0691,0,test
entity_0252,entity_0226,1,train
entity_0226,entity_0252,1,test
entity_0266,entity_0051,0,train
entity_0051,entity_0266,0,validation
entity_0111,entity_0551,1,train
entity_0551,entity_0111,1,test
entity_0148,entity_0255,0,train
entity_0255,entity_0148,0,test
entity_0161,entity_0772,0,train
entity_0772,entity_0161,0,test
entity_0357,entity_0666,1,train
entity_0666,entity_0357,1,validation
entity_0108,entity_0613,0,train
entity_0613,entity_0108,0,test
entity_0576,entity_0602,0,train
entity_0602,entity_0576,0,validation
entity_0890,entity_0250,1,train
entity_0250,entity_0890,1,test
entity_0410,entity_0002,0,train
entity_0002,entity_0410,0,test
entity_0243,entity_0881,1,train
entity_0881,entity_0243,1,test
entity_0732,entity_0880,0,train
entity_0880,entity_0732,0,test
entity_0721,entity_0764,0,train
entity_0764,entity_0721,0,test
entity_0355,entity_0408,0,train
entity_0408,entity_0355,0,test
entity_0227,entity_0344,1,train
entity_0344,entity_0227,1,test
entity_0960,entity_0783,0,train
entity_0783,entity_0960,0,test
entity_0307,entity_0811,0,train
entity_0811,entity_0307,0,test
entity_0166,entity_0784,0,train
entity_0784,entity_0166,0,test
entity_0842,entity_0029,1,train
entity_0029,entity_0842,1,test
entity_0664,entity_0625,1,train
entity_0625,entity_0664,1,test
entity_0695,entity_0275,1,train
entity_0275,entity_0695,1,test
entity_0898,entity_0863,0,train
entity_0863,entity_0898,0,test
entity_0096,entity_0925,1,train
entity_0925,entity_0096,1,test
entity_0570,entity_0336,0,train
entity_0336,entity_0570,0,test
entity_0654,entity_0824,0,train
entity_0824,entity_0654,0,validation
entity_0116,entity_0973,1,train
entity_0973,entity_0116,1,test
entity_0767,entity_0596,0,train
entity_0596,entity_0767,0,test
entity_0078,entity_0275,0,train
entity_0275,entity_0078,0,test
entity_0437,entity_0690,1,train
entity_0690,entity_0437,1,test
entity_0307,entity_0587,0,train
entity_0587,entity_0307,0,test
entity_0126,entity_0432,0,train
entity_0432,entity_0126,0,test
entity_0468,entity_0212,0,train
entity_0212,entity_0468,0,test
entity_0296,entity_0387,0,train
entity_0387,entity_0296,0,test
entity_0729,entity_0774,0,train
entity_0774,entity_0729,0,test
entity_0354,entity_0560,0,train
entity_0560,entity_0354,0,test
entity_0324,entity_0366,0,train
entity_0366,entity_0324,0,test
entity_0158,entity_0213,0,train
entity_0213,entity_0158,0,train
entity_0441,entity_0089,0,train
entity_0089,entity_0441,0,test
entity_0477,entity_0681,0,train
entity_0681,entity_0477,0,test
entity_0121,entity_0102,0,train
entity_0102,entity_0121,0,test
entity_0049,entity_0719,0,train
entity_0719,entity_0049,0,test
entity_0452,entity_0277,0,train
entity_0277,entity_0452,0,validation
entity_0710,entity_0907,1,train
entity_0907,entity_0710,1,validation
entity_0171,entity_0670,1,train
entity_0670,entity_0171,1,test
entity_0871,entity_0935,1,train
entity_0935,entity_0871,1,test
entity_0962,entity_0479,1,train
entity_0479,entity_0962,1,validation
entity_0501,entity_0942,0,train
entity_0942,entity_0501,0,validation
entity_0251,entity_0638,1,train
entity_0638,entity_0251,1,test
entity_0787,entity_0123,1,train
entity_0123,entity_0787,1,test
entity_0810,entity_0290,1,train
entity_0290,entity_0810,1,test
entity_0914,entity_0133,1,train
entity_0133,entity_0914,1,validation
entity_0345,entity_0157,0,train
entity_0157,entity_0345,0,test
entity_0758,entity_0670,0,train
entity_0670,entity_0758,0,validation
entity_0839,entity_0842,1,train
entity_0842,entity_0839,1,train
entity_0492,entity_0864,0,train
entity_0864,entity_0492,0,test
entity_0584,entity_0499,0,train
entity_0499,entity_0584,0,test
entity_0039,entity_0456,0,train
entity_0456,entity_0039,0,test
entity_0528,entity_0783,1,train
entity_0783,entity_0528,1,test
entity_0979,entity_0655,0,train
entity_0655,entity_0979,0,test
entity_0897,entity_0680,0,train
entity_0680,entity_0897,0,test
entity_0229,entity_0182,1,train
entity_0182,entity_0229,1,train
entity_0621,entity_0713,1,train
entity_0713,entity_0621,1,validation
entity_0581,entity_0196,0,train
entity_0196,entity_0581,0,test
entity_0259,entity_0328,1,train
entity_0328,entity_0259,1,validation
entity_0897,entity_0577,1,train
entity_0577,entity_0897,1,validation
entity_0784,entity_0042,1,train
entity_0042,entity_0784,1,test
entity_0984,entity_0273,0,train
entity_0273,entity_0984,0,validation
entity_0936,entity_0543,0,train
entity_0543,entity_0936,0,test
entity_0928,entity_0393,0,train
entity_0393,entity_0928,0,train
entity_0119,entity_0444,1,train
entity_0444,entity_0119,1,test
entity_0056,entity_0368,0,train
entity_0368,entity_0056,0,test
entity_0699,entity_0665,1,train
entity_0665,entity_0699,1,test
entity_0851,entity_0051,0,train
entity_0051,entity_0851,0,test
entity_0480,entity_0508,0,train
entity_0508,entity_0480,0,test
entity_0215,entity_0004,1,train
entity_0004,entity_0215,1,test
entity_0038,entity_0053,0,train
entity_0053,entity_0038,0,test
entity_0495,entity_0406,1,train
entity_0406,entity_0495,1,test
entity_0856,entity_0259,0,train
entity_0259,entity_0856,0,test
entity_0802,entity_0596,1,train
entity_0596,entity_0802,1,test
entity_0078,entity_0965,0,train
entity_0965,entity_0078,0,test
entity_0141,entity_0410,0,train
entity_0410,entity_0141,0,validation
entity_0655,entity_0663,0,train
entity_0663,entity_0655,0,train
entity_0886,entity_0208,0,train
entity_0208,entity_0886,0,test
entity_0033,entity_0720,0,train
entity_0720,entity_0033,0,test
entity_0886,entity_0627,0,train
entity_0627,entity_0886,0,validation
entity_0404,entity_0524,1,train
entity_0524,entity_0404,1,validation
entity_0283,entity_0588,1,train
entity_0588,entity_0283,1,validation
entity_0627,entity_0865,0,train
entity_0865,entity_0627,0,test
entity_0309,entity_0888,0,train
entity_0888,entity_0309,0,test
entity_0674,entity_0050,1,train
entity_0050,entity_0674,1,validation
entity_0893,entity_0366,0,train
entity_0366,entity_0893,0,test
entity_0558,entity_0585,0,train
entity_0585,entity_0558,0,validation
entity_0688,entity_0303,1,train
entity_0303,entity_0688,1,test
entity_0725,entity_0922,1,train
entity_0922,entity_0725,1,test
entity_0850,entity_0771,0,train
entity_0771,entity_0850,0,train
entity_0968,entity_0469,0,train
entity_0469,entity_0968,0,validation
entity_0625,entity_0971,1,train
entity_0971,entity_0625,1,train
entity_0508,entity_0587,0,train
entity_0587,entity_0508,0,test
entity_0569,entity_0319,0,train
entity_0319,entity_0569,0,test
entity_0965,entity_0504,1,train
entity_0504,entity_0965,1,test
entity_0808,entity_0416,1,train
entity_0416,entity_0808,1,validation
entity_0646,entity_0875,1,train
entity_0875,entity_0646,1,train
entity_0770,entity_0616,0,train
entity_0616,entity_0770,0,train
entity_0340,entity_0689,1,train
entity_0689,entity_0340,1,test
entity_0650,entity_0714,1,train
entity_0714,entity_0650,1,validation
entity_0113,entity_0043,1,train
entity_0043,entity_0113,1,test
entity_0360,entity_0536,1,train
entity_0536,entity_0360,1,test
entity_0851,entity_0404,1,train
entity_0404,entity_0851,1,test
entity_0678,entity_0445,1,train
entity_0445,entity_0678,1,test
entity_0224,entity_0913,0,train
entity_0913,entity_0224,0,train
entity_0668,entity_0643,1,train
entity_0643,entity_0668,1,test
entity_0026,entity_0474,1,train
entity_0474,entity_0026,1,test
entity_0789,entity_0407,0,train
entity_0407,entity_0789,0,test
entity_0308,entity_0660,1,train
entity_0660,entity_0308,1,test
entity_0362,entity_0465,0,train
entity_0465,entity_0362,0,test
entity_0989,entity_0862,0,train
entity_0862,entity_0989,0,test
entity_0144,entity_0910,0,train
entity_0910,entity_0144,0,test
entity_0692,entity_0871,0,train
entity_0871,entity_0692,0,test
entity_0385,entity_0381,0,train
entity_0381,entity_0385,0,test
entity_0425,entity_0385,1,train
entity_0385,entity_0425,1,test
entity_0783,entity_0859,1,train
entity_0859,entity_0783,1,validation
entity_0081,entity_0297,0,train
entity_0297,entity_0081,0,test
entity_0537,entity_0563,0,train
entity_0563,entity_0537,0,test
entity_0623,entity_0415,0,train
entity_0415,entity_0623,0,test
entity_0315,entity_0025,1,train
entity_0025,entity_0315,1,test
entity_0333,entity_0516,1,train
entity_0516,entity_0333,1,train
entity_0542,entity_0403,0,train
entity_0403,entity_0542,0,test
entity_0758,entity_0323,0,train
entity_0323,entity_0758,0,test
entity_0169,entity_0877,0,train
entity_0877,entity_0169,0,test
entity_0919,entity_0118,0,train
entity_0118,entity_0919,0,test
entity_0310,entity_0919,0,train
entity_0919,entity_0310,0,test
entity_0261,entity_0415,1,train
entity_0415,entity_0261,1,test
entity_0839,entity_0936,0,train
entity_0936,entity_0839,0,test
entity_0499,entity_0184,1,train
entity_0184,entity_0499,1,test
entity_0561,entity_0105,0,train
entity_0105,entity_0561,0,test
entity_0753,entity_0242,1,train
entity_0242,entity_0753,1,test
entity_0486,entity_0507,0,train
entity_0507,entity_0486,0,validation
entity_0899,entity_0101,0,train
entity_0101,entity_0899,0,validation
entity_0295,entity_0473,0,train
entity_0473,entity_0295,0,test
entity_0513,entity_0677,1,train
entity_0677,entity_0513,1,test
entity_0386,entity_0492,1,train
entity_0492,entity_0386,1,validation
entity_0120,entity_0645,0,train
entity_0645,entity_0120,0,train
entity_0587,entity_0855,0,train
entity_0855,entity_0587,0,validation
entity_0586,entity_0173,0,train
entity_0173,entity_0586,0,test
entity_0590,entity_0758,0,train
entity_0758,entity_0590,0,validation
entity_0317,entity_0585,0,train
entity_0585,entity_0317,0,test
entity_0571,entity_0438,0,train
entity_0438,entity_0571,0,test
entity_0417,entity_0882,1,train
entity_0882,entity_0417,1,test
entity_0320,entity_0195,1,train
entity_0195,entity_0320,1,train
entity_0561,entity_0139,1,train
entity_0139,entity_0561,1,test
entity_0260,entity_0396,0,train
entity_0396,entity_0260,0,test
entity_0028,entity_0350,0,train
entity_0350,entity_0028,0,test
entity_0043,entity_0550,0,train
entity_0550,entity_0043,0,test
entity_0180,entity_0010,1,train
entity_0010,entity_0180,1,test
entity_0303,entity_0808,1,train
entity_0808,entity_0303,1,test
entity_0292,entity_0839,0,train
entity_0839,entity_0292,0,validation
entity_0465,entity_0196,0,train
entity_0196,entity_0465,0,train
entity_0618,entity_0629,1,train
entity_0629,entity_0618,1,train
entity_0627,entity_0899,1,train
entity_0899,entity_0627,1,test
entity_0296,entity_0007,1,train
entity_0007,entity_0296,1,validation
entity_0723,entity_0286,1,train
entity_0286,entity_0723,1,test
entity_0713,entity_0345,0,train
entity_0345,entity_0713,0,test
entity_0643,entity_0337,1,train
entity_0337,entity_0643,1,test
entity_0840,entity_0557,1,train
entity_0557,entity_0840,1,test
entity_0385,entity_0267,1,train
entity_0267,entity_0385,1,test
entity_0355,entity_0453,1,train
entity_0453,entity_0355,1,test
entity_0160,entity_0023,1,train
entity_0023,entity_0160,1,validation
entity_0114,entity_0027,1,train
entity_0027,entity_0114,1,test
entity_0100,entity_0454,0,train
entity_0454,entity_0100,0,test
entity_0632,entity_0576,1,train
entity_0576,entity_0632,1,test
entity_0450,entity_0383,0,train
entity_0383,entity_0450,0,train
entity_0624,entity_0441,1,train
entity_0441,entity_0624,1,test
entity_0229,entity_0764,0,train
entity_0764,entity_0229,0,test
entity_0927,entity_0807,0,train
entity_0807,entity_0927,0,test
entity_0190,entity_0822,1,train
entity_0822,entity_0190,1,validation
entity_0624,entity_0212,0,train
entity_0212,entity_0624,0,test
entity_0497,entity_0640,0,train
entity_0640,entity_0497,0,test
entity_0944,entity_0269,0,train
entity_0269,entity_0944,0,test
entity_0779,entity_0457,0,train
entity_0457,entity_0779,0,test
entity_0531,entity_0452,0,train
entity_0452,entity_0531,0,test
entity_0920,entity_0250,1,train
entity_0250,entity_0920,1,test
entity_0781,entity_0741,1,train
entity_0741,entity_0781,1,test
entity_0628,entity_0041,0,train
entity_0041,entity_0628,0,test
entity_0854,entity_0131,0,train
entity_0131,entity_0854,0,test
entity_0091,entity_0174,1,train
entity_0174,entity_0091,1,test
entity_0353,entity_0282,1,train
entity_0282,entity_0353,1,train
entity_0565,entity_0241,0,train
entity_0241,entity_0565,0,test
entity_0691,entity_0113,1,train
entity_0113,entity_0691,1,test
entity_0775,entity_0787,0,train
entity_0787,entity_0775,0,test
entity_0919,entity_0082,0,train
entity_0082,entity_0919,0,test
entity_0507,entity_0161,1,train
entity_0161,entity_0507,1,test
entity_0305,entity_0689,1,train
entity_0689,entity_0305,1,test
entity_0076,entity_0148,0,train
entity_0148,entity_0076,0,test
entity_0869,entity_0297,0,train
entity_0297,entity_0869,0,test
entity_0392,entity_0536,0,train
entity_0536,entity_0392,0,test
entity_0168,entity_0817,1,train
entity_0817,entity_0168,1,train
entity_0286,entity_0300,0,train
entity_0300,entity_0286,0,test
entity_0864,entity_0587,1,train
entity_0587,entity_0864,1,test
entity_0692,entity_0455,0,train
entity_0455,entity_0692,0,validation
entity_0600,entity_0096,1,train
entity_0096,entity_0600,1,test
entity_0842,entity_0515,0,train
entity_0515,entity_0842,0,test
entity_0140,entity_0444,1,train
entity_0444,entity_0140,1,test
entity_0250,entity_0094,1,train
entity_0094,entity_0250,1,test
entity_0761,entity_0097,1,train
entity_0097,entity_0761,1,test
entity_0242,entity_0902,0,train
entity_0902,entity_0242,0,train
entity_0942,entity_0470,0,train
entity_0470,entity_0942,0,test
entity_0704,entity_0465,0,train
entity_0465,entity_0704,0,test
entity_0926,entity_0107,0,train
entity_0107,entity_0926,0,test
entity_0267,entity_0336,1,train
entity_0336,entity_0267,1,test
entity_0199,entity_0244,1,train
entity_0244,entity_0199,1,test
entity_0498,entity_0479,1,train
entity_0479,entity_0498,1,test
entity_0918,entity_0877,1,train
entity_0877,entity_0918,1,test
entity_0841,entity_0460,0,train
entity_0460,entity_0841,0,test
entity_0547,entity_0427,1,train
entity_0427,entity_0547,1,test
entity_0025,entity_0148,0,train
entity_0148,entity_0025,0,validation
entity_0291,entity_0801,0,train
entity_0801,entity_0291,0,test
entity_0344,entity_0603,1,train
entity_0603,entity_0344,1,test
entity_0802,entity_0465,1,train
entity_0465,entity_0802,1,test
entity_0322,entity_0218,1,train
entity_0218,entity_0322,1,test
entity_0047,entity_0868,0,train
entity_0868,entity_0047,0,test
entity_0632,entity_0664,0,train
entity_0664,entity_0632,0,test
entity_0605,entity_0122,0,train
entity_0122,entity_0605,0,test
entity_0248,entity_0540,0,train
entity_0540,entity_0248,0,test
entity_0917,entity_0066,0,train
entity_0066,entity_0917,0,test
entity_0502,entity_0726,1,train
entity_0726,entity_0502,1,test
entity_0007,entity_0237,0,train
entity_0237,entity_0007,0,test
entity_0336,entity_0438,1,train
entity_0438,entity_0336,1,test
entity_0682,entity_0649,0,train
entity_0649,entity_0682,0,test
entity_0040,entity_0432,0,train
entity_0432,entity_0040,0,test
entity_0609,entity_0236,0,train
entity_0236,entity_0609,0,test
entity_0692,entity_0819,0,train
entity_0819,entity_0692,0,test
entity_0658,entity_0017,0,train
entity_0017,entity_0658,0,test
entity_0750,entity_0245,0,train
entity_0245,entity_0750,0,test
entity_0780,entity_0566,1,train
entity_0566,entity_0780,1,test
entity_0071,entity_0015,0,train
entity_0015,entity_0071,0,validation
entity_0127,entity_0518,1,train
entity_0518,entity_0127,1,test
entity_0257,entity_0366,0,train
entity_0366,entity_0257,0,train
entity_0844,entity_0416,1,train
entity_0416,entity_0844,1,test
entity_0501,entity_0756,0,train
entity_0756,entity_0501,0,validation
entity_0898,entity_0428,1,train
entity_0428,entity_0898,1,validation
entity_0904,entity_0239,0,train
entity_0239,entity_0904,0,test
entity_0119,entity_0270,0,train
entity_0270,entity_0119,0,test
entity_0177,entity_0497,1,train
entity_0497,entity_0177,1,test
entity_0711,entity_0579,0,train
entity_0579,entity_0711,0,test
entity_0286,entity_0748,0,train
entity_0748,entity_0286,0,test
entity_0311,entity_0109,0,train
entity_0109,entity_0311,0,test
entity_0719,entity_0959,1,train
entity_0959,entity_0719,1,test
entity_0322,entity_0583,1,train
entity_0583,entity_0322,1,validation
entity_0829,entity_0500,1,train
entity_0500,entity_0829,1,test
entity_0892,entity_0632,1,train
entity_0632,entity_0892,1,test
entity_0062,entity_0001,0,train
entity_0001,entity_0062,0,test
entity_0630,entity_0656,1,train
entity_0656,entity_0630,1,test
entity_0218,entity_0839,1,train
entity_0839,entity_0218,1,test
entity_0668,entity_0337,1,train
entity_0337,entity_0668,1,test
entity_0100,entity_0506,1,train
entity_0506,entity_0100,1,test
entity_0007,entity_0145,1,train
entity_0145,entity_0007,1,test
entity_0464,entity_0674,1,train
entity_0674,entity_0464,1,test
entity_0582,entity_0633,0,train
entity_0633,entity_0582,0,train
entity_0253,entity_0760,0,train
entity_0760,entity_0253,0,test
entity_0641,entity_0436,0,train
entity_0436,entity_0641,0,test
entity_0893,entity_0679,0,train
entity_0679,entity_0893,0,validation
entity_0531,entity_0652,0,train
entity_0652,entity_0531,0,test
entity_0579,entity_0798,1,train
entity_0798,entity_0579,1,test
entity_0235,entity_0776,1,train
entity_0776,entity_0235,1,train
entity_0593,entity_0653,1,train
entity_0653,entity_0593,1,test
entity_0717,entity_0643,1,train
entity_0643,entity_0717,1,test
entity_0797,entity_0366,1,train
entity_0366,entity_0797,1,test
entity_0005,entity_0353,0,train
entity_0353,entity_0005,0,test
entity_0500,entity_0368,1,train
entity_0368,entity_0500,1,validation
entity_0172,entity_0720,0,train
entity_0720,entity_0172,0,test
entity_0738,entity_0739,0,train
entity_0739,entity_0738,0,test
entity_0056,entity_0841,1,train
entity_0841,entity_0056,1,test
entity_0345,entity_0788,1,train
entity_0788,entity_0345,1,test
entity_0610,entity_0479,1,train
entity_0479,entity_0610,1,test
entity_0122,entity_0701,1,train
entity_0701,entity_0122,1,validation
entity_0512,entity_0828,1,train
entity_0828,entity_0512,1,validation
entity_0129,entity_0052,1,train
entity_0052,entity_0129,1,test
entity_0770,entity_0184,1,train
entity_0184,entity_0770,1,train
entity_0326,entity_0284,1,train
entity_0284,entity_0326,1,test
entity_0398,entity_0069,0,train
entity_0069,entity_0398,0,test
entity_0021,entity_0532,1,train
entity_0532,entity_0021,1,test
entity_0998,entity_0790,1,train
entity_0790,entity_0998,1,test
entity_0293,entity_0187,0,train
entity_0187,entity_0293,0,test
entity_0185,entity_0571,1,train
entity_0571,entity_0185,1,test
entity_0392,entity_0048,0,train
entity_0048,entity_0392,0,test
entity_0404,entity_0024,1,train
entity_0024,entity_0404,1,test
entity_0505,entity_0677,0,train
entity_0677,entity_0505,0,validation
entity_0480,entity_0012,1,train
entity_0012,entity_0480,1,test
entity_0064,entity_0992,1,train
entity_0992,entity_0064,1,test
entity_0198,entity_0339,1,train
entity_0339,entity_0198,1,test
entity_0352,entity_0599,1,train
entity_0599,entity_0352,1,validation
entity_0553,entity_0139,1,train
entity_0139,entity_0553,1,test
entity_0984,entity_0284,1,train
entity_0284,entity_0984,1,validation
entity_0787,entity_0877,1,train
entity_0877,entity_0787,1,test
entity_0647,entity_0601,1,train
entity_0601,entity_0647,1,test
entity_0137,entity_0528,1,train
entity_0528,entity_0137,1,test
entity_0202,entity_0216,0,train
entity_0216,entity_0202,0,test
entity_0708,entity_0381,1,train
entity_0381,entity_0708,1,validation
entity_0384,entity_0951,1,train
entity_0951,entity_0384,1,test
entity_0973,entity_0417,0,train
entity_0417,entity_0973,0,train
entity_0944,entity_0988,1,train
entity_0988,entity_0944,1,test
entity_0934,entity_0138,0,train
entity_0138,entity_0934,0,test
entity_0167,entity_0300,0,train
entity_0300,entity_0167,0,test
entity_0383,entity_0569,0,train
entity_0569,entity_0383,0,validation
entity_0684,entity_0217,1,train
entity_0217,entity_0684,1,test
entity_0149,entity_0909,1,train
entity_0909,entity_0149,1,test
entity_0172,entity_0179,1,train
entity_0179,entity_0172,1,test
entity_0885,entity_0696,1,train
entity_0696,entity_0885,1,test
entity_0896,entity_0540,1,train
entity_0540,entity_0896,1,test
entity_0120,entity_0146,0,train
entity_0146,entity_0120,0,test
entity_0130,entity_0067,1,train
entity_0067,entity_0130,1,test
entity_0445,entity_0090,0,train
entity_0090,entity_0445,0,train
entity_0229,entity_0469,1,train
entity_0469,entity_0229,1,test
entity_0468,entity_0740,1,train
entity_0740,entity_0468,1,test
entity_0200,entity_0409,1,train
entity_0409,entity_0200,1,test
entity_0669,entity_0923,1,train
entity_0923,entity_0669,1,train
entity_0855,entity_0268,1,train
entity_0268,entity_0855,1,test
entity_0212,entity_0509,0,train
entity_0509,entity_0212,0,test
entity_0993,entity_0899,0,train
entity_0899,entity_0993,0,test
entity_0210,entity_0730,1,train
entity_0730,entity_0210,1,test
entity_0812,entity_0575,1,train
entity_0575,entity_0812,1,test
entity_0112,entity_0032,0,train
entity_0032,entity_0112,0,test
entity_0012,entity_0141,1,train
entity_0141,entity_0012,1,test
entity_0894,entity_0383,0,train
entity_0383,entity_0894,0,test
entity_0714,entity_0182,0,train
entity_0182,entity_0714,0,test
entity_0021,entity_0873,1,train
entity_0873,entity_0021,1,test
entity_0633,entity_0061,1,train
entity_0061,entity_0633,1,train
entity_0133,entity_0545,1,train
entity_0545,entity_0133,1,test
entity_0853,entity_0596,0,train
entity_0596,entity_0853,0,test
entity_0324,entity_0898,1,train
entity_0898,entity_0324,1,validation
entity_0026,entity_0669,0,train
entity_0669,entity_0026,0,test
entity_0129,entity_0744,1,train
entity_0744,entity_0129,1,train
entity_0907,entity_0205,0,train
entity_0205,entity_0907,0,validation
entity_0374,entity_0496,1,train
entity_0496,entity_0374,1,test
entity_0451,entity_0425,1,train
entity_0425,entity_0451,1,test
entity_0629,entity_0982,0,train
entity_0982,entity_0629,0,validation
entity_0086,entity_0398,1,train
entity_0398,entity_0086,1,test
entity_0219,entity_0209,0,train
entity_0209,entity_0219,0,train
entity_0801,entity_0086,0,train
entity_0086,entity_0801,0,train
entity_0484,entity_0810,0,train
entity_0810,entity_0484,0,test
entity_0781,entity_0457,1,train
entity_0457,entity_0781,1,test
entity_0416,entity_0399,1,train
entity_0399,entity_0416,1,validation
entity_0078,entity_0158,1,train
entity_0158,entity_0078,1,test
entity_0213,entity_0833,0,train
entity_0833,entity_0213,0,test
entity_0817,entity_0671,0,train
entity_0671,entity_0817,0,test
entity_0537,entity_0311,1,train
entity_0311,entity_0537,1,test
entity_0029,entity_0929,0,train
entity_0929,entity_0029,0,test
entity_0908,entity_0338,1,train
entity_0338,entity_0908,1,test
entity_0406,entity_0531,1,train
entity_0531,entity_0406,1,test
entity_0726,entity_0027,1,train
entity_0027,entity_0726,1,test
entity_0442,entity_0941,0,train
entity_0941,entity_0442,0,test
entity_0921,entity_0953,0,train
entity_0953,entity_0921,0,test
entity_0910,entity_0523,1,train
entity_0523,entity_0910,1,validation
entity_0116,entity_0722,0,train
entity_0722,entity_0116,0,test
entity_0025,entity_0663,1,train
entity_0663,entity_0025,1,validation
entity_0506,entity_0703,1,train
entity_0703,entity_0506,1,test
entity_0440,entity_0605,0,train
entity_0605,entity_0440,0,test
entity_0486,entity_0874,0,train
entity_0874,entity_0486,0,test
entity_0260,entity_0966,1,train
entity_0966,entity_0260,1,train
entity_0783,entity_0013,1,train
entity_0013,entity_0783,1,test
entity_0197,entity_0077,0,train
entity_0077,entity_0197,0,train
entity_0444,entity_0536,1,train
entity_0536,entity_0444,1,test
entity_0851,entity_0024,1,train
entity_0024,entity_0851,1,test
entity_0458,entity_0819,1,train
entity_0819,entity_0458,1,test
entity_0935,entity_0159,1,train
entity_0159,entity_0935,1,test
entity_0774,entity_0441,1,train
entity_0441,entity_0774,1,test
entity_0340,entity_0866,0,train
entity_0866,entity_0340,0,test
entity_0277,entity_0297,1,train
entity_0297,entity_0277,1,validation
entity_0270,entity_0110,0,train
entity_0110,entity_0270,0,test
entity_0799,entity_0213,1,train
entity_0213,entity_0799,1,test
entity_0411,entity_0803,0,train
entity_0803,entity_0411,0,train
entity_0077,entity_0033,1,train
entity_0033,entity_0077,1,test
entity_0384,entity_0649,1,train
entity_0649,entity_0384,1,test
entity_0094,entity_0442,1,train
entity_0442,entity_0094,1,train
entity_0036,entity_0497,0,train
entity_0497,entity_0036,0,test
entity_0269,entity_0617,1,train
entity_0617,entity_0269,1,test
entity_0749,entity_0734,1,train
entity_0734,entity_0749,1,test
entity_0012,entity_0158,1,train
entity_0158,entity_0012,1,train
entity_0184,entity_0961,1,train
entity_0961,entity_0184,1,validation
entity_0855,entity_0903,0,train
entity_0903,entity_0855,0,train
entity_0819,entity_0357,0,train
entity_0357,entity_0819,0,train
entity_0182,entity_0545,1,train
entity_0545,entity_0182,1,validation
entity_0040,entity_0147,0,train
entity_0147,entity_0040,0,test
entity_0897,entity_0850,0,train
entity_0850,entity_0897,0,train
entity_0587,entity_0102,1,train
entity_0102,entity_0587,1,test
entity_0310,entity_0694,0,train
entity_0694,entity_0310,0,validation
entity_0501,entity_0719,1,train
entity_0719,entity_0501,1,test
entity_0631,entity_0868,1,train
entity_0868,entity_0631,1,train
entity_0655,entity_0456,1,train
entity_0456,entity_0655,1,test
entity_0851,entity_0885,0,train
entity_0885,entity_0851,0,test
entity_0918,entity_0867,1,train
entity_0867,entity_0918,1,test
entity_0673,entity_0655,1,train
entity_0655,entity_0673,1,test
entity_0215,entity_0650,0,train
entity_0650,entity_0215,0,validation
entity_0447,entity_0814,0,train
entity_0814,entity_0447,0,validation
entity_0851,entity_0831,0,train
entity_0831,entity_0851,0,test
entity_0568,entity_0322,0,train
entity_0322,entity_0568,0,test
entity_0519,entity_0789,1,train
entity_0789,entity_0519,1,test
entity_0721,entity_0190,0,train
entity_0190,entity_0721,0,test
entity_0254,entity_0409,0,train
entity_0409,entity_0254,0,test
entity_0105,entity_0073,1,train
entity_0073,entity_0105,1,test
entity_0345,entity_0840,1,train
entity_0840,entity_0345,1,test
entity_0811,entity_0805,1,train
entity_0805,entity_0811,1,test
entity_0773,entity_0196,1,train
entity_0196,entity_0773,1,test
entity_0131,entity_0876,0,train
entity_0876,entity_0131,0,test
entity_0140,entity_0006,1,train
entity_0006,entity_0140,1,test
entity_0657,entity_0187,0,train
entity_0187,entity_0657,0,validation
entity_0340,entity_0319,1,train
entity_0319,entity_0340,1,test
entity_0666,entity_0714,1,train
entity_0714,entity_0666,1,test
entity_0472,entity_0725,1,train
entity_0725,entity_0472,1,test
entity_0885,entity_0672,0,train
entity_0672,entity_0885,0,test
entity_0769,entity_0791,1,train
entity_0791,entity_0769,1,test
entity_0886,entity_0138,1,train
entity_0138,entity_0886,1,test
entity_0922,entity_0472,1,train
entity_0472,entity_0922,1,train
entity_0641,entity_0772,1,train
entity_0772,entity_0641,1,test
entity_0059,entity_0595,1,train
entity_0595,entity_0059,1,test
entity_0738,entity_0009,0,train
entity_0009,entity_0738,0,test
entity_0482,entity_0154,0,train
entity_0154,entity_0482,0,test
entity_0913,entity_0754,0,train
entity_0754,entity_0913,0,test
entity_0478,entity_0332,0,train
entity_0332,entity_0478,0,test
entity_0214,entity_0748,0,train
entity_0748,entity_0214,0,test
entity_0328,entity_0994,1,train
entity_0994,entity_0328,1,train
entity_0681,entity_0447,0,train
entity_0447,entity_0681,0,test
entity_0592,entity_0061,1,train
entity_0061,entity_0592,1,test
entity_0030,entity_0794,1,train
entity_0794,entity_0030,1,test
entity_0814,entity_0571,1,train
entity_0571,entity_0814,1,test
entity_0348,entity_0951,1,train
entity_0951,entity_0348,1,test
entity_0816,entity_0169,1,train
entity_0169,entity_0816,1,test
entity_0512,entity_0353,1,train
entity_0353,entity_0512,1,test
entity_0538,entity_0321,1,train
entity_0321,entity_0538,1,train
entity_0923,entity_0705,1,train
entity_0705,entity_0923,1,test
entity_0006,entity_0900,0,train
entity_0900,entity_0006,0,validation
entity_0130,entity_0675,1,train
entity_0675,entity_0130,1,test
entity_0494,entity_0336,0,train
entity_0336,entity_0494,0,test
entity_0574,entity_0192,1,train
entity_0192,entity_0574,1,test
entity_0196,entity_0337,1,train
entity_0337,entity_0196,1,test
entity_0399,entity_0303,1,train
entity_0303,entity_0399,1,test
entity_0555,entity_0630,0,train
entity_0630,entity_0555,0,test
entity_0348,entity_0884,1,train
entity_0884,entity_0348,1,test
entity_0548,entity_0095,1,train
entity_0095,entity_0548,1,test
entity_0877,entity_0783,0,train
entity_0783,entity_0877,0,validation
entity_0481,entity_0545,1,train
entity_0545,entity_0481,1,train
entity_0346,entity_0835,1,train
entity_0835,entity_0346,1,test
entity_0289,entity_0264,0,train
entity_0264,entity_0289,0,test
entity_0593,entity_0353,0,train
entity_0353,entity_0593,0,test
entity_0253,entity_0645,0,train
entity_0645,entity_0253,0,test
entity_0949,entity_0148,0,train
entity_0148,entity_0949,0,test
entity_0267,entity_0162,0,train
entity_0162,entity_0267,0,validation
entity_0435,entity_0508,0,train
entity_0508,entity_0435,0,validation
entity_0859,entity_0085,0,train
entity_0085,entity_0859,0,test
entity_0594,entity_0893,1,train
entity_0893,entity_0594,1,test
entity_0768,entity_0491,0,train
entity_0491,entity_0768,0,test
entity_0077,entity_0434,1,train
entity_0434,entity_0077,1,validation
entity_0531,entity_0845,1,train
entity_0845,entity_0531,1,test
entity_0705,entity_0186,1,train
entity_0186,entity_0705,1,validation
entity_0722,entity_0862,0,train
entity_0862,entity_0722,0,train
entity_0832,entity_0422,0,train
entity_0422,entity_0832,0,validation
entity_0439,entity_0525,0,train
entity_0525,entity_0439,0,test
entity_0401,entity_0374,0,train
entity_0374,entity_0401,0,test
entity_0080,entity_0254,0,train
entity_0254,entity_0080,0,validation
entity_0756,entity_0646,0,train
entity_0646,entity_0756,0,test
entity_0877,entity_0823,1,train
entity_0823,entity_0877,1,test
entity_0811,entity_0017,0,train
entity_0017,entity_0811,0,test
entity_0218,entity_0694,0,train
entity_0694,entity_0218,0,validation
entity_0036,entity_0633,1,train
entity_0633,entity_0036,1,test
entity_0083,entity_0636,0,train
entity_0636,entity_0083,0,train
entity_0494,entity_0393,0,train
entity_0393,entity_0494,0,test
entity_0699,entity_0521,0,train
entity_0521,entity_0699,0,test
entity_0764,entity_0035,0,train
entity_0035,entity_0764,0,test
entity_0461,entity_0299,1,train
entity_0299,entity_0461,1,validation
entity_0026,entity_0253,0,train
entity_0253,entity_0026,0,test
entity_0997,entity_0379,0,train
entity_0379,entity_0997,0,test
entity_0159,entity_0486,1,train
entity_0486,entity_0159,1,train
entity_0220,entity_0463,1,train
entity_0463,entity_0220,1,test
entity_0132,entity_0454,1,train
entity_0454,entity_0132,1,test
entity_0817,entity_0004,0,train
entity_0004,entity_0817,0,train
entity_0260,entity_0298,1,train
entity_0298,entity_0260,1,test
entity_0206,entity_0044,0,train
entity_0044,entity_0206,0,validation
entity_0857,entity_0455,0,train
entity_0455,entity_0857,0,test
entity_0018,entity_0463,1,train
entity_0463,entity_0018,1,test
entity_0250,entity_0655,1,train
entity_0655,entity_0250,1,test
entity_0366,entity_0729,0,train
entity_0729,entity_0366,0,validation
entity_0009,entity_0889,0,train
entity_0889,entity_0009,0,test
entity_0277,entity_0381,0,train
entity_0381,entity_0277,0,validation
entity_0366,entity_0868,0,train
entity_0868,entity_0366,0,test
entity_0059,entity_0859,0,train
entity_0859,entity_0059,0,test
entity_0600,entity_0651,0,train
entity_0651,entity_0600,0,test
entity_0428,entity_0788,0,train
entity_0788,entity_0428,0,validation
entity_0615,entity_0849,1,train
entity_0849,entity_0615,1,test
entity_0705,entity_0116,0,train
entity_0116,entity_0705,0,test
entity_0074,entity_0659,1,train
entity_0659,entity_0074,1,validation
entity_0377,entity_0054,0,train
entity_0054,entity_0377,0,validation
entity_0861,entity_0366,0,train
entity_0366,entity_0861,0,train
entity_0383,entity_0997,0,train
entity_0997,entity_0383,0,test
entity_0124,entity_0191,0,train
entity_0191,entity_0124,0,test
entity_0820,entity_0647,1,train
entity_0647,entity_0820,1,test
entity_0198,entity_0134,0,train
entity_0134,entity_0198,0,test
entity_0248,entity_0151,0,train
entity_0151,entity_0248,0,train
entity_0738,entity_0241,1,train
entity_0241,entity_0738,1,test
entity_0047,entity_0010,0,train
entity_0010,entity_0047,0,test
entity_0938,entity_0556,1,train
entity_0556,entity_0938,1,test
entity_0603,entity_0021,1,train
entity_0021,entity_0603,1,test
entity_0641,entity_0688,1,train
entity_0688,entity_0641,1,test
entity_0403,entity_0612,0,train
entity_0612,entity_0403,0,test
entity_0446,entity_0421,0,train
entity_0421,entity_0446,0,test
entity_0795,entity_0900,1,train
entity_0900,entity_0795,1,validation
entity_0543,entity_0695,1,train
entity_0695,entity_0543,1,test
entity_0802,entity_0067,0,train
entity_0067,entity_0802,0,test
entity_0388,entity_0242,1,train
entity_0242,entity_0388,1,validation
entity_0524,entity_0922,0,train
entity_0922,entity_0524,0,test
entity_0962,entity_0425,0,train
entity_0425,entity_0962,0,test
entity_0969,entity_0982,0,train
entity_0982,entity_0969,0,test
entity_0434,entity_0398,0,train
entity_0398,entity_0434,0,test
entity_0588,entity_0330,0,train
entity_0330,entity_0588,0,test
entity_0004,entity_0330,1,train
entity_0330,entity_0004,1,test
entity_0168,entity_0716,1,train
entity_0716,entity_0168,1,test
entity_0675,entity_0104,1,train
entity_0104,entity_0675,1,test
entity_0154,entity_0627,1,train
entity_0627,entity_0154,1,test
entity_0201,entity_0030,0,train
entity_0030,entity_0201,0,test
entity_0635,entity_0628,1,train
entity_0628,entity_0635,1,test
entity_0496,entity_0517,1,train
entity_0517,entity_0496,1,test
entity_0045,entity_0892,0,train
entity_0892,entity_0045,0,test
entity_0264,entity_0811,1,train
entity_0811,entity_0264,1,test
entity_0223,entity_0649,0,train
entity_0649,entity_0223,0,validation
entity_0453,entity_0226,0,train
entity_0226,entity_0453,0,test
entity_0150,entity_0050,1,train
entity_0050,entity_0150,1,test
entity_0228,entity_0927,0,train
entity_0927,entity_0228,0,test
entity_0977,entity_0533,0,train
entity_0533,entity_0977,0,test
entity_0734,entity_0316,0,train
entity_0316,entity_0734,0,validation
entity_0130,entity_0104,1,train
entity_0104,entity_0130,1,test
entity_0427,entity_0200,0,train
entity_0200,entity_0427,0,train
entity_0150,entity_0076,1,train
entity_0076,entity_0150,1,test
entity_0835,entity_0173,1,train
entity_0173,entity_0835,1,test
entity_0642,entity_0060,0,train
entity_0060,entity_0642,0,test
entity_0137,entity_0876,0,train
entity_0876,entity_0137,0,test
entity_0678,entity_0056,1,train
entity_0056,entity_0678,1,test
entity_0627,entity_0080,0,train
entity_0080,entity_0627,0,test
entity_0187,entity_0757,1,train
entity_0757,entity_0187,1,test
entity_0423,entity_0441,0,train
entity_0441,entity_0423,0,test
entity_0948,entity_0117,0,train
entity_0117,entity_0948,0,test
entity_0186,entity_0113,0,train
entity_0113,entity_0186,0,test
entity_0495,entity_0845,1,train
entity_0845,entity_0495,1,test
entity_0332,entity_0600,0,train
entity_0600,entity_0332,0,test
entity_0673,entity_0050,0,train
entity_0050,entity_0673,0,validation
entity_0808,entity_0234,1,train
entity_0234,entity_0808,1,train
entity_0367,entity_0986,0,train
entity_0986,entity_0367,0,validation
entity_0342,entity_0961,0,train
entity_0961,entity_0342,0,test
entity_0547,entity_0025,1,train
entity_0025,entity_0547,1,validation
entity_0759,entity_0503,1,train
entity_0503,entity_0759,1,test
entity_0949,entity_0553,1,train
entity_0553,entity_0949,1,test
entity_0348,entity_0126,1,train
entity_0126,entity_0348,1,test
entity_0456,entity_0777,0,train
entity_0777,entity_0456,0,test
entity_0455,entity_0312,1,train
entity_0312,entity_0455,1,test
entity_0155,entity_0489,1,train
entity_0489,entity_0155,1,test
entity_0484,entity_0101,0,train
entity_0101,entity_0484,0,test
entity_0959,entity_0501,1,train
entity_0501,entity_0959,1,train
entity_0540,entity_0771,1,train
entity_0771,entity_0540,1,test
entity_0721,entity_0291,0,train
entity_0291,entity_0721,0,test
entity_0711,entity_0015,1,train
entity_0015,entity_0711,1,test
entity_0742,entity_0539,1,train
entity_0539,entity_0742,1,test
entity_0788,entity_0065,1,train
entity_0065,entity_0788,1,test
entity_0890,entity_0456,1,train
entity_0456,entity_0890,1,validation
entity_0048,entity_0256,0,train
entity_0256,entity_0048,0,test
entity_0059,entity_0085,1,train
entity_0085,entity_0059,1,test
entity_0786,entity_0805,0,train
entity_0805,entity_0786,0,validation
entity_0969,entity_0259,0,train
entity_0259,entity_0969,0,test
entity_0547,entity_0386,1,train
entity_0386,entity_0547,1,test
entity_0452,entity_0184,0,train
entity_0184,entity_0452,0,validation
entity_0287,entity_0040,0,train
entity_0040,entity_0287,0,test
entity_0393,entity_0559,1,train
entity_0559,entity_0393,1,test
entity_0585,entity_0434,0,train
entity_0434,entity_0585,0,test
entity_0718,entity_0149,1,train
entity_0149,entity_0718,1,test
entity_0247,entity_0833,0,train
entity_0833,entity_0247,0,validation
entity_0179,entity_0645,1,train
entity_0645,entity_0179,1,test
entity_0242,entity_0020,1,train
entity_0020,entity_0242,1,test
entity_0751,entity_0969,0,train
entity_0969,entity_0751,0,validation
entity_0410,entity_0395,0,train
entity_0395,entity_0410,0,test
entity_0028,entity_0703,0,train
entity_0703,entity_0028,0,test
entity_0381,entity_0470,1,train
entity_0470,entity_0381,1,test
entity_0973,entity_0238,1,train
entity_0238,entity_0973,1,validation
entity_0966,entity_0734,0,train
entity_0734,entity_0966,0,train
entity_0744,entity_0600,0,train
entity_0600,entity_0744,0,test
entity_0055,entity_0764,0,train
entity_0764,entity_0055,0,test
entity_0295,entity_0842,0,train
entity_0842,entity_0295,0,validation
entity_0488,entity_0655,0,train
entity_0655,entity_0488,0,test
entity_0327,entity_0518,1,train
entity_0518,entity_0327,1,test
entity_0726,entity_0010,1,train
entity_0010,entity_0726,1,test
entity_0880,entity_0852,0,train
entity_0852,entity_0880,0,test
entity_0104,entity_0253,1,train
entity_0253,entity_0104,1,test
entity_0040,entity_0892,1,train
entity_0892,entity_0040,1,test
entity_0789,entity_0734,1,train
entity_0734,entity_0789,1,test
entity_0363,entity_0650,1,train
entity_0650,entity_0363,1,validation
entity_0331,entity_0430,1,train
entity_0430,entity_0331,1,test
entity_0226,entity_0480,0,train
entity_0480,entity_0226,0,train
entity_0687,entity_0226,0,train
entity_0226,entity_0687,0,test
entity_0903,entity_0984,1,train
entity_0984,entity_0903,1,test
entity_0752,entity_0205,1,train
entity_0205,entity_0752,1,train
entity_0494,entity_0466,0,train
entity_0466,entity_0494,0,test
entity_0045,entity_0776,1,train
entity_0776,entity_0045,1,test
entity_0628,entity_0168,1,train
entity_0168,entity_0628,1,test
entity_0942,entity_0519,0,train
entity_0519,entity_0942,0,test
entity_0103,entity_0988,0,train
entity_0988,entity_0103,0,test
entity_0185,entity_0819,1,train
entity_0819,entity_0185,1,train
entity_0137,entity_0441,1,train
entity_0441,entity_0137,1,test
entity_0816,entity_0050,0,train
entity_0050,entity_0816,0,test
entity_0551,entity_0132,0,train
entity_0132,entity_0551,0,train
entity_0487,entity_0643,1,train
entity_0643,entity_0487,1,validation
entity_0692,entity_0574,0,train
entity_0574,entity_0692,0,test
entity_0679,entity_0283,1,train
entity_0283,entity_0679,1,validation
entity_0050,entity_0161,0,train
entity_0161,entity_0050,0,test
entity_0355,entity_0143,0,train
entity_0143,entity_0355,0,test
entity_0268,entity_0927,1,train
entity_0927,entity_0268,1,test
entity_0891,entity_0208,0,train
entity_0208,entity_0891,0,test
entity_0491,entity_0217,0,train
entity_0217,entity_0491,0,test
entity_0606,entity_0694,1,train
entity_0694,entity_0606,1,validation
entity_0329,entity_0925,1,train
entity_0925,entity_0329,1,train
entity_0889,entity_0984,0,train
entity_0984,entity_0889,0,test
entity_0854,entity_0389,1,train
entity_0389,entity_0854,1,validation
entity_0023,entity_0942,0,train
entity_0942,entity_0023,0,test
entity_0446,entity_0819,0,train
entity_0819,entity_0446,0,validation
entity_0487,entity_0950,0,train
entity_0950,entity_0487,0,test
entity_0741,entity_0312,0,train
entity_0312,entity_0741,0,test
entity_0523,entity_0369,1,train
entity_0369,entity_0523,1,train
entity_0080,entity_0011,1,train
entity_0011,entity_0080,1,train
entity_0697,entity_0763,1,train
entity_0763,entity_0697,1,train
entity_0877,entity_0071,0,train
entity_0071,entity_0877,0,test
entity_0907,entity_0486,0,train
entity_0486,entity_0907,0,test
entity_0210,entity_0284,1,train
entity_0284,entity_0210,1,test
entity_0867,entity_0823,1,train
entity_0823,entity_0867,1,test
entity_0461,entity_0021,0,train
entity_0021,entity_0461,0,test
entity_0598,entity_0057,1,train
entity_0057,entity_0598,1,train
entity_0036,entity_0222,1,train
entity_0222,entity_0036,1,validation
entity_0644,entity_0514,1,train
entity_0514,entity_0644,1,test
entity_0777,entity_0285,1,train
entity_0285,entity_0777,1,test
entity_0726,entity_0610,0,train
entity_0610,entity_0726,0,test
entity_0130,entity_0693,0,train
entity_0693,entity_0130,0,validation
entity_0985,entity_0332,0,train
entity_0332,entity_0985,0,train
entity_0652,entity_0551,0,train
entity_0551,entity_0652,0,test
entity_0212,entity_0208,1,train
entity_0208,entity_0212,1,validation
entity_0782,entity_0440,0,train
entity_0440,entity_0782,0,validation
entity_0176,entity_0662,1,train
entity_0662,entity_0176,1,train
entity_0496,entity_0763,1,train
entity_0763,entity_0496,1,test
entity_0977,entity_0626,0,train
entity_0626,entity_0977,0,test
entity_0170,entity_0996,1,train
entity_0996,entity_0170,1,test
entity_0815,entity_0271,0,train
entity_0271,entity_0815,0,validation
entity_0038,entity_0204,0,train
entity_0204,entity_0038,0,validation
entity_0247,entity_0086,0,train
entity_0086,entity_0247,0,train
entity_0508,entity_0437,0,train
entity_0437,entity_0508,0,test
entity_0856,entity_0400,0,train
entity_0400,entity_0856,0,test
entity_0361,entity_0401,0,train
entity_0401,entity_0361,0,test
entity_0583,entity_0256,0,train
entity_0256,entity_0583,0,validation
entity_0101,entity_0099,1,train
entity_0099,entity_0101,1,test
entity_0301,entity_0964,1,train
entity_0964,entity_0301,1,test
entity_0407,entity_0103,0,train
entity_0103,entity_0407,0,test
entity_0555,entity_0755,1,train
entity_0755,entity_0555,1,test
entity_0372,entity_0875,0,train
entity_0875,entity_0372,0,train
entity_0873,entity_0948,1,train
entity_0948,entity_0873,1,validation
entity_0094,entity_0447,0,train
entity_0447,entity_0094,0,test
entity_0253,entity_0060,1,train
entity_0060,entity_0253,1,test
entity_0063,entity_0421,0,train
entity_0421,entity_0063,0,test
entity_0126,entity_0884,1,train
entity_0884,entity_0126,1,test
entity_0325,entity_0463,0,train
entity_0463,entity_0325,0,test
entity_0517,entity_0534,0,train
entity_0534,entity_0517,0,test
entity_0661,entity_0569,0,train
entity_0569,entity_0661,0,validation
entity_0837,entity_0754,0,train
entity_0754,entity_0837,0,test
entity_0237,entity_0851,1,train
entity_0851,entity_0237,1,validation
entity_0153,entity_0696,1,train
entity_0696,entity_0153,1,validation
entity_0163,entity_0466,0,train
entity_0466,entity_0163,0,test
entity_0338,entity_0195,0,train
entity_0195,entity_0338,0,test
entity_0279,entity_0789,0,train
entity_0789,entity_0279,0,test
entity_0030,entity_0516,1,train
entity_0516,entity_0030,1,test
entity_0457,entity_0757,1,train
entity_0757,entity_0457,1,test
entity_0321,entity_0821,0,train
entity_0821,entity_0321,0,test
entity_0384,entity_0946,0,train
entity_0946,entity_0384,0,test
entity_0954,entity_0992,1,train
entity_0992,entity_0954,1,test
entity_0625,entity_0145,0,train
entity_0145,entity_0625,0,test
entity_0550,entity_0589,1,train
entity_0589,entity_0550,1,test
entity_0130,entity_0752,1,train
entity_0752,entity_0130,1,test
entity_0967,entity_0191,1,train
entity_0191,entity_0967,1,test
entity_0113,entity_0552,1,train
entity_0552,entity_0113,1,test
entity_0724,entity_0060,1,train
entity_0060,entity_0724,1,test
entity_0333,entity_0425,0,train
entity_0425,entity_0333,0,test
entity_0898,entity_0639,1,train
entity_0639,entity_0898,1,test
entity_0710,entity_0096,1,train
entity_0096,entity_0710,1,test
entity_0559,entity_0167,0,train
entity_0167,entity_0559,0,test
entity_0694,entity_0875,1,train
entity_0875,entity_0694,1,test
entity_0850,entity_0251,1,train
entity_0251,entity_0850,1,train
entity_0412,entity_0795,0,train
entity_0795,entity_0412,0,train
entity_0210,entity_0084,0,train
entity_0084,entity_0210,0,test
entity_0125,entity_0996,1,train
entity_0996,entity_0125,1,test
entity_0975,entity_0394,1,train
entity_0394,entity_0975,1,test
entity_0438,entity_0510,0,train
entity_0510,entity_0438,0,test
entity_0482,entity_0611,0,train
entity_0611,entity_0482,0,test
entity_0169,entity_0354,1,train
entity_0354,entity_0169,1,test
entity_0361,entity_0134,1,train
entity_0134,entity_0361,1,test
entity_0750,entity_0670,0,train
entity_0670,entity_0750,0,test
entity_0123,entity_0424,0,train
entity_0424,entity_0123,0,test
entity_0630,entity_0245,1,train
entity_0245,entity_0630,1,validation
entity_0478,entity_0768,0,train
entity_0768,entity_0478,0,test
entity_0836,entity_0145,0,train
entity_0145,entity_0836,0,test
entity_0436,entity_0163,0,train
entity_0163,entity_0436,0,test
entity_0616,entity_0696,1,train
entity_0696,entity_0616,1,validation
entity_0147,entity_0630,1,train
entity_0630,entity_0147,1,test
entity_0373,entity_0064,0,train
entity_0064,entity_0373,0,test
entity_0546,entity_0469,1,train
entity_0469,entity_0546,1,train
entity_0742,entity_0671,0,train
entity_0671,entity_0742,0,test
entity_0894,entity_0556,0,train
entity_0556,entity_0894,0,test
entity_0595,entity_0072,1,train
entity_0072,entity_0595,1,test
entity_0306,entity_0885,0,train
entity_0885,entity_0306,0,test
entity_0901,entity_0810,0,train
entity_0810,entity_0901,0,validation
entity_0193,entity_0615,0,train
entity_0615,entity_0193,0,test
entity_0344,entity_0873,1,train
entity_0873,entity_0344,1,test
entity_0258,entity_0204,1,train
entity_0204,entity_0258,1,test
entity_0211,entity_0316,1,train
entity_0316,entity_0211,1,test
entity_0125,entity_0180,0,train
entity_0180,entity_0125,0,test
entity_0331,entity_0533,1,train
entity_0533,entity_0331,1,validation
entity_0029,entity_0408,0,train
entity_0408,entity_0029,0,test
entity_0707,entity_0144,0,train
entity_0144,entity_0707,0,test
entity_0063,entity_0028,0,train
entity_0028,entity_0063,0,test
entity_0040,entity_0294,0,train
entity_0294,entity_0040,0,test
entity_0221,entity_0502,0,train
entity_0502,entity_0221,0,test
entity_0234,entity_0641,1,train
entity_0641,entity_0234,1,validation
entity_0665,entity_0764,0,train
entity_0764,entity_0665,0,test
entity_0071,entity_0267,1,train
entity_0267,entity_0071,1,train
entity_0276,entity_0936,1,train
entity_0936,entity_0276,1,train
entity_0528,entity_0774,1,train
entity_0774,entity_0528,1,test
entity_0047,entity_0940,0,train
entity_0940,entity_0047,0,validation
entity_0035,entity_0275,0,train
entity_0275,entity_0035,0,test
entity_0411,entity_0027,1,train
entity_0027,entity_0411,1,test
entity_0254,entity_0981,1,train
entity_0981,entity_0254,1,test
entity_0994,entity_0259,1,train
entity_0259,entity_0994,1,test
entity_0229,entity_0558,1,train
entity_0558,entity_0229,1,test
entity_0862,entity_0850,1,train
entity_0850,entity_0862,1,test
entity_0449,entity_0213,0,train
entity_0213,entity_0449,0,test
entity_0422,entity_0371,1,train
entity_0371,entity_0422,1,test
entity_0881,entity_0168,0,train
entity_0168,entity_0881,0,test
entity_0299,entity_0959,0,train
entity_0959,entity_0299,0,train
entity_0324,entity_0639,1,train
entity_0639,entity_0324,1,test
entity_0349,entity_0309,1,train
entity_0309,entity_0349,1,test
entity_0231,entity_0775,1,train
entity_0775,entity_0231,1,test
entity_0973,entity_0734,1,train
entity_0734,entity_0973,1,test
entity_0889,entity_0806,1,train
entity_0806,entity_0889,1,test
entity_0025,entity_0492,1,train
entity_0492,entity_0025,1,test
entity_0228,entity_0052,0,train
entity_0052,entity_0228,0,validation
entity_0056,entity_0998,0,train
entity_0998,entity_0056,0,test
entity_0225,entity_0166,1,train
entity_0166,entity_0225,1,test
entity_0697,entity_0619,0,train
entity_0619,entity_0697,0,test
entity_0297,entity_0449,0,train
entity_0449,entity_0297,0,test
entity_0182,entity_0146,0,train
entity_0146,entity_0182,0,test
entity_0299,entity_0758,0,train
entity_0758,entity_0299,0,train
entity_0989,entity_0458,0,train
entity_0458,entity_0989,0,validation
entity_0447,entity_0453,1,train
entity_0453,entity_0447,1,validation
entity_0499,entity_0432,1,train
entity_0432,entity_0499,1,validation
entity_0316,entity_0375,0,train
entity_0375,entity_0316,0,validation
entity_0202,entity_0481,0,train
entity_0481,entity_0202,0,test
entity_0089,entity_0605,0,train
entity_0605,entity_0089,0,validation
entity_0393,entity_0865,1,train
entity_0865,entity_0393,1,test
entity_0799,entity_0854,0,train
entity_0854,entity_0799,0,train
entity_0741,entity_0711,0,train
entity_0711,entity_0741,0,test
entity_0018,entity_0778,0,train
entity_0778,entity_0018,0,validation
entity_0948,entity_0532,1,train
entity_0532,entity_0948,1,test
entity_0616,entity_0193,1,train
entity_0193,entity_0616,1,test
entity_0722,entity_0032,0,train
entity_0032,entity_0722,0,test
entity_0660,entity_0782,0,train
entity_0782,entity_0660,0,test
entity_0574,entity_0843,0,train
entity_0843,entity_0574,0,test
entity_0693,entity_0585,1,train
entity_0585,entity_0693,1,validation
entity_0818,entity_0383,0,train
entity_0383,entity_0818,0,train
entity_0918,entity_0823,1,train
entity_0823,entity_0918,1,test
entity_0236,entity_0859,1,train
entity_0859,entity_0236,1,test
entity_0862,entity_0118,1,train
entity_0118,entity_0862,1,test
entity_0395,entity_0443,0,train
entity_0443,entity_0395,0,test
entity_0176,entity_0683,1,train
entity_0683,entity_0176,1,test
entity_0576,entity_0769,1,train
entity_0769,entity_0576,1,test
entity_0593,entity_0154,1,train
entity_0154,entity_0593,1,test
entity_0159,entity_0871,1,train
entity_0871,entity_0159,1,test
entity_0767,entity_0711,1,train
entity_0711,entity_0767,1,test
entity_0826,entity_0916,0,train
entity_0916,entity_0826,0,test
entity_0524,entity_0204,0,train
entity_0204,entity_0524,0,validation
entity_0792,entity_0827,0,train
entity_0827,entity_0792,0,test
entity_0486,entity_0814,0,train
entity_0814,entity_0486,0,test
entity_0137,entity_0098,0,train
entity_0098,entity_0137,0,validation
entity_0914,entity_0746,0,train
entity_0746,entity_0914,0,test
entity_0968,entity_0712,1,train
entity_0712,entity_0968,1,test
entity_0308,entity_0344,0,train
entity_0344,entity_0308,0,test
entity_0328,entity_0898,0,train
entity_0898,entity_0328,0,test
entity_0810,entity_0868,0,train
entity_0868,entity_0810,0,test
entity_0370,entity_0497,0,train
entity_0497,entity_0370,0,test
entity_0944,entity_0281,0,train
entity_0281,entity_0944,0,test
entity_0572,entity_0883,1,train
entity_0883,entity_0572,1,test
entity_0938,entity_0875,1,train
entity_0875,entity_0938,1,test
entity_0574,entity_0427,0,train
entity_0427,entity_0574,0,validation
entity_0835,entity_0120,0,train
entity_0120,entity_0835,0,test
entity_0260,entity_0195,0,train
entity_0195,entity_0260,0,validation
entity_0578,entity_0369,0,train
entity_0369,entity_0578,0,test
entity_0037,entity_0394,1,train
entity_0394,entity_0037,1,test
entity_0270,entity_0332,0,train
entity_0332,entity_0270,0,validation
entity_0789,entity_0009,0,train
entity_0009,entity_0789,0,test
entity_0983,entity_0647,1,train
entity_0647,entity_0983,1,test
entity_0182,entity_0133,1,train
entity_0133,entity_0182,1,validation
entity_0053,entity_0108,1,train
entity_0108,entity_0053,1,test
entity_0477,entity_0100,1,train
entity_0100,entity_0477,1,test
entity_0818,entity_0311,0,train
entity_0311,entity_0818,0,test
entity_0848,entity_0450,1,train
entity_0450,entity_0848,1,test
entity_0514,entity_0286,0,train
entity_0286,entity_0514,0,test
entity_0599,entity_0207,0,train
entity_0207,entity_0599,0,test
entity_0121,entity_0297,0,train
entity_0297,entity_0121,0,test
entity_0314,entity_0813,1,train
entity_0813,entity_0314,1,test
entity_0164,entity_0177,1,train
entity_0177,entity_0164,1,test
entity_0967,entity_0442,0,train
entity_0442,entity_0967,0,test
entity_0655,entity_0413,1,train
entity_0413,entity_0655,1,test
entity_0913,entity_0952,0,train
entity_0952,entity_0913,0,validation
entity_0381,entity_0937,0,train
entity_0937,entity_0381,0,test
entity_0446,entity_0053,0,train
entity_0053,entity_0446,0,test
entity_0039,entity_0570,0,train
entity_0570,entity_0039,0,test
entity_0576,entity_0975,1,train
entity_0975,entity_0576,1,test
entity_0859,entity_0592,0,train
entity_0592,entity_0859,0,train
entity_0274,entity_0002,0,train
entity_0002,entity_0274,0,test
entity_0868,entity_0728,1,train
entity_0728,entity_0868,1,test
entity_0601,entity_0110,0,train
entity_0110,entity_0601,0,train
entity_0038,entity_0299,0,train
entity_0299,entity_0038,0,test
entity_0197,entity_0262,0,train
entity_0262,entity_0197,0,test
entity_0013,entity_0028,0,train
entity_0028,entity_0013,0,test
entity_0292,entity_0144,1,train
entity_0144,entity_0292,1,test
entity_0381,entity_0021,0,train
entity_0021,entity_0381,0,validation
entity_0906,entity_0401,1,train
entity_0401,entity_0906,1,test
entity_0439,entity_0426,0,train
entity_0426,entity_0439,0,validation
entity_0995,entity_0447,0,train
entity_0447,entity_0995,0,test
entity_0584,entity_0781,0,train
entity_0781,entity_0584,0,test
entity_0939,entity_0214,0,train
entity_0214,entity_0939,0,test
entity_0306,entity_0927,1,train
entity_0927,entity_0306,1,test
entity_0860,entity_0465,1,train
entity_0465,entity_0860,1,test
entity_0663,entity_0367,0,train
entity_0367,entity_0663,0,test
entity_0228,entity_0912,1,train
entity_0912,entity_0228,1,test
entity_0167,entity_0986,0,train
entity_0986,entity_0167,0,test
entity_0069,entity_0156,0,train
entity_0156,entity_0069,0,validation
entity_0413,entity_0845,0,train
entity_0845,entity_0413,0,test
entity_0298,entity_0637,1,train
entity_0637,entity_0298,1,test
entity_0784,entity_0084,1,train
entity_0084,entity_0784,1,test
entity_0760,entity_0336,0,train
entity_0336,entity_0760,0,validation
entity_0464,entity_0460,1,train
entity_0460,entity_0464,1,validation
entity_0704,entity_0838,1,train
entity_0838,entity_0704,1,test
entity_0089,entity_0974,0,train
entity_0974,entity_0089,0,test
entity_0881,entity_0534,0,train
entity_0534,entity_0881,0,test
entity_0455,entity_0734,1,train
entity_0734,entity_0455,1,test
entity_0838,entity_0854,0,train
entity_0854,entity_0838,0,validation
entity_0799,entity_0627,0,train
entity_0627,entity_0799,0,test
entity_0617,entity_0235,1,train
entity_0235,entity_0617,1,test
entity_0116,entity_0238,1,train
entity_0238,entity_0116,1,test
entity_0539,entity_0279,1,train
entity_0279,entity_0539,1,test
entity_0989,entity_0050,1,train
entity_0050,entity_0989,1,validation
entity_0984,entity_0648,0,train
entity_0648,entity_0984,0,test
entity_0035,entity_0144,0,train
entity_0144,entity_0035,0,validation
entity_0980,entity_0461,1,train
entity_0461,entity_0980,1,test
entity_0589,entity_0591,0,train
entity_0591,entity_0589,0,train
entity_0248,entity_0311,1,train
entity_0311,entity_0248,1,train
entity_0508,entity_0076,0,train
entity_0076,entity_0508,0,test
entity_0608,entity_0291,0,train
entity_0291,entity_0608,0,test
entity_0349,entity_0471,1,train
entity_0471,entity_0349,1,test
entity_0747,entity_0496,0,train
entity_0496,entity_0747,0,test
entity_0268,entity_0870,1,train
entity_0870,entity_0268,1,test
entity_0950,entity_0005,1,train
entity_0005,entity_0950,1,test
entity_0900,entity_0797,1,train
entity_0797,entity_0900,1,test
entity_0155,entity_0356,0,train
entity_0356,entity_0155,0,test
entity_0570,entity_0201,1,train
entity_0201,entity_0570,1,test
entity_0079,entity_0697,1,train
entity_0697,entity_0079,1,test
entity_0358,entity_0070,0,train
entity_0070,entity_0358,0,validation
entity_0741,entity_0765,1,train
entity_0765,entity_0741,1,test
entity_0402,entity_0158,1,train
entity_0158,entity_0402,1,test
entity_0250,entity_0673,1,train
entity_0673,entity_0250,1,test
entity_0926,entity_0314,1,train
entity_0314,entity_0926,1,test
entity_0503,entity_0678,0,train
entity_0678,entity_0503,0,test
entity_0067,entity_0286,0,train
entity_0286,entity_0067,0,validation
entity_0106,entity_0894,1,train
entity_0894,entity_0106,1,test
entity_0380,entity_0278,1,train
entity_0278,entity_0380,1,test
entity_0390,entity_0899,1,train
entity_0899,entity_0390,1,test
entity_0964,entity_0069,0,train
entity_0069,entity_0964,0,train
entity_0268,entity_0306,1,train
entity_0306,entity_0268,1,test
entity_0481,entity_0469,1,train
entity_0469,entity_0481,1,test
entity_0532,entity_0941,1,train
entity_0941,entity_0532,1,test
entity_0645,entity_0116,0,train
entity_0116,entity_0645,0,test
entity_0449,entity_0175,0,train
entity_0175,entity_0449,0,test
entity_0310,entity_0689,0,train
entity_0689,entity_0310,0,test
entity_0463,entity_0393,1,train
entity_0393,entity_0463,1,test
entity_0553,entity_0775,0,train
entity_0775,entity_0553,0,validation
entity_0043,entity_0957,0,train
entity_0957,entity_0043,0,validation
entity_0764,entity_0881,0,train
entity_0881,entity_0764,0,test
entity_0361,entity_0496,0,train
entity_0496,entity_0361,0,train
entity_0010,entity_0270,1,train
entity_0270,entity_0010,1,test
entity_0059,entity_0566,1,train
entity_0566,entity_0059,1,test
entity_0036,entity_0285,0,train
entity_0285,entity_0036,0,test
entity_0549,entity_0657,0,train
entity_0657,entity_0549,0,train
entity_0687,entity_0926,0,train
entity_0926,entity_0687,0,test
entity_0481,entity_0961,0,train
entity_0961,entity_0481,0,test
entity_0797,entity_0878,0,train
entity_0878,entity_0797,0,validation
entity_0372,entity_0924,1,train
entity_0924,entity_0372,1,test
entity_0128,entity_0143,1,train
entity_0143,entity_0128,1,train
entity_0763,entity_0705,0,train
entity_0705,entity_0763,0,test
entity_0408,entity_0930,1,train
entity_0930,entity_0408,1,test
entity_0167,entity_0215,0,train
entity_0215,entity_0167,0,validation
entity_0777,entity_0723,1,train
entity_0723,entity_0777,1,validation
entity_0589,entity_0924,1,train
entity_0924,entity_0589,1,test
entity_0383,entity_0315,1,train
entity_0315,entity_0383,1,test
entity_0970,entity_0663,0,train
entity_0663,entity_0970,0,test
entity_0892,entity_0886,0,train
entity_0886,entity_0892,0,test
entity_0671,entity_0707,1,train
entity_0707,entity_0671,1,train
entity_0293,entity_0884,1,train
entity_0884,entity_0293,1,test
entity_0505,entity_0357,1,train
entity_0357,entity_0505,1,test
entity_0940,entity_0387,1,train
entity_0387,entity_0940,1,test
entity_0720,entity_0203,0,train
entity_0203,entity_0720,0,test
entity_0731,entity_0171,0,train
entity_0171,entity_0731,0,validation
entity_0856,entity_0240,0,train
entity_0240,entity_0856,0,test
entity_0813,entity_0926,1,train
entity_0926,entity_0813,1,test
entity_0958,entity_0921,0,train
entity_0921,entity_0958,0,test
entity_0916,entity_0822,0,train
entity_0822,entity_0916,0,test
entity_0613,entity_0185,1,train
entity_0185,entity_0613,1,test
entity_0850,entity_0118,1,train
entity_0118,entity_0850,1,train
entity_0374,entity_0517,1,train
entity_0517,entity_0374,1,validation
entity_0816,entity_0086,1,train
entity_0086,entity_0816,1,train
entity_0007,entity_0741,0,train
entity_0741,entity_0007,0,test
entity_0316,entity_0082,1,train
entity_0082,entity_0316,1,test
entity_0954,entity_0064,1,train
entity_0064,entity_0954,1,train
entity_0234,entity_0064,0,train
entity_0064,entity_0234,0,test
entity_0644,entity_0921,1,train
entity_0921,entity_0644,1,validation
entity_0129,entity_0206,0,train
entity_0206,entity_0129,0,test
entity_0131,entity_0418,0,train
entity_0418,entity_0131,0,test
entity_0372,entity_0669,0,train
entity_0669,entity_0372,0,test
entity_0006,entity_0988,1,train
entity_0988,entity_0006,1,test
entity_0717,entity_0963,0,train
entity_0963,entity_0717,0,train
entity_0105,entity_0326,0,train
entity_0326,entity_0105,0,test
entity_0409,entity_0357,1,train
entity_0357,entity_0409,1,test
entity_0144,entity_0751,0,train
entity_0751,entity_0144,0,test
entity_0751,entity_0616,1,train
entity_0616,entity_0751,1,test
entity_0003,entity_0042,1,train
entity_0042,entity_0003,1,test
entity_0222,entity_0966,0,train
entity_0966,entity_0222,0,test
entity_0238,entity_0867,0,train
entity_0867,entity_0238,0,test
entity_0008,entity_0681,0,train
entity_0681,entity_0008,0,test
entity_0372,entity_0931,1,train
entity_0931,entity_0372,1,test
entity_0875,entity_0782,0,train
entity_0782,entity_0875,0,test
entity_0401,entity_0032,1,train
entity_0032,entity_0401,1,validation
entity_0094,entity_0956,0,train
entity_0956,entity_0094,0,test
entity_0290,entity_0806,1,train
entity_0806,entity_0290,1,test
entity_0729,entity_0501,0,train
entity_0501,entity_0729,0,test
entity_0904,entity_0593,1,train
entity_0593,entity_0904,1,train
entity_0620,entity_0848,0,train
entity_0848,entity_0620,0,test
entity_0807,entity_1000,0,train
entity_1000,entity_0807,0,test
entity_0379,entity_0414,1,train
entity_0414,entity_0379,1,test
entity_0372,entity_0030,0,train
entity_0030,entity_0372,0,test
entity_0886,entity_0440,1,train
entity_0440,entity_0886,1,validation
entity_0777,entity_0542,0,train
entity_0542,entity_0777,0,train
entity_0273,entity_0511,1,train
entity_0511,entity_0273,1,test
entity_0183,entity_0391,0,train
entity_0391,entity_0183,0,test
entity_0958,entity_0941,1,train
entity_0941,entity_0958,1,test
entity_0712,entity_0512,1,train
entity_0512,entity_0712,1,test
entity_0847,entity_0873,0,train
entity_0873,entity_0847,0,test
entity_0332,entity_0456,0,train
entity_0456,entity_0332,0,test
entity_0406,entity_0656,0,train
entity_0656,entity_0406,0,test
entity_0292,entity_0592,0,train
entity_0592,entity_0292,0,validation
entity_0202,entity_0610,1,train
entity_0610,entity_0202,1,test
entity_0812,entity_0500,0,train
entity_0500,entity_0812,0,test
entity_0668,entity_0051,0,train
entity_0051,entity_0668,0,train
entity_0872,entity_0419,1,train
entity_0419,entity_0872,1,test
entity_0757,entity_0907,0,train
entity_0907,entity_0757,0,test
entity_0158,entity_0796,1,train
entity_0796,entity_0158,1,test
entity_0151,entity_0260,1,train
entity_0260,entity_0151,1,test
entity_0206,entity_0692,1,train
entity_0692,entity_0206,1,validation
entity_0225,entity_0967,1,train
entity_0967,entity_0225,1,test
entity_0388,entity_0236,0,train
entity_0236,entity_0388,0,test
entity_0526,entity_0494,0,train
entity_0494,entity_0526,0,test
entity_0752,entity_0060,1,train
entity_0060,entity_0752,1,test
entity_0268,entity_0367,1,train
entity_0367,entity_0268,1,validation
entity_0675,entity_0522,0,train
entity_0522,entity_0675,0,validation
entity_0944,entity_0119,1,train
entity_0119,entity_0944,1,test
entity_0941,entity_0975,0,train
entity_0975,entity_0941,0,test
entity_0504,entity_0295,0,train
entity_0295,entity_0504,0,train
entity_0524,entity_0237,1,train
entity_0237,entity_0524,1,test
entity_0801,entity_0937,1,train
entity_0937,entity_0801,1,test
entity_0434,entity_0070,0,train
entity_0070,entity_0434,0,validation
entity_0575,entity_0747,1,train
entity_0747,entity_0575,1,test
entity_0813,entity_0450,0,train
entity_0450,entity_0813,0,test
entity_0098,entity_0400,1,train
entity_0400,entity_0098,1,validation
entity_0663,entity_0972,0,train
entity_0972,entity_0663,0,test
entity_0482,entity_0241,1,train
entity_0241,entity_0482,1,train
entity_0654,entity_0935,0,train
entity_0935,entity_0654,0,test
entity_0669,entity_0331,1,train
entity_0331,entity_0669,1,validation
entity_0907,entity_0379,1,train
entity_0379,entity_0907,1,validation
entity_0292,entity_0076,1,train
entity_0076,entity_0292,1,test
entity_0576,entity_0833,1,train
entity_0833,entity_0576,1,test
entity_0009,entity_0513,1,train
entity_0513,entity_0009,1,test
entity_0333,entity_0325,1,train
entity_0325,entity_0333,1,test
entity_0660,entity_0093,1,train
entity_0093,entity_0660,1,test
entity_0753,entity_0388,1,train
entity_0388,entity_0753,1,test
entity_0406,entity_0717,0,train
entity_0717,entity_0406,0,train
entity_0356,entity_0806,0,train
entity_0806,entity_0356,0,validation
entity_0068,entity_0407,1,train
entity_0407,entity_0068,1,test
entity_0126,entity_0001,0,train
entity_0001,entity_0126,0,validation
entity_0920,entity_0456,1,train
entity_0456,entity_0920,1,train
entity_0606,entity_0095,0,train
entity_0095,entity_0606,0,test
entity_0294,entity_0722,1,train
entity_0722,entity_0294,1,validation
entity_0846,entity_0027,1,train
entity_0027,entity_0846,1,validation
entity_0697,entity_0795,0,train
entity_0795,entity_0697,0,test
entity_0517,entity_0084,0,train
entity_0084,entity_0517,0,test
entity_0066,entity_0209,0,train
entity_0209,entity_0066,0,test
entity_0513,entity_0165,0,train
entity_0165,entity_0513,0,test
entity_0749,entity_0312,1,train
entity_0312,entity_0749,1,test
entity_0267,entity_0857,0,train
entity_0857,entity_0267,0,test
entity_0352,entity_0418,1,train
entity_0418,entity_0352,1,test
entity_0583,entity_0029,1,train
entity_0029,entity_0583,1,test
entity_0277,entity_0709,1,train
entity_0709,entity_0277,1,test
entity_0730,entity_0903,1,train
entity_0903,entity_0730,1,test
entity_0141,entity_0298,0,train
entity_0298,entity_0141,0,test
entity_0995,entity_0353,1,train
entity_0353,entity_0995,1,train
entity_0489,entity_0235,0,train
entity_0235,entity_0489,0,validation
entity_0718,entity_0224,0,train
entity_0224,entity_0718,0,test
entity_0370,entity_0359,1,train
entity_0359,entity_0370,1,test
entity_0439,entity_0509,0,train
entity_0509,entity_0439,0,validation
entity_0024,entity_0491,1,train
entity_0491,entity_0024,1,test
entity_0259,entity_0235,0,train
entity_0235,entity_0259,0,train
entity_0529,entity_0081,1,train
entity_0081,entity_0529,1,validation
entity_0179,entity_0128,1,train
entity_0128,entity_0179,1,validation
entity_0825,entity_0054,1,train
entity_0054,entity_0825,1,test
entity_0056,entity_0291,1,train
entity_0291,entity_0056,1,validation
entity_0860,entity_0998,0,train
entity_0998,entity_0860,0,test
entity_0593,entity_0604,1,train
entity_0604,entity_0593,1,validation
entity_0630,entity_0623,1,train
entity_0623,entity_0630,1,test
entity_0831,entity_0093,1,train
entity_0093,entity_0831,1,test
entity_0526,entity_0328,0,train
entity_0328,entity_0526,0,test
entity_0799,entity_0505,0,train
entity_0505,entity_0799,0,test
entity_0346,entity_0601,0,train
entity_0601,entity_0346,0,test
entity_0057,entity_0909,1,train
entity_0909,entity_0057,1,test
entity_0480,entity_0421,1,train
entity_0421,entity_0480,1,test
entity_0435,entity_0606,1,train
entity_0606,entity_0435,1,test
entity_0462,entity_0401,1,train
entity_0401,entity_0462,1,train
entity_0482,entity_0463,0,train
entity_0463,entity_0482,0,test
entity_0526,entity_0169,0,train
entity_0169,entity_0526,0,test
entity_0980,entity_0654,1,train
entity_0654,entity_0980,1,test
entity_0332,entity_0124,0,train
entity_0124,entity_0332,0,test
entity_0202,entity_0147,0,train
entity_0147,entity_0202,0,test
entity_0657,entity_0005,0,train
entity_0005,entity_0657,0,validation
entity_0591,entity_0749,0,train
entity_0749,entity_0591,0,validation
entity_0288,entity_0059,0,train
entity_0059,entity_0288,0,validation
entity_0529,entity_0788,0,train
entity_0788,entity_0529,0,validation
entity_0700,entity_0468,0,train
entity_0468,entity_0700,0,test
entity_0645,entity_0781,0,train
entity_0781,entity_0645,0,test
entity_0231,entity_0898,1,train
entity_0898,entity_0231,1,test
entity_0625,entity_0522,1,train
entity_0522,entity_0625,1,test
entity_0560,entity_0945,1,train
entity_0945,entity_0560,1,test
entity_0125,entity_0933,0,train
entity_0933,entity_0125,0,test
entity_0354,entity_0482,1,train
entity_0482,entity_0354,1,test
entity_0908,entity_0271,1,train
entity_0271,entity_0908,1,test
entity_0610,entity_0817,0,train
entity_0817,entity_0610,0,test
entity_0493,entity_0309,1,train
entity_0309,entity_0493,1,test
entity_0916,entity_0593,0,train
entity_0593,entity_0916,0,test
entity_0382,entity_0858,0,train
entity_0858,entity_0382,0,test
entity_0646,entity_0606,1,train
entity_0606,entity_0646,1,test
entity_0042,entity_0960,0,train
entity_0960,entity_0042,0,validation
entity_0575,entity_0246,1,train
entity_0246,entity_0575,1,test
entity_0698,entity_0731,1,train
entity_0731,entity_0698,1,validation
entity_0243,entity_0201,1,train
entity_0201,entity_0243,1,test
entity_0271,entity_0206,0,train
entity_0206,entity_0271,0,validation
entity_0178,entity_0247,1,train
entity_0247,entity_0178,1,test
entity_0870,entity_0617,0,train
entity_0617,entity_0870,0,train
entity_0638,entity_0095,0,train
entity_0095,entity_0638,0,test
entity_0545,entity_0229,1,train
entity_0229,entity_0545,1,test
entity_0550,entity_0570,0,train
entity_0570,entity_0550,0,validation
entity_0458,entity_0028,1,train
entity_0028,entity_0458,1,test
entity_0689,entity_0652,0,train
entity_0652,entity_0689,0,validation
entity_0533,entity_0164,0,train
entity_0164,entity_0533,0,test
entity_0829,entity_0538,1,train
entity_0538,entity_0829,1,test
entity_0327,entity_0127,1,train
entity_0127,entity_0327,1,test
entity_0990,entity_0982,0,train
entity_0982,entity_0990,0,test
entity_0740,entity_0026,1,train
entity_0026,entity_0740,1,test
entity_0574,entity_0469,0,train
entity_0469,entity_0574,0,test
entity_0710,entity_0348,0,train
entity_0348,entity_0710,0,test
entity_0057,entity_0149,1,train
entity_0149,entity_0057,1,validation
entity_0354,entity_0816,1,train
entity_0816,entity_0354,1,test
entity_0124,entity_0007,0,train
entity_0007,entity_0124,0,train
entity_0526,entity_0183,0,train
entity_0183,entity_0526,0,test
entity_0552,entity_0967,0,train
entity_0967,entity_0552,0,test
entity_0711,entity_0601,1,train
entity_0601,entity_0711,1,validation
entity_0502,entity_0667,0,train
entity_0667,entity_0502,0,test
entity_0902,entity_0963,1,train
entity_0963,entity_0902,1,validation
entity_0695,entity_0687,1,train
entity_0687,entity_0695,1,train
entity_0551,entity_0006,0,train
entity_0006,entity_0551,0,test
entity_0490,entity_0340,1,train
entity_0340,entity_0490,1,test
entity_0402,entity_0141,1,train
entity_0141,entity_0402,1,validation
entity_0677,entity_0009,1,train
entity_0009,entity_0677,1,test
entity_0174,entity_0443,1,train
entity_0443,entity_0174,1,train
entity_0172,entity_0392,1,train
entity_0392,entity_0172,1,validation
entity_0438,entity_0385,1,train
entity_0385,entity_0438,1,test
entity_0086,entity_0564,1,train
entity_0564,entity_0086,1,test
entity_0375,entity_0297,0,train
entity_0297,entity_0375,0,test
entity_0405,entity_0804,0,train
entity_0804,entity_0405,0,test
entity_0491,entity_0242,0,train
entity_0242,entity_0491,0,test
entity_0270,entity_0846,1,train
entity_0846,entity_0270,1,train
entity_0524,entity_0209,1,train
entity_0209,entity_0524,1,test
entity_0228,entity_0542,0,train
entity_0542,entity_0228,0,test
entity_0265,entity_0718,1,train
entity_0718,entity_0265,1,test
entity_0141,entity_0997,0,train
entity_0997,entity_0141,0,test
entity_0307,entity_0970,0,train
entity_0970,entity_0307,0,validation
entity_0058,entity_0333,0,train
entity_0333,entity_0058,0,test
entity_0914,entity_0219,0,train
entity_0219,entity_0914,0,test
entity_0162,entity_0058,1,train
entity_0058,entity_0162,1,test
entity_0708,entity_0591,1,train
entity_0591,entity_0708,1,test
entity_0772,entity_0974,1,train
entity_0974,entity_0772,1,test
entity_0032,entity_0167,0,train
entity_0167,entity_0032,0,test
entity_0180,entity_0732,1,train
entity_0732,entity_0180,1,test
entity_0478,entity_0235,1,train
entity_0235,entity_0478,1,test
entity_0716,entity_0911,1,train
entity_0911,entity_0716,1,test
entity_0113,entity_0618,0,train
entity_0618,entity_0113,0,validation
entity_0621,entity_0720,1,train
entity_0720,entity_0621,1,test
entity_0975,entity_0040,1,train
entity_0040,entity_0975,1,test
entity_0574,entity_0350,1,train
entity_0350,entity_0574,1,test
entity_0299,entity_0229,0,train
entity_0229,entity_0299,0,test
entity_0680,entity_0242,1,train
entity_0242,entity_0680,1,test
entity_0069,entity_0740,0,train
entity_0740,entity_0069,0,validation
entity_0821,entity_0172,0,train
entity_0172,entity_0821,0,test
entity_0511,entity_0862,1,train
entity_0862,entity_0511,1,test
entity_0639,entity_0214,0,train
entity_0214,entity_0639,0,validation
entity_0568,entity_0009,0,train
entity_0009,entity_0568,0,test
entity_0100,entity_0660,1,train
entity_0660,entity_0100,1,test
entity_0155,entity_0432,1,train
entity_0432,entity_0155,1,test
entity_0118,entity_0109,1,train
entity_0109,entity_0118,1,validation
entity_0173,entity_0084,0,train
entity_0084,entity_0173,0,test
entity_0587,entity_0004,1,train
entity_0004,entity_0587,1,train
entity_0105,entity_0626,0,train
entity_0626,entity_0105,0,train
entity_0651,entity_0079,1,train
entity_0079,entity_0651,1,test
entity_0544,entity_0068,1,train
entity_0068,entity_0544,1,test
entity_0682,entity_0906,1,train
entity_0906,entity_0682,1,test
entity_0673,entity_0094,1,train
entity_0094,entity_0673,1,test
entity_0778,entity_0812,0,train
entity_0812,entity_0778,0,validation
entity_0519,entity_0455,1,train
entity_0455,entity_0519,1,test
entity_0718,entity_0529,1,train
entity_0529,entity_0718,1,test
entity_0499,entity_0303,0,train
entity_0303,entity_0499,0,test
entity_0672,entity_0924,1,train
entity_0924,entity_0672,1,test
entity_0352,entity_0233,0,train
entity_0233,entity_0352,0,test
entity_0109,entity_0273,1,train
entity_0273,entity_0109,1,validation
entity_0489,entity_0499,1,train
entity_0499,entity_0489,1,test
entity_0249,entity_0248,1,train
entity_0248,entity_0249,1,validation
entity_0413,entity_0250,1,train
entity_0250,entity_0413,1,test
entity_0925,entity_0379,1,train
entity_0379,entity_0925,1,validation
entity_0499,entity_0693,0,train
entity_0693,entity_0499,0,test
entity_0031,entity_0152,1,train
entity_0152,entity_0031,1,test
entity_0919,entity_0902,1,train
entity_0902,entity_0919,1,test
entity_0081,entity_0909,1,train
entity_0909,entity_0081,1,test
entity_0562,entity_0263,0,train
entity_0263,entity_0562,0,test
entity_0150,entity_0590,0,train
entity_0590,entity_0150,0,train
entity_0438,entity_0663,0,train
entity_0663,entity_0438,0,validation
entity_0545,entity_0914,1,train
entity_0914,entity_0545,1,train
entity_0436,entity_0959,1,train
entity_0959,entity_0436,1,test
entity_0264,entity_0523,1,train
entity_0523,entity_0264,1,train
entity_0463,entity_0981,0,train
entity_0981,entity_0463,0,validation
entity_0662,entity_0389,0,train
entity_0389,entity_0662,0,test
entity_0178,entity_0204,1,train
entity_0204,entity_0178,1,test
entity_0426,entity_0522,0,train
entity_0522,entity_0426,0,test
entity_0969,entity_0466,1,train
entity_0466,entity_0969,1,test
entity_0535,entity_0365,1,train
entity_0365,entity_0535,1,test
entity_0187,entity_0089,0,train
entity_0089,entity_0187,0,validation
entity_0316,entity_0710,0,train
entity_0710,entity_0316,0,test
entity_0804,entity_0219,0,train
entity_0219,entity_0804,0,validation
entity_0018,entity_0640,1,train
entity_0640,entity_0018,1,test
entity_0989,entity_0150,1,train
entity_0150,entity_0989,1,test
entity_0611,entity_0082,1,train
entity_0082,entity_0611,1,test
entity_0234,entity_0974,1,train
entity_0974,entity_0234,1,test
entity_0006,entity_0749,0,train
entity_0749,entity_0006,0,test
entity_0038,entity_0189,1,train
entity_0189,entity_0038,1,test
entity_0552,entity_0714,0,train
entity_0714,entity_0552,0,test
entity_0017,entity_0080,0,train
entity_0080,entity_0017,0,test
entity_0955,entity_0247,1,train
entity_0247,entity_0955,1,test
entity_0356,entity_0397,1,train
entity_0397,entity_0356,1,train
entity_0921,entity_0778,0,train
entity_0778,entity_0921,0,test
entity_0366,entity_0707,1,train
entity_0707,entity_0366,1,test
entity_0570,entity_0136,1,train
entity_0136,entity_0570,1,test
entity_0452,entity_0275,0,train
entity_0275,entity_0452,0,test
entity_0974,entity_0923,0,train
entity_0923,entity_0974,0,test
entity_0994,entity_0261,0,train
entity_0261,entity_0994,0,test
entity_0644,entity_0692,1,train
entity_0692,entity_0644,1,test
entity_0446,entity_0457,0,train
entity_0457,entity_0446,0,test
entity_0896,entity_0644,1,train
entity_0644,entity_0896,1,test
entity_0051,entity_0313,1,train
entity_0313,entity_0051,1,test
entity_0272,entity_0010,0,train
entity_0010,entity_0272,0,test
entity_0701,entity_0331,1,train
entity_0331,entity_0701,1,test
entity_0204,entity_0393,0,train
entity_0393,entity_0204,0,test
entity_0876,entity_0323,1,train
entity_0323,entity_0876,1,test
entity_0149,entity_0082,0,train
entity_0082,entity_0149,0,test
entity_0942,entity_0097,1,train
entity_0097,entity_0942,1,train
entity_0713,entity_0262,0,train
entity_0262,entity_0713,0,validation
entity_0753,entity_0766,0,train
entity_0766,entity_0753,0,test
entity_0854,entity_0501,0,train
entity_0501,entity_0854,0,test
entity_0380,entity_0970,0,train
entity_0970,entity_0380,0,train
entity_0019,entity_0590,0,train
entity_0590,entity_0019,0,validation
entity_0343,entity_0159,0,train
entity_0159,entity_0343,0,test
entity_0140,entity_0536,1,train
entity_0536,entity_0140,1,test
entity_0310,entity_0019,1,train
entity_0019,entity_0310,1,test
entity_0097,entity_0282,0,train
entity_0282,entity_0097,0,test
entity_0469,entity_0914,1,train
entity_0914,entity_0469,1,test
entity_0403,entity_0279,1,train
entity_0279,entity_0403,1,test
entity_0894,entity_0484,0,train
entity_0484,entity_0894,0,test
entity_0427,entity_0940,1,train
entity_0940,entity_0427,1,test
entity_0287,entity_0439,1,train
entity_0439,entity_0287,1,test
entity_0278,entity_0858,1,train
entity_0858,entity_0278,1,validation
entity_0230,entity_0431,0,train
entity_0431,entity_0230,0,validation
entity_0311,entity_0642,0,train
entity_0642,entity_0311,0,validation
entity_0722,entity_0946,1,train
entity_0946,entity_0722,1,test
entity_0258,entity_0009,0,train
entity_0009,entity_0258,0,train
entity_0496,entity_0654,0,train
entity_0654,entity_0496,0,test
entity_0780,entity_0988,0,train
entity_0988,entity_0780,0,test
entity_0361,entity_0620,1,train
entity_0620,entity_0361,1,validation
entity_0324,entity_0773,0,train
entity_0773,entity_0324,0,test
entity_0696,entity_0566,0,train
entity_0566,entity_0696,0,test
entity_0938,entity_0700,0,train
entity_0700,entity_0938,0,test
entity_0920,entity_0890,1,train
entity_0890,entity_0920,1,test
entity_0423,entity_0945,0,train
entity_0945,entity_0423,0,test
entity_0734,entity_0238,1,train
entity_0238,entity_0734,1,validation
entity_0043,entity_0992,1,train
entity_0992,entity_0043,1,test
entity_0775,entity_0613,0,train
entity_0613,entity_0775,0,test
entity_0204,entity_0790,0,train
entity_0790,entity_0204,0,test
entity_0411,entity_0851,0,train
entity_0851,entity_0411,0,test
entity_0380,entity_0527,0,train
entity_0527,entity_0380,0,test
entity_0702,entity_0849,0,train
entity_0849,entity_0702,0,test
entity_0151,entity_0612,0,train
entity_0612,entity_0151,0,validation
entity_0306,entity_0649,0,train
entity_0649,entity_0306,0,test
entity_0806,entity_0825,1,train
entity_0825,entity_0806,1,test
entity_0365,entity_0502,0,train
entity_0502,entity_0365,0,test
entity_0773,entity_0508,0,train
entity_0508,entity_0773,0,validation
entity_0752,entity_0475,0,train
entity_0475,entity_0752,0,test
entity_0279,entity_0690,0,train
entity_0690,entity_0279,0,test
entity_0979,entity_0964,0,train
entity_0964,entity_0979,0,test
entity_0975,entity_0037,1,train
entity_0037,entity_0975,1,test
entity_0644,entity_0206,1,train
entity_0206,entity_0644,1,validation
entity_0476,entity_0211,1,train
entity_0211,entity_0476,1,validation
entity_0356,entity_0968,0,train
entity_0968,entity_0356,0,test
entity_0020,entity_0821,1,train
entity_0821,entity_0020,1,test
entity_0596,entity_0212,0,train
entity_0212,entity_0596,0,test
entity_0088,entity_0838,1,train
entity_0838,entity_0088,1,test
entity_0284,entity_0905,0,train
entity_0905,entity_0284,0,test
entity_0990,entity_0934,1,train
entity_0934,entity_0990,1,validation
entity_0904,entity_0653,1,train
entity_0653,entity_0904,1,test
entity_0112,entity_0384,0,train
entity_0384,entity_0112,0,test
entity_0510,entity_0389,1,train
entity_0389,entity_0510,1,train
entity_0727,entity_0650,1,train
entity_0650,entity_0727,1,test
entity_0190,entity_0418,0,train
entity_0418,entity_0190,0,test
entity_0728,entity_0362,1,train
entity_0362,entity_0728,1,test
entity_0990,entity_0602,1,train
entity_0602,entity_0990,1,test
entity_0984,entity_0535,1,train
entity_0535,entity_0984,1,test
entity_0715,entity_0530,1,train
entity_0530,entity_0715,1,test
entity_0212,entity_0906,1,train
entity_0906,entity_0212,1,validation
entity_1000,entity_0424,1,train
entity_0424,entity_1000,1,validation
entity_0505,entity_0666,1,train
entity_0666,entity_0505,1,test
entity_0690,entity_0316,0,train
entity_0316,entity_0690,0,test
entity_0394,entity_0632,1,train
entity_0632,entity_0394,1,train
entity_0641,entity_0297,0,train
entity_0297,entity_0641,0,validation
entity_0419,entity_0229,0,train
entity_0229,entity_0419,0,test
entity_0883,entity_0628,0,train
entity_0628,entity_0883,0,test
entity_0997,entity_0037,0,train
entity_0037,entity_0997,0,test
entity_0921,entity_0932,0,train
entity_0932,entity_0921,0,test
entity_0635,entity_0168,1,train
entity_0168,entity_0635,1,test
entity_0297,entity_0244,0,train
entity_0244,entity_0297,0,test
entity_0520,entity_0437,1,train
entity_0437,entity_0520,1,validation
entity_0278,entity_0478,0,train
entity_0478,entity_0278,0,train
entity_0508,entity_0452,1,train
entity_0452,entity_0508,1,test
entity_0218,entity_0304,0,train
entity_0304,entity_0218,0,test
entity_0409,entity_0183,0,train
entity_0183,entity_0409,0,test
entity_0044,entity_0096,0,train
entity_0096,entity_0044,0,validation
entity_0774,entity_0137,1,train
entity_0137,entity_0774,1,test
entity_0386,entity_0670,0,train
entity_0670,entity_0386,0,train
entity_0105,entity_0639,0,train
entity_0639,entity_0105,0,validation
entity_0627,entity_0461,0,train
entity_0461,entity_0627,0,test
entity_0929,entity_0041,1,train
entity_0041,entity_0929,1,validation
entity_0878,entity_0710,0,train
entity_0710,entity_0878,0,validation
entity_0472,entity_0405,0,train
entity_0405,entity_0472,0,test
entity_0767,entity_0390,0,train
entity_0390,entity_0767,0,test
entity_0067,entity_0724,1,train
entity_0724,entity_0067,1,test
entity_0257,entity_0606,0,train
entity_0606,entity_0257,0,test
entity_0245,entity_0257,0,train
entity_0257,entity_0245,0,test
entity_0228,entity_0890,0,train
entity_0890,entity_0228,0,test
entity_0807,entity_0241,1,train
entity_0241,entity_0807,1,validation
entity_0642,entity_0047,1,train
entity_0047,entity_0642,1,validation
entity_0979,entity_0449,0,train
entity_0449,entity_0979,0,test
entity_0146,entity_0642,1,train
entity_0642,entity_0146,1,test
entity_0391,entity_0429,0,train
entity_0429,entity_0391,0,validation
entity_0509,entity_0108,1,train
entity_0108,entity_0509,1,test
entity_0102,entity_0169,0,train
entity_0169,entity_0102,0,test
entity_0915,entity_0481,0,train
entity_0481,entity_0915,0,test
entity_0463,entity_0117,0,train
entity_0117,entity_0463,0,test
entity_0733,entity_0889,1,train
entity_0889,entity_0733,1,train
entity_0362,entity_0748,1,train
entity_0748,entity_0362,1,test
entity_0982,entity_0621,1,train
entity_0621,entity_0982,1,test
entity_0302,entity_0970,0,train
entity_0970,entity_0302,0,test
entity_0352,entity_0043,0,train
entity_0043,entity_0352,0,test
entity_0616,entity_0823,0,train
entity_0823,entity_0616,0,test
entity_0111,entity_0071,1,train
entity_0071,entity_0111,1,test
entity_0800,entity_0980,1,train
entity_0980,entity_0800,1,test
entity_0388,entity_0156,1,train
entity_0156,entity_0388,1,train
entity_0210,entity_0347,1,train
entity_0347,entity_0210,1,test
entity_0021,entity_0766,0,train
entity_0766,entity_0021,0,test
entity_0091,entity_0115,0,train
entity_0115,entity_0091,0,train
entity_0245,entity_0334,1,train
entity_0334,entity_0245,1,test
entity_0423,entity_0102,0,train
entity_0102,entity_0423,0,test
entity_0355,entity_0119,0,train
entity_0119,entity_0355,0,validation
entity_0079,entity_0756,1,train
entity_0756,entity_0079,1,test
entity_0519,entity_0478,0,train
entity_0478,entity_0519,0,test
entity_0015,entity_0647,1,train
entity_0647,entity_0015,1,train
entity_0120,entity_0017,1,train
entity_0017,entity_0120,1,test
entity_0994,entity_0293,1,train
entity_0293,entity_0994,1,test
entity_0727,entity_0200,1,train
entity_0200,entity_0727,1,test
entity_0180,entity_0502,1,train
entity_0502,entity_0180,1,test
entity_0791,entity_0342,0,train
entity_0342,entity_0791,0,validation
entity_0631,entity_0423,1,train
entity_0423,entity_0631,1,test
entity_0472,entity_0819,0,train
entity_0819,entity_0472,0,validation
entity_0451,entity_0293,0,train
entity_0293,entity_0451,0,test
entity_0797,entity_0580,0,train
entity_0580,entity_0797,0,test
entity_0360,entity_0140,1,train
entity_0140,entity_0360,1,validation
entity_0423,entity_0686,1,train
entity_0686,entity_0423,1,test
entity_0806,entity_0652,1,train
entity_0652,entity_0806,1,validation
entity_0579,entity_0804,0,train
entity_0804,entity_0579,0,test
entity_0671,entity_0535,0,train
entity_0535,entity_0671,0,test
entity_0372,entity_0131,0,train
entity_0131,entity_0372,0,train
entity_0075,entity_0418,1,train
entity_0418,entity_0075,1,test
entity_0989,entity_0292,1,train
entity_0292,entity_0989,1,test
entity_0526,entity_0205,0,train
entity_0205,entity_0526,0,test
entity_0447,entity_0891,0,train
entity_0891,entity_0447,0,test
entity_0545,entity_0823,0,train
entity_0823,entity_0545,0,test
entity_0551,entity_0603,0,train
entity_0603,entity_0551,0,test
entity_0783,entity_0774,1,train
entity_0774,entity_0783,1,validation
entity_0376,entity_0584,0,train
entity_0584,entity_0376,0,test
entity_0642,entity_0690,1,train
entity_0690,entity_0642,1,test
entity_0044,entity_0746,0,train
entity_0746,entity_0044,0,validation
entity_0007,entity_0593,0,train
entity_0593,entity_0007,0,test
entity_0132,entity_0649,0,train
entity_0649,entity_0132,0,test
entity_0395,entity_0177,1,train
entity_0177,entity_0395,1,test
entity_0045,entity_0867,0,train
entity_0867,entity_0045,0,test
entity_0003,entity_0854,1,train
entity_0854,entity_0003,1,test
entity_0419,entity_0048,0,train
entity_0048,entity_0419,0,test
entity_0206,entity_0964,0,train
entity_0964,entity_0206,0,test
entity_0728,entity_0829,0,train
entity_0829,entity_0728,0,validation
entity_0717,entity_0297,0,train
entity_0297,entity_0717,0,test
entity_0477,entity_0093,1,train
entity_0093,entity_0477,1,test
entity_0164,entity_0240,0,train
entity_0240,entity_0164,0,test
entity_0987,entity_0950,0,train
entity_0950,entity_0987,0,test
entity_0623,entity_0643,0,train
entity_0643,entity_0623,0,validation
entity_0018,entity_0539,0,train
entity_0539,entity_0018,0,test
entity_0698,entity_0161,1,train
entity_0161,entity_0698,1,validation
entity_0659,entity_0536,0,train
entity_0536,entity_0659,0,test
entity_0976,entity_0028,0,train
entity_0028,entity_0976,0,test
entity_0553,entity_0985,1,train
entity_0985,entity_0553,1,test
entity_0194,entity_0302,1,train
entity_0302,entity_0194,1,validation
entity_0422,entity_0080,1,train
entity_0080,entity_0422,1,test
entity_0638,entity_0231,0,train
entity_0231,entity_0638,0,test
entity_0544,entity_0163,1,train
entity_0163,entity_0544,1,test
entity_0531,entity_0573,1,train
entity_0573,entity_0531,1,test
entity_0297,entity_0996,1,train
entity_0996,entity_0297,1,train
entity_0024,entity_0342,1,train
entity_0342,entity_0024,1,test
entity_0084,entity_0655,0,train
entity_0655,entity_0084,0,test
entity_0744,entity_0445,1,train
entity_0445,entity_0744,1,test
entity_0729,entity_0771,0,train
entity_0771,entity_0729,0,test
entity_0687,entity_0845,0,train
entity_0845,entity_0687,0,test
entity_0370,entity_0592,1,train
entity_0592,entity_0370,1,test
entity_0670,entity_0541,1,train
entity_0541,entity_0670,1,test
entity_0288,entity_0378,1,train
entity_0378,entity_0288,1,test
entity_0736,entity_0173,0,train
entity_0173,entity_0736,0,test
entity_0775,entity_0252,0,train
entity_0252,entity_0775,0,test
entity_0435,entity_0646,1,train
entity_0646,entity_0435,1,test
entity_0469,entity_0077,0,train
entity_0077,entity_0469,0,test
entity_0856,entity_0147,1,train
entity_0147,entity_0856,1,test
entity_0927,entity_0746,0,train
entity_0746,entity_0927,0,validation
entity_0602,entity_0300,0,train
entity_0300,entity_0602,0,train
entity_0387,entity_0663,1,train
entity_0663,entity_0387,1,test
entity_0881,entity_0009,1,train
entity_0009,entity_0881,1,train
entity_0620,entity_0488,1,train
entity_0488,entity_0620,1,test
entity_0178,entity_0333,0,train
entity_0333,entity_0178,0,test
entity_0497,entity_0289,0,train
entity_0289,entity_0497,0,test
entity_0940,entity_0025,1,train
entity_0025,entity_0940,1,test
entity_0714,entity_0363,1,train
entity_0363,entity_0714,1,test
entity_0382,entity_0908,1,train
entity_0908,entity_0382,1,train
entity_0163,entity_0442,0,train
entity_0442,entity_0163,0,validation
entity_0316,entity_0599,1,train
entity_0599,entity_0316,1,test
entity_0387,entity_0492,1,train
entity_0492,entity_0387,1,test
entity_0832,entity_0589,0,train
entity_0589,entity_0832,0,train
entity_0685,entity_0700,1,train
entity_0700,entity_0685,1,test
entity_0526,entity_0835,1,train
entity_0835,entity_0526,1,validation
entity_0835,entity_0730,0,train
entity_0730,entity_0835,0,train
entity_0967,entity_0635,0,train
entity_0635,entity_0967,0,test
entity_0079,entity_0763,1,train
entity_0763,entity_0079,1,test
entity_0153,entity_0954,0,train
entity_0954,entity_0153,0,test
entity_0658,entity_0808,0,train
entity_0808,entity_0658,0,test
entity_0053,entity_0779,1,train
entity_0779,entity_0053,1,validation
entity_0977,entity_0972,1,train
entity_0972,entity_0977,1,test
entity_0960,entity_0469,1,train
entity_0469,entity_0960,1,test
entity_0453,entity_0937,0,train
entity_0937,entity_0453,0,validation
entity_0169,entity_0807,1,train
entity_0807,entity_0169,1,test
entity_0751,entity_0603,0,train
entity_0603,entity_0751,0,test
entity_0521,entity_0327,0,train
entity_0327,entity_0521,0,test
entity_0449,entity_0588,1,train
entity_0588,entity_0449,1,validation
entity_0132,entity_0202,0,train
entity_0202,entity_0132,0,validation
entity_0992,entity_0917,0,train
entity_0917,entity_0992,0,test
entity_0058,entity_0504,0,train
entity_0504,entity_0058,0,train
entity_0872,entity_0055,1,train
entity_0055,entity_0872,1,test
entity_0871,entity_0765,0,train
entity_0765,entity_0871,0,validation
entity_0059,entity_0503,0,train
entity_0503,entity_0059,0,test
entity_0072,entity_0447,1,train
entity_0447,entity_0072,1,test
entity_0987,entity_0247,1,train
entity_0247,entity_0987,1,train
entity_0879,entity_0230,0,train
entity_0230,entity_0879,0,test
entity_0661,entity_0652,1,train
entity_0652,entity_0661,1,validation
entity_0586,entity_0155,0,train
entity_0155,entity_0586,0,test
entity_0746,entity_0352,0,train
entity_0352,entity_0746,0,test
entity_0456,entity_0094,1,train
entity_0094,entity_0456,1,test
entity_0126,entity_0068,0,train
entity_0068,entity_0126,0,test
entity_0930,entity_0473,0,train
entity_0473,entity_0930,0,train
entity_0174,entity_0696,1,train
entity_0696,entity_0174,1,validation
entity_0247,entity_0800,0,train
entity_0800,entity_0247,0,test
entity_0223,entity_0721,0,train
entity_0721,entity_0223,0,test
entity_0949,entity_0139,1,train
entity_0139,entity_0949,1,test
entity_0002,entity_0753,1,train
entity_0753,entity_0002,1,test
entity_0013,entity_0743,1,train
entity_0743,entity_0013,1,test
entity_0653,entity_0063,0,train
entity_0063,entity_0653,0,test
entity_0569,entity_0597,0,train
entity_0597,entity_0569,0,test
entity_0471,entity_0309,1,train
entity_0309,entity_0471,1,test
entity_0958,entity_0531,0,train
entity_0531,entity_0958,0,test
entity_0862,entity_0415,0,train
entity_0415,entity_0862,0,test
entity_0425,entity_0782,1,train
entity_0782,entity_0425,1,test
entity_0149,entity_0529,1,train
entity_0529,entity_0149,1,test
entity_0603,entity_0532,1,train
entity_0532,entity_0603,1,test
entity_0883,entity_0211,0,train
entity_0211,entity_0883,0,test
entity_0005,entity_0872,1,train
entity_0872,entity_0005,1,test
entity_0591,entity_0574,0,train
entity_0574,entity_0591,0,test
entity_0373,entity_0987,0,train
entity_0987,entity_0373,0,test
entity_0801,entity_0315,0,train
entity_0315,entity_0801,0,validation
entity_0449,entity_0005,1,train
entity_0005,entity_0449,1,test
entity_0510,entity_0555,1,train
entity_0555,entity_0510,1,validation
entity_0524,entity_0639,0,train
entity_0639,entity_0524,0,test
entity_0488,entity_0357,0,train
entity_0357,entity_0488,0,test
entity_0346,entity_0718,0,train
entity_0718,entity_0346,0,test
entity_0420,entity_0189,0,train
entity_0189,entity_0420,0,validation
entity_0484,entity_0421,0,train
entity_0421,entity_0484,0,train
entity_0552,entity_0195,1,train
entity_0195,entity_0552,1,test
entity_0612,entity_0191,0,train
entity_0191,entity_0612,0,test
entity_0218,entity_0623,0,train
entity_0623,entity_0218,0,test
entity_0937,entity_0314,0,train
entity_0314,entity_0937,0,validation
entity_0834,entity_0376,1,train
entity_0376,entity_0834,1,validation
entity_0055,entity_0693,0,train
entity_0693,entity_0055,0,train
entity_0536,entity_0794,0,train
entity_0794,entity_0536,0,test
entity_0760,entity_0902,0,train
entity_0902,entity_0760,0,test
entity_0298,entity_0241,0,train
entity_0241,entity_0298,0,validation
entity_0919,entity_0963,1,train
entity_0963,entity_0919,1,validation
entity_0866,entity_0904,0,train
entity_0904,entity_0866,0,test
entity_0634,entity_0116,1,train
entity_0116,entity_0634,1,test
entity_0191,entity_0166,1,train
entity_0166,entity_0191,1,test
entity_0899,entity_0904,1,train
entity_0904,entity_0899,1,test
entity_0742,entity_0403,1,train
entity_0403,entity_0742,1,train
entity_0500,entity_0408,1,train
entity_0408,entity_0500,1,test
entity_0334,entity_0147,1,train
entity_0147,entity_0334,1,test
entity_0036,entity_0370,1,train
entity_0370,entity_0036,1,test
entity_0814,entity_0207,0,train
entity_0207,entity_0814,0,test
entity_0082,entity_0727,0,train
entity_0727,entity_0082,0,test
entity_0673,entity_0881,0,train
entity_0881,entity_0673,0,test
entity_0859,entity_0013,1,train
entity_0013,entity_0859,1,test
entity_0837,entity_0616,1,train
entity_0616,entity_0837,1,validation
entity_0618,entity_0038,1,train
entity_0038,entity_0618,1,test
entity_0181,entity_0989,0,train
entity_0989,entity_0181,0,test
entity_0221,entity_0357,0,train
entity_0357,entity_0221,0,validation
entity_0253,entity_0130,1,train
entity_0130,entity_0253,1,validation
entity_0518,entity_0162,0,train
entity_0162,entity_0518,0,validation
entity_0205,entity_0891,0,train
entity_0891,entity_0205,0,test
entity_0285,entity_0511,0,train
entity_0511,entity_0285,0,test
entity_0778,entity_0867,1,train
entity_0867,entity_0778,1,test
entity_0110,entity_0656,1,train
entity_0656,entity_0110,1,validation
entity_0783,entity_0137,1,train
entity_0137,entity_0783,1,test
entity_0274,entity_0701,1,train
entity_0701,entity_0274,1,test
entity_0200,entity_0357,1,train
entity_0357,entity_0200,1,test
entity_0105,entity_0011,1,train
entity_0011,entity_0105,1,test
entity_0041,entity_0585,0,train
entity_0585,entity_0041,0,validation
entity_0216,entity_0324,1,train
entity_0324,entity_0216,1,test
entity_0016,entity_0531,1,train
entity_0531,entity_0016,1,validation
entity_0850,entity_0109,1,train
entity_0109,entity_0850,1,test
entity_0418,entity_0933,1,train
entity_0933,entity_0418,1,test
entity_0282,entity_0995,1,train
entity_0995,entity_0282,1,test
entity_0941,entity_0948,1,train
entity_0948,entity_0941,1,test
entity_0196,entity_0487,1,train
entity_0487,entity_0196,1,validation
entity_0582,entity_0687,0,train
entity_0687,entity_0582,0,validation
entity_0008,entity_0070,0,train
entity_0070,entity_0008,0,test
entity_0481,entity_0601,0,train
entity_0601,entity_0481,0,test
entity_0586,entity_0934,0,train
entity_0934,entity_0586,0,test
entity_0907,entity_0916,0,train
entity_0916,entity_0907,0,test
entity_0577,entity_0926,0,train
entity_0926,entity_0577,0,train
entity_0751,entity_0771,0,train
entity_0771,entity_0751,0,test
entity_0110,entity_0856,1,train
entity_0856,entity_0110,1,test
entity_0601,entity_0015,1,train
entity_0015,entity_0601,1,test
entity_0561,entity_0626,1,train
entity_0626,entity_0561,1,test
entity_0038,entity_0155,0,train
entity_0155,entity_0038,0,test
entity_0484,entity_0369,0,train
entity_0369,entity_0484,0,train
entity_0040,entity_0791,1,train
entity_0791,entity_0040,1,test
entity_0145,entity_0947,0,train
entity_0947,entity_0145,0,test
entity_0219,entity_0216,1,train
entity_0216,entity_0219,1,validation
entity_0640,entity_0393,1,train
entity_0393,entity_0640,1,test
entity_0311,entity_0854,0,train
entity_0854,entity_0311,0,test
entity_0525,entity_0684,0,train
entity_0684,entity_0525,0,test
entity_0596,entity_0835,0,train
entity_0835,entity_0596,0,test
entity_0202,entity_0853,1,train
entity_0853,entity_0202,1,validation
entity_0721,entity_0292,0,train
entity_0292,entity_0721,0,test
entity_0953,entity_0056,1,train
entity_0056,entity_0953,1,test
entity_0256,entity_0916,0,train
entity_0916,entity_0256,0,test
entity_0964,entity_0769,0,train
entity_0769,entity_0964,0,validation
entity_0224,entity_0458,1,train
entity_0458,entity_0224,1,test
entity_0373,entity_0563,1,train
entity_0563,entity_0373,1,test
entity_0170,entity_0879,1,train
entity_0879,entity_0170,1,test
entity_0344,entity_0455,0,train
entity_0455,entity_0344,0,test
entity_0618,entity_0302,0,train
entity_0302,entity_0618,0,test
entity_0149,entity_0636,0,train
entity_0636,entity_0149,0,test
entity_0384,entity_0126,1,train
entity_0126,entity_0384,1,test
entity_0010,entity_0051,0,train
entity_0051,entity_0010,0,test
entity_0923,entity_0420,0,train
entity_0420,entity_0923,0,test
entity_0842,entity_0790,1,train
entity_0790,entity_0842,1,test
entity_0486,entity_0858,1,train
entity_0858,entity_0486,1,test
entity_0982,entity_0970,1,train
entity_0970,entity_0982,1,test
entity_0133,entity_0630,0,train
entity_0630,entity_0133,0,validation
entity_0198,entity_0910,1,train
entity_0910,entity_0198,1,validation
entity_0883,entity_0213,0,train
entity_0213,entity_0883,0,test
entity_0450,entity_0128,1,train
entity_0128,entity_0450,1,test
entity_0930,entity_0214,0,train
entity_0214,entity_0930,0,test
entity_0421,entity_0952,0,train
entity_0952,entity_0421,0,test
entity_0507,entity_0585,1,train
entity_0585,entity_0507,1,test
entity_0502,entity_0411,1,train
entity_0411,entity_0502,1,test
entity_0859,entity_0216,0,train
entity_0216,entity_0859,0,test
entity_0436,entity_0913,0,train
entity_0913,entity_0436,0,test
entity_0953,entity_0106,0,train
entity_0106,entity_0953,0,validation
entity_0570,entity_0218,0,train
entity_0218,entity_0570,0,test
entity_0683,entity_0800,1,train
entity_0800,entity_0683,1,test
entity_0389,entity_0755,1,train
entity_0755,entity_0389,1,validation
entity_0674,entity_0460,1,train
entity_0460,entity_0674,1,test
entity_0264,entity_0910,1,train
entity_0910,entity_0264,1,validation
entity_0805,entity_0849,1,train
entity_0849,entity_0805,1,test
entity_0460,entity_0150,1,train
entity_0150,entity_0460,1,test
entity_0889,entity_0661,1,train
entity_0661,entity_0889,1,test
entity_0777,entity_0475,1,train
entity_0475,entity_0777,1,test
entity_0953,entity_0291,1,train
entity_0291,entity_0953,1,test
entity_0355,entity_0566,1,train
entity_0566,entity_0355,1,test
entity_0856,entity_0656,1,train
entity_0656,entity_0856,1,test
entity_0764,entity_0704,1,train
entity_0704,entity_0764,1,train
entity_0405,entity_0975,0,train
entity_0975,entity_0405,0,validation
entity_0207,entity_0976,1,train
entity_0976,entity_0207,1,test
entity_0386,entity_0833,0,train
entity_0833,entity_0386,0,test
entity_0850,entity_0916,1,train
entity_0916,entity_0850,1,test
entity_0485,entity_0087,0,train
entity_0087,entity_0485,0,test
entity_0199,entity_0137,0,train
entity_0137,entity_0199,0,test
entity_0552,entity_0636,1,train
entity_0636,entity_0552,1,validation
entity_0008,entity_0690,0,train
entity_0690,entity_0008,0,test
entity_0310,entity_0912,0,train
entity_0912,entity_0310,0,train
entity_0543,entity_0571,0,train
entity_0571,entity_0543,0,test
entity_0551,entity_0385,1,train
entity_0385,entity_0551,1,test
entity_0139,entity_0985,1,train
entity_0985,entity_0139,1,test
entity_0388,entity_0020,1,train
entity_0020,entity_0388,1,test
entity_0024,entity_0416,0,train
entity_0416,entity_0024,0,test
entity_0618,entity_0341,1,train
entity_0341,entity_0618,1,validation
entity_0900,entity_0322,0,train
entity_0322,entity_0900,0,test
entity_0841,entity_0291,1,train
entity_0291,entity_0841,1,validation
entity_0920,entity_0596,0,train
entity_0596,entity_0920,0,test
entity_0467,entity_0465,1,train
entity_0465,entity_0467,1,test
entity_0706,entity_0414,0,train
entity_0414,entity_0706,0,test
entity_0526,entity_0530,1,train
entity_0530,entity_0526,1,test
entity_0016,entity_0843,1,train
entity_0843,entity_0016,1,train
entity_0465,entity_0425,0,train
entity_0425,entity_0465,0,test
entity_0293,entity_0437,0,train
entity_0437,entity_0293,0,test
entity_0587,entity_0290,0,train
entity_0290,entity_0587,0,test
entity_0414,entity_0567,1,train
entity_0567,entity_0414,1,test
entity_0659,entity_0279,1,train
entity_0279,entity_0659,1,test
entity_0399,entity_0641,1,train
entity_0641,entity_0399,1,validation
entity_0258,entity_0568,0,train
entity_0568,entity_0258,0,test
entity_0458,entity_0987,0,train
entity_0987,entity_0458,0,validation
entity_0111,entity_0132,0,train
entity_0132,entity_0111,0,test
entity_0450,entity_0161,0,train
entity_0161,entity_0450,0,train
entity_0612,entity_0040,0,train
entity_0040,entity_0612,0,test
entity_0558,entity_0262,0,train
entity_0262,entity_0558,0,test
entity_0984,entity_0340,0,train
entity_0340,entity_0984,0,train
entity_0431,entity_0217,0,train
entity_0217,entity_0431,0,validation
entity_0324,entity_0817,0,train
entity_0817,entity_0324,0,validation
entity_0154,entity_0626,0,train
entity_0626,entity_0154,0,test
entity_0509,entity_0053,1,train
entity_0053,entity_0509,1,test
entity_0624,entity_0013,1,train
entity_0013,entity_0624,1,validation
entity_0836,entity_0326,0,train
entity_0326,entity_0836,0,test
entity_0368,entity_0321,1,train
entity_0321,entity_0368,1,test
entity_0336,entity_0451,1,train
entity_0451,entity_0336,1,test
entity_0058,entity_0472,0,train
entity_0472,entity_0058,0,test
entity_0193,entity_0812,0,train
entity_0812,entity_0193,0,validation
entity_0845,entity_0016,1,train
entity_0016,entity_0845,1,train
entity_0936,entity_0719,0,train
entity_0719,entity_0936,0,test
entity_0300,entity_0489,1,train
entity_0489,entity_0300,1,validation
entity_0337,entity_0607,1,train
entity_0607,entity_0337,1,test
entity_0530,entity_0276,0,train
entity_0276,entity_0530,0,test
entity_0635,entity_0535,0,train
entity_0535,entity_0635,0,validation
entity_0883,entity_0561,1,train
entity_0561,entity_0883,1,test
entity_0143,entity_0172,1,train
entity_0172,entity_0143,1,test
entity_0600,entity_0231,0,train
entity_0231,entity_0600,0,test
entity_0861,entity_0230,1,train
entity_0230,entity_0861,1,test
entity_0616,entity_0091,1,train
entity_0091,entity_0616,1,train
entity_0687,entity_0971,1,train
entity_0971,entity_0687,1,test
entity_0784,entity_0642,0,train
entity_0642,entity_0784,0,test
entity_0905,entity_0746,0,train
entity_0746,entity_0905,0,test
entity_0708,entity_0630,0,train
entity_0630,entity_0708,0,test
entity_0520,entity_0243,0,train
entity_0243,entity_0520,0,test
entity_0678,entity_0744,1,train
entity_0744,entity_0678,1,validation
entity_0705,entity_0967,0,train
entity_0967,entity_0705,0,validation
entity_0740,entity_0164,1,train
entity_0164,entity_0740,1,test
entity_0733,entity_0806,1,train
entity_0806,entity_0733,1,test
entity_0847,entity_0997,1,train
entity_0997,entity_0847,1,test
entity_0074,entity_0512,0,train
entity_0512,entity_0074,0,train
entity_0282,entity_0412,0,train
entity_0412,entity_0282,0,test
entity_0231,entity_0910,0,train
entity_0910,entity_0231,0,test
entity_0903,entity_0210,1,train
entity_0210,entity_0903,1,test
entity_0216,entity_0535,0,train
entity_0535,entity_0216,0,test
entity_0053,entity_0256,0,train
entity_0256,entity_0053,0,test
entity_0697,entity_0815,1,train
entity_0815,entity_0697,1,test
entity_0611,entity_0240,0,train
entity_0240,entity_0611,0,validation
entity_0637,entity_0332,0,train
entity_0332,entity_0637,0,test
entity_0058,entity_0199,0,train
entity_0199,entity_0058,0,test
entity_0694,entity_0085,0,train
entity_0085,entity_0694,0,test
entity_0320,entity_0757,0,train
entity_0757,entity_0320,0,test
entity_0023,entity_0925,0,train
entity_0925,entity_0023,0,validation
entity_0179,entity_0248,0,train
entity_0248,entity_0179,0,test
entity_0708,entity_0133,0,train
entity_0133,entity_0708,0,test
entity_0977,entity_0038,0,train
entity_0038,entity_0977,0,test
entity_0986,entity_0897,1,train
entity_0897,entity_0986,1,validation
entity_0567,entity_0710,1,train
entity_0710,entity_0567,1,test
entity_0487,entity_0668,1,train
entity_0668,entity_0487,1,train
entity_0642,entity_0165,0,train
entity_0165,entity_0642,0,test
entity_0935,entity_0278,1,train
entity_0278,entity_0935,1,test
entity_0804,entity_0961,1,train
entity_0961,entity_0804,1,test
entity_0316,entity_0352,1,train
entity_0352,entity_0316,1,validation
entity_0005,entity_0743,0,train
entity_0743,entity_0005,0,test
entity_0654,entity_0299,1,train
entity_0299,entity_0654,1,test
entity_0971,entity_0664,1,train
entity_0664,entity_0971,1,test
entity_0181,entity_0865,0,train
entity_0865,entity_0181,0,validation
entity_0505,entity_0833,0,train
entity_0833,entity_0505,0,train
entity_0598,entity_0576,0,train
entity_0576,entity_0598,0,test
entity_0462,entity_0672,0,train
entity_0672,entity_0462,0,validation
entity_0088,entity_0801,1,train
entity_0801,entity_0088,1,train
entity_0933,entity_0367,0,train
entity_0367,entity_0933,0,test
entity_0657,entity_0644,0,train
entity_0644,entity_0657,0,test
entity_0882,entity_0117,0,train
entity_0117,entity_0882,0,validation
entity_0625,entity_0746,0,train
entity_0746,entity_0625,0,validation
entity_0227,entity_0441,0,train
entity_0441,entity_0227,0,validation
entity_0473,entity_0139,1,train
entity_0139,entity_0473,1,validation
entity_0284,entity_0535,1,train
entity_0535,entity_0284,1,validation
entity_0147,entity_0005,0,train
entity_0005,entity_0147,0,test
entity_0348,entity_0844,0,train
entity_0844,entity_0348,0,test
entity_0192,entity_0226,1,train
entity_0226,entity_0192,1,test
entity_0760,entity_0900,0,train
entity_0900,entity_0760,0,train
entity_0999,entity_0058,1,train
entity_0058,entity_0999,1,test
entity_0568,entity_0254,0,train
entity_0254,entity_0568,0,train
entity_0505,entity_0353,0,train
entity_0353,entity_0505,0,validation
entity_0836,entity_0698,0,train
entity_0698,entity_0836,0,test
entity_0295,entity_0893,0,train
entity_0893,entity_0295,0,test
entity_0446,entity_0247,1,train
entity_0247,entity_0446,1,test
entity_0393,entity_0221,1,train
entity_0221,entity_0393,1,test
entity_0997,entity_0988,1,train
entity_0988,entity_0997,1,validation
entity_0080,entity_0962,0,train
entity_0962,entity_0080,0,test
entity_0078,entity_0555,0,train
entity_0555,entity_0078,0,test
entity_0533,entity_0705,1,train
entity_0705,entity_0533,1,test
entity_0970,entity_0518,0,train
entity_0518,entity_0970,0,test
entity_0732,entity_0464,0,train
entity_0464,entity_0732,0,test
entity_0143,entity_0450,1,train
entity_0450,entity_0143,1,test
entity_0577,entity_0115,0,train
entity_0115,entity_0577,0,test
entity_0979,entity_0897,0,train
entity_0897,entity_0979,0,test
entity_0948,entity_0187,0,train
entity_0187,entity_0948,0,test
entity_0482,entity_0781,0,train
entity_0781,entity_0482,0,test
entity_0184,entity_0639,0,train
entity_0639,entity_0184,0,test
entity_0153,entity_0370,0,train
entity_0370,entity_0153,0,validation
entity_0578,entity_0680,0,train
entity_0680,entity_0578,0,test
entity_0829,entity_0930,1,train
entity_0930,entity_0829,1,test
entity_0591,entity_0482,0,train
entity_0482,entity_0591,0,test
entity_0768,entity_0278,1,train
entity_0278,entity_0768,1,validation
entity_0365,entity_0210,1,train
entity_0210,entity_0365,1,test
entity_0717,entity_0267,0,train
entity_0267,entity_0717,0,validation
entity_0362,entity_0521,0,train
entity_0521,entity_0362,0,test
entity_0740,entity_0952,1,train
entity_0952,entity_0740,1,test
entity_0328,entity_0126,1,train
entity_0126,entity_0328,1,train
entity_0554,entity_0602,1,train
entity_0602,entity_0554,1,validation
entity_0475,entity_0699,1,train
entity_0699,entity_0475,1,test
entity_0801,entity_0266,1,train
entity_0266,entity_0801,1,test
entity_0336,entity_0816,0,train
entity_0816,entity_0336,0,test
entity_0968,entity_0282,1,train
entity_0282,entity_0968,1,test
entity_0971,entity_0103,0,train
entity_0103,entity_0971,0,test
entity_0226,entity_0235,0,train
entity_0235,entity_0226,0,validation
entity_0090,entity_0261,0,train
entity_0261,entity_0090,0,test
entity_0235,entity_0564,0,train
entity_0564,entity_0235,0,test
entity_0922,entity_0707,0,train
entity_0707,entity_0922,0,validation
entity_0877,entity_0253,0,train
entity_0253,entity_0877,0,test
entity_0317,entity_0159,1,train
entity_0159,entity_0317,1,test
entity_0143,entity_0766,1,train
entity_0766,entity_0143,1,validation
entity_0248,entity_0448,1,train
entity_0448,entity_0248,1,test
entity_0099,entity_0999,1,train
entity_0999,entity_0099,1,test
entity_0631,entity_0356,1,train
entity_0356,entity_0631,1,test
entity_0532,entity_0958,1,train
entity_0958,entity_0532,1,test
entity_0901,entity_0069,0,train
entity_0069,entity_0901,0,test
entity_0019,entity_0913,1,train
entity_0913,entity_0019,1,test
entity_0630,entity_0142,1,train
entity_0142,entity_0630,1,validation
entity_0700,entity_0019,1,train
entity_0019,entity_0700,1,test
entity_0303,entity_0083,0,train
entity_0083,entity_0303,0,test
entity_0093,entity_0203,1,train
entity_0203,entity_0093,1,test
entity_0716,entity_0709,0,train
entity_0709,entity_0716,0,test
entity_0638,entity_0920,0,train
entity_0920,entity_0638,0,validation
entity_0951,entity_0623,0,train
entity_0623,entity_0951,0,test
entity_0375,entity_0795,1,train
entity_0795,entity_0375,1,test
entity_0695,entity_0596,0,train
entity_0596,entity_0695,0,test
entity_0202,entity_0007,1,train
entity_0007,entity_0202,1,train
entity_0021,entity_0669,0,train
entity_0669,entity_0021,0,test
entity_0270,entity_0915,0,train
entity_0915,entity_0270,0,test
entity_0817,entity_0131,0,train
entity_0131,entity_0817,0,test
entity_0503,entity_0629,0,train
entity_0629,entity_0503,0,test
entity_0790,entity_0322,1,train
entity_0322,entity_0790,1,test
entity_0521,entity_0697,1,train
entity_0697,entity_0521,1,test
entity_0621,entity_0340,0,train
entity_0340,entity_0621,0,test
entity_0992,entity_0424,0,train
entity_0424,entity_0992,0,test
entity_0182,entity_0960,1,train
entity_0960,entity_0182,1,test
entity_0906,entity_0207,0,train
entity_0207,entity_0906,0,test
entity_0307,entity_0937,0,train
entity_0937,entity_0307,0,validation
entity_0850,entity_0954,0,train
entity_0954,entity_0850,0,test
entity_0765,entity_0981,0,train
entity_0981,entity_0765,0,test
entity_0615,entity_0069,0,train
entity_0069,entity_0615,0,test
entity_0670,entity_0217,1,train
entity_0217,entity_0670,1,test
entity_0345,entity_0053,1,train
entity_0053,entity_0345,1,test
entity_0325,entity_0180,0,train
entity_0180,entity_0325,0,test
entity_0311,entity_0249,1,train
entity_0249,entity_0311,1,validation
entity_0986,entity_0934,1,train
entity_0934,entity_0986,1,test
entity_0420,entity_0793,1,train
entity_0793,entity_0420,1,test
entity_0192,entity_0165,1,train
entity_0165,entity_0192,1,validation
entity_0506,entity_0831,1,train
entity_0831,entity_0506,1,validation
entity_0484,entity_0107,1,train
entity_0107,entity_0484,1,test
entity_0114,entity_0683,0,train
entity_0683,entity_0114,0,test
entity_0071,entity_0864,0,train
entity_0864,entity_0071,0,test
entity_0114,entity_0846,1,train
entity_0846,entity_0114,1,test
entity_0387,entity_0246,0,train
entity_0246,entity_0387,0,validation
entity_0328,entity_0884,1,train
entity_0884,entity_0328,1,test
entity_0912,entity_0627,1,train
entity_0627,entity_0912,1,train
entity_0161,entity_0824,1,train
entity_0824,entity_0161,1,test
entity_0606,entity_0648,1,train
entity_0648,entity_0606,1,test
entity_0095,entity_0381,1,train
entity_0381,entity_0095,1,test
entity_0338,entity_0604,0,train
entity_0604,entity_0338,0,test
entity_0960,entity_0226,0,train
entity_0226,entity_0960,0,validation
entity_0233,entity_0644,0,train
entity_0644,entity_0233,0,validation
entity_0867,entity_0754,0,train
entity_0754,entity_0867,0,test
entity_0933,entity_0075,1,train
entity_0075,entity_0933,1,test
entity_0399,entity_0795,0,train
entity_0795,entity_0399,0,validation
entity_0688,entity_0516,0,train
entity_0516,entity_0688,0,test
entity_0181,entity_0775,0,train
entity_0775,entity_0181,0,validation
entity_0643,entity_0252,0,train
entity_0252,entity_0643,0,test
entity_0298,entity_0813,1,train
entity_0813,entity_0298,1,test
entity_0635,entity_0150,0,train
entity_0150,entity_0635,0,test
entity_0254,entity_0790,0,train
entity_0790,entity_0254,0,test
entity_0410,entity_0595,1,train
entity_0595,entity_0410,1,test
entity_0258,entity_0987,1,train
entity_0987,entity_0258,1,test
entity_0059,entity_0410,1,train
entity_0410,entity_0059,1,test
entity_0571,entity_0065,0,train
entity_0065,entity_0571,0,test
entity_0024,entity_0373,0,train
entity_0373,entity_0024,0,train
entity_0463,entity_0008,0,train
entity_0008,entity_0463,0,test
entity_0119,entity_0847,1,train
entity_0847,entity_0119,1,test
entity_0686,entity_0803,1,train
entity_0803,entity_0686,1,test
entity_0111,entity_0267,1,train
entity_0267,entity_0111,1,test
entity_0637,entity_0314,1,train
entity_0314,entity_0637,1,train
entity_0730,entity_0238,0,train
entity_0238,entity_0730,0,test
entity_0552,entity_0335,0,train
entity_0335,entity_0552,0,test
entity_0567,entity_0600,1,train
entity_0600,entity_0567,1,test
entity_0225,entity_0024,0,train
entity_0024,entity_0225,0,test
entity_0393,entity_0895,1,train
entity_0895,entity_0393,1,test
entity_0851,entity_0161,0,train
entity_0161,entity_0851,0,test
entity_0034,entity_0684,1,train
entity_0684,entity_0034,1,test
entity_0112,entity_0953,1,train
entity_0953,entity_0112,1,test
entity_0508,entity_0204,1,train
entity_0204,entity_0508,1,test
entity_0881,entity_0253,0,train
entity_0253,entity_0881,0,train
entity_0856,entity_0175,1,train
entity_0175,entity_0856,1,test
entity_0972,entity_0474,0,train
entity_0474,entity_0972,0,test
entity_0678,entity_0465,0,train
entity_0465,entity_0678,0,validation
entity_0528,entity_0236,1,train
entity_0236,entity_0528,1,test
entity_0678,entity_0953,1,train
entity_0953,entity_0678,1,test
entity_0633,entity_0592,1,train
entity_0592,entity_0633,1,test
entity_0867,entity_0123,1,train
entity_0123,entity_0867,1,test
entity_0872,entity_0103,1,train
entity_0103,entity_0872,1,test
entity_0134,entity_0620,1,train
entity_0620,entity_0134,1,validation
entity_0705,entity_0669,1,train
entity_0669,entity_0705,1,test
entity_0233,entity_0936,0,train
entity_0936,entity_0233,0,test
entity_0433,entity_0197,1,train
entity_0197,entity_0433,1,test
entity_0443,entity_0497,0,train
entity_0497,entity_0443,0,test
entity_0566,entity_0248,0,train
entity_0248,entity_0566,0,validation
entity_0766,entity_0678,0,train
entity_0678,entity_0766,0,validation
entity_0437,entity_0744,0,train
entity_0744,entity_0437,0,test
entity_0054,entity_0872,0,train
entity_0872,entity_0054,0,test
entity_0909,entity_0671,0,train
entity_0671,entity_0909,0,test
entity_0010,entity_0027,1,train
entity_0027,entity_0010,1,validation
entity_0131,entity_0255,1,train
entity_0255,entity_0131,1,validation
entity_0432,entity_0184,1,train
entity_0184,entity_0432,1,train
entity_0817,entity_0175,0,train
entity_0175,entity_0817,0,test
entity_0524,entity_0188,1,train
entity_0188,entity_0524,1,test
entity_0398,entity_0564,1,train
entity_0564,entity_0398,1,test
entity_0590,entity_0177,1,train
entity_0177,entity_0590,1,test
entity_0485,entity_0685,0,train
entity_0685,entity_0485,0,test
entity_0177,entity_0026,1,train
entity_0026,entity_0177,1,test
entity_0956,entity_0206,0,train
entity_0206,entity_0956,0,test
entity_0715,entity_0173,1,train
entity_0173,entity_0715,1,test
entity_0303,entity_0772,1,train
entity_0772,entity_0303,1,test
entity_0349,entity_0215,0,train
entity_0215,entity_0349,0,test
entity_0972,entity_0262,1,train
entity_0262,entity_0972,1,test
entity_0132,entity_0437,1,train
entity_0437,entity_0132,1,test
entity_0952,entity_0701,0,train
entity_0701,entity_0952,0,test
entity_0075,entity_0316,1,train
entity_0316,entity_0075,1,test
entity_0541,entity_0197,1,train
entity_0197,entity_0541,1,validation
entity_0049,entity_0281,1,train
entity_0281,entity_0049,1,test
entity_0507,entity_0578,0,train
entity_0578,entity_0507,0,test
entity_0128,entity_0853,0,train
entity_0853,entity_0128,0,test
entity_0396,entity_0647,0,train
entity_0647,entity_0396,0,train
entity_0383,entity_0786,0,train
entity_0786,entity_0383,0,train
entity_0445,entity_0056,1,train
entity_0056,entity_0445,1,test
entity_0205,entity_0067,1,train
entity_0067,entity_0205,1,test
entity_0896,entity_0206,1,train
entity_0206,entity_0896,1,test
entity_0040,entity_0833,1,train
entity_0833,entity_0040,1,validation
entity_0030,entity_0333,1,train
entity_0333,entity_0030,1,test
entity_0915,entity_0036,0,train
entity_0036,entity_0915,0,test
entity_0717,entity_0773,1,train
entity_0773,entity_0717,1,test
entity_0643,entity_0805,0,train
entity_0805,entity_0643,0,test
entity_0040,entity_0394,1,train
entity_0394,entity_0040,1,test
entity_0201,entity_0818,0,train
entity_0818,entity_0201,0,test
entity_0335,entity_0654,1,train
entity_0654,entity_0335,1,test
entity_0168,entity_0747,0,train
entity_0747,entity_0168,0,test
entity_0168,entity_0911,1,train
entity_0911,entity_0168,1,validation
entity_0725,entity_0641,0,train
entity_0641,entity_0725,0,test
entity_0731,entity_0693,1,train
entity_0693,entity_0731,1,train
entity_0973,entity_0170,0,train
entity_0170,entity_0973,0,test
entity_0230,entity_0702,1,train
entity_0702,entity_0230,1,test
entity_0534,entity_0166,0,train
entity_0166,entity_0534,0,test
entity_0579,entity_0544,1,train
entity_0544,entity_0579,1,test
entity_0682,entity_0257,1,train
entity_0257,entity_0682,1,test
entity_0460,entity_0827,1,train
entity_0827,entity_0460,1,test
entity_0390,entity_0228,1,train
entity_0228,entity_0390,1,test
entity_0524,entity_0342,1,train
entity_0342,entity_0524,1,validation
entity_0940,entity_0547,1,train
entity_0547,entity_0940,1,test
entity_0089,entity_0275,1,train
entity_0275,entity_0089,1,validation
entity_0836,entity_0797,1,train
entity_0797,entity_0836,1,test
entity_0482,entity_0169,1,train
entity_0169,entity_0482,1,validation
entity_0814,entity_0988,0,train
entity_0988,entity_0814,0,test
entity_0915,entity_0342,0,train
entity_0342,entity_0915,0,validation
entity_0453,entity_0410,1,train
entity_0410,entity_0453,1,test
entity_0903,entity_0805,0,train
entity_0805,entity_0903,0,test
entity_0766,entity_0645,1,train
entity_0645,entity_0766,1,test
entity_0703,entity_0203,1,train
entity_0203,entity_0703,1,test
entity_0895,entity_0589,0,train
entity_0589,entity_0895,0,test
entity_0018,entity_0393,1,train
entity_0393,entity_0018,1,train
entity_0442,entity_0636,0,train
entity_0636,entity_0442,0,test
entity_0758,entity_0753,0,train
entity_0753,entity_0758,0,validation
entity_0791,entity_0294,0,train
entity_0294,entity_0791,0,validation
entity_0629,entity_0328,0,train
entity_0328,entity_0629,0,test
entity_0120,entity_0333,1,train
entity_0333,entity_0120,1,test
entity_0231,entity_0428,1,train
entity_0428,entity_0231,1,test
entity_0967,entity_0832,0,train
entity_0832,entity_0967,0,test
entity_0748,entity_0847,0,train
entity_0847,entity_0748,0,test
entity_0198,entity_0849,1,train
entity_0849,entity_0198,1,test
entity_0260,entity_0481,0,train
entity_0481,entity_0260,0,test
entity_0427,entity_0618,0,train
entity_0618,entity_0427,0,train
entity_0869,entity_0872,0,train
entity_0872,entity_0869,0,validation
entity_0889,entity_0825,1,train
entity_0825,entity_0889,1,test
entity_0981,entity_0503,0,train
entity_0503,entity_0981,0,train
entity_0375,entity_0933,0,train
entity_0933,entity_0375,0,test
entity_0061,entity_0458,0,train
entity_0458,entity_0061,0,test
entity_0238,entity_0900,0,train
entity_0900,entity_0238,0,test
entity_0002,entity_0619,1,train
entity_0619,entity_0002,1,test
entity_0254,entity_0914,0,train
entity_0914,entity_0254,0,train
entity_0968,entity_0213,1,train
entity_0213,entity_0968,1,test
entity_0442,entity_0703,0,train
entity_0703,entity_0442,0,validation
entity_0115,entity_0640,0,train
entity_0640,entity_0115,0,test
entity_0192,entity_0124,1,train
entity_0124,entity_0192,1,validation
entity_0718,entity_0152,0,train
entity_0152,entity_0718,0,validation
entity_0979,entity_0483,1,train
entity_0483,entity_0979,1,test
entity_0327,entity_0632,0,train
entity_0632,entity_0327,0,train
entity_0531,entity_0659,0,train
entity_0659,entity_0531,0,validation
entity_0405,entity_0946,1,train
entity_0946,entity_0405,1,test
entity_0050,entity_0827,1,train
entity_0827,entity_0050,1,test
entity_1000,entity_0357,0,train
entity_0357,entity_1000,0,test
entity_0062,entity_0733,0,train
entity_0733,entity_0062,0,train
entity_0405,entity_0391,0,train
entity_0391,entity_0405,0,test
entity_0443,entity_0520,0,train
entity_0520,entity_0443,0,test
entity_0928,entity_0242,1,train
entity_0242,entity_0928,1,train
entity_0265,entity_0909,1,train
entity_0909,entity_0265,1,test
entity_0916,entity_0118,1,train
entity_0118,entity_0916,1,test
entity_0087,entity_0711,1,train
entity_0711,entity_0087,1,test
entity_0324,entity_0219,1,train
entity_0219,entity_0324,1,validation
entity_0635,entity_0911,1,train
entity_0911,entity_0635,1,train
entity_0527,entity_0712,1,train
entity_0712,entity_0527,1,test
entity_0087,entity_0820,1,train
entity_0820,entity_0087,1,train
entity_0272,entity_0907,0,train
entity_0907,entity_0272,0,test
entity_0949,entity_0356,0,train
entity_0356,entity_0949,0,test
entity_0589,entity_0472,0,train
entity_0472,entity_0589,0,test
entity_0762,entity_0402,1,train
entity_0402,entity_0762,1,test
entity_0197,entity_0964,1,train
entity_0964,entity_0197,1,test
entity_0723,entity_0128,0,train
entity_0128,entity_0723,0,train
entity_0466,entity_0295,0,train
entity_0295,entity_0466,0,test
entity_0738,entity_0086,1,train
entity_0086,entity_0738,1,test
entity_0678,entity_0505,0,train
entity_0505,entity_0678,0,test
entity_0758,entity_0143,1,train
entity_0143,entity_0758,1,test
entity_0693,entity_0820,0,train
entity_0820,entity_0693,0,test
entity_0450,entity_0392,1,train
entity_0392,entity_0450,1,train
entity_0734,entity_0312,1,train
entity_0312,entity_0734,1,test
entity_0608,entity_0967,1,train
entity_0967,entity_0608,1,test
entity_0804,entity_0015,0,train
entity_0015,entity_0804,0,validation
entity_0803,entity_0728,1,train
entity_0728,entity_0803,1,train
entity_0421,entity_0762,1,train
entity_0762,entity_0421,1,test
entity_0183,entity_0987,0,train
entity_0987,entity_0183,0,validation
entity_0567,entity_0096,1,train
entity_0096,entity_0567,1,validation
entity_0873,entity_0818,1,train
entity_0818,entity_0873,1,test
entity_0704,entity_0071,0,train
entity_0071,entity_0704,0,test
entity_0068,entity_0358,1,train
entity_0358,entity_0068,1,test
entity_0869,entity_0709,0,train
entity_0709,entity_0869,0,test
entity_0522,entity_0695,1,train
entity_0695,entity_0522,1,test
entity_0475,entity_0315,0,train
entity_0315,entity_0475,0,train
entity_0483,entity_0236,0,train
entity_0236,entity_0483,0,validation
entity_0119,entity_0845,0,train
entity_0845,entity_0119,0,test
entity_0899,entity_0981,0,train
entity_0981,entity_0899,0,test
entity_0620,entity_0785,0,train
entity_0785,entity_0620,0,test
entity_0589,entity_0826,0,train
entity_0826,entity_0589,0,test
entity_0494,entity_0031,1,train
entity_0031,entity_0494,1,validation
entity_0740,entity_0395,1,train
entity_0395,entity_0740,1,test
entity_0626,entity_0139,1,train
entity_0139,entity_0626,1,validation
entity_0304,entity_0439,1,train
entity_0439,entity_0304,1,validation
entity_0988,entity_0414,0,train
entity_0414,entity_0988,0,test
entity_0711,entity_0183,1,train
entity_0183,entity_0711,1,test
entity_0691,entity_0043,1,train
entity_0043,entity_0691,1,validation
entity_0352,entity_0924,0,train
entity_0924,entity_0352,0,test
entity_0759,entity_0796,0,train
entity_0796,entity_0759,0,test
entity_0953,entity_0052,1,train
entity_0052,entity_0953,1,test
entity_0367,entity_0927,1,train
entity_0927,entity_0367,1,test
entity_0943,entity_0472,0,train
entity_0472,entity_0943,0,test
entity_0215,entity_0107,0,train
entity_0107,entity_0215,0,test
entity_0793,entity_0493,1,train
entity_0493,entity_0793,1,test
entity_0676,entity_0682,1,train
entity_0682,entity_0676,1,test
entity_0717,entity_0196,1,train
entity_0196,entity_0717,1,train
entity_0046,entity_0367,0,train
entity_0367,entity_0046,0,test
entity_0097,entity_0439,1,train
entity_0439,entity_0097,1,test
entity_0686,entity_0748,1,train
entity_0748,entity_0686,1,test
entity_0619,entity_0654,0,train
entity_0654,entity_0619,0,validation
entity_0748,entity_0803,1,train
entity_0803,entity_0748,1,test
entity_0849,entity_0912,0,train
entity_0912,entity_0849,0,test
entity_0928,entity_0669,0,train
entity_0669,entity_0928,0,test
entity_0891,entity_0803,0,train
entity_0803,entity_0891,0,test
entity_0844,entity_0428,0,train
entity_0428,entity_0844,0,test
entity_0300,entity_0097,0,train
entity_0097,entity_0300,0,test
entity_0854,entity_0755,1,train
entity_0755,entity_0854,1,test
entity_0358,entity_0936,0,train
entity_0936,entity_0358,0,validation
entity_0872,entity_0815,0,train
entity_0815,entity_0872,0,test
entity_0904,entity_0504,0,train
entity_0504,entity_0904,0,test
entity_0691,entity_0320,1,train
entity_0320,entity_0691,1,validation
entity_0774,entity_0117,0,train
entity_0117,entity_0774,0,test
entity_0702,entity_0046,1,train
entity_0046,entity_0702,1,test
entity_0904,entity_0786,0,train
entity_0786,entity_0904,0,test
entity_0409,entity_0003,0,train
entity_0003,entity_0409,0,train
entity_0217,entity_0665,0,train
entity_0665,entity_0217,0,test
entity_0835,entity_0284,0,train
entity_0284,entity_0835,0,test
entity_0361,entity_0249,1,train
entity_0249,entity_0361,1,test
entity_0330,entity_0208,0,train
entity_0208,entity_0330,0,validation
entity_0874,entity_0331,0,train
entity_0331,entity_0874,0,test
entity_0905,entity_0548,1,train
entity_0548,entity_0905,1,test
entity_0995,entity_0968,1,train
entity_0968,entity_0995,1,validation
entity_0459,entity_0921,0,train
entity_0921,entity_0459,0,validation
entity_0701,entity_0533,1,train
entity_0533,entity_0701,1,test
entity_0689,entity_0580,1,train
entity_0580,entity_0689,1,test
entity_0271,entity_0974,0,train
entity_0974,entity_0271,0,validation
entity_0544,entity_0632,0,train
entity_0632,entity_0544,0,test
entity_0839,entity_0029,1,train
entity_0029,entity_0839,1,test
entity_0481,entity_0960,1,train
entity_0960,entity_0481,1,train
entity_0989,entity_0536,0,train
entity_0536,entity_0989,0,test
entity_0057,entity_0426,1,train
entity_0426,entity_0057,1,train
entity_0349,entity_0383,0,train
entity_0383,entity_0349,0,test
entity_0419,entity_0950,1,train
entity_0950,entity_0419,1,validation
entity_0098,entity_0036,0,train
entity_0036,entity_0098,0,test
entity_0030,entity_0167,1,train
entity_0167,entity_0030,1,test
entity_0691,entity_0636,1,train
entity_0636,entity_0691,1,train
entity_0365,entity_0326,1,train
entity_0326,entity_0365,1,test
entity_0852,entity_0509,1,train
entity_0509,entity_0852,1,test
entity_0307,entity_0148,1,train
entity_0148,entity_0307,1,test
entity_0518,entity_0106,1,train
entity_0106,entity_0518,1,test
entity_0501,entity_0132,0,train
entity_0132,entity_0501,0,test
entity_0064,entity_0395,0,train
entity_0395,entity_0064,0,test
entity_0078,entity_0882,0,train
entity_0882,entity_0078,0,test
entity_0519,entity_0896,0,train
entity_0896,entity_0519,0,validation
entity_0642,entity_0681,1,train
entity_0681,entity_0642,1,train
entity_0887,entity_0949,1,train
entity_0949,entity_0887,1,validation
entity_0986,entity_0929,0,train
entity_0929,entity_0986,0,train
entity_0570,entity_0009,1,train
entity_0009,entity_0570,1,validation
entity_0524,entity_0491,1,train
entity_0491,entity_0524,1,test
entity_0113,entity_0693,0,train
entity_0693,entity_0113,0,validation
entity_0556,entity_0606,1,train
entity_0606,entity_0556,1,test
entity_0288,entity_0973,0,train
entity_0973,entity_0288,0,test
entity_0201,entity_0677,1,train
entity_0677,entity_0201,1,test
entity_0028,entity_0224,1,train
entity_0224,entity_0028,1,test
entity_0223,entity_0495,1,train
entity_0495,entity_0223,1,test
entity_0721,entity_0130,0,train
entity_0130,entity_0721,0,test
entity_0847,entity_0006,1,train
entity_0006,entity_0847,1,test
entity_0934,entity_0602,1,train
entity_0602,entity_0934,1,test
entity_0172,entity_0425,0,train
entity_0425,entity_0172,0,validation
entity_0467,entity_0802,1,train
entity_0802,entity_0467,1,test
entity_0176,entity_0335,1,train
entity_0335,entity_0176,1,validation
entity_0808,entity_0399,1,train
entity_0399,entity_0808,1,test
entity_0477,entity_0974,0,train
entity_0974,entity_0477,0,test
entity_0488,entity_0248,1,train
entity_0248,entity_0488,1,test
entity_0235,entity_0377,1,train
entity_0377,entity_0235,1,train
entity_0546,entity_0229,1,train
entity_0229,entity_0546,1,test
entity_0646,entity_0367,0,train
entity_0367,entity_0646,0,test
entity_0037,entity_0780,0,train
entity_0780,entity_0037,0,validation
entity_0977,entity_0897,0,train
entity_0897,entity_0977,0,test
entity_0295,entity_0302,0,train
entity_0302,entity_0295,0,validation
entity_0733,entity_0063,1,train
entity_0063,entity_0733,1,validation
entity_0582,entity_0286,0,train
entity_0286,entity_0582,0,test
entity_0579,entity_0163,1,train
entity_0163,entity_0579,1,train
entity_0367,entity_0538,0,train
entity_0538,entity_0367,0,test
entity_0667,entity_0823,1,train
entity_0823,entity_0667,1,validation
entity_0105,entity_0664,0,train
entity_0664,entity_0105,0,test
entity_0978,entity_0891,0,train
entity_0891,entity_0978,0,test
entity_0649,entity_0126,1,train
entity_0126,entity_0649,1,test
entity_0299,entity_0505,0,train
entity_0505,entity_0299,0,validation
entity_0816,entity_0324,0,train
entity_0324,entity_0816,0,test
entity_0576,entity_0812,0,train
entity_0812,entity_0576,0,validation
entity_0841,entity_0303,0,train
entity_0303,entity_0841,0,test
entity_0387,entity_0443,0,train
entity_0443,entity_0387,0,test
entity_0376,entity_0279,1,train
entity_0279,entity_0376,1,test
entity_0841,entity_0445,1,train
entity_0445,entity_0841,1,test
entity_0239,entity_0640,0,train
entity_0640,entity_0239,0,train
entity_0867,entity_0803,0,train
entity_0803,entity_0867,0,test
entity_0619,entity_0170,0,train
entity_0170,entity_0619,0,test
entity_0581,entity_0081,0,train
entity_0081,entity_0581,0,test
entity_0191,entity_0277,0,train
entity_0277,entity_0191,0,validation
entity_0693,entity_0161,1,train
entity_0161,entity_0693,1,validation
entity_0435,entity_0069,1,train
entity_0069,entity_0435,1,validation
entity_0926,entity_0996,0,train
entity_0996,entity_0926,0,validation
entity_0223,entity_0866,1,train
entity_0866,entity_0223,1,test
entity_0241,entity_0086,1,train
entity_0086,entity_0241,1,test
entity_0779,entity_0685,0,train
entity_0685,entity_0779,0,test
entity_0861,entity_0011,1,train
entity_0011,entity_0861,1,test
entity_0411,entity_0253,0,train
entity_0253,entity_0411,0,train
entity_0803,entity_0633,0,train
entity_0633,entity_0803,0,test
entity_0875,entity_0531,0,train
entity_0531,entity_0875,0,test
entity_0118,entity_0430,0,train
entity_0430,entity_0118,0,test
entity_0563,entity_0203,0,train
entity_0203,entity_0563,0,test
entity_0931,entity_0190,1,train
entity_0190,entity_0931,1,test
entity_0880,entity_0472,1,train
entity_0472,entity_0880,1,test
entity_0139,entity_0883,1,train
entity_0883,entity_0139,1,test
entity_0811,entity_0789,0,train
entity_0789,entity_0811,0,test
entity_0061,entity_0222,1,train
entity_0222,entity_0061,1,test
entity_0239,entity_0488,1,train
entity_0488,entity_0239,1,test
entity_0831,entity_0241,0,train
entity_0241,entity_0831,0,validation
entity_0759,entity_0031,1,train
entity_0031,entity_0759,1,test
entity_0499,entity_0867,0,train
entity_0867,entity_0499,0,validation
entity_0856,entity_0630,1,train
entity_0630,entity_0856,1,test
entity_0482,entity_0821,0,train
entity_0821,entity_0482,0,validation
entity_0651,entity_0946,0,train
entity_0946,entity_0651,0,test
entity_0512,entity_0282,1,train
entity_0282,entity_0512,1,train
entity_0886,entity_0072,0,train
entity_0072,entity_0886,0,test
entity_0798,entity_0407,1,train
entity_0407,entity_0798,1,validation
entity_0783,entity_0142,0,train
entity_0142,entity_0783,0,test
entity_0854,entity_0012,0,train
entity_0012,entity_0854,0,test
entity_0257,entity_0401,1,train
entity_0401,entity_0257,1,test
entity_0287,entity_0466,1,train
entity_0466,entity_0287,1,test
entity_0349,entity_0735,0,train
entity_0735,entity_0349,0,test
entity_0075,entity_0211,1,train
entity_0211,entity_0075,1,test
entity_0113,entity_0320,1,train
entity_0320,entity_0113,1,train
entity_0379,entity_0329,1,train
entity_0329,entity_0379,1,validation
entity_0280,entity_0220,1,train
entity_0220,entity_0280,1,test
entity_0237,entity_0188,1,train
entity_0188,entity_0237,1,validation
entity_0070,entity_0797,0,train
entity_0797,entity_0070,0,test
entity_0811,entity_0339,1,train
entity_0339,entity_0811,1,test
entity_0659,entity_0746,1,train
entity_0746,entity_0659,1,test
entity_0810,entity_0652,1,train
entity_0652,entity_0810,1,train
entity_0653,entity_0390,1,train
entity_0390,entity_0653,1,validation
entity_0576,entity_0955,0,train
entity_0955,entity_0576,0,test
entity_0945,entity_1000,1,train
entity_1000,entity_0945,1,test
entity_0939,entity_0112,0,train
entity_0112,entity_0939,0,test
entity_0069,entity_0926,0,train
entity_0926,entity_0069,0,test
entity_0599,entity_0225,0,train
entity_0225,entity_0599,0,test
entity_0567,entity_0994,0,train
entity_0994,entity_0567,0,test
entity_0415,entity_0934,1,train
entity_0934,entity_0415,1,test
entity_0833,entity_0632,1,train
entity_0632,entity_0833,1,validation
entity_0136,entity_0677,1,train
entity_0677,entity_0136,1,train
entity_0569,entity_0875,1,train
entity_0875,entity_0569,1,test
entity_0156,entity_0002,1,train
entity_0002,entity_0156,1,test
entity_0893,entity_0589,1,train
entity_0589,entity_0893,1,validation
entity_0147,entity_0656,1,train
entity_0656,entity_0147,1,test
entity_0016,entity_0946,0,train
entity_0946,entity_0016,0,test
entity_0579,entity_0846,0,train
entity_0846,entity_0579,0,test
entity_0559,entity_0895,1,train
entity_0895,entity_0559,1,test
entity_0231,entity_0324,1,train
entity_0324,entity_0231,1,test
entity_0955,entity_0204,1,train
entity_0204,entity_0955,1,test
entity_0914,entity_0558,1,train
entity_0558,entity_0914,1,test
entity_0563,entity_0101,1,train
entity_0101,entity_0563,1,train
entity_0073,entity_0861,1,train
entity_0861,entity_0073,1,train
entity_0574,entity_0605,1,train
entity_0605,entity_0574,1,validation
entity_0234,entity_0940,0,train
entity_0940,entity_0234,0,test
entity_0587,entity_0407,0,train
entity_0407,entity_0587,0,test
entity_0341,entity_0773,0,train
entity_0773,entity_0341,0,test
entity_0852,entity_0779,1,train
entity_0779,entity_0852,1,test
entity_0776,entity_0269,1,train
entity_0269,entity_0776,1,test
entity_0979,entity_0294,1,train
entity_0294,entity_0979,1,validation
entity_0062,entity_0591,0,train
entity_0591,entity_0062,0,test
entity_0786,entity_0479,1,train
entity_0479,entity_0786,1,test
entity_0072,entity_0335,0,train
entity_0335,entity_0072,0,test
entity_0079,entity_0462,0,train
entity_0462,entity_0079,0,test
entity_0103,entity_0631,0,train
entity_0631,entity_0103,0,validation
entity_0795,entity_0707,1,train
entity_0707,entity_0795,1,test
entity_0310,entity_0700,1,train
entity_0700,entity_0310,1,test
entity_0239,entity_0912,0,train
entity_0912,entity_0239,0,test
entity_0777,entity_0887,0,train
entity_0887,entity_0777,0,test
entity_0962,entity_0786,1,train
entity_0786,entity_0962,1,test
entity_0588,entity_0872,1,train
entity_0872,entity_0588,1,test
entity_0427,entity_0663,1,train
entity_0663,entity_0427,1,test
entity_0436,entity_0927,1,train
entity_0927,entity_0436,1,validation
entity_0904,entity_0228,1,train
entity_0228,entity_0904,1,test
entity_0783,entity_0743,1,train
entity_0743,entity_0783,1,test
entity_0726,entity_0579,0,train
entity_0579,entity_0726,0,test
entity_0315,entity_0547,1,train
entity_0547,entity_0315,1,test
entity_0326,entity_0984,1,train
entity_0984,entity_0326,1,test
entity_0614,entity_0544,1,train
entity_0544,entity_0614,1,train
entity_0025,entity_0826,0,train
entity_0826,entity_0025,0,test
entity_0893,entity_0924,1,train
entity_0924,entity_0893,1,test
entity_0280,entity_0393,1,train
entity_0393,entity_0280,1,test
entity_0613,entity_0819,1,train
entity_0819,entity_0613,1,test
entity_0549,entity_0647,0,train
entity_0647,entity_0549,0,train
entity_0815,entity_0848,0,train
entity_0848,entity_0815,0,test
entity_0675,entity_0294,0,train
entity_0294,entity_0675,0,test
entity_0267,entity_0791,0,train
entity_0791,entity_0267,0,test
entity_0880,entity_0323,0,train
entity_0323,entity_0880,0,test
entity_0053,entity_0201,0,train
entity_0201,entity_0053,0,validation
entity_0519,entity_0749,1,train
entity_0749,entity_0519,1,test
entity_0647,entity_0667,0,train
entity_0667,entity_0647,0,test
entity_0272,entity_0140,0,train
entity_0140,entity_0272,0,test
entity_0377,entity_0337,0,train
entity_0337,entity_0377,0,test
entity_0351,entity_0639,1,train
entity_0639,entity_0351,1,train
entity_0701,entity_0430,1,train
entity_0430,entity_0701,1,test
entity_0042,entity_0084,1,train
entity_0084,entity_0042,1,test
entity_0199,entity_0785,1,train
entity_0785,entity_0199,1,test
entity_0643,entity_0607,1,train
entity_0607,entity_0643,1,test
entity_0382,entity_0976,1,train
entity_0976,entity_0382,1,train
entity_0762,entity_0332,0,train
entity_0332,entity_0762,0,test
entity_0448,entity_0821,0,train
entity_0821,entity_0448,0,train
entity_0646,entity_0694,1,train
entity_0694,entity_0646,1,test
entity_0826,entity_0424,1,train
entity_0424,entity_0826,1,validation
entity_0561,entity_0935,0,train
entity_0935,entity_0561,0,test
entity_0372,entity_0672,1,train
entity_0672,entity_0372,1,validation
entity_0672,entity_0082,0,train
entity_0082,entity_0672,0,test
entity_0631,entity_0391,0,train
entity_0391,entity_0631,0,test
entity_0441,entity_0579,0,train
entity_0579,entity_0441,0,validation
entity_0016,entity_0695,0,train
entity_0695,entity_0016,0,test
entity_0741,entity_0302,1,train
entity_0302,entity_0741,1,test
entity_0855,entity_0501,1,train
entity_0501,entity_0855,1,test
entity_0097,entity_0466,1,train
entity_0466,entity_0097,1,validation
entity_0371,entity_0011,1,train
entity_0011,entity_0371,1,train
entity_0671,entity_0927,0,train
entity_0927,entity_0671,0,test
entity_0435,entity_0648,1,train
entity_0648,entity_0435,1,test
entity_0613,entity_0157,1,train
entity_0157,entity_0613,1,test
entity_0241,entity_0840,0,train
entity_0840,entity_0241,0,test
entity_0965,entity_0222,1,train
entity_0222,entity_0965,1,validation
entity_0457,entity_0668,0,train
entity_0668,entity_0457,0,test
entity_0043,entity_0311,0,train
entity_0311,entity_0043,0,validation
entity_0329,entity_0567,1,train
entity_0567,entity_0329,1,test
entity_0028,entity_0814,1,train
entity_0814,entity_0028,1,test
entity_0250,entity_0442,1,train
entity_0442,entity_0250,1,test
entity_0012,entity_0479,0,train
entity_0479,entity_0012,0,test
entity_0605,entity_0905,0,train
entity_0905,entity_0605,0,train
entity_0878,entity_0765,1,train
entity_0765,entity_0878,1,test
entity_0538,entity_0199,0,train
entity_0199,entity_0538,0,test
entity_0381,entity_0117,0,train
entity_0117,entity_0381,0,test
entity_0462,entity_0647,0,train
entity_0647,entity_0462,0,validation
entity_0851,entity_0768,0,train
entity_0768,entity_0851,0,test
entity_0995,entity_0512,1,train
entity_0512,entity_0995,1,test
entity_0335,entity_0800,1,train
entity_0800,entity_0335,1,train
entity_0095,entity_0376,0,train
entity_0376,entity_0095,0,test
entity_0494,entity_0932,0,train
entity_0932,entity_0494,0,validation
entity_0876,entity_0373,1,train
entity_0373,entity_0876,1,test
entity_0847,entity_0536,1,train
entity_0536,entity_0847,1,validation
entity_0721,entity_0391,1,train
entity_0391,entity_0721,1,test
entity_0060,entity_0874,1,train
entity_0874,entity_0060,1,validation
entity_0502,entity_0155,0,train
entity_0155,entity_0502,0,test
entity_0715,entity_0709,0,train
entity_0709,entity_0715,0,validation
entity_0456,entity_0788,0,train
entity_0788,entity_0456,0,test
entity_0779,entity_0797,0,train
entity_0797,entity_0779,0,test
entity_0055,entity_0792,0,train
entity_0792,entity_0055,0,test
entity_0228,entity_0152,0,train
entity_0152,entity_0228,0,test
entity_0991,entity_0983,1,train
entity_0983,entity_0991,1,test
entity_0217,entity_0600,0,train
entity_0600,entity_0217,0,test
entity_0109,entity_0336,0,train
entity_0336,entity_0109,0,test
entity_0351,entity_0144,0,train
entity_0144,entity_0351,0,test
entity_0107,entity_0559,0,train
entity_0559,entity_0107,0,train
entity_0704,entity_0801,1,train
entity_0801,entity_0704,1,test
entity_0293,entity_0951,1,train
entity_0951,entity_0293,1,test
entity_0306,entity_0719,1,train
entity_0719,entity_0306,1,validation
entity_0164,entity_0471,0,train
entity_0471,entity_0164,0,train
entity_0066,entity_0958,0,train
entity_0958,entity_0066,0,test
entity_0155,entity_0476,0,train
entity_0476,entity_0155,0,test
entity_0473,entity_0049,0,train
entity_0049,entity_0473,0,validation
entity_0211,entity_0733,0,train
entity_0733,entity_0211,0,test
entity_0799,entity_0527,1,train
entity_0527,entity_0799,1,test
entity_0341,entity_0799,0,train
entity_0799,entity_0341,0,test
entity_0429,entity_0408,0,train
entity_0408,entity_0429,0,train
entity_0924,entity_0102,0,train
entity_0102,entity_0924,0,test
entity_0338,entity_0919,1,train
entity_0919,entity_0338,1,test
entity_0652,entity_0971,0,train
entity_0971,entity_0652,0,test
entity_0184,entity_0515,0,train
entity_0515,entity_0184,0,validation
entity_0618,entity_0747,1,train
entity_0747,entity_0618,1,test
entity_0581,entity_0722,1,train
entity_0722,entity_0581,1,test
entity_0582,entity_0023,1,train
entity_0023,entity_0582,1,validation
entity_0069,entity_0508,0,train
entity_0508,entity_0069,0,test
entity_0566,entity_0424,0,train
entity_0424,entity_0566,0,validation
entity_0965,entity_0009,0,train
entity_0009,entity_0965,0,test
entity_0349,entity_0586,1,train
entity_0586,entity_0349,1,test
entity_0082,entity_0856,0,train
entity_0856,entity_0082,0,validation
entity_0856,entity_0054,0,train
entity_0054,entity_0856,0,test
entity_0359,entity_0977,0,train
entity_0977,entity_0359,0,test
entity_0766,entity_0669,0,train
entity_0669,entity_0766,0,test
entity_0261,entity_0934,1,train
entity_0934,entity_0261,1,test
entity_0897,entity_0494,0,train
entity_0494,entity_0897,0,test
entity_0608,entity_0332,0,train
entity_0332,entity_0608,0,train
entity_0648,entity_0694,1,train
entity_0694,entity_0648,1,test
entity_0249,entity_0620,1,train
entity_0620,entity_0249,1,test
entity_0609,entity_0525,1,train
entity_0525,entity_0609,1,test
entity_0287,entity_0363,0,train
entity_0363,entity_0287,0,validation
entity_0177,entity_0697,0,train
entity_0697,entity_0177,0,validation
entity_0798,entity_0758,0,train
entity_0758,entity_0798,0,test
entity_0866,entity_0573,1,train
entity_0573,entity_0866,1,test
entity_0009,entity_0508,0,train
entity_0508,entity_0009,0,test
entity_0547,entity_0492,1,train
entity_0492,entity_0547,1,test
entity_0864,entity_0015,0,train
entity_0015,entity_0864,0,test
entity_0732,entity_0846,1,train
entity_0846,entity_0732,1,test
entity_0909,entity_0323,0,train
entity_0323,entity_0909,0,test
entity_0724,entity_0253,1,train
entity_0253,entity_0724,1,train
entity_0112,entity_0298,0,train
entity_0298,entity_0112,0,test
entity_0442,entity_0901,1,train
entity_0901,entity_0442,1,test
entity_0448,entity_0874,0,train
entity_0874,entity_0448,0,validation
entity_0394,entity_0086,0,train
entity_0086,entity_0394,0,test
entity_0155,entity_0804,1,train
entity_0804,entity_0155,1,test
entity_0609,entity_0266,0,train
entity_0266,entity_0609,0,train
entity_0894,entity_0127,1,train
entity_0127,entity_0894,1,test
entity_0075,entity_0611,1,train
entity_0611,entity_0075,1,test
entity_0720,entity_0008,1,train
entity_0008,entity_0720,1,test
entity_0733,entity_0519,0,train
entity_0519,entity_0733,0,test
entity_0279,entity_0439,0,train
entity_0439,entity_0279,0,test
entity_0557,entity_0788,1,train
entity_0788,entity_0557,1,validation
entity_0340,entity_0849,0,train
entity_0849,entity_0340,0,test
entity_0207,entity_0908,1,train
entity_0908,entity_0207,1,train
entity_0035,entity_0593,0,train
entity_0593,entity_0035,0,test
entity_0383,entity_0456,0,train
entity_0456,entity_0383,0,test
entity_0123,entity_0877,1,train
entity_0877,entity_0123,1,train
entity_0770,entity_0432,1,train
entity_0432,entity_0770,1,test
entity_0557,entity_0332,0,train
entity_0332,entity_0557,0,train
entity_0201,entity_0366,0,train
entity_0366,entity_0201,0,train
entity_0647,entity_0898,0,train
entity_0898,entity_0647,0,test
entity_0712,entity_0353,1,train
entity_0353,entity_0712,1,test
entity_0010,entity_0114,1,train
entity_0114,entity_0010,1,test
entity_0232,entity_0730,1,train
entity_0730,entity_0232,1,validation
entity_0127,entity_0106,1,train
entity_0106,entity_0127,1,test
entity_0355,entity_0790,0,train
entity_0790,entity_0355,0,validation
entity_0710,entity_0593,0,train
entity_0593,entity_0710,0,test
entity_0637,entity_0888,1,train
entity_0888,entity_0637,1,test
entity_0595,entity_0537,0,train
entity_0537,entity_0595,0,test
entity_0946,entity_0589,0,train
entity_0589,entity_0946,0,test
entity_0070,entity_0340,1,train
entity_0340,entity_0070,1,test
entity_0559,entity_0570,0,train
entity_0570,entity_0559,0,test
entity_0656,entity_0142,1,train
entity_0142,entity_0656,1,test
entity_0976,entity_0919,1,train
entity_0919,entity_0976,1,test
entity_0326,entity_0762,0,train
entity_0762,entity_0326,0,validation
entity_0294,entity_0956,0,train
entity_0956,entity_0294,0,validation
entity_0833,entity_0913,0,train
entity_0913,entity_0833,0,test
entity_0361,entity_0448,1,train
entity_0448,entity_0361,1,test
entity_0731,entity_0534,1,train
entity_0534,entity_0731,1,test
entity_0141,entity_0166,0,train
entity_0166,entity_0141,0,train
entity_0315,entity_0386,1,train
entity_0386,entity_0315,1,test
entity_0657,entity_0972,0,train
entity_0972,entity_0657,0,test
entity_0160,entity_0526,1,train
entity_0526,entity_0160,1,test
entity_0743,entity_0528,1,train
entity_0528,entity_0743,1,test
entity_0651,entity_0515,0,train
entity_0515,entity_0651,0,validation
entity_0208,entity_0658,1,train
entity_0658,entity_0208,1,validation
entity_0925,entity_0567,1,train
entity_0567,entity_0925,1,test
entity_0155,entity_0184,1,train
entity_0184,entity_0155,1,test
entity_0544,entity_0358,1,train
entity_0358,entity_0544,1,validation
entity_0412,entity_0424,0,train
entity_0424,entity_0412,0,test
entity_0263,entity_0162,1,train
entity_0162,entity_0263,1,test
entity_0819,entity_0157,1,train
entity_0157,entity_0819,1,validation
entity_0506,entity_0838,0,train
entity_0838,entity_0506,0,test
entity_0950,entity_0055,1,train
entity_0055,entity_0950,1,test
entity_0245,entity_0150,0,train
entity_0150,entity_0245,0,test
entity_0170,entity_0709,1,train
entity_0709,entity_0170,1,validation
entity_0149,entity_0565,0,train
entity_0565,entity_0149,0,test
entity_0828,entity_0151,0,train
entity_0151,entity_0828,0,train
entity_0050,entity_0373,0,train
entity_0373,entity_0050,0,test
entity_0142,entity_0245,1,train
entity_0245,entity_0142,1,test
entity_0836,entity_0871,0,train
entity_0871,entity_0836,0,test
entity_0658,entity_0356,0,train
entity_0356,entity_0658,0,test
entity_0211,entity_0418,1,train
entity_0418,entity_0211,1,validation
entity_0913,entity_0736,1,train
entity_0736,entity_0913,1,test
entity_0691,entity_0655,0,train
entity_0655,entity_0691,0,train
entity_0089,entity_0115,1,train
entity_0115,entity_0089,1,test
entity_0411,entity_0180,1,train
entity_0180,entity_0411,1,test
entity_0970,entity_0339,0,train
entity_0339,entity_0970,0,train
entity_0738,entity_0607,0,train
entity_0607,entity_0738,0,test
entity_0968,entity_0527,1,train
entity_0527,entity_0968,1,test
entity_0258,entity_0452,1,train
entity_0452,entity_0258,1,train
entity_0805,entity_0739,0,train
entity_0739,entity_0805,0,test
entity_0708,entity_0434,1,train
entity_0434,entity_0708,1,test
entity_0038,entity_0147,0,train
entity_0147,entity_0038,0,test
entity_0843,entity_0573,1,train
entity_0573,entity_0843,1,test
entity_0107,entity_0279,0,train
entity_0279,entity_0107,0,test
entity_0642,entity_0802,0,train
entity_0802,entity_0642,0,test
entity_0196,entity_0973,0,train
entity_0973,entity_0196,0,test
entity_0511,entity_0443,0,train
entity_0443,entity_0511,0,test
entity_0675,entity_0818,0,train
entity_0818,entity_0675,0,test
entity_0420,entity_0471,1,train
entity_0471,entity_0420,1,test
entity_0495,entity_0113,0,train
entity_0113,entity_0495,0,test
entity_0967,entity_0574,0,train
entity_0574,entity_0967,0,test
entity_0059,entity_0519,0,train
entity_0519,entity_0059,0,validation
entity_0576,entity_0791,1,train
entity_0791,entity_0576,1,test
entity_0451,entity_0390,0,train
entity_0390,entity_0451,0,test
entity_0662,entity_0981,0,train
entity_0981,entity_0662,0,test
entity_0175,entity_0245,1,train
entity_0245,entity_0175,1,test
entity_0420,entity_0768,0,train
entity_0768,entity_0420,0,validation
entity_0871,entity_0860,0,train
entity_0860,entity_0871,0,test
entity_0026,entity_0590,1,train
entity_0590,entity_0026,1,test
entity_0873,entity_0941,1,train
entity_0941,entity_0873,1,test
entity_0261,entity_0541,0,train
entity_0541,entity_0261,0,train
entity_0625,entity_0802,0,train
entity_0802,entity_0625,0,test
entity_0538,entity_0346,0,train
entity_0346,entity_0538,0,test
entity_0681,entity_0132,1,train
entity_0132,entity_0681,1,test
entity_0827,entity_0144,1,train
entity_0144,entity_0827,1,test
entity_0841,entity_0011,0,train
entity_0011,entity_0841,0,test
entity_0362,entity_0356,1,train
entity_0356,entity_0362,1,train
entity_0269,entity_0377,1,train
entity_0377,entity_0269,1,test
entity_0180,entity_0726,1,train
entity_0726,entity_0180,1,test
entity_0771,entity_0644,1,train
entity_0644,entity_0771,1,test
entity_0172,entity_0212,0,train
entity_0212,entity_0172,0,test
entity_0370,entity_0402,0,train
entity_0402,entity_0370,0,validation
entity_0664,entity_0522,1,train
entity_0522,entity_0664,1,test
entity_0445,entity_0291,1,train
entity_0291,entity_0445,1,train
entity_0964,entity_0433,1,train
entity_0433,entity_0964,1,test
entity_0161,entity_0391,1,train
entity_0391,entity_0161,1,test
entity_0097,entity_0051,1,train
entity_0051,entity_0097,1,test
entity_0298,entity_0919,0,train
entity_0919,entity_0298,0,test
entity_0758,entity_0172,1,train
entity_0172,entity_0758,1,test
entity_0598,entity_0081,1,train
entity_0081,entity_0598,1,test
entity_0997,entity_0427,0,train
entity_0427,entity_0997,0,test
entity_0487,entity_0093,0,train
entity_0093,entity_0487,0,test
entity_0021,entity_0491,0,train
entity_0491,entity_0021,0,test
entity_0094,entity_0655,1,train
entity_0655,entity_0094,1,validation
entity_0111,entity_0864,0,train
entity_0864,entity_0111,0,train
entity_0543,entity_0267,0,train
entity_0267,entity_0543,0,test
entity_0947,entity_0405,1,train
entity_0405,entity_0947,1,test
entity_0844,entity_0688,1,train
entity_0688,entity_0844,1,test
entity_0368,entity_0930,1,train
entity_0930,entity_0368,1,test
entity_0887,entity_0553,1,train
entity_0553,entity_0887,1,validation
entity_0556,entity_0875,1,train
entity_0875,entity_0556,1,validation
entity_0395,entity_0590,1,train
entity_0590,entity_0395,1,test
entity_0765,entity_0457,1,train
entity_0457,entity_0765,1,test
entity_0211,entity_0223,0,train
entity_0223,entity_0211,0,validation
entity_0922,entity_0587,1,train
entity_0587,entity_0922,1,test
entity_0332,entity_0614,1,train
entity_0614,entity_0332,1,validation
entity_0387,entity_0714,0,train
entity_0714,entity_0387,0,test
entity_0789,entity_0973,1,train
entity_0973,entity_0789,1,test
entity_0449,entity_0522,0,train
entity_0522,entity_0449,0,validation
entity_0779,entity_0840,1,train
entity_0840,entity_0779,1,test
entity_0520,entity_0664,0,train
entity_0664,entity_0520,0,test
entity_0129,entity_0053,0,train
entity_0053,entity_0129,0,validation
entity_0929,entity_0077,0,train
entity_0077,entity_0929,0,validation
entity_0183,entity_0725,0,train
entity_0725,entity_0183,0,test
entity_0240,entity_0836,1,train
entity_0836,entity_0240,1,test
entity_0051,entity_0466,1,train
entity_0466,entity_0051,1,test
entity_0889,entity_0699,0,train
entity_0699,entity_0889,0,test
entity_0294,entity_0947,1,train
entity_0947,entity_0294,1,validation
entity_0699,entity_0994,0,train
entity_0994,entity_0699,0,test
entity_0803,entity_0132,0,train
entity_0132,entity_0803,0,test
entity_0243,entity_0257,0,train
entity_0257,entity_0243,0,test
entity_0881,entity_0421,0,train
entity_0421,entity_0881,0,validation
entity_0580,entity_0294,0,train
entity_0294,entity_0580,0,test
entity_0523,entity_0141,0,train
entity_0141,entity_0523,0,test
entity_0269,entity_0478,1,train
entity_0478,entity_0269,1,train
entity_0294,entity_0352,0,train
entity_0352,entity_0294,0,test
entity_0942,entity_0287,1,train
entity_0287,entity_0942,1,train
entity_0770,entity_0210,0,train
entity_0210,entity_0770,0,test
entity_0885,entity_0751,1,train
entity_0751,entity_0885,1,test
entity_0560,entity_0607,0,train
entity_0607,entity_0560,0,validation
entity_0793,entity_0577,0,train
entity_0577,entity_0793,0,test
entity_0626,entity_0473,1,train
entity_0473,entity_0626,1,test
entity_0247,entity_0508,1,train
entity_0508,entity_0247,1,test
entity_0686,entity_0728,1,train
entity_0728,entity_0686,1,train
entity_0946,entity_0947,1,train
entity_0947,entity_0946,1,validation
entity_0361,entity_0661,0,train
entity_0661,entity_0361,0,test
entity_0019,entity_0356,0,train
entity_0356,entity_0019,0,test
entity_0459,entity_0880,0,train
entity_0880,entity_0459,0,validation
entity_0800,entity_0176,1,train
entity_0176,entity_0800,1,test
entity_0761,entity_0287,1,train
entity_0287,entity_0761,1,train
entity_0620,entity_0448,1,train
entity_0448,entity_0620,1,train
entity_0153,entity_0994,0,train
entity_0994,entity_0153,0,train
entity_0303,entity_0044,0,train
entity_0044,entity_0303,0,test
entity_0736,entity_0863,0,train
entity_0863,entity_0736,0,test
entity_0323,entity_0789,0,train
entity_0789,entity_0323,0,validation
entity_0308,entity_0802,0,train
entity_0802,entity_0308,0,test
entity_0113,entity_0521,0,train
entity_0521,entity_0113,0,test
entity_0837,entity_0174,1,train
entity_0174,entity_0837,1,validation
entity_0398,entity_0898,0,train
entity_0898,entity_0398,0,test
entity_0501,entity_0927,1,train
entity_0927,entity_0501,1,validation
entity_0145,entity_0479,1,train
entity_0479,entity_0145,1,train
entity_0920,entity_0450,0,train
entity_0450,entity_0920,0,test
entity_0316,entity_0850,0,train
entity_0850,entity_0316,0,test
entity_0426,entity_0529,1,train
entity_0529,entity_0426,1,test
entity_0839,entity_0410,0,train
entity_0410,entity_0839,0,test
entity_0500,entity_0584,1,train
entity_0584,entity_0500,1,test
entity_0296,entity_0698,0,train
entity_0698,entity_0296,0,validation
entity_0613,entity_0595,0,train
entity_0595,entity_0613,0,test
entity_0082,entity_0015,0,train
entity_0015,entity_0082,0,test
entity_0560,entity_0826,1,train
entity_0826,entity_0560,1,test
entity_0649,entity_0259,1,train
entity_0259,entity_0649,1,test
entity_0982,entity_0792,1,train
entity_0792,entity_0982,1,test
entity_0606,entity_0938,1,train
entity_0938,entity_0606,1,test
entity_0070,entity_0129,0,train
entity_0129,entity_0070,0,test
entity_0563,entity_0089,0,train
entity_0089,entity_0563,0,test
entity_0648,entity_0569,1,train
entity_0569,entity_0648,1,test
entity_0643,entity_0993,1,train
entity_0993,entity_0643,1,test
entity_0482,entity_0398,1,train
entity_0398,entity_0482,1,test
entity_0343,entity_0262,1,train
entity_0262,entity_0343,1,test
entity_0457,entity_0022,1,train
entity_0022,entity_0457,1,test
entity_0189,entity_0575,1,train
entity_0575,entity_0189,1,test
entity_0689,entity_0107,1,train
entity_0107,entity_0689,1,train
entity_0895,entity_0116,0,train
entity_0116,entity_0895,0,test
entity_0768,entity_0858,1,train
entity_0858,entity_0768,1,test
entity_0113,entity_0108,0,train
entity_0108,entity_0113,0,test
entity_0814,entity_0613,1,train
entity_0613,entity_0814,1,validation
entity_0298,entity_0041,0,train
entity_0041,entity_0298,0,test
entity_0419,entity_0918,0,train
entity_0918,entity_0419,0,test
entity_0958,entity_0873,1,train
entity_0873,entity_0958,1,validation
entity_0085,entity_0566,1,train
entity_0566,entity_0085,1,validation
entity_0045,entity_0269,1,train
entity_0269,entity_0045,1,test
entity_0671,entity_0532,0,train
entity_0532,entity_0671,0,test
entity_0601,entity_0078,0,train
entity_0078,entity_0601,0,test
entity_0066,entity_0152,0,train
entity_0152,entity_0066,0,test
entity_0789,entity_0522,0,train
entity_0522,entity_0789,0,test
entity_0623,entity_0334,1,train
entity_0334,entity_0623,1,test
entity_0179,entity_0392,1,train
entity_0392,entity_0179,1,test
entity_0084,entity_0510,1,train
entity_0510,entity_0084,1,test
entity_0873,entity_0532,1,train
entity_0532,entity_0873,1,test
entity_0405,entity_0814,0,train
entity_0814,entity_0405,0,validation
entity_0665,entity_0899,0,train
entity_0899,entity_0665,0,test
entity_0334,entity_0175,1,train
entity_0175,entity_0334,1,test
entity_0200,entity_0666,1,train
entity_0666,entity_0200,1,validation
entity_0165,entity_0574,1,train
entity_0574,entity_0165,1,train
entity_0157,entity_0230,0,train
entity_0230,entity_0157,0,test
entity_0809,entity_0844,0,train
entity_0844,entity_0809,0,train
entity_0188,entity_0044,1,train
entity_0044,entity_0188,1,test
entity_0185,entity_0630,0,train
entity_0630,entity_0185,0,test
entity_0573,entity_0459,1,train
entity_0459,entity_0573,1,test
entity_0840,entity_0355,0,train
entity_0355,entity_0840,0,test
entity_0077,entity_0554,0,train
entity_0554,entity_0077,0,train
entity_0559,entity_0859,0,train
entity_0859,entity_0559,0,validation
entity_0803,entity_0631,1,train
entity_0631,entity_0803,1,validation
entity_0713,entity_0720,1,train
entity_0720,entity_0713,1,test
entity_0092,entity_0478,1,train
entity_0478,entity_0092,1,validation
entity_0330,entity_0244,0,train
entity_0244,entity_0330,0,test
entity_0308,entity_0477,1,train
entity_0477,entity_0308,1,train
entity_0327,entity_0612,1,train
entity_0612,entity_0327,1,test
entity_0378,entity_0424,1,train
entity_0424,entity_0378,1,test
entity_0239,entity_0134,1,train
entity_0134,entity_0239,1,test
entity_0608,entity_0166,1,train
entity_0166,entity_0608,1,test
entity_0990,entity_0897,1,train
entity_0897,entity_0990,1,validation
entity_0866,entity_0459,1,train
entity_0459,entity_0866,1,test
entity_0704,entity_0088,1,train
entity_0088,entity_0704,1,test
entity_0004,entity_0471,0,train
entity_0471,entity_0004,0,test
entity_0337,entity_0487,1,train
entity_0487,entity_0337,1,train
entity_0559,entity_0315,0,train
entity_0315,entity_0559,0,train
entity_0009,entity_0819,0,train
entity_0819,entity_0009,0,test
entity_0113,entity_0195,1,train
entity_0195,entity_0113,1,test
entity_0001,entity_0674,0,train
entity_0674,entity_0001,0,test
entity_0342,entity_0404,1,train
entity_0404,entity_0342,1,test
entity_0189,entity_0828,0,train
entity_0828,entity_0189,0,validation
entity_0542,entity_0467,1,train
entity_0467,entity_0542,1,test
entity_0609,entity_0925,0,train
entity_0925,entity_0609,0,test
entity_0699,entity_0568,1,train
entity_0568,entity_0699,1,train
entity_0446,entity_0508,1,train
entity_0508,entity_0446,1,validation
entity_0004,entity_0864,1,train
entity_0864,entity_0004,1,test
entity_0301,entity_0541,1,train
entity_0541,entity_0301,1,test
entity_0088,entity_0981,1,train
entity_0981,entity_0088,1,validation
entity_0688,entity_0974,1,train
entity_0974,entity_0688,1,validation
entity_0151,entity_0966,1,train
entity_0966,entity_0151,1,test
entity_0477,entity_0660,1,train
entity_0660,entity_0477,1,test
entity_0496,entity_0079,1,train
entity_0079,entity_0496,1,test
entity_0222,entity_0955,0,train
entity_0955,entity_0222,0,train
entity_0836,entity_0938,0,train
entity_0938,entity_0836,0,test
entity_0343,entity_0101,0,train
entity_0101,entity_0343,0,test
entity_0644,entity_0455,0,train
entity_0455,entity_0644,0,validation
entity_0098,entity_0471,1,train
entity_0471,entity_0098,1,test
entity_0314,entity_0888,1,train
entity_0888,entity_0314,1,test
entity_0560,entity_0288,1,train
entity_0288,entity_0560,1,test
entity_0958,entity_0948,1,train
entity_0948,entity_0958,1,test
entity_0050,entity_0076,1,train
entity_0076,entity_0050,1,test
entity_0845,entity_0866,1,train
entity_0866,entity_0845,1,train
entity_0941,entity_0195,0,train
entity_0195,entity_0941,0,test
entity_0569,entity_0938,1,train
entity_0938,entity_0569,1,validation
entity_0602,entity_0577,1,train
entity_0577,entity_0602,1,validation
entity_0483,entity_0722,1,train
entity_0722,entity_0483,1,test
entity_0386,entity_0058,0,train
entity_0058,entity_0386,0,test
entity_0638,entity_0511,1,train
entity_0511,entity_0638,1,test
entity_0727,entity_0515,1,train
entity_0515,entity_0727,1,test
entity_0582,entity_0346,1,train
entity_0346,entity_0582,1,validation
entity_0314,entity_0966,1,train
entity_0966,entity_0314,1,test
entity_0635,entity_0295,1,train
entity_0295,entity_0635,1,test
entity_0669,entity_0598,0,train
entity_0598,entity_0669,0,test
entity_1000,entity_0826,1,train
entity_0826,entity_1000,1,test
entity_0589,entity_0025,0,train
entity_0025,entity_0589,0,test
entity_0232,entity_0365,1,train
entity_0365,entity_0232,1,test
entity_0580,entity_0484,1,train
entity_0484,entity_0580,1,test
entity_0778,entity_0371,0,train
entity_0371,entity_0778,0,test
entity_0318,entity_0095,0,train
entity_0095,entity_0318,0,test
entity_0099,entity_0563,1,train
entity_0563,entity_0099,1,test
entity_0308,entity_0831,1,train
entity_0831,entity_0308,1,test
entity_0488,entity_0398,0,train
entity_0398,entity_0488,0,train
entity_0004,entity_0565,0,train
entity_0565,entity_0004,0,test
entity_0259,entity_0462,0,train
entity_0462,entity_0259,0,test
entity_0163,entity_0739,1,train
entity_0739,entity_0163,1,validation
entity_0638,entity_0118,1,train
entity_0118,entity_0638,1,test
entity_0697,entity_0668,0,train
entity_0668,entity_0697,0,test
entity_0955,entity_0258,1,train
entity_0258,entity_0955,1,test
entity_0999,entity_0905,0,train
entity_0905,entity_0999,0,test
entity_0430,entity_0158,0,train
entity_0158,entity_0430,0,validation
entity_0682,entity_0396,0,train
entity_0396,entity_0682,0,test
entity_0004,entity_0734,0,train
entity_0734,entity_0004,0,test
entity_0332,entity_0579,1,train
entity_0579,entity_0332,1,test
entity_0830,entity_0432,1,train
entity_0432,entity_0830,1,validation
entity_0260,entity_0269,0,train
entity_0269,entity_0260,0,validation
entity_0784,entity_0555,1,train
entity_0555,entity_0784,1,test
entity_0151,entity_0314,1,train
entity_0314,entity_0151,1,test
entity_0157,entity_0814,1,train
entity_0814,entity_0157,1,test
entity_0358,entity_0407,1,train
entity_0407,entity_0358,1,test
entity_0843,entity_0845,1,train
entity_0845,entity_0843,1,test
entity_0068,entity_0163,1,train
entity_0163,entity_0068,1,validation
entity_0820,entity_0983,1,train
entity_0983,entity_0820,1,test
entity_0073,entity_0230,1,train
entity_0230,entity_0073,1,test
entity_0529,entity_0909,1,train
entity_0909,entity_0529,1,test
entity_0841,entity_0999,0,train
entity_0999,entity_0841,0,test
entity_0710,entity_0420,0,train
entity_0420,entity_0710,0,test
entity_0759,entity_0357,0,train
entity_0357,entity_0759,0,test
entity_0258,entity_0508,1,train
entity_0508,entity_0258,1,test
entity_0730,entity_0328,0,train
entity_0328,entity_0730,0,test
entity_0061,entity_0617,0,train
entity_0617,entity_0061,0,test
entity_0278,entity_0486,1,train
entity_0486,entity_0278,1,test
entity_0103,entity_0588,1,train
entity_0588,entity_0103,1,test
entity_0125,entity_0811,0,train
entity_0811,entity_0125,0,train
entity_0739,entity_0290,0,train
entity_0290,entity_0739,0,validation
entity_0198,entity_0264,1,train
entity_0264,entity_0198,1,train
entity_0295,entity_0709,0,train
entity_0709,entity_0295,0,test
entity_0954,entity_0837,0,train
entity_0837,entity_0954,0,validation
entity_0887,entity_0572,1,train
entity_0572,entity_0887,1,test
entity_0016,entity_0459,1,train
entity_0459,entity_0016,1,test
entity_0495,entity_0459,1,train
entity_0459,entity_0495,1,test
entity_0869,entity_0276,1,train
entity_0276,entity_0869,1,test
entity_0442,entity_0885,0,train
entity_0885,entity_0442,0,validation
entity_0342,entity_0019,0,train
entity_0019,entity_0342,0,test
entity_0803,entity_0769,0,train
entity_0769,entity_0803,0,train
entity_0984,entity_0232,1,train
entity_0232,entity_0984,1,test
entity_0832,entity_0618,1,train
entity_0618,entity_0832,1,test
entity_0996,entity_0793,0,train
entity_0793,entity_0996,0,test
entity_0841,entity_0476,0,train
entity_0476,entity_0841,0,test
entity_0892,entity_0946,0,train
entity_0946,entity_0892,0,test
entity_0223,entity_0845,1,train
entity_0845,entity_0223,1,test
entity_0649,entity_0774,0,train
entity_0774,entity_0649,0,test
entity_0353,entity_0860,0,train
entity_0860,entity_0353,0,train
entity_0172,entity_0645,1,train
entity_0645,entity_0172,1,test
entity_0866,entity_0495,1,train
entity_0495,entity_0866,1,test
entity_0695,entity_0971,1,train
entity_0971,entity_0695,1,test
entity_0223,entity_0193,0,train
entity_0193,entity_0223,0,test
entity_0059,entity_0482,0,train
entity_0482,entity_0059,0,test
entity_0355,entity_0447,1,train
entity_0447,entity_0355,1,test
entity_0502,entity_0010,1,train
entity_0010,entity_0502,1,test
entity_0157,entity_0571,1,train
entity_0571,entity_0157,1,test
entity_0152,entity_0503,1,train
entity_0503,entity_0152,1,validation
entity_0409,entity_0902,0,train
entity_0902,entity_0409,0,validation
entity_0164,entity_0118,0,train
entity_0118,entity_0164,0,test
entity_0594,entity_0412,0,train
entity_0412,entity_0594,0,test
entity_0819,entity_0466,0,train
entity_0466,entity_0819,0,test
entity_0571,entity_0028,1,train
entity_0028,entity_0571,1,test
entity_0141,entity_0269,0,train
entity_0269,entity_0141,0,test
entity_0499,entity_0830,1,train
entity_0830,entity_0499,1,validation
entity_0271,entity_0128,0,train
entity_0128,entity_0271,0,test
entity_0742,entity_0746,1,train
entity_0746,entity_0742,1,test
entity_0403,entity_0659,1,train
entity_0659,entity_0403,1,validation
entity_0745,entity_0122,0,train
entity_0122,entity_0745,0,test
entity_0615,entity_0576,0,train
entity_0576,entity_0615,0,test
entity_0178,entity_0092,0,train
entity_0092,entity_0178,0,test
entity_0280,entity_0092,0,train
entity_0092,entity_0280,0,test
entity_0885,entity_0153,1,train
entity_0153,entity_0885,1,test
entity_0034,entity_0127,0,train
entity_0127,entity_0034,0,test
entity_0412,entity_0280,0,train
entity_0280,entity_0412,0,test
entity_0748,entity_0665,0,train
entity_0665,entity_0748,0,test
entity_0101,entity_0162,1,train
entity_0162,entity_0101,1,test
entity_0117,entity_0440,1,train
entity_0440,entity_0117,1,test
entity_0116,entity_0996,0,train
entity_0996,entity_0116,0,validation
entity_0043,entity_0700,0,train
entity_0700,entity_0043,0,test
entity_0128,entity_0645,1,train
entity_0645,entity_0128,1,test
entity_0458,entity_0361,0,train
entity_0361,entity_0458,0,test
entity_0201,entity_0892,0,train
entity_0892,entity_0201,0,test
entity_0041,entity_0352,0,train
entity_0352,entity_0041,0,test
entity_0974,entity_0303,1,train
entity_0303,entity_0974,1,validation
entity_0454,entity_0681,1,train
entity_0681,entity_0454,1,test
entity_0274,entity_0533,1,train
entity_0533,entity_0274,1,test
entity_0438,entity_0425,1,train
entity_0425,entity_0438,1,test
entity_0314,entity_0539,0,train
entity_0539,entity_0314,0,test
entity_0247,entity_0711,0,train
entity_0711,entity_0247,0,test
entity_0048,entity_0298,1,train
entity_0298,entity_0048,1,validation
entity_0619,entity_0928,1,train
entity_0928,entity_0619,1,test
entity_0083,entity_0921,1,train
entity_0921,entity_0083,1,validation
entity_0164,entity_0468,1,train
entity_0468,entity_0164,1,train
entity_0593,entity_0912,1,train
entity_0912,entity_0593,1,test
entity_0713,entity_0199,1,train
entity_0199,entity_0713,1,validation
entity_0961,entity_0071,0,train
entity_0071,entity_0961,0,validation
entity_0992,entity_0636,1,train
entity_0636,entity_0992,1,train
entity_0082,entity_0933,1,train
entity_0933,entity_0082,1,validation
entity_0650,entity_0694,0,train
entity_0694,entity_0650,0,test
entity_0356,entity_0934,0,train
entity_0934,entity_0356,0,validation
entity_0733,entity_0065,0,train
entity_0065,entity_0733,0,train
entity_0095,entity_0039,0,train
entity_0039,entity_0095,0,test
entity_0186,entity_0331,1,train
entity_0331,entity_0186,1,test
entity_0162,entity_0563,1,train
entity_0563,entity_0162,1,validation
entity_0375,entity_0707,1,train
entity_0707,entity_0375,1,test
entity_0499,entity_0936,0,train
entity_0936,entity_0499,0,test
entity_0354,entity_0241,1,train
entity_0241,entity_0354,1,test
entity_0635,entity_0097,0,train
entity_0097,entity_0635,0,train
entity_0083,entity_0206,1,train
entity_0206,entity_0083,1,test
entity_0326,entity_0877,0,train
entity_0877,entity_0326,0,test
entity_0416,entity_0493,0,train
entity_0493,entity_0416,0,test
entity_0140,entity_0847,1,train
entity_0847,entity_0140,1,validation
entity_0912,entity_0460,0,train
entity_0460,entity_0912,0,test
entity_0465,entity_0533,0,train
entity_0533,entity_0465,0,test
entity_0602,entity_0397,0,train
entity_0397,entity_0602,0,validation
entity_0258,entity_0658,0,train
entity_0658,entity_0258,0,validation
entity_0290,entity_0652,1,train
entity_0652,entity_0290,1,validation
entity_0535,entity_0730,1,train
entity_0730,entity_0535,1,validation
entity_0926,entity_0961,0,train
entity_0961,entity_0926,0,test
entity_0531,entity_0997,0,train
entity_0997,entity_0531,0,test
entity_0382,entity_0963,1,train
entity_0963,entity_0382,1,test
entity_0808,entity_0727,0,train
entity_0727,entity_0808,0,test
entity_0445,entity_0493,0,train
entity_0493,entity_0445,0,test
entity_0689,entity_0070,1,train
entity_0070,entity_0689,1,train
entity_0872,entity_0283,1,train
entity_0283,entity_0872,1,test
entity_0552,entity_0954,1,train
entity_0954,entity_0552,1,test
entity_0845,entity_0516,0,train
entity_0516,entity_0845,0,test
entity_0926,entity_0878,0,train
entity_0878,entity_0926,0,train
entity_0591,entity_0905,1,train
entity_0905,entity_0591,1,validation
entity_0489,entity_0770,1,train
entity_0770,entity_0489,1,test
entity_0107,entity_0740,0,train
entity_0740,entity_0107,0,test
entity_0483,entity_0363,0,train
entity_0363,entity_0483,0,train
entity_0010,entity_0411,1,train
entity_0411,entity_0010,1,test
entity_0036,entity_0061,1,train
entity_0061,entity_0036,1,test
entity_0039,entity_0031,0,train
entity_0031,entity_0039,0,test
entity_0463,entity_0559,1,train
entity_0559,entity_0463,1,test
entity_0742,entity_0784,0,train
entity_0784,entity_0742,0,test
entity_0862,entity_0851,0,train
entity_0851,entity_0862,0,test
entity_0839,entity_0583,1,train
entity_0583,entity_0839,1,train
entity_0885,entity_0174,1,train
entity_0174,entity_0885,1,test
entity_0072,entity_0068,0,train
entity_0068,entity_0072,0,test
entity_0660,entity_0510,0,train
entity_0510,entity_0660,0,test
entity_0743,entity_0636,0,train
entity_0636,entity_0743,0,test
entity_0394,entity_0892,1,train
entity_0892,entity_0394,1,test
entity_0467,entity_0410,0,train
entity_0410,entity_0467,0,test
entity_0032,entity_0462,1,train
entity_0462,entity_0032,1,test
entity_0124,entity_0783,0,train
entity_0783,entity_0124,0,train
entity_0028,entity_0659,0,train
entity_0659,entity_0028,0,validation
entity_0963,entity_0615,0,train
entity_0615,entity_0963,0,validation
entity_0501,entity_0276,0,train
entity_0276,entity_0501,0,test
entity_0697,entity_0517,1,train
entity_0517,entity_0697,1,test
entity_0508,entity_0519,0,train
entity_0519,entity_0508,0,test
entity_0611,entity_0256,0,train
entity_0256,entity_0611,0,test
entity_0823,entity_0678,0,train
entity_0678,entity_0823,0,test
entity_0678,entity_0337,0,train
entity_0337,entity_0678,0,test
entity_0715,entity_0104,0,train
entity_0104,entity_0715,0,test
entity_0121,entity_0060,0,train
entity_0060,entity_0121,0,test
entity_0256,entity_0793,1,train
entity_0793,entity_0256,1,test
entity_0183,entity_0015,1,train
entity_0015,entity_0183,1,test
entity_0009,entity_0571,0,train
entity_0571,entity_0009,0,test
entity_0943,entity_0565,0,train
entity_0565,entity_0943,0,test
entity_0938,entity_0648,1,train
entity_0648,entity_0938,1,test
entity_0777,entity_0374,0,train
entity_0374,entity_0777,0,test
entity_0865,entity_0460,0,train
entity_0460,entity_0865,0,test
entity_0921,entity_0059,0,train
entity_0059,entity_0921,0,train
entity_0242,entity_0821,1,train
entity_0821,entity_0242,1,validation
entity_0713,entity_0970,1,train
entity_0970,entity_0713,1,validation
entity_0168,entity_0314,0,train
entity_0314,entity_0168,0,test
entity_0593,entity_0663,0,train
entity_0663,entity_0593,0,test
entity_0595,entity_0566,1,train
entity_0566,entity_0595,1,test
entity_0263,entity_0101,1,train
entity_0101,entity_0263,1,test
entity_0023,entity_0830,0,train
entity_0830,entity_0023,0,test
entity_0173,entity_0160,1,train
entity_0160,entity_0173,1,test
entity_0116,entity_0988,0,train
entity_0988,entity_0116,0,test
entity_0449,entity_0737,0,train
entity_0737,entity_0449,0,test
entity_0552,entity_0559,0,train
entity_0559,entity_0552,0,validation
entity_0144,entity_0923,0,train
entity_0923,entity_0144,0,test
entity_0708,entity_0033,1,train
entity_0033,entity_0708,1,test
entity_0439,entity_0070,0,train
entity_0070,entity_0439,0,test
entity_0139,entity_0233,0,train
entity_0233,entity_0139,0,train
entity_0837,entity_0178,0,train
entity_0178,entity_0837,0,validation
entity_0726,entity_0114,1,train
entity_0114,entity_0726,1,test
entity_0651,entity_0763,1,train
entity_0763,entity_0651,1,validation
entity_0262,entity_0392,0,train
entity_0392,entity_0262,0,test
entity_0299,entity_0176,1,train
entity_0176,entity_0299,1,validation
entity_0340,entity_0915,1,train
entity_0915,entity_0340,1,validation
entity_0426,entity_0779,0,train
entity_0779,entity_0426,0,validation
entity_0844,entity_0303,1,train
entity_0303,entity_0844,1,test
entity_0767,entity_0820,1,train
entity_0820,entity_0767,1,test
entity_0388,entity_0347,0,train
entity_0347,entity_0388,0,test
entity_0225,entity_0759,0,train
entity_0759,entity_0225,0,validation
entity_0944,entity_0536,1,train
entity_0536,entity_0944,1,test
entity_0809,entity_0100,1,train
entity_0100,entity_0809,1,test
entity_0524,entity_0120,0,train
entity_0120,entity_0524,0,test
entity_0016,entity_0377,0,train
entity_0377,entity_0016,0,test
entity_0293,entity_0126,1,train
entity_0126,entity_0293,1,test
entity_0445,entity_0933,0,train
entity_0933,entity_0445,0,train
entity_0541,entity_0593,0,train
entity_0593,entity_0541,0,test
entity_0301,entity_0723,0,train
entity_0723,entity_0301,0,test
entity_0457,entity_0194,1,train
entity_0194,entity_0457,1,test
entity_0558,entity_0131,0,train
entity_0131,entity_0558,0,test
entity_0406,entity_0016,1,train
entity_0016,entity_0406,1,test
entity_0163,entity_0289,0,train
entity_0289,entity_0163,0,validation
entity_0702,entity_0186,0,train
entity_0186,entity_0702,0,test
entity_0672,entity_0489,0,train
entity_0489,entity_0672,0,test
entity_0907,entity_0567,1,train
entity_0567,entity_0907,1,train
entity_0429,entity_0109,1,train
entity_0109,entity_0429,1,test
entity_0753,entity_0156,1,train
entity_0156,entity_0753,1,test
entity_0685,entity_0913,1,train
entity_0913,entity_0685,1,test
entity_0242,entity_0304,0,train
entity_0304,entity_0242,0,test
entity_0846,entity_0212,0,train
entity_0212,entity_0846,0,validation
entity_0640,entity_0537,0,train
entity_0537,entity_0640,0,validation
entity_0878,entity_0757,1,train
entity_0757,entity_0878,1,test
entity_0709,entity_0125,1,train
entity_0125,entity_0709,1,test
entity_0771,entity_0381,0,train
entity_0381,entity_0771,0,test
entity_0779,entity_0788,1,train
entity_0788,entity_0779,1,test
entity_0062,entity_0791,0,train
entity_0791,entity_0062,0,validation
entity_0776,entity_0377,1,train
entity_0377,entity_0776,1,test
entity_0062,entity_0251,0,train
entity_0251,entity_0062,0,train
entity_0963,entity_0879,0,train
entity_0879,entity_0963,0,test
entity_0453,entity_0595,1,train
entity_0595,entity_0453,1,test
entity_0170,entity_0277,1,train
entity_0277,entity_0170,1,test
entity_0149,entity_0976,0,train
entity_0976,entity_0149,0,test
entity_0596,entity_0467,1,train
entity_0467,entity_0596,1,test
entity_0216,entity_0497,0,train
entity_0497,entity_0216,0,train
entity_0590,entity_0740,1,train
entity_0740,entity_0590,1,validation
entity_0550,entity_0724,0,train
entity_0724,entity_0550,0,test
entity_0390,entity_0912,1,train
entity_0912,entity_0390,1,validation
entity_0482,entity_0816,1,train
entity_0816,entity_0482,1,test
entity_0314,entity_0987,0,train
entity_0987,entity_0314,0,validation
entity_0921,entity_0206,1,train
entity_0206,entity_0921,1,validation
entity_0527,entity_0512,1,train
entity_0512,entity_0527,1,test
entity_0649,entity_0884,1,train
entity_0884,entity_0649,1,test
entity_0417,entity_0106,1,train
entity_0106,entity_0417,1,test
entity_0586,entity_0309,1,train
entity_0309,entity_0586,1,test
entity_0463,entity_0598,0,train
entity_0598,entity_0463,0,validation
entity_0558,entity_0469,1,train
entity_0469,entity_0558,1,test
entity_0301,entity_0755,0,train
entity_0755,entity_0301,0,validation
entity_0410,entity_0355,1,train
entity_0355,entity_0410,1,validation
entity_0569,entity_0998,0,train
entity_0998,entity_0569,0,test
entity_0240,entity_0498,0,train
entity_0498,entity_0240,0,train
entity_0824,entity_0350,0,train
entity_0350,entity_0824,0,test
entity_0354,entity_0214,0,train
entity_0214,entity_0354,0,test
entity_0755,entity_0784,1,train
entity_0784,entity_0755,1,test
entity_0123,entity_0966,0,train
entity_0966,entity_0123,0,test
entity_0849,entity_0091,0,train
entity_0091,entity_0849,0,validation
entity_0579,entity_0358,1,train
entity_0358,entity_0579,1,test
entity_0987,entity_0891,1,train
entity_0891,entity_0987,1,test
entity_0733,entity_0661,1,train
entity_0661,entity_0733,1,test
entity_0135,entity_0040,0,train
entity_0040,entity_0135,0,test
entity_0984,entity_0365,1,train
entity_0365,entity_0984,1,test
entity_0391,entity_0545,0,train
entity_0545,entity_0391,0,test
entity_0639,entity_0862,0,train
entity_0862,entity_0639,0,test
entity_0517,entity_0213,0,train
entity_0213,entity_0517,0,train
entity_0203,entity_0506,1,train
entity_0506,entity_0203,1,test
entity_0033,entity_0165,0,train
entity_0165,entity_0033,0,validation
entity_0119,entity_0361,0,train
entity_0361,entity_0119,0,validation
entity_0934,entity_0897,1,train
entity_0897,entity_0934,1,test
entity_0832,entity_0189,1,train
entity_0189,entity_0832,1,validation
entity_0023,entity_0920,0,train
entity_0920,entity_0023,0,train
entity_0801,entity_0838,1,train
entity_0838,entity_0801,1,train
entity_0347,entity_0517,0,train
entity_0517,entity_0347,0,test
entity_0345,entity_0065,1,train
entity_0065,entity_0345,1,test
entity_0997,entity_0763,0,train
entity_0763,entity_0997,0,train
entity_0789,entity_0455,1,train
entity_0455,entity_0789,1,test
entity_0384,entity_0425,0,train
entity_0425,entity_0384,0,test
entity_0572,entity_0246,0,train
entity_0246,entity_0572,0,train
entity_0758,entity_0158,0,train
entity_0158,entity_0758,0,test
entity_0480,entity_0796,1,train
entity_0796,entity_0480,1,test
entity_0854,entity_0598,0,train
entity_0598,entity_0854,0,test
entity_0025,entity_0292,0,train
entity_0292,entity_0025,0,test
entity_0784,entity_0503,0,train
entity_0503,entity_0784,0,test
entity_0755,entity_0585,0,train
entity_0585,entity_0755,0,validation
entity_0774,entity_0013,1,train
entity_0013,entity_0774,1,test
entity_0311,entity_0448,1,train
entity_0448,entity_0311,1,test
entity_0483,entity_0184,0,train
entity_0184,entity_0483,0,train
entity_0236,entity_0743,1,train
entity_0743,entity_0236,1,test
entity_0619,entity_0821,1,train
entity_0821,entity_0619,1,validation
entity_0738,entity_0878,0,train
entity_0878,entity_0738,0,test
entity_0444,entity_0944,1,train
entity_0944,entity_0444,1,test
entity_0668,entity_0037,0,train
entity_0037,entity_0668,0,validation
entity_0982,entity_0595,0,train
entity_0595,entity_0982,0,test
entity_0951,entity_0328,1,train
entity_0328,entity_0951,1,test
entity_0062,entity_0650,0,train
entity_0650,entity_0062,0,test
entity_0676,entity_0163,0,train
entity_0163,entity_0676,0,validation
entity_0292,entity_0150,1,train
entity_0150,entity_0292,1,test
entity_0391,entity_0481,0,train
entity_0481,entity_0391,0,validation
entity_0538,entity_0049,1,train
entity_0049,entity_0538,1,test
entity_0940,entity_0492,1,train
entity_0492,entity_0940,1,test
entity_0848,entity_0758,1,train
entity_0758,entity_0848,1,train
entity_0871,entity_0407,0,train
entity_0407,entity_0871,0,test
entity_0443,entity_0524,0,train
entity_0524,entity_0443,0,test
entity_0835,entity_0413,0,train
entity_0413,entity_0835,0,test
entity_0248,entity_0205,0,train
entity_0205,entity_0248,0,test
entity_0632,entity_0037,1,train
entity_0037,entity_0632,1,test
entity_0946,entity_0294,1,train
entity_0294,entity_0946,1,train
entity_0811,entity_0910,1,train
entity_0910,entity_0811,1,test
entity_0015,entity_0820,1,train
entity_0820,entity_0015,1,test
entity_0264,entity_0648,0,train
entity_0648,entity_0264,0,test
entity_0396,entity_0298,0,train
entity_0298,entity_0396,0,test
entity_0149,entity_0265,1,train
entity_0265,entity_0149,1,test
entity_0562,entity_0494,1,train
entity_0494,entity_0562,1,test
entity_0415,entity_0066,1,train
entity_0066,entity_0415,1,test
entity_0325,entity_0200,0,train
entity_0200,entity_0325,0,train
entity_0961,entity_0300,1,train
entity_0300,entity_0961,1,train
entity_0124,entity_0270,0,train
entity_0270,entity_0124,0,test
entity_0151,entity_0926,1,train
entity_0926,entity_0151,1,test
entity_0716,entity_0986,0,train
entity_0986,entity_0716,0,test
entity_0116,entity_0314,0,train
entity_0314,entity_0116,0,test
entity_0122,entity_0085,0,train
entity_0085,entity_0122,0,test
entity_0066,entity_0160,0,train
entity_0160,entity_0066,0,test
entity_0437,entity_0219,0,train
entity_0219,entity_0437,0,test
entity_0193,entity_0751,1,train
entity_0751,entity_0193,1,test
entity_0842,entity_0998,1,train
entity_0998,entity_0842,1,test
entity_0667,entity_0897,0,train
entity_0897,entity_0667,0,test
entity_0895,entity_0579,0,train
entity_0579,entity_0895,0,test
entity_0591,entity_0470,1,train
entity_0470,entity_0591,1,test
entity_0093,entity_0941,0,train
entity_0941,entity_0093,0,test
entity_0528,entity_0859,1,train
entity_0859,entity_0528,1,test
entity_0163,entity_0358,1,train
entity_0358,entity_0163,1,test
entity_0734,entity_0801,0,train
entity_0801,entity_0734,0,validation
entity_0208,entity_0471,0,train
entity_0471,entity_0208,0,test
entity_0838,entity_0266,1,train
entity_0266,entity_0838,1,test
entity_0529,entity_0403,0,train
entity_0403,entity_0529,0,test
entity_0571,entity_0652,0,train
entity_0652,entity_0571,0,test
entity_0971,entity_0522,1,train
entity_0522,entity_0971,1,train
entity_0274,entity_0734,0,train
entity_0734,entity_0274,0,test
entity_0572,entity_0553,1,train
entity_0553,entity_0572,1,test
entity_0595,entity_0776,0,train
entity_0776,entity_0595,0,validation
entity_0203,entity_0694,0,train
entity_0694,entity_0203,0,validation
entity_0529,entity_0298,0,train
entity_0298,entity_0529,0,test
entity_0961,entity_0174,0,train
entity_0174,entity_0961,0,test
entity_0505,entity_0515,1,train
entity_0515,entity_0505,1,test
entity_0485,entity_0760,1,train
entity_0760,entity_0485,1,test
entity_0954,entity_0043,1,train
entity_0043,entity_0954,1,test
entity_0970,entity_0199,1,train
entity_0199,entity_0970,1,test
entity_0071,entity_0123,0,train
entity_0123,entity_0071,0,test
entity_0450,entity_0502,0,train
entity_0502,entity_0450,0,test
entity_0612,entity_0394,0,train
entity_0394,entity_0612,0,train
entity_0791,entity_0892,1,train
entity_0892,entity_0791,1,validation
entity_0259,entity_0384,1,train
entity_0384,entity_0259,1,train
entity_0039,entity_0322,1,train
entity_0322,entity_0039,1,test
entity_0093,entity_0506,1,train
entity_0506,entity_0093,1,validation
entity_0729,entity_0917,1,train
entity_0917,entity_0729,1,test
entity_0123,entity_0823,1,train
entity_0823,entity_0123,1,test
entity_0318,entity_0045,1,train
entity_0045,entity_0318,1,train
entity_0624,entity_0330,0,train
entity_0330,entity_0624,0,test
entity_0597,entity_0918,1,train
entity_0918,entity_0597,1,train
entity_0592,entity_0561,0,train
entity_0561,entity_0592,0,validation
entity_0111,entity_0420,0,train
entity_0420,entity_0111,0,test
entity_0397,entity_0868,1,train
entity_0868,entity_0397,1,test
entity_0047,entity_0062,1,train
entity_0062,entity_0047,1,test
entity_0857,entity_0879,1,train
entity_0879,entity_0857,1,test
entity_0609,entity_0184,0,train
entity_0184,entity_0609,0,validation
entity_0176,entity_0461,1,train
entity_0461,entity_0176,1,test
entity_0799,entity_0712,1,train
entity_0712,entity_0799,1,validation
entity_0667,entity_0663,0,train
entity_0663,entity_0667,0,test
entity_0698,entity_0303,0,train
entity_0303,entity_0698,0,test
entity_0124,entity_0574,1,train
entity_0574,entity_0124,1,validation
entity_0991,entity_0647,1,train
entity_0647,entity_0991,1,test
entity_0348,entity_0259,1,train
entity_0259,entity_0348,1,validation
entity_0723,entity_0943,1,train
entity_0943,entity_0723,1,test
entity_0223,entity_0573,1,train
entity_0573,entity_0223,1,test
entity_0324,entity_0495,0,train
entity_0495,entity_0324,0,test
entity_0880,entity_0215,1,train
entity_0215,entity_0880,1,test
entity_0481,entity_0229,1,train
entity_0229,entity_0481,1,test
entity_0933,entity_0954,0,train
entity_0954,entity_0933,0,validation
entity_0310,entity_0001,0,train
entity_0001,entity_0310,0,test
entity_0998,entity_0819,0,train
entity_0819,entity_0998,0,validation
entity_0646,entity_0961,0,train
entity_0961,entity_0646,0,test
entity_0965,entity_0772,0,train
entity_0772,entity_0965,0,train
entity_0793,entity_0527,0,train
entity_0527,entity_0793,0,train
entity_0156,entity_0928,1,train
entity_0928,entity_0156,1,test
entity_0019,entity_0736,1,train
entity_0736,entity_0019,1,test
entity_0859,entity_0566,0,train
entity_0566,entity_0859,0,test
entity_0957,entity_0951,0,train
entity_0951,entity_0957,0,test
entity_0084,entity_0755,1,train
entity_0755,entity_0084,1,test
entity_0863,entity_0814,1,train
entity_0814,entity_0863,1,test
entity_0487,entity_0773,1,train
entity_0773,entity_0487,1,test
entity_0622,entity_0896,0,train
entity_0896,entity_0622,0,train
entity_0467,entity_0907,0,train
entity_0907,entity_0467,0,validation
entity_0265,entity_0935,0,train
entity_0935,entity_0265,0,test
entity_0773,entity_0870,0,train
entity_0870,entity_0773,0,test
entity_0206,entity_0265,0,train
entity_0265,entity_0206,0,test
entity_0104,entity_0405,0,train
entity_0405,entity_0104,0,test
entity_0465,entity_0942,0,train
entity_0942,entity_0465,0,train
entity_0266,entity_0088,1,train
entity_0088,entity_0266,1,train
entity_0851,entity_0188,1,train
entity_0188,entity_0851,1,test
entity_0021,entity_0227,1,train
entity_0227,entity_0021,1,test
entity_0358,entity_0739,1,train
entity_0739,entity_0358,1,train
entity_0542,entity_0860,1,train
entity_0860,entity_0542,1,test
entity_0511,entity_0763,0,train
entity_0763,entity_0511,0,test
entity_0391,entity_0244,0,train
entity_0244,entity_0391,0,test
entity_0508,entity_0924,0,train
entity_0924,entity_0508,0,validation
entity_0009,entity_0975,0,train
entity_0975,entity_0009,0,validation
entity_0910,entity_0526,0,train
entity_0526,entity_0910,0,test
entity_0203,entity_0091,0,train
entity_0091,entity_0203,0,train
entity_0062,entity_0681,1,train
entity_0681,entity_0062,1,test
entity_0697,entity_0056,0,train
entity_0056,entity_0697,0,test
entity_0153,entity_0927,0,train
entity_0927,entity_0153,0,test
entity_0834,entity_0746,1,train
entity_0746,entity_0834,1,test
entity_0902,entity_0976,1,train
entity_0976,entity_0902,1,test
entity_0578,entity_0752,0,train
entity_0752,entity_0578,0,test
entity_0867,entity_0405,0,train
entity_0405,entity_0867,0,validation
entity_0979,entity_0581,1,train
entity_0581,entity_0979,1,test
entity_0186,entity_0063,0,train
entity_0063,entity_0186,0,validation
entity_0082,entity_0352,1,train
entity_0352,entity_0082,1,train
entity_0475,entity_0723,1,train
entity_0723,entity_0475,1,test
entity_0831,entity_0123,0,train
entity_0123,entity_0831,0,test
entity_0003,entity_0510,1,train
entity_0510,entity_0003,1,test
entity_0061,entity_0745,1,train
entity_0745,entity_0061,1,train
entity_0186,entity_0669,1,train
entity_0669,entity_0186,1,test
entity_0126,entity_0244,0,train
entity_0244,entity_0126,0,train
entity_0307,entity_0417,1,train
entity_0417,entity_0307,1,test
entity_0723,entity_0568,1,train
entity_0568,entity_0723,1,test
entity_0760,entity_0601,0,train
entity_0601,entity_0760,0,validation
entity_0468,entity_0590,1,train
entity_0590,entity_0468,1,validation
entity_0973,entity_0596,0,train
entity_0596,entity_0973,0,train
entity_0475,entity_0613,0,train
entity_0613,entity_0475,0,validation
entity_0675,entity_0724,1,train
entity_0724,entity_0675,1,test
entity_0853,entity_0263,0,train
entity_0263,entity_0853,0,test
entity_0249,entity_0197,0,train
entity_0197,entity_0249,0,test
entity_0546,entity_0960,1,train
entity_0960,entity_0546,1,test
entity_0078,entity_0431,0,train
entity_0431,entity_0078,0,train
entity_0397,entity_0644,0,train
entity_0644,entity_0397,0,test
entity_0789,entity_0749,1,train
entity_0749,entity_0789,1,test
entity_0281,entity_0538,1,train
entity_0538,entity_0281,1,test
entity_0129,entity_0112,1,train
entity_0112,entity_0129,1,test
entity_0809,entity_0477,1,train
entity_0477,entity_0809,1,test
entity_0135,entity_0159,1,train
entity_0159,entity_0135,1,test
entity_0330,entity_0215,1,train
entity_0215,entity_0330,1,test
entity_0960,entity_0367,0,train
entity_0367,entity_0960,0,validation
entity_0985,entity_0286,0,train
entity_0286,entity_0985,0,test
entity_0215,entity_0767,0,train
entity_0767,entity_0215,0,test
entity_0407,entity_0163,1,train
entity_0163,entity_0407,1,test
entity_0911,entity_0176,0,train
entity_0176,entity_0911,0,test
entity_0180,entity_0771,0,train
entity_0771,entity_0180,0,validation
entity_0031,entity_0441,0,train
entity_0441,entity_0031,0,test
entity_0040,entity_0037,1,train
entity_0037,entity_0040,1,test
entity_0214,entity_0483,1,train
entity_0483,entity_0214,1,validation
entity_0674,entity_0150,1,train
entity_0150,entity_0674,1,test
entity_0073,entity_0467,0,train
entity_0467,entity_0073,0,validation
entity_0340,entity_0400,0,train
entity_0400,entity_0340,0,validation
entity_0002,entity_0821,1,train
entity_0821,entity_0002,1,test
entity_0031,entity_0138,1,train
entity_0138,entity_0031,1,test
entity_0429,entity_0273,1,train
entity_0273,entity_0429,1,test
entity_0192,entity_0268,0,train
entity_0268,entity_0192,0,train
entity_0853,entity_0068,0,train
entity_0068,entity_0853,0,test
entity_0829,entity_0986,0,train
entity_0986,entity_0829,0,test
entity_0466,entity_0761,1,train
entity_0761,entity_0466,1,train
entity_0243,entity_0585,0,train
entity_0585,entity_0243,0,validation
entity_0396,entity_0834,1,train
entity_0834,entity_0396,1,validation
entity_0587,entity_0725,1,train
entity_0725,entity_0587,1,test
entity_0731,entity_0507,1,train
entity_0507,entity_0731,1,test
entity_0598,entity_0265,1,train
entity_0265,entity_0598,1,validation
entity_0524,entity_0024,1,train
entity_0024,entity_0524,1,validation
entity_0785,entity_0621,1,train
entity_0621,entity_0785,1,train
entity_0005,entity_0419,1,train
entity_0419,entity_0005,1,test
entity_0264,entity_0617,0,train
entity_0617,entity_0264,0,test
entity_0175,entity_0142,1,train
entity_0142,entity_0175,1,test
entity_0569,entity_0646,1,train
entity_0646,entity_0569,1,test
entity_0341,entity_0074,0,train
entity_0074,entity_0341,0,test
entity_0243,entity_0220,0,train
entity_0220,entity_0243,0,test
entity_0024,entity_0440,0,train
entity_0440,entity_0024,0,test
entity_0641,entity_0359,0,train
entity_0359,entity_0641,0,test
entity_0470,entity_0033,1,train
entity_0033,entity_0470,1,test
entity_0081,entity_0466,0,train
entity_0466,entity_0081,0,test
entity_0882,entity_0581,0,train
entity_0581,entity_0882,0,test
entity_0001,entity_0979,1,train
entity_0979,entity_0001,1,test
entity_0695,entity_0681,0,train
entity_0681,entity_0695,0,test
entity_0850,entity_0883,0,train
entity_0883,entity_0850,0,test
entity_0503,entity_0672,0,train
entity_0672,entity_0503,0,validation
entity_0965,entity_0061,1,train
entity_0061,entity_0965,1,test
entity_0999,entity_0101,1,train
entity_0101,entity_0999,1,test
entity_0422,entity_0763,0,train
entity_0763,entity_0422,0,validation
entity_0779,entity_0345,1,train
entity_0345,entity_0779,1,test
entity_0155,entity_0008,0,train
entity_0008,entity_0155,0,test
entity_0876,entity_0716,0,train
entity_0716,entity_0876,0,test
entity_0795,entity_0954,0,train
entity_0954,entity_0795,0,validation
entity_0101,entity_0747,0,train
entity_0747,entity_0101,0,validation
entity_0183,entity_0937,0,train
entity_0937,entity_0183,0,test
entity_0184,entity_0212,0,train
entity_0212,entity_0184,0,test
entity_0441,entity_0528,1,train
entity_0528,entity_0441,1,test
entity_0937,entity_0764,1,train
entity_0764,entity_0937,1,train
entity_0685,entity_0019,1,train
entity_0019,entity_0685,1,test
entity_0076,entity_0811,0,train
entity_0811,entity_0076,0,test
entity_0500,entity_0834,0,train
entity_0834,entity_0500,0,test
entity_0945,entity_0424,1,train
entity_0424,entity_0945,1,test
entity_0115,entity_0821,0,train
entity_0821,entity_0115,0,test
entity_0247,entity_0038,0,train
entity_0038,entity_0247,0,test
entity_0438,entity_0006,0,train
entity_0006,entity_0438,0,test
entity_0725,entity_0215,1,train
entity_0215,entity_0725,1,test
entity_0917,entity_0853,0,train
entity_0853,entity_0917,0,test
entity_0843,entity_0223,1,train
entity_0223,entity_0843,1,test
entity_0602,entity_0148,0,train
entity_0148,entity_0602,0,test
entity_0703,entity_0831,1,train
entity_0831,entity_0703,1,train
entity_0807,entity_0398,1,train
entity_0398,entity_0807,1,test
entity_0180,entity_0390,0,train
entity_0390,entity_0180,0,validation
entity_0136,entity_0609,1,train
entity_0609,entity_0136,1,validation
entity_0312,entity_0508,0,train
entity_0508,entity_0312,0,test
entity_0255,entity_0191,1,train
entity_0191,entity_0255,1,test
entity_0662,entity_0461,1,train
entity_0461,entity_0662,1,test
entity_0076,entity_0687,0,train
entity_0687,entity_0076,0,validation
entity_0047,entity_0681,1,train
entity_0681,entity_0047,1,train
entity_0532,entity_0818,1,train
entity_0818,entity_0532,1,train
entity_0583,entity_0039,1,train
entity_0039,entity_0583,1,test
entity_0691,entity_0891,0,train
entity_0891,entity_0691,0,test
entity_0322,entity_0029,1,train
entity_0029,entity_0322,1,test
entity_0556,entity_0258,0,train
entity_0258,entity_0556,0,test
entity_0323,entity_0101,1,train
entity_0101,entity_0323,1,test
entity_0129,entity_0291,1,train
entity_0291,entity_0129,1,validation
entity_0804,entity_0644,0,train
entity_0644,entity_0804,0,test
entity_0062,entity_0642,1,train
entity_0642,entity_0062,1,train
entity_0740,entity_0323,0,train
entity_0323,entity_0740,0,test
entity_0610,entity_0007,1,train
entity_0007,entity_0610,1,test
entity_0338,entity_0583,0,train
entity_0583,entity_0338,0,test
entity_0177,entity_0199,0,train
entity_0199,entity_0177,0,validation
entity_0795,entity_0671,1,train
entity_0671,entity_0795,1,test
entity_0331,entity_0923,1,train
entity_0923,entity_0331,1,test
entity_0914,entity_0481,1,train
entity_0481,entity_0914,1,test
entity_0058,entity_0563,1,train
entity_0563,entity_0058,1,validation
entity_0808,entity_0464,0,train
entity_0464,entity_0808,0,validation
entity_0380,entity_0023,0,train
entity_0023,entity_0380,0,test
entity_0520,entity_0454,1,train
entity_0454,entity_0520,1,train
entity_0574,entity_0368,0,train
entity_0368,entity_0574,0,test
entity_0666,entity_0481,0,train
entity_0481,entity_0666,0,test
entity_0039,entity_0790,1,train
entity_0790,entity_0039,1,validation
entity_0655,entity_0986,0,train
entity_0986,entity_0655,0,test
entity_0514,entity_0822,0,train
entity_0822,entity_0514,0,test
entity_0817,entity_0635,1,train
entity_0635,entity_0817,1,test
entity_0659,entity_0539,1,train
entity_0539,entity_0659,1,test
entity_0309,entity_0400,1,train
entity_0400,entity_0309,1,test
entity_0446,entity_0891,1,train
entity_0891,entity_0446,1,test
entity_0170,entity_0125,1,train
entity_0125,entity_0170,1,test
entity_0752,entity_0874,1,train
entity_0874,entity_0752,1,validation
entity_0091,entity_0924,0,train
entity_0924,entity_0091,0,train
entity_0377,entity_0877,0,train
entity_0877,entity_0377,0,test
entity_0637,entity_0396,0,train
entity_0396,entity_0637,0,test
entity_0505,entity_0281,0,train
entity_0281,entity_0505,0,test
entity_0464,entity_0312,0,train
entity_0312,entity_0464,0,train
entity_0963,entity_0908,1,train
entity_0908,entity_0963,1,validation
entity_0786,entity_0290,0,train
entity_0290,entity_0786,0,train
entity_0992,entity_0320,1,train
entity_0320,entity_0992,1,test
entity_0669,entity_0723,0,train
entity_0723,entity_0669,0,validation
entity_0373,entity_0323,1,train
entity_0323,entity_0373,1,train
entity_0768,entity_0486,1,train
entity_0486,entity_0768,1,train
entity_0413,entity_0515,0,train
entity_0515,entity_0413,0,test
entity_0731,entity_0479,0,train
entity_0479,entity_0731,0,test
entity_0554,entity_0415,1,train
entity_0415,entity_0554,1,train
entity_0932,entity_0487,1,train
entity_0487,entity_0932,1,test
entity_0910,entity_0872,0,train
entity_0872,entity_0910,0,train
entity_0604,entity_0899,1,train
entity_0899,entity_0604,1,train
entity_0713,entity_0792,1,train
entity_0792,entity_0713,1,test
entity_0711,entity_0657,0,train
entity_0657,entity_0711,0,validation
entity_0943,entity_0285,1,train
entity_0285,entity_0943,1,test
entity_0708,entity_0286,0,train
entity_0286,entity_0708,0,test
entity_0025,entity_0427,1,train
entity_0427,entity_0025,1,test
entity_0329,entity_0557,0,train
entity_0557,entity_0329,0,train
entity_0975,entity_0629,0,train
entity_0629,entity_0975,0,test
entity_0684,entity_0257,0,train
entity_0257,entity_0684,0,train
entity_0763,entity_0344,0,train
entity_0344,entity_0763,0,validation
entity_0673,entity_0104,0,train
entity_0104,entity_0673,0,test
entity_0544,entity_0739,1,train
entity_0739,entity_0544,1,validation
entity_0904,entity_0627,1,train
entity_0627,entity_0904,1,validation
entity_0406,entity_0309,0,train
entity_0309,entity_0406,0,test
entity_0599,entity_0933,1,train
entity_0933,entity_0599,1,test
entity_0041,entity_0225,1,train
entity_0225,entity_0041,1,validation
entity_0059,entity_0352,0,train
entity_0352,entity_0059,0,test
entity_0702,entity_0422,1,train
entity_0422,entity_0702,1,test
entity_0066,entity_0897,1,train
entity_0897,entity_0066,1,test
entity_0039,entity_0562,0,train
entity_0562,entity_0039,0,test
entity_0870,entity_0102,0,train
entity_0102,entity_0870,0,validation
entity_0133,entity_0230,0,train
entity_0230,entity_0133,0,test
entity_0978,entity_0867,1,train
entity_0867,entity_0978,1,test
entity_0570,entity_0270,0,train
entity_0270,entity_0570,0,test
entity_0106,entity_0141,0,train
entity_0141,entity_0106,0,test
entity_0551,entity_0071,1,train
entity_0071,entity_0551,1,test
entity_0828,entity_0527,1,train
entity_0527,entity_0828,1,test
entity_0718,entity_0938,0,train
entity_0938,entity_0718,0,validation
entity_0243,entity_0901,0,train
entity_0901,entity_0243,0,test
entity_0963,entity_0714,0,train
entity_0714,entity_0963,0,train
entity_0637,entity_0885,0,train
entity_0885,entity_0637,0,test
entity_0259,entity_0102,0,train
entity_0102,entity_0259,0,test
entity_0554,entity_0261,1,train
entity_0261,entity_0554,1,train
entity_0898,entity_0519,0,train
entity_0519,entity_0898,0,train
entity_0019,entity_0321,0,train
entity_0321,entity_0019,0,validation
entity_0110,entity_0175,1,train
entity_0175,entity_0110,1,test
entity_0938,entity_0694,1,train
entity_0694,entity_0938,1,test
entity_0704,entity_0917,0,train
entity_0917,entity_0704,0,test
entity_0169,entity_0968,0,train
entity_0968,entity_0169,0,test
entity_0458,entity_0157,1,train
entity_0157,entity_0458,1,validation
entity_0990,entity_0577,1,train
entity_0577,entity_0990,1,test
entity_0048,entity_0270,0,train
entity_0270,entity_0048,0,test
entity_0450,entity_0512,0,train
entity_0512,entity_0450,0,test
entity_0422,entity_0105,1,train
entity_0105,entity_0422,1,test
entity_0511,entity_0368,0,train
entity_0368,entity_0511,0,test
entity_0397,entity_0686,1,train
entity_0686,entity_0397,1,test
entity_0769,entity_0394,1,train
entity_0394,entity_0769,1,validation
entity_0869,entity_0303,0,train
entity_0303,entity_0869,0,test
entity_0182,entity_0558,1,train
entity_0558,entity_0182,1,train
entity_0539,entity_0592,0,train
entity_0592,entity_0539,0,validation
entity_0212,entity_0676,1,train
entity_0676,entity_0212,1,test
entity_0222,entity_0413,0,train
entity_0413,entity_0222,0,test
entity_0297,entity_0094,0,train
entity_0094,entity_0297,0,test
entity_0423,entity_0570,0,train
entity_0570,entity_0423,0,test
entity_0593,entity_0627,1,train
entity_0627,entity_0593,1,test
entity_0667,entity_0123,1,train
entity_0123,entity_0667,1,validation
entity_0595,entity_0085,1,train
entity_0085,entity_0595,1,test
entity_0123,entity_0083,0,train
entity_0083,entity_0123,0,validation
entity_0590,entity_0474,1,train
entity_0474,entity_0590,1,test
entity_0729,entity_0432,0,train
entity_0432,entity_0729,0,test
entity_0900,entity_0707,1,train
entity_0707,entity_0900,1,test
entity_0285,entity_0475,1,train
entity_0475,entity_0285,1,test
entity_0411,entity_0846,1,train
entity_0846,entity_0411,1,test
entity_0466,entity_0313,1,train
entity_0313,entity_0466,1,train
entity_0456,entity_0853,0,train
entity_0853,entity_0456,0,validation
entity_0408,entity_0281,1,train
entity_0281,entity_0408,1,test
entity_0468,entity_0446,0,train
entity_0446,entity_0468,0,test
entity_0333,entity_0272,1,train
entity_0272,entity_0333,1,test
entity_0512,entity_0023,0,train
entity_0023,entity_0512,0,test
entity_0944,entity_0360,1,train
entity_0360,entity_0944,1,test
entity_0367,entity_0719,1,train
entity_0719,entity_0367,1,test
entity_0694,entity_0850,0,train
entity_0850,entity_0694,0,test
entity_0939,entity_0778,0,train
entity_0778,entity_0939,0,test
entity_0936,entity_0635,1,train
entity_0635,entity_0936,1,test
entity_0581,entity_0883,0,train
entity_0883,entity_0581,0,test
entity_0375,entity_0064,0,train
entity_0064,entity_0375,0,validation
entity_0029,entity_0696,0,train
entity_0696,entity_0029,0,train
entity_0754,entity_0249,0,train
entity_0249,entity_0754,0,test
entity_0339,entity_0805,1,train
entity_0805,entity_0339,1,validation
entity_0337,entity_0993,1,train
entity_0993,entity_0337,1,test
entity_0006,entity_0997,1,train
entity_0997,entity_0006,1,test
entity_0147,entity_0175,1,train
entity_0175,entity_0147,1,train
entity_0326,entity_0535,1,train
entity_0535,entity_0326,1,train
entity_0776,entity_0737,1,train
entity_0737,entity_0776,1,test
entity_0105,entity_0046,1,train
entity_0046,entity_0105,1,test
entity_0101,entity_0956,0,train
entity_0956,entity_0101,0,validation
entity_0997,entity_0989,0,train
entity_0989,entity_0997,0,validation
entity_0366,entity_0900,1,train
entity_0900,entity_0366,1,validation
entity_0616,entity_0140,0,train
entity_0140,entity_0616,0,test
entity_0594,entity_0589,1,train
entity_0589,entity_0594,1,test
entity_0796,entity_0012,1,train
entity_0012,entity_0796,1,test
entity_0856,entity_0881,0,train
entity_0881,entity_0856,0,test
entity_0358,entity_0367,0,train
entity_0367,entity_0358,0,validation
entity_0163,entity_0952,0,train
entity_0952,entity_0163,0,test
entity_0856,entity_0591,0,train
entity_0591,entity_0856,0,test
entity_0271,entity_0310,0,train
entity_0310,entity_0271,0,validation
entity_0399,entity_0975,0,train
entity_0975,entity_0399,0,test
entity_0483,entity_0405,1,train
entity_0405,entity_0483,1,test
entity_0385,entity_0167,0,train
entity_0167,entity_0385,0,test
entity_0111,entity_0109,0,train
entity_0109,entity_0111,0,test
entity_0330,entity_0102,1,train
entity_0102,entity_0330,1,validation
entity_0796,entity_0762,1,train
entity_0762,entity_0796,1,train
entity_0622,entity_0693,0,train
entity_0693,entity_0622,0,validation
entity_0270,entity_0337,0,train
entity_0337,entity_0270,0,test
entity_0122,entity_0430,1,train
entity_0430,entity_0122,1,test
entity_0092,entity_0737,1,train
entity_0737,entity_0092,1,test
entity_0252,entity_0932,0,train
entity_0932,entity_0252,0,test
entity_0506,entity_0821,0,train
entity_0821,entity_0506,0,test
entity_0860,entity_0568,0,train
entity_0568,entity_0860,0,test
entity_0660,entity_0203,1,train
entity_0203,entity_0660,1,train
entity_0607,entity_0723,0,train
entity_0723,entity_0607,0,test
entity_0244,entity_0621,1,train
entity_0621,entity_0244,1,train
entity_0889,entity_0063,1,train
entity_0063,entity_0889,1,test
entity_0592,entity_0722,0,train
entity_0722,entity_0592,0,test
entity_0376,entity_0414,0,train
entity_0414,entity_0376,0,train
entity_0698,entity_0585,1,train
entity_0585,entity_0698,1,train
entity_0970,entity_0244,1,train
entity_0244,entity_0970,1,test
entity_0552,entity_0064,1,train
entity_0064,entity_0552,1,test
entity_0636,entity_0064,1,train
entity_0064,entity_0636,1,validation
entity_0207,entity_0382,1,train
entity_0382,entity_0207,1,validation
entity_0029,entity_0749,0,train
entity_0749,entity_0029,0,test
entity_0898,entity_0335,0,train
entity_0335,entity_0898,0,test
entity_0852,entity_0961,0,train
entity_0961,entity_0852,0,validation
entity_0750,entity_0375,1,train
entity_0375,entity_0750,1,test
entity_0791,entity_0882,0,train
entity_0882,entity_0791,0,test
entity_0684,entity_0433,1,train
entity_0433,entity_0684,1,test
entity_0297,entity_0857,1,train
entity_0857,entity_0297,1,test
entity_0675,entity_0205,1,train
entity_0205,entity_0675,1,test
entity_0035,entity_0170,1,train
entity_0170,entity_0035,1,validation
entity_0549,entity_0718,1,train
entity_0718,entity_0549,1,test
entity_0708,entity_0838,0,train
entity_0838,entity_0708,0,test
entity_0169,entity_0086,1,train
entity_0086,entity_0169,1,test
entity_0848,entity_0143,1,train
entity_0143,entity_0848,1,test
entity_0246,entity_0629,1,train
entity_0629,entity_0246,1,test
entity_0553,entity_0626,1,train
entity_0626,entity_0553,1,test
entity_0431,entity_0764,1,train
entity_0764,entity_0431,1,test
entity_0416,entity_0974,1,train
entity_0974,entity_0416,1,test
entity_0935,entity_0486,1,train
entity_0486,entity_0935,1,test
entity_0444,entity_0997,1,train
entity_0997,entity_0444,1,test
entity_0980,entity_0335,1,train
entity_0335,entity_0980,1,test
entity_0640,entity_0865,1,train
entity_0865,entity_0640,1,test
entity_0523,entity_0703,0,train
entity_0703,entity_0523,0,test
entity_0346,entity_0441,0,train
entity_0441,entity_0346,0,test
entity_0078,entity_0480,1,train
entity_0480,entity_0078,1,test
entity_0383,entity_0387,1,train
entity_0387,entity_0383,1,test
entity_0902,entity_0271,1,train
entity_0271,entity_0902,1,test
entity_0103,entity_0419,1,train
entity_0419,entity_0103,1,test
entity_0408,entity_0366,0,train
entity_0366,entity_0408,0,test
entity_0478,entity_0776,1,train
entity_0776,entity_0478,1,test
entity_0349,entity_0671,0,train
entity_0671,entity_0349,0,test
entity_0911,entity_0276,1,train
entity_0276,entity_0911,1,test
entity_0211,entity_0352,1,train
entity_0352,entity_0211,1,test
entity_0351,entity_0775,1,train
entity_0775,entity_0351,1,test
entity_0778,entity_0597,1,train
entity_0597,entity_0778,1,test
entity_0786,entity_0296,1,train
entity_0296,entity_0786,1,test
entity_0943,entity_0777,1,train
entity_0777,entity_0943,1,train
entity_0452,entity_0997,0,train
entity_0997,entity_0452,0,test
entity_0903,entity_0284,1,train
entity_0284,entity_0903,1,validation
entity_0664,entity_0687,1,train
entity_0687,entity_0664,1,test
entity_0505,entity_0585,0,train
entity_0585,entity_0505,0,test
entity_0909,entity_0372,0,train
entity_0372,entity_0909,0,test
entity_0263,entity_0142,0,train
entity_0142,entity_0263,0,test
entity_0531,entity_0495,1,train
entity_0495,entity_0531,1,test
entity_0104,entity_0578,0,train
entity_0578,entity_0104,0,test
entity_0082,entity_0418,1,train
entity_0418,entity_0082,1,test
entity_0916,entity_0090,0,train
entity_0090,entity_0916,0,test
entity_0056,entity_0129,1,train
entity_0129,entity_0056,1,train
entity_0272,entity_0794,1,train
entity_0794,entity_0272,1,test
entity_0665,entity_0710,0,train
entity_0710,entity_0665,0,test
entity_0771,entity_0514,1,train
entity_0514,entity_0771,1,test
entity_0464,entity_0150,1,train
entity_0150,entity_0464,1,test
entity_0665,entity_0534,0,train
entity_0534,entity_0665,0,test
entity_0691,entity_0352,0,train
entity_0352,entity_0691,0,test
entity_0781,entity_0663,0,train
entity_0663,entity_0781,0,test
entity_0241,entity_0386,0,train
entity_0386,entity_0241,0,test
entity_0600,entity_0329,1,train
entity_0329,entity_0600,1,test
entity_0649,entity_0463,0,train
entity_0463,entity_0649,0,validation
entity_0663,entity_0740,0,train
entity_0740,entity_0663,0,validation
entity_0819,entity_0356,0,train
entity_0356,entity_0819,0,validation
entity_0856,entity_0131,0,train
entity_0131,entity_0856,0,test
entity_0700,entity_0067,0,train
entity_0067,entity_0700,0,test
entity_0242,entity_0815,0,train
entity_0815,entity_0242,0,test
entity_0012,entity_0078,1,train
entity_0078,entity_0012,1,validation
entity_0544,entity_0535,0,train
entity_0535,entity_0544,0,test
entity_0659,entity_0918,0,train
entity_0918,entity_0659,0,test
entity_0473,entity_0887,1,train
entity_0887,entity_0473,1,test
entity_0547,entity_0387,1,train
entity_0387,entity_0547,1,test
entity_0281,entity_0335,0,train
entity_0335,entity_0281,0,test
entity_0981,entity_0329,0,train
entity_0329,entity_0981,0,test
entity_0721,entity_0507,1,train
entity_0507,entity_0721,1,train
entity_0359,entity_0222,1,train
entity_0222,entity_0359,1,test
entity_0382,entity_0919,1,train
entity_0919,entity_0382,1,test
entity_0091,entity_0549,0,train
entity_0549,entity_0091,0,test
entity_0034,entity_0964,1,train
entity_0964,entity_0034,1,test
entity_0643,entity_0235,0,train
entity_0235,entity_0643,0,test
entity_0653,entity_0997,0,train
entity_0997,entity_0653,0,validation
entity_0748,entity_0397,1,train
entity_0397,entity_0748,1,test
entity_0131,entity_0608,1,train
entity_0608,entity_0131,1,test
entity_0702,entity_0594,0,train
entity_0594,entity_0702,0,test
entity_0514,entity_0206,1,train
entity_0206,entity_0514,1,test
entity_0052,entity_0667,0,train
entity_0667,entity_0052,0,validation
entity_0225,entity_0245,0,train
entity_0245,entity_0225,0,test
entity_0162,entity_0689,0,train
entity_0689,entity_0162,0,train
entity_0568,entity_0516,0,train
entity_0516,entity_0568,0,test
entity_0535,entity_0540,0,train
entity_0540,entity_0535,0,test
entity_0839,entity_0039,1,train
entity_0039,entity_0839,1,validation
entity_0942,entity_0056,0,train
entity_0056,entity_0942,0,test
entity_0794,entity_0418,0,train
entity_0418,entity_0794,0,train
entity_0164,entity_0901,0,train
entity_0901,entity_0164,0,validation
entity_0692,entity_0896,1,train
entity_0896,entity_0692,1,test
entity_0629,entity_0038,1,train
entity_0038,entity_0629,1,validation
entity_0885,entity_0193,1,train
entity_0193,entity_0885,1,test
entity_0624,entity_0364,0,train
entity_0364,entity_0624,0,test
entity_0061,entity_0738,0,train
entity_0738,entity_0061,0,test
entity_0684,entity_0978,0,train
entity_0978,entity_0684,0,validation
entity_0847,entity_0988,1,train
entity_0988,entity_0847,1,test
entity_0689,entity_0319,1,train
entity_0319,entity_0689,1,test
entity_0914,entity_0162,0,train
entity_0162,entity_0914,0,test
entity_0087,entity_0198,0,train
entity_0198,entity_0087,0,test
entity_0079,entity_0517,1,train
entity_0517,entity_0079,1,test
entity_0571,entity_0458,1,train
entity_0458,entity_0571,1,train
entity_0181,entity_0692,1,train
entity_0692,entity_0181,1,test
entity_0412,entity_0654,1,train
entity_0654,entity_0412,1,train
entity_0310,entity_0972,1,train
entity_0972,entity_0310,1,test
entity_0847,entity_0104,0,train
entity_0104,entity_0847,0,validation
entity_0838,entity_0106,0,train
entity_0106,entity_0838,0,test
entity_0470,entity_0077,1,train
entity_0077,entity_0470,1,test
entity_0295,entity_0936,1,train
entity_0936,entity_0295,1,test
entity_0423,entity_0362,1,train
entity_0362,entity_0423,1,test
entity_0335,entity_0695,0,train
entity_0695,entity_0335,0,validation
entity_0192,entity_0442,0,train
entity_0442,entity_0192,0,test
entity_0063,entity_0862,0,train
entity_0862,entity_0063,0,test
entity_0051,entity_0287,1,train
entity_0287,entity_0051,1,validation
entity_0257,entity_0427,0,train
entity_0427,entity_0257,0,test
entity_0591,entity_0434,1,train
entity_0434,entity_0591,1,test
entity_0750,entity_0707,1,train
entity_0707,entity_0750,1,test
entity_0273,entity_0916,1,train
entity_0916,entity_0273,1,test
entity_0146,entity_0354,0,train
entity_0354,entity_0146,0,validation
entity_0139,entity_0534,0,train
entity_0534,entity_0139,0,test
entity_0852,entity_0053,1,train
entity_0053,entity_0852,1,validation
entity_0287,entity_0304,1,train
entity_0304,entity_0287,1,validation
entity_0827,entity_0653,0,train
entity_0653,entity_0827,0,test
entity_0893,entity_0931,1,train
entity_0931,entity_0893,1,train
entity_0572,entity_0561,1,train
entity_0561,entity_0572,1,test
entity_0700,entity_0736,1,train
entity_0736,entity_0700,1,test
entity_0305,entity_0484,1,train
entity_0484,entity_0305,1,test
entity_0640,entity_0090,0,train
entity_0090,entity_0640,0,test
entity_0172,entity_0260,0,train
entity_0260,entity_0172,0,train
entity_0909,entity_0072,0,train
entity_0072,entity_0909,0,train
entity_0567,entity_0842,0,train
entity_0842,entity_0567,0,test
entity_0069,entity_0395,0,train
entity_0395,entity_0069,0,test
entity_0737,entity_0478,1,train
entity_0478,entity_0737,1,validation
entity_0249,entity_0537,1,train
entity_0537,entity_0249,1,test
entity_0739,entity_0139,0,train
entity_0139,entity_0739,0,test
entity_0205,entity_0368,0,train
entity_0368,entity_0205,0,test
entity_0499,entity_0804,1,train
entity_0804,entity_0499,1,validation
entity_0400,entity_0793,1,train
entity_0793,entity_0400,1,test
entity_0840,entity_0374,0,train
entity_0374,entity_0840,0,train
entity_0570,entity_0347,0,train
entity_0347,entity_0570,0,test
entity_0729,entity_0651,0,train
entity_0651,entity_0729,0,test
entity_0894,entity_0845,0,train
entity_0845,entity_0894,0,test
entity_0030,entity_0120,1,train
entity_0120,entity_0030,1,test
entity_0272,entity_0120,1,train
entity_0120,entity_0272,1,validation
entity_0250,entity_0521,0,train
entity_0521,entity_0250,0,validation
entity_0410,entity_0072,1,train
entity_0072,entity_0410,1,test
entity_0615,entity_0264,1,train
entity_0264,entity_0615,1,test
entity_0240,entity_0797,1,train
entity_0797,entity_0240,1,train
entity_0036,entity_0504,1,train
entity_0504,entity_0036,1,test
entity_0072,entity_0355,1,train
entity_0355,entity_0072,1,test
entity_0044,entity_0342,1,train
entity_0342,entity_0044,1,test
entity_0200,entity_0505,1,train
entity_0505,entity_0200,1,test
entity_0486,entity_0838,0,train
entity_0838,entity_0486,0,test
entity_0270,entity_0180,1,train
entity_0180,entity_0270,1,validation
entity_0279,entity_0584,0,train
entity_0584,entity_0279,0,test
entity_0359,entity_0026,0,train
entity_0026,entity_0359,0,test
entity_0536,entity_0457,0,train
entity_0457,entity_0536,0,test
entity_0152,entity_0562,1,train
entity_0562,entity_0152,1,test
entity_0468,entity_0497,1,train
entity_0497,entity_0468,1,validation
entity_0657,entity_0542,1,train
entity_0542,entity_0657,1,test
entity_0840,entity_0108,1,train
entity_0108,entity_0840,1,test
entity_0230,entity_0011,1,train
entity_0011,entity_0230,1,validation
entity_0585,entity_0184,0,train
entity_0184,entity_0585,0,test
entity_0708,entity_0905,1,train
entity_0905,entity_0708,1,validation
entity_0953,entity_0129,1,train
entity_0129,entity_0953,1,test
entity_0121,entity_0976,1,train
entity_0976,entity_0121,1,test
entity_0720,entity_0613,0,train
entity_0613,entity_0720,0,test
entity_0396,entity_0279,1,train
entity_0279,entity_0396,1,test
entity_0108,entity_0728,0,train
entity_0728,entity_0108,0,test
entity_0157,entity_0224,1,train
entity_0224,entity_0157,1,test
entity_0811,entity_0781,0,train
entity_0781,entity_0811,0,test
entity_0285,entity_0185,0,train
entity_0185,entity_0285,0,validation
entity_0853,entity_0479,1,train
entity_0479,entity_0853,1,test
entity_0763,entity_0815,1,train
entity_0815,entity_0763,1,test
entity_0252,entity_0192,1,train
entity_0192,entity_0252,1,test
entity_0461,entity_0654,1,train
entity_0654,entity_0461,1,validation
entity_0214,entity_0581,1,train
entity_0581,entity_0214,1,test
entity_0497,entity_0248,0,train
entity_0248,entity_0497,0,test
entity_0009,entity_0243,1,train
entity_0243,entity_0009,1,test
entity_0103,entity_0606,0,train
entity_0606,entity_0103,0,validation
entity_0070,entity_0915,1,train
entity_0915,entity_0070,1,test
entity_0248,entity_0134,1,train
entity_0134,entity_0248,1,test
entity_0908,entity_0976,1,train
entity_0976,entity_0908,1,test
entity_0480,entity_0872,0,train
entity_0872,entity_0480,0,train
entity_0137,entity_0062,0,train
entity_0062,entity_0137,0,train
entity_0190,entity_0589,1,train
entity_0589,entity_0190,1,test
entity_0091,entity_0193,1,train
entity_0193,entity_0091,1,validation
entity_0338,entity_0254,0,train
entity_0254,entity_0338,0,test
entity_0970,entity_0340,0,train
entity_0340,entity_0970,0,test
entity_0597,entity_0787,1,train
entity_0787,entity_0597,1,test
entity_0196,entity_0932,1,train
entity_0932,entity_0196,1,test
entity_0882,entity_0518,1,train
entity_0518,entity_0882,1,test
entity_0878,entity_0085,0,train
entity_0085,entity_0878,0,test
entity_0690,entity_0132,1,train
entity_0132,entity_0690,1,test
entity_0645,entity_0889,0,train
entity_0889,entity_0645,0,test
entity_0718,entity_0057,1,train
entity_0057,entity_0718,1,test
entity_0821,entity_0680,1,train
entity_0680,entity_0821,1,test
entity_0751,entity_0696,1,train
entity_0696,entity_0751,1,test
entity_0672,entity_0893,1,train
entity_0893,entity_0672,1,validation
entity_0176,entity_0654,1,train
entity_0654,entity_0176,1,test
entity_0637,entity_0342,0,train
entity_0342,entity_0637,0,test
entity_0713,entity_0921,0,train
entity_0921,entity_0713,0,validation
entity_0719,entity_0927,1,train
entity_0927,entity_0719,1,test
entity_0785,entity_0713,1,train
entity_0713,entity_0785,1,train
entity_0681,entity_0459,0,train
entity_0459,entity_0681,0,test
entity_0383,entity_0514,0,train
entity_0514,entity_0383,0,test
entity_0446,entity_0027,0,train
entity_0027,entity_0446,0,test
entity_0144,entity_0460,1,train
entity_0460,entity_0144,1,validation
entity_0330,entity_0828,0,train
entity_0828,entity_0330,0,validation
entity_0416,entity_0133,0,train
entity_0133,entity_0416,0,test
entity_0983,entity_0601,1,train
entity_0601,entity_0983,1,test
entity_0073,entity_0011,1,train
entity_0011,entity_0073,1,test
entity_0226,entity_0866,0,train
entity_0866,entity_0226,0,test
entity_0485,entity_0124,1,train
entity_0124,entity_0485,1,test
entity_0719,entity_0436,1,train
entity_0436,entity_0719,1,test
entity_0221,entity_0640,1,train
entity_0640,entity_0221,1,test
entity_0392,entity_0726,0,train
entity_0726,entity_0392,0,test
entity_0942,entity_0845,0,train
entity_0845,entity_0942,0,test
entity_0443,entity_0193,1,train
entity_0193,entity_0443,1,test
entity_0690,entity_0047,1,train
entity_0047,entity_0690,1,test
entity_0756,entity_0651,1,train
entity_0651,entity_0756,1,test
entity_0504,entity_0370,1,train
entity_0370,entity_0504,1,test
entity_0881,entity_0351,0,train
entity_0351,entity_0881,0,validation
entity_0605,entity_0641,0,train
entity_0641,entity_0605,0,test
entity_0757,entity_0830,0,train
entity_0830,entity_0757,0,test
entity_0133,entity_0243,0,train
entity_0243,entity_0133,0,test
entity_0127,entity_0148,1,train
entity_0148,entity_0127,1,test
entity_0467,entity_0657,1,train
entity_0657,entity_0467,1,test
entity_0179,entity_0904,0,train
entity_0904,entity_0179,0,test
entity_0948,entity_0472,0,train
entity_0472,entity_0948,0,test
entity_0041,entity_0652,0,train
entity_0652,entity_0041,0,test
entity_0708,entity_0095,1,train
entity_0095,entity_0708,1,test
entity_0949,entity_0820,0,train
entity_0820,entity_0949,0,test
entity_0196,entity_0364,0,train
entity_0364,entity_0196,0,test
entity_0285,entity_0665,1,train
entity_0665,entity_0285,1,test
entity_0162,entity_0232,0,train
entity_0232,entity_0162,0,test
entity_0083,entity_0993,0,train
entity_0993,entity_0083,0,test
entity_0710,entity_0329,1,train
entity_0329,entity_0710,1,test
entity_0237,entity_0623,0,train
entity_0623,entity_0237,0,test
entity_0978,entity_0056,0,train
entity_0056,entity_0978,0,test
entity_0169,entity_0738,1,train
entity_0738,entity_0169,1,test
entity_0178,entity_0446,1,train
entity_0446,entity_0178,1,test
entity_0870,entity_0109,0,train
entity_0109,entity_0870,0,test
entity_0973,entity_0634,1,train
entity_0634,entity_0973,1,validation
entity_0953,entity_0445,1,train
entity_0445,entity_0953,1,test
entity_0627,entity_0228,1,train
entity_0228,entity_0627,1,test
entity_0520,entity_0047,1,train
entity_0047,entity_0520,1,test
entity_0209,entity_0851,1,train
entity_0851,entity_0209,1,test
entity_0747,entity_0341,1,train
entity_0341,entity_0747,1,test
entity_0851,entity_0524,1,train
entity_0524,entity_0851,1,test
entity_0017,entity_0533,0,train
entity_0533,entity_0017,0,test
entity_0214,entity_0909,0,train
entity_0909,entity_0214,0,test
entity_0238,entity_0970,0,train
entity_0970,entity_0238,0,test
entity_0125,entity_0877,0,train
entity_0877,entity_0125,0,test
entity_0816,entity_0807,1,train
entity_0807,entity_0816,1,validation
entity_0600,entity_0925,1,train
entity_0925,entity_0600,1,test
entity_0887,entity_0626,1,train
entity_0626,entity_0887,1,test
entity_0780,entity_0410,1,train
entity_0410,entity_0780,1,test
entity_0795,entity_0278,0,train
entity_0278,entity_0795,0,test
entity_0203,entity_0346,0,train
entity_0346,entity_0203,0,test
entity_0144,entity_0076,1,train
entity_0076,entity_0144,1,test
entity_0578,entity_0998,1,train
entity_0998,entity_0578,1,train
entity_0159,entity_0713,0,train
entity_0713,entity_0159,0,test
entity_0213,entity_0466,0,train
entity_0466,entity_0213,0,test
entity_0703,entity_0830,0,train
entity_0830,entity_0703,0,validation
entity_0795,entity_0836,1,train
entity_0836,entity_0795,1,test
entity_0682,entity_0629,0,train
entity_0629,entity_0682,0,validation
entity_0918,entity_0680,0,train
entity_0680,entity_0918,0,test
entity_0369,entity_0239,0,train
entity_0239,entity_0369,0,test
entity_0291,entity_0371,0,train
entity_0371,entity_0291,0,train
entity_0776,entity_0318,1,train
entity_0318,entity_0776,1,validation
entity_0732,entity_0295,0,train
entity_0295,entity_0732,0,test
entity_0432,entity_0585,0,train
entity_0585,entity_0432,0,validation
entity_0690,entity_0681,1,train
entity_0681,entity_0690,1,test
entity_0051,entity_0259,0,train
entity_0259,entity_0051,0,test
entity_0570,entity_0677,1,train
entity_0677,entity_0570,1,validation
entity_0804,entity_0407,0,train
entity_0407,entity_0804,0,test
entity_0819,entity_0146,0,train
entity_0146,entity_0819,0,train
entity_0996,entity_0119,0,train
entity_0119,entity_0996,0,validation
entity_0752,entity_0675,1,train
entity_0675,entity_0752,1,test
entity_0421,entity_0012,1,train
entity_0012,entity_0421,1,test
entity_0498,entity_0543,0,train
entity_0543,entity_0498,0,test
entity_0075,entity_0066,0,train
entity_0066,entity_0075,0,test
entity_0420,entity_0586,1,train
entity_0586,entity_0420,1,test
entity_0572,entity_0626,1,train
entity_0626,entity_0572,1,test
entity_0635,entity_0897,0,train
entity_0897,entity_0635,0,test
entity_0396,entity_0885,0,train
entity_0885,entity_0396,0,test
entity_0055,entity_0449,1,train
entity_0449,entity_0055,1,test
entity_0964,entity_0541,1,train
entity_0541,entity_0964,1,test
entity_0859,entity_0921,0,train
entity_0921,entity_0859,0,test
entity_0762,entity_0435,0,train
entity_0435,entity_0762,0,test
entity_0762,entity_0012,1,train
entity_0012,entity_0762,1,test
entity_0999,entity_0563,1,train
entity_0563,entity_0999,1,test
entity_0311,entity_0069,0,train
entity_0069,entity_0311,0,validation
entity_0300,entity_0770,1,train
entity_0770,entity_0300,1,test
entity_0244,entity_0056,0,train
entity_0056,entity_0244,0,test
entity_0561,entity_0087,0,train
entity_0087,entity_0561,0,test
entity_0727,entity_0666,1,train
entity_0666,entity_0727,1,train
entity_0552,entity_0836,0,train
entity_0836,entity_0552,0,test
entity_0474,entity_0468,1,train
entity_0468,entity_0474,1,validation
entity_0164,entity_0352,0,train
entity_0352,entity_0164,0,test
entity_0678,entity_0129,1,train
entity_0129,entity_0678,1,test
entity_0289,entity_0077,0,train
entity_0077,entity_0289,0,test
entity_0440,entity_0494,1,train
entity_0494,entity_0440,1,test
entity_0136,entity_0009,1,train
entity_0009,entity_0136,1,test
entity_0697,entity_0374,1,train
entity_0374,entity_0697,1,test
entity_0826,entity_0378,1,train
entity_0378,entity_0826,1,test
entity_0772,entity_0440,0,train
entity_0440,entity_0772,0,test
entity_0385,entity_0111,1,train
entity_0111,entity_0385,1,test
entity_0606,entity_0177,0,train
entity_0177,entity_0606,0,test
entity_0446,entity_0877,0,train
entity_0877,entity_0446,0,validation
entity_0864,entity_0965,0,train
entity_0965,entity_0864,0,test
entity_0284,entity_0232,1,train
entity_0232,entity_0284,1,test
entity_0318,entity_0332,0,train
entity_0332,entity_0318,0,test
entity_0112,entity_0291,1,train
entity_0291,entity_0112,1,test
entity_0476,entity_0082,1,train
entity_0082,entity_0476,1,validation
entity_0047,entity_0454,1,train
entity_0454,entity_0047,1,test
entity_0638,entity_0109,1,train
entity_0109,entity_0638,1,test
entity_0594,entity_0094,0,train
entity_0094,entity_0594,0,test
entity_0084,entity_0307,0,train
entity_0307,entity_0084,0,validation
entity_0259,entity_0391,0,train
entity_0391,entity_0259,0,test
entity_0014,entity_0166,1,train
entity_0166,entity_0014,1,test
entity_0610,entity_0250,0,train
entity_0250,entity_0610,0,validation
entity_0177,entity_0474,1,train
entity_0474,entity_0177,1,test
entity_0961,entity_0419,0,train
entity_0419,entity_0961,0,validation
entity_0937,entity_0254,1,train
entity_0254,entity_0937,1,test
entity_0688,entity_0772,1,train
entity_0772,entity_0688,1,test
entity_0518,entity_0608,0,train
entity_0608,entity_0518,0,test
entity_0772,entity_0844,1,train
entity_0844,entity_0772,1,train
entity_0117,entity_0453,0,train
entity_0453,entity_0117,0,train
entity_0939,entity_0560,1,train
entity_0560,entity_0939,1,validation
entity_0886,entity_0660,0,train
entity_0660,entity_0886,0,test
entity_0552,entity_0094,0,train
entity_0094,entity_0552,0,test
entity_0406,entity_0459,1,train
entity_0459,entity_0406,1,test
entity_0080,entity_0861,1,train
entity_0861,entity_0080,1,test
entity_0115,entity_0325,0,train
entity_0325,entity_0115,0,validation
entity_0282,entity_0515,0,train
entity_0515,entity_0282,0,test
entity_0545,entity_0103,0,train
entity_0103,entity_0545,0,test
entity_0747,entity_0812,1,train
entity_0812,entity_0747,1,test
entity_0627,entity_0978,0,train
entity_0978,entity_0627,0,validation
entity_0253,entity_0601,0,train
entity_0601,entity_0253,0,train
entity_0021,entity_0700,0,train
entity_0700,entity_0021,0,test
entity_0690,entity_0520,1,train
entity_0520,entity_0690,1,test
entity_0079,entity_0229,0,train
entity_0229,entity_0079,0,test
entity_0517,entity_0957,0,train
entity_0957,entity_0517,0,test
entity_0122,entity_0931,0,train
entity_0931,entity_0122,0,validation
entity_0143,entity_0666,0,train
entity_0666,entity_0143,0,test
entity_0115,entity_0275,1,train
entity_0275,entity_0115,1,test
entity_0843,entity_0459,1,train
entity_0459,entity_0843,1,test
entity_0484,entity_0689,1,train
entity_0689,entity_0484,1,test
entity_0865,entity_0463,1,train
entity_0463,entity_0865,1,test
entity_0652,entity_0474,0,train
entity_0474,entity_0652,0,validation
entity_0793,entity_0160,0,train
entity_0160,entity_0793,0,test
entity_0699,entity_0251,0,train
entity_0251,entity_0699,0,test
entity_0637,entity_0644,0,train
entity_0644,entity_0637,0,test
entity_0963,entity_0385,0,train
entity_0385,entity_0963,0,test
entity_0644,entity_0083,1,train
entity_0083,entity_0644,1,test
entity_0989,entity_0707,0,train
entity_0707,entity_0989,0,test
entity_0861,entity_0702,1,train
entity_0702,entity_0861,1,validation
entity_0404,entity_0237,1,train
entity_0237,entity_0404,1,train
entity_0236,entity_0775,0,train
entity_0775,entity_0236,0,train
entity_0855,entity_0306,1,train
entity_0306,entity_0855,1,test
entity_0531,entity_0343,0,train
entity_0343,entity_0531,0,validation
entity_0480,entity_0859,0,train
entity_0859,entity_0480,0,test
entity_0911,entity_0295,1,train
entity_0295,entity_0911,1,test
entity_0644,entity_0181,1,train
entity_0181,entity_0644,1,test
entity_0314,entity_0542,0,train
entity_0542,entity_0314,0,test
entity_0288,entity_0917,1,train
entity_0917,entity_0288,1,test
entity_0451,entity_0182,0,train
entity_0182,entity_0451,0,train
entity_0805,entity_0930,0,train
entity_0930,entity_0805,0,train
entity_0746,entity_0396,1,train
entity_0396,entity_0746,1,test
entity_0796,entity_0402,1,train
entity_0402,entity_0796,1,test
entity_0763,entity_0315,0,train
entity_0315,entity_0763,0,test
entity_0873,entity_0746,0,train
entity_0746,entity_0873,0,test
entity_0774,entity_0743,1,train
entity_0743,entity_0774,1,test
entity_0243,entity_0262,0,train
entity_0262,entity_0243,0,test
entity_0840,entity_0244,0,train
entity_0244,entity_0840,0,test
entity_0619,entity_0020,1,train
entity_0020,entity_0619,1,test
entity_0251,entity_0273,1,train
entity_0273,entity_0251,1,test
entity_0549,entity_0803,0,train
entity_0803,entity_0549,0,validation
entity_0075,entity_0639,0,train
entity_0639,entity_0075,0,test
entity_0048,entity_0926,1,train
entity_0926,entity_0048,1,test
entity_0098,entity_0793,1,train
entity_0793,entity_0098,1,validation
entity_0748,entity_0423,1,train
entity_0423,entity_0748,1,test
entity_0509,entity_0557,1,train
entity_0557,entity_0509,1,validation
entity_0027,entity_0270,1,train
entity_0270,entity_0027,1,test
entity_0431,entity_0088,1,train
entity_0088,entity_0431,1,test
entity_0850,entity_0676,0,train
entity_0676,entity_0850,0,train
entity_0967,entity_0255,1,train
entity_0255,entity_0967,1,train
entity_0628,entity_0936,1,train
entity_0936,entity_0628,1,test
entity_0430,entity_0126,0,train
entity_0126,entity_0430,0,test
entity_0598,entity_0149,1,train
entity_0149,entity_0598,1,train
entity_0254,entity_0704,1,train
entity_0704,entity_0254,1,test
entity_0764,entity_0293,0,train
entity_0293,entity_0764,0,test
entity_0980,entity_0842,0,train
entity_0842,entity_0980,0,test
entity_0256,entity_0874,0,train
entity_0874,entity_0256,0,validation
entity_0598,entity_0207,0,train
entity_0207,entity_0598,0,validation
entity_0251,entity_0118,1,train
entity_0118,entity_0251,1,validation
entity_0275,entity_0491,0,train
entity_0491,entity_0275,0,test
entity_0041,entity_0166,1,train
entity_0166,entity_0041,1,validation
entity_0365,entity_0503,0,train
entity_0503,entity_0365,0,test
entity_0911,entity_0230,0,train
entity_0230,entity_0911,0,validation
entity_0140,entity_0997,1,train
entity_0997,entity_0140,1,validation
entity_0534,entity_0499,0,train
entity_0499,entity_0534,0,train
entity_0188,entity_0209,1,train
entity_0209,entity_0188,1,test
entity_0986,entity_0066,1,train
entity_0066,entity_0986,1,train
entity_0482,entity_0244,0,train
entity_0244,entity_0482,0,test
entity_0659,entity_0009,0,train
entity_0009,entity_0659,0,test
entity_0268,entity_0959,1,train
entity_0959,entity_0268,1,test
entity_0610,entity_0005,0,train
entity_0005,entity_0610,0,train
entity_0600,entity_0009,0,train
entity_0009,entity_0600,0,validation
entity_0362,entity_0592,0,train
entity_0592,entity_0362,0,test
entity_0932,entity_0668,1,train
entity_0668,entity_0932,1,test
entity_0354,entity_0738,1,train
entity_0738,entity_0354,1,test
entity_0900,entity_0240,1,train
entity_0240,entity_0900,1,test
entity_0758,entity_0465,0,train
entity_0465,entity_0758,0,test
entity_0608,entity_0014,1,train
entity_0014,entity_0608,1,test
entity_0062,entity_0690,1,train
entity_0690,entity_0062,1,validation
entity_0431,entity_0624,0,train
entity_0624,entity_0431,0,test
entity_0828,entity_0712,1,train
entity_0712,entity_0828,1,test
entity_0409,entity_0803,0,train
entity_0803,entity_0409,0,train
entity_0043,entity_0768,0,train
entity_0768,entity_0043,0,test
entity_0513,entity_0525,1,train
entity_0525,entity_0513,1,test
entity_0941,entity_0603,1,train
entity_0603,entity_0941,1,test
entity_0709,entity_0774,0,train
entity_0774,entity_0709,0,test
entity_0069,entity_0556,1,train
entity_0556,entity_0069,1,test
entity_0796,entity_0025,0,train
entity_0025,entity_0796,0,test
entity_0256,entity_0537,0,train
entity_0537,entity_0256,0,test
entity_0729,entity_1000,1,train
entity_1000,entity_0729,1,test
entity_0465,entity_0542,1,train
entity_0542,entity_0465,1,train
entity_0771,entity_0181,1,train
entity_0181,entity_0771,1,test
entity_0354,entity_0398,1,train
entity_0398,entity_0354,1,test
entity_0780,entity_0516,0,train
entity_0516,entity_0780,0,test
entity_0456,entity_0395,0,train
entity_0395,entity_0456,0,validation
entity_0437,entity_0146,1,train
entity_0146,entity_0437,1,test
entity_0942,entity_0761,1,train
entity_0761,entity_0942,1,test
entity_0367,entity_0983,0,train
entity_0983,entity_0367,0,test
entity_0621,entity_0199,1,train
entity_0199,entity_0621,1,validation
entity_0514,entity_0896,1,train
entity_0896,entity_0514,1,test
entity_0828,entity_0985,0,train
entity_0985,entity_0828,0,train
entity_0283,entity_0055,1,train
entity_0055,entity_0283,1,validation
entity_0049,entity_0408,1,train
entity_0408,entity_0049,1,test
entity_0803,entity_0270,0,train
entity_0270,entity_0803,0,train
entity_0414,entity_0910,0,train
entity_0910,entity_0414,0,train
entity_0330,entity_0039,0,train
entity_0039,entity_0330,0,validation
entity_0745,entity_0104,0,train
entity_0104,entity_0745,0,test
entity_0189,entity_0629,1,train
entity_0629,entity_0189,1,test
entity_0908,entity_0902,1,train
entity_0902,entity_0908,1,test
entity_0760,entity_0192,1,train
entity_0192,entity_0760,1,test
entity_0023,entity_0126,0,train
entity_0126,entity_0023,0,test
entity_0216,entity_0231,1,train
entity_0231,entity_0216,1,validation
entity_0997,entity_0111,0,train
entity_0111,entity_0997,0,test
entity_0585,entity_0721,1,train
entity_0721,entity_0585,1,validation
entity_0064,entity_0702,0,train
entity_0702,entity_0064,0,test
entity_0365,entity_0455,0,train
entity_0455,entity_0365,0,test
entity_0926,entity_0105,0,train
entity_0105,entity_0926,0,test
entity_0834,entity_0742,1,train
entity_0742,entity_0834,1,validation
entity_0563,entity_0323,1,train
entity_0323,entity_0563,1,test
entity_0310,entity_0343,1,train
entity_0343,entity_0310,1,test
entity_0527,entity_0400,0,train
entity_0400,entity_0527,0,test
entity_0077,entity_0095,1,train
entity_0095,entity_0077,1,test
entity_0141,entity_0078,1,train
entity_0078,entity_0141,1,test
entity_0899,entity_0773,0,train
entity_0773,entity_0899,0,test
entity_0290,entity_0825,1,train
entity_0825,entity_0290,1,test
entity_0996,entity_0709,1,train
entity_0709,entity_0996,1,validation
entity_0755,entity_0364,1,train
entity_0364,entity_0755,1,test
entity_0351,entity_0983,0,train
entity_0983,entity_0351,0,test
entity_0235,entity_0318,1,train
entity_0318,entity_0235,1,validation
entity_0264,entity_0369,1,train
entity_0369,entity_0264,1,test
entity_0678,entity_0112,1,train
entity_0112,entity_0678,1,test
entity_0323,entity_0480,0,train
entity_0480,entity_0323,0,test
entity_0745,entity_0370,1,train
entity_0370,entity_0745,1,test
entity_0989,entity_0460,1,train
entity_0460,entity_0989,1,validation
entity_0129,entity_0445,1,train
entity_0445,entity_0129,1,test
entity_0072,entity_0991,0,train
entity_0991,entity_0072,0,test
entity_0071,entity_0782,1,train
entity_0782,entity_0071,1,test
entity_0773,entity_0993,1,train
entity_0993,entity_0773,1,test
entity_0940,entity_0663,1,train
entity_0663,entity_0940,1,train
entity_0824,entity_0721,1,train
entity_0721,entity_0824,1,test
entity_0625,entity_0497,0,train
entity_0497,entity_0625,0,test
entity_0105,entity_0371,1,train
entity_0371,entity_0105,1,test
entity_0163,entity_0716,0,train
entity_0716,entity_0163,0,test
entity_0372,entity_0589,1,train
entity_0589,entity_0372,1,test
entity_0722,entity_0405,1,train
entity_0405,entity_0722,1,test
entity_0833,entity_0787,0,train
entity_0787,entity_0833,0,validation
entity_0981,entity_0563,0,train
entity_0563,entity_0981,0,test
entity_0916,entity_0251,1,train
entity_0251,entity_0916,1,test
entity_0433,entity_0541,1,train
entity_0541,entity_0433,1,validation
entity_0224,entity_0069,0,train
entity_0069,entity_0224,0,train
entity_0812,entity_0618,1,train
entity_0618,entity_0812,1,validation
entity_0368,entity_0490,0,train
entity_0490,entity_0368,0,test
entity_0324,entity_0215,0,train
entity_0215,entity_0324,0,test
entity_0408,entity_0303,0,train
entity_0303,entity_0408,0,test
entity_0366,entity_0836,1,train
entity_0836,entity_0366,1,validation
entity_0414,entity_0370,0,train
entity_0370,entity_0414,0,test
entity_0812,entity_0637,0,train
entity_0637,entity_0812,0,validation
entity_0613,entity_0567,0,train
entity_0567,entity_0613,0,test
entity_0993,entity_0860,0,train
entity_0860,entity_0993,0,test
entity_0209,entity_0523,0,train
entity_0523,entity_0209,0,test
entity_0632,entity_0791,1,train
entity_0791,entity_0632,1,test
entity_0420,entity_0256,1,train
entity_0256,entity_0420,1,test
entity_0217,entity_0541,1,train
entity_0541,entity_0217,1,test
entity_0673,entity_0908,0,train
entity_0908,entity_0673,0,validation
entity_0646,entity_0556,1,train
entity_0556,entity_0646,1,test
entity_0995,entity_0193,0,train
entity_0193,entity_0995,0,validation
entity_0270,entity_0411,1,train
entity_0411,entity_0270,1,test
entity_0092,entity_0942,0,train
entity_0942,entity_0092,0,validation
entity_0495,entity_0573,1,train
entity_0573,entity_0495,1,test
entity_0860,entity_0563,0,train
entity_0563,entity_0860,0,test
entity_0363,entity_0515,1,train
entity_0515,entity_0363,1,test
entity_0647,entity_0298,0,train
entity_0298,entity_0647,0,test
entity_0366,entity_0750,1,train
entity_0750,entity_0366,1,validation
entity_0709,entity_0661,0,train
entity_0661,entity_0709,0,test
entity_0159,entity_0858,1,train
entity_0858,entity_0159,1,test
entity_0194,entity_0757,1,train
entity_0757,entity_0194,1,test
entity_0022,entity_0302,1,train
entity_0302,entity_0022,1,validation
entity_0642,entity_0728,0,train
entity_0728,entity_0642,0,validation
entity_0936,entity_0911,1,train
entity_0911,entity_0936,1,validation
entity_0818,entity_0948,1,train
entity_0948,entity_0818,1,validation
entity_0708,entity_0548,1,train
entity_0548,entity_0708,1,test
entity_0267,entity_0687,0,train
entity_0687,entity_0267,0,test
entity_0964,entity_0723,0,train
entity_0723,entity_0964,0,test
entity_1000,entity_0378,1,train
entity_0378,entity_1000,1,test
entity_0920,entity_0141,0,train
entity_0141,entity_0920,0,test
entity_0022,entity_0381,0,train
entity_0381,entity_0022,0,test
entity_0437,entity_0088,0,train
entity_0088,entity_0437,0,test
entity_0960,entity_0229,1,train
entity_0229,entity_0960,1,validation
entity_0730,entity_0347,1,train
entity_0347,entity_0730,1,test
entity_0206,entity_0771,1,train
entity_0771,entity_0206,1,test
entity_0107,entity_0305,1,train
entity_0305,entity_0107,1,test
entity_0344,entity_0102,0,train
entity_0102,entity_0344,0,test
entity_0243,entity_0880,0,train
entity_0880,entity_0243,0,test
entity_0680,entity_0388,1,train
entity_0388,entity_0680,1,test
entity_0129,entity_0817,0,train
entity_0817,entity_0129,0,train
entity_0941,entity_0227,1,train
entity_0227,entity_0941,1,test
entity_0822,entity_0763,0,train
entity_0763,entity_0822,0,test
entity_0704,entity_0981,1,train
entity_0981,entity_0704,1,validation
entity_0291,entity_0784,0,train
entity_0784,entity_0291,0,test
entity_0386,entity_0849,0,train
entity_0849,entity_0386,0,test
entity_0296,entity_0593,0,train
entity_0593,entity_0296,0,test
entity_0001,entity_0214,1,train
entity_0214,entity_0001,1,test
entity_0853,entity_0962,1,train
entity_0962,entity_0853,1,train
entity_0348,entity_0691,0,train
entity_0691,entity_0348,0,test
entity_0446,entity_0452,1,train
entity_0452,entity_0446,1,test
entity_0958,entity_0021,1,train
entity_0021,entity_0958,1,test
entity_0268,entity_0436,1,train
entity_0436,entity_0268,1,test
entity_0564,entity_0241,1,train
entity_0241,entity_0564,1,train
entity_0538,entity_0029,0,train
entity_0029,entity_0538,0,train
entity_0385,entity_0782,1,train
entity_0782,entity_0385,1,test
entity_0868,entity_0910,0,train
entity_0910,entity_0868,0,validation
entity_0664,entity_0578,0,train
entity_0578,entity_0664,0,test
entity_0826,entity_0917,1,train
entity_0917,entity_0826,1,test
entity_0641,entity_0773,0,train
entity_0773,entity_0641,0,test
entity_0919,entity_0113,0,train
entity_0113,entity_0919,0,test
entity_0586,entity_0471,1,train
entity_0471,entity_0586,1,train
entity_0531,entity_0762,0,train
entity_0762,entity_0531,0,test
entity_0947,entity_0483,1,train
entity_0483,entity_0947,1,test
entity_0876,entity_0263,1,train
entity_0263,entity_0876,1,train
entity_0706,entity_0012,1,train
entity_0012,entity_0706,1,train
entity_0212,entity_0309,0,train
entity_0309,entity_0212,0,test
entity_0279,entity_0139,0,train
entity_0139,entity_0279,0,test
entity_0960,entity_0856,0,train
entity_0856,entity_0960,0,test
entity_0820,entity_0750,0,train
entity_0750,entity_0820,0,test
entity_0851,entity_0418,0,train
entity_0418,entity_0851,0,test
entity_0400,entity_0349,1,train
entity_0349,entity_0400,1,test
entity_0241,entity_0816,1,train
entity_0816,entity_0241,1,test
entity_0822,entity_0578,0,train
entity_0578,entity_0822,0,test
entity_0839,entity_0897,0,train
entity_0897,entity_0839,0,test
entity_0897,entity_0474,0,train
entity_0474,entity_0897,0,test
entity_0190,entity_0060,0,train
entity_0060,entity_0190,0,test
entity_0711,entity_0170,0,train
entity_0170,entity_0711,0,validation
entity_0827,entity_0292,1,train
entity_0292,entity_0827,1,test
entity_0254,entity_0088,1,train
entity_0088,entity_0254,1,test
entity_0826,entity_0716,0,train
entity_0716,entity_0826,0,test
entity_0423,entity_0868,1,train
entity_0868,entity_0423,1,validation
entity_0990,entity_0153,0,train
entity_0153,entity_0990,0,test
entity_0455,entity_0116,1,train
entity_0116,entity_0455,1,test
entity_0392,entity_0128,1,train
entity_0128,entity_0392,1,test
entity_0694,entity_0130,0,train
entity_0130,entity_0694,0,validation
entity_0413,entity_0507,0,train
entity_0507,entity_0413,0,test
entity_0926,entity_0504,0,train
entity_0504,entity_0926,0,test
entity_0433,entity_0827,0,train
entity_0827,entity_0433,0,test
entity_0545,entity_0494,0,train
entity_0494,entity_0545,0,test
entity_0114,entity_0316,0,train
entity_0316,entity_0114,0,test
entity_0041,entity_0967,1,train
entity_0967,entity_0041,1,train
entity_0028,entity_0009,0,train
entity_0009,entity_0028,0,test
entity_0549,entity_0247,0,train
entity_0247,entity_0549,0,test
entity_0324,entity_0845,0,train
entity_0845,entity_0324,0,test
entity_0500,entity_0930,1,train
entity_0930,entity_0500,1,validation
entity_0209,entity_0404,1,train
entity_0404,entity_0209,1,validation
entity_0940,entity_0315,1,train
entity_0315,entity_0940,1,test
entity_0661,entity_0323,0,train
entity_0323,entity_0661,0,train
entity_0810,entity_0039,0,train
entity_0039,entity_0810,0,validation
entity_0192,entity_0705,0,train
entity_0705,entity_0192,0,test
entity_0977,entity_0262,1,train
entity_0262,entity_0977,1,test
entity_0905,entity_0381,1,train
entity_0381,entity_0905,1,test
entity_0041,entity_0014,1,train
entity_0014,entity_0041,1,validation
entity_0205,entity_0952,0,train
entity_0952,entity_0205,0,test
entity_0739,entity_0987,0,train
entity_0987,entity_0739,0,test
entity_0797,entity_0375,1,train
entity_0375,entity_0797,1,test
entity_0781,entity_1000,0,train
entity_1000,entity_0781,0,test
entity_0706,entity_0796,1,train
entity_0796,entity_0706,1,test
entity_0490,entity_0222,0,train
entity_0222,entity_0490,0,validation
entity_0431,entity_0702,0,train
entity_0702,entity_0431,0,test
entity_0361,entity_0864,0,train
entity_0864,entity_0361,0,test
entity_0539,entity_0396,1,train
entity_0396,entity_0539,1,test
entity_0576,entity_0010,0,train
entity_0010,entity_0576,0,test
entity_0651,entity_0496,1,train
entity_0496,entity_0651,1,test
entity_0292,entity_0607,0,train
entity_0607,entity_0292,0,test
entity_0904,entity_0604,1,train
entity_0604,entity_0904,1,test
entity_0494,entity_0906,0,train
entity_0906,entity_0494,0,test
entity_0158,entity_0868,0,train
entity_0868,entity_0158,0,test
entity_0360,entity_0444,1,train
entity_0444,entity_0360,1,test
entity_0878,entity_0810,0,train
entity_0810,entity_0878,0,test
entity_0017,entity_0587,0,train
entity_0587,entity_0017,0,test
entity_0975,entity_0769,1,train
entity_0769,entity_0975,1,test
entity_0800,entity_0232,0,train
entity_0232,entity_0800,0,test
entity_0039,entity_0686,0,train
entity_0686,entity_0039,0,test
entity_0948,entity_0042,0,train
entity_0042,entity_0948,0,test
entity_0740,entity_0310,0,train
entity_0310,entity_0740,0,test
entity_0374,entity_0907,0,train
entity_0907,entity_0374,0,test
entity_0703,entity_0245,0,train
entity_0245,entity_0703,0,test
entity_0467,entity_0243,0,train
entity_0243,entity_0467,0,train
entity_0969,entity_0439,1,train
entity_0439,entity_0969,1,test
entity_0373,entity_0474,0,train
entity_0474,entity_0373,0,test
entity_0046,entity_0080,1,train
entity_0080,entity_0046,1,validation
entity_0136,entity_0243,1,train
entity_0243,entity_0136,1,test
entity_0527,entity_0823,0,train
entity_0823,entity_0527,0,test
entity_0566,entity_0072,1,train
entity_0072,entity_0566,1,train
entity_0680,entity_0928,1,train
entity_0928,entity_0680,1,train
entity_0051,entity_0969,1,train
entity_0969,entity_0051,1,validation
entity_0755,entity_0366,0,train
entity_0366,entity_0755,0,test
entity_0028,entity_0119,0,train
entity_0119,entity_0028,0,test
entity_0560,entity_0378,1,train
entity_0378,entity_0560,1,test
entity_0946,entity_0483,1,train
entity_0483,entity_0946,1,test
entity_0454,entity_0448,0,train
entity_0448,entity_0454,0,test
entity_0380,entity_0020,0,train
entity_0020,entity_0380,0,test
entity_0542,entity_0233,1,train
entity_0233,entity_0542,1,test
entity_0048,entity_0911,0,train
entity_0911,entity_0048,0,test
entity_0210,entity_0764,0,train
entity_0764,entity_0210,0,test
entity_0883,entity_0311,0,train
entity_0311,entity_0883,0,test
entity_0338,entity_0207,1,train
entity_0207,entity_0338,1,test
entity_0554,entity_0901,0,train
entity_0901,entity_0554,0,test
entity_0356,entity_0803,1,train
entity_0803,entity_0356,1,validation
entity_0915,entity_0319,1,train
entity_0319,entity_0915,1,test
entity_0508,entity_0787,0,train
entity_0787,entity_0508,0,test
entity_0045,entity_0353,0,train
entity_0353,entity_0045,0,test
entity_0683,entity_0412,1,train
entity_0412,entity_0683,1,test
entity_0865,entity_0708,0,train
entity_0708,entity_0865,0,validation
entity_0978,entity_0139,0,train
entity_0139,entity_0978,0,test
entity_0255,entity_0166,1,train
entity_0166,entity_0255,1,test
entity_0867,entity_0877,1,train
entity_0877,entity_0867,1,test
entity_0939,entity_0917,1,train
entity_0917,entity_0939,1,test
entity_0285,entity_0336,0,train
entity_0336,entity_0285,0,test
entity_0316,entity_0611,1,train
entity_0611,entity_0316,1,test
entity_0625,entity_0543,1,train
entity_0543,entity_0625,1,test
entity_0165,entity_0672,0,train
entity_0672,entity_0165,0,test
entity_0409,entity_0727,1,train
entity_0727,entity_0409,1,test
entity_0853,entity_0610,1,train
entity_0610,entity_0853,1,test
entity_0390,entity_0142,0,train
entity_0142,entity_0390,0,validation
entity_0238,entity_0193,0,train
entity_0193,entity_0238,0,test
entity_0774,entity_0383,0,train
entity_0383,entity_0774,0,validation
entity_0030,entity_0322,0,train
entity_0322,entity_0030,0,validation
entity_0243,entity_0677,1,train
entity_0677,entity_0243,1,validation
entity_0173,entity_0346,1,train
entity_0346,entity_0173,1,test
entity_0220,entity_0814,0,train
entity_0814,entity_0220,0,test
entity_0661,entity_0459,0,train
entity_0459,entity_0661,0,test
entity_0745,entity_0007,0,train
entity_0007,entity_0745,0,test
entity_0691,entity_0116,0,train
entity_0116,entity_0691,0,test
entity_0313,entity_0942,1,train
entity_0942,entity_0313,1,test
entity_0257,entity_0658,1,train
entity_0658,entity_0257,1,test
entity_0166,entity_0643,0,train
entity_0643,entity_0166,0,test
entity_0558,entity_0874,0,train
entity_0874,entity_0558,0,test
entity_0599,entity_0476,1,train
entity_0476,entity_0599,1,test
entity_0059,entity_0738,0,train
entity_0738,entity_0059,0,test
entity_0161,entity_0325,0,train
entity_0325,entity_0161,0,validation
entity_0069,entity_0938,1,train
entity_0938,entity_0069,1,test
entity_0692,entity_0724,0,train
entity_0724,entity_0692,0,test
entity_0095,entity_0033,1,train
entity_0033,entity_0095,1,test
entity_0682,entity_0658,1,train
entity_0658,entity_0682,1,test
entity_0315,entity_0387,1,train
entity_0387,entity_0315,1,validation
entity_0396,entity_0819,0,train
entity_0819,entity_0396,0,validation
entity_0166,entity_0628,0,train
entity_0628,entity_0166,0,test
entity_0934,entity_0388,0,train
entity_0388,entity_0934,0,validation
entity_0402,entity_0421,1,train
entity_0421,entity_0402,1,test
entity_0778,entity_0240,0,train
entity_0240,entity_0778,0,test
entity_0424,entity_0559,0,train
entity_0559,entity_0424,0,test
entity_0834,entity_0403,1,train
entity_0403,entity_0834,1,test
entity_0639,entity_0775,1,train
entity_0775,entity_0639,1,test
entity_0668,entity_0264,0,train
entity_0264,entity_0668,0,train
entity_0205,entity_0874,1,train
entity_0874,entity_0205,1,train
entity_0900,entity_0750,1,train
entity_0750,entity_0900,1,test
entity_0616,entity_0829,0,train
entity_0829,entity_0616,0,validation
entity_0226,entity_0760,1,train
entity_0760,entity_0226,1,train
entity_0714,entity_0032,0,train
entity_0032,entity_0714,0,train
entity_0628,entity_0716,1,train
entity_0716,entity_0628,1,test
entity_0657,entity_0802,1,train
entity_0802,entity_0657,1,validation
entity_0313,entity_0452,0,train
entity_0452,entity_0313,0,test
entity_0056,entity_0199,0,train
entity_0199,entity_0056,0,test
entity_0551,entity_0782,1,train
entity_0782,entity_0551,1,test
entity_0748,entity_0091,0,train
entity_0091,entity_0748,0,test
entity_0900,entity_0731,0,train
entity_0731,entity_0900,0,test
entity_0022,entity_0194,1,train
entity_0194,entity_0022,1,test
entity_0417,entity_0533,0,train
entity_0533,entity_0417,0,test
entity_0968,entity_0441,0,train
entity_0441,entity_0968,0,test
entity_0774,entity_0089,0,train
entity_0089,entity_0774,0,test
entity_0739,entity_0614,1,train
entity_0614,entity_0739,1,validation
entity_0201,entity_0137,0,train
entity_0137,entity_0201,0,validation
entity_0852,entity_0511,0,train
entity_0511,entity_0852,0,validation
entity_0100,entity_0831,1,train
entity_0831,entity_0100,1,validation
entity_0795,entity_0797,1,train
entity_0797,entity_0795,1,test
entity_0560,entity_0752,0,train
entity_0752,entity_0560,0,validation
entity_0500,entity_0049,1,train
entity_0049,entity_0500,1,test
entity_0772,entity_0399,1,train
entity_0399,entity_0772,1,test
entity_0100,entity_0847,0,train
entity_0847,entity_0100,0,test
entity_0735,entity_0699,1,train
entity_0699,entity_0735,1,test
entity_0526,entity_0444,0,train
entity_0444,entity_0526,0,validation
entity_0553,entity_0473,1,train
entity_0473,entity_0553,1,validation
entity_0706,entity_0141,1,train
entity_0141,entity_0706,1,test
entity_0182,entity_0050,0,train
entity_0050,entity_0182,0,test
entity_0899,entity_0912,1,train
entity_0912,entity_0899,1,test
entity_0704,entity_0266,1,train
entity_0266,entity_0704,1,test
entity_0947,entity_0001,1,train
entity_0001,entity_0947,1,test
entity_0218,entity_0998,1,train
entity_0998,entity_0218,1,test
entity_0691,entity_0195,1,train
entity_0195,entity_0691,1,test
entity_0863,entity_0185,1,train
entity_0185,entity_0863,1,test
entity_0880,entity_0725,1,train
entity_0725,entity_0880,1,validation
entity_0218,entity_0578,1,train
entity_0578,entity_0218,1,test
entity_0811,entity_0849,1,train
entity_0849,entity_0811,1,test
entity_0437,entity_0454,1,train
entity_0454,entity_0437,1,validation
entity_0814,entity_0712,0,train
entity_0712,entity_0814,0,test
entity_0499,entity_0155,1,train
entity_0155,entity_0499,1,test
entity_0300,entity_0432,1,train
entity_0432,entity_0300,1,train
entity_0236,entity_0019,0,train
entity_0019,entity_0236,0,test
entity_0298,entity_0103,0,train
entity_0103,entity_0298,0,test
entity_0558,entity_0477,0,train
entity_0477,entity_0558,0,test
entity_0789,entity_0953,0,train
entity_0953,entity_0789,0,test
entity_0727,entity_0809,0,train
entity_0809,entity_0727,0,train
entity_0483,entity_0939,0,train
entity_0939,entity_0483,0,train
entity_0699,entity_0392,0,train
entity_0392,entity_0699,0,validation
entity_0410,entity_0447,1,train
entity_0447,entity_0410,1,validation
entity_0560,entity_0917,1,train
entity_0917,entity_0560,1,train
entity_0292,entity_0482,0,train
entity_0482,entity_0292,0,test
entity_0330,entity_0131,0,train
entity_0131,entity_0330,0,train
entity_0205,entity_0725,0,train
entity_0725,entity_0205,0,train
entity_0358,entity_0537,0,train
entity_0537,entity_0358,0,test
entity_0133,entity_0558,1,train
entity_0558,entity_0133,1,test
entity_0636,entity_0382,0,train
entity_0382,entity_0636,0,test
entity_0823,entity_0375,0,train
entity_0375,entity_0823,0,train
entity_0010,entity_0210,0,train
entity_0210,entity_0010,0,test
entity_0074,entity_0539,1,train
entity_0539,entity_0074,1,test
entity_0023,entity_0085,0,train
entity_0085,entity_0023,0,validation
entity_0360,entity_0639,0,train
entity_0639,entity_0360,0,test
entity_0271,entity_0976,1,train
entity_0976,entity_0271,1,test
entity_0916,entity_0429,1,train
entity_0429,entity_0916,1,test
entity_0579,entity_0645,0,train
entity_0645,entity_0579,0,test
entity_0230,entity_0662,0,train
entity_0662,entity_0230,0,test
entity_0523,entity_0907,0,train
entity_0907,entity_0523,0,train
entity_0204,entity_0455,0,train
entity_0455,entity_0204,0,test
entity_0476,entity_0933,1,train
entity_0933,entity_0476,1,validation
entity_0791,entity_0195,0,train
entity_0195,entity_0791,0,validation
entity_0276,entity_0635,1,train
entity_0635,entity_0276,1,test
entity_0768,entity_0292,0,train
entity_0292,entity_0768,0,test
entity_0833,entity_0769,1,train
entity_0769,entity_0833,1,test
entity_0562,entity_0012,0,train
entity_0012,entity_0562,0,test
entity_0932,entity_0643,1,train
entity_0643,entity_0932,1,test
entity_0213,entity_0282,1,train
entity_0282,entity_0213,1,test
entity_0197,entity_0573,0,train
entity_0573,entity_0197,0,test
entity_0730,entity_0326,1,train
entity_0326,entity_0730,1,test
entity_0459,entity_0531,1,train
entity_0531,entity_0459,1,test
entity_0352,entity_0611,1,train
entity_0611,entity_0352,1,test
entity_0991,entity_0091,0,train
entity_0091,entity_0991,0,train
entity_0571,entity_0460,0,train
entity_0460,entity_0571,0,test
entity_0423,entity_0579,0,train
entity_0579,entity_0423,0,test
entity_0388,entity_0821,1,train
entity_0821,entity_0388,1,test
entity_0709,entity_0048,0,train
entity_0048,entity_0709,0,test
entity_0401,entity_0682,1,train
entity_0682,entity_0401,1,validation
entity_0301,entity_0684,1,train
entity_0684,entity_0301,1,test
entity_0878,entity_0410,0,train
entity_0410,entity_0878,0,test
entity_0028,entity_0331,0,train
entity_0331,entity_0028,0,test
entity_0885,entity_0462,0,train
entity_0462,entity_0885,0,test
entity_0999,entity_0263,1,train
entity_0263,entity_0999,1,test
entity_0832,entity_0038,1,train
entity_0038,entity_0832,1,validation
entity_0449,entity_0031,0,train
entity_0031,entity_0449,0,validation
entity_0604,entity_0101,0,train
entity_0101,entity_0604,0,test
entity_0357,entity_0400,0,train
entity_0400,entity_0357,0,test
entity_0030,entity_0957,1,train
entity_0957,entity_0030,1,validation
entity_0364,entity_0555,1,train
entity_0555,entity_0364,1,validation
entity_0344,entity_0252,0,train
entity_0252,entity_0344,0,test
entity_0049,entity_0321,1,train
entity_0321,entity_0049,1,test
entity_0765,entity_0943,0,train
entity_0943,entity_0765,0,test
entity_0060,entity_0728,0,train
entity_0728,entity_0060,0,test
entity_0910,entity_0614,0,train
entity_0614,entity_0910,0,train
entity_0718,entity_0913,0,train
entity_0913,entity_0718,0,test
entity_0931,entity_0550,1,train
entity_0550,entity_0931,1,test
entity_0331,entity_0101,0,train
entity_0101,entity_0331,0,test
entity_0012,entity_0827,0,train
entity_0827,entity_0012,0,validation
entity_0622,entity_0542,1,train
entity_0542,entity_0622,1,test
entity_0742,entity_0727,0,train
entity_0727,entity_0742,0,test
entity_0439,entity_0924,0,train
entity_0924,entity_0439,0,test
entity_0046,entity_0204,0,train
entity_0204,entity_0046,0,validation
entity_0683,entity_0335,1,train
entity_0335,entity_0683,1,test
entity_0306,entity_0155,0,train
entity_0155,entity_0306,0,validation
entity_0230,entity_0105,1,train
entity_0105,entity_0230,1,validation
entity_0175,entity_0656,1,train
entity_0656,entity_0175,1,train
entity_0493,entity_0471,1,train
entity_0471,entity_0493,1,train
entity_0245,entity_0250,0,train
entity_0250,entity_0245,0,test
entity_0100,entity_0703,1,train
entity_0703,entity_0100,1,train
entity_0703,entity_0809,1,train
entity_0809,entity_0703,1,test
entity_0978,entity_0967,0,train
entity_0967,entity_0978,0,test
entity_0930,entity_0335,0,train
entity_0335,entity_0930,0,test
entity_0881,entity_0513,1,train
entity_0513,entity_0881,1,train
entity_0135,entity_0052,0,train
entity_0052,entity_0135,0,train
entity_0932,entity_0717,1,train
entity_0717,entity_0932,1,test
entity_0229,entity_0932,0,train
entity_0932,entity_0229,0,test
entity_0362,entity_0621,0,train
entity_0621,entity_0362,0,test
entity_0812,entity_0246,1,train
entity_0246,entity_0812,1,test
entity_0615,entity_0873,0,train
entity_0873,entity_0615,0,test
entity_0865,entity_0221,1,train
entity_0221,entity_0865,1,test
entity_0112,entity_0938,0,train
entity_0938,entity_0112,0,test
entity_0112,entity_0308,0,train
entity_0308,entity_0112,0,validation
entity_0699,entity_0777,1,train
entity_0777,entity_0699,1,test
entity_0504,entity_0632,0,train
entity_0632,entity_0504,0,test
entity_0503,entity_0117,1,train
entity_0117,entity_0503,1,test
entity_0218,entity_0790,1,train
entity_0790,entity_0218,1,test
entity_0695,entity_0664,1,train
entity_0664,entity_0695,1,test
entity_0515,entity_0200,1,train
entity_0200,entity_0515,1,test
entity_0863,entity_0919,0,train
entity_0919,entity_0863,0,train
entity_0428,entity_0324,1,train
entity_0324,entity_0428,1,test
entity_0489,entity_0259,0,train
entity_0259,entity_0489,0,test
entity_0248,entity_0361,1,train
entity_0361,entity_0248,1,test
entity_0750,entity_0305,0,train
entity_0305,entity_0750,0,test
entity_0501,entity_0436,1,train
entity_0436,entity_0501,1,test
entity_0510,entity_0618,0,train
entity_0618,entity_0510,0,test
entity_0129,entity_0558,0,train
entity_0558,entity_0129,0,test
entity_0946,entity_0042,0,train
entity_0042,entity_0946,0,test
entity_0093,entity_0389,0,train
entity_0389,entity_0093,0,test
entity_0598,entity_0632,0,train
entity_0632,entity_0598,0,test
entity_0678,entity_0841,1,train
entity_0841,entity_0678,1,train
entity_0974,entity_0216,0,train
entity_0216,entity_0974,0,test
entity_0811,entity_0869,0,train
entity_0869,entity_0811,0,test
entity_0222,entity_0103,0,train
entity_0103,entity_0222,0,test
entity_0357,entity_0714,1,train
entity_0714,entity_0357,1,test
entity_0053,entity_0901,0,train
entity_0901,entity_0053,0,test
entity_0814,entity_0819,1,train
entity_0819,entity_0814,1,test
entity_0630,entity_0651,0,train
entity_0651,entity_0630,0,test
entity_0291,entity_0155,0,train
entity_0155,entity_0291,0,train
entity_0582,entity_0549,0,train
entity_0549,entity_0582,0,test
entity_0142,entity_0638,0,train
entity_0638,entity_0142,0,test
entity_0736,entity_0526,0,train
entity_0526,entity_0736,0,train
entity_0737,entity_0820,0,train
entity_0820,entity_0737,0,test
entity_0946,entity_0581,1,train
entity_0581,entity_0946,1,test
entity_0248,entity_0762,0,train
entity_0762,entity_0248,0,validation
entity_0370,entity_0157,0,train
entity_0157,entity_0370,0,test
entity_0681,entity_0379,0,train
entity_0379,entity_0681,0,test
entity_0669,entity_0122,1,train
entity_0122,entity_0669,1,test
entity_0142,entity_0679,0,train
entity_0679,entity_0142,0,test
entity_0471,entity_0256,1,train
entity_0256,entity_0471,1,train
entity_0246,entity_0832,1,train
entity_0832,entity_0246,1,test
entity_0279,entity_0834,1,train
entity_0834,entity_0279,1,test
entity_0542,entity_0802,1,train
entity_0802,entity_0542,1,test
entity_0954,entity_0320,1,train
entity_0320,entity_0954,1,validation
entity_0083,entity_0514,1,train
entity_0514,entity_0083,1,validation
entity_0623,entity_0668,0,train
entity_0668,entity_0623,0,test
entity_0922,entity_0864,1,train
entity_0864,entity_0922,1,test
entity_0001,entity_0581,1,train
entity_0581,entity_0001,1,test
entity_0160,entity_0346,1,train
entity_0346,entity_0160,1,test
entity_0501,entity_0306,1,train
entity_0306,entity_0501,1,test
entity_0675,entity_0161,0,train
entity_0161,entity_0675,0,test
entity_0694,entity_0069,1,train
entity_0069,entity_0694,1,test
entity_0994,entity_0339,0,train
entity_0339,entity_0994,0,test
entity_0623,entity_0773,0,train
entity_0773,entity_0623,0,test
entity_0729,entity_0378,1,train
entity_0378,entity_0729,1,test
entity_0688,entity_0234,1,train
entity_0234,entity_0688,1,test
entity_0570,entity_0280,0,train
entity_0280,entity_0570,0,test
entity_0276,entity_0581,0,train
entity_0581,entity_0276,0,train
entity_0756,entity_0292,0,train
entity_0292,entity_0756,0,test
entity_0114,entity_0411,1,train
entity_0411,entity_0114,1,test
entity_0128,entity_0766,1,train
entity_0766,entity_0128,1,test
entity_0587,entity_0389,0,train
entity_0389,entity_0587,0,test
entity_0015,entity_0087,1,train
entity_0087,entity_0015,1,test
entity_0797,entity_0289,0,train
entity_0289,entity_0797,0,validation
entity_0128,entity_0758,1,train
entity_0758,entity_0128,1,test
entity_0773,entity_0086,0,train
entity_0086,entity_0773,0,test
entity_0052,entity_0467,0,train
entity_0467,entity_0052,0,test
entity_0425,entity_0056,0,train
entity_0056,entity_0425,0,test
entity_0351,entity_0898,1,train
entity_0898,entity_0351,1,validation
entity_0892,entity_0732,0,train
entity_0732,entity_0892,0,test
entity_0956,entity_0414,1,train
entity_0414,entity_0956,1,test
entity_0143,entity_0835,0,train
entity_0835,entity_0143,0,test
entity_0053,entity_0840,1,train
entity_0840,entity_0053,1,test
entity_0968,entity_0471,0,train
entity_0471,entity_0968,0,test
entity_0128,entity_0259,0,train
entity_0259,entity_0128,0,train
entity_0781,entity_0878,1,train
entity_0878,entity_0781,1,validation
entity_0607,entity_0039,0,train
entity_0039,entity_0607,0,train
entity_0360,entity_0692,0,train
entity_0692,entity_0360,0,validation
entity_0749,entity_0499,0,train
entity_0499,entity_0749,0,train
entity_0385,entity_0684,0,train
entity_0684,entity_0385,0,train
entity_0072,entity_0320,0,train
entity_0320,entity_0072,0,test
entity_0446,entity_0573,0,train
entity_0573,entity_0446,0,test
entity_0491,entity_0209,1,train
entity_0209,entity_0491,1,train
entity_0880,entity_0922,1,train
entity_0922,entity_0880,1,test
entity_0596,entity_0465,1,train
entity_0465,entity_0596,1,test
entity_0783,entity_0178,0,train
entity_0178,entity_0783,0,validation
entity_0343,entity_0685,1,train
entity_0685,entity_0343,1,test
entity_0624,entity_0144,0,train
entity_0144,entity_0624,0,validation
entity_0986,entity_0198,0,train
entity_0198,entity_0986,0,test
entity_0800,entity_0662,1,train
entity_0662,entity_0800,1,validation
entity_0094,entity_0920,1,train
entity_0920,entity_0094,1,train
entity_0509,entity_0484,0,train
entity_0484,entity_0509,0,test
entity_0364,entity_0903,0,train
entity_0903,entity_0364,0,test
entity_0909,entity_0549,1,train
entity_0549,entity_0909,1,train
entity_0596,entity_0542,1,train
entity_0542,entity_0596,1,test
entity_0801,entity_0056,0,train
entity_0056,entity_0801,0,validation
entity_0546,entity_0481,1,train
entity_0481,entity_0546,1,test
entity_0212,entity_0105,0,train
entity_0105,entity_0212,0,test
entity_0671,entity_0900,1,train
entity_0900,entity_0671,1,train
entity_0275,entity_0825,0,train
entity_0825,entity_0275,0,test
entity_0265,entity_0549,1,train
entity_0549,entity_0265,1,test
entity_0626,entity_0281,0,train
entity_0281,entity_0626,0,test
entity_0225,entity_0105,0,train
entity_0105,entity_0225,0,test
entity_0102,entity_0657,0,train
entity_0657,entity_0102,0,test
entity_0155,entity_0961,1,train
entity_0961,entity_0155,1,test
entity_0454,entity_0291,0,train
entity_0291,entity_0454,0,test
entity_0980,entity_0176,1,train
entity_0176,entity_0980,1,validation
entity_0279,entity_0746,1,train
entity_0746,entity_0279,1,test
entity_0338,entity_0976,1,train
entity_0976,entity_0338,1,test
entity_0959,entity_0306,1,train
entity_0306,entity_0959,1,test
entity_0719,entity_0855,1,train
entity_0855,entity_0719,1,validation
entity_0337,entity_0764,0,train
entity_0764,entity_0337,0,test
entity_0256,entity_0837,0,train
entity_0837,entity_0256,0,test
entity_0371,entity_0817,0,train
entity_0817,entity_0371,0,test
entity_0563,entity_0263,1,train
entity_0263,entity_0563,1,test
entity_0964,entity_0217,1,train
entity_0217,entity_0964,1,test
entity_0288,entity_0705,0,train
entity_0705,entity_0288,0,train
entity_0912,entity_0990,0,train
entity_0990,entity_0912,0,test
entity_0021,entity_0948,1,train
entity_0948,entity_0021,1,test
entity_0671,entity_0670,0,train
entity_0670,entity_0671,0,test
entity_0382,entity_0254,0,train
entity_0254,entity_0382,0,test
entity_0797,entity_0805,0,train
entity_0805,entity_0797,0,test
entity_0521,entity_0763,1,train
entity_0763,entity_0521,1,validation
entity_0288,entity_0826,1,train
entity_0826,entity_0288,1,test
entity_0152,entity_0586,0,train
entity_0586,entity_0152,0,test
entity_0880,entity_0343,0,train
entity_0343,entity_0880,0,test
entity_0270,entity_0114,1,train
entity_0114,entity_0270,1,train
entity_0389,entity_0593,0,train
entity_0593,entity_0389,0,validation
entity_0228,entity_0899,1,train
entity_0899,entity_0228,1,test
entity_0035,entity_0759,0,train
entity_0759,entity_0035,0,test
entity_0737,entity_0318,1,train
entity_0318,entity_0737,1,test
entity_0860,entity_0754,1,train
entity_0754,entity_0860,1,test
entity_0932,entity_0760,0,train
entity_0760,entity_0932,0,validation
entity_0395,entity_0026,1,train
entity_0026,entity_0395,1,train
entity_0508,entity_0891,1,train
entity_0891,entity_0508,1,test
entity_0364,entity_0784,1,train
entity_0784,entity_0364,1,train
entity_0490,entity_0037,0,train
entity_0037,entity_0490,0,test
entity_0075,entity_0834,0,train
entity_0834,entity_0075,0,validation
entity_0751,entity_0500,0,train
entity_0500,entity_0751,0,test
entity_0027,entity_0129,0,train
entity_0129,entity_0027,0,test
entity_0607,entity_0773,1,train
entity_0773,entity_0607,1,test
entity_0911,entity_0166,0,train
entity_0166,entity_0911,0,test
entity_0457,entity_0878,1,train
entity_0878,entity_0457,1,test
entity_0618,entity_0097,0,train
entity_0097,entity_0618,0,test
entity_0457,entity_0622,0,train
entity_0622,entity_0457,0,test
entity_0790,entity_0315,0,train
entity_0315,entity_0790,0,test
entity_0952,entity_0401,0,train
entity_0401,entity_0952,0,test
entity_0341,entity_0246,1,train
entity_0246,entity_0341,1,test
entity_0859,entity_0743,1,train
entity_0743,entity_0859,1,test
entity_0133,entity_0158,0,train
entity_0158,entity_0133,0,test
entity_0788,entity_0840,1,train
entity_0840,entity_0788,1,test
entity_0625,entity_0949,0,train
entity_0949,entity_0625,0,train
entity_0837,entity_0443,1,train
entity_0443,entity_0837,1,validation
entity_0137,entity_0266,0,train
entity_0266,entity_0137,0,train
entity_0541,entity_0768,0,train
entity_0768,entity_0541,0,test
entity_0256,entity_0493,1,train
entity_0493,entity_0256,1,test
entity_0666,entity_0650,1,train
entity_0650,entity_0666,1,validation
entity_0958,entity_0818,1,train
entity_0818,entity_0958,1,test
entity_0131,entity_0419,0,train
entity_0419,entity_0131,0,test
entity_0355,entity_0595,1,train
entity_0595,entity_0355,1,validation
entity_0624,entity_0491,0,train
entity_0491,entity_0624,0,test
entity_0125,entity_0935,0,train
entity_0935,entity_0125,0,validation
entity_0506,entity_0809,1,train
entity_0809,entity_0506,1,test
entity_0446,entity_0025,0,train
entity_0025,entity_0446,0,test
entity_0182,entity_0902,0,train
entity_0902,entity_0182,0,test
entity_0632,entity_0801,0,train
entity_0801,entity_0632,0,test
entity_0021,entity_0344,1,train
entity_0344,entity_0021,1,test
entity_0453,entity_0072,1,train
entity_0072,entity_0453,1,test
entity_0052,entity_0744,1,train
entity_0744,entity_0052,1,test
entity_0644,entity_0540,1,train
entity_0540,entity_0644,1,test
entity_0989,entity_0264,0,train
entity_0264,entity_0989,0,train
entity_0433,entity_0283,0,train
entity_0283,entity_0433,0,test
entity_0430,entity_0923,1,train
entity_0923,entity_0430,1,test
entity_0088,entity_0880,0,train
entity_0880,entity_0088,0,test
entity_0853,entity_0145,1,train
entity_0145,entity_0853,1,validation
entity_0682,entity_0412,0,train
entity_0412,entity_0682,0,test
entity_0197,entity_0733,0,train
entity_0733,entity_0197,0,validation
entity_0527,entity_0463,0,train
entity_0463,entity_0527,0,test
entity_0332,entity_0163,1,train
entity_0163,entity_0332,1,test
entity_0607,entity_0717,1,train
entity_0717,entity_0607,1,validation
entity_0029,entity_0218,1,train
entity_0218,entity_0029,1,test
entity_0813,entity_0260,1,train
entity_0260,entity_0813,1,test
entity_0634,entity_0734,1,train
entity_0734,entity_0634,1,test
entity_0550,entity_0594,1,train
entity_0594,entity_0550,1,test
entity_0531,entity_0866,1,train
entity_0866,entity_0531,1,test
entity_0772,entity_0138,0,train
entity_0138,entity_0772,0,test
entity_0288,entity_0311,0,train
entity_0311,entity_0288,0,validation
entity_0598,entity_0689,0,train
entity_0689,entity_0598,0,test
entity_0077,entity_0708,1,train
entity_0708,entity_0077,1,train
entity_0923,entity_0533,1,train
entity_0533,entity_0923,1,test
entity_0044,entity_0237,1,train
entity_0237,entity_0044,1,test
entity_0031,entity_0428,0,train
entity_0428,entity_0031,0,test
entity_0682,entity_0212,1,train
entity_0212,entity_0682,1,train
entity_0347,entity_0365,1,train
entity_0365,entity_0347,1,test
entity_0977,entity_0310,1,train
entity_0310,entity_0977,1,validation
entity_0240,entity_0795,1,train
entity_0795,entity_0240,1,test
entity_0458,entity_0613,1,train
entity_0613,entity_0458,1,test
entity_0216,entity_0639,1,train
entity_0639,entity_0216,1,validation
entity_0462,entity_0960,0,train
entity_0960,entity_0462,0,validation
entity_0492,entity_0663,1,train
entity_0663,entity_0492,1,train
entity_0946,entity_0433,0,train
entity_0433,entity_0946,0,test
entity_0874,entity_0104,1,train
entity_0104,entity_0874,1,test
entity_0253,entity_0177,0,train
entity_0177,entity_0253,0,test
entity_0085,entity_0634,0,train
entity_0634,entity_0085,0,train
entity_0806,entity_0054,1,train
entity_0054,entity_0806,1,test
entity_0536,entity_0956,0,train
entity_0956,entity_0536,0,train
entity_0042,entity_0563,0,train
entity_0563,entity_0042,0,test
entity_0444,entity_0225,0,train
entity_0225,entity_0444,0,test
entity_0146,entity_0584,0,train
entity_0584,entity_0146,0,test
entity_0961,entity_0830,1,train
entity_0830,entity_0961,1,test
entity_0077,entity_0905,1,train
entity_0905,entity_0077,1,test
entity_0569,entity_0069,1,train
entity_0069,entity_0569,1,test
entity_0998,entity_0663,0,train
entity_0663,entity_0998,0,test
entity_0610,entity_0296,1,train
entity_0296,entity_0610,1,test
entity_0689,entity_0490,1,train
entity_0490,entity_0689,1,validation
entity_0592,entity_0359,1,train
entity_0359,entity_0592,1,test
entity_0286,entity_0777,1,train
entity_0777,entity_0286,1,test
entity_0952,entity_0026,1,train
entity_0026,entity_0952,1,validation
entity_0895,entity_0576,0,train
entity_0576,entity_0895,0,test
entity_0254,entity_0508,0,train
entity_0508,entity_0254,0,test
entity_0544,entity_0798,1,train
entity_0798,entity_0544,1,test
entity_0002,entity_0740,0,train
entity_0740,entity_0002,0,test
entity_0332,entity_0739,1,train
entity_0739,entity_0332,1,validation
entity_0611,entity_0322,0,train
entity_0322,entity_0611,0,test
entity_0634,entity_0134,0,train
entity_0134,entity_0634,0,test
entity_0198,entity_0369,1,train
entity_0369,entity_0198,1,validation
entity_0504,entity_0141,0,train
entity_0141,entity_0504,0,test
entity_0048,entity_0637,1,train
entity_0637,entity_0048,1,train
entity_0066,entity_0798,0,train
entity_0798,entity_0066,0,validation
entity_0387,entity_0839,0,train
entity_0839,entity_0387,0,test
entity_0799,entity_0589,0,train
entity_0589,entity_0799,0,test
entity_0316,entity_0345,0,train
entity_0345,entity_0316,0,validation
entity_0275,entity_0355,0,train
entity_0355,entity_0275,0,validation
entity_0008,entity_0621,1,train
entity_0621,entity_0008,1,train
entity_0703,entity_0093,1,train
entity_0093,entity_0703,1,test
entity_0615,entity_0910,1,train
entity_0910,entity_0615,1,validation
entity_0027,entity_0382,0,train
entity_0382,entity_0027,0,test
entity_0868,entity_0803,1,train
entity_0803,entity_0868,1,test
entity_0217,entity_0902,0,train
entity_0902,entity_0217,0,train
entity_0702,entity_0589,0,train
entity_0589,entity_0702,0,test
entity_0655,entity_0890,1,train
entity_0890,entity_0655,1,train
entity_0281,entity_0500,1,train
entity_0500,entity_0281,1,train
entity_0002,entity_0388,1,train
entity_0388,entity_0002,1,validation
entity_0413,entity_0153,0,train
entity_0153,entity_0413,0,validation
entity_0028,entity_0300,0,train
entity_0300,entity_0028,0,test
entity_0695,entity_0625,1,train
entity_0625,entity_0695,1,test
entity_0137,entity_0859,1,train
entity_0859,entity_0137,1,test
entity_0669,entity_0319,0,train
entity_0319,entity_0669,0,test
entity_0616,entity_0885,1,train
entity_0885,entity_0616,1,validation
entity_0439,entity_0425,0,train
entity_0425,entity_0439,0,test
entity_0378,entity_0381,0,train
entity_0381,entity_0378,0,validation
entity_0074,entity_0144,0,train
entity_0144,entity_0074,0,test
entity_0783,entity_0441,1,train
entity_0441,entity_0783,1,validation
entity_0420,entity_0400,1,train
entity_0400,entity_0420,1,test
entity_0996,entity_0911,0,train
entity_0911,entity_0996,0,test
entity_0006,entity_0444,1,train
entity_0444,entity_0006,1,test
entity_0808,entity_0619,0,train
entity_0619,entity_0808,0,test
entity_0384,entity_0531,0,train
entity_0531,entity_0384,0,test
entity_0142,entity_0856,1,train
entity_0856,entity_0142,1,test
entity_0773,entity_0643,1,train
entity_0643,entity_0773,1,validation
entity_0093,entity_0100,1,train
entity_0100,entity_0093,1,test
entity_0107,entity_0042,0,train
entity_0042,entity_0107,0,test
entity_0705,entity_0331,1,train
entity_0331,entity_0705,1,validation
entity_0489,entity_0432,1,train
entity_0432,entity_0489,1,test
entity_0798,entity_0251,0,train
entity_0251,entity_0798,0,test
entity_0590,entity_0952,1,train
entity_0952,entity_0590,1,test
entity_0806,entity_0372,0,train
entity_0372,entity_0806,0,test
entity_0786,entity_0190,0,train
entity_0190,entity_0786,0,test
entity_0040,entity_0576,1,train
entity_0576,entity_0040,1,test
entity_0390,entity_0622,0,train
entity_0622,entity_0390,0,test
entity_0093,entity_0651,0,train
entity_0651,entity_0093,0,validation
entity_0568,entity_0475,1,train
entity_0475,entity_0568,1,validation
entity_0631,entity_0669,0,train
entity_0669,entity_0631,0,validation
entity_0502,entity_0846,1,train
entity_0846,entity_0502,1,train
entity_0530,entity_0582,1,train
entity_0582,entity_0530,1,validation
entity_0422,entity_0230,1,train
entity_0230,entity_0422,1,train
entity_0429,entity_0040,0,train
entity_0040,entity_0429,0,test
entity_0731,entity_0827,0,train
entity_0827,entity_0731,0,validation
entity_0841,entity_0052,1,train
entity_0052,entity_0841,1,validation
entity_0853,entity_0186,0,train
entity_0186,entity_0853,0,test
entity_0886,entity_0117,1,train
entity_0117,entity_0886,1,test
entity_0641,entity_0428,0,train
entity_0428,entity_0641,0,test
entity_0115,entity_0870,0,train
entity_0870,entity_0115,0,test
entity_0105,entity_0080,1,train
entity_0080,entity_0105,1,validation
entity_0201,entity_0506,0,train
entity_0506,entity_0201,0,test
entity_0025,entity_0387,1,train
entity_0387,entity_0025,1,test
entity_0383,entity_0654,0,train
entity_0654,entity_0383,0,test
entity_0798,entity_0739,1,train
entity_0739,entity_0798,1,test
entity_0462,entity_0682,1,train
entity_0682,entity_0462,1,test
entity_0506,entity_0477,1,train
entity_0477,entity_0506,1,test
entity_0558,entity_0013,0,train
entity_0013,entity_0558,0,train
entity_0578,entity_0039,1,train
entity_0039,entity_0578,1,test
entity_0437,entity_0681,1,train
entity_0681,entity_0437,1,train
entity_0274,entity_0669,1,train
entity_0669,entity_0274,1,test
entity_0999,entity_0876,1,train
entity_0876,entity_0999,1,validation
entity_0728,entity_0397,1,train
entity_0397,entity_0728,1,test
entity_0619,entity_0693,0,train
entity_0693,entity_0619,0,validation
entity_0161,entity_0368,0,train
entity_0368,entity_0161,0,test
entity_0359,entity_0633,1,train
entity_0633,entity_0359,1,test
entity_0995,entity_0782,0,train
entity_0782,entity_0995,0,test
entity_0156,entity_0020,1,train
entity_0020,entity_0156,1,test
entity_0153,entity_0193,1,train
entity_0193,entity_0153,1,test
entity_0850,entity_0504,0,train
entity_0504,entity_0850,0,test
entity_0172,entity_0947,0,train
entity_0947,entity_0172,0,train
entity_0802,entity_0860,1,train
entity_0860,entity_0802,1,validation
entity_0087,entity_0601,1,train
entity_0601,entity_0087,1,test
entity_0888,entity_0217,0,train
entity_0217,entity_0888,0,test
entity_0561,entity_0259,0,train
entity_0259,entity_0561,0,test
entity_0162,entity_0999,1,train
entity_0999,entity_0162,1,test
entity_0792,entity_0621,1,train
entity_0621,entity_0792,1,test
entity_0121,entity_0919,1,train
entity_0919,entity_0121,1,train
entity_0275,entity_0250,0,train
entity_0250,entity_0275,0,test
entity_0092,entity_0051,0,train
entity_0051,entity_0092,0,train
entity_0333,entity_0167,1,train
entity_0167,entity_0333,1,validation
entity_0833,entity_0892,1,train
entity_0892,entity_0833,1,test
entity_0214,entity_0946,1,train
entity_0946,entity_0214,1,train
entity_0071,entity_0383,0,train
entity_0383,entity_0071,0,validation
entity_0764,entity_0697,0,train
entity_0697,entity_0764,0,test
entity_0021,entity_0419,0,train
entity_0419,entity_0021,0,train
entity_0473,entity_0949,1,train
entity_0949,entity_0473,1,train
entity_0339,entity_0910,1,train
entity_0910,entity_0339,1,test
entity_0566,entity_0778,0,train
entity_0778,entity_0566,0,test
entity_0272,entity_0017,1,train
entity_0017,entity_0272,1,test
entity_0465,entity_0002,0,train
entity_0002,entity_0465,0,train
entity_0068,entity_0739,1,train
entity_0739,entity_0068,1,test
entity_0271,entity_0065,0,train
entity_0065,entity_0271,0,validation
entity_0855,entity_0154,0,train
entity_0154,entity_0855,0,train
entity_0624,entity_0528,1,train
entity_0528,entity_0624,1,test
entity_0001,entity_0905,0,train
entity_0905,entity_0001,0,test
entity_0402,entity_0078,1,train
entity_0078,entity_0402,1,validation
entity_0258,entity_0810,0,train
entity_0810,entity_0258,0,test
entity_0468,entity_0848,0,train
entity_0848,entity_0468,0,test
entity_0636,entity_0320,1,train
entity_0320,entity_0636,1,test
entity_0022,entity_0757,1,train
entity_0757,entity_0022,1,test
entity_0410,entity_0848,0,train
entity_0848,entity_0410,0,test
entity_0307,entity_0127,1,train
entity_0127,entity_0307,1,validation
entity_0101,entity_0016,0,train
entity_0016,entity_0101,0,test
entity_0881,entity_0201,1,train
entity_0201,entity_0881,1,test
entity_0341,entity_0575,1,train
entity_0575,entity_0341,1,test
entity_0468,entity_0026,1,train
entity_0026,entity_0468,1,test
entity_0756,entity_0495,0,train
entity_0495,entity_0756,0,test
entity_0123,entity_0918,1,train
entity_0918,entity_0123,1,test
entity_0084,entity_0003,1,train
entity_0003,entity_0084,1,test
entity_0343,entity_0998,0,train
entity_0998,entity_0343,0,train
entity_0674,entity_0076,1,train
entity_0076,entity_0674,1,test
entity_0767,entity_0071,0,train
entity_0071,entity_0767,0,test
entity_0098,entity_0065,0,train
entity_0065,entity_0098,0,test
entity_0879,entity_0125,1,train
entity_0125,entity_0879,1,test
entity_0317,entity_0935,1,train
entity_0935,entity_0317,1,validation
entity_0783,entity_0236,1,train
entity_0236,entity_0783,1,test
entity_0865,entity_0689,0,train
entity_0689,entity_0865,0,validation
entity_0730,entity_0365,1,train
entity_0365,entity_0730,1,test
entity_0865,entity_0559,1,train
entity_0559,entity_0865,1,validation
entity_0498,entity_0313,0,train
entity_0313,entity_0498,0,validation
entity_0693,entity_0721,1,train
entity_0721,entity_0693,1,test
entity_0540,entity_0314,0,train
entity_0314,entity_0540,0,test
entity_0707,entity_0715,0,train
entity_0715,entity_0707,0,test
entity_0243,entity_0791,0,train
entity_0791,entity_0243,0,test
entity_0226,entity_0605,1,train
entity_0605,entity_0226,1,train
entity_0360,entity_0997,1,train
entity_0997,entity_0360,1,test
entity_0465,entity_0233,1,train
entity_0233,entity_0465,1,validation
entity_0069,entity_0453,0,train
entity_0453,entity_0069,0,train
entity_0597,entity_0045,0,train
entity_0045,entity_0597,0,test
entity_0755,entity_0112,0,train
entity_0112,entity_0755,0,test
entity_0368,entity_0253,0,train
entity_0253,entity_0368,0,test
entity_0833,entity_0439,0,train
entity_0439,entity_0833,0,test
entity_0068,entity_0490,0,train
entity_0490,entity_0068,0,test
entity_0365,entity_0284,1,train
entity_0284,entity_0365,1,validation
entity_0325,entity_0272,1,train
entity_0272,entity_0325,1,train
entity_0361,entity_0537,1,train
entity_0537,entity_0361,1,validation
entity_0031,entity_0410,0,train
entity_0410,entity_0031,0,train
entity_0062,entity_0897,0,train
entity_0897,entity_0062,0,test
entity_0701,entity_0378,0,train
entity_0378,entity_0701,0,test
entity_0016,entity_0249,0,train
entity_0249,entity_0016,0,test
entity_0403,entity_0074,1,train
entity_0074,entity_0403,1,test
entity_0116,entity_0453,0,train
entity_0453,entity_0116,0,validation
entity_0931,entity_0924,1,train
entity_0924,entity_0931,1,test
entity_0225,entity_0125,0,train
entity_0125,entity_0225,0,test
entity_0861,entity_0822,0,train
entity_0822,entity_0861,0,validation
entity_0320,entity_0209,0,train
entity_0209,entity_0320,0,validation
entity_0991,entity_0015,1,train
entity_0015,entity_0991,1,test
entity_0066,entity_0122,0,train
entity_0122,entity_0066,0,test
entity_0409,entity_0714,1,train
entity_0714,entity_0409,1,test
entity_0304,entity_0969,1,train
entity_0969,entity_0304,1,test
entity_0411,entity_0726,1,train
entity_0726,entity_0411,1,test
entity_0162,entity_0373,1,train
entity_0373,entity_0162,1,test
entity_0918,entity_0978,1,train
entity_0978,entity_0918,1,train
entity_0154,entity_0653,1,train
entity_0653,entity_0154,1,train
entity_0331,entity_0160,0,train
entity_0160,entity_0331,0,test
entity_0351,entity_0291,0,train
entity_0291,entity_0351,0,test
entity_0879,entity_0446,0,train
entity_0446,entity_0879,0,test
entity_0358,entity_0614,1,train
entity_0614,entity_0358,1,validation
entity_0655,entity_0920,1,train
entity_0920,entity_0655,1,test
entity_0933,entity_0211,1,train
entity_0211,entity_0933,1,train
entity_0848,entity_0179,1,train
entity_0179,entity_0848,1,test
entity_0842,entity_0204,0,train
entity_0204,entity_0842,0,test
entity_0082,entity_0314,0,train
entity_0314,entity_0082,0,train
entity_0184,entity_0489,1,train
entity_0489,entity_0184,1,validation
entity_0439,entity_0075,0,train
entity_0075,entity_0439,0,validation
entity_0859,entity_0697,0,train
entity_0697,entity_0859,0,test
entity_0926,entity_0421,0,train
entity_0421,entity_0926,0,validation
entity_0443,entity_0751,1,train
entity_0751,entity_0443,1,test
entity_0141,entity_0968,0,train
entity_0968,entity_0141,0,test
entity_0746,entity_0403,1,train
entity_0403,entity_0746,1,validation
entity_0386,entity_0383,1,train
entity_0383,entity_0386,1,test
entity_0185,entity_0814,1,train
entity_0814,entity_0185,1,test
entity_0501,entity_0787,0,train
entity_0787,entity_0501,0,test
entity_0194,entity_0878,1,train
entity_0878,entity_0194,1,test
entity_0673,entity_0004,0,train
entity_0004,entity_0673,0,test
entity_0028,entity_0185,1,train
entity_0185,entity_0028,1,test
entity_0675,entity_0060,1,train
entity_0060,entity_0675,1,test
entity_0004,entity_0234,0,train
entity_0234,entity_0004,0,validation
entity_0131,entity_0191,1,train
entity_0191,entity_0131,1,validation
entity_0554,entity_0178,0,train
entity_0178,entity_0554,0,validation
entity_0211,entity_0358,0,train
entity_0358,entity_0211,0,test
entity_0585,entity_0367,0,train
entity_0367,entity_0585,0,validation
entity_0887,entity_0062,0,train
entity_0062,entity_0887,0,test
entity_0865,entity_0018,1,train
entity_0018,entity_0865,1,test
entity_0339,entity_0332,0,train
entity_0332,entity_0339,0,test
entity_0874,entity_0067,1,train
entity_0067,entity_0874,1,test
entity_0064,entity_0043,1,train
entity_0043,entity_0064,1,test
entity_0329,entity_0049,0,train
entity_0049,entity_0329,0,test
entity_0110,entity_0899,0,train
entity_0899,entity_0110,0,test
entity_0236,entity_0013,1,train
entity_0013,entity_0236,1,test
entity_0256,entity_0691,0,train
entity_0691,entity_0256,0,test
entity_0484,entity_0340,1,train
entity_0340,entity_0484,1,validation
entity_0627,entity_0653,1,train
entity_0653,entity_0627,1,test
entity_0601,entity_0991,1,train
entity_0991,entity_0601,1,test
entity_0824,entity_0698,1,train
entity_0698,entity_0824,1,test
entity_0926,entity_0020,0,train
entity_0020,entity_0926,0,test
entity_0277,entity_0250,0,train
entity_0250,entity_0277,0,test
entity_0095,entity_0470,1,train
entity_0470,entity_0095,1,test
entity_0428,entity_0615,0,train
entity_0615,entity_0428,0,test
entity_0052,entity_0445,1,train
entity_0445,entity_0052,1,validation
entity_0937,entity_0431,1,train
entity_0431,entity_0937,1,train
entity_0950,entity_0370,0,train
entity_0370,entity_0950,0,test
entity_0115,entity_0909,0,train
entity_0909,entity_0115,0,train
entity_0729,entity_0424,1,train
entity_0424,entity_0729,1,test
entity_0845,entity_0932,0,train
entity_0932,entity_0845,0,test
entity_0192,entity_0605,1,train
entity_0605,entity_0192,1,test
entity_0641,entity_0223,0,train
entity_0223,entity_0641,0,train
entity_0787,entity_0918,1,train
entity_0918,entity_0787,1,test
entity_0923,entity_0701,1,train
entity_0701,entity_0923,1,test
entity_0049,entity_0761,0,train
entity_0761,entity_0049,0,test
entity_0087,entity_0197,0,train
entity_0197,entity_0087,0,test
entity_0102,entity_0864,1,train
entity_0864,entity_0102,1,test
entity_0768,entity_0380,1,train
entity_0380,entity_0768,1,test
entity_0412,entity_0176,1,train
entity_0176,entity_0412,1,test
entity_0180,entity_0114,1,train
entity_0114,entity_0180,1,train
entity_0345,entity_0671,0,train
entity_0671,entity_0345,0,validation
entity_0833,entity_0642,0,train
entity_0642,entity_0833,0,validation
entity_0682,entity_0801,0,train
entity_0801,entity_0682,0,validation
entity_0339,entity_0369,1,train
entity_0369,entity_0339,1,train
entity_0295,entity_0817,1,train
entity_0817,entity_0295,1,test
entity_0373,entity_0862,0,train
entity_0862,entity_0373,0,test
entity_0406,entity_0921,0,train
entity_0921,entity_0406,0,test
entity_0027,entity_0222,0,train
entity_0222,entity_0027,0,validation
entity_0422,entity_0011,1,train
entity_0011,entity_0422,1,test
entity_0549,entity_0598,1,train
entity_0598,entity_0549,1,test
entity_0048,entity_0931,0,train
entity_0931,entity_0048,0,train
entity_0886,entity_0213,0,train
entity_0213,entity_0886,0,train
entity_0738,entity_0482,1,train
entity_0482,entity_0738,1,train
entity_0682,entity_0819,0,train
entity_0819,entity_0682,0,test
entity_0447,entity_0150,0,train
entity_0150,entity_0447,0,test
entity_0305,entity_0915,1,train
entity_0915,entity_0305,1,validation
entity_0608,entity_0136,0,train
entity_0136,entity_0608,0,test
entity_0191,entity_0298,0,train
entity_0298,entity_0191,0,validation
entity_0555,entity_0042,1,train
entity_0042,entity_0555,1,test
entity_0714,entity_0095,0,train
entity_0095,entity_0714,0,test
entity_0744,entity_0567,0,train
entity_0567,entity_0744,0,test
entity_0351,entity_0231,1,train
entity_0231,entity_0351,1,validation
entity_0119,entity_0997,1,train
entity_0997,entity_0119,1,validation
entity_0741,entity_0249,0,train
entity_0249,entity_0741,0,test
entity_0207,entity_0919,1,train
entity_0919,entity_0207,1,test
entity_0903,entity_0713,0,train
entity_0713,entity_0903,0,test
entity_0583,entity_0255,0,train
entity_0255,entity_0583,0,test
entity_0376,entity_0781,0,train
entity_0781,entity_0376,0,test
entity_0507,entity_0824,1,train
entity_0824,entity_0507,1,train
entity_0815,entity_0756,1,train
entity_0756,entity_0815,1,test
entity_0688,entity_0416,1,train
entity_0416,entity_0688,1,train
entity_0678,entity_0235,0,train
entity_0235,entity_0678,0,test
entity_0546,entity_0182,1,train
entity_0182,entity_0546,1,test
entity_0407,entity_0614,1,train
entity_0614,entity_0407,1,test
entity_0843,entity_0866,1,train
entity_0866,entity_0843,1,validation
entity_0670,entity_0908,0,train
entity_0908,entity_0670,0,test
entity_0118,entity_0273,1,train
entity_0273,entity_0118,1,test
entity_0225,entity_0311,0,train
entity_0311,entity_0225,0,validation
entity_0171,entity_0083,0,train
entity_0083,entity_0171,0,test
entity_0398,entity_0011,0,train
entity_0011,entity_0398,0,validation
entity_0233,entity_0782,0,train
entity_0782,entity_0233,0,test
entity_0164,entity_0474,1,train
entity_0474,entity_0164,1,validation
entity_0207,entity_0803,0,train
entity_0803,entity_0207,0,test
entity_0667,entity_0283,0,train
entity_0283,entity_0667,0,validation
entity_0255,entity_0608,1,train
entity_0608,entity_0255,1,test
entity_0018,entity_0751,0,train
entity_0751,entity_0018,0,train
entity_0317,entity_0768,1,train
entity_0768,entity_0317,1,test
entity_0640,entity_0559,1,train
entity_0559,entity_0640,1,test
entity_0473,entity_0572,1,train
entity_0572,entity_0473,1,test
entity_0709,entity_0003,0,train
entity_0003,entity_0709,0,test
entity_0301,entity_0097,0,train
entity_0097,entity_0301,0,validation
entity_0139,entity_0551,0,train
entity_0551,entity_0139,0,test
entity_0130,entity_0846,0,train
entity_0846,entity_0130,0,test
entity_0683,entity_0980,1,train
entity_0980,entity_0683,1,test
entity_0736,entity_0812,0,train
entity_0812,entity_0736,0,test
entity_0144,entity_0440,0,train
entity_0440,entity_0144,0,test
entity_0534,entity_0274,0,train
entity_0274,entity_0534,0,test
entity_0891,entity_0231,0,train
entity_0231,entity_0891,0,test
entity_0339,entity_0635,0,train
entity_0635,entity_0339,0,test
entity_0438,entity_0904,0,train
entity_0904,entity_0438,0,test
entity_0246,entity_0189,1,train
entity_0189,entity_0246,1,test
entity_0413,entity_0442,1,train
entity_0442,entity_0413,1,test
entity_0348,entity_0293,1,train
entity_0293,entity_0348,1,test
entity_0131,entity_0225,1,train
entity_0225,entity_0131,1,test
entity_0486,entity_0243,0,train
entity_0243,entity_0486,0,test
entity_0488,entity_0438,0,train
entity_0438,entity_0488,0,test
entity_0720,entity_0970,1,train
entity_0970,entity_0720,1,test
entity_0008,entity_0970,1,train
entity_0970,entity_0008,1,test
entity_0850,entity_0466,0,train
entity_0466,entity_0850,0,train
entity_0699,entity_0285,1,train
entity_0285,entity_0699,1,test
entity_0492,entity_0413,0,train
entity_0413,entity_0492,0,validation
entity_0683,entity_0170,0,train
entity_0170,entity_0683,0,test
entity_0027,entity_0732,1,train
entity_0732,entity_0027,1,test
entity_0946,entity_0064,0,train
entity_0064,entity_0946,0,train
entity_0980,entity_0013,0,train
entity_0013,entity_0980,0,test
entity_0924,entity_0550,1,train
entity_0550,entity_0924,1,test
entity_0422,entity_0673,0,train
entity_0673,entity_0422,0,test
entity_0888,entity_0829,0,train
entity_0829,entity_0888,0,test
entity_0180,entity_0027,1,train
entity_0027,entity_0180,1,validation
entity_0841,entity_0470,0,train
entity_0470,entity_0841,0,test
entity_0491,entity_0044,1,train
entity_0044,entity_0491,1,test
entity_0277,entity_0190,0,train
entity_0190,entity_0277,0,test
entity_0214,entity_0786,0,train
entity_0786,entity_0214,0,test
entity_0127,entity_0882,1,train
entity_0882,entity_0127,1,test
entity_0922,entity_0330,1,train
entity_0330,entity_0922,1,test
entity_0739,entity_0579,1,train
entity_0579,entity_0739,1,test
entity_0325,entity_0017,1,train
entity_0017,entity_0325,1,validation
entity_0827,entity_0489,0,train
entity_0489,entity_0827,0,test
entity_0937,entity_0838,1,train
entity_0838,entity_0937,1,validation
entity_0321,entity_0694,0,train
entity_0694,entity_0321,0,test
entity_0422,entity_0219,0,train
entity_0219,entity_0422,0,test
entity_0576,entity_0037,1,train
entity_0037,entity_0576,1,test
entity_0880,entity_0330,1,train
entity_0330,entity_0880,1,train
entity_0260,entity_0888,1,train
entity_0888,entity_0260,1,train
entity_0076,entity_0863,0,train
entity_0863,entity_0076,0,test
entity_0722,entity_0001,1,train
entity_0001,entity_0722,1,validation
entity_0431,entity_0890,0,train
entity_0890,entity_0431,0,test
entity_0034,entity_0071,0,train
entity_0071,entity_0034,0,test
entity_0280,entity_0463,1,train
entity_0463,entity_0280,1,test
entity_0961,entity_0489,1,train
entity_0489,entity_0961,1,validation
entity_0008,entity_0040,0,train
entity_0040,entity_0008,0,test
entity_0064,entity_0369,0,train
entity_0369,entity_0064,0,test
entity_0149,entity_0549,1,train
entity_0549,entity_0149,1,test
entity_0402,entity_0981,0,train
entity_0981,entity_0402,0,test
entity_0842,entity_0578,1,train
entity_0578,entity_0842,1,test
entity_0233,entity_0992,0,train
entity_0992,entity_0233,0,validation
entity_0478,entity_0362,0,train
entity_0362,entity_0478,0,test
entity_0517,entity_0815,1,train
entity_0815,entity_0517,1,test
entity_0612,entity_0219,0,train
entity_0219,entity_0612,0,test
entity_0975,entity_0484,0,train
entity_0484,entity_0975,0,test
entity_0651,entity_0517,1,train
entity_0517,entity_0651,1,test
entity_0485,entity_0574,1,train
entity_0574,entity_0485,1,train
entity_0027,entity_0245,0,train
entity_0245,entity_0027,0,test
entity_0167,entity_0794,1,train
entity_0794,entity_0167,1,test
entity_0462,entity_0238,0,train
entity_0238,entity_0462,0,validation
entity_0137,entity_0321,0,train
entity_0321,entity_0137,0,test
entity_0824,entity_0391,1,train
entity_0391,entity_0824,1,validation
entity_0340,entity_0305,1,train
entity_0305,entity_0340,1,test
entity_0624,entity_0419,0,train
entity_0419,entity_0624,0,validation
entity_0103,entity_0195,0,train
entity_0195,entity_0103,0,validation
entity_0281,entity_0425,0,train
entity_0425,entity_0281,0,test
entity_0773,entity_0337,1,train
entity_0337,entity_0773,1,test
entity_0364,entity_0670,0,train
entity_0670,entity_0364,0,test
entity_0133,entity_0469,1,train
entity_0469,entity_0133,1,test
entity_0251,entity_0511,1,train
entity_0511,entity_0251,1,test
entity_0247,entity_0248,0,train
entity_0248,entity_0247,0,train
entity_0240,entity_0861,0,train
entity_0861,entity_0240,0,test
entity_0754,entity_0467,1,train
entity_0467,entity_0754,1,test
entity_0310,entity_0476,0,train
entity_0476,entity_0310,0,test
entity_0793,entity_0349,1,train
entity_0349,entity_0793,1,test
entity_0766,entity_0392,1,train
entity_0392,entity_0766,1,train
entity_0254,entity_0891,0,train
entity_0891,entity_0254,0,test
entity_0519,entity_0634,1,train
entity_0634,entity_0519,1,train
entity_0729,entity_0945,1,train
entity_0945,entity_0729,1,test
entity_0551,entity_0172,0,train
entity_0172,entity_0551,0,validation
entity_0032,entity_0432,0,train
entity_0432,entity_0032,0,validation
entity_0532,entity_0810,0,train
entity_0810,entity_0532,0,test
entity_0170,entity_0231,0,train
entity_0231,entity_0170,0,test
entity_0542,entity_0727,0,train
entity_0727,entity_0542,0,test
entity_0617,entity_0107,0,train
entity_0107,entity_0617,0,test
entity_0282,entity_0527,1,train
entity_0527,entity_0282,1,test
entity_0834,entity_0074,1,train
entity_0074,entity_0834,1,test
entity_0132,entity_0146,1,train
entity_0146,entity_0132,1,train
entity_0144,entity_0674,1,train
entity_0674,entity_0144,1,train
entity_0924,entity_0594,1,train
entity_0594,entity_0924,1,test
entity_0788,entity_0852,1,train
entity_0852,entity_0788,1,test
entity_0535,entity_0106,0,train
entity_0106,entity_0535,0,test
entity_0107,entity_0319,1,train
entity_0319,entity_0107,1,test
entity_0370,entity_0965,1,train
entity_0965,entity_0370,1,test
entity_0064,entity_0921,0,train
entity_0921,entity_0064,0,validation
entity_0070,entity_0484,1,train
entity_0484,entity_0070,1,test
entity_0770,entity_0499,1,train
entity_0499,entity_0770,1,test
entity_0243,entity_0609,1,train
entity_0609,entity_0243,1,test
entity_0622,entity_0596,1,train
entity_0596,entity_0622,1,test
entity_0959,entity_0731,0,train
entity_0731,entity_0959,0,test
entity_0678,entity_0052,1,train
entity_0052,entity_0678,1,test
entity_0330,entity_0971,0,train
entity_0971,entity_0330,0,train
entity_0603,entity_0341,0,train
entity_0341,entity_0603,0,train
entity_0828,entity_0396,0,train
entity_0396,entity_0828,0,test
entity_0929,entity_0225,1,train
entity_0225,entity_0929,1,test
entity_0045,entity_0235,1,train
entity_0235,entity_0045,1,test
entity_0092,entity_0617,1,train
entity_0617,entity_0092,1,train
entity_0672,entity_0389,0,train
entity_0389,entity_0672,0,test
entity_0260,entity_0918,0,train
entity_0918,entity_0260,0,validation
entity_0975,entity_0892,1,train
entity_0892,entity_0975,1,test
entity_0151,entity_0048,1,train
entity_0048,entity_0151,1,test
entity_0682,entity_0795,0,train
entity_0795,entity_0682,0,test
entity_0309,entity_0098,1,train
entity_0098,entity_0309,1,test
entity_0512,entity_0213,1,train
entity_0213,entity_0512,1,test
entity_0187,entity_0741,1,train
entity_0741,entity_0187,1,test
entity_0558,entity_0546,1,train
entity_0546,entity_0558,1,test
entity_0979,entity_0181,0,train
entity_0181,entity_0979,0,test
entity_0998,entity_0499,0,train
entity_0499,entity_0998,0,test
entity_0935,entity_0380,1,train
entity_0380,entity_0935,1,test
entity_0824,entity_0266,0,train
entity_0266,entity_0824,0,test
entity_0242,entity_0619,1,train
entity_0619,entity_0242,1,test
entity_0575,entity_0661,0,train
entity_0661,entity_0575,0,test
entity_0544,entity_0521,0,train
entity_0521,entity_0544,0,validation
entity_0349,entity_0256,1,train
entity_0256,entity_0349,1,test
entity_0774,entity_0240,0,train
entity_0240,entity_0774,0,test
entity_0210,entity_0402,0,train
entity_0402,entity_0210,0,test
entity_0065,entity_0557,1,train
entity_0557,entity_0065,1,test
entity_0494,entity_0503,1,train
entity_0503,entity_0494,1,train
entity_0168,entity_0929,0,train
entity_0929,entity_0168,0,validation
entity_0532,entity_0344,1,train
entity_0344,entity_0532,1,test
entity_0519,entity_0004,0,train
entity_0004,entity_0519,0,test
entity_0650,entity_0200,1,train
entity_0200,entity_0650,1,validation
entity_0476,entity_0611,1,train
entity_0611,entity_0476,1,train
entity_0300,entity_0136,0,train
entity_0136,entity_0300,0,test
entity_0209,entity_0024,1,train
entity_0024,entity_0209,1,test
entity_0581,entity_0017,0,train
entity_0017,entity_0581,0,test
entity_0457,entity_0741,1,train
entity_0741,entity_0457,1,test
entity_0895,entity_0613,0,train
entity_0613,entity_0895,0,validation
entity_0599,entity_0472,0,train
entity_0472,entity_0599,0,validation
entity_0070,entity_0211,0,train
entity_0211,entity_0070,0,train
entity_0323,entity_0999,1,train
entity_0999,entity_0323,1,test
entity_0384,entity_0773,0,train
entity_0773,entity_0384,0,test
entity_0886,entity_0397,0,train
entity_0397,entity_0886,0,train
entity_0157,entity_0963,0,train
entity_0963,entity_0157,0,test
entity_0235,entity_0092,1,train
entity_0092,entity_0235,1,test
entity_0049,entity_0930,1,train
entity_0930,entity_0049,1,validation
entity_0196,entity_0607,1,train
entity_0607,entity_0196,1,validation
entity_0547,entity_0643,0,train
entity_0643,entity_0547,0,test
entity_0393,entity_0581,0,train
entity_0581,entity_0393,0,validation
entity_0038,entity_0747,1,train
entity_0747,entity_0038,1,test
entity_0791,entity_0394,1,train
entity_0394,entity_0791,1,test
entity_0019,entity_0977,1,train
entity_0977,entity_0019,1,test
entity_0545,entity_0972,0,train
entity_0972,entity_0545,0,test
entity_0253,entity_0681,0,train
entity_0681,entity_0253,0,validation
entity_0365,entity_0094,0,train
entity_0094,entity_0365,0,test
entity_0652,entity_0825,1,train
entity_0825,entity_0652,1,test
entity_0833,entity_0791,1,train
entity_0791,entity_0833,1,validation
entity_0614,entity_0068,1,train
entity_0068,entity_0614,1,test
entity_0794,entity_0993,0,train
entity_0993,entity_0794,0,test
entity_0555,entity_0337,0,train
entity_0337,entity_0555,0,test
entity_0930,entity_0584,1,train
entity_0584,entity_0930,1,test
entity_0401,entity_0161,0,train
entity_0161,entity_0401,0,test
entity_0191,entity_0870,0,train
entity_0870,entity_0191,0,test
entity_0195,entity_0064,1,train
entity_0064,entity_0195,1,validation
entity_0367,entity_0420,0,train
entity_0420,entity_0367,0,test
entity_0547,entity_0549,0,train
entity_0549,entity_0547,0,test
entity_0955,entity_0178,1,train
entity_0178,entity_0955,1,test
entity_0575,entity_0618,1,train
entity_0618,entity_0575,1,test
entity_0697,entity_0496,1,train
entity_0496,entity_0697,1,test
entity_0834,entity_0768,0,train
entity_0768,entity_0834,0,test
entity_0080,entity_0073,1,train
entity_0073,entity_0080,1,validation
entity_0102,entity_0203,0,train
entity_0203,entity_0102,0,validation
entity_0819,entity_0857,0,train
entity_0857,entity_0819,0,test
entity_0202,entity_0479,1,train
entity_0479,entity_0202,1,test
entity_0202,entity_0981,0,train
entity_0981,entity_0202,0,test
entity_0343,entity_0736,1,train
entity_0736,entity_0343,1,test
entity_0799,entity_0498,0,train
entity_0498,entity_0799,0,test
entity_0423,entity_0356,1,train
entity_0356,entity_0423,1,test
entity_0647,entity_0702,0,train
entity_0702,entity_0647,0,test
entity_0982,entity_0008,1,train
entity_0008,entity_0982,1,train
entity_0894,entity_0272,0,train
entity_0272,entity_0894,0,test
entity_0992,entity_0195,1,train
entity_0195,entity_0992,1,test
entity_0706,entity_0762,1,train
entity_0762,entity_0706,1,test
entity_0097,entity_0853,0,train
entity_0853,entity_0097,0,test
entity_0698,entity_0555,0,train
entity_0555,entity_0698,0,test
entity_0350,entity_0124,1,train
entity_0124,entity_0350,1,test
entity_0626,entity_0163,0,train
entity_0163,entity_0626,0,train
entity_0757,entity_0765,1,train
entity_0765,entity_0757,1,test
entity_0672,entity_0822,1,train
entity_0822,entity_0672,1,train
entity_0493,entity_0420,1,train
entity_0420,entity_0493,1,test
entity_0416,entity_0646,0,train
entity_0646,entity_0416,0,test
entity_0706,entity_0599,0,train
entity_0599,entity_0706,0,test
entity_0231,entity_0219,1,train
entity_0219,entity_0231,1,train
entity_0823,entity_0978,1,train
entity_0978,entity_0823,1,test
entity_0696,entity_0443,1,train
entity_0443,entity_0696,1,test
entity_0945,entity_0288,1,train
entity_0288,entity_0945,1,validation
entity_0935,entity_0811,0,train
entity_0811,entity_0935,0,test
entity_0606,entity_0114,0,train
entity_0114,entity_0606,0,test
entity_0119,entity_0151,0,train
entity_0151,entity_0119,0,test
entity_0715,entity_0835,1,train
entity_0835,entity_0715,1,test
entity_0439,entity_0948,0,train
entity_0948,entity_0439,0,test
entity_0741,entity_0194,1,train
entity_0194,entity_0741,1,test
entity_0498,entity_0202,1,train
entity_0202,entity_0498,1,test
entity_0762,entity_0141,1,train
entity_0141,entity_0762,1,test
entity_0140,entity_0348,0,train
entity_0348,entity_0140,0,test
entity_0268,entity_0022,0,train
entity_0022,entity_0268,0,validation
entity_0509,entity_0788,1,train
entity_0788,entity_0509,1,test
entity_0015,entity_0767,1,train
entity_0767,entity_0015,1,test
entity_0193,entity_0025,0,train
entity_0025,entity_0193,0,test
entity_0327,entity_0311,0,train
entity_0311,entity_0327,0,test
entity_0639,entity_0231,1,train
entity_0231,entity_0639,1,test
entity_0715,entity_0582,1,train
entity_0582,entity_0715,1,test
entity_0958,entity_0138,0,train
entity_0138,entity_0958,0,test
entity_0593,entity_0566,0,train
entity_0566,entity_0593,0,validation
entity_0034,entity_0670,1,train
entity_0670,entity_0034,1,validation
entity_0976,entity_0041,0,train
entity_0041,entity_0976,0,test
entity_0620,entity_0311,1,train
entity_0311,entity_0620,1,train
entity_0761,entity_0439,1,train
entity_0439,entity_0761,1,test
entity_0169,entity_0624,0,train
entity_0624,entity_0169,0,test
entity_0474,entity_0497,1,train
entity_0497,entity_0474,1,test
entity_0016,entity_0223,1,train
entity_0223,entity_0016,1,validation
entity_0652,entity_0994,0,train
entity_0994,entity_0652,0,test
entity_0143,entity_0772,0,train
entity_0772,entity_0143,0,test
entity_0131,entity_0041,1,train
entity_0041,entity_0131,1,test
entity_0531,entity_0223,1,train
entity_0223,entity_0531,1,train
entity_0130,entity_0960,0,train
entity_0960,entity_0130,0,test
entity_0473,entity_0668,0,train
entity_0668,entity_0473,0,test
entity_0019,entity_0774,0,train
entity_0774,entity_0019,0,test
entity_0009,entity_0562,0,train
entity_0562,entity_0009,0,train
entity_0028,entity_0432,0,train
entity_0432,entity_0028,0,validation
entity_0232,entity_0639,0,train
entity_0639,entity_0232,0,test
entity_0723,entity_0285,1,train
entity_0285,entity_0723,1,test
entity_0091,entity_0837,1,train
entity_0837,entity_0091,1,validation
entity_0287,entity_0097,1,train
entity_0097,entity_0287,1,test
entity_0325,entity_0957,1,train
entity_0957,entity_0325,1,test
entity_0501,entity_0268,1,train
entity_0268,entity_0501,1,test
entity_0310,entity_0262,1,train
entity_0262,entity_0310,1,test
entity_0763,entity_0756,1,train
entity_0756,entity_0763,1,test
entity_0735,entity_0285,1,train
entity_0285,entity_0735,1,test
entity_0072,entity_0878,0,train
entity_0878,entity_0072,0,test
entity_0968,entity_0828,1,train
entity_0828,entity_0968,1,test
entity_0155,entity_0702,0,train
entity_0702,entity_0155,0,test
entity_0146,entity_0545,0,train
entity_0545,entity_0146,0,test
entity_0610,entity_0962,1,train
entity_0962,entity_0610,1,validation
entity_0836,entity_0750,1,train
entity_0750,entity_0836,1,test
entity_0520,entity_0062,1,train
entity_0062,entity_0520,1,test
entity_0999,entity_0952,0,train
entity_0952,entity_0999,0,test
entity_0378,entity_0276,0,train
entity_0276,entity_0378,0,test
entity_0001,entity_0761,0,train
entity_0761,entity_0001,0,test
entity_0269,entity_0092,1,train
entity_0092,entity_0269,1,test
entity_0883,entity_0235,0,train
entity_0235,entity_0883,0,validation
entity_0502,entity_0270,1,train
entity_0270,entity_0502,1,test
entity_0233,entity_0467,1,train
entity_0467,entity_0233,1,validation
entity_0070,entity_0375,0,train
entity_0375,entity_0070,0,test
entity_0723,entity_0735,1,train
entity_0735,entity_0723,1,test
entity_0627,entity_0493,0,train
entity_0493,entity_0627,0,test
entity_0372,entity_0878,0,train
entity_0878,entity_0372,0,test
entity_0132,entity_0698,0,train
entity_0698,entity_0132,0,test
entity_0608,entity_0356,0,train
entity_0356,entity_0608,0,validation
entity_0885,entity_0497,0,train
entity_0497,entity_0885,0,test
entity_0706,entity_0402,1,train
entity_0402,entity_0706,1,test
entity_0146,entity_0454,1,train
entity_0454,entity_0146,1,test
entity_0891,entity_0204,1,train
entity_0204,entity_0891,1,test
entity_0282,entity_0897,0,train
entity_0897,entity_0282,0,validation
entity_0699,entity_0472,0,train
entity_0472,entity_0699,0,test
entity_0021,entity_0818,1,train
entity_0818,entity_0021,1,train
entity_0741,entity_0878,1,train
entity_0878,entity_0741,1,validation
entity_0368,entity_0538,1,train
entity_0538,entity_0368,1,validation
entity_0210,entity_0535,1,train
entity_0535,entity_0210,1,test
entity_0779,entity_0516,0,train
entity_0516,entity_0779,0,test
entity_0968,entity_0930,0,train
entity_0930,entity_0968,0,test
entity_0413,entity_0718,0,train
entity_0718,entity_0413,0,test
entity_0823,entity_0627,0,train
entity_0627,entity_0823,0,test
entity_0656,entity_0717,0,train
entity_0717,entity_0656,0,train
entity_0710,entity_0600,1,train
entity_0600,entity_0710,1,test
entity_0695,entity_0356,0,train
entity_0356,entity_0695,0,train
entity_0587,entity_0876,0,train
entity_0876,entity_0587,0,validation
entity_0652,entity_0063,1,train
entity_0063,entity_0652,1,validation
entity_0986,entity_0990,1,train
entity_0990,entity_0986,1,test
entity_0073,entity_0771,0,train
entity_0771,entity_0073,0,test
entity_0784,entity_0309,0,train
entity_0309,entity_0784,0,test
entity_0049,entity_0368,1,train
entity_0368,entity_0049,1,test
entity_0482,entity_0564,1,train
entity_0564,entity_0482,1,validation
entity_0272,entity_0030,1,train
entity_0030,entity_0272,1,test
entity_0565,entity_0351,1,train
entity_0351,entity_0565,1,test
entity_0200,entity_0778,0,train
entity_0778,entity_0200,0,test
entity_0725,entity_0339,0,train
entity_0339,entity_0725,0,train
entity_0381,entity_0488,0,train
entity_0488,entity_0381,0,test
entity_0638,entity_0429,1,train
entity_0429,entity_0638,1,test
entity_0492,entity_0383,1,train
entity_0383,entity_0492,1,test
entity_0247,entity_0204,1,train
entity_0204,entity_0247,1,test
entity_0799,entity_0828,1,train
entity_0828,entity_0799,1,test
entity_0002,entity_0799,0,train
entity_0799,entity_0002,0,train
entity_0758,entity_0179,1,train
entity_0179,entity_0758,1,validation
entity_0181,entity_0159,0,train
entity_0159,entity_0181,0,train
entity_0375,entity_0325,0,train
entity_0325,entity_0375,0,test
entity_0757,entity_0454,0,train
entity_0454,entity_0757,0,test
entity_0052,entity_0870,0,train
entity_0870,entity_0052,0,validation
entity_0984,entity_0607,0,train
entity_0607,entity_0984,0,validation
entity_0046,entity_0406,0,train
entity_0406,entity_0046,0,test
entity_0089,entity_0664,1,train
entity_0664,entity_0089,1,train
entity_0390,entity_0593,1,train
entity_0593,entity_0390,1,test
entity_0353,entity_0106,0,train
entity_0106,entity_0353,0,test
entity_0706,entity_0158,1,train
entity_0158,entity_0706,1,test
entity_0945,entity_0378,1,train
entity_0378,entity_0945,1,test
entity_0085,entity_0410,1,train
entity_0410,entity_0085,1,train
entity_0250,entity_0030,0,train
entity_0030,entity_0250,0,test
entity_0563,entity_0375,0,train
entity_0375,entity_0563,0,test
entity_0550,entity_0372,1,train
entity_0372,entity_0550,1,test
entity_0435,entity_0938,1,train
entity_0938,entity_0435,1,test
entity_0580,entity_0305,1,train
entity_0305,entity_0580,1,validation
entity_0693,entity_0507,1,train
entity_0507,entity_0693,1,test
entity_0624,entity_0743,1,train
entity_0743,entity_0624,1,train
entity_0400,entity_0493,1,train
entity_0493,entity_0400,1,test
entity_0476,entity_0015,0,train
entity_0015,entity_0476,0,test
entity_0735,entity_0943,1,train
entity_0943,entity_0735,1,test
entity_0395,entity_0952,1,train
entity_0952,entity_0395,1,train
entity_0533,entity_0678,0,train
entity_0678,entity_0533,0,validation
entity_0011,entity_0976,0,train
entity_0976,entity_0011,0,test
entity_0842,entity_0322,1,train
entity_0322,entity_0842,1,test
entity_0888,entity_0298,1,train
entity_0298,entity_0888,1,train
entity_0922,entity_0215,1,train
entity_0215,entity_0922,1,test
entity_0074,entity_0742,1,train
entity_0742,entity_0074,1,test
entity_0321,entity_0409,0,train
entity_0409,entity_0321,0,train
entity_0662,entity_0504,0,train
entity_0504,entity_0662,0,train
entity_0583,entity_0790,1,train
entity_0790,entity_0583,1,validation
entity_0854,entity_0510,1,train
entity_0510,entity_0854,1,test
entity_0346,entity_0530,1,train
entity_0530,entity_0346,1,test
entity_0108,entity_0591,0,train
entity_0591,entity_0108,0,test
entity_0934,entity_0307,0,train
entity_0307,entity_0934,0,validation
entity_0765,entity_0302,1,train
entity_0302,entity_0765,1,validation
entity_0750,entity_0795,1,train
entity_0795,entity_0750,1,test
entity_0953,entity_0604,0,train
entity_0604,entity_0953,0,test
entity_0014,entity_0967,1,train
entity_0967,entity_0014,1,test
entity_0525,entity_0158,0,train
entity_0158,entity_0525,0,test
entity_0034,entity_0481,0,train
entity_0481,entity_0034,0,test
entity_0747,entity_0639,0,train
entity_0639,entity_0747,0,validation
entity_0009,entity_0201,1,train
entity_0201,entity_0009,1,test
entity_0544,entity_0407,1,train
entity_0407,entity_0544,1,test
entity_0757,entity_0781,1,train
entity_0781,entity_0757,1,test
entity_0424,entity_0337,0,train
entity_0337,entity_0424,0,test
entity_0066,entity_0236,0,train
entity_0236,entity_0066,0,train
entity_0099,entity_0323,1,train
entity_0323,entity_0099,1,test
entity_0198,entity_0886,0,train
entity_0886,entity_0198,0,train
entity_0316,entity_0955,0,train
entity_0955,entity_0316,0,test
entity_0226,entity_0440,0,train
entity_0440,entity_0226,0,test
entity_0316,entity_0964,0,train
entity_0964,entity_0316,0,test
entity_0262,entity_0913,1,train
entity_0913,entity_0262,1,test
entity_0102,entity_0880,1,train
entity_0880,entity_0102,1,test
entity_0561,entity_0785,0,train
entity_0785,entity_0561,0,test
entity_0042,entity_0364,1,train
entity_0364,entity_0042,1,test
entity_0175,entity_0079,0,train
entity_0079,entity_0175,0,test
entity_0649,entity_0720,0,train
entity_0720,entity_0649,0,train
entity_0667,entity_0597,1,train
entity_0597,entity_0667,1,test
entity_0288,entity_1000,1,train
entity_1000,entity_0288,1,validation
entity_0947,entity_0581,1,train
entity_0581,entity_0947,1,test
entity_0669,entity_0934,0,train
entity_0934,entity_0669,0,test
entity_0982,entity_0244,1,train
entity_0244,entity_0982,1,test
entity_0460,entity_0050,1,train
entity_0050,entity_0460,1,test
entity_0247,entity_0206,0,train
entity_0206,entity_0247,0,test
entity_0480,entity_0402,1,train
entity_0402,entity_0480,1,test
entity_0092,entity_0351,0,train
entity_0351,entity_0092,0,test
entity_0856,entity_0412,0,train
entity_0412,entity_0856,0,test
entity_0760,entity_0124,1,train
entity_0124,entity_0760,1,train
entity_0827,entity_0150,1,train
entity_0150,entity_0827,1,test
entity_0137,entity_0624,1,train
entity_0624,entity_0137,1,validation
entity_0430,entity_0533,1,train
entity_0533,entity_0430,1,test
entity_0526,entity_0490,0,train
entity_0490,entity_0526,0,test
entity_0253,entity_0874,1,train
entity_0874,entity_0253,1,test
entity_0366,entity_0240,1,train
entity_0240,entity_0366,1,test
entity_0129,entity_0060,0,train
entity_0060,entity_0129,0,test
entity_0038,entity_0148,0,train
entity_0148,entity_0038,0,test
entity_0066,entity_0566,0,train
entity_0566,entity_0066,0,test
entity_0392,entity_0645,1,train
entity_0645,entity_0392,1,test
entity_0714,entity_0559,0,train
entity_0559,entity_0714,0,test
entity_0976,entity_0727,0,train
entity_0727,entity_0976,0,test
entity_0516,entity_0325,1,train
entity_0325,entity_0516,1,test
entity_0408,entity_0321,1,train
entity_0321,entity_0408,1,test
entity_0638,entity_0916,1,train
entity_0916,entity_0638,1,test
entity_0165,entity_0485,1,train
entity_0485,entity_0165,1,test
entity_0100,entity_0376,0,train
entity_0376,entity_0100,0,test
entity_0953,entity_0876,0,train
entity_0876,entity_0953,0,validation
entity_0227,entity_0958,1,train
entity_0958,entity_0227,1,test
entity_0729,entity_0939,1,train
entity_0939,entity_0729,1,test
entity_0932,entity_0432,0,train
entity_0432,entity_0932,0,test
entity_0907,entity_0600,1,train
entity_0600,entity_0907,1,test
entity_0642,entity_0454,1,train
entity_0454,entity_0642,1,test
entity_0645,entity_0758,1,train
entity_0758,entity_0645,1,validation
entity_0917,entity_0945,1,train
entity_0945,entity_0917,1,train
entity_0893,entity_0088,0,train
entity_0088,entity_0893,0,test
entity_0536,entity_0654,0,train
entity_0654,entity_0536,0,validation
entity_0782,entity_0336,1,train
entity_0336,entity_0782,1,test
entity_0450,entity_0642,0,train
entity_0642,entity_0450,0,test
entity_0230,entity_0080,1,train
entity_0080,entity_0230,1,test
entity_0934,entity_0554,1,train
entity_0554,entity_0934,1,validation
entity_0048,entity_0370,0,train
entity_0370,entity_0048,0,test
entity_0982,entity_0592,0,train
entity_0592,entity_0982,0,test
entity_0881,entity_0781,0,train
entity_0781,entity_0881,0,test
entity_0677,entity_0787,0,train
entity_0787,entity_0677,0,train
entity_0804,entity_0830,1,train
entity_0830,entity_0804,1,validation
entity_0212,entity_0257,1,train
entity_0257,entity_0212,1,test
entity_0365,entity_0574,0,train
entity_0574,entity_0365,0,validation
entity_0167,entity_0350,0,train
entity_0350,entity_0167,0,test
entity_0216,entity_0351,1,train
entity_0351,entity_0216,1,test
entity_0664,entity_0972,0,train
entity_0972,entity_0664,0,test
entity_0680,entity_0477,0,train
entity_0477,entity_0680,0,test
entity_0143,entity_0392,1,train
entity_0392,entity_0143,1,test
entity_0135,entity_0858,1,train
entity_0858,entity_0135,1,test
entity_0272,entity_0167,1,train
entity_0167,entity_0272,1,test
entity_0942,entity_0815,0,train
entity_0815,entity_0942,0,validation
entity_0077,entity_0342,0,train
entity_0342,entity_0077,0,validation
entity_0604,entity_0653,1,train
entity_0653,entity_0604,1,test
entity_0171,entity_0964,1,train
entity_0964,entity_0171,1,validation
entity_0053,entity_0158,0,train
entity_0158,entity_0053,0,validation
entity_0309,entity_0256,1,train
entity_0256,entity_0309,1,validation
entity_0147,entity_0623,1,train
entity_0623,entity_0147,1,validation
entity_0556,entity_0435,1,train
entity_0435,entity_0556,1,test
entity_0825,entity_0400,0,train
entity_0400,entity_0825,0,test
entity_0386,entity_0671,0,train
entity_0671,entity_0386,0,test
entity_0757,entity_0233,0,train
entity_0233,entity_0757,0,test
entity_0697,entity_0330,0,train
entity_0330,entity_0697,0,train
entity_0341,entity_0629,1,train
entity_0629,entity_0341,1,test
entity_0508,entity_0512,0,train
entity_0512,entity_0508,0,test
entity_0044,entity_0209,1,train
entity_0209,entity_0044,1,validation
entity_0384,entity_0265,0,train
entity_0265,entity_0384,0,test
entity_0468,entity_0395,1,train
entity_0395,entity_0468,1,test
entity_0142,entity_0147,1,train
entity_0147,entity_0142,1,train
entity_0784,entity_0858,0,train
entity_0858,entity_0784,0,test
entity_0607,entity_0698,0,train
entity_0698,entity_0607,0,test
entity_0277,entity_0831,0,train
entity_0831,entity_0277,0,test
entity_0922,entity_0386,0,train
entity_0386,entity_0922,0,test
entity_0120,entity_0848,0,train
entity_0848,entity_0120,0,test
entity_0293,entity_0649,1,train
entity_0649,entity_0293,1,train
entity_0029,entity_0150,0,train
entity_0150,entity_0029,0,test
entity_0400,entity_0586,1,train
entity_0586,entity_0400,1,test
entity_0261,entity_0577,1,train
entity_0577,entity_0261,1,train
entity_0370,entity_0242,0,train
entity_0242,entity_0370,0,validation
entity_0565,entity_0231,1,train
entity_0231,entity_0565,1,test
entity_0371,entity_0461,0,train
entity_0461,entity_0371,0,test
entity_0895,entity_0693,0,train
entity_0693,entity_0895,0,train
entity_0653,entity_0440,0,train
entity_0440,entity_0653,0,test
entity_0244,entity_0228,0,train
entity_0228,entity_0244,0,test
entity_0185,entity_0867,0,train
entity_0867,entity_0185,0,train
entity_0456,entity_0712,0,train
entity_0712,entity_0456,0,test
entity_0204,entity_0452,1,train
entity_0452,entity_0204,1,test
entity_0158,entity_0421,1,train
entity_0421,entity_0158,1,test
entity_0075,entity_0050,0,train
entity_0050,entity_0075,0,test
entity_0430,entity_0705,1,train
entity_0705,entity_0430,1,validation
entity_0676,entity_0401,1,train
entity_0401,entity_0676,1,test
entity_0376,entity_0396,1,train
entity_0396,entity_0376,1,test
entity_0497,entity_0740,1,train
entity_0740,entity_0497,1,validation
entity_0472,entity_0864,1,train
entity_0864,entity_0472,1,test
entity_0091,entity_0280,0,train
entity_0280,entity_0091,0,test
entity_0951,entity_0649,1,train
entity_0649,entity_0951,1,test
entity_0350,entity_0485,1,train
entity_0485,entity_0350,1,validation
entity_0512,entity_0820,0,train
entity_0820,entity_0512,0,test
entity_0965,entity_0592,1,train
entity_0592,entity_0965,1,test
entity_0728,entity_0748,1,train
entity_0748,entity_0728,1,test
entity_0438,entity_0267,1,train
entity_0267,entity_0438,1,test
entity_0058,entity_0336,0,train
entity_0336,entity_0058,0,test
entity_0426,entity_0549,1,train
entity_0549,entity_0426,1,test
entity_0705,entity_0436,0,train
entity_0436,entity_0705,0,train
entity_0245,entity_0110,1,train
entity_0110,entity_0245,1,test
entity_0356,entity_0748,1,train
entity_0748,entity_0356,1,test
entity_0750,entity_0166,0,train
entity_0166,entity_0750,0,test
entity_0643,entity_0977,0,train
entity_0977,entity_0643,0,validation
entity_0521,entity_0822,0,train
entity_0822,entity_0521,0,test
entity_0893,entity_0372,1,train
entity_0372,entity_0893,1,test
entity_0989,entity_0652,0,train
entity_0652,entity_0989,0,validation
entity_0279,entity_0365,0,train
entity_0365,entity_0279,0,train
entity_0318,entity_0377,1,train
entity_0377,entity_0318,1,test
entity_0832,entity_0092,0,train
entity_0092,entity_0832,0,test
entity_0769,entity_0492,0,train
entity_0492,entity_0769,0,test
entity_0146,entity_0732,0,train
entity_0732,entity_0146,0,train
entity_0985,entity_0561,1,train
entity_0561,entity_0985,1,test
entity_0405,entity_0979,1,train
entity_0979,entity_0405,1,train
entity_0805,entity_0181,0,train
entity_0181,entity_0805,0,test
entity_0907,entity_0925,1,train
entity_0925,entity_0907,1,test
entity_0631,entity_0397,1,train
entity_0397,entity_0631,1,validation
entity_0615,entity_0198,1,train
entity_0198,entity_0615,1,test
entity_0048,entity_0314,1,train
entity_0314,entity_0048,1,test
entity_0086,entity_0482,1,train
entity_0482,entity_0086,1,test
entity_0683,entity_0369,0,train
entity_0369,entity_0683,0,test
entity_0012,entity_0402,1,train
entity_0402,entity_0012,1,train
entity_0461,entity_0683,1,train
entity_0683,entity_0461,1,test
entity_0422,entity_0861,1,train
entity_0861,entity_0422,1,test
entity_0871,entity_0782,0,train
entity_0782,entity_0871,0,test
entity_0206,entity_0181,1,train
entity_0181,entity_0206,1,train
entity_0561,entity_0473,1,train
entity_0473,entity_0561,1,test
entity_0016,entity_0644,0,train
entity_0644,entity_0016,0,test
entity_0990,entity_0068,0,train
entity_0068,entity_0990,0,validation
entity_0321,entity_0584,1,train
entity_0584,entity_0321,1,validation
entity_0840,entity_0751,0,train
entity_0751,entity_0840,0,test
entity_0707,entity_0399,0,train
entity_0399,entity_0707,0,validation
entity_0132,entity_0062,1,train
entity_0062,entity_0132,1,validation
entity_0330,entity_0587,1,train
entity_0587,entity_0330,1,test
entity_0256,entity_0435,0,train
entity_0435,entity_0256,0,validation
entity_0534,entity_0507,1,train
entity_0507,entity_0534,1,test
entity_0848,entity_0128,1,train
entity_0128,entity_0848,1,test
entity_0179,entity_0766,1,train
entity_0766,entity_0179,1,test
entity_0097,entity_0335,0,train
entity_0335,entity_0097,0,test
entity_0969,entity_0930,0,train
entity_0930,entity_0969,0,test
entity_0245,entity_0069,0,train
entity_0069,entity_0245,0,test
entity_0130,entity_0634,0,train
entity_0634,entity_0130,0,test
entity_0982,entity_0260,0,train
entity_0260,entity_0982,0,validation
entity_0481,entity_0868,0,train
entity_0868,entity_0481,0,test
entity_0838,entity_0764,1,train
entity_0764,entity_0838,1,test
entity_0530,entity_0160,1,train
entity_0160,entity_0530,1,test
entity_0684,entity_0299,0,train
entity_0299,entity_0684,0,test
entity_0747,entity_0113,0,train
entity_0113,entity_0747,0,test
entity_0941,entity_0021,1,train
entity_0021,entity_0941,1,train
entity_0608,entity_0929,1,train
entity_0929,entity_0608,1,test
entity_0636,entity_0404,0,train
entity_0404,entity_0636,0,test
entity_0696,entity_0091,1,train
entity_0091,entity_0696,1,test
entity_0250,entity_0901,1,train
entity_0901,entity_0250,1,test
entity_0815,entity_0374,1,train
entity_0374,entity_0815,1,test
entity_0518,entity_0757,0,train
entity_0757,entity_0518,0,test
entity_0217,entity_0873,0,train
entity_0873,entity_0217,0,validation
entity_0259,entity_0951,1,train
entity_0951,entity_0259,1,test
entity_0480,entity_0690,0,train
entity_0690,entity_0480,0,validation
entity_0569,entity_0606,1,train
entity_0606,entity_0569,1,test
entity_0742,entity_0396,1,train
entity_0396,entity_0742,1,test
entity_0138,entity_0503,1,train
entity_0503,entity_0138,1,train
entity_0201,entity_0787,0,train
entity_0787,entity_0201,0,validation
entity_0741,entity_0751,0,train
entity_0751,entity_0741,0,test
entity_0278,entity_0796,0,train
entity_0796,entity_0278,0,test
entity_0891,entity_0552,0,train
entity_0552,entity_0891,0,test
entity_0618,entity_0398,0,train
entity_0398,entity_0618,0,test
entity_0642,entity_0132,1,train
entity_0132,entity_0642,1,validation
entity_0566,entity_0553,0,train
entity_0553,entity_0566,0,test
entity_0046,entity_0011,1,train
entity_0011,entity_0046,1,test
entity_0767,entity_0612,0,train
entity_0612,entity_0767,0,test
entity_0782,entity_0267,1,train
entity_0267,entity_0782,1,test
entity_0258,entity_0970,0,train
entity_0970,entity_0258,0,validation
entity_0458,entity_0512,0,train
entity_0512,entity_0458,0,test
entity_0157,entity_0391,0,train
entity_0391,entity_0157,0,test
entity_0246,entity_0637,0,train
entity_0637,entity_0246,0,test
entity_0181,entity_0601,0,train
entity_0601,entity_0181,0,test
entity_0282,entity_0063,0,train
entity_0063,entity_0282,0,test
entity_0889,entity_0290,1,train
entity_0290,entity_0889,1,test
entity_0666,entity_0570,0,train
entity_0570,entity_0666,0,test
entity_0921,entity_0809,0,train
entity_0809,entity_0921,0,test
entity_0131,entity_0219,0,train
entity_0219,entity_0131,0,test
entity_0137,entity_0977,0,train
entity_0977,entity_0137,0,test
entity_0887,entity_0561,1,train
entity_0561,entity_0887,1,validation
entity_0204,entity_0012,0,train
entity_0012,entity_0204,0,test
entity_0043,entity_0636,1,train
entity_0636,entity_0043,1,test
entity_0414,entity_0908,0,train
entity_0908,entity_0414,0,test
entity_0497,entity_0164,1,train
entity_0164,entity_0497,1,train
entity_0705,entity_0406,0,train
entity_0406,entity_0705,0,test
entity_0320,entity_0477,0,train
entity_0477,entity_0320,0,test
entity_0769,entity_0040,1,train
entity_0040,entity_0769,1,test
entity_0014,entity_0255,1,train
entity_0255,entity_0014,1,test
entity_0375,entity_0900,1,train
entity_0900,entity_0375,1,validation
entity_0448,entity_0150,0,train
entity_0150,entity_0448,0,validation
entity_0762,entity_0078,1,train
entity_0078,entity_0762,1,test
entity_0108,entity_0065,1,train
entity_0065,entity_0108,1,validation
entity_0997,entity_0426,0,train
entity_0426,entity_0997,0,test
entity_0886,entity_0562,1,train
entity_0562,entity_0886,1,test
entity_0051,entity_0761,1,train
entity_0761,entity_0051,1,test
entity_0878,entity_0120,0,train
entity_0120,entity_0878,0,test
entity_0059,entity_0780,1,train
entity_0780,entity_0059,1,test
entity_0946,entity_0897,0,train
entity_0897,entity_0946,0,test
entity_0666,entity_0515,1,train
entity_0515,entity_0666,1,test
entity_0425,entity_0336,1,train
entity_0336,entity_0425,1,test
entity_0767,entity_0983,1,train
entity_0983,entity_0767,1,train
entity_0618,entity_0246,1,train
entity_0246,entity_0618,1,train
entity_0518,entity_0760,0,train
entity_0760,entity_0518,0,test
entity_0891,entity_0452,1,train
entity_0452,entity_0891,1,test
entity_0326,entity_0232,1,train
entity_0232,entity_0326,1,test
entity_0837,entity_0751,1,train
entity_0751,entity_0837,1,train
entity_0483,entity_0001,1,train
entity_0001,entity_0483,1,test
entity_0641,entity_0442,0,train
entity_0442,entity_0641,0,test
entity_0017,entity_0990,0,train
entity_0990,entity_0017,0,test
entity_0429,entity_0511,1,train
entity_0511,entity_0429,1,test
entity_0481,entity_0133,1,train
entity_0133,entity_0481,1,test
entity_0636,entity_0627,0,train
entity_0627,entity_0636,0,test
entity_0595,entity_0780,1,train
entity_0780,entity_0595,1,test
entity_0007,entity_0498,1,train
entity_0498,entity_0007,1,test
entity_0203,entity_0731,0,train
entity_0731,entity_0203,0,test
entity_0439,entity_0313,1,train
entity_0313,entity_0439,1,test
entity_0950,entity_0449,1,train
entity_0449,entity_0950,1,test
entity_0981,entity_0801,1,train
entity_0801,entity_0981,1,test
entity_0472,entity_0330,1,train
entity_0330,entity_0472,1,test
entity_0941,entity_0619,0,train
entity_0619,entity_0941,0,validation
entity_0800,entity_0299,1,train
entity_0299,entity_0800,1,validation
entity_0759,entity_0494,1,train
entity_0494,entity_0759,1,test
entity_0354,entity_0132,0,train
entity_0132,entity_0354,0,test
entity_0323,entity_0263,1,train
entity_0263,entity_0323,1,test
entity_0870,entity_0436,1,train
entity_0436,entity_0870,1,test
entity_0117,entity_0152,1,train
entity_0152,entity_0117,1,validation
entity_0866,entity_0467,0,train
entity_0467,entity_0866,0,test
entity_0143,entity_0302,0,train
entity_0302,entity_0143,0,validation
entity_0963,entity_0234,0,train
entity_0234,entity_0963,0,test
entity_0536,entity_0988,1,train
entity_0988,entity_0536,1,validation
entity_0558,entity_0485,0,train
entity_0485,entity_0558,0,test
entity_0328,entity_0580,0,train
entity_0580,entity_0328,0,test
entity_0942,entity_0483,0,train
entity_0483,entity_0942,0,test
entity_0071,entity_0451,1,train
entity_0451,entity_0071,1,test
entity_0853,entity_0296,1,train
entity_0296,entity_0853,1,test
entity_0462,entity_0163,0,train
entity_0163,entity_0462,0,test
entity_0426,entity_0909,1,train
entity_0909,entity_0426,1,test
entity_0085,entity_0355,1,train
entity_0355,entity_0085,1,train
entity_0601,entity_0820,1,train
entity_0820,entity_0601,1,test
entity_0749,entity_0796,0,train
entity_0796,entity_0749,0,test
entity_0847,entity_0393,0,train
entity_0393,entity_0847,0,test
entity_0536,entity_0309,0,train
entity_0309,entity_0536,0,test
entity_0044,entity_0024,1,train
entity_0024,entity_0044,1,validation
entity_0916,entity_0761,0,train
entity_0761,entity_0916,0,test
entity_0380,entity_0135,1,train
entity_0135,entity_0380,1,test
entity_0329,entity_0746,0,train
entity_0746,entity_0329,0,validation
entity_0721,entity_0711,0,train
entity_0711,entity_0721,0,test
entity_0584,entity_0368,1,train
entity_0368,entity_0584,1,test
entity_0613,entity_0224,1,train
entity_0224,entity_0613,1,test
entity_0274,entity_0331,1,train
entity_0331,entity_0274,1,train
entity_0958,entity_0603,1,train
entity_0603,entity_0958,1,test
entity_0324,entity_0531,0,train
entity_0531,entity_0324,0,test
entity_0591,entity_0033,1,train
entity_0033,entity_0591,1,test
entity_0677,entity_0609,1,train
entity_0609,entity_0677,1,test
entity_0294,entity_0001,1,train
entity_0001,entity_0294,1,test
entity_0391,entity_0984,0,train
entity_0984,entity_0391,0,test
entity_0800,entity_0271,0,train
entity_0271,entity_0800,0,test
entity_0457,entity_0302,1,train
entity_0302,entity_0457,1,test
entity_0310,entity_0913,1,train
entity_0913,entity_0310,1,test
entity_0771,entity_0547,0,train
entity_0547,entity_0771,0,validation
entity_0203,entity_0449,0,train
entity_0449,entity_0203,0,validation
entity_0310,entity_0336,0,train
entity_0336,entity_0310,0,validation
entity_0721,entity_0787,0,train
entity_0787,entity_0721,0,test
entity_0363,entity_0357,1,train
entity_0357,entity_0363,1,test
entity_0732,entity_0114,1,train
entity_0114,entity_0732,1,validation
entity_0339,entity_0978,0,train
entity_0978,entity_0339,0,test
entity_0615,entity_0339,1,train
entity_0339,entity_0615,1,test
entity_0421,entity_0706,1,train
entity_0706,entity_0421,1,validation
entity_0811,entity_0523,1,train
entity_0523,entity_0811,1,test
entity_0196,entity_0834,0,train
entity_0834,entity_0196,0,test
entity_0257,entity_0906,1,train
entity_0906,entity_0257,1,test
entity_0751,entity_0340,0,train
entity_0340,entity_0751,0,test
entity_0510,entity_0721,0,train
entity_0721,entity_0510,0,test
entity_0511,entity_0068,0,train
entity_0068,entity_0511,0,validation
entity_0564,entity_0074,0,train
entity_0074,entity_0564,0,test
entity_0117,entity_0723,0,train
entity_0723,entity_0117,0,validation
entity_0417,entity_0303,0,train
entity_0303,entity_0417,0,train
entity_0113,entity_0749,0,train
entity_0749,entity_0113,0,test
entity_0335,entity_0686,0,train
entity_0686,entity_0335,0,test
entity_0357,entity_0727,1,train
entity_0727,entity_0357,1,test
entity_0249,entity_0985,0,train
entity_0985,entity_0249,0,test
entity_0823,entity_0778,1,train
entity_0778,entity_0823,1,test
entity_0254,entity_0838,1,train
entity_0838,entity_0254,1,test
entity_0182,entity_0918,0,train
entity_0918,entity_0182,0,test
entity_0339,entity_0156,0,train
entity_0156,entity_0339,0,test
entity_0993,entity_0717,1,train
entity_0717,entity_0993,1,train
entity_0298,entity_0016,0,train
entity_0016,entity_0298,0,train
entity_0427,entity_0383,1,train
entity_0383,entity_0427,1,validation
entity_0391,entity_0976,0,train
entity_0976,entity_0391,0,test
entity_0035,entity_0857,1,train
entity_0857,entity_0035,1,test
entity_0877,entity_0740,0,train
entity_0740,entity_0877,0,test
entity_0959,entity_0855,1,train
entity_0855,entity_0959,1,test
entity_0688,entity_0399,1,train
entity_0399,entity_0688,1,test
entity_0344,entity_0074,0,train
entity_0074,entity_0344,0,test
entity_0505,entity_0396,0,train
entity_0396,entity_0505,0,test
entity_0782,entity_0345,0,train
entity_0345,entity_0782,0,train
entity_0315,entity_0427,1,train
entity_0427,entity_0315,1,test
entity_0499,entity_0780,0,train
entity_0780,entity_0499,0,validation
entity_0479,entity_0007,1,train
entity_0007,entity_0479,1,train
entity_0651,entity_0087,0,train
entity_0087,entity_0651,0,test
entity_0770,entity_0155,1,train
entity_0155,entity_0770,1,test
entity_0942,entity_0969,1,train
entity_0969,entity_0942,1,test
entity_0814,entity_0566,0,train
entity_0566,entity_0814,0,test
entity_0923,entity_0274,1,train
entity_0274,entity_0923,1,test
entity_0786,entity_0856,0,train
entity_0856,entity_0786,0,validation
entity_0187,entity_0255,0,train
entity_0255,entity_0187,0,test
entity_0271,entity_0963,1,train
entity_0963,entity_0271,1,test
entity_0605,entity_0760,1,train
entity_0760,entity_0605,1,train
entity_0410,entity_0479,0,train
entity_0479,entity_0410,0,test
entity_0285,entity_0783,0,train
entity_0783,entity_0285,0,test
entity_0295,entity_0880,0,train
entity_0880,entity_0295,0,validation
entity_0339,entity_0849,1,train
entity_0849,entity_0339,1,validation
entity_0976,entity_0963,1,train
entity_0963,entity_0976,1,test
entity_0995,entity_0712,1,train
entity_0712,entity_0995,1,validation
entity_0686,entity_0780,0,train
entity_0780,entity_0686,0,validation
entity_0893,entity_0926,0,train
entity_0926,entity_0893,0,validation
entity_0383,entity_0693,0,train
entity_0693,entity_0383,0,test
entity_0626,entity_0295,0,train
entity_0295,entity_0626,0,validation
entity_0098,entity_0256,1,train
entity_0256,entity_0098,1,test
entity_0880,entity_0972,0,train
entity_0972,entity_0880,0,train
entity_0245,entity_0136,0,train
entity_0136,entity_0245,0,test
entity_0295,entity_0785,0,train
entity_0785,entity_0295,0,test
entity_0826,entity_0939,1,train
entity_0939,entity_0826,1,validation
entity_0512,entity_0799,1,train
entity_0799,entity_0512,1,test
entity_0630,entity_0334,1,train
entity_0334,entity_0630,1,validation
entity_0587,entity_0472,1,train
entity_0472,entity_0587,1,validation
entity_0855,entity_0412,0,train
entity_0412,entity_0855,0,test
entity_0300,entity_0702,0,train
entity_0702,entity_0300,0,test
entity_0418,entity_0850,0,train
entity_0850,entity_0418,0,validation
entity_0501,entity_0181,0,train
entity_0181,entity_0501,0,train
entity_0673,entity_0140,0,train
entity_0140,entity_0673,0,test
entity_0278,entity_0317,1,train
entity_0317,entity_0278,1,test
entity_0111,entity_0438,1,train
entity_0438,entity_0111,1,validation
entity_0751,entity_0091,1,train
entity_0091,entity_0751,1,test
entity_0433,entity_0814,0,train
entity_0814,entity_0433,0,validation
entity_0404,entity_0999,0,train
entity_0999,entity_0404,0,test
entity_0687,entity_0452,0,train
entity_0452,entity_0687,0,test
entity_0589,entity_0672,1,train
entity_0672,entity_0589,1,validation
entity_0002,entity_0242,1,train
entity_0242,entity_0002,1,test
entity_0184,entity_0207,0,train
entity_0207,entity_0184,0,test
entity_0950,entity_0872,1,train
entity_0872,entity_0950,1,validation
entity_0321,entity_0829,1,train
entity_0829,entity_0321,1,validation
entity_0729,entity_0560,1,train
entity_0560,entity_0729,1,test
entity_0187,entity_0220,0,train
entity_0220,entity_0187,0,train
entity_0681,entity_0520,1,train
entity_0520,entity_0681,1,train
entity_0400,entity_0256,1,train
entity_0256,entity_0400,1,test
entity_0645,entity_0848,1,train
entity_0848,entity_0645,1,test
entity_0304,entity_0689,0,train
entity_0689,entity_0304,0,test
entity_0962,entity_0145,1,train
entity_0145,entity_0962,1,validation
entity_0375,entity_0240,1,train
entity_0240,entity_0375,1,test
entity_0278,entity_0214,0,train
entity_0214,entity_0278,0,test
entity_0829,entity_0281,1,train
entity_0281,entity_0829,1,train
entity_0646,entity_0417,0,train
entity_0417,entity_0646,0,test
entity_0286,entity_0943,1,train
entity_0943,entity_0286,1,test
entity_0878,entity_0389,0,train
entity_0389,entity_0878,0,test
entity_0517,entity_0521,1,train
entity_0521,entity_0517,1,test
entity_0863,entity_0942,0,train
entity_0942,entity_0863,0,test
entity_0018,entity_0895,1,train
entity_0895,entity_0018,1,test
entity_0778,entity_0877,1,train
entity_0877,entity_0778,1,validation
entity_0998,entity_0060,0,train
entity_0060,entity_0998,0,test
entity_0607,entity_0852,0,train
entity_0852,entity_0607,0,test
entity_0920,entity_0673,1,train
entity_0673,entity_0920,1,validation
entity_0936,entity_0729,0,train
entity_0729,entity_0936,0,test
entity_0424,entity_0917,1,train
entity_0917,entity_0424,1,test
entity_0766,entity_0320,0,train
entity_0320,entity_0766,0,test
entity_0603,entity_0766,0,train
entity_0766,entity_0603,0,test
entity_0803,entity_0006,0,train
entity_0006,entity_0803,0,test
entity_0326,entity_0632,0,train
entity_0632,entity_0326,0,test
entity_0081,entity_0265,1,train
entity_0265,entity_0081,1,validation
entity_0224,entity_0571,1,train
entity_0571,entity_0224,1,validation
entity_0477,entity_0973,0,train
entity_0973,entity_0477,0,train
entity_0404,entity_0825,0,train
entity_0825,entity_0404,0,test
entity_0068,entity_0332,1,train
entity_0332,entity_0068,1,validation
entity_0932,entity_0773,1,train
entity_0773,entity_0932,1,test
entity_0429,entity_0375,0,train
entity_0375,entity_0429,0,test
entity_0356,entity_0728,1,train
entity_0728,entity_0356,1,validation
entity_0715,entity_0526,1,train
entity_0526,entity_0715,1,test
entity_0620,entity_0248,1,train
entity_0248,entity_0620,1,test
entity_0620,entity_0226,0,train
entity_0226,entity_0620,0,test
entity_0960,entity_0545,1,train
entity_0545,entity_0960,1,test
entity_0462,entity_0676,1,train
entity_0676,entity_0462,1,test
entity_0959,entity_0927,1,train
entity_0927,entity_0959,1,validation
entity_0505,entity_0744,0,train
entity_0744,entity_0505,0,test
entity_0097,entity_0304,1,train
entity_0304,entity_0097,1,test
entity_0260,entity_0314,1,train
entity_0314,entity_0260,1,test
entity_0362,entity_0894,0,train
entity_0894,entity_0362,0,test
entity_0240,entity_0350,0,train
entity_0350,entity_0240,0,test
entity_0301,entity_0034,1,train
entity_0034,entity_0301,1,test
entity_0686,entity_0362,1,train
entity_0362,entity_0686,1,test
entity_0333,entity_0017,1,train
entity_0017,entity_0333,1,train
entity_0288,entity_0729,1,train
entity_0729,entity_0288,1,test
entity_0816,entity_0340,0,train
entity_0340,entity_0816,0,test
entity_0727,entity_0714,1,train
entity_0714,entity_0727,1,test
entity_0860,entity_0730,0,train
entity_0730,entity_0860,0,validation
entity_0832,entity_0341,1,train
entity_0341,entity_0832,1,test
entity_0146,entity_0802,0,train
entity_0802,entity_0146,0,test
entity_0091,entity_0153,1,train
entity_0153,entity_0091,1,test
entity_0252,entity_0574,1,train
entity_0574,entity_0252,1,validation
entity_0777,entity_0786,0,train
entity_0786,entity_0777,0,test
entity_0790,entity_0803,0,train
entity_0803,entity_0790,0,test
entity_0767,entity_0183,1,train
entity_0183,entity_0767,1,validation
entity_0545,entity_0130,0,train
entity_0130,entity_0545,0,test
entity_0019,entity_0508,0,train
entity_0508,entity_0019,0,test
entity_0151,entity_0754,0,train
entity_0754,entity_0151,0,test
entity_0311,entity_0098,0,train
entity_0098,entity_0311,0,test
entity_0817,entity_0955,0,train
entity_0955,entity_0817,0,test
entity_0177,entity_0952,1,train
entity_0952,entity_0177,1,test
entity_0496,entity_0756,1,train
entity_0756,entity_0496,1,test
entity_0583,entity_0218,1,train
entity_0218,entity_0583,1,validation
entity_0429,entity_0850,1,train
entity_0850,entity_0429,1,test
entity_0442,entity_0456,1,train
entity_0456,entity_0442,1,test
entity_0434,entity_0548,1,train
entity_0548,entity_0434,1,test
entity_0736,entity_0685,1,train
entity_0685,entity_0736,1,test
entity_0724,entity_0874,1,train
entity_0874,entity_0724,1,validation
entity_0708,entity_0119,0,train
entity_0119,entity_0708,0,test
entity_0820,entity_0655,0,train
entity_0655,entity_0820,0,test
entity_0091,entity_0879,0,train
entity_0879,entity_0091,0,validation
entity_0419,entity_0245,0,train
entity_0245,entity_0419,0,test
entity_0259,entity_0884,1,train
entity_0884,entity_0259,1,test
entity_0323,entity_0058,1,train
entity_0058,entity_0323,1,validation
entity_0718,entity_0909,1,train
entity_0909,entity_0718,1,test
entity_0839,entity_0174,0,train
entity_0174,entity_0839,0,test
entity_0365,entity_0792,0,train
entity_0792,entity_0365,0,test
entity_0584,entity_0829,1,train
entity_0829,entity_0584,1,test
entity_0654,entity_0683,1,train
entity_0683,entity_0654,1,test
entity_0213,entity_0174,0,train
entity_0174,entity_0213,0,test
entity_0644,entity_0528,0,train
entity_0528,entity_0644,0,train
entity_0293,entity_0384,1,train
entity_0384,entity_0293,1,test
entity_0323,entity_0162,1,train
entity_0162,entity_0323,1,test
entity_0691,entity_0992,1,train
entity_0992,entity_0691,1,test
entity_0213,entity_0810,0,train
entity_0810,entity_0213,0,test
entity_0360,entity_0119,1,train
entity_0119,entity_0360,1,test
entity_0020,entity_0875,0,train
entity_0875,entity_0020,0,train
entity_0213,entity_0527,1,train
entity_0527,entity_0213,1,test
entity_0814,entity_0604,0,train
entity_0604,entity_0814,0,test
entity_0956,entity_0925,1,train
entity_0925,entity_0956,1,test
entity_0908,entity_0111,0,train
entity_0111,entity_0908,0,test
entity_0652,entity_0889,1,train
entity_0889,entity_0652,1,test
entity_0660,entity_0703,1,train
entity_0703,entity_0660,1,test
entity_0526,entity_0393,0,train
entity_0393,entity_0526,0,test
entity_0078,entity_0490,0,train
entity_0490,entity_0078,0,test
entity_0762,entity_0158,1,train
entity_0158,entity_0762,1,test
entity_0892,entity_0723,0,train
entity_0723,entity_0892,0,train
entity_0535,entity_0903,1,train
entity_0903,entity_0535,1,test
entity_0507,entity_0879,0,train
entity_0879,entity_0507,0,test
entity_0921,entity_0771,1,train
entity_0771,entity_0921,1,test
entity_0709,entity_0192,0,train
entity_0192,entity_0709,0,test
entity_0622,entity_0802,1,train
entity_0802,entity_0622,1,test
entity_0314,entity_0989,0,train
entity_0989,entity_0314,0,test
entity_0247,entity_0212,0,train
entity_0212,entity_0247,0,validation
entity_0495,entity_0579,0,train
entity_0579,entity_0495,0,validation
entity_0183,entity_0156,0,train
entity_0156,entity_0183,0,test
entity_0304,entity_0666,0,train
entity_0666,entity_0304,0,train
entity_0068,entity_0798,1,train
entity_0798,entity_0068,1,test
entity_0983,entity_0296,0,train
entity_0296,entity_0983,0,test
entity_0966,entity_0813,1,train
entity_0813,entity_0966,1,validation
entity_0628,entity_0696,0,train
entity_0696,entity_0628,0,test
entity_0487,entity_0041,0,train
entity_0041,entity_0487,0,test
entity_0333,entity_0634,0,train
entity_0634,entity_0333,0,test
entity_0303,entity_0284,0,train
entity_0284,entity_0303,0,test
entity_0638,entity_0862,1,train
entity_0862,entity_0638,1,test
entity_0577,entity_0986,1,train
entity_0986,entity_0577,1,test
entity_0586,entity_0098,1,train
entity_0098,entity_0586,1,test
entity_0708,entity_0234,0,train
entity_0234,entity_0708,0,validation
entity_0024,entity_0188,1,train
entity_0188,entity_0024,1,test
entity_0767,entity_0087,1,train
entity_0087,entity_0767,1,train
entity_0548,entity_0591,1,train
entity_0591,entity_0548,1,validation
entity_0106,entity_0882,1,train
entity_0882,entity_0106,1,test
entity_0405,entity_0214,1,train
entity_0214,entity_0405,1,test
entity_0756,entity_0374,1,train
entity_0374,entity_0756,1,test
entity_0880,entity_0830,0,train
entity_0830,entity_0880,0,test
entity_0354,entity_0564,1,train
entity_0564,entity_0354,1,validation
entity_0829,entity_0247,0,train
entity_0247,entity_0829,0,test
entity_0294,entity_0214,1,train
entity_0214,entity_0294,1,train
entity_0810,entity_0247,0,train
entity_0247,entity_0810,0,test
entity_0596,entity_0154,0,train
entity_0154,entity_0596,0,test
entity_0148,entity_0809,0,train
entity_0809,entity_0148,0,validation
entity_0560,entity_0156,0,train
entity_0156,entity_0560,0,train
entity_0565,entity_0324,1,train
entity_0324,entity_0565,1,test
entity_0003,entity_0232,0,train
entity_0232,entity_0003,0,validation
entity_0082,entity_0599,1,train
entity_0599,entity_0082,1,validation
entity_0354,entity_0792,0,train
entity_0792,entity_0354,0,validation
entity_0327,entity_0731,0,train
entity_0731,entity_0327,0,validation
entity_0534,entity_0693,1,train
entity_0693,entity_0534,1,train
entity_0628,entity_0817,1,train
entity_0817,entity_0628,1,test
entity_0688,entity_0288,0,train
entity_0288,entity_0688,0,test
entity_0926,entity_0839,0,train
entity_0839,entity_0926,0,test
entity_0786,entity_0498,1,train
entity_0498,entity_0786,1,test
entity_0421,entity_0667,0,train
entity_0667,entity_0421,0,test
entity_0612,entity_0307,1,train
entity_0307,entity_0612,1,test
entity_0917,entity_0356,0,train
entity_0356,entity_0917,0,validation
entity_0911,entity_0817,1,train
entity_0817,entity_0911,1,test
entity_0310,entity_0992,0,train
entity_0992,entity_0310,0,test
entity_0607,entity_0993,1,train
entity_0993,entity_0607,1,test
entity_0672,entity_0746,0,train
entity_0746,entity_0672,0,train
entity_0279,entity_0081,0,train
entity_0081,entity_0279,0,validation
entity_0767,entity_0647,1,train
entity_0647,entity_0767,1,test
entity_0671,entity_0375,1,train
entity_0375,entity_0671,1,test
entity_0199,entity_0997,0,train
entity_0997,entity_0199,0,test
entity_0956,entity_0379,1,train
entity_0379,entity_0956,1,test
entity_0380,entity_0317,1,train
entity_0317,entity_0380,1,validation
entity_0301,entity_0728,0,train
entity_0728,entity_0301,0,test
entity_0445,entity_0405,0,train
entity_0405,entity_0445,0,validation
entity_0072,entity_0466,0,train
entity_0466,entity_0072,0,test
entity_0530,entity_0289,1,train
entity_0289,entity_0530,1,test
entity_0380,entity_0871,1,train
entity_0871,entity_0380,1,test
entity_0117,entity_0547,0,train
entity_0547,entity_0117,0,test
entity_0255,entity_0621,0,train
entity_0621,entity_0255,0,test
entity_0291,entity_0678,1,train
entity_0678,entity_0291,1,test
entity_0818,entity_0306,0,train
entity_0306,entity_0818,0,test
entity_0815,entity_0521,1,train
entity_0521,entity_0815,1,test
entity_0949,entity_0985,1,train
entity_0985,entity_0949,1,train
entity_0303,entity_0416,1,train
entity_0416,entity_0303,1,train
entity_0108,entity_0228,0,train
entity_0228,entity_0108,0,test
entity_0961,entity_0432,1,train
entity_0432,entity_0961,1,test
entity_0891,entity_0178,1,train
entity_0178,entity_0891,1,validation
entity_0316,entity_0370,0,train
entity_0370,entity_0316,0,validation
entity_0307,entity_0098,0,train
entity_0098,entity_0307,0,test
entity_0941,entity_0145,0,train
entity_0145,entity_0941,0,validation
entity_0658,entity_0032,1,train
entity_0032,entity_0658,1,test
entity_0921,entity_0408,0,train
entity_0408,entity_0921,0,train
entity_0170,entity_0090,1,train
entity_0090,entity_0170,1,test
entity_0713,entity_0982,1,train
entity_0982,entity_0713,1,test
entity_0831,entity_0809,1,train
entity_0809,entity_0831,1,test
entity_0191,entity_0778,0,train
entity_0778,entity_0191,0,test
entity_0202,entity_0145,1,train
entity_0145,entity_0202,1,validation
entity_0438,entity_0433,0,train
entity_0433,entity_0438,0,validation
entity_0045,entity_0786,0,train
entity_0786,entity_0045,0,train
entity_0346,entity_0023,1,train
entity_0023,entity_0346,1,test
entity_0201,entity_0708,0,train
entity_0708,entity_0201,0,test
entity_0178,entity_0995,0,train
entity_0995,entity_0178,0,test
entity_0805,entity_0078,0,train
entity_0078,entity_0805,0,test
entity_0487,entity_0717,1,train
entity_0717,entity_0487,1,test
entity_0750,entity_0240,1,train
entity_0240,entity_0750,1,test
entity_0094,entity_0578,0,train
entity_0578,entity_0094,0,train
entity_0275,entity_0232,0,train
entity_0232,entity_0275,0,test
entity_0892,entity_0215,0,train
entity_0215,entity_0892,0,test
entity_0699,entity_0776,0,train
entity_0776,entity_0699,0,test
entity_0175,entity_0168,0,train
entity_0168,entity_0175,0,validation
entity_0413,entity_0890,1,train
entity_0890,entity_0413,1,validation
entity_0481,entity_0558,1,train
entity_0558,entity_0481,1,validation
entity_0359,entity_0965,1,train
entity_0965,entity_0359,1,test
entity_0444,entity_0728,0,train
entity_0728,entity_0444,0,train
entity_0934,entity_0328,0,train
entity_0328,entity_0934,0,test
entity_0102,entity_0003,0,train
entity_0003,entity_0102,0,test
entity_0527,entity_0353,1,train
entity_0353,entity_0527,1,validation
entity_0129,entity_0019,0,train
entity_0019,entity_0129,0,validation
entity_0414,entity_0600,1,train
entity_0600,entity_0414,1,test
entity_0120,entity_0846,0,train
entity_0846,entity_0120,0,test
entity_0084,entity_0555,1,train
entity_0555,entity_0084,1,test
entity_0047,entity_0146,1,train
entity_0146,entity_0047,1,test
entity_0601,entity_0316,0,train
entity_0316,entity_0601,0,test
entity_0772,entity_0783,0,train
entity_0783,entity_0772,0,train
entity_0342,entity_0339,0,train
entity_0339,entity_0342,0,test
entity_0890,entity_0131,0,train
entity_0131,entity_0890,0,test
entity_0051,entity_0942,1,train
entity_0942,entity_0051,1,test
entity_0752,entity_0174,0,train
entity_0174,entity_0752,0,test
entity_0328,entity_0252,0,train
entity_0252,entity_0328,0,test
entity_0255,entity_0003,0,train
entity_0003,entity_0255,0,test
entity_0518,entity_0091,0,train
entity_0091,entity_0518,0,test
entity_0157,entity_0185,1,train
entity_0185,entity_0157,1,test
entity_0407,entity_0579,1,train
entity_0579,entity_0407,1,test
entity_0229,entity_0133,1,train
entity_0133,entity_0229,1,test
entity_0462,entity_0906,1,train
entity_0906,entity_0462,1,test
entity_0241,entity_0398,1,train
entity_0398,entity_0241,1,test
entity_0775,entity_0324,1,train
entity_0324,entity_0775,1,validation
entity_0874,entity_0851,0,train
entity_0851,entity_0874,0,train
entity_0238,entity_0739,0,train
entity_0739,entity_0238,0,test
entity_0350,entity_0210,0,train
entity_0210,entity_0350,0,train
entity_0381,entity_0548,1,train
entity_0548,entity_0381,1,test
entity_0048,entity_0896,0,train
entity_0896,entity_0048,0,test
entity_0901,entity_0890,1,train
entity_0890,entity_0901,1,validation
entity_0974,entity_0800,0,train
entity_0800,entity_0974,0,test
entity_0190,entity_0658,0,train
entity_0658,entity_0190,0,test
entity_0148,entity_0327,1,train
entity_0327,entity_0148,1,test
entity_0529,entity_0016,0,train
entity_0016,entity_0529,0,test
entity_0116,entity_0731,0,train
entity_0731,entity_0116,0,validation
entity_0239,entity_0448,1,train
entity_0448,entity_0239,1,validation
entity_0342,entity_0511,0,train
entity_0511,entity_0342,0,validation
entity_0036,entity_0816,0,train
entity_0816,entity_0036,0,test
entity_0727,entity_0363,1,train
entity_0363,entity_0727,1,test
entity_0420,entity_0098,1,train
entity_0098,entity_0420,1,test
entity_0669,entity_0247,0,train
entity_0247,entity_0669,0,test
entity_0982,entity_0173,0,train
entity_0173,entity_0982,0,test
entity_0322,entity_0578,1,train
entity_0578,entity_0322,1,test
entity_0677,entity_0439,0,train
entity_0439,entity_0677,0,validation
entity_0384,entity_0629,0,train
entity_0629,entity_0384,0,test
entity_0836,entity_0407,0,train
entity_0407,entity_0836,0,test
entity_0660,entity_0809,1,train
entity_0809,entity_0660,1,test
entity_0230,entity_0046,1,train
entity_0046,entity_0230,1,test
entity_0136,entity_0525,1,train
entity_0525,entity_0136,1,test
entity_0796,entity_0973,0,train
entity_0973,entity_0796,0,test
entity_0162,entity_0696,0,train
entity_0696,entity_0162,0,validation
entity_0999,entity_0373,1,train
entity_0373,entity_0999,1,test
entity_0950,entity_0688,0,train
entity_0688,entity_0950,0,validation
entity_0264,entity_0339,1,train
entity_0339,entity_0264,1,test
entity_0429,entity_0862,1,train
entity_0862,entity_0429,1,test
entity_0144,entity_0464,1,train
entity_0464,entity_0144,1,test
entity_0758,entity_0392,1,train
entity_0392,entity_0758,1,train
entity_0685,entity_0683,0,train
entity_0683,entity_0685,0,test
entity_0067,entity_0675,1,train
entity_0675,entity_0067,1,test
entity_0668,entity_0773,1,train
entity_0773,entity_0668,1,validation
entity_0450,entity_0645,1,train
entity_0645,entity_0450,1,test
entity_0604,entity_0627,1,train
entity_0627,entity_0604,1,test
entity_0038,entity_0246,1,train
entity_0246,entity_0038,1,test
entity_0784,entity_0901,0,train
entity_0901,entity_0784,0,validation
entity_0184,entity_0685,0,train
entity_0685,entity_0184,0,test
entity_0857,entity_0709,1,train
entity_0709,entity_0857,1,test
entity_0955,entity_0452,1,train
entity_0452,entity_0955,1,test
entity_0022,entity_0878,1,train
entity_0878,entity_0022,1,test
entity_0044,entity_0524,1,train
entity_0524,entity_0044,1,test
entity_0755,entity_0900,0,train
entity_0900,entity_0755,0,test
entity_0637,entity_0926,1,train
entity_0926,entity_0637,1,test
entity_0262,entity_0673,0,train
entity_0673,entity_0262,0,test
entity_0593,entity_0228,1,train
entity_0228,entity_0593,1,validation
entity_0767,entity_0991,1,train
entity_0991,entity_0767,1,test
entity_0972,entity_0489,0,train
entity_0489,entity_0972,0,test
entity_0704,entity_0653,0,train
entity_0653,entity_0704,0,test
entity_0637,entity_0502,0,train
entity_0502,entity_0637,0,test
entity_0937,entity_0266,1,train
entity_0266,entity_0937,1,test
entity_0226,entity_0594,0,train
entity_0594,entity_0226,0,test
entity_0566,entity_0351,0,train
entity_0351,entity_0566,0,test
entity_0065,entity_0779,1,train
entity_0779,entity_0065,1,test
entity_0460,entity_0154,0,train
entity_0154,entity_0460,0,test
entity_0887,entity_0141,0,train
entity_0141,entity_0887,0,test
entity_0656,entity_0334,1,train
entity_0334,entity_0656,1,test
entity_0708,entity_0470,1,train
entity_0470,entity_0708,1,validation
entity_0482,entity_0224,0,train
entity_0224,entity_0482,0,train
entity_0622,entity_0763,0,train
entity_0763,entity_0622,0,test
entity_0336,entity_0071,1,train
entity_0071,entity_0336,1,test
entity_0396,entity_0659,1,train
entity_0659,entity_0396,1,test
entity_0459,entity_0845,1,train
entity_0845,entity_0459,1,validation
entity_0262,entity_0551,0,train
entity_0551,entity_0262,0,test
entity_0378,entity_0939,1,train
entity_0939,entity_0378,1,test
entity_0741,entity_0547,0,train
entity_0547,entity_0741,0,test
entity_0845,entity_0582,0,train
entity_0582,entity_0845,0,test
entity_0388,entity_0216,0,train
entity_0216,entity_0388,0,test
entity_0550,entity_0190,1,train
entity_0190,entity_0550,1,test
entity_0735,entity_0377,0,train
entity_0377,entity_0735,0,test
entity_0726,entity_0316,0,train
entity_0316,entity_0726,0,test
entity_0726,entity_0732,1,train
entity_0732,entity_0726,1,test
entity_0750,entity_0002,0,train
entity_0002,entity_0750,0,test
entity_0848,entity_0835,0,train
entity_0835,entity_0848,0,validation
entity_0956,entity_0907,1,train
entity_0907,entity_0956,1,test
entity_0190,entity_0592,0,train
entity_0592,entity_0190,0,validation
entity_0982,entity_0819,0,train
entity_0819,entity_0982,0,test
entity_0531,entity_0879,0,train
entity_0879,entity_0531,0,test
entity_0306,entity_0913,0,train
entity_0913,entity_0306,0,test
entity_0223,entity_0459,1,train
entity_0459,entity_0223,1,test
entity_0522,entity_0275,1,train
entity_0275,entity_0522,1,train
entity_0191,entity_0041,1,train
entity_0041,entity_0191,1,test
entity_0084,entity_0502,0,train
entity_0502,entity_0084,0,test
entity_0112,entity_0445,1,train
entity_0445,entity_0112,1,test
entity_0655,entity_0748,0,train
entity_0748,entity_0655,0,train
entity_0280,entity_0518,0,train
entity_0518,entity_0280,0,test
entity_0324,entity_0482,0,train
entity_0482,entity_0324,0,test
entity_0503,entity_0031,1,train
entity_0031,entity_0503,1,test
entity_0117,entity_0494,1,train
entity_0494,entity_0117,1,validation
entity_0286,entity_0699,1,train
entity_0699,entity_0286,1,validation
entity_0414,entity_0096,1,train
entity_0096,entity_0414,1,validation
entity_0963,entity_0950,0,train
entity_0950,entity_0963,0,test
entity_0186,entity_0246,0,train
entity_0246,entity_0186,0,test
entity_0516,entity_0525,0,train
entity_0525,entity_0516,0,test
entity_0223,entity_0367,0,train
entity_0367,entity_0223,0,validation
entity_0893,entity_0550,1,train
entity_0550,entity_0893,1,test
entity_0914,entity_0182,1,train
entity_0182,entity_0914,1,test
entity_0484,entity_0616,0,train
entity_0616,entity_0484,0,train
entity_0056,entity_0986,0,train
entity_0986,entity_0056,0,test
entity_0792,entity_0580,0,train
entity_0580,entity_0792,0,validation
entity_0980,entity_0662,1,train
entity_0662,entity_0980,1,test
entity_0679,entity_0449,1,train
entity_0449,entity_0679,1,test
entity_0040,entity_0484,0,train
entity_0484,entity_0040,0,test
entity_0569,entity_0933,0,train
entity_0933,entity_0569,0,validation
entity_0169,entity_0798,0,train
entity_0798,entity_0169,0,test
entity_0813,entity_0464,0,train
entity_0464,entity_0813,0,validation
entity_0953,entity_0897,0,train
entity_0897,entity_0953,0,validation
entity_0022,entity_0392,0,train
entity_0392,entity_0022,0,test
entity_0918,entity_0657,0,train
entity_0657,entity_0918,0,test
entity_0555,entity_0389,1,train
entity_0389,entity_0555,1,test
entity_0054,entity_0652,1,train
entity_0652,entity_0054,1,train
entity_0980,entity_0763,0,train
entity_0763,entity_0980,0,test
entity_0098,entity_0062,0,train
entity_0062,entity_0098,0,test
entity_0685,entity_0977,1,train
entity_0977,entity_0685,1,test
entity_0943,entity_0568,1,train
entity_0568,entity_0943,1,validation
entity_0796,entity_0362,0,train
entity_0362,entity_0796,0,train
entity_0567,entity_0956,1,train
entity_0956,entity_0567,1,test
entity_0418,entity_0611,1,train
entity_0611,entity_0418,1,test
entity_0830,entity_0155,1,train
entity_0155,entity_0830,1,test
entity_0690,entity_0274,0,train
entity_0274,entity_0690,0,validation
entity_0865,entity_0220,1,train
entity_0220,entity_0865,1,test
entity_0975,entity_0651,0,train
entity_0651,entity_0975,0,validation
entity_0667,entity_0787,1,train
entity_0787,entity_0667,1,test
entity_0673,entity_0413,1,train
entity_0413,entity_0673,1,test
entity_0587,entity_0589,0,train
entity_0589,entity_0587,0,test
entity_0093,entity_0011,0,train
entity_0011,entity_0093,0,test
entity_0144,entity_0050,1,train
entity_0050,entity_0144,1,test
entity_0802,entity_0759,0,train
entity_0759,entity_0802,0,validation
entity_0651,entity_0861,0,train
entity_0861,entity_0651,0,test
entity_0573,entity_0845,1,train
entity_0845,entity_0573,1,test
entity_0833,entity_0037,1,train
entity_0037,entity_0833,1,validation
entity_0915,entity_0490,1,train
entity_0490,entity_0915,1,validation
entity_0667,entity_0149,0,train
entity_0149,entity_0667,0,test
entity_0628,entity_0276,1,train
entity_0276,entity_0628,1,test
entity_0258,entity_0247,1,train
entity_0247,entity_0258,1,train
entity_0729,entity_0581,0,train
entity_0581,entity_0729,0,validation
entity_0755,entity_0572,0,train
entity_0572,entity_0755,0,test
entity_0145,entity_0296,1,train
entity_0296,entity_0145,1,test
entity_0074,entity_0396,1,train
entity_0396,entity_0074,1,test
entity_0151,entity_0455,0,train
entity_0455,entity_0151,0,test
entity_0197,entity_0217,1,train
entity_0217,entity_0197,1,test
entity_0948,entity_0080,0,train
entity_0080,entity_0948,0,test
entity_0141,entity_0421,1,train
entity_0421,entity_0141,1,test
entity_0419,entity_0564,0,train
entity_0564,entity_0419,0,test
entity_0353,entity_0828,1,train
entity_0828,entity_0353,1,test
entity_0665,entity_0777,1,train
entity_0777,entity_0665,1,test
entity_0006,entity_0016,0,train
entity_0016,entity_0006,0,test
entity_0506,entity_0005,0,train
entity_0005,entity_0506,0,validation
entity_0195,entity_0659,0,train
entity_0659,entity_0195,0,test
entity_0243,entity_0513,1,train
entity_0513,entity_0243,1,validation
entity_0780,entity_0172,0,train
entity_0172,entity_0780,0,test
entity_0347,entity_0284,1,train
entity_0284,entity_0347,1,test
entity_0467,entity_0860,1,train
entity_0860,entity_0467,1,test
entity_0525,entity_0580,0,train
entity_0580,entity_0525,0,train
entity_0854,entity_0687,0,train
entity_0687,entity_0854,0,validation
entity_0385,entity_0107,0,train
entity_0107,entity_0385,0,test
entity_0892,entity_0769,1,train
entity_0769,entity_0892,1,test
entity_0274,entity_0122,1,train
entity_0122,entity_0274,1,validation
entity_0674,entity_0098,0,train
entity_0098,entity_0674,0,test
entity_0395,entity_0474,1,train
entity_0474,entity_0395,1,test
entity_0350,entity_0064,0,train
entity_0064,entity_0350,0,test
entity_0051,entity_0887,0,train
entity_0887,entity_0051,0,test
entity_0610,entity_0417,0,train
entity_0417,entity_0610,0,test
entity_0262,entity_0685,1,train
entity_0685,entity_0262,1,test
entity_0438,entity_0164,0,train
entity_0164,entity_0438,0,test
entity_0880,entity_0004,1,train
entity_0004,entity_0880,1,validation
entity_0165,entity_0124,1,train
entity_0124,entity_0165,1,test
entity_0984,entity_0730,1,train
entity_0730,entity_0984,1,test
entity_0419,entity_0449,1,train
entity_0449,entity_0419,1,test
entity_0952,entity_0784,0,train
entity_0784,entity_0952,0,test
entity_0464,entity_0971,0,train
entity_0971,entity_0464,0,test
entity_0976,entity_0844,0,train
entity_0844,entity_0976,0,test
entity_0020,entity_0928,1,train
entity_0928,entity_0020,1,test
entity_0378,entity_0788,0,train
entity_0788,entity_0378,0,test
entity_0010,entity_0846,1,train
entity_0846,entity_0010,1,test
entity_0589,entity_0344,0,train
entity_0344,entity_0589,0,train
entity_0788,entity_0735,0,train
entity_0735,entity_0788,0,test
entity_0411,entity_0596,0,train
entity_0596,entity_0411,0,test
entity_0279,entity_0742,1,train
entity_0742,entity_0279,1,test
entity_0404,entity_0288,0,train
entity_0288,entity_0404,0,test
entity_0089,entity_0543,1,train
entity_0543,entity_0089,1,test
entity_0422,entity_0073,1,train
entity_0073,entity_0422,1,test
entity_0034,entity_0217,1,train
entity_0217,entity_0034,1,test
entity_0394,entity_0833,1,train
entity_0833,entity_0394,1,train
entity_0987,entity_0876,0,train
entity_0876,entity_0987,0,test
entity_0006,entity_0952,0,train
entity_0952,entity_0006,0,test
entity_0193,entity_0837,1,train
entity_0837,entity_0193,1,test
entity_0316,entity_0476,1,train
entity_0476,entity_0316,1,test
entity_0203,entity_0235,0,train
entity_0235,entity_0203,0,validation
entity_0207,entity_0901,0,train
entity_0901,entity_0207,0,test
entity_0572,entity_0985,1,train
entity_0985,entity_0572,1,test
entity_0459,entity_0860,0,train
entity_0860,entity_0459,0,test
entity_0209,entity_0710,0,train
entity_0710,entity_0209,0,test
entity_0955,entity_0004,0,train
entity_0004,entity_0955,0,test
entity_0664,entity_0543,1,train
entity_0543,entity_0664,1,test
entity_0463,entity_0162,0,train
entity_0162,entity_0463,0,validation
entity_0342,entity_0851,1,train
entity_0851,entity_0342,1,train
entity_0466,entity_0304,1,train
entity_0304,entity_0466,1,test
entity_0189,entity_0341,1,train
entity_0341,entity_0189,1,test
entity_0624,entity_0236,1,train
entity_0236,entity_0624,1,test
entity_0156,entity_0242,1,train
entity_0242,entity_0156,1,test
entity_0486,entity_0380,1,train
entity_0380,entity_0486,1,test
entity_0941,entity_0633,0,train
entity_0633,entity_0941,0,test
entity_0720,entity_0792,1,train
entity_0792,entity_0720,1,train
entity_0142,entity_0766,0,train
entity_0766,entity_0142,0,test
entity_0068,entity_0971,0,train
entity_0971,entity_0068,0,test
entity_0187,entity_0878,1,train
entity_0878,entity_0187,1,train
entity_0638,entity_0730,0,train
entity_0730,entity_0638,0,test
entity_0982,entity_0215,0,train
entity_0215,entity_0982,0,validation
entity_0801,entity_0941,0,train
entity_0941,entity_0801,0,validation
entity_0885,entity_0443,1,train
entity_0443,entity_0885,1,test
entity_0591,entity_0095,1,train
entity_0095,entity_0591,1,test
entity_0368,entity_0658,0,train
entity_0658,entity_0368,0,validation
entity_0375,entity_0216,0,train
entity_0216,entity_0375,0,test
entity_0469,entity_0180,0,train
entity_0180,entity_0469,0,test
entity_0210,entity_0804,0,train
entity_0804,entity_0210,0,test
entity_0541,entity_0008,0,train
entity_0008,entity_0541,0,test
entity_0056,entity_0153,0,train
entity_0153,entity_0056,0,validation
entity_0200,entity_0891,0,train
entity_0891,entity_0200,0,test
entity_0518,entity_0022,0,train
entity_0022,entity_0518,0,test
entity_0608,entity_0191,1,train
entity_0191,entity_0608,1,test
entity_0494,entity_0152,1,train
entity_0152,entity_0494,1,test
entity_0238,entity_0455,1,train
entity_0455,entity_0238,1,test
entity_0559,entity_0280,1,train
entity_0280,entity_0559,1,test
entity_0904,entity_0912,1,train
entity_0912,entity_0904,1,test
entity_0947,entity_0650,0,train
entity_0650,entity_0947,0,validation
entity_0097,entity_0531,0,train
entity_0531,entity_0097,0,test
entity_0778,entity_0139,0,train
entity_0139,entity_0778,0,test
entity_0538,entity_0411,0,train
entity_0411,entity_0538,0,validation
entity_0912,entity_0154,1,train
entity_0154,entity_0912,1,test
entity_0124,entity_0605,1,train
entity_0605,entity_0124,1,test
entity_0617,entity_0776,1,train
entity_0776,entity_0617,1,test
entity_0795,entity_0817,0,train
entity_0817,entity_0795,0,validation
entity_0437,entity_0047,1,train
entity_0047,entity_0437,1,test
entity_0690,entity_0454,1,train
entity_0454,entity_0690,1,validation
entity_0258,entity_0029,0,train
entity_0029,entity_0258,0,test
entity_0391,entity_0731,1,train
entity_0731,entity_0391,1,test
entity_0064,entity_0099,0,train
entity_0099,entity_0064,0,validation
entity_0752,entity_0657,0,train
entity_0657,entity_0752,0,test
entity_0711,entity_0983,1,train
entity_0983,entity_0711,1,test
entity_0389,entity_0003,1,train
entity_0003,entity_0389,1,test
entity_0048,entity_0895,0,train
entity_0895,entity_0048,0,test
entity_0887,entity_0038,0,train
entity_0038,entity_0887,0,test
entity_0873,entity_0227,1,train
entity_0227,entity_0873,1,validation
entity_0326,entity_0210,1,train
entity_0210,entity_0326,1,validation
entity_0776,entity_0092,1,train
entity_0092,entity_0776,1,validation
entity_0906,entity_0823,0,train
entity_0823,entity_0906,0,train
entity_0630,entity_0175,1,train
entity_0175,entity_0630,1,test
entity_0741,entity_0068,0,train
entity_0068,entity_0741,0,test
entity_0605,entity_0252,1,train
entity_0252,entity_0605,1,test
entity_0927,entity_0375,0,train
entity_0375,entity_0927,0,test
entity_0414,entity_0710,1,train
entity_0710,entity_0414,1,test
entity_0552,entity_0320,1,train
entity_0320,entity_0552,1,validation
entity_0319,entity_0570,0,train
entity_0570,entity_0319,0,test
entity_0510,entity_0784,1,train
entity_0784,entity_0510,1,test
entity_0140,entity_0944,1,train
entity_0944,entity_0140,1,validation
entity_0372,entity_0588,0,train
entity_0588,entity_0372,0,test
entity_0434,entity_0033,1,train
entity_0033,entity_0434,1,validation
entity_0029,entity_0248,0,train
entity_0248,entity_0029,0,train
entity_0612,entity_0630,0,train
entity_0630,entity_0612,0,validation
entity_0054,entity_0475,0,train
entity_0475,entity_0054,0,test
entity_0015,entity_0299,0,train
entity_0299,entity_0015,0,test
entity_0800,entity_0461,1,train
entity_0461,entity_0800,1,validation
entity_0862,entity_0916,1,train
entity_0916,entity_0862,1,test
entity_0701,entity_0327,0,train
entity_0327,entity_0701,0,test
entity_0916,entity_0954,0,train
entity_0954,entity_0916,0,test
entity_0359,entity_0086,0,train
entity_0086,entity_0359,0,test
entity_0198,entity_0883,0,train
entity_0883,entity_0198,0,test
entity_0673,entity_0353,0,train
entity_0353,entity_0673,0,test
entity_0140,entity_0957,0,train
entity_0957,entity_0140,0,validation
entity_0250,entity_0283,0,train
entity_0283,entity_0250,0,test
entity_0376,entity_0327,0,train
entity_0327,entity_0376,0,test
entity_0775,entity_0216,1,train
entity_0216,entity_0775,1,validation
entity_0103,entity_0055,1,train
entity_0055,entity_0103,1,test
entity_0160,entity_0715,1,train
entity_0715,entity_0160,1,test
entity_0328,entity_0852,0,train
entity_0852,entity_0328,0,train
entity_0618,entity_0312,0,train
entity_0312,entity_0618,0,train
entity_0036,entity_0745,1,train
entity_0745,entity_0036,1,validation
entity_0351,entity_0219,1,train
entity_0219,entity_0351,1,test
entity_0904,entity_0610,0,train
entity_0610,entity_0904,0,validation
entity_0716,entity_0217,0,train
entity_0217,entity_0716,0,validation
entity_0997,entity_0536,1,train
entity_0536,entity_0997,1,test
entity_0979,entity_0722,1,train
entity_0722,entity_0979,1,train
entity_0519,entity_0312,1,train
entity_0312,entity_0519,1,validation
entity_0123,entity_0978,1,train
entity_0978,entity_0123,1,test
entity_0233,entity_0802,1,train
entity_0802,entity_0233,1,test
entity_0109,entity_0251,1,train
entity_0251,entity_0109,1,test
entity_0347,entity_0903,1,train
entity_0903,entity_0347,1,test
entity_0272,entity_0957,1,train
entity_0957,entity_0272,1,test
entity_0721,entity_0534,1,train
entity_0534,entity_0721,1,validation
entity_0401,entity_0415,0,train
entity_0415,entity_0401,0,train
entity_0611,entity_0933,1,train
entity_0933,entity_0611,1,test
entity_0220,entity_0221,1,train
entity_0221,entity_0220,1,validation
entity_0983,entity_0261,0,train
entity_0261,entity_0983,0,validation
entity_0665,entity_0127,0,train
entity_0127,entity_0665,0,train
entity_0552,entity_0865,0,train
entity_0865,entity_0552,0,test
entity_0494,entity_0886,1,train
entity_0886,entity_0494,1,validation
entity_0500,entity_0321,1,train
entity_0321,entity_0500,1,validation
entity_0132,entity_0520,1,train
entity_0520,entity_0132,1,test
entity_0969,entity_0287,1,train
entity_0287,entity_0969,1,validation
entity_0353,entity_0322,0,train
entity_0322,entity_0353,0,test
entity_0269,entity_0318,1,train
entity_0318,entity_0269,1,test
entity_0192,entity_0683,0,train
entity_0683,entity_0192,0,test
entity_0193,entity_0472,0,train
entity_0472,entity_0193,0,test
entity_0960,entity_0652,0,train
entity_0652,entity_0960,0,test
entity_0506,entity_0103,0,train
entity_0103,entity_0506,0,test
entity_0803,entity_0362,1,train
entity_0362,entity_0803,1,validation
entity_0099,entity_0244,0,train
entity_0244,entity_0099,0,test
entity_0759,entity_0886,1,train
entity_0886,entity_0759,1,test
entity_0587,entity_0932,0,train
entity_0932,entity_0587,0,test
entity_0148,entity_0518,1,train
entity_0518,entity_0148,1,test
entity_0175,entity_0263,0,train
entity_0263,entity_0175,0,train
entity_0736,entity_0262,1,train
entity_0262,entity_0736,1,test
entity_0943,entity_0597,0,train
entity_0597,entity_0943,0,test
entity_0702,entity_0105,1,train
entity_0105,entity_0702,1,test
entity_0227,entity_0744,0,train
entity_0744,entity_0227,0,test
entity_0849,entity_0841,0,train
entity_0841,entity_0849,0,test
entity_0354,entity_0949,0,train
entity_0949,entity_0354,0,train
entity_0138,entity_0562,1,train
entity_0562,entity_0138,1,train
entity_0410,entity_0566,1,train
entity_0566,entity_0410,1,validation
entity_0488,entity_0361,1,train
entity_0361,entity_0488,1,train
entity_0790,entity_0243,0,train
entity_0243,entity_0790,0,test
entity_0209,entity_0237,1,train
entity_0237,entity_0209,1,test
entity_0633,entity_0370,1,train
entity_0370,entity_0633,1,test
entity_0202,entity_0946,0,train
entity_0946,entity_0202,0,test
entity_0495,entity_0272,0,train
entity_0272,entity_0495,0,validation
entity_0637,entity_0966,1,train
entity_0966,entity_0637,1,test
entity_0863,entity_0571,1,train
entity_0571,entity_0863,1,test
entity_0863,entity_0819,1,train
entity_0819,entity_0863,1,train
entity_0404,entity_0994,0,train
entity_0994,entity_0404,0,test
entity_0559,entity_0704,0,train
entity_0704,entity_0559,0,train
entity_0710,entity_0956,1,train
entity_0956,entity_0710,1,test
entity_0362,entity_0321,0,train
entity_0321,entity_0362,0,test
entity_0522,entity_0417,0,train
entity_0417,entity_0522,0,test
entity_0326,entity_0930,0,train
entity_0930,entity_0326,0,test
entity_0829,entity_0585,0,train
entity_0585,entity_0829,0,test
entity_0304,entity_0942,1,train
entity_0942,entity_0304,1,validation
entity_0318,entity_0617,1,train
entity_0617,entity_0318,1,test
entity_0170,entity_0047,0,train
entity_0047,entity_0170,0,test
entity_0739,entity_0407,1,train
entity_0407,entity_0739,1,test
entity_0756,entity_0697,1,train
entity_0697,entity_0756,1,test
entity_0346,entity_0021,0,train
entity_0021,entity_0346,0,validation
entity_0263,entity_0099,1,train
entity_0099,entity_0263,1,validation
entity_0885,entity_0941,0,train
entity_0941,entity_0885,0,test
entity_0148,entity_0894,1,train
entity_0894,entity_0148,1,train
entity_0768,entity_0237,0,train
entity_0237,entity_0768,0,test
entity_0813,entity_0858,0,train
entity_0858,entity_0813,0,test
entity_0087,entity_0316,0,train
entity_0316,entity_0087,0,test
entity_0753,entity_0928,1,train
entity_0928,entity_0753,1,validation
entity_0824,entity_0548,0,train
entity_0548,entity_0824,0,test
entity_0633,entity_0745,1,train
entity_0745,entity_0633,1,test
entity_0301,entity_0670,1,train
entity_0670,entity_0301,1,test
entity_0754,entity_0930,0,train
entity_0930,entity_0754,0,test
entity_0957,entity_0333,1,train
entity_0333,entity_0957,1,validation
entity_0831,entity_0203,1,train
entity_0203,entity_0831,1,test
entity_0366,entity_0671,1,train
entity_0671,entity_0366,1,validation
entity_0842,entity_0812,0,train
entity_0812,entity_0842,0,test
entity_0227,entity_0603,1,train
entity_0603,entity_0227,1,test
entity_0628,entity_0887,0,train
entity_0887,entity_0628,0,test
entity_0812,entity_0832,1,train
entity_0832,entity_0812,1,test
entity_0157,entity_0106,0,train
entity_0106,entity_0157,0,test
entity_0525,entity_0677,1,train
entity_0677,entity_0525,1,validation
entity_0425,entity_0071,1,train
entity_0071,entity_0425,1,test
entity_0310,entity_0685,1,train
entity_0685,entity_0310,1,test
entity_0693,entity_0698,1,train
entity_0698,entity_0693,1,validation
entity_0689,entity_0744,0,train
entity_0744,entity_0689,0,test
entity_0642,entity_0312,0,train
entity_0312,entity_0642,0,test
entity_0784,entity_0389,1,train
entity_0389,entity_0784,1,test
entity_0966,entity_0991,0,train
entity_0991,entity_0966,0,test
entity_0758,entity_0450,1,train
entity_0450,entity_0758,1,test
entity_0571,entity_0189,0,train
entity_0189,entity_0571,0,test
entity_0502,entity_0027,1,train
entity_0027,entity_0502,1,test
entity_0734,entity_0116,1,train
entity_0116,entity_0734,1,validation
entity_0106,entity_0349,0,train
entity_0349,entity_0106,0,train
entity_0146,entity_0690,1,train
entity_0690,entity_0146,1,validation
entity_0232,entity_0243,0,train
entity_0243,entity_0232,0,validation
entity_0101,entity_0058,1,train
entity_0058,entity_0101,1,test
entity_0458,entity_0814,1,train
entity_0814,entity_0458,1,test
entity_0261,entity_0602,1,train
entity_0602,entity_0261,1,train
entity_0414,entity_0800,0,train
entity_0800,entity_0414,0,validation
entity_0026,entity_0164,1,train
entity_0164,entity_0026,1,test
entity_0684,entity_0544,0,train
entity_0544,entity_0684,0,test
entity_0063,entity_0810,1,train
entity_0810,entity_0063,1,test
entity_0095,entity_0434,1,train
entity_0434,entity_0095,1,test
entity_0288,entity_0304,0,train
entity_0304,entity_0288,0,test
entity_0228,entity_0154,1,train
entity_0154,entity_0228,1,validation
entity_0220,entity_0640,1,train
entity_0640,entity_0220,1,test
entity_0830,entity_0751,0,train
entity_0751,entity_0830,0,test
entity_0301,entity_0378,0,train
entity_0378,entity_0301,0,test
entity_0588,entity_0005,1,train
entity_0005,entity_0588,1,train
entity_0805,entity_0198,1,train
entity_0198,entity_0805,1,test
entity_0746,entity_0718,0,train
entity_0718,entity_0746,0,test
entity_0899,entity_0154,1,train
entity_0154,entity_0899,1,test
entity_0365,entity_0369,0,train
entity_0369,entity_0365,0,test
entity_0570,entity_0825,0,train
entity_0825,entity_0570,0,train
entity_0850,entity_0859,0,train
entity_0859,entity_0850,0,test
entity_0119,entity_0754,0,train
entity_0754,entity_0119,0,test
entity_0951,entity_0994,1,train
entity_0994,entity_0951,1,test
entity_0341,entity_0038,1,train
entity_0038,entity_0341,1,train
entity_0844,entity_0486,0,train
entity_0486,entity_0844,0,test
entity_0718,entity_0751,0,train
entity_0751,entity_0718,0,train
entity_0772,entity_0253,0,train
entity_0253,entity_0772,0,test
entity_0414,entity_0207,0,train
entity_0207,entity_0414,0,train
entity_0165,entity_0631,0,train
entity_0631,entity_0165,0,validation
entity_0514,entity_0929,0,train
entity_0929,entity_0514,0,train
entity_0892,entity_0037,1,train
entity_0037,entity_0892,1,test
entity_0830,entity_0184,1,train
entity_0184,entity_0830,1,test
entity_0902,entity_0121,1,train
entity_0121,entity_0902,1,train
entity_0683,entity_0956,0,train
entity_0956,entity_0683,0,test
entity_0060,entity_0828,0,train
entity_0828,entity_0060,0,test
entity_0691,entity_0438,0,train
entity_0438,entity_0691,0,test
entity_0601,entity_0308,0,train
entity_0308,entity_0601,0,train
entity_0716,entity_0295,1,train
entity_0295,entity_0716,1,test
entity_0451,entity_0860,0,train
entity_0860,entity_0451,0,train
entity_0172,entity_0128,1,train
entity_0128,entity_0172,1,test
entity_0948,entity_0227,1,train
entity_0227,entity_0948,1,validation
entity_0442,entity_0920,1,train
entity_0920,entity_0442,1,test
entity_0249,entity_0433,0,train
entity_0433,entity_0249,0,test
entity_0488,entity_0134,1,train
entity_0134,entity_0488,1,validation
entity_0049,entity_0829,1,train
entity_0829,entity_0049,1,validation
entity_0463,entity_0087,0,train
entity_0087,entity_0463,0,test
entity_0782,entity_0820,0,train
entity_0820,entity_0782,0,validation
entity_0948,entity_0556,0,train
entity_0556,entity_0948,0,train
entity_0926,entity_0288,0,train
entity_0288,entity_0926,0,test
entity_0145,entity_0336,0,train
entity_0336,entity_0145,0,test
entity_0779,entity_0509,1,train
entity_0509,entity_0779,1,validation
entity_0820,entity_0991,1,train
entity_0991,entity_0820,1,test
entity_0377,entity_0617,1,train
entity_0617,entity_0377,1,validation
entity_0497,entity_0590,1,train
entity_0590,entity_0497,1,test
entity_0058,entity_0234,0,train
entity_0234,entity_0058,0,validation
entity_0853,entity_0786,1,train
entity_0786,entity_0853,1,test
entity_0822,entity_0372,1,train
entity_0372,entity_0822,1,train
entity_0047,entity_0188,0,train
entity_0188,entity_0047,0,test
entity_0287,entity_0120,0,train
entity_0120,entity_0287,0,train
entity_0916,entity_0036,0,train
entity_0036,entity_0916,0,test
entity_0014,entity_0191,1,train
entity_0191,entity_0014,1,validation
entity_0481,entity_0182,1,train
entity_0182,entity_0481,1,validation
entity_0867,entity_0787,1,train
entity_0787,entity_0867,1,test
entity_0456,entity_0250,1,train
entity_0250,entity_0456,1,test
entity_0338,entity_0121,1,train
entity_0121,entity_0338,1,test
entity_0791,entity_0433,0,train
entity_0433,entity_0791,0,test
entity_0904,entity_0390,1,train
entity_0390,entity_0904,1,test
entity_0609,entity_0905,0,train
entity_0905,entity_0609,0,validation
entity_0143,entity_0179,1,train
entity_0179,entity_0143,1,validation
entity_0121,entity_0444,0,train
entity_0444,entity_0121,0,test
entity_0562,entity_0503,1,train
entity_0503,entity_0562,1,train
entity_0252,entity_0124,1,train
entity_0124,entity_0252,1,test
entity_0032,entity_0329,0,train
entity_0329,entity_0032,0,test
entity_0537,entity_0448,1,train
entity_0448,entity_0537,1,validation
entity_0544,entity_0523,0,train
entity_0523,entity_0544,0,test
entity_0165,entity_0260,0,train
entity_0260,entity_0165,0,validation
entity_0987,entity_0073,0,train
entity_0073,entity_0987,0,train
entity_0596,entity_0233,1,train
entity_0233,entity_0596,1,test
entity_0543,entity_0115,1,train
entity_0115,entity_0543,1,test
entity_0717,entity_0689,0,train
entity_0689,entity_0717,0,validation
entity_0218,entity_0938,0,train
entity_0938,entity_0218,0,test
entity_0008,entity_0286,0,train
entity_0286,entity_0008,0,test
entity_0260,entity_0076,0,train
entity_0076,entity_0260,0,test
entity_0946,entity_0090,0,train
entity_0090,entity_0946,0,test
entity_0566,entity_0738,0,train
entity_0738,entity_0566,0,validation
entity_0019,entity_0847,0,train
entity_0847,entity_0019,0,test
entity_0736,entity_0300,0,train
entity_0300,entity_0736,0,train
entity_0173,entity_0722,0,train
entity_0722,entity_0173,0,train
entity_0842,entity_0218,1,train
entity_0218,entity_0842,1,validation
entity_0508,entity_0955,1,train
entity_0955,entity_0508,1,test
entity_0155,entity_0300,1,train
entity_0300,entity_0155,1,test
entity_0750,entity_0428,0,train
entity_0428,entity_0750,0,test
entity_0890,entity_0212,0,train
entity_0212,entity_0890,0,test
entity_0137,entity_0743,1,train
entity_0743,entity_0137,1,test
entity_0781,entity_0914,0,train
entity_0914,entity_0781,0,test
entity_0101,entity_0769,0,train
entity_0769,entity_0101,0,test
entity_0231,entity_0420,0,train
entity_0420,entity_0231,0,test
entity_0175,entity_0623,1,train
entity_0623,entity_0175,1,train
entity_0700,entity_0977,1,train
entity_0977,entity_0700,1,test
entity_0440,entity_0503,1,train
entity_0503,entity_0440,1,test
entity_0627,entity_0390,1,train
entity_0390,entity_0627,1,test
entity_0869,entity_0716,1,train
entity_0716,entity_0869,1,test
entity_0397,entity_0423,1,train
entity_0423,entity_0397,1,test
entity_0053,entity_0065,1,train
entity_0065,entity_0053,1,validation
entity_0559,entity_0018,1,train
entity_0018,entity_0559,1,test
entity_0222,entity_0633,1,train
entity_0633,entity_0222,1,test
entity_0860,entity_0751,0,train
entity_0751,entity_0860,0,train
entity_0311,entity_0228,0,train
entity_0228,entity_0311,0,test
entity_0683,entity_0662,1,train
entity_0662,entity_0683,1,test
entity_0878,entity_0302,1,train
entity_0302,entity_0878,1,validation
entity_0540,entity_0921,1,train
entity_0921,entity_0540,1,test
entity_0443,entity_0091,1,train
entity_0091,entity_0443,1,test
entity_0219,entity_0898,1,train
entity_0898,entity_0219,1,validation
entity_0330,entity_0060,0,train
entity_0060,entity_0330,0,test
entity_0219,entity_0565,1,train
entity_0565,entity_0219,1,test
entity_0835,entity_0237,0,train
entity_0237,entity_0835,0,validation
entity_0847,entity_0967,0,train
entity_0967,entity_0847,0,validation
entity_0730,entity_0284,1,train
entity_0284,entity_0730,1,test
entity_0456,entity_0402,0,train
entity_0402,entity_0456,0,test
entity_0134,entity_0311,1,train
entity_0311,entity_0134,1,test
entity_0497,entity_0383,0,train
entity_0383,entity_0497,0,validation
entity_0423,entity_0270,0,train
entity_0270,entity_0423,0,validation
entity_0303,entity_0062,0,train
entity_0062,entity_0303,0,train
entity_0301,entity_0712,0,train
entity_0712,entity_0301,0,test
entity_0987,entity_0204,1,train
entity_0204,entity_0987,1,test
entity_0873,entity_0126,0,train
entity_0126,entity_0873,0,test
entity_0378,entity_0917,1,train
entity_0917,entity_0378,1,test
entity_0992,entity_0113,1,train
entity_0113,entity_0992,1,test
entity_0093,entity_0308,1,train
entity_0308,entity_0093,1,test
entity_0871,entity_0791,0,train
entity_0791,entity_0871,0,validation
entity_0607,entity_0487,1,train
entity_0487,entity_0607,1,test
entity_0726,entity_0846,1,train
entity_0846,entity_0726,1,test
entity_0360,entity_0975,0,train
entity_0975,entity_0360,0,test
entity_0066,entity_0602,1,train
entity_0602,entity_0066,1,train
entity_0231,entity_0442,0,train
entity_0442,entity_0231,0,test
entity_0808,entity_0688,1,train
entity_0688,entity_0808,1,test
entity_0125,entity_0090,1,train
entity_0090,entity_0125,1,test
entity_0985,entity_0242,0,train
entity_0242,entity_0985,0,test
entity_0185,entity_0697,0,train
entity_0697,entity_0185,0,test
entity_0661,entity_0825,1,train
entity_0825,entity_0661,1,test
entity_0838,entity_0431,1,train
entity_0431,entity_0838,1,test
entity_0197,entity_0034,1,train
entity_0034,entity_0197,1,validation
entity_0844,entity_0399,1,train
entity_0399,entity_0844,1,test
entity_0111,entity_0782,1,train
entity_0782,entity_0111,1,validation
entity_0924,entity_0261,0,train
entity_0261,entity_0924,0,test
entity_0594,entity_0672,1,train
entity_0672,entity_0594,1,train
entity_0786,entity_0610,1,train
entity_0610,entity_0786,1,test
entity_0379,entity_0335,0,train
entity_0335,entity_0379,0,validation
entity_0588,entity_0419,1,train
entity_0419,entity_0588,1,test
entity_0538,entity_0930,1,train
entity_0930,entity_0538,1,train
entity_0659,entity_0940,0,train
entity_0940,entity_0659,0,test
entity_0517,entity_0742,0,train
entity_0742,entity_0517,0,train
entity_0265,entity_0057,1,train
entity_0057,entity_0265,1,test
entity_0456,entity_0673,1,train
entity_0673,entity_0456,1,test
entity_0045,entity_0377,1,train
entity_0377,entity_0045,1,test
entity_0785,entity_0244,1,train
entity_0244,entity_0785,1,test
entity_0743,entity_0535,0,train
entity_0535,entity_0743,0,test
entity_0641,entity_0808,1,train
entity_0808,entity_0641,1,test
entity_0937,entity_0704,1,train
entity_0704,entity_0937,1,validation
entity_0304,entity_0313,1,train
entity_0313,entity_0304,1,test
entity_0767,entity_0570,0,train
entity_0570,entity_0767,0,test
entity_0110,entity_0142,1,train
entity_0142,entity_0110,1,test
entity_0902,entity_0207,1,train
entity_0207,entity_0902,1,test
entity_0560,entity_1000,1,train
entity_1000,entity_0560,1,test
entity_0697,entity_0651,1,train
entity_0651,entity_0697,1,test
entity_0465,entity_0549,0,train
entity_0549,entity_0465,0,test
entity_0142,entity_0866,0,train
entity_0866,entity_0142,0,test
entity_0462,entity_0190,0,train
entity_0190,entity_0462,0,test
entity_0276,entity_0716,1,train
entity_0716,entity_0276,1,validation
entity_0093,entity_0809,1,train
entity_0809,entity_0093,1,test
entity_0425,entity_0892,0,train
entity_0892,entity_0425,0,test
entity_0690,entity_0129,0,train
entity_0129,entity_0690,0,test
entity_0342,entity_0992,0,train
entity_0992,entity_0342,0,test
entity_0815,entity_0079,1,train
entity_0079,entity_0815,1,test
entity_0208,entity_0906,1,train
entity_0906,entity_0208,1,test
entity_0979,entity_0947,1,train
entity_0947,entity_0979,1,test
entity_0680,entity_0619,1,train
entity_0619,entity_0680,1,test
entity_0039,entity_0998,1,train
entity_0998,entity_0039,1,test
entity_0987,entity_0613,0,train
entity_0613,entity_0987,0,validation
entity_0223,entity_0755,0,train
entity_0755,entity_0223,0,test
entity_0373,entity_0058,1,train
entity_0058,entity_0373,1,test
entity_0533,entity_0280,0,train
entity_0280,entity_0533,0,test
entity_0834,entity_0659,1,train
entity_0659,entity_0834,1,test
entity_0105,entity_0891,0,train
entity_0891,entity_0105,0,test
entity_0002,entity_0359,0,train
entity_0359,entity_0002,0,test
entity_0364,entity_0626,0,train
entity_0626,entity_0364,0,test
entity_0723,entity_0457,0,train
entity_0457,entity_0723,0,test
entity_0961,entity_0281,0,train
entity_0281,entity_0961,0,test
entity_0961,entity_0499,1,train
entity_0499,entity_0961,1,test
entity_0570,entity_0525,1,train
entity_0525,entity_0570,1,validation
entity_0146,entity_0520,1,train
entity_0520,entity_0146,1,test
entity_0022,entity_0781,1,train
entity_0781,entity_0022,1,test
entity_0640,entity_0471,0,train
entity_0471,entity_0640,0,test
entity_0342,entity_0209,1,train
entity_0209,entity_0342,1,validation
entity_0661,entity_0062,0,train
entity_0062,entity_0661,0,validation
entity_0427,entity_0518,0,train
entity_0518,entity_0427,0,test
entity_0703,entity_0906,0,train
entity_0906,entity_0703,0,train
entity_0225,entity_0608,1,train
entity_0608,entity_0225,1,validation
entity_0288,entity_0005,0,train
entity_0005,entity_0288,0,test
entity_0752,entity_0067,1,train
entity_0067,entity_0752,1,test
entity_0603,entity_0948,1,train
entity_0948,entity_0603,1,test
entity_0569,entity_0530,0,train
entity_0530,entity_0569,0,test
entity_0429,entity_0352,0,train
entity_0352,entity_0429,0,test
entity_0472,entity_0345,0,train
entity_0345,entity_0472,0,test
entity_0289,entity_0173,1,train
entity_0173,entity_0289,1,test
entity_0851,entity_0491,1,train
entity_0491,entity_0851,1,test
entity_0760,entity_0350,1,train
entity_0350,entity_0760,1,test
entity_0865,entity_0895,1,train
entity_0895,entity_0865,1,test
entity_0988,entity_0444,1,train
entity_0444,entity_0988,1,test
entity_0655,entity_0375,0,train
entity_0375,entity_0655,0,test
entity_0616,entity_0153,1,train
entity_0153,entity_0616,1,train
entity_0546,entity_0597,0,train
entity_0597,entity_0546,0,test
entity_0194,entity_0765,1,train
entity_0765,entity_0194,1,validation
entity_0691,entity_0301,0,train
entity_0301,entity_0691,0,test
entity_0374,entity_0231,0,train
entity_0231,entity_0374,0,test
entity_0981,entity_0764,1,train
entity_0764,entity_0981,1,test
entity_0987,entity_0508,1,train
entity_0508,entity_0987,1,test
entity_0305,entity_0070,1,train
entity_0070,entity_0305,1,validation
entity_0296,entity_0479,1,train
entity_0479,entity_0296,1,test
entity_0140,entity_0629,0,train
entity_0629,entity_0140,0,test
entity_0695,entity_0115,1,train
entity_0115,entity_0695,1,test
entity_0439,entity_0104,0,train
entity_0104,entity_0439,0,test
entity_0844,entity_0808,1,train
entity_0808,entity_0844,1,test
entity_0654,entity_0662,1,train
entity_0662,entity_0654,1,train
entity_0931,entity_0443,0,train
entity_0443,entity_0931,0,test
entity_0212,entity_0107,0,train
entity_0107,entity_0212,0,test
entity_0025,entity_0383,1,train
entity_0383,entity_0025,1,train
entity_0406,entity_0843,1,train
entity_0843,entity_0406,1,test
entity_0214,entity_0722,1,train
entity_0722,entity_0214,1,test
entity_0378,entity_0990,0,train
entity_0990,entity_0378,0,validation
entity_0666,entity_0409,1,train
entity_0409,entity_0666,1,validation
entity_0942,entity_0164,0,train
entity_0164,entity_0942,0,test
entity_0950,entity_0588,1,train
entity_0588,entity_0950,1,validation
entity_0869,entity_0679,0,train
entity_0679,entity_0869,0,test
entity_0789,entity_0312,1,train
entity_0312,entity_0789,1,test
entity_0850,entity_0049,0,train
entity_0049,entity_0850,0,test
entity_0064,entity_0532,0,train
entity_0532,entity_0064,0,test
entity_0670,entity_0684,1,train
entity_0684,entity_0670,1,validation
entity_0065,entity_0581,0,train
entity_0581,entity_0065,0,test
entity_0879,entity_0297,1,train
entity_0297,entity_0879,1,validation
entity_0523,entity_0178,0,train
entity_0178,entity_0523,0,validation
entity_0240,entity_0672,0,train
entity_0672,entity_0240,0,test
entity_0225,entity_0255,1,train
entity_0255,entity_0225,1,train
entity_0881,entity_0136,1,train
entity_0136,entity_0881,1,test
entity_0202,entity_0287,0,train
entity_0287,entity_0202,0,test
entity_0580,entity_0307,0,train
entity_0307,entity_0580,0,test
entity_0699,entity_0683,0,train
entity_0683,entity_0699,0,test
entity_0684,entity_0197,1,train
entity_0197,entity_0684,1,test
entity_0589,entity_0033,0,train
entity_0033,entity_0589,0,test
entity_0723,entity_0455,0,train
entity_0455,entity_0723,0,test
entity_0727,entity_0505,1,train
entity_0505,entity_0727,1,validation
entity_0428,entity_0216,1,train
entity_0216,entity_0428,1,test
entity_0842,entity_0583,1,train
entity_0583,entity_0842,1,test
entity_0288,entity_0719,0,train
entity_0719,entity_0288,0,test
entity_0760,entity_0252,1,train
entity_0252,entity_0760,1,test
entity_0066,entity_0967,0,train
entity_0967,entity_0066,0,test
entity_0786,entity_0202,1,train
entity_0202,entity_0786,1,test
entity_0844,entity_0389,0,train
entity_0389,entity_0844,0,test
entity_0929,entity_0131,1,train
entity_0131,entity_0929,1,test
entity_0171,entity_0630,0,train
entity_0630,entity_0171,0,test
entity_0421,entity_0437,0,train
entity_0437,entity_0421,0,validation
entity_0516,entity_0155,0,train
entity_0155,entity_0516,0,test
entity_0762,entity_0480,1,train
entity_0480,entity_0762,1,test
entity_0656,entity_0623,1,train
entity_0623,entity_0656,1,test
entity_0609,entity_0009,1,train
entity_0009,entity_0609,1,test
entity_0839,entity_0578,1,train
entity_0578,entity_0839,1,test
entity_0909,entity_0598,1,train
entity_0598,entity_0909,1,validation
entity_0419,entity_0491,0,train
entity_0491,entity_0419,0,test
entity_0622,entity_0233,1,train
entity_0233,entity_0622,1,test
entity_0757,entity_0976,0,train
entity_0976,entity_0757,0,test
entity_0919,entity_0093,0,train
entity_0093,entity_0919,0,test
entity_0253,entity_0677,0,train
entity_0677,entity_0253,0,test
entity_0539,entity_0463,0,train
entity_0463,entity_0539,0,test
entity_0590,entity_0164,1,train
entity_0164,entity_0590,1,test
entity_0400,entity_0981,0,train
entity_0981,entity_0400,0,test
entity_0830,entity_0489,1,train
entity_0489,entity_0830,1,test
entity_0187,entity_0302,1,train
entity_0302,entity_0187,1,test
entity_0556,entity_0599,0,train
entity_0599,entity_0556,0,test
entity_0815,entity_0088,0,train
entity_0088,entity_0815,0,test
entity_0265,entity_0529,1,train
entity_0529,entity_0265,1,test
entity_0396,entity_0955,0,train
entity_0955,entity_0396,0,train
entity_0046,entity_0462,0,train
entity_0462,entity_0046,0,test
entity_0809,entity_0308,1,train
entity_0308,entity_0809,1,test
entity_0677,entity_0701,0,train
entity_0701,entity_0677,0,test
entity_0423,entity_0718,0,train
entity_0718,entity_0423,0,validation
entity_0686,entity_0254,0,train
entity_0254,entity_0686,0,test
entity_0777,entity_0568,1,train
entity_0568,entity_0777,1,train
entity_0838,entity_0818,0,train
entity_0818,entity_0838,0,test
entity_0409,entity_0650,1,train
entity_0650,entity_0409,1,test
entity_0859,entity_0654,0,train
entity_0654,entity_0859,0,test
entity_0430,entity_0669,1,train
entity_0669,entity_0430,1,test
entity_0363,entity_0191,0,train
entity_0191,entity_0363,0,test
entity_0921,entity_0514,1,train
entity_0514,entity_0921,1,test
entity_0784,entity_0854,1,train
entity_0854,entity_0784,1,test
entity_0213,entity_0353,1,train
entity_0353,entity_0213,1,test
entity_0325,entity_0932,0,train
entity_0932,entity_0325,0,test
entity_0518,entity_0307,1,train
entity_0307,entity_0518,1,test
entity_0485,entity_0192,1,train
entity_0192,entity_0485,1,test
entity_0182,entity_0047,0,train
entity_0047,entity_0182,0,test
entity_0807,entity_0016,0,train
entity_0016,entity_0807,0,train
entity_0312,entity_0634,1,train
entity_0634,entity_0312,1,test
entity_0887,entity_0985,1,train
entity_0985,entity_0887,1,validation
entity_0360,entity_0083,0,train
entity_0083,entity_0360,0,test
entity_0285,entity_0352,0,train
entity_0352,entity_0285,0,validation
entity_0415,entity_0602,1,train
entity_0602,entity_0415,1,test
entity_0383,entity_0663,1,train
entity_0663,entity_0383,1,test
entity_0566,entity_0447,1,train
entity_0447,entity_0566,1,test
entity_0139,entity_0887,1,train
entity_0887,entity_0139,1,test
entity_0979,entity_0583,0,train
entity_0583,entity_0979,0,test
entity_0571,entity_0819,1,train
entity_0819,entity_0571,1,test
entity_0290,entity_0712,0,train
entity_0712,entity_0290,0,test
entity_0725,entity_0586,0,train
entity_0586,entity_0725,0,test
entity_0661,entity_0810,1,train
entity_0810,entity_0661,1,test
entity_0570,entity_0513,1,train
entity_0513,entity_0570,1,test
entity_0832,entity_0575,1,train
entity_0575,entity_0832,1,validation
entity_0948,entity_0001,0,train
entity_0001,entity_0948,0,test
entity_0042,entity_0570,0,train
entity_0570,entity_0042,0,test
entity_0938,entity_0442,0,train
entity_0442,entity_0938,0,test
entity_0291,entity_0052,1,train
entity_0052,entity_0291,1,test
entity_0014,entity_0929,1,train
entity_0929,entity_0014,1,test
entity_0921,entity_0692,1,train
entity_0692,entity_0921,1,test
entity_0657,entity_0596,1,train
entity_0596,entity_0657,1,train
entity_0666,entity_0363,1,train
entity_0363,entity_0666,1,test
entity_0744,entity_0056,1,train
entity_0056,entity_0744,1,test
entity_0834,entity_0579,0,train
entity_0579,entity_0834,0,train
entity_0432,entity_0619,0,train
entity_0619,entity_0432,0,test
entity_0116,entity_0519,1,train
entity_0519,entity_0116,1,test
entity_0570,entity_0243,1,train
entity_0243,entity_0570,1,test
entity_0683,entity_0026,0,train
entity_0026,entity_0683,0,validation
entity_0898,entity_0285,0,train
entity_0285,entity_0898,0,test
entity_0851,entity_0044,1,train
entity_0044,entity_0851,1,validation
entity_0881,entity_0609,1,train
entity_0609,entity_0881,1,train
entity_0621,entity_0801,0,train
entity_0801,entity_0621,0,test
entity_0070,entity_0408,0,train
entity_0408,entity_0070,0,train
entity_0310,entity_0736,1,train
entity_0736,entity_0310,1,validation
entity_0004,entity_0769,0,train
entity_0769,entity_0004,0,test
entity_0362,entity_0419,0,train
entity_0419,entity_0362,0,validation
entity_0546,entity_0042,0,train
entity_0042,entity_0546,0,test
entity_0304,entity_0187,0,train
entity_0187,entity_0304,0,test
entity_0188,entity_0404,1,train
entity_0404,entity_0188,1,test
entity_0618,entity_0416,0,train
entity_0416,entity_0618,0,train
entity_0841,entity_0780,0,train
entity_0780,entity_0841,0,test
entity_0853,entity_0007,1,train
entity_0007,entity_0853,1,test
entity_0477,entity_0139,0,train
entity_0139,entity_0477,0,test
entity_0993,entity_0668,1,train
entity_0668,entity_0993,1,test
entity_0942,entity_0439,1,train
entity_0439,entity_0942,1,validation
entity_0835,entity_0664,0,train
entity_0664,entity_0835,0,test
entity_0571,entity_0044,0,train
entity_0044,entity_0571,0,test
entity_0169,entity_0398,1,train
entity_0398,entity_0169,1,validation
entity_0491,entity_0723,0,train
entity_0723,entity_0491,0,test
entity_0661,entity_0056,0,train
entity_0056,entity_0661,0,test
entity_0346,entity_0840,0,train
entity_0840,entity_0346,0,test
entity_0099,entity_0162,1,train
entity_0162,entity_0099,1,test
entity_0634,entity_0831,0,train
entity_0831,entity_0634,0,validation
entity_0665,entity_0723,1,train
entity_0723,entity_0665,1,validation
entity_0335,entity_0299,1,train
entity_0299,entity_0335,1,validation
entity_0179,entity_0450,1,train
entity_0450,entity_0179,1,test
entity_0262,entity_0440,0,train
entity_0440,entity_0262,0,test
entity_0031,entity_0562,1,train
entity_0562,entity_0031,1,test
entity_0895,entity_0776,0,train
entity_0776,entity_0895,0,test
entity_0744,entity_0219,0,train
entity_0219,entity_0744,0,test
entity_0631,entity_0686,1,train
entity_0686,entity_0631,1,test
entity_0665,entity_0943,1,train
entity_0943,entity_0665,1,test
entity_0557,entity_0852,1,train
entity_0852,entity_0557,1,test
entity_0628,entity_0674,0,train
entity_0674,entity_0628,0,test
entity_0548,entity_0470,1,train
entity_0470,entity_0548,1,test
entity_0929,entity_0016,0,train
entity_0016,entity_0929,0,test
entity_0128,entity_0551,0,train
entity_0551,entity_0128,0,test
entity_0554,entity_0990,1,train
entity_0990,entity_0554,1,test
entity_0177,entity_0045,0,train
entity_0045,entity_0177,0,test
entity_0414,entity_0329,1,train
entity_0329,entity_0414,1,test
entity_0931,entity_0589,1,train
entity_0589,entity_0931,1,test
entity_0249,entity_0134,1,train
entity_0134,entity_0249,1,test
entity_0002,entity_0900,0,train
entity_0900,entity_0002,0,test
entity_0139,entity_0803,0,train
entity_0803,entity_0139,0,test
entity_0318,entity_0544,0,train
entity_0544,entity_0318,0,test
entity_0273,entity_0618,0,train
entity_0618,entity_0273,0,test
entity_0239,entity_0951,0,train
entity_0951,entity_0239,0,test
entity_0531,entity_0564,0,train
entity_0564,entity_0531,0,test
entity_0781,entity_0302,1,train
entity_0302,entity_0781,1,test
entity_0346,entity_0756,0,train
entity_0756,entity_0346,0,test
entity_0281,entity_0368,1,train
entity_0368,entity_0281,1,test
entity_0663,entity_0386,1,train
entity_0386,entity_0663,1,train
entity_0530,entity_0777,0,train
entity_0777,entity_0530,0,test
entity_0125,entity_0297,1,train
entity_0297,entity_0125,1,test
entity_0397,entity_0362,1,train
entity_0362,entity_0397,1,test
entity_0317,entity_0871,1,train
entity_0871,entity_0317,1,test
entity_0516,entity_0957,1,train
entity_0957,entity_0516,1,test
entity_0220,entity_0018,1,train
entity_0018,entity_0220,1,test
entity_0327,entity_0307,1,train
entity_0307,entity_0327,1,train
entity_0197,entity_0171,1,train
entity_0171,entity_0197,1,test
entity_0367,entity_0436,1,train
entity_0436,entity_0367,1,test
entity_0757,entity_0302,1,train
entity_0302,entity_0757,1,test
entity_0942,entity_0617,0,train
entity_0617,entity_0942,0,test
entity_0128,entity_0608,0,train
entity_0608,entity_0128,0,test
entity_0724,entity_0104,1,train
entity_0104,entity_0724,1,test
entity_0368,entity_0093,0,train
entity_0093,entity_0368,0,test
entity_0266,entity_0254,1,train
entity_0254,entity_0266,1,train
entity_0299,entity_0662,1,train
entity_0662,entity_0299,1,train
entity_0552,entity_0043,1,train
entity_0043,entity_0552,1,test
entity_0568,entity_0285,1,train
entity_0285,entity_0568,1,test
entity_0396,entity_0795,0,train
entity_0795,entity_0396,0,test
entity_0092,entity_0703,0,train
entity_0703,entity_0092,0,test
entity_0635,entity_0716,1,train
entity_0716,entity_0635,1,test
entity_0003,entity_0364,1,train
entity_0364,entity_0003,1,test
entity_0066,entity_0261,1,train
entity_0261,entity_0066,1,test
entity_0121,entity_0271,1,train
entity_0271,entity_0121,1,test
entity_0662,entity_0432,0,train
entity_0432,entity_0662,0,validation
entity_0965,entity_0328,0,train
entity_0328,entity_0965,0,validation
entity_0421,entity_0796,1,train
entity_0796,entity_0421,1,test
entity_0035,entity_0297,1,train
entity_0297,entity_0035,1,validation
entity_0975,entity_0791,1,train
entity_0791,entity_0975,1,validation
entity_0142,entity_0800,0,train
entity_0800,entity_0142,0,test
entity_0559,entity_0753,0,train
entity_0753,entity_0559,0,test
entity_0364,entity_0510,1,train
entity_0510,entity_0364,1,test
entity_0609,entity_0570,1,train
entity_0570,entity_0609,1,test
entity_0124,entity_0226,1,train
entity_0226,entity_0124,1,test
entity_0393,entity_0897,0,train
entity_0897,entity_0393,0,test
entity_0782,entity_0451,1,train
entity_0451,entity_0782,1,test
entity_0447,entity_0595,1,train
entity_0595,entity_0447,1,test
entity_0252,entity_0350,1,train
entity_0350,entity_0252,1,train
entity_0213,entity_0339,0,train
entity_0339,entity_0213,0,test
entity_0961,entity_0770,1,train
entity_0770,entity_0961,1,test
entity_0434,entity_0381,1,train
entity_0381,entity_0434,1,test
entity_0756,entity_0517,1,train
entity_0517,entity_0756,1,test
entity_0179,entity_0830,0,train
entity_0830,entity_0179,0,validation
entity_0414,entity_0153,0,train
entity_0153,entity_0414,0,test
entity_0852,entity_0108,1,train
entity_0108,entity_0852,1,test
entity_0778,entity_0787,1,train
entity_0787,entity_0778,1,test
entity_0339,entity_0666,0,train
entity_0666,entity_0339,0,validation
entity_0832,entity_0629,1,train
entity_0629,entity_0832,1,test
entity_0445,entity_0388,0,train
entity_0388,entity_0445,0,test
entity_0402,entity_0104,0,train
entity_0104,entity_0402,0,test
entity_0571,entity_0169,0,train
entity_0169,entity_0571,0,test
entity_0994,entity_0384,1,train
entity_0384,entity_0994,1,test
entity_0160,entity_0750,0,train
entity_0750,entity_0160,0,validation
entity_0168,entity_0869,1,train
entity_0869,entity_0168,1,test
entity_0691,entity_0415,0,train
entity_0415,entity_0691,0,test
entity_0272,entity_0883,0,train
entity_0883,entity_0272,0,test
entity_0885,entity_0059,0,train
entity_0059,entity_0885,0,test
entity_0118,entity_0429,1,train
entity_0429,entity_0118,1,test
entity_0841,entity_0112,1,train
entity_0112,entity_0841,1,test
entity_0652,entity_0633,0,train
entity_0633,entity_0652,0,validation
entity_0504,entity_0222,1,train
entity_0222,entity_0504,1,test
entity_0257,entity_0812,0,train
entity_0812,entity_0257,0,test
entity_0041,entity_0255,1,train
entity_0255,entity_0041,1,validation
entity_0911,entity_0749,0,train
entity_0749,entity_0911,0,test
entity_0982,entity_0720,1,train
entity_0720,entity_0982,1,test
entity_0258,entity_0525,0,train
entity_0525,entity_0258,0,test
entity_0228,entity_0604,1,train
entity_0604,entity_0228,1,test
entity_0882,entity_0894,1,train
entity_0894,entity_0882,1,test
entity_0852,entity_0065,1,train
entity_0065,entity_0852,1,test
entity_0559,entity_0337,0,train
entity_0337,entity_0559,0,test
entity_0954,entity_0751,0,train
entity_0751,entity_0954,0,validation
entity_0048,entity_0260,1,train
entity_0260,entity_0048,1,train
entity_0492,entity_0315,1,train
entity_0315,entity_0492,1,test
entity_0963,entity_0310,0,train
entity_0310,entity_0963,0,test
entity_0789,entity_0116,1,train
entity_0116,entity_0789,1,validation
entity_0920,entity_0381,0,train
entity_0381,entity_0920,0,test
entity_0090,entity_0748,0,train
entity_0748,entity_0090,0,test
entity_0313,entity_0969,1,train
entity_0969,entity_0313,1,test
entity_0102,entity_0725,1,train
entity_0725,entity_0102,1,test
entity_0216,entity_0808,0,train
entity_0808,entity_0216,0,train
entity_0580,entity_0490,1,train
entity_0490,entity_0580,1,test
entity_0444,entity_0325,0,train
entity_0325,entity_0444,0,test
entity_0363,entity_0200,1,train
entity_0200,entity_0363,1,test
entity_0085,entity_0447,1,train
entity_0447,entity_0085,1,train
entity_0308,entity_0402,0,train
entity_0402,entity_0308,0,test
entity_0531,entity_0396,0,train
entity_0396,entity_0531,0,test
entity_0652,entity_0979,0,train
entity_0979,entity_0652,0,test
entity_0841,entity_0744,1,train
entity_0744,entity_0841,1,train
entity_0430,entity_0274,1,train
entity_0274,entity_0430,1,test
entity_0998,entity_0839,1,train
entity_0839,entity_0998,1,train
entity_0759,entity_0431,0,train
entity_0431,entity_0759,0,train
entity_0939,entity_0424,1,train
entity_0424,entity_0939,1,test
entity_0486,entity_0317,1,train
entity_0317,entity_0486,1,validation
entity_0598,entity_0800,0,train
entity_0800,entity_0598,0,test
entity_0509,entity_0062,0,train
entity_0062,entity_0509,0,test
entity_0992,entity_0411,0,train
entity_0411,entity_0992,0,test
entity_0738,entity_0398,1,train
entity_0398,entity_0738,1,train
entity_0601,entity_0689,0,train
entity_0689,entity_0601,0,validation
entity_0718,entity_0426,1,train
entity_0426,entity_0718,1,validation
entity_0367,entity_0306,1,train
entity_0306,entity_0367,1,test
entity_0148,entity_0882,1,train
entity_0882,entity_0148,1,test
entity_0431,entity_0981,1,train
entity_0981,entity_0431,1,test
entity_0118,entity_0581,0,train
entity_0581,entity_0118,0,validation
entity_0827,entity_0076,1,train
entity_0076,entity_0827,1,validation
entity_0276,entity_0659,0,train
entity_0659,entity_0276,0,test
entity_0617,entity_0737,1,train
entity_0737,entity_0617,1,train
entity_0661,entity_0063,1,train
entity_0063,entity_0661,1,test
entity_0793,entity_0586,1,train
entity_0586,entity_0793,1,test
entity_0977,entity_0343,1,train
entity_0343,entity_0977,1,test
entity_0182,entity_0861,0,train
entity_0861,entity_0182,0,test
entity_0858,entity_0871,1,train
entity_0871,entity_0858,1,test
entity_0290,entity_0661,1,train
entity_0661,entity_0290,1,test
entity_0873,entity_0482,0,train
entity_0482,entity_0873,0,test
entity_0431,entity_0277,0,train
entity_0277,entity_0431,0,test
entity_0374,entity_0763,1,train
entity_0763,entity_0374,1,test
entity_0471,entity_0400,1,train
entity_0400,entity_0471,1,test
entity_0725,entity_0864,1,train
entity_0864,entity_0725,1,test
entity_0326,entity_0565,0,train
entity_0565,entity_0326,0,test
entity_0893,entity_0629,0,train
entity_0629,entity_0893,0,test
entity_0659,entity_0742,1,train
entity_0742,entity_0659,1,train
entity_0426,entity_0149,1,train
entity_0149,entity_0426,1,validation
entity_0285,entity_0378,0,train
entity_0378,entity_0285,0,test
entity_0427,entity_0386,1,train
entity_0386,entity_0427,1,test
entity_0995,entity_0102,0,train
entity_0102,entity_0995,0,test
entity_0175,entity_0057,0,train
entity_0057,entity_0175,0,test
entity_0638,entity_0273,1,train
entity_0273,entity_0638,1,test
entity_0912,entity_0653,1,train
entity_0653,entity_0912,1,test
entity_0365,entity_0092,0,train
entity_0092,entity_0365,0,test
entity_0737,entity_0491,0,train
entity_0491,entity_0737,0,test
entity_0523,entity_0615,1,train
entity_0615,entity_0523,1,test
entity_0801,entity_0495,0,train
entity_0495,entity_0801,0,test
entity_0850,entity_0370,0,train
entity_0370,entity_0850,0,validation
entity_0111,entity_0948,0,train
entity_0948,entity_0111,0,test
entity_0245,entity_0147,1,train
entity_0147,entity_0245,1,test
entity_0663,entity_0590,0,train
entity_0590,entity_0663,0,validation
entity_0745,entity_0965,1,train
entity_0965,entity_0745,1,test
entity_0199,entity_0968,0,train
entity_0968,entity_0199,0,train
entity_0504,entity_0490,0,train
entity_0490,entity_0504,0,test
entity_0327,entity_0642,0,train
entity_0642,entity_0327,0,test
entity_0993,entity_0057,0,train
entity_0057,entity_0993,0,test
entity_0057,entity_0992,0,train
entity_0992,entity_0057,0,train
entity_0566,entity_0453,1,train
entity_0453,entity_0566,1,test
entity_0385,entity_0979,0,train
entity_0979,entity_0385,0,test
entity_0279,entity_0417,0,train
entity_0417,entity_0279,0,validation
entity_0397,entity_0329,0,train
entity_0329,entity_0397,0,test
entity_0692,entity_0816,0,train
entity_0816,entity_0692,0,test
entity_0686,entity_0975,0,train
entity_0975,entity_0686,0,train
entity_0169,entity_0849,0,train
entity_0849,entity_0169,0,test
entity_0074,entity_0376,1,train
entity_0376,entity_0074,1,test
entity_0658,entity_0462,1,train
entity_0462,entity_0658,1,validation
entity_0299,entity_0746,0,train
entity_0746,entity_0299,0,validation
entity_0241,entity_0771,0,train
entity_0771,entity_0241,0,train
entity_0355,entity_0428,0,train
entity_0428,entity_0355,0,validation
entity_0178,entity_0416,0,train
entity_0416,entity_0178,0,test
entity_0255,entity_0679,0,train
entity_0679,entity_0255,0,validation
entity_0371,entity_0173,0,train
entity_0173,entity_0371,0,test
entity_0496,entity_0074,0,train
entity_0074,entity_0496,0,train
entity_0504,entity_0592,1,train
entity_0592,entity_0504,1,validation
entity_0660,entity_0831,1,train
entity_0831,entity_0660,1,test
entity_0818,entity_0962,0,train
entity_0962,entity_0818,0,test
entity_0605,entity_0350,1,train
entity_0350,entity_0605,1,test
entity_0731,entity_0133,0,train
entity_0133,entity_0731,0,validation
entity_0593,entity_0081,0,train
entity_0081,entity_0593,0,test
entity_0972,entity_0555,0,train
entity_0555,entity_0972,0,test
entity_0821,entity_0675,0,train
entity_0675,entity_0821,0,test
entity_0509,entity_0665,0,train
entity_0665,entity_0509,0,validation
entity_0986,entity_0261,1,train
entity_0261,entity_0986,1,test
entity_0006,entity_0162,0,train
entity_0162,entity_0006,0,test
entity_0099,entity_0058,1,train
entity_0058,entity_0099,1,test
entity_0541,entity_0289,0,train
entity_0289,entity_0541,0,validation
entity_0003,entity_0555,1,train
entity_0555,entity_0003,1,test
entity_0465,entity_0816,0,train
entity_0816,entity_0465,0,test
entity_0001,entity_0737,0,train
entity_0737,entity_0001,0,test
entity_0855,entity_0794,0,train
entity_0794,entity_0855,0,test
entity_0532,entity_0998,0,train
entity_0998,entity_0532,0,validation
entity_0515,entity_0357,1,train
entity_0357,entity_0515,1,test
entity_0777,entity_0861,0,train
entity_0861,entity_0777,0,test
entity_0209,entity_0890,0,train
entity_0890,entity_0209,0,test
entity_0458,entity_0976,0,train
entity_0976,entity_0458,0,test
entity_0826,entity_0945,1,train
entity_0945,entity_0826,1,test
entity_0725,entity_0074,0,train
entity_0074,entity_0725,0,test
entity_0927,entity_0855,1,train
entity_0855,entity_0927,1,test
entity_0516,entity_0794,1,train
entity_0794,entity_0516,1,test
entity_0717,entity_0681,0,train
entity_0681,entity_0717,0,test
entity_0967,entity_0493,0,train
entity_0493,entity_0967,0,test
entity_0184,entity_0300,1,train
entity_0300,entity_0184,1,test
entity_0005,entity_0679,1,train
entity_0679,entity_0005,1,test
entity_0842,entity_0039,1,train
entity_0039,entity_0842,1,train
entity_0460,entity_0219,0,train
entity_0219,entity_0460,0,test
entity_0344,entity_0283,0,train
entity_0283,entity_0344,0,test
entity_0578,entity_0029,1,train
entity_0029,entity_0578,1,test
entity_0253,entity_0864,0,train
entity_0864,entity_0253,0,validation
entity_0677,entity_0472,0,train
entity_0472,entity_0677,0,validation
entity_0104,entity_0752,1,train
entity_0752,entity_0104,1,test
entity_0051,entity_0296,0,train
entity_0296,entity_0051,0,test
entity_0875,entity_0069,1,train
entity_0069,entity_0875,1,test
entity_0313,entity_0761,1,train
entity_0761,entity_0313,1,test
entity_0968,entity_0982,0,train
entity_0982,entity_0968,0,test
entity_0047,entity_0733,0,train
entity_0733,entity_0047,0,test
entity_0657,entity_0730,0,train
entity_0730,entity_0657,0,test
entity_0106,entity_0148,1,train
entity_0148,entity_0106,1,train
entity_0947,entity_0722,1,train
entity_0722,entity_0947,1,test
entity_0402,entity_0418,0,train
entity_0418,entity_0402,0,test
entity_0193,entity_0696,1,train
entity_0696,entity_0193,1,test
entity_0205,entity_0130,1,train
entity_0130,entity_0205,1,test
entity_0671,entity_0905,0,train
entity_0905,entity_0671,0,test
entity_0875,entity_0648,1,train
entity_0648,entity_0875,1,test
entity_0278,entity_0871,1,train
entity_0871,entity_0278,1,test
entity_0858,entity_0380,1,train
entity_0380,entity_0858,1,test
entity_0316,entity_0793,0,train
entity_0793,entity_0316,0,train
entity_0513,entity_0136,1,train
entity_0136,entity_0513,1,train
entity_0715,entity_0289,1,train
entity_0289,entity_0715,1,validation
entity_0232,entity_0535,1,train
entity_0535,entity_0232,1,test
entity_0463,entity_0432,0,train
entity_0432,entity_0463,0,test
entity_0930,entity_0321,1,train
entity_0321,entity_0930,1,validation
entity_0384,entity_0328,1,train
entity_0328,entity_0384,1,test
entity_0701,entity_0705,1,train
entity_0705,entity_0701,1,test
entity_0141,entity_0796,1,train
entity_0796,entity_0141,1,test
entity_0358,entity_0332,1,train
entity_0332,entity_0358,1,test
entity_0524,entity_0555,0,train
entity_0555,entity_0524,0,test
entity_0824,entity_0585,1,train
entity_0585,entity_0824,1,test
entity_0145,entity_0498,1,train
entity_0498,entity_0145,1,test
entity_0931,entity_0413,0,train
entity_0413,entity_0931,0,test
entity_0864,entity_0762,0,train
entity_0762,entity_0864,0,test
entity_0570,entity_0013,0,train
entity_0013,entity_0570,0,validation
entity_0902,entity_0338,1,train
entity_0338,entity_0902,1,test
entity_0943,entity_0475,1,train
entity_0475,entity_0943,1,validation
entity_0358,entity_0989,0,train
entity_0989,entity_0358,0,test
entity_0821,entity_0156,1,train
entity_0156,entity_0821,1,test
entity_0496,entity_0815,1,train
entity_0815,entity_0496,1,test
entity_0798,entity_0300,0,train
entity_0300,entity_0798,0,test
entity_0252,entity_0373,0,train
entity_0373,entity_0252,0,validation
entity_0905,entity_0434,1,train
entity_0434,entity_0905,1,train
entity_0314,entity_0064,0,train
entity_0064,entity_0314,0,test
entity_0422,entity_0046,1,train
entity_0046,entity_0422,1,test
entity_0178,entity_0987,1,train
entity_0987,entity_0178,1,train
entity_0907,entity_0329,1,train
entity_0329,entity_0907,1,validation
entity_0401,entity_0528,0,train
entity_0528,entity_0401,0,test
entity_0713,entity_0424,0,train
entity_0424,entity_0713,0,train
entity_0533,entity_0669,1,train
entity_0669,entity_0533,1,test
entity_0033,entity_0905,1,train
entity_0905,entity_0033,1,test
entity_0805,entity_0615,1,train
entity_0615,entity_0805,1,test
entity_0646,entity_0069,1,train
entity_0069,entity_0646,1,test
entity_0849,entity_0449,0,train
entity_0449,entity_0849,0,test
entity_0085,entity_0730,0,train
entity_0730,entity_0085,0,test
entity_0821,entity_0928,1,train
entity_0928,entity_0821,1,test
entity_0960,entity_0664,0,train
entity_0664,entity_0960,0,test
entity_0600,entity_0456,0,train
entity_0456,entity_0600,0,test
entity_0420,entity_0630,0,train
entity_0630,entity_0420,0,train
entity_0692,entity_0619,0,train
entity_0619,entity_0692,0,test
entity_0395,entity_0022,0,train
entity_0022,entity_0395,0,train
entity_0292,entity_0373,0,train
entity_0373,entity_0292,0,validation
entity_0156,entity_0293,0,train
entity_0293,entity_0156,0,test
entity_0446,entity_0258,1,train
entity_0258,entity_0446,1,test
entity_0640,entity_0518,0,train
entity_0518,entity_0640,0,test
entity_0222,entity_0745,1,train
entity_0745,entity_0222,1,train
entity_0464,entity_0076,1,train
entity_0076,entity_0464,1,test
entity_0968,entity_0603,0,train
entity_0603,entity_0968,0,test
entity_0454,entity_0115,0,train
entity_0115,entity_0454,0,test
entity_0970,entity_0709,0,train
entity_0709,entity_0970,0,test
entity_0933,entity_0564,0,train
entity_0564,entity_0933,0,test
entity_0966,entity_0048,1,train
entity_0048,entity_0966,1,train
entity_0653,entity_0899,1,train
entity_0899,entity_0653,1,test
entity_0329,entity_0956,1,train
entity_0956,entity_0329,1,test
entity_0468,entity_0911,0,train
entity_0911,entity_0468,0,test
entity_0277,entity_0879,1,train
entity_0879,entity_0277,1,test
entity_0478,entity_0318,1,train
entity_0318,entity_0478,1,test
entity_0782,entity_0311,0,train
entity_0311,entity_0782,0,validation
entity_0105,entity_0342,0,train
entity_0342,entity_0105,0,train
entity_0277,entity_0996,1,train
entity_0996,entity_0277,1,test
entity_0425,entity_0267,1,train
entity_0267,entity_0425,1,train
entity_0890,entity_0872,0,train
entity_0872,entity_0890,0,train
entity_0421,entity_0793,0,train
entity_0793,entity_0421,0,test
entity_0439,entity_0051,1,train
entity_0051,entity_0439,1,test
entity_0195,entity_0889,0,train
entity_0889,entity_0195,0,test
entity_0757,entity_0868,0,train
entity_0868,entity_0757,0,test
entity_0245,entity_0656,1,train
entity_0656,entity_0245,1,validation
entity_0006,entity_0360,1,train
entity_0360,entity_0006,1,test
entity_0920,entity_0901,1,train
entity_0901,entity_0920,1,validation
entity_0939,entity_0288,1,train
entity_0288,entity_0939,1,test
entity_0447,entity_0641,0,train
entity_0641,entity_0447,0,test
entity_0203,entity_0100,1,train
entity_0100,entity_0203,1,test
entity_0483,entity_0294,1,train
entity_0294,entity_0483,1,test
entity_0976,entity_0152,0,train
entity_0152,entity_0976,0,test
entity_0220,entity_0856,0,train
entity_0856,entity_0220,0,test
entity_0852,entity_0345,1,train
entity_0345,entity_0852,1,test
entity_0159,entity_0768,1,train
entity_0768,entity_0159,1,test
entity_0740,entity_0456,0,train
entity_0456,entity_0740,0,train
entity_0103,entity_0950,1,train
entity_0950,entity_0103,1,test
entity_0568,entity_0665,1,train
entity_0665,entity_0568,1,test
entity_0828,entity_0995,1,train
entity_0995,entity_0828,1,test
entity_0323,entity_0056,0,train
entity_0056,entity_0323,0,test
entity_0599,entity_0083,0,train
entity_0083,entity_0599,0,test
entity_0968,entity_0149,0,train
entity_0149,entity_0968,0,test
entity_0116,entity_0471,0,train
entity_0471,entity_0116,0,validation
entity_0474,entity_0774,0,train
entity_0774,entity_0474,0,test
entity_0188,entity_0251,0,train
entity_0251,entity_0188,0,test
entity_0679,entity_0103,1,train
entity_0103,entity_0679,1,test
entity_0707,entity_0870,0,train
entity_0870,entity_0707,0,test
entity_0959,entity_0367,1,train
entity_0367,entity_0959,1,validation
entity_0234,entity_0844,1,train
entity_0844,entity_0234,1,test
entity_0868,entity_0748,1,train
entity_0748,entity_0868,1,validation
entity_0391,entity_0698,1,train
entity_0698,entity_0391,1,test
entity_0174,entity_0193,1,train
entity_0193,entity_0174,1,test
entity_0116,entity_0779,0,train
entity_0779,entity_0116,0,test
entity_0002,entity_0020,1,train
entity_0020,entity_0002,1,test
entity_0794,entity_0325,1,train
entity_0325,entity_0794,1,test
entity_0268,entity_0719,1,train
entity_0719,entity_0268,1,test
entity_0238,entity_0870,0,train
entity_0870,entity_0238,0,validation
entity_0753,entity_0020,1,train
entity_0020,entity_0753,1,test
entity_0926,entity_0520,0,train
entity_0520,entity_0926,0,test
entity_0430,entity_0572,0,train
entity_0572,entity_0430,0,train
entity_0780,entity_0447,1,train
entity_0447,entity_0780,1,test
entity_0969,entity_0761,1,train
entity_0761,entity_0969,1,test
entity_0509,entity_0848,0,train
entity_0848,entity_0509,0,test
entity_0292,entity_0464,1,train
entity_0464,entity_0292,1,validation
entity_0895,entity_0280,1,train
entity_0280,entity_0895,1,test
entity_0148,entity_0004,0,train
entity_0004,entity_0148,0,test
entity_0109,entity_0511,1,train
entity_0511,entity_0109,1,test
entity_0036,entity_0965,1,train
entity_0965,entity_0036,1,test
entity_0540,entity_0692,1,train
entity_0692,entity_0540,1,test
entity_0347,entity_0232,1,train
entity_0232,entity_0347,1,test
entity_0044,entity_0298,0,train
entity_0298,entity_0044,0,test
entity_0171,entity_0034,1,train
entity_0034,entity_0171,1,test
entity_0390,entity_0576,0,train
entity_0576,entity_0390,0,test
entity_0885,entity_0741,0,train
entity_0741,entity_0885,0,test
entity_0694,entity_0582,0,train
entity_0582,entity_0694,0,test
entity_0143,entity_0620,0,train
entity_0620,entity_0143,0,test
entity_0619,entity_0753,1,train
entity_0753,entity_0619,1,test
entity_0295,entity_0628,1,train
entity_0628,entity_0295,1,test
entity_0755,entity_0042,1,train
entity_0042,entity_0755,1,validation
entity_0761,entity_0304,1,train
entity_0304,entity_0761,1,test
entity_0107,entity_0580,1,train
entity_0580,entity_0107,1,test
entity_0497,entity_0298,0,train
entity_0298,entity_0497,0,test
entity_0420,entity_0309,1,train
entity_0309,entity_0420,1,test
entity_0404,entity_0171,0,train
entity_0171,entity_0404,0,test
entity_0731,entity_0824,1,train
entity_0824,entity_0731,1,test
entity_0514,entity_0540,1,train
entity_0540,entity_0514,1,test
entity_0493,entity_0586,1,train
entity_0586,entity_0493,1,validation
entity_0138,entity_0380,0,train
entity_0380,entity_0138,0,test
entity_0623,entity_0516,0,train
entity_0516,entity_0623,0,validation
entity_0349,entity_0566,0,train
entity_0566,entity_0349,0,test
entity_0437,entity_0642,1,train
entity_0642,entity_0437,1,test
entity_0951,entity_0535,0,train
entity_0535,entity_0951,0,validation
entity_0947,entity_0221,0,train
entity_0221,entity_0947,0,test
entity_0808,entity_0876,0,train
entity_0876,entity_0808,0,train
entity_0731,entity_0863,0,train
entity_0863,entity_0731,0,test
entity_0641,entity_0844,1,train
entity_0844,entity_0641,1,test
entity_0678,entity_0211,0,train
entity_0211,entity_0678,0,test
entity_0185,entity_0458,1,train
entity_0458,entity_0185,1,test
entity_0379,entity_0096,1,train
entity_0096,entity_0379,1,train
entity_0845,entity_0492,0,train
entity_0492,entity_0845,0,train
entity_0450,entity_0536,0,train
entity_0536,entity_0450,0,test
entity_0926,entity_0260,1,train
entity_0260,entity_0926,1,test
entity_0904,entity_0312,0,train
entity_0312,entity_0904,0,test
entity_0171,entity_0301,1,train
entity_0301,entity_0171,1,test
entity_0562,entity_0117,1,train
entity_0117,entity_0562,1,validation
entity_0780,entity_0611,0,train
entity_0611,entity_0780,0,validation
entity_0675,entity_0874,1,train
entity_0874,entity_0675,1,validation
entity_0041,entity_0608,1,train
entity_0608,entity_0041,1,test
entity_0543,entity_0275,1,train
entity_0275,entity_0543,1,test
entity_0912,entity_0604,1,train
entity_0604,entity_0912,1,test
entity_0369,entity_0296,0,train
entity_0296,entity_0369,0,test
entity_0050,entity_0190,0,train
entity_0190,entity_0050,0,test
entity_0862,entity_0109,1,train
entity_0109,entity_0862,1,test
entity_0867,entity_0667,1,train
entity_0667,entity_0867,1,test
entity_0725,entity_0325,0,train
entity_0325,entity_0725,0,test
entity_0348,entity_0328,1,train
entity_0328,entity_0348,1,test
entity_0122,entity_0331,1,train
entity_0331,entity_0122,1,test
entity_0219,entity_0264,0,train
entity_0264,entity_0219,0,test
entity_0484,entity_0915,1,train
entity_0915,entity_0484,1,validation
entity_0092,entity_0377,1,train
entity_0377,entity_0092,1,test
entity_0996,entity_0035,1,train
entity_0035,entity_0996,1,test
entity_0388,entity_0060,0,train
entity_0060,entity_0388,0,test
entity_0433,entity_0034,1,train
entity_0034,entity_0433,1,test
entity_0180,entity_0846,1,train
entity_0846,entity_0180,1,test
entity_0906,entity_0661,0,train
entity_0661,entity_0906,0,validation
entity_0844,entity_0064,0,train
entity_0064,entity_0844,0,test
entity_0260,entity_0709,0,train
entity_0709,entity_0260,0,test
entity_0003,entity_0784,1,train
entity_0784,entity_0003,1,test
entity_0985,entity_0626,1,train
entity_0626,entity_0985,1,test
entity_0332,entity_0544,1,train
entity_0544,entity_0332,1,train
entity_0680,entity_0045,0,train
entity_0045,entity_0680,0,test
entity_0448,entity_0488,1,train
entity_0488,entity_0448,1,train
entity_0305,entity_0566,0,train
entity_0566,entity_0305,0,test
entity_0811,entity_0369,1,train
entity_0369,entity_0811,1,validation
entity_0511,entity_0850,1,train
entity_0850,entity_0511,1,test
entity_0398,entity_0816,1,train
entity_0816,entity_0398,1,test
entity_0382,entity_0121,1,train
entity_0121,entity_0382,1,test
entity_0075,entity_0599,1,train
entity_0599,entity_0075,1,test
entity_0622,entity_0860,1,train
entity_0860,entity_0622,1,test
entity_0224,entity_0899,0,train
entity_0899,entity_0224,0,test
entity_0118,entity_0719,0,train
entity_0719,entity_0118,0,test
entity_0490,entity_0319,1,train
entity_0319,entity_0490,1,test
entity_0249,entity_0488,1,train
entity_0488,entity_0249,1,validation
entity_0283,entity_0419,1,train
entity_0419,entity_0283,1,train
entity_0145,entity_0786,1,train
entity_0786,entity_0145,1,test
entity_0904,entity_0154,1,train
entity_0154,entity_0904,1,test
entity_0660,entity_0506,1,train
entity_0506,entity_0660,1,test
entity_0948,entity_0726,0,train
entity_0726,entity_0948,0,test
entity_0375,entity_0985,0,train
entity_0985,entity_0375,0,test
entity_0154,entity_0566,0,train
entity_0566,entity_0154,0,test
entity_0056,entity_0052,1,train
entity_0052,entity_0056,1,test
entity_0213,entity_0995,1,train
entity_0995,entity_0213,1,test
entity_0413,entity_0901,1,train
entity_0901,entity_0413,1,train
entity_0230,entity_0131,0,train
entity_0131,entity_0230,0,validation
entity_0555,entity_0707,0,train
entity_0707,entity_0555,0,test
entity_0239,entity_0792,0,train
entity_0792,entity_0239,0,train
entity_0472,entity_0994,0,train
entity_0994,entity_0472,0,test
entity_0419,entity_0679,1,train
entity_0679,entity_0419,1,train
entity_0186,entity_0533,1,train
entity_0533,entity_0186,1,train
entity_0791,entity_0037,1,train
entity_0037,entity_0791,1,test
entity_0527,entity_0482,0,train
entity_0482,entity_0527,0,validation
entity_0070,entity_0847,0,train
entity_0847,entity_0070,0,test
entity_0614,entity_0579,1,train
entity_0579,entity_0614,1,test
entity_0790,entity_0029,1,train
entity_0029,entity_0790,1,validation
entity_0728,entity_0770,0,train
entity_0770,entity_0728,0,test
entity_0979,entity_0473,0,train
entity_0473,entity_0979,0,test
entity_0133,entity_0704,0,train
entity_0704,entity_0133,0,test
entity_0138,entity_0152,1,train
entity_0152,entity_0138,1,test
entity_0226,entity_0165,1,train
entity_0165,entity_0226,1,test
entity_0044,entity_0404,1,train
entity_0404,entity_0044,1,test
entity_0667,entity_0978,1,train
entity_0978,entity_0667,1,test
entity_0365,entity_0485,0,train
entity_0485,entity_0365,0,test
entity_0350,entity_0192,1,train
entity_0192,entity_0350,1,test
entity_0126,entity_0994,1,train
entity_0994,entity_0126,1,validation
entity_0957,entity_0040,0,train
entity_0040,entity_0957,0,test
entity_0004,entity_0618,0,train
entity_0618,entity_0004,0,test
entity_0841,entity_0953,1,train
entity_0953,entity_0841,1,test
entity_0148,entity_0612,1,train
entity_0612,entity_0148,1,test
entity_0490,entity_0484,1,train
entity_0484,entity_0490,1,test
entity_0428,entity_0775,1,train
entity_0775,entity_0428,1,test
entity_0612,entity_0441,0,train
entity_0441,entity_0612,0,test
entity_0341,entity_0108,0,train
entity_0108,entity_0341,0,test
entity_0602,entity_0897,1,train
entity_0897,entity_0602,1,test
entity_0023,entity_0530,1,train
entity_0530,entity_0023,1,validation
entity_0696,entity_0027,0,train
entity_0027,entity_0696,0,validation
entity_0914,entity_0317,0,train
entity_0317,entity_0914,0,test
entity_0711,entity_0991,1,train
entity_0991,entity_0711,1,test
entity_0197,entity_0301,1,train
entity_0301,entity_0197,1,test
entity_0554,entity_0986,1,train
entity_0986,entity_0554,1,test
entity_0396,entity_0714,0,train
entity_0714,entity_0396,0,test
entity_0682,entity_0571,0,train
entity_0571,entity_0682,0,test
entity_0714,entity_0505,1,train
entity_0505,entity_0714,1,validation
entity_0691,entity_0364,0,train
entity_0364,entity_0691,0,train
entity_0629,entity_0812,1,train
entity_0812,entity_0629,1,validation
entity_0391,entity_0534,1,train
entity_0534,entity_0391,1,test
entity_0078,entity_0706,1,train
entity_0706,entity_0078,1,validation
entity_0595,entity_0652,0,train
entity_0652,entity_0595,0,validation
entity_0104,entity_0205,1,train
entity_0205,entity_0104,1,validation
entity_0765,entity_0781,1,train
entity_0781,entity_0765,1,train
entity_0735,entity_0286,1,train
entity_0286,entity_0735,1,validation
entity_0210,entity_0391,0,train
entity_0391,entity_0210,0,test
entity_0974,entity_0641,1,train
entity_0641,entity_0974,1,validation
entity_0643,entity_0196,1,train
entity_0196,entity_0643,1,test
entity_0288,entity_0141,0,train
entity_0141,entity_0288,0,train
entity_0693,entity_0521,0,train
entity_0521,entity_0693,0,test
entity_0265,entity_0426,1,train
entity_0426,entity_0265,1,validation
entity_0190,entity_0924,1,train
entity_0924,entity_0190,1,train
entity_0457,entity_0187,1,train
entity_0187,entity_0457,1,test
entity_0389,entity_0364,1,train
entity_0364,entity_0389,1,test
entity_0293,entity_0259,1,train
entity_0259,entity_0293,1,train
entity_0461,entity_0412,1,train
entity_0412,entity_0461,1,test
entity_0276,entity_0295,1,train
entity_0295,entity_0276,1,test
entity_0319,entity_0590,0,train
entity_0590,entity_0319,0,test
entity_0713,entity_0862,0,train
entity_0862,entity_0713,0,test
entity_0011,entity_0554,0,train
entity_0554,entity_0011,0,test
entity_0558,entity_0707,0,train
entity_0707,entity_0558,0,train
entity_0822,entity_0594,1,train
entity_0594,entity_0822,1,validation
entity_0545,entity_0558,1,train
entity_0558,entity_0545,1,test
entity_0565,entity_0775,1,train
entity_0775,entity_0565,1,validation
entity_0102,entity_0032,0,train
entity_0032,entity_0102,0,test
entity_0462,entity_0212,1,train
entity_0212,entity_0462,1,test
entity_0925,entity_0414,1,train
entity_0414,entity_0925,1,test
entity_0091,entity_0878,0,train
entity_0878,entity_0091,0,test
entity_0882,entity_0327,1,train
entity_0327,entity_0882,1,train
entity_0537,entity_0620,1,train
entity_0620,entity_0537,1,test
entity_0924,entity_0007,0,train
entity_0007,entity_0924,0,test
entity_0226,entity_0574,1,train
entity_0574,entity_0226,1,test
entity_0341,entity_0190,0,train
entity_0190,entity_0341,0,test
entity_0225,entity_0133,0,train
entity_0133,entity_0225,0,train
entity_0447,entity_0059,1,train
entity_0059,entity_0447,1,validation
entity_0287,entity_0313,1,train
entity_0313,entity_0287,1,train
entity_0957,entity_0017,1,train
entity_0017,entity_0957,1,validation
entity_0264,entity_0805,1,train
entity_0805,entity_0264,1,test
entity_0257,entity_0741,0,train
entity_0741,entity_0257,0,test
entity_0633,entity_0349,0,train
entity_0349,entity_0633,0,test
entity_0441,entity_0236,1,train
entity_0236,entity_0441,1,test
entity_0753,entity_0275,0,train
entity_0275,entity_0753,0,test
entity_0626,entity_0670,0,train
entity_0670,entity_0626,0,test
entity_0376,entity_0659,1,train
entity_0659,entity_0376,1,validation
entity_0564,entity_0309,0,train
entity_0309,entity_0564,0,test
entity_0096,entity_0907,1,train
entity_0907,entity_0096,1,test
entity_0788,entity_0568,0,train
entity_0568,entity_0788,0,test
entity_0295,entity_0869,1,train
entity_0869,entity_0295,1,test
entity_0381,entity_0591,1,train
entity_0591,entity_0381,1,test
entity_0471,entity_0845,0,train
entity_0845,entity_0471,0,test
entity_0901,entity_0094,1,train
entity_0094,entity_0901,1,test
entity_0495,entity_0016,1,train
entity_0016,entity_0495,1,test
entity_0824,entity_0880,0,train
entity_0880,entity_0824,0,test
entity_0546,entity_0133,1,train
entity_0133,entity_0546,1,test
entity_0464,entity_0989,1,train
entity_0989,entity_0464,1,validation
entity_0197,entity_0670,1,train
entity_0670,entity_0197,1,test
entity_0232,entity_0671,0,train
entity_0671,entity_0232,0,test
entity_0766,entity_0848,1,train
entity_0848,entity_0766,1,test
entity_0949,entity_0883,1,train
entity_0883,entity_0949,1,train
entity_0237,entity_0342,1,train
entity_0342,entity_0237,1,test
entity_0805,entity_0012,0,train
entity_0012,entity_0805,0,test
entity_0299,entity_0466,0,train
entity_0466,entity_0299,0,validation
entity_0028,entity_0613,1,train
entity_0613,entity_0028,1,test
entity_0348,entity_0630,0,train
entity_0630,entity_0348,0,test
entity_0073,entity_0543,0,train
entity_0543,entity_0073,0,train
entity_0764,entity_0097,0,train
entity_0097,entity_0764,0,validation
entity_0017,entity_0167,1,train
entity_0167,entity_0017,1,test
entity_0665,entity_0475,1,train
entity_0475,entity_0665,1,test
entity_0640,entity_0778,0,train
entity_0778,entity_0640,0,validation
entity_0960,entity_0133,1,train
entity_0133,entity_0960,1,validation
entity_0463,entity_0895,1,train
entity_0895,entity_0463,1,validation
entity_0757,entity_0741,1,train
entity_0741,entity_0757,1,test
entity_0497,entity_0454,0,train
entity_0454,entity_0497,0,test
entity_0704,entity_0790,0,train
entity_0790,entity_0704,0,test
entity_0359,entity_0061,1,train
entity_0061,entity_0359,1,test
entity_0565,entity_0978,0,train
entity_0978,entity_0565,0,test
entity_0671,entity_0750,1,train
entity_0750,entity_0671,1,test
entity_0078,entity_0215,0,train
entity_0215,entity_0078,0,test
entity_0784,entity_0077,0,train
entity_0077,entity_0784,0,validation
entity_0253,entity_0332,0,train
entity_0332,entity_0253,0,validation
entity_0558,entity_0167,0,train
entity_0167,entity_0558,0,train
entity_0657,entity_0719,0,train
entity_0719,entity_0657,0,test
entity_0804,entity_0884,0,train
entity_0884,entity_0804,0,test
entity_0042,entity_0854,1,train
entity_0854,entity_0042,1,test
entity_0307,entity_0894,1,train
entity_0894,entity_0307,1,validation
entity_0019,entity_0139,0,train
entity_0139,entity_0019,0,validation
entity_0993,entity_0932,1,train
entity_0932,entity_0993,1,test
entity_0866,entity_0690,0,train
entity_0690,entity_0866,0,test
entity_0928,entity_0002,1,train
entity_0002,entity_0928,1,test
entity_0870,entity_0298,0,train
entity_0298,entity_0870,0,test
entity_0952,entity_0474,1,train
entity_0474,entity_0952,1,test
entity_1000,entity_0780,0,train
entity_0780,entity_1000,0,validation
entity_0372,entity_0596,0,train
entity_0596,entity_0372,0,validation
entity_0376,entity_0403,1,train
entity_0403,entity_0376,1,validation
entity_0054,entity_0661,1,train
entity_0661,entity_0054,1,test
entity_0009,entity_0768,0,train
entity_0768,entity_0009,0,train
entity_0574,entity_0468,0,train
entity_0468,entity_0574,0,test
entity_0238,entity_0312,1,train
entity_0312,entity_0238,1,validation
entity_0931,entity_0672,1,train
entity_0672,entity_0931,1,test
entity_0851,entity_0038,0,train
entity_0038,entity_0851,0,test
entity_0994,entity_0348,1,train
entity_0348,entity_0994,1,test
entity_0764,entity_0296,0,train
entity_0296,entity_0764,0,test
entity_0896,entity_0083,1,train
entity_0083,entity_0896,1,test
entity_0765,entity_0022,1,train
entity_0022,entity_0765,1,test
entity_0634,entity_0789,1,train
entity_0789,entity_0634,1,test
entity_0570,entity_0881,1,train
entity_0881,entity_0570,1,train
entity_0669,entity_0701,1,train
entity_0701,entity_0669,1,test
entity_0223,entity_0678,0,train
entity_0678,entity_0223,0,test
entity_0741,entity_0056,0,train
entity_0056,entity_0741,0,test
entity_0870,entity_0719,1,train
entity_0719,entity_0870,1,test
entity_0603,entity_0984,0,train
entity_0984,entity_0603,0,validation
entity_0626,entity_0611,0,train
entity_0611,entity_0626,0,train
entity_0127,entity_0982,0,train
entity_0982,entity_0127,0,test
entity_0962,entity_0202,1,train
entity_0202,entity_0962,1,validation
entity_0340,entity_0580,1,train
entity_0580,entity_0340,1,test
entity_0491,entity_0237,1,train
entity_0237,entity_0491,1,test
entity_0181,entity_0083,1,train
entity_0083,entity_0181,1,validation
entity_0612,entity_0127,1,train
entity_0127,entity_0612,1,test
entity_0905,entity_0762,0,train
entity_0762,entity_0905,0,validation
entity_0043,entity_0972,0,train
entity_0972,entity_0043,0,test
entity_0747,entity_0037,0,train
entity_0037,entity_0747,0,test
entity_0070,entity_0490,1,train
entity_0490,entity_0070,1,test
entity_0948,entity_0344,1,train
entity_0344,entity_0948,1,test
entity_0120,entity_0325,1,train
entity_0325,entity_0120,1,test
entity_0115,entity_1000,0,train
entity_1000,entity_0115,0,test
entity_0036,entity_0592,1,train
entity_0592,entity_0036,1,validation
entity_0443,entity_0616,1,train
entity_0616,entity_0443,1,test
entity_0837,entity_0696,1,train
entity_0696,entity_0837,1,test
entity_0706,entity_0300,0,train
entity_0300,entity_0706,0,test
entity_0186,entity_0701,1,train
entity_0701,entity_0186,1,validation
entity_0467,entity_0622,1,train
entity_0622,entity_0467,1,train
entity_0516,entity_0272,1,train
entity_0272,entity_0516,1,test
entity_0006,entity_0944,1,train
entity_0944,entity_0006,1,validation
entity_0737,entity_0045,1,train
entity_0045,entity_0737,1,validation
entity_0985,entity_0883,1,train
entity_0883,entity_0985,1,test
entity_0036,entity_0359,1,train
entity_0359,entity_0036,1,validation
entity_0321,entity_0699,0,train
entity_0699,entity_0321,0,train
entity_0963,entity_0207,1,train
entity_0207,entity_0963,1,test
entity_0076,entity_0750,0,train
entity_0750,entity_0076,0,test
entity_0213,entity_0712,1,train
entity_0712,entity_0213,1,test
entity_0283,entity_0006,0,train
entity_0006,entity_0283,0,test
entity_0658,entity_0401,1,train
entity_0401,entity_0658,1,train
entity_0965,entity_0633,1,train
entity_0633,entity_0965,1,test
entity_0889,entity_0212,0,train
entity_0212,entity_0889,0,validation
entity_0375,entity_0253,0,train
entity_0253,entity_0375,0,test
entity_0104,entity_0870,0,train
entity_0870,entity_0104,0,test
entity_0167,entity_0306,0,train
entity_0306,entity_0167,0,validation
entity_0870,entity_0306,1,train
entity_0306,entity_0870,1,train
entity_0114,entity_0502,1,train
entity_0502,entity_0114,1,train
entity_0222,entity_0370,1,train
entity_0370,entity_0222,1,test
entity_0672,entity_0953,0,train
entity_0953,entity_0672,0,test
entity_0291,entity_0074,0,train
entity_0074,entity_0291,0,validation
entity_0902,entity_0362,0,train
entity_0362,entity_0902,0,test
entity_0240,entity_0707,1,train
entity_0707,entity_0240,1,train
entity_0510,entity_0818,0,train
entity_0818,entity_0510,0,test
entity_0153,entity_0871,0,train
entity_0871,entity_0153,0,test
entity_0063,entity_0825,1,train
entity_0825,entity_0063,1,test
entity_0592,entity_0263,0,train
entity_0263,entity_0592,0,test
entity_0432,entity_0868,0,train
entity_0868,entity_0432,0,validation
entity_0435,entity_0948,0,train
entity_0948,entity_0435,0,validation
entity_0051,entity_0548,0,train
entity_0548,entity_0051,0,test
entity_0289,entity_0346,1,train
entity_0346,entity_0289,1,validation
entity_0065,entity_0434,0,train
entity_0434,entity_0065,0,test
entity_0902,entity_0820,0,train
entity_0820,entity_0902,0,test
entity_0826,entity_0876,0,train
entity_0876,entity_0826,0,test
entity_0390,entity_0154,1,train
entity_0154,entity_0390,1,test
entity_0827,entity_0989,1,train
entity_0989,entity_0827,1,test
entity_0752,entity_0559,0,train
entity_0559,entity_0752,0,validation
entity_0778,entity_0918,1,train
entity_0918,entity_0778,1,test
entity_0894,entity_0518,1,train
entity_0518,entity_0894,1,test
entity_0699,entity_0723,1,train
entity_0723,entity_0699,1,test
entity_0934,entity_0066,1,train
entity_0066,entity_0934,1,test
entity_0229,entity_0436,0,train
entity_0436,entity_0229,0,test
entity_0137,entity_0472,0,train
entity_0472,entity_0137,0,test
entity_0602,entity_0041,0,train
entity_0041,entity_0602,0,validation
entity_0205,entity_0286,0,train
entity_0286,entity_0205,0,test
entity_0192,entity_0696,0,train
entity_0696,entity_0192,0,test
entity_0173,entity_0023,1,train
entity_0023,entity_0173,1,test
entity_0693,entity_0824,1,train
entity_0824,entity_0693,1,test
entity_0850,entity_0655,0,train
entity_0655,entity_0850,0,test
entity_0915,entity_0107,1,train
entity_0107,entity_0915,1,test
entity_0870,entity_0208,0,train
entity_0208,entity_0870,0,validation
entity_0536,entity_0297,0,train
entity_0297,entity_0536,0,test
entity_0735,entity_0475,1,train
entity_0475,entity_0735,1,train
entity_0252,entity_0485,1,train
entity_0485,entity_0252,1,validation
entity_0402,entity_0356,0,train
entity_0356,entity_0402,0,test
entity_0497,entity_0952,1,train
entity_0952,entity_0497,1,test
entity_0679,entity_0603,0,train
entity_0603,entity_0679,0,train
entity_0047,entity_0712,0,train
entity_0712,entity_0047,0,test
entity_0451,entity_0111,1,train
entity_0111,entity_0451,1,test
entity_0585,entity_0534,1,train
entity_0534,entity_0585,1,validation
entity_0383,entity_0440,0,train
entity_0440,entity_0383,0,test
entity_0891,entity_0247,1,train
entity_0247,entity_0891,1,test
entity_0687,entity_0543,1,train
entity_0543,entity_0687,1,test
entity_0896,entity_0921,1,train
entity_0921,entity_0896,1,validation
entity_0501,entity_0367,1,train
entity_0367,entity_0501,1,validation
entity_0117,entity_0527,0,train
entity_0527,entity_0117,0,validation
entity_0319,entity_0167,0,train
entity_0167,entity_0319,0,test
entity_0574,entity_0261,0,train
entity_0261,entity_0574,0,train
entity_0522,entity_0115,1,train
entity_0115,entity_0522,1,test
entity_0481,entity_0994,0,train
entity_0994,entity_0481,0,validation
entity_0842,entity_0454,0,train
entity_0454,entity_0842,0,test
entity_0855,entity_0009,0,train
entity_0009,entity_0855,0,validation
entity_0104,entity_0067,1,train
entity_0067,entity_0104,1,train
entity_0144,entity_0396,0,train
entity_0396,entity_0144,0,test
entity_0676,entity_0208,1,train
entity_0208,entity_0676,1,train
entity_0588,entity_0045,0,train
entity_0045,entity_0588,0,test
entity_0182,entity_0953,0,train
entity_0953,entity_0182,0,test
entity_0972,entity_0019,1,train
entity_0019,entity_0972,1,test
entity_0638,entity_0326,0,train
entity_0326,entity_0638,0,train
entity_0786,entity_0150,0,train
entity_0150,entity_0786,0,validation
entity_0184,entity_0387,0,train
entity_0387,entity_0184,0,test
entity_0685,entity_0646,0,train
entity_0646,entity_0685,0,train
entity_0650,entity_0357,1,train
entity_0357,entity_0650,1,validation
entity_0737,entity_0368,0,train
entity_0368,entity_0737,0,train
entity_0488,entity_0311,1,train
entity_0311,entity_0488,1,test
entity_0720,entity_0536,0,train
entity_0536,entity_0720,0,test
entity_0596,entity_0289,0,train
entity_0289,entity_0596,0,test
entity_0720,entity_0785,1,train
entity_0785,entity_0720,1,train
entity_0242,entity_0163,0,train
entity_0163,entity_0242,0,test
entity_0432,entity_0487,0,train
entity_0487,entity_0432,0,test
entity_0280,entity_0221,1,train
entity_0221,entity_0280,1,validation
entity_0590,entity_0727,0,train
entity_0727,entity_0590,0,test
entity_0856,entity_0623,1,train
entity_0623,entity_0856,1,test
entity_0212,entity_0032,1,train
entity_0032,entity_0212,1,validation
entity_0104,entity_0727,0,train
entity_0727,entity_0104,0,test
entity_0056,entity_0305,0,train
entity_0305,entity_0056,0,test
entity_0166,entity_0929,1,train
entity_0929,entity_0166,1,test
entity_0239,entity_0248,1,train
entity_0248,entity_0239,1,test
entity_0511,entity_0118,1,train
entity_0118,entity_0511,1,test
entity_0409,entity_0017,0,train
entity_0017,entity_0409,0,validation
entity_0898,entity_0306,0,train
entity_0306,entity_0898,0,test
entity_0794,entity_0306,0,train
entity_0306,entity_0794,0,test
entity_0090,entity_0857,1,train
entity_0857,entity_0090,1,test
entity_0197,entity_0545,0,train
entity_0545,entity_0197,0,test
entity_0614,entity_0353,0,train
entity_0353,entity_0614,0,test
entity_0498,entity_0853,1,train
entity_0853,entity_0498,1,validation
entity_0151,entity_0298,1,train
entity_0298,entity_0151,1,test
entity_0308,entity_0611,0,train
entity_0611,entity_0308,0,test
entity_1000,entity_0939,1,train
entity_0939,entity_1000,1,validation
entity_0642,entity_0157,0,train
entity_0157,entity_0642,0,train
entity_0209,entity_0587,0,train
entity_0587,entity_0209,0,train
entity_0376,entity_0838,0,train
entity_0838,entity_0376,0,test
entity_0094,entity_0413,1,train
entity_0413,entity_0094,1,test
entity_0174,entity_0375,0,train
entity_0375,entity_0174,0,test
entity_0330,entity_0864,1,train
entity_0864,entity_0330,1,test
entity_0741,entity_0865,0,train
entity_0865,entity_0741,0,train
entity_0191,entity_0225,1,train
entity_0225,entity_0191,1,validation
entity_0251,entity_0472,0,train
entity_0472,entity_0251,0,test
entity_0269,entity_0828,0,train
entity_0828,entity_0269,0,test
entity_0978,entity_0597,1,train
entity_0597,entity_0978,1,test
entity_0047,entity_0201,0,train
entity_0201,entity_0047,0,test
entity_0889,entity_0894,0,train
entity_0894,entity_0889,0,test
entity_0568,entity_0485,0,train
entity_0485,entity_0568,0,validation
entity_0805,entity_0098,0,train
entity_0098,entity_0805,0,test
entity_0410,entity_0496,0,train
entity_0496,entity_0410,0,test
entity_0213,entity_0401,0,train
entity_0401,entity_0213,0,test
entity_0289,entity_0526,1,train
entity_0526,entity_0289,1,test
entity_0148,entity_0417,1,train
entity_0417,entity_0148,1,test
entity_0885,entity_0736,0,train
entity_0736,entity_0885,0,validation
entity_0284,entity_0629,0,train
entity_0629,entity_0284,0,test
entity_0024,entity_0237,1,train
entity_0237,entity_0024,1,test
entity_0277,entity_0090,1,train
entity_0090,entity_0277,1,validation
entity_0102,entity_0472,1,train
entity_0472,entity_0102,1,test
entity_0224,entity_0839,0,train
entity_0839,entity_0224,0,test
entity_0441,entity_0013,1,train
entity_0013,entity_0441,1,validation
entity_0424,entity_0064,0,train
entity_0064,entity_0424,0,validation
entity_0851,entity_0865,0,train
entity_0865,entity_0851,0,test
entity_0580,entity_0120,0,train
entity_0120,entity_0580,0,test
entity_0051,entity_0625,0,train
entity_0625,entity_0051,0,validation
entity_0343,entity_0913,1,train
entity_0913,entity_0343,1,test
entity_0070,entity_0107,1,train
entity_0107,entity_0070,1,test
entity_0239,entity_0867,0,train
entity_0867,entity_0239,0,train
entity_0629,entity_0747,1,train
entity_0747,entity_0629,1,test
entity_0010,entity_0961,0,train
entity_0961,entity_0010,0,validation
entity_0195,entity_0636,1,train
entity_0636,entity_0195,1,train
entity_0892,entity_0443,0,train
entity_0443,entity_0892,0,test
entity_0794,entity_0017,1,train
entity_0017,entity_0794,1,test
entity_0794,entity_0379,0,train
entity_0379,entity_0794,0,test
entity_0384,entity_0637,0,train
entity_0637,entity_0384,0,validation
entity_0246,entity_0747,1,train
entity_0747,entity_0246,1,train
entity_0960,entity_0556,0,train
entity_0556,entity_0960,0,validation
entity_0271,entity_0338,1,train
entity_0338,entity_0271,1,validation
entity_0181,entity_0514,1,train
entity_0514,entity_0181,1,validation
entity_0263,entity_0373,1,train
entity_0373,entity_0263,1,train
entity_0893,entity_0822,1,train
entity_0822,entity_0893,1,validation
entity_0964,entity_0993,0,train
entity_0993,entity_0964,0,validation
entity_0868,entity_0686,1,train
entity_0686,entity_0868,1,test
entity_0355,entity_0945,0,train
entity_0945,entity_0355,0,test
entity_0238,entity_0634,1,train
entity_0634,entity_0238,1,validation
entity_0246,entity_0263,0,train
entity_0263,entity_0246,0,test
entity_0974,entity_0844,1,train
entity_0844,entity_0974,1,test
entity_0327,entity_0894,1,train
entity_0894,entity_0327,1,validation
entity_0845,entity_0699,0,train
entity_0699,entity_0845,0,test
entity_0590,entity_0992,0,train
entity_0992,entity_0590,0,test
entity_0918,entity_0667,1,train
entity_0667,entity_0918,1,test
entity_0317,entity_0881,0,train
entity_0881,entity_0317,0,test
entity_0133,entity_0044,0,train
entity_0044,entity_0133,0,test
entity_0061,entity_0471,0,train
entity_0471,entity_0061,0,test
entity_0023,entity_0715,1,train
entity_0715,entity_0023,1,train
entity_0097,entity_0969,1,train
entity_0969,entity_0097,1,test
entity_0776,entity_0379,0,train
entity_0379,entity_0776,0,test
entity_0505,entity_0409,1,train
entity_0409,entity_0505,1,test
entity_0718,entity_0891,0,train
entity_0891,entity_0718,0,validation
entity_0854,entity_0084,1,train
entity_0084,entity_0854,1,test
entity_0507,entity_0584,0,train
entity_0584,entity_0507,0,test
entity_0798,entity_0358,1,train
entity_0358,entity_0798,1,test
entity_0386,entity_0025,1,train
entity_0025,entity_0386,1,test
entity_0823,entity_0787,1,train
entity_0787,entity_0823,1,test
entity_0619,entity_0592,0,train
entity_0592,entity_0619,0,test
entity_0275,entity_0687,1,train
entity_0687,entity_0275,1,train
entity_0434,entity_0470,1,train
entity_0470,entity_0434,1,test
entity_0362,entity_0462,0,train
entity_0462,entity_0362,0,test
entity_0215,entity_0102,1,train
entity_0102,entity_0215,1,test
entity_0178,entity_0992,0,train
entity_0992,entity_0178,0,test
entity_0650,entity_0505,1,train
entity_0505,entity_0650,1,test
entity_0978,entity_0778,1,train
entity_0778,entity_0978,1,validation
entity_0612,entity_0052,0,train
entity_0052,entity_0612,0,train
entity_0522,entity_0950,0,train
entity_0950,entity_0522,0,train
entity_0383,entity_0940,1,train
entity_0940,entity_0383,1,test
entity_0560,entity_0424,1,train
entity_0424,entity_0560,1,test
entity_0702,entity_0080,1,train
entity_0080,entity_0702,1,test
entity_0327,entity_0106,1,train
entity_0106,entity_0327,1,test
entity_0872,entity_0495,0,train
entity_0495,entity_0872,0,validation
entity_0267,entity_0551,1,train
entity_0551,entity_0267,1,test
entity_0303,entity_0641,1,train
entity_0641,entity_0303,1,test
entity_0858,entity_0698,0,train
entity_0698,entity_0858,0,validation
entity_0273,entity_0862,1,train
entity_0862,entity_0273,1,validation
entity_0145,entity_0610,1,train
entity_0610,entity_0145,1,test
entity_0073,entity_0314,0,train
entity_0314,entity_0073,0,test
entity_0483,entity_0197,0,train
entity_0197,entity_0483,0,test
entity_0250,entity_0469,0,train
entity_0469,entity_0250,0,test
entity_0632,entity_0243,0,train
entity_0243,entity_0632,0,test
entity_0165,entity_0100,0,train
entity_0100,entity_0165,0,validation
entity_0108,entity_0962,0,train
entity_0962,entity_0108,0,validation
entity_0588,entity_0055,1,train
entity_0055,entity_0588,1,test
entity_0733,entity_0810,1,train
entity_0810,entity_0733,1,validation
entity_0969,entity_0406,0,train
entity_0406,entity_0969,0,test
entity_0236,entity_0550,0,train
entity_0550,entity_0236,0,validation
entity_0485,entity_0226,1,train
entity_0226,entity_0485,1,test
entity_0181,entity_0921,1,train
entity_0921,entity_0181,1,test
entity_0491,entity_0457,0,train
entity_0457,entity_0491,0,test
entity_0569,entity_0722,0,train
entity_0722,entity_0569,0,test
entity_0934,entity_0512,0,train
entity_0512,entity_0934,0,test
entity_0887,entity_0883,1,train
entity_0883,entity_0887,1,test
entity_0091,entity_0819,0,train
entity_0819,entity_0091,0,test
entity_0511,entity_0916,1,train
entity_0916,entity_0511,1,test
entity_0443,entity_0153,1,train
entity_0153,entity_0443,1,test
entity_0611,entity_0211,1,train
entity_0211,entity_0611,1,test
entity_0846,entity_0797,0,train
entity_0797,entity_0846,0,test
entity_0277,entity_0307,0,train
entity_0307,entity_0277,0,train
entity_0332,entity_0798,1,train
entity_0798,entity_0332,1,train
entity_0127,entity_0709,0,train
entity_0709,entity_0127,0,validation
entity_0351,entity_0428,1,train
entity_0428,entity_0351,1,validation
entity_0801,entity_0126,0,train
entity_0126,entity_0801,0,train
entity_0898,entity_0385,0,train
entity_0385,entity_0898,0,test
entity_0981,entity_0266,1,train
entity_0266,entity_0981,1,test
entity_0120,entity_0167,1,train
entity_0167,entity_0120,1,validation
entity_0411,entity_0732,1,train
entity_0732,entity_0411,1,test
entity_0710,entity_0778,0,train
entity_0778,entity_0710,0,test
entity_0543,entity_0971,1,train
entity_0971,entity_0543,1,test
entity_0482,entity_0184,0,train
entity_0184,entity_0482,0,validation
entity_0967,entity_0929,1,train
entity_0929,entity_0967,1,validation
entity_0876,entity_0957,0,train
entity_0957,entity_0876,0,test
entity_0394,entity_0576,1,train
entity_0576,entity_0394,1,train
entity_0541,entity_0684,1,train
entity_0684,entity_0541,1,test
entity_0881,entity_0939,0,train
entity_0939,entity_0881,0,test
entity_0053,entity_0557,1,train
entity_0557,entity_0053,1,test
entity_0997,entity_0856,0,train
entity_0856,entity_0997,0,test
entity_0254,entity_0764,1,train
entity_0764,entity_0254,1,test
entity_0990,entity_0177,0,train
entity_0177,entity_0990,0,validation
entity_0191,entity_0696,0,train
entity_0696,entity_0191,0,test
entity_0883,entity_0626,1,train
entity_0626,entity_0883,1,test
entity_0247,entity_0452,1,train
entity_0452,entity_0247,1,test
entity_0168,entity_0908,0,train
entity_0908,entity_0168,0,test
entity_0061,entity_0504,1,train
entity_0504,entity_0061,1,validation
entity_0091,entity_0436,0,train
entity_0436,entity_0091,0,test
entity_0220,entity_0983,0,train
entity_0983,entity_0220,0,train
entity_0766,entity_0172,1,train
entity_0172,entity_0766,1,test
entity_0472,entity_0004,1,train
entity_0004,entity_0472,1,validation
entity_0244,entity_0373,0,train
entity_0373,entity_0244,0,validation
entity_0692,entity_0771,1,train
entity_0771,entity_0692,1,test
entity_0076,entity_0460,1,train
entity_0460,entity_0076,1,test
entity_0662,entity_0220,0,train
entity_0220,entity_0662,0,test
entity_0668,entity_0696,0,train
entity_0696,entity_0668,0,validation
entity_0150,entity_0739,0,train
entity_0739,entity_0150,0,validation
entity_0091,entity_0567,0,train
entity_0567,entity_0091,0,test
entity_0789,entity_0238,1,train
entity_0238,entity_0789,1,test
entity_0665,entity_0735,1,train
entity_0735,entity_0665,1,test
entity_0541,entity_0171,1,train
entity_0171,entity_0541,1,test
entity_0565,entity_0898,1,train
entity_0898,entity_0565,1,test
entity_0338,entity_0382,1,train
entity_0382,entity_0338,1,test
entity_0775,entity_0219,1,train
entity_0219,entity_0775,1,test
entity_0276,entity_0817,1,train
entity_0817,entity_0276,1,train
entity_0897,entity_0261,1,train
entity_0261,entity_0897,1,test
entity_0338,entity_0963,1,train
entity_0963,entity_0338,1,validation
entity_0371,entity_0861,1,train
entity_0861,entity_0371,1,test
entity_0745,entity_0592,1,train
entity_0592,entity_0745,1,test
entity_0970,entity_0609,0,train
entity_0609,entity_0970,0,validation
entity_0334,entity_0635,0,train
entity_0635,entity_0334,0,test
entity_0470,entity_0833,0,train
entity_0833,entity_0470,0,test
entity_0772,entity_0523,0,train
entity_0523,entity_0772,0,validation
entity_0868,entity_0356,1,train
entity_0356,entity_0868,1,test
entity_0103,entity_0005,1,train
entity_0005,entity_0103,1,test
entity_0901,entity_0673,1,train
entity_0673,entity_0901,1,train
entity_0032,entity_0682,1,train
entity_0682,entity_0032,1,test
entity_0152,entity_0886,1,train
entity_0886,entity_0152,1,test
entity_0191,entity_0209,0,train
entity_0209,entity_0191,0,test
entity_0045,entity_0617,1,train
entity_0617,entity_0045,1,test
entity_0975,entity_0833,1,train
entity_0833,entity_0975,1,test
entity_0557,entity_0345,1,train
entity_0345,entity_0557,1,test
entity_0319,entity_0305,1,train
entity_0305,entity_0319,1,test
entity_0079,entity_0521,1,train
entity_0521,entity_0079,1,train
entity_0008,entity_0713,1,train
entity_0713,entity_0008,1,test
entity_0521,entity_0035,0,train
entity_0035,entity_0521,0,test
entity_0672,entity_0550,1,train
entity_0550,entity_0672,1,validation
entity_0345,entity_0957,0,train
entity_0957,entity_0345,0,validation
entity_0415,entity_0577,1,train
entity_0577,entity_0415,1,test
entity_0221,entity_0252,0,train
entity_0252,entity_0221,0,test
entity_0340,entity_0107,1,train
entity_0107,entity_0340,1,test
entity_0605,entity_0165,1,train
entity_0165,entity_0605,1,validation
entity_0277,entity_0857,1,train
entity_0857,entity_0277,1,test
entity_0582,entity_0778,0,train
entity_0778,entity_0582,0,test
entity_0829,entity_0004,0,train
entity_0004,entity_0829,0,validation
entity_0737,entity_0235,1,train
entity_0235,entity_0737,1,test
entity_0433,entity_0301,1,train
entity_0301,entity_0433,1,test
entity_0813,entity_0048,1,train
entity_0048,entity_0813,1,test
entity_0946,entity_0001,1,train
entity_0001,entity_0946,1,test
entity_0639,entity_0428,1,train
entity_0428,entity_0639,1,test
entity_0876,entity_0099,1,train
entity_0099,entity_0876,1,test
entity_0779,entity_0578,0,train
entity_0578,entity_0779,0,test
entity_0060,entity_0205,1,train
entity_0205,entity_0060,1,test
entity_0125,entity_0857,1,train
entity_0857,entity_0125,1,train
entity_0590,entity_0242,0,train
entity_0242,entity_0590,0,test
entity_0853,entity_0076,0,train
entity_0076,entity_0853,0,validation
entity_0395,entity_0497,1,train
entity_0497,entity_0395,1,test
entity_0015,entity_0290,0,train
entity_0290,entity_0015,0,test
entity_0973,entity_0519,1,train
entity_0519,entity_0973,1,test
entity_0420,entity_0723,0,train
entity_0723,entity_0420,0,test
entity_0856,entity_0137,0,train
entity_0137,entity_0856,0,test
entity_0504,entity_0745,1,train
entity_0745,entity_0504,1,train
entity_0271,entity_0919,1,train
entity_0919,entity_0271,1,train
entity_0516,entity_0589,0,train
entity_0589,entity_0516,0,test
entity_0321,entity_0281,1,train
entity_0281,entity_0321,1,test
entity_0836,entity_0452,0,train
entity_0452,entity_0836,0,test
entity_0624,entity_0654,0,train
entity_0654,entity_0624,0,test
entity_0406,entity_0573,1,train
entity_0573,entity_0406,1,test
entity_0281,entity_0930,1,train
entity_0930,entity_0281,1,validation
entity_0138,entity_0117,1,train
entity_0117,entity_0138,1,test
entity_0611,entity_0599,1,train
entity_0599,entity_0611,1,test
entity_0737,entity_0377,1,train
entity_0377,entity_0737,1,test
entity_0130,entity_0301,0,train
entity_0301,entity_0130,0,test
entity_0582,entity_0173,1,train
entity_0173,entity_0582,1,validation
entity_0412,entity_0396,0,train
entity_0396,entity_0412,0,validation
entity_0797,entity_0750,1,train
entity_0750,entity_0797,1,test
entity_0958,entity_0344,1,train
entity_0344,entity_0958,1,test
entity_0804,entity_0184,1,train
entity_0184,entity_0804,1,validation
entity_0580,entity_0071,0,train
entity_0071,entity_0580,0,validation
entity_0510,entity_0746,0,train
entity_0746,entity_0510,0,validation
entity_0894,entity_0612,1,train
entity_0612,entity_0894,1,test
entity_0951,entity_0884,1,train
entity_0884,entity_0951,1,test
entity_0582,entity_0289,1,train
entity_0289,entity_0582,1,test
entity_0401,entity_0208,1,train
entity_0208,entity_0401,1,validation
entity_0077,entity_0548,1,train
entity_0548,entity_0077,1,test
entity_0777,entity_0735,1,train
entity_0735,entity_0777,1,test
entity_0810,entity_0889,1,train
entity_0889,entity_0810,1,test
entity_0336,entity_0111,1,train
entity_0111,entity_0336,1,validation
entity_0795,entity_0222,0,train
entity_0222,entity_0795,0,train
entity_0129,entity_0841,1,train
entity_0841,entity_0129,1,validation
entity_0397,entity_0803,1,train
entity_0803,entity_0397,1,test
entity_0126,entity_0136,0,train
entity_0136,entity_0126,0,test
entity_0038,entity_0065,0,train
entity_0065,entity_0038,0,test
entity_0486,entity_0344,0,train
entity_0344,entity_0486,0,test
entity_0552,entity_0782,0,train
entity_0782,entity_0552,0,validation
entity_0312,entity_0954,0,train
entity_0954,entity_0312,0,test
entity_0333,entity_0794,1,train
entity_0794,entity_0333,1,validation
entity_0002,entity_0494,0,train
entity_0494,entity_0002,0,test
entity_0131,entity_0166,1,train
entity_0166,entity_0131,1,test
entity_0645,entity_0143,1,train
entity_0143,entity_0645,1,test
entity_0376,entity_0539,1,train
entity_0539,entity_0376,1,validation
entity_0375,entity_0366,1,train
entity_0366,entity_0375,1,test
entity_0274,entity_0590,0,train
entity_0590,entity_0274,0,test
entity_0117,entity_0444,0,train
entity_0444,entity_0117,0,test
entity_0957,entity_0794,1,train
entity_0794,entity_0957,1,train
entity_0946,entity_0864,0,train
entity_0864,entity_0946,0,test
entity_0139,entity_0532,0,train
entity_0532,entity_0139,0,test
entity_0583,entity_0578,1,train
entity_0578,entity_0583,1,test
entity_0197,entity_0272,0,train
entity_0272,entity_0197,0,test
entity_0864,entity_0406,0,train
entity_0406,entity_0864,0,test
entity_0343,entity_0477,0,train
entity_0477,entity_0343,0,test
entity_0135,entity_0278,1,train
entity_0278,entity_0135,1,test
entity_0673,entity_0756,0,train
entity_0756,entity_0673,0,test
entity_0657,entity_0233,1,train
entity_0233,entity_0657,1,validation
entity_0924,entity_0822,1,train
entity_0822,entity_0924,1,test
entity_0545,entity_0178,0,train
entity_0178,entity_0545,0,validation
entity_0529,entity_0939,0,train
entity_0939,entity_0529,0,validation
entity_0741,entity_0905,0,train
entity_0905,entity_0741,0,test
entity_0954,entity_0691,1,train
entity_0691,entity_0954,1,test
entity_0686,entity_0382,0,train
entity_0382,entity_0686,0,test
entity_0261,entity_0784,0,train
entity_0784,entity_0261,0,test
entity_0768,entity_0135,1,train
entity_0135,entity_0768,1,test
entity_0657,entity_0860,1,train
entity_0860,entity_0657,1,test
entity_0251,entity_0713,0,train
entity_0713,entity_0251,0,test
entity_0593,entity_0140,0,train
entity_0140,entity_0593,0,test
entity_0702,entity_0371,1,train
entity_0371,entity_0702,1,validation
entity_0795,entity_0664,0,train
entity_0664,entity_0795,0,validation
entity_0816,entity_0564,1,train
entity_0564,entity_0816,1,test
entity_0853,entity_0113,0,train
entity_0113,entity_0853,0,train
entity_0167,entity_0782,0,train
entity_0782,entity_0167,0,test
entity_0783,entity_0182,0,train
entity_0182,entity_0783,0,validation
entity_0226,entity_0314,0,train
entity_0314,entity_0226,0,test
entity_0543,entity_0522,1,train
entity_0522,entity_0543,1,test
entity_0228,entity_0097,0,train
entity_0097,entity_0228,0,test
entity_0580,entity_0094,0,train
entity_0094,entity_0580,0,train
entity_0698,entity_0851,0,train
entity_0851,entity_0698,0,test
entity_0268,entity_0315,0,train
entity_0315,entity_0268,0,test
entity_0057,entity_0549,1,train
entity_0549,entity_0057,1,test
entity_0728,entity_0657,0,train
entity_0657,entity_0728,0,validation
entity_0881,entity_0492,0,train
entity_0492,entity_0881,0,test
entity_0852,entity_0216,0,train
entity_0216,entity_0852,0,test
entity_0528,entity_0871,0,train
entity_0871,entity_0528,0,validation
entity_0160,entity_0200,0,train
entity_0200,entity_0160,0,validation
entity_0615,entity_0369,1,train
entity_0369,entity_0615,1,test
entity_0010,entity_0894,0,train
entity_0894,entity_0010,0,test
entity_0807,entity_0564,1,train
entity_0564,entity_0807,1,test
entity_0823,entity_0563,0,train
entity_0563,entity_0823,0,test
entity_0214,entity_0947,1,train
entity_0947,entity_0214,1,test
entity_0096,entity_0329,1,train
entity_0329,entity_0096,1,test
entity_0101,entity_0488,0,train
entity_0488,entity_0101,0,validation
entity_0430,entity_0517,0,train
entity_0517,entity_0430,0,test
entity_0084,entity_0364,1,train
entity_0364,entity_0084,1,test
entity_0923,entity_0380,0,train
entity_0380,entity_0923,0,train
entity_0335,entity_0662,1,train
entity_0662,entity_0335,1,test
entity_0988,entity_0140,1,train
entity_0140,entity_0988,1,validation
entity_0256,entity_0073,0,train
entity_0073,entity_0256,0,test
entity_0532,entity_0931,0,train
entity_0931,entity_0532,0,test
entity_0408,entity_0368,1,train
entity_0368,entity_0408,1,test
entity_0657,entity_0904,0,train
entity_0904,entity_0657,0,test
entity_0374,entity_0637,0,train
entity_0637,entity_0374,0,test
entity_0604,entity_0390,1,train
entity_0390,entity_0604,1,train
entity_0031,entity_0886,1,train
entity_0886,entity_0031,1,test
entity_0488,entity_0260,0,train
entity_0260,entity_0488,0,test
entity_0895,entity_0374,0,train
entity_0374,entity_0895,0,test
entity_0208,entity_0682,1,train
entity_0682,entity_0208,1,test
entity_0654,entity_0800,1,train
entity_0800,entity_0654,1,test
entity_0600,entity_0002,0,train
entity_0002,entity_0600,0,test
entity_0673,entity_0495,0,train
entity_0495,entity_0673,0,train
entity_0364,entity_0438,0,train
entity_0438,entity_0364,0,test
entity_0295,entity_0273,0,train
entity_0273,entity_0295,0,test
entity_0991,entity_0385,0,train
entity_0385,entity_0991,0,validation
entity_0607,entity_0928,0,train
entity_0928,entity_0607,0,test
entity_0464,entity_0827,1,train
entity_0827,entity_0464,1,test
entity_0757,entity_0128,0,train
entity_0128,entity_0757,0,test
entity_0021,entity_0616,0,train
entity_0616,entity_0021,0,test
entity_0126,entity_0951,1,train
entity_0951,entity_0126,1,test
entity_0543,entity_0623,0,train
entity_0623,entity_0543,0,test
entity_0255,entity_0929,1,train
entity_0929,entity_0255,1,validation
entity_0188,entity_0491,1,train
entity_0491,entity_0188,1,test
entity_0872,entity_0679,1,train
entity_0679,entity_0872,1,test
entity_0035,entity_0277,1,train
entity_0277,entity_0035,1,test
entity_0400,entity_0726,0,train
entity_0726,entity_0400,0,validation
entity_0205,entity_0724,1,train
entity_0724,entity_0205,1,validation
entity_0730,entity_0095,0,train
entity_0095,entity_0730,0,train
entity_0201,entity_0726,0,train
entity_0726,entity_0201,0,test
entity_0463,entity_0061,0,train
entity_0061,entity_0463,0,test
entity_0022,entity_0868,0,train
entity_0868,entity_0022,0,validation
entity_0237,entity_0467,0,train
entity_0467,entity_0237,0,test
entity_0553,entity_0883,1,train
entity_0883,entity_0553,1,validation
entity_0484,entity_0319,1,train
entity_0319,entity_0484,1,train
entity_0113,entity_0636,1,train
entity_0636,entity_0113,1,validation
entity_0013,entity_0137,1,train
entity_0137,entity_0013,1,test
entity_0570,entity_0703,0,train
entity_0703,entity_0570,0,train
entity_0883,entity_0111,0,train
entity_0111,entity_0883,0,test
entity_0210,entity_0190,0,train
entity_0190,entity_0210,0,test
entity_0863,entity_0902,0,train
entity_0902,entity_0863,0,validation
entity_0395,entity_0801,0,train
entity_0801,entity_0395,0,test
entity_0706,entity_0140,0,train
entity_0140,entity_0706,0,test
entity_0260,entity_0637,1,train
entity_0637,entity_0260,1,test
entity_0456,entity_0413,1,train
entity_0413,entity_0456,1,validation
entity_0122,entity_0533,1,train
entity_0533,entity_0122,1,test
entity_0425,entity_0861,0,train
entity_0861,entity_0425,0,validation
entity_0277,entity_0627,0,train
entity_0627,entity_0277,0,test
entity_0162,entity_0145,0,train
entity_0145,entity_0162,0,test
entity_0731,entity_0037,0,train
entity_0037,entity_0731,0,validation
entity_0345,entity_0780,0,train
entity_0780,entity_0345,0,test
entity_0278,entity_0530,0,train
entity_0530,entity_0278,0,test
entity_0018,entity_0025,0,train
entity_0025,entity_0018,0,test
entity_0673,entity_0890,1,train
entity_0890,entity_0673,1,validation
entity_0915,entity_0861,0,train
entity_0861,entity_0915,0,test
entity_0963,entity_0803,0,train
entity_0803,entity_0963,0,test
entity_0749,entity_0634,1,train
entity_0634,entity_0749,1,test
entity_0949,entity_0561,1,train
entity_0561,entity_0949,1,test
entity_0205,entity_0253,1,train
entity_0253,entity_0205,1,test
entity_0199,entity_0720,1,train
entity_0720,entity_0199,1,validation
entity_0817,entity_0936,1,train
entity_0936,entity_0817,1,train
entity_0243,entity_0162,0,train
entity_0162,entity_0243,0,test
entity_0537,entity_0239,1,train
entity_0239,entity_0537,1,train
entity_0040,entity_0641,0,train
entity_0641,entity_0040,0,test
entity_0477,entity_0203,1,train
entity_0203,entity_0477,1,validation
entity_0374,entity_0521,1,train
entity_0521,entity_0374,1,test
entity_0295,entity_0168,1,train
entity_0168,entity_0295,1,test
entity_0003,entity_0713,0,train
entity_0713,entity_0003,0,test
entity_0755,entity_0003,1,train
entity_0003,entity_0755,1,test
entity_0794,entity_0455,0,train
entity_0455,entity_0794,0,validation
entity_0588,entity_0679,1,train
entity_0679,entity_0588,1,test
entity_0798,entity_0388,0,train
entity_0388,entity_0798,0,test
entity_0146,entity_0649,0,train
entity_0649,entity_0146,0,test
entity_0446,entity_0204,1,train
entity_0204,entity_0446,1,validation
entity_0085,entity_0072,1,train
entity_0072,entity_0085,1,test
entity_0840,entity_0509,1,train
entity_0509,entity_0840,1,train
entity_0299,entity_0980,1,train
entity_0980,entity_0299,1,train
entity_0891,entity_0098,0,train
entity_0098,entity_0891,0,test
entity_0120,entity_0564,0,train
entity_0564,entity_0120,0,test
entity_0884,entity_0527,0,train
entity_0527,entity_0884,0,test
entity_0910,entity_0202,0,train
entity_0202,entity_0910,0,train
entity_0350,entity_0165,1,train
entity_0165,entity_0350,1,test
entity_0680,entity_0156,1,train
entity_0156,entity_0680,1,test
entity_0599,entity_0211,1,train
entity_0211,entity_0599,1,test
entity_0785,entity_0982,1,train
entity_0982,entity_0785,1,test
entity_0709,entity_0144,0,train
entity_0144,entity_0709,0,test
entity_0993,entity_0196,1,train
entity_0196,entity_0993,1,test
entity_0309,entity_0157,0,train
entity_0157,entity_0309,0,validation
entity_0025,entity_0367,0,train
entity_0367,entity_0025,0,test
entity_0213,entity_0828,1,train
entity_0828,entity_0213,1,train
entity_0388,entity_0518,0,train
entity_0518,entity_0388,0,test
entity_0262,entity_0019,1,train
entity_0019,entity_0262,1,validation
entity_0894,entity_0115,0,train
entity_0115,entity_0894,0,test
entity_0901,entity_0645,0,train
entity_0645,entity_0901,0,train
entity_0799,entity_0968,1,train
entity_0968,entity_0799,1,test
entity_0646,entity_0648,1,train
entity_0648,entity_0646,1,test
entity_0199,entity_0008,1,train
entity_0008,entity_0199,1,train
entity_0551,entity_0425,1,train
entity_0425,entity_0551,1,test
entity_0972,entity_0736,1,train
entity_0736,entity_0972,1,test
entity_0582,entity_0160,1,train
entity_0160,entity_0582,1,validation
entity_0318,entity_0408,0,train
entity_0408,entity_0318,0,test
entity_0624,entity_0783,1,train
entity_0783,entity_0624,1,test
entity_0355,entity_0059,1,train
entity_0059,entity_0355,1,test
entity_0991,entity_0255,0,train
entity_0255,entity_0991,0,train
entity_0138,entity_0417,0,train
entity_0417,entity_0138,0,test
entity_0193,entity_0138,0,train
entity_0138,entity_0193,0,train
entity_0559,entity_0416,0,train
entity_0416,entity_0559,0,test
entity_0859,entity_0295,0,train
entity_0295,entity_0859,0,test
entity_0793,entity_0472,0,train
entity_0472,entity_0793,0,train
entity_0445,entity_0460,0,train
entity_0460,entity_0445,0,test
entity_0573,entity_0416,0,train
entity_0416,entity_0573,0,test
entity_0495,entity_0843,1,train
entity_0843,entity_0495,1,train
entity_0510,entity_0755,1,train
entity_0755,entity_0510,1,test
entity_0773,entity_0940,0,train
entity_0940,entity_0773,0,test
entity_0835,entity_0530,1,train
entity_0530,entity_0835,1,test
entity_0442,entity_0655,1,train
entity_0655,entity_0442,1,test
entity_0554,entity_0509,0,train
entity_0509,entity_0554,0,train
entity_0056,entity_0257,0,train
entity_0257,entity_0056,0,test
entity_0513,entity_0609,1,train
entity_0609,entity_0513,1,test
entity_0858,entity_0906,0,train
entity_0906,entity_0858,0,test
entity_0728,entity_0423,1,train
entity_0423,entity_0728,1,test
entity_0001,entity_0733,0,train
entity_0733,entity_0001,0,test
entity_0930,entity_0996,0,train
entity_0996,entity_0930,0,validation
entity_0064,entity_0113,1,train
entity_0113,entity_0064,1,test
entity_0404,entity_0735,0,train
entity_0735,entity_0404,0,validation
entity_0901,entity_0971,0,train
entity_0971,entity_0901,0,test
entity_0269,entity_0737,1,train
entity_0737,entity_0269,1,test
entity_0630,entity_0512,0,train
entity_0512,entity_0630,0,test
entity_0987,entity_0452,1,train
entity_0452,entity_0987,1,test
entity_0049,entity_0144,0,train
entity_0144,entity_0049,0,test
entity_0983,entity_0879,0,train
entity_0879,entity_0983,0,test
entity_0521,entity_0390,0,train
entity_0390,entity_0521,0,test
entity_0297,entity_0170,1,train
entity_0170,entity_0297,1,test
entity_0130,entity_0874,1,train
entity_0874,entity_0130,1,test
entity_0753,entity_0821,1,train
entity_0821,entity_0753,1,validation
entity_0593,entity_0799,0,train
entity_0799,entity_0593,0,test
entity_0476,entity_0418,1,train
entity_0418,entity_0476,1,validation
entity_0241,entity_0679,0,train
entity_0679,entity_0241,0,test
entity_0740,entity_0370,0,train
entity_0370,entity_0740,0,test
entity_0451,entity_0551,1,train
entity_0551,entity_0451,1,test
entity_0466,entity_0439,1,train
entity_0439,entity_0466,1,train
entity_0699,entity_0943,1,train
entity_0943,entity_0699,1,test
entity_0243,entity_0272,0,train
entity_0272,entity_0243,0,test
entity_0184,entity_0914,0,train
entity_0914,entity_0184,0,test
entity_0695,entity_0114,0,train
entity_0114,entity_0695,0,train
entity_0531,entity_0353,0,train
entity_0353,entity_0531,0,test
entity_0308,entity_0703,1,train
entity_0703,entity_0308,1,validation
entity_0957,entity_0120,1,train
entity_0120,entity_0957,1,test
entity_0610,entity_0997,0,train
entity_0997,entity_0610,0,validation
entity_0732,entity_0502,1,train
entity_0502,entity_0732,1,test
entity_0997,entity_0944,1,train
entity_0944,entity_0997,1,test
entity_0248,entity_0748,0,train
entity_0748,entity_0248,0,test
entity_0869,entity_0911,1,train
entity_0911,entity_0869,1,validation
entity_0764,entity_0213,0,train
entity_0213,entity_0764,0,train
entity_0178,entity_0258,1,train
entity_0258,entity_0178,1,test
entity_0663,entity_0668,0,train
entity_0668,entity_0663,0,test
entity_0184,entity_0751,0,train
entity_0751,entity_0184,0,test
entity_0339,entity_0188,0,train
entity_0188,entity_0339,0,test
entity_0917,entity_0156,0,train
entity_0156,entity_0917,0,validation
entity_0648,entity_0678,0,train
entity_0678,entity_0648,0,test
entity_0725,entity_0312,0,train
entity_0312,entity_0725,0,train
entity_0166,entity_0775,0,train
entity_0775,entity_0166,0,test
entity_0183,entity_0907,0,train
entity_0907,entity_0183,0,test
entity_0122,entity_0705,1,train
entity_0705,entity_0122,1,test
entity_0686,entity_0356,1,train
entity_0356,entity_0686,1,test
entity_0968,entity_0174,0,train
entity_0174,entity_0968,0,test
entity_0427,entity_0303,0,train
entity_0303,entity_0427,0,test
entity_0796,entity_0675,0,train
entity_0675,entity_0796,0,test
entity_0640,entity_0463,1,train
entity_0463,entity_0640,1,test
entity_0817,entity_0716,1,train
entity_0716,entity_0817,1,test
entity_0278,entity_0762,0,train
entity_0762,entity_0278,0,validation
entity_0197,entity_0727,0,train
entity_0727,entity_0197,0,test
entity_0876,entity_0510,0,train
entity_0510,entity_0876,0,test
entity_0702,entity_0073,1,train
entity_0073,entity_0702,1,test
entity_0014,entity_0170,0,train
entity_0170,entity_0014,0,validation
entity_0507,entity_0985,0,train
entity_0985,entity_0507,0,test
entity_0915,entity_0580,1,train
entity_0580,entity_0915,1,test
entity_0728,entity_0631,1,train
entity_0631,entity_0728,1,train
entity_0002,entity_0835,0,train
entity_0835,entity_0002,0,validation
entity_0752,entity_0253,1,train
entity_0253,entity_0752,1,test
entity_0460,entity_0126,0,train
entity_0126,entity_0460,0,test
entity_0026,entity_0345,0,train
entity_0345,entity_0026,0,test
entity_0018,entity_0221,1,train
entity_0221,entity_0018,1,test
entity_0504,entity_0777,0,train
entity_0777,entity_0504,0,test
entity_0712,entity_0963,0,train
entity_0963,entity_0712,0,test
entity_0262,entity_0980,0,train
entity_0980,entity_0262,0,test
entity_0112,entity_0052,1,train
entity_0052,entity_0112,1,train
entity_0649,entity_0376,0,train
entity_0376,entity_0649,0,test
entity_0970,entity_0152,0,train
entity_0152,entity_0970,0,test
entity_0590,entity_0093,0,train
entity_0093,entity_0590,0,test
entity_0587,entity_0816,0,train
entity_0816,entity_0587,0,test
entity_0520,entity_0557,0,train
entity_0557,entity_0520,0,test
entity_0536,entity_0119,1,train
entity_0119,entity_0536,1,test
entity_0412,entity_0980,1,train
entity_0980,entity_0412,1,test
entity_0691,entity_0552,1,train
entity_0552,entity_0691,1,test
entity_0077,entity_0591,1,train
entity_0591,entity_0077,1,test
entity_0135,entity_0607,0,train
entity_0607,entity_0135,0,test
entity_0209,entity_0907,0,train
entity_0907,entity_0209,0,test
entity_0880,entity_0634,0,train
entity_0634,entity_0880,0,test
entity_0286,entity_0568,1,train
entity_0568,entity_0286,1,test
entity_0498,entity_0610,1,train
entity_0610,entity_0498,1,test
entity_0119,entity_0006,1,train
entity_0006,entity_0119,1,test
entity_0510,entity_0032,0,train
entity_0032,entity_0510,0,test
entity_0520,entity_0642,1,train
entity_0642,entity_0520,1,validation
entity_0234,entity_0416,1,train
entity_0416,entity_0234,1,test
entity_0706,entity_0480,1,train
entity_0480,entity_0706,1,test
entity_0019,entity_0118,0,train
entity_0118,entity_0019,0,validation
entity_0313,entity_0640,0,train
entity_0640,entity_0313,0,train
entity_0630,entity_0110,1,train
entity_0110,entity_0630,1,validation
entity_0613,entity_0863,1,train
entity_0863,entity_0613,1,test
entity_0562,entity_0759,1,train
entity_0759,entity_0562,1,validation
entity_0883,entity_0208,0,train
entity_0208,entity_0883,0,test
entity_0298,entity_0966,1,train
entity_0966,entity_0298,1,test
entity_0538,entity_0072,0,train
entity_0072,entity_0538,0,test
entity_0962,entity_0296,1,train
entity_0296,entity_0962,1,train
entity_0818,entity_0603,1,train
entity_0603,entity_0818,1,test
entity_0517,entity_0560,0,train
entity_0560,entity_0517,0,test
entity_0089,entity_0971,1,train
entity_0971,entity_0089,1,test
entity_0259,entity_0126,1,train
entity_0126,entity_0259,1,validation
entity_0087,entity_0563,0,train
entity_0563,entity_0087,0,test
entity_0159,entity_0516,0,train
entity_0516,entity_0159,0,test
entity_0066,entity_0577,1,train
entity_0577,entity_0066,1,train
entity_0442,entity_0673,1,train
entity_0673,entity_0442,1,test
entity_0586,entity_0256,1,train
entity_0256,entity_0586,1,test
entity_0624,entity_0859,1,train
entity_0859,entity_0624,1,test
entity_0751,entity_0070,0,train
entity_0070,entity_0751,0,test
entity_0915,entity_0209,0,train
entity_0209,entity_0915,0,test
entity_0900,entity_0836,1,train
entity_0836,entity_0900,1,validation
entity_0859,entity_0774,1,train
entity_0774,entity_0859,1,test
entity_0957,entity_0897,0,train
entity_0897,entity_0957,0,test
entity_0462,entity_0651,0,train
entity_0651,entity_0462,0,test
entity_0806,entity_0810,1,train
entity_0810,entity_0806,1,test
entity_0208,entity_0078,0,train
entity_0078,entity_0208,0,train
entity_0711,entity_0860,0,train
entity_0860,entity_0711,0,test
entity_0824,entity_0877,0,train
entity_0877,entity_0824,0,test
entity_0852,entity_0859,0,train
entity_0859,entity_0852,0,validation
entity_0887,entity_0350,0,train
entity_0350,entity_0887,0,test
entity_0765,entity_0709,0,train
entity_0709,entity_0765,0,validation
entity_0711,entity_0820,1,train
entity_0820,entity_0711,1,test
entity_0335,entity_0412,1,train
entity_0412,entity_0335,1,test
entity_0525,entity_0201,1,train
entity_0201,entity_0525,1,test
entity_0133,entity_0898,0,train
entity_0898,entity_0133,0,test
entity_0316,entity_0418,1,train
entity_0418,entity_0316,1,validation
entity_0129,entity_0150,0,train
entity_0150,entity_0129,0,test
entity_0341,entity_0932,0,train
entity_0932,entity_0341,0,test
entity_0280,entity_0640,1,train
entity_0640,entity_0280,1,train
entity_0437,entity_0636,0,train
entity_0636,entity_0437,0,test
entity_0714,entity_0200,1,train
entity_0200,entity_0714,1,test
entity_0908,entity_0919,1,train
entity_0919,entity_0908,1,test
entity_0955,entity_0891,1,train
entity_0891,entity_0955,1,test
entity_0646,entity_0495,0,train
entity_0495,entity_0646,0,test
entity_0556,entity_0648,1,train
entity_0648,entity_0556,1,train
entity_0717,entity_0668,1,train
entity_0668,entity_0717,1,test
entity_0638,entity_0182,0,train
entity_0182,entity_0638,0,test
entity_0900,entity_0041,0,train
entity_0041,entity_0900,0,test
entity_0881,entity_0840,0,train
entity_0840,entity_0881,0,test
entity_0928,entity_0474,0,train
entity_0474,entity_0928,0,test
entity_0915,entity_0571,0,train
entity_0571,entity_0915,0,test
entity_0404,entity_0491,1,train
entity_0491,entity_0404,1,test
entity_0455,entity_0973,1,train
entity_0973,entity_0455,1,validation
entity_0510,entity_0042,1,train
entity_0042,entity_0510,1,test
entity_0836,entity_0702,0,train
entity_0702,entity_0836,0,train
entity_0914,entity_0546,1,train
entity_0546,entity_0914,1,test
entity_0959,entity_0870,1,train
entity_0870,entity_0959,1,test
entity_0240,entity_0448,0,train
entity_0448,entity_0240,0,test
entity_0163,entity_0614,1,train
entity_0614,entity_0163,1,validation
entity_0678,entity_0846,0,train
entity_0846,entity_0678,0,test
entity_0575,entity_0629,1,train
entity_0629,entity_0575,1,test
entity_0100,entity_0308,1,train
entity_0308,entity_0100,1,test
entity_0096,entity_0956,1,train
entity_0956,entity_0096,1,test
entity_0803,entity_0814,0,train
entity_0814,entity_0803,0,test
entity_0697,entity_0511,0,train
entity_0511,entity_0697,0,test
entity_0016,entity_0866,1,train
entity_0866,entity_0016,1,test
entity_0898,entity_0216,1,train
entity_0216,entity_0898,1,validation
entity_0989,entity_0696,0,train
entity_0696,entity_0989,0,test
entity_0634,entity_0455,1,train
entity_0455,entity_0634,1,test
entity_0154,entity_0604,1,train
entity_0604,entity_0154,1,test
entity_0518,entity_0612,1,train
entity_0612,entity_0518,1,test
entity_0444,entity_0082,0,train
entity_0082,entity_0444,0,validation
entity_0279,entity_0290,0,train
entity_0290,entity_0279,0,test
entity_0856,entity_0245,1,train
entity_0245,entity_0856,1,test
entity_0327,entity_0417,1,train
entity_0417,entity_0327,1,validation
entity_0014,entity_0032,0,train
entity_0032,entity_0014,0,test
entity_0297,entity_0090,1,train
entity_0090,entity_0297,1,validation
entity_0438,entity_0114,0,train
entity_0114,entity_0438,0,test
entity_0225,entity_0926,0,train
entity_0926,entity_0225,0,validation
entity_0840,entity_0412,0,train
entity_0412,entity_0840,0,train
entity_0427,entity_0387,1,train
entity_0387,entity_0427,1,validation
entity_0078,entity_0421,1,train
entity_0421,entity_0078,1,test
entity_0875,entity_0606,1,train
entity_0606,entity_0875,1,train
entity_0964,entity_0670,1,train
entity_0670,entity_0964,1,test
entity_0827,entity_0119,0,train
entity_0119,entity_0827,0,test
entity_0882,entity_0561,0,train
entity_0561,entity_0882,0,test
entity_0757,entity_0278,0,train
entity_0278,entity_0757,0,test
entity_0970,entity_0621,1,train
entity_0621,entity_0970,1,test
entity_0733,entity_0054,1,train
entity_0054,entity_0733,1,test
entity_0624,entity_0395,0,train
entity_0395,entity_0624,0,test
entity_0905,entity_0678,0,train
entity_0678,entity_0905,0,test
entity_0869,entity_0936,1,train
entity_0936,entity_0869,1,test
entity_0477,entity_0831,1,train
entity_0831,entity_0477,1,test
entity_0955,entity_0375,0,train
entity_0375,entity_0955,0,test
entity_0444,entity_0505,0,train
entity_0505,entity_0444,0,test
entity_0237,entity_0932,0,train
entity_0932,entity_0237,0,test
entity_0872,entity_0912,0,train
entity_0912,entity_0872,0,test
entity_0881,entity_0723,0,train
entity_0723,entity_0881,0,test
entity_0181,entity_0896,1,train
entity_0896,entity_0181,1,test
entity_0907,entity_0922,0,train
entity_0922,entity_0907,0,test
entity_0014,entity_0131,1,train
entity_0131,entity_0014,1,test
entity_0935,entity_0858,1,train
entity_0858,entity_0935,1,test
entity_0181,entity_0866,0,train
entity_0866,entity_0181,0,test
entity_0631,entity_0393,0,train
entity_0393,entity_0631,0,test
entity_0574,entity_0760,1,train
entity_0760,entity_0574,1,test
entity_0975,entity_0632,1,train
entity_0632,entity_0975,1,validation
entity_0807,entity_0636,0,train
entity_0636,entity_0807,0,test
entity_0768,entity_0989,0,train
entity_0989,entity_0768,0,test
entity_0565,entity_0428,1,train
entity_0428,entity_0565,1,test
entity_0091,entity_0743,0,train
entity_0743,entity_0091,0,test
entity_0204,entity_0250,0,train
entity_0250,entity_0204,0,validation
entity_0821,entity_0405,0,train
entity_0405,entity_0821,0,test
entity_0857,entity_0996,1,train
entity_0996,entity_0857,1,validation
entity_0706,entity_0962,0,train
entity_0962,entity_0706,0,validation
entity_0693,entity_0128,0,train
entity_0128,entity_0693,0,test
entity_0472,entity_0059,0,train
entity_0059,entity_0472,0,test
entity_0361,entity_0311,1,train
entity_0311,entity_0361,1,test
entity_0656,entity_0031,0,train
entity_0031,entity_0656,0,test
entity_0676,entity_0906,1,train
entity_0906,entity_0676,1,test
entity_0365,entity_0407,0,train
entity_0407,entity_0365,0,test
entity_0818,entity_0941,1,train
entity_0941,entity_0818,1,test
entity_0548,entity_0033,1,train
entity_0033,entity_0548,1,validation
entity_0785,entity_0008,1,train
entity_0008,entity_0785,1,test
entity_0230,entity_0822,0,train
entity_0822,entity_0230,0,test
entity_0098,entity_0633,0,train
entity_0633,entity_0098,0,test
entity_0291,entity_0264,0,train
entity_0264,entity_0291,0,test
entity_0706,entity_0785,0,train
entity_0785,entity_0706,0,test
entity_0658,entity_0466,0,train
entity_0466,entity_0658,0,test
entity_0525,entity_0504,0,train
entity_0504,entity_0525,0,test
entity_0375,entity_0468,0,train
entity_0468,entity_0375,0,test
entity_0649,entity_0348,1,train
entity_0348,entity_0649,1,test
entity_0199,entity_0700,0,train
entity_0700,entity_0199,0,train
entity_0777,entity_0451,0,train
entity_0451,entity_0777,0,test
entity_0899,entity_0461,0,train
entity_0461,entity_0899,0,train
entity_0056,entity_0719,0,train
entity_0719,entity_0056,0,validation
entity_0031,entity_0117,1,train
entity_0117,entity_0031,1,test
entity_0314,entity_0063,0,train
entity_0063,entity_0314,0,test
entity_0090,entity_0879,1,train
entity_0879,entity_0090,1,test
entity_0326,entity_0347,1,train
entity_0347,entity_0326,1,test
entity_0232,entity_0301,0,train
entity_0301,entity_0232,0,test
entity_0763,entity_0686,0,train
entity_0686,entity_0763,0,test
entity_0545,entity_0469,1,train
entity_0469,entity_0545,1,validation
entity_0409,entity_0363,1,train
entity_0363,entity_0409,1,test
entity_0551,entity_0438,1,train
entity_0438,entity_0551,1,test
entity_0453,entity_0780,1,train
entity_0780,entity_0453,1,test
entity_1000,entity_0693,0,train
entity_0693,entity_1000,0,validation
entity_0450,entity_0766,1,train
entity_0766,entity_0450,1,test
entity_0250,entity_0025,0,train
entity_0025,entity_0250,0,validation
entity_0671,entity_0799,0,train
entity_0799,entity_0671,0,validation
entity_0679,entity_0055,1,train
entity_0055,entity_0679,1,test
entity_0988,entity_0119,1,train
entity_0119,entity_0988,1,test
entity_0525,entity_0881,1,train
entity_0881,entity_0525,1,validation
entity_0637,entity_0151,1,train
entity_0151,entity_0637,1,test
entity_0248,entity_0537,1,train
entity_0537,entity_0248,1,test
entity_0842,entity_0258,0,train
entity_0258,entity_0842,0,validation
entity_0567,entity_0330,0,train
entity_0330,entity_0567,0,train
entity_0041,entity_0570,0,train
entity_0570,entity_0041,0,test
entity_0495,entity_0830,0,train
entity_0830,entity_0495,0,test
entity_0101,entity_0855,0,train
entity_0855,entity_0101,0,test
entity_0298,entity_0926,1,train
entity_0926,entity_0298,1,validation
entity_0403,entity_0396,1,train
entity_0396,entity_0403,1,test
entity_0429,entity_0769,0,train
entity_0769,entity_0429,0,validation
entity_0577,entity_0026,0,train
entity_0026,entity_0577,0,test
entity_0836,entity_0375,1,train
entity_0375,entity_0836,1,test
entity_0253,entity_0417,0,train
entity_0417,entity_0253,0,validation
entity_0829,entity_0368,1,train
entity_0368,entity_0829,1,test
entity_0819,entity_0224,1,train
entity_0224,entity_0819,1,train
entity_0147,entity_0110,1,train
entity_0110,entity_0147,1,test
entity_0973,entity_0312,1,train
entity_0312,entity_0973,1,test
entity_0580,entity_0319,1,train
entity_0319,entity_0580,1,test
entity_0228,entity_0932,0,train
entity_0932,entity_0228,0,test
entity_0281,entity_0371,0,train
entity_0371,entity_0281,0,validation
entity_0064,entity_0320,1,train
entity_0320,entity_0064,1,test
entity_0373,entity_0792,0,train
entity_0792,entity_0373,0,validation
entity_0542,entity_0701,0,train
entity_0701,entity_0542,0,validation
entity_0061,entity_0162,0,train
entity_0162,entity_0061,0,test
entity_0428,entity_0621,0,train
entity_0621,entity_0428,0,test
entity_0713,entity_0244,1,train
entity_0244,entity_0713,1,test
entity_0716,entity_0704,0,train
entity_0704,entity_0716,0,test
entity_0978,entity_0651,0,train
entity_0651,entity_0978,0,test
entity_0413,entity_0190,0,train
entity_0190,entity_0413,0,test
entity_0242,entity_0887,0,train
entity_0887,entity_0242,0,test
entity_0566,entity_0176,0,train
entity_0176,entity_0566,0,validation
entity_0283,entity_0950,1,train
entity_0950,entity_0283,1,test
entity_0406,entity_0866,1,train
entity_0866,entity_0406,1,test
entity_0818,entity_0344,1,train
entity_0344,entity_0818,1,test
entity_0349,entity_0493,1,train
entity_0493,entity_0349,1,test
entity_0606,entity_0680,0,train
entity_0680,entity_0606,0,validation
entity_0571,entity_0613,1,train
entity_0613,entity_0571,1,validation
entity_0189,entity_0258,0,train
entity_0258,entity_0189,0,test
entity_0632,entity_0725,0,train
entity_0725,entity_0632,0,validation
entity_0752,entity_0724,1,train
entity_0724,entity_0752,1,test
entity_0253,entity_0675,1,train
entity_0675,entity_0253,1,test
entity_0120,entity_0794,1,train
entity_0794,entity_0120,1,test
entity_0129,entity_0472,0,train
entity_0472,entity_0129,0,test
entity_0873,entity_0603,1,train
entity_0603,entity_0873,1,test
entity_0381,entity_0653,0,train
entity_0653,entity_0381,0,test
entity_0405,entity_0001,1,train
entity_0001,entity_0405,1,test
entity_0058,entity_0393,0,train
entity_0393,entity_0058,0,validation
entity_0079,entity_0374,1,train
entity_0374,entity_0079,1,test
entity_0158,entity_0480,1,train
entity_0480,entity_0158,1,test
entity_0291,entity_0105,0,train
entity_0105,entity_0291,0,test
entity_0616,entity_0174,1,train
entity_0174,entity_0616,1,train
entity_0582,entity_0336,0,train
entity_0336,entity_0582,0,test
entity_0445,entity_0431,0,train
entity_0431,entity_0445,0,test
entity_0608,entity_0926,0,train
entity_0926,entity_0608,0,validation
entity_0481,entity_0083,0,train
entity_0083,entity_0481,0,test
entity_0315,entity_0092,0,train
entity_0092,entity_0315,0,test
entity_0497,entity_0649,0,train
entity_0649,entity_0497,0,train
entity_0782,entity_0097,0,train
entity_0097,entity_0782,0,test
entity_0935,entity_0047,0,train
entity_0047,entity_0935,0,test
entity_0897,entity_0554,1,train
entity_0554,entity_0897,1,test
entity_0872,entity_0629,0,train
entity_0629,entity_0872,0,test
entity_0804,entity_0300,1,train
entity_0300,entity_0804,1,test
entity_0395,entity_0164,1,train
entity_0164,entity_0395,1,test
entity_0536,entity_0006,1,train
entity_0006,entity_0536,1,validation
entity_0926,entity_0966,1,train
entity_0966,entity_0926,1,validation
entity_0683,entity_0299,1,train
entity_0299,entity_0683,1,train
entity_0491,entity_0580,0,train
entity_0580,entity_0491,0,test
entity_0792,entity_0970,1,train
entity_0970,entity_0792,1,test
entity_0081,entity_0718,1,train
entity_0718,entity_0081,1,test
entity_0984,entity_0347,1,train
entity_0347,entity_0984,1,train
entity_0730,entity_0673,0,train
entity_0673,entity_0730,0,test
entity_0549,entity_0529,1,train
entity_0529,entity_0549,1,validation
entity_0702,entity_0907,0,train
entity_0907,entity_0702,0,validation
entity_0252,entity_0010,0,train
entity_0010,entity_0252,0,test
entity_0780,entity_0072,1,train
entity_0072,entity_0780,1,test
entity_0103,entity_0449,1,train
entity_0449,entity_0103,1,validation
entity_0008,entity_0695,0,train
entity_0695,entity_0008,0,test
entity_0268,entity_0191,0,train
entity_0191,entity_0268,0,test
entity_0933,entity_0316,1,train
entity_0316,entity_0933,1,train
entity_0088,entity_0239,0,train
entity_0239,entity_0088,0,test
entity_0099,entity_0373,1,train
entity_0373,entity_0099,1,test
entity_0603,entity_0349,0,train
entity_0349,entity_0603,0,test
entity_0028,entity_0863,1,train
entity_0863,entity_0028,1,test
entity_0513,entity_0201,1,train
entity_0201,entity_0513,1,test
entity_0827,entity_0674,1,train
entity_0674,entity_0827,1,test
entity_0930,entity_0854,0,train
entity_0854,entity_0930,0,test
entity_0581,entity_0483,1,train
entity_0483,entity_0581,1,test
entity_0687,entity_0253,0,train
entity_0253,entity_0687,0,test
entity_0040,entity_0401,0,train
entity_0401,entity_0040,0,test
entity_0283,entity_0256,0,train
entity_0256,entity_0283,0,test
entity_0748,entity_0339,0,train
entity_0339,entity_0748,0,test
entity_0762,entity_0378,0,train
entity_0378,entity_0762,0,test
entity_0720,entity_0244,1,train
entity_0244,entity_0720,1,validation
entity_0655,entity_0901,1,train
entity_0901,entity_0655,1,test
entity_0063,entity_0290,1,train
entity_0290,entity_0063,1,test
entity_0249,entity_0448,1,train
entity_0448,entity_0249,1,train
entity_0978,entity_0877,1,train
entity_0877,entity_0978,1,test
entity_0901,entity_0923,0,train
entity_0923,entity_0901,0,validation
entity_0575,entity_0091,0,train
entity_0091,entity_0575,0,test
entity_0444,entity_0431,0,train
entity_0431,entity_0444,0,train
entity_0949,entity_0626,1,train
entity_0626,entity_0949,1,test
entity_0493,entity_0098,1,train
entity_0098,entity_0493,1,test
entity_0222,entity_0592,1,train
entity_0592,entity_0222,1,validation
entity_0707,entity_0635,0,train
entity_0635,entity_0707,0,train
entity_0092,entity_0806,0,train
entity_0806,entity_0092,0,validation
entity_0831,entity_0716,0,train
entity_0716,entity_0831,0,test
entity_0326,entity_0932,0,train
entity_0932,entity_0326,0,test
entity_0855,entity_0870,1,train
entity_0870,entity_0855,1,train
entity_0023,entity_0482,0,train
entity_0482,entity_0023,0,test
entity_0117,entity_0905,0,train
entity_0905,entity_0117,0,test
entity_0606,entity_0069,1,train
entity_0069,entity_0606,1,test
entity_0869,entity_0635,1,train
entity_0635,entity_0869,1,test
entity_0151,entity_0888,1,train
entity_0888,entity_0151,1,test
entity_0948,entity_0326,0,train
entity_0326,entity_0948,0,test
entity_0184,entity_0422,0,train
entity_0422,entity_0184,0,test
entity_0880,entity_0587,1,train
entity_0587,entity_0880,1,test
entity_0555,entity_0854,1,train
entity_0854,entity_0555,1,validation
entity_0121,entity_0908,1,train
entity_0908,entity_0121,1,test
entity_0322,entity_0903,0,train
entity_0903,entity_0322,0,test
entity_0993,entity_0487,1,train
entity_0487,entity_0993,1,test
entity_0368,entity_0176,0,train
entity_0176,entity_0368,0,test
entity_0598,entity_0718,1,train
entity_0718,entity_0598,1,test
entity_0599,entity_0418,1,train
entity_0418,entity_0599,1,validation
entity_0353,entity_0799,1,train
entity_0799,entity_0353,1,validation
entity_0435,entity_0694,1,train
entity_0694,entity_0435,1,test
entity_0677,entity_0406,0,train
entity_0406,entity_0677,0,test
entity_0615,entity_0670,0,train
entity_0670,entity_0615,0,validation
entity_0190,entity_0372,1,train
entity_0372,entity_0190,1,test
entity_0779,entity_0469,0,train
entity_0469,entity_0779,0,train
entity_0875,entity_0324,0,train
entity_0324,entity_0875,0,test
entity_0289,entity_0835,1,train
entity_0835,entity_0289,1,train
entity_0845,entity_0078,0,train
entity_0078,entity_0845,0,test
entity_0141,entity_0592,0,train
entity_0592,entity_0141,0,test
entity_0719,entity_0706,0,train
entity_0706,entity_0719,0,validation
entity_0390,entity_0763,0,train
entity_0763,entity_0390,0,test
entity_0003,entity_0044,0,train
entity_0044,entity_0003,0,test
entity_0654,entity_0752,0,train
entity_0752,entity_0654,0,validation
entity_0478,entity_0356,0,train
entity_0356,entity_0478,0,test
entity_0045,entity_0805,0,train
entity_0805,entity_0045,0,test
entity_0089,entity_0687,1,train
entity_0687,entity_0089,1,validation
entity_0370,entity_0061,1,train
entity_0061,entity_0370,1,test
entity_0460,entity_0646,0,train
entity_0646,entity_0460,0,test
entity_0005,entity_0675,0,train
entity_0675,entity_0005,0,test
entity_0952,entity_0940,0,train
entity_0940,entity_0952,0,validation
entity_0287,entity_0099,0,train
entity_0099,entity_0287,0,validation
entity_0751,entity_0153,1,train
entity_0153,entity_0751,1,train
entity_0692,entity_0338,0,train
entity_0338,entity_0692,0,train
entity_0489,entity_0804,1,train
entity_0804,entity_0489,1,test
entity_0083,entity_0540,1,train
entity_0540,entity_0083,1,validation
entity_0108,entity_0557,1,train
entity_0557,entity_0108,1,train
entity_0465,entity_0657,1,train
entity_0657,entity_0465,1,test
entity_0526,entity_0752,0,train
entity_0752,entity_0526,0,train
entity_0214,entity_0979,1,train
entity_0979,entity_0214,1,test
entity_0314,entity_0484,0,train
entity_0484,entity_0314,0,test
entity_0862,entity_0534,0,train
entity_0534,entity_0862,0,test
entity_0282,entity_0042,0,train
entity_0042,entity_0282,0,test
entity_0725,entity_0577,0,train
entity_0577,entity_0725,0,train
entity_0317,entity_0971,0,train
entity_0971,entity_0317,0,test
entity_0707,entity_0035,0,train
entity_0035,entity_0707,0,test
entity_0865,entity_0188,0,train
entity_0188,entity_0865,0,test
entity_0627,entity_0964,0,train
entity_0964,entity_0627,0,validation
entity_0426,entity_0573,0,train
entity_0573,entity_0426,0,validation
entity_0046,entity_0303,0,train
entity_0303,entity_0046,0,test
entity_0412,entity_0095,0,train
entity_0095,entity_0412,0,validation
entity_0807,entity_0788,0,train
entity_0788,entity_0807,0,test
entity_0862,entity_0251,1,train
entity_0251,entity_0862,1,test
entity_0369,entity_0015,0,train
entity_0015,entity_0369,0,train
entity_0983,entity_0015,1,train
entity_0015,entity_0983,1,test
entity_0914,entity_0218,0,train
entity_0218,entity_0914,0,test
entity_0039,entity_0468,0,train
entity_0468,entity_0039,0,validation
entity_0633,entity_0504,1,train
entity_0504,entity_0633,1,test
entity_0766,entity_0758,1,train
entity_0758,entity_0766,1,test
entity_0499,entity_0859,0,train
entity_0859,entity_0499,0,train
entity_0847,entity_0944,1,train
entity_0944,entity_0847,1,test
entity_0576,entity_0496,0,train
entity_0496,entity_0576,0,test
entity_0597,entity_0867,1,train
entity_0867,entity_0597,1,test
entity_0973,entity_0749,1,train
entity_0749,entity_0973,1,validation
entity_0638,entity_0464,0,train
entity_0464,entity_0638,0,test
entity_0760,entity_0165,1,train
entity_0165,entity_0760,1,test
entity_0698,entity_0507,1,train
entity_0507,entity_0698,1,test
entity_0341,entity_0812,1,train
entity_0812,entity_0341,1,test
entity_0294,entity_0405,1,train
entity_0405,entity_0294,1,test
entity_0591,entity_0886,0,train
entity_0886,entity_0591,0,test
entity_0742,entity_0376,1,train
entity_0376,entity_0742,1,test
entity_0026,entity_0819,0,train
entity_0819,entity_0026,0,validation
entity_0764,entity_0801,1,train
entity_0801,entity_0764,1,test
entity_0680,entity_0020,1,train
entity_0020,entity_0680,1,test
entity_0668,entity_0196,1,train
entity_0196,entity_0668,1,test
entity_0336,entity_0385,1,train
entity_0385,entity_0336,1,test
entity_0768,entity_0582,0,train
entity_0582,entity_0768,0,validation
entity_0929,entity_0191,1,train
entity_0191,entity_0929,1,validation
entity_0697,entity_0260,0,train
entity_0260,entity_0697,0,validation
entity_0601,entity_0387,0,train
entity_0387,entity_0601,0,test
entity_0417,entity_0612,1,train
entity_0612,entity_0417,1,test
entity_0144,entity_0989,1,train
entity_0989,entity_0144,1,test
entity_0625,entity_0595,0,train
entity_0595,entity_0625,0,test
entity_0185,entity_0935,0,train
entity_0935,entity_0185,0,train
entity_0158,entity_0573,0,train
entity_0573,entity_0158,0,test
entity_0774,entity_0236,1,train
entity_0236,entity_0774,1,train
entity_0194,entity_0832,0,train
entity_0832,entity_0194,0,test
entity_0485,entity_0605,1,train
entity_0605,entity_0485,1,test
entity_0010,entity_0009,0,train
entity_0009,entity_0010,0,test
entity_0285,entity_0286,1,train
entity_0286,entity_0285,1,test
entity_0230,entity_0371,1,train
entity_0371,entity_0230,1,test
entity_0551,entity_0606,0,train
entity_0606,entity_0551,0,test
entity_0252,entity_0863,0,train
entity_0863,entity_0252,0,test
entity_0915,entity_0689,1,train
entity_0689,entity_0915,1,test
entity_0228,entity_0653,1,train
entity_0653,entity_0228,1,test
entity_0189,entity_0821,0,train
entity_0821,entity_0189,0,validation
entity_0539,entity_0786,0,train
entity_0786,entity_0539,0,test
entity_0843,entity_0308,0,train
entity_0308,entity_0843,0,validation
entity_0912,entity_0038,0,train
entity_0038,entity_0912,0,validation
entity_0064,entity_0982,0,train
entity_0982,entity_0064,0,test
entity_0186,entity_0923,1,train
entity_0923,entity_0186,1,validation
entity_0801,entity_0254,1,train
entity_0254,entity_0801,1,test
entity_0316,entity_0444,0,train
entity_0444,entity_0316,0,test
entity_0063,entity_0806,1,train
entity_0806,entity_0063,1,test
entity_0008,entity_0792,1,train
entity_0792,entity_0008,1,validation
entity_0588,entity_0364,0,train
entity_0364,entity_0588,0,validation
entity_0034,entity_0376,0,train
entity_0376,entity_0034,0,train
entity_0423,entity_0793,0,train
entity_0793,entity_0423,0,test
entity_0766,entity_0547,0,train
entity_0547,entity_0766,0,test
entity_0971,entity_0275,1,train
entity_0275,entity_0971,1,validation
entity_0814,entity_0224,1,train
entity_0224,entity_0814,1,test
entity_0111,entity_0145,0,train
entity_0145,entity_0111,0,validation
entity_0431,entity_0266,1,train
entity_0266,entity_0431,1,test
entity_0681,entity_0224,0,train
entity_0224,entity_0681,0,test
entity_0073,entity_0046,1,train
entity_0046,entity_0073,1,test
entity_0332,entity_0731,0,train
entity_0731,entity_0332,0,test
entity_0103,entity_0283,1,train
entity_0283,entity_0103,1,test
entity_0480,entity_0141,1,train
entity_0141,entity_0480,1,validation
entity_0013,entity_0729,0,train
entity_0729,entity_0013,0,test
entity_0092,entity_0691,0,train
entity_0691,entity_0092,0,validation
entity_0702,entity_0011,1,train
entity_0011,entity_0702,1,test
entity_0407,entity_0577,0,train
entity_0577,entity_0407,0,train
entity_0512,entity_0046,0,train
entity_0046,entity_0512,0,test
entity_0043,entity_0594,0,train
entity_0594,entity_0043,0,test
entity_0380,entity_0331,0,train
entity_0331,entity_0380,0,test
entity_0369,entity_0501,0,train
entity_0501,entity_0369,0,train
entity_0694,entity_0569,1,train
entity_0569,entity_0694,1,train
entity_0096,entity_0983,0,train
entity_0983,entity_0096,0,test
entity_0586,entity_0324,0,train
entity_0324,entity_0586,0,test
entity_0835,entity_0160,1,train
entity_0160,entity_0835,1,test
entity_0598,entity_0613,0,train
entity_0613,entity_0598,0,validation
entity_0411,entity_0487,0,train
entity_0487,entity_0411,0,validation
entity_0446,entity_0987,1,train
entity_0987,entity_0446,1,validation
entity_0744,entity_0225,0,train
entity_0225,entity_0744,0,validation
entity_0515,entity_0409,1,train
entity_0409,entity_0515,1,train
entity_0809,entity_0529,0,train
entity_0529,entity_0809,0,validation
entity_0077,entity_0097,0,train
entity_0097,entity_0077,0,test
entity_0082,entity_0211,1,train
entity_0211,entity_0082,1,validation
entity_0957,entity_0586,0,train
entity_0586,entity_0957,0,validation
