pair_id,pair_role,unordered_entity_a,unordered_entity_b,label,train_entity_1,train_entity_2,holdout_entity_1,holdout_entity_2,reverse_split
pair_000001,query,entity_0270,entity_0973,0,entity_0973,entity_0270,entity_0270,entity_0973,test
pair_000002,demo,entity_0878,entity_0879,1,entity_0878,entity_0879,entity_0879,entity_0878,train
pair_000003,query,entity_0318,entity_0344,0,entity_0318,entity_0344,entity_0344,entity_0318,validation
pair_000004,query,entity_0981,entity_0989,1,entity_0981,entity_0989,entity_0989,entity_0981,test
pair_000005,demo,entity_0001,entity_0008,1,entity_0001,entity_0008,entity_0008,entity_0001,train
pair_000006,query,entity_0365,entity_0370,1,entity_0365,entity_0370,entity_0370,entity_0365,test
pair_000007,demo,entity_0364,entity_0369,1,entity_0364,entity_0369,entity_0369,entity_0364,train
pair_000008,query,entity_0074,entity_0672,0,entity_0074,entity_0672,entity_0672,entity_0074,test
pair_000009,query,entity_0457,entity_0459,1,entity_0457,entity_0459,entity_0459,entity_0457,validation
pair_000010,demo,entity_0031,entity_0039,1,entity_0039,entity_0031,entity_0031,entity_0039,train
pair_000011,query,entity_0656,entity_0659,1,entity_0659,entity_0656,entity_0656,entity_0659,test
pair_000012,query,entity_0284,entity_0681,0,entity_0284,entity_0681,entity_0681,entity_0284,test
pair_000013,query,entity_0111,entity_0959,0,entity_0111,entity_0959,entity_0959,entity_0111,test
pair_000014,demo,entity_0195,entity_0642,0,entity_0195,entity_0642,entity_0642,entity_0195,train
pair_000015,query,entity_0230,entity_0274,0,entity_0230,entity_0274,entity_0274,entity_0230,validation
pair_000016,demo,entity_0468,entity_0470,1,entity_0468,entity_0470,entity_0470,entity_0468,train
pair_000017,demo,entity_0849,entity_0850,1,entity_0850,entity_0849,entity_0849,entity_0850,train
pair_000018,demo,entity_0353,entity_0612,0,entity_0612,entity_0353,entity_0353,entity_0612,train
pair_000019,query,entity_0635,entity_0654,0,entity_0635,entity_0654,entity_0654,entity_0635,test
pair_000020,demo,entity_0546,entity_0674,0,entity_0674,entity_0546,entity_0546,entity_0674,train
pair_000021,demo,entity_0202,entity_0813,0,entity_0202,entity_0813,entity_0813,entity_0202,train
pair_000022,demo,entity_0933,entity_0936,1,entity_0933,entity_0936,entity_0936,entity_0933,train
pair_000023,query,entity_0178,entity_0280,0,entity_0178,entity_0280,entity_0280,entity_0178,test
pair_000024,query,entity_0239,entity_0793,0,entity_0239,entity_0793,entity_0793,entity_0239,test
pair_000025,query,entity_0143,entity_0148,1,entity_0143,entity_0148,entity_0148,entity_0143,test
pair_000026,query,entity_0512,entity_0923,0,entity_0923,entity_0512,entity_0512,entity_0923,test
pair_000027,demo,entity_0164,entity_0344,0,entity_0344,entity_0164,entity_0164,entity_0344,train
pair_000028,query,entity_0131,entity_0139,1,entity_0139,entity_0131,entity_0131,entity_0139,test
pair_000029,demo,entity_0119,entity_0868,0,entity_0868,entity_0119,entity_0119,entity_0868,train
pair_000030,demo,entity_0431,entity_0439,1,entity_0439,entity_0431,entity_0431,entity_0439,train
pair_000031,query,entity_0525,entity_0716,0,entity_0716,entity_0525,entity_0525,entity_0716,test
pair_000032,query,entity_0786,entity_0787,1,entity_0786,entity_0787,entity_0787,entity_0786,test
pair_000033,query,entity_0972,entity_0977,1,entity_0972,entity_0977,entity_0977,entity_0972,test
pair_000034,demo,entity_0694,entity_0700,1,entity_0694,entity_0700,entity_0700,entity_0694,train
pair_000035,query,entity_0044,entity_0996,0,entity_0996,entity_0044,entity_0044,entity_0996,test
pair_000036,demo,entity_0122,entity_0946,0,entity_0946,entity_0122,entity_0122,entity_0946,train
pair_000037,query,entity_0583,entity_0863,0,entity_0863,entity_0583,entity_0583,entity_0863,test
pair_000038,demo,entity_0383,entity_0694,0,entity_0694,entity_0383,entity_0383,entity_0694,train
pair_000039,demo,entity_0018,entity_0362,0,entity_0362,entity_0018,entity_0018,entity_0362,train
pair_000040,query,entity_0702,entity_0710,1,entity_0702,entity_0710,entity_0710,entity_0702,test
pair_000041,demo,entity_0089,entity_0760,0,entity_0760,entity_0089,entity_0089,entity_0760,train
pair_000042,demo,entity_0705,entity_0709,1,entity_0705,entity_0709,entity_0709,entity_0705,train
pair_000043,demo,entity_0047,entity_0048,1,entity_0047,entity_0048,entity_0048,entity_0047,train
pair_000044,query,entity_0083,entity_0085,1,entity_0085,entity_0083,entity_0083,entity_0085,test
pair_000045,demo,entity_0123,entity_0847,0,entity_0847,entity_0123,entity_0123,entity_0847,train
pair_000046,query,entity_0555,entity_0970,0,entity_0555,entity_0970,entity_0970,entity_0555,test
pair_000047,query,entity_0118,entity_0120,1,entity_0118,entity_0120,entity_0120,entity_0118,test
pair_000048,query,entity_0862,entity_0865,1,entity_0865,entity_0862,entity_0862,entity_0865,test
pair_000049,query,entity_0143,entity_0150,1,entity_0143,entity_0150,entity_0150,entity_0143,test
pair_000050,query,entity_0573,entity_0577,1,entity_0573,entity_0577,entity_0577,entity_0573,validation
pair_000051,query,entity_0671,entity_0674,1,entity_0671,entity_0674,entity_0674,entity_0671,validation
pair_000052,demo,entity_0592,entity_0595,1,entity_0592,entity_0595,entity_0595,entity_0592,train
pair_000053,demo,entity_0451,entity_0458,1,entity_0451,entity_0458,entity_0458,entity_0451,train
pair_000054,query,entity_0945,entity_0947,1,entity_0947,entity_0945,entity_0945,entity_0947,validation
pair_000055,query,entity_0526,entity_0530,1,entity_0526,entity_0530,entity_0530,entity_0526,test
pair_000056,demo,entity_0011,entity_0323,0,entity_0011,entity_0323,entity_0323,entity_0011,train
pair_000057,query,entity_0321,entity_0877,0,entity_0877,entity_0321,entity_0321,entity_0877,test
pair_000058,demo,entity_0172,entity_0418,0,entity_0418,entity_0172,entity_0172,entity_0418,train
pair_000059,query,entity_0611,entity_0619,1,entity_0619,entity_0611,entity_0611,entity_0619,test
pair_000060,demo,entity_0181,entity_0187,1,entity_0187,entity_0181,entity_0181,entity_0187,train
pair_000061,query,entity_0062,entity_0313,0,entity_0062,entity_0313,entity_0313,entity_0062,test
pair_000062,demo,entity_0857,entity_0918,0,entity_0857,entity_0918,entity_0918,entity_0857,train
pair_000063,demo,entity_0501,entity_0922,0,entity_0922,entity_0501,entity_0501,entity_0922,train
pair_000064,query,entity_0345,entity_0628,0,entity_0345,entity_0628,entity_0628,entity_0345,validation
pair_000065,demo,entity_0853,entity_0859,1,entity_0859,entity_0853,entity_0853,entity_0859,train
pair_000066,demo,entity_0207,entity_0863,0,entity_0863,entity_0207,entity_0207,entity_0863,train
pair_000067,query,entity_0548,entity_0549,1,entity_0548,entity_0549,entity_0549,entity_0548,test
pair_000068,demo,entity_0952,entity_0957,1,entity_0952,entity_0957,entity_0957,entity_0952,train
pair_000069,query,entity_0024,entity_0029,1,entity_0024,entity_0029,entity_0029,entity_0024,test
pair_000070,query,entity_0586,entity_0594,0,entity_0586,entity_0594,entity_0594,entity_0586,test
pair_000071,query,entity_0186,entity_0187,1,entity_0186,entity_0187,entity_0187,entity_0186,test
pair_000072,demo,entity_0022,entity_0366,0,entity_0366,entity_0022,entity_0022,entity_0366,train
pair_000073,query,entity_0671,entity_0677,1,entity_0677,entity_0671,entity_0671,entity_0677,validation
pair_000074,demo,entity_0395,entity_0654,0,entity_0654,entity_0395,entity_0395,entity_0654,train
pair_000075,query,entity_0248,entity_0250,1,entity_0248,entity_0250,entity_0250,entity_0248,test
pair_000076,query,entity_0066,entity_0936,0,entity_0936,entity_0066,entity_0066,entity_0936,test
pair_000077,demo,entity_0005,entity_0255,0,entity_0255,entity_0005,entity_0005,entity_0255,train
pair_000078,query,entity_0172,entity_0175,1,entity_0172,entity_0175,entity_0175,entity_0172,test
pair_000079,query,entity_0372,entity_0373,1,entity_0373,entity_0372,entity_0372,entity_0373,test
pair_000080,demo,entity_0173,entity_0464,0,entity_0173,entity_0464,entity_0464,entity_0173,train
pair_000081,demo,entity_0445,entity_0450,1,entity_0450,entity_0445,entity_0445,entity_0450,train
pair_000082,demo,entity_0567,entity_0761,0,entity_0761,entity_0567,entity_0567,entity_0761,train
pair_000083,demo,entity_0287,entity_0332,0,entity_0332,entity_0287,entity_0287,entity_0332,train
pair_000084,demo,entity_0836,entity_0838,1,entity_0838,entity_0836,entity_0836,entity_0838,train
pair_000085,query,entity_0231,entity_0239,1,entity_0239,entity_0231,entity_0231,entity_0239,test
pair_000086,demo,entity_0356,entity_0360,1,entity_0356,entity_0360,entity_0360,entity_0356,train
pair_000087,demo,entity_0222,entity_0307,0,entity_0222,entity_0307,entity_0307,entity_0222,train
pair_000088,query,entity_0838,entity_0839,1,entity_0838,entity_0839,entity_0839,entity_0838,validation
pair_000089,demo,entity_0663,entity_0664,1,entity_0664,entity_0663,entity_0663,entity_0664,train
pair_000090,query,entity_0282,entity_0284,1,entity_0284,entity_0282,entity_0282,entity_0284,test
pair_000091,query,entity_0194,entity_0643,0,entity_0194,entity_0643,entity_0643,entity_0194,test
pair_000092,query,entity_0493,entity_0500,1,entity_0500,entity_0493,entity_0493,entity_0500,test
pair_000093,demo,entity_0147,entity_0777,0,entity_0777,entity_0147,entity_0147,entity_0777,train
pair_000094,demo,entity_0273,entity_0449,0,entity_0449,entity_0273,entity_0273,entity_0449,train
pair_000095,query,entity_0057,entity_0059,1,entity_0059,entity_0057,entity_0057,entity_0059,test
pair_000096,query,entity_0035,entity_0037,1,entity_0035,entity_0037,entity_0037,entity_0035,test
pair_000097,demo,entity_0704,entity_0706,1,entity_0706,entity_0704,entity_0704,entity_0706,train
pair_000098,query,entity_0023,entity_0877,0,entity_0877,entity_0023,entity_0023,entity_0877,test
pair_000099,demo,entity_0517,entity_0903,0,entity_0517,entity_0903,entity_0903,entity_0517,train
pair_000100,demo,entity_0215,entity_0798,0,entity_0215,entity_0798,entity_0798,entity_0215,train
pair_000101,demo,entity_0751,entity_0792,0,entity_0792,entity_0751,entity_0751,entity_0792,train
pair_000102,demo,entity_0842,entity_0875,0,entity_0875,entity_0842,entity_0842,entity_0875,train
pair_000103,demo,entity_0417,entity_0880,0,entity_0417,entity_0880,entity_0880,entity_0417,train
pair_000104,query,entity_0876,entity_0877,1,entity_0876,entity_0877,entity_0877,entity_0876,validation
pair_000105,query,entity_0153,entity_0157,1,entity_0157,entity_0153,entity_0153,entity_0157,test
pair_000106,demo,entity_0511,entity_0702,0,entity_0511,entity_0702,entity_0702,entity_0511,train
pair_000107,query,entity_0442,entity_0450,1,entity_0450,entity_0442,entity_0442,entity_0450,test
pair_000108,query,entity_0611,entity_0844,0,entity_0844,entity_0611,entity_0611,entity_0844,test
pair_000109,query,entity_0882,entity_0924,0,entity_0924,entity_0882,entity_0882,entity_0924,test
pair_000110,demo,entity_0196,entity_0197,1,entity_0196,entity_0197,entity_0197,entity_0196,train
pair_000111,query,entity_0463,entity_0468,1,entity_0468,entity_0463,entity_0463,entity_0468,validation
pair_000112,query,entity_0966,entity_0970,1,entity_0970,entity_0966,entity_0966,entity_0970,test
pair_000113,query,entity_0442,entity_0443,1,entity_0442,entity_0443,entity_0443,entity_0442,test
pair_000114,query,entity_0843,entity_0850,1,entity_0843,entity_0850,entity_0850,entity_0843,validation
pair_000115,query,entity_0246,entity_0412,0,entity_0412,entity_0246,entity_0246,entity_0412,test
pair_000116,demo,entity_0427,entity_0428,1,entity_0428,entity_0427,entity_0427,entity_0428,train
pair_000117,query,entity_0284,entity_0646,0,entity_0646,entity_0284,entity_0284,entity_0646,test
pair_000118,query,entity_0692,entity_0694,1,entity_0692,entity_0694,entity_0694,entity_0692,validation
pair_000119,query,entity_0054,entity_0060,1,entity_0054,entity_0060,entity_0060,entity_0054,test
pair_000120,query,entity_0552,entity_0554,1,entity_0552,entity_0554,entity_0554,entity_0552,test
pair_000121,demo,entity_0604,entity_0606,1,entity_0606,entity_0604,entity_0604,entity_0606,train
pair_000122,query,entity_0923,entity_0925,1,entity_0923,entity_0925,entity_0925,entity_0923,validation
pair_000123,query,entity_0534,entity_0537,1,entity_0537,entity_0534,entity_0534,entity_0537,test
pair_000124,demo,entity_0915,entity_0916,1,entity_0915,entity_0916,entity_0916,entity_0915,train
pair_000125,demo,entity_0931,entity_0932,1,entity_0932,entity_0931,entity_0931,entity_0932,train
pair_000126,demo,entity_0626,entity_0821,0,entity_0626,entity_0821,entity_0821,entity_0626,train
pair_000127,demo,entity_0328,entity_0409,0,entity_0409,entity_0328,entity_0328,entity_0409,train
pair_000128,query,entity_0381,entity_0471,0,entity_0471,entity_0381,entity_0381,entity_0471,validation
pair_000129,demo,entity_0301,entity_0606,0,entity_0606,entity_0301,entity_0301,entity_0606,train
pair_000130,demo,entity_0290,entity_0337,0,entity_0290,entity_0337,entity_0337,entity_0290,train
pair_000131,demo,entity_0049,entity_0050,1,entity_0050,entity_0049,entity_0049,entity_0050,train
pair_000132,query,entity_0341,entity_0346,1,entity_0341,entity_0346,entity_0346,entity_0341,validation
pair_000133,demo,entity_0099,entity_0719,0,entity_0099,entity_0719,entity_0719,entity_0099,train
pair_000134,demo,entity_0135,entity_0398,0,entity_0398,entity_0135,entity_0135,entity_0398,train
pair_000135,demo,entity_0684,entity_0844,0,entity_0684,entity_0844,entity_0844,entity_0684,train
pair_000136,demo,entity_0476,entity_0676,0,entity_0676,entity_0476,entity_0476,entity_0676,train
pair_000137,query,entity_0947,entity_0949,1,entity_0949,entity_0947,entity_0947,entity_0949,test
pair_000138,query,entity_0221,entity_0564,0,entity_0564,entity_0221,entity_0221,entity_0564,test
pair_000139,query,entity_0062,entity_0329,0,entity_0329,entity_0062,entity_0062,entity_0329,validation
pair_000140,demo,entity_0042,entity_0048,1,entity_0048,entity_0042,entity_0042,entity_0048,train
pair_000141,query,entity_0332,entity_0335,1,entity_0335,entity_0332,entity_0332,entity_0335,test
pair_000142,demo,entity_0957,entity_0960,1,entity_0960,entity_0957,entity_0957,entity_0960,train
pair_000143,query,entity_0697,entity_0698,1,entity_0697,entity_0698,entity_0698,entity_0697,test
pair_000144,demo,entity_0120,entity_0255,0,entity_0120,entity_0255,entity_0255,entity_0120,train
pair_000145,query,entity_0346,entity_0350,1,entity_0350,entity_0346,entity_0346,entity_0350,test
pair_000146,demo,entity_0822,entity_0829,1,entity_0829,entity_0822,entity_0822,entity_0829,train
pair_000147,query,entity_0012,entity_0957,0,entity_0957,entity_0012,entity_0012,entity_0957,test
pair_000148,demo,entity_0484,entity_0894,0,entity_0894,entity_0484,entity_0484,entity_0894,train
pair_000149,query,entity_0822,entity_0827,1,entity_0822,entity_0827,entity_0827,entity_0822,validation
pair_000150,demo,entity_0812,entity_0820,1,entity_0812,entity_0820,entity_0820,entity_0812,train
pair_000151,query,entity_0882,entity_0887,1,entity_0882,entity_0887,entity_0887,entity_0882,test
pair_000152,query,entity_0764,entity_0768,1,entity_0764,entity_0768,entity_0768,entity_0764,test
pair_000153,query,entity_0339,entity_0340,1,entity_0339,entity_0340,entity_0340,entity_0339,test
pair_000154,demo,entity_0025,entity_0555,0,entity_0025,entity_0555,entity_0555,entity_0025,train
pair_000155,demo,entity_0212,entity_0422,0,entity_0422,entity_0212,entity_0212,entity_0422,train
pair_000156,query,entity_0063,entity_0422,0,entity_0063,entity_0422,entity_0422,entity_0063,test
pair_000157,query,entity_0125,entity_0401,0,entity_0401,entity_0125,entity_0125,entity_0401,test
pair_000158,demo,entity_0862,entity_0868,1,entity_0868,entity_0862,entity_0862,entity_0868,train
pair_000159,query,entity_0603,entity_0604,1,entity_0603,entity_0604,entity_0604,entity_0603,validation
pair_000160,demo,entity_0466,entity_0553,0,entity_0553,entity_0466,entity_0466,entity_0553,train
pair_000161,query,entity_0590,entity_0869,0,entity_0590,entity_0869,entity_0869,entity_0590,test
pair_000162,query,entity_0516,entity_0587,0,entity_0516,entity_0587,entity_0587,entity_0516,test
pair_000163,query,entity_0651,entity_0659,1,entity_0651,entity_0659,entity_0659,entity_0651,test
pair_000164,query,entity_0262,entity_0263,1,entity_0263,entity_0262,entity_0262,entity_0263,test
pair_000165,query,entity_0105,entity_0108,1,entity_0105,entity_0108,entity_0108,entity_0105,test
pair_000166,query,entity_0828,entity_0830,1,entity_0830,entity_0828,entity_0828,entity_0830,test
pair_000167,demo,entity_0511,entity_0516,1,entity_0516,entity_0511,entity_0511,entity_0516,train
pair_000168,query,entity_0887,entity_0890,1,entity_0887,entity_0890,entity_0890,entity_0887,validation
pair_000169,query,entity_0004,entity_0007,1,entity_0004,entity_0007,entity_0007,entity_0004,test
pair_000170,demo,entity_0860,entity_0973,0,entity_0973,entity_0860,entity_0860,entity_0973,train
pair_000171,query,entity_0204,entity_0210,1,entity_0204,entity_0210,entity_0210,entity_0204,test
pair_000172,demo,entity_0846,entity_0847,1,entity_0846,entity_0847,entity_0847,entity_0846,train
pair_000173,demo,entity_0644,entity_0647,1,entity_0644,entity_0647,entity_0647,entity_0644,train
pair_000174,demo,entity_0479,entity_0699,0,entity_0479,entity_0699,entity_0699,entity_0479,train
pair_000175,query,entity_0891,entity_0899,1,entity_0891,entity_0899,entity_0899,entity_0891,test
pair_000176,demo,entity_0682,entity_0924,0,entity_0682,entity_0924,entity_0924,entity_0682,train
pair_000177,query,entity_0317,entity_0541,0,entity_0541,entity_0317,entity_0317,entity_0541,test
pair_000178,query,entity_0346,entity_0349,1,entity_0349,entity_0346,entity_0346,entity_0349,test
pair_000179,demo,entity_0197,entity_0198,1,entity_0198,entity_0197,entity_0197,entity_0198,train
pair_000180,demo,entity_0635,entity_0638,1,entity_0635,entity_0638,entity_0638,entity_0635,train
pair_000181,query,entity_0415,entity_0878,0,entity_0415,entity_0878,entity_0878,entity_0415,validation
pair_000182,demo,entity_0119,entity_0432,0,entity_0432,entity_0119,entity_0119,entity_0432,train
pair_000183,demo,entity_0229,entity_0696,0,entity_0229,entity_0696,entity_0696,entity_0229,train
pair_000184,query,entity_0776,entity_0779,1,entity_0779,entity_0776,entity_0776,entity_0779,test
pair_000185,demo,entity_0131,entity_0134,1,entity_0134,entity_0131,entity_0131,entity_0134,train
pair_000186,demo,entity_0941,entity_0950,1,entity_0941,entity_0950,entity_0950,entity_0941,train
pair_000187,query,entity_0921,entity_0926,1,entity_0921,entity_0926,entity_0926,entity_0921,test
pair_000188,query,entity_0741,entity_0746,1,entity_0746,entity_0741,entity_0741,entity_0746,validation
pair_000189,query,entity_0100,entity_0941,0,entity_0941,entity_0100,entity_0100,entity_0941,validation
pair_000190,demo,entity_0851,entity_0854,1,entity_0851,entity_0854,entity_0854,entity_0851,train
pair_000191,demo,entity_0204,entity_0673,0,entity_0673,entity_0204,entity_0204,entity_0673,train
pair_000192,demo,entity_0214,entity_0319,0,entity_0214,entity_0319,entity_0319,entity_0214,train
pair_000193,demo,entity_0982,entity_0989,1,entity_0989,entity_0982,entity_0982,entity_0989,train
pair_000194,demo,entity_0372,entity_0377,1,entity_0377,entity_0372,entity_0372,entity_0377,train
pair_000195,demo,entity_0565,entity_0570,1,entity_0565,entity_0570,entity_0570,entity_0565,train
pair_000196,query,entity_0291,entity_0293,1,entity_0293,entity_0291,entity_0291,entity_0293,test
pair_000197,query,entity_0005,entity_0010,1,entity_0010,entity_0005,entity_0005,entity_0010,test
pair_000198,demo,entity_0601,entity_0627,0,entity_0601,entity_0627,entity_0627,entity_0601,train
pair_000199,query,entity_0225,entity_0226,1,entity_0226,entity_0225,entity_0225,entity_0226,test
pair_000200,query,entity_0676,entity_0755,0,entity_0755,entity_0676,entity_0676,entity_0755,test
pair_000201,demo,entity_0055,entity_0927,0,entity_0927,entity_0055,entity_0055,entity_0927,train
pair_000202,query,entity_0054,entity_0304,0,entity_0054,entity_0304,entity_0304,entity_0054,test
pair_000203,query,entity_0400,entity_0482,0,entity_0400,entity_0482,entity_0482,entity_0400,test
pair_000204,query,entity_0335,entity_0338,1,entity_0338,entity_0335,entity_0335,entity_0338,test
pair_000205,query,entity_0729,entity_0730,1,entity_0729,entity_0730,entity_0730,entity_0729,test
pair_000206,query,entity_0843,entity_0848,1,entity_0848,entity_0843,entity_0843,entity_0848,test
pair_000207,demo,entity_0817,entity_0856,0,entity_0856,entity_0817,entity_0817,entity_0856,train
pair_000208,query,entity_0655,entity_0697,0,entity_0697,entity_0655,entity_0655,entity_0697,validation
pair_000209,query,entity_0763,entity_0764,1,entity_0763,entity_0764,entity_0764,entity_0763,test
pair_000210,query,entity_0165,entity_0361,0,entity_0361,entity_0165,entity_0165,entity_0361,test
pair_000211,query,entity_0831,entity_0932,0,entity_0932,entity_0831,entity_0831,entity_0932,validation
pair_000212,demo,entity_0185,entity_0868,0,entity_0185,entity_0868,entity_0868,entity_0185,train
pair_000213,query,entity_0107,entity_0193,0,entity_0107,entity_0193,entity_0193,entity_0107,test
pair_000214,query,entity_0070,entity_0186,0,entity_0070,entity_0186,entity_0186,entity_0070,test
pair_000215,query,entity_0321,entity_0692,0,entity_0692,entity_0321,entity_0321,entity_0692,test
pair_000216,query,entity_0321,entity_0892,0,entity_0892,entity_0321,entity_0321,entity_0892,test
pair_000217,query,entity_0575,entity_0646,0,entity_0646,entity_0575,entity_0575,entity_0646,test
pair_000218,demo,entity_0854,entity_0856,1,entity_0854,entity_0856,entity_0856,entity_0854,train
pair_000219,demo,entity_0262,entity_0267,1,entity_0262,entity_0267,entity_0267,entity_0262,train
pair_000220,query,entity_0949,entity_0950,1,entity_0949,entity_0950,entity_0950,entity_0949,test
pair_000221,query,entity_0397,entity_0509,0,entity_0509,entity_0397,entity_0397,entity_0509,test
pair_000222,demo,entity_0367,entity_0659,0,entity_0659,entity_0367,entity_0367,entity_0659,train
pair_000223,query,entity_0109,entity_0110,1,entity_0109,entity_0110,entity_0110,entity_0109,test
pair_000224,query,entity_0182,entity_0190,1,entity_0190,entity_0182,entity_0182,entity_0190,test
pair_000225,demo,entity_0746,entity_0749,1,entity_0746,entity_0749,entity_0749,entity_0746,train
pair_000226,query,entity_0011,entity_0016,1,entity_0011,entity_0016,entity_0016,entity_0011,test
pair_000227,query,entity_0024,entity_0545,0,entity_0545,entity_0024,entity_0024,entity_0545,test
pair_000228,demo,entity_0724,entity_0730,1,entity_0730,entity_0724,entity_0724,entity_0730,train
pair_000229,demo,entity_0311,entity_0328,0,entity_0328,entity_0311,entity_0311,entity_0328,train
pair_000230,query,entity_0661,entity_0670,1,entity_0661,entity_0670,entity_0670,entity_0661,test
pair_000231,demo,entity_0056,entity_0168,0,entity_0056,entity_0168,entity_0168,entity_0056,train
pair_000232,query,entity_0533,entity_0652,0,entity_0533,entity_0652,entity_0652,entity_0533,test
pair_000233,demo,entity_0752,entity_0755,1,entity_0752,entity_0755,entity_0755,entity_0752,train
pair_000234,query,entity_0555,entity_0557,1,entity_0555,entity_0557,entity_0557,entity_0555,test
pair_000235,query,entity_0648,entity_0942,0,entity_0648,entity_0942,entity_0942,entity_0648,validation
pair_000236,demo,entity_0872,entity_0880,1,entity_0872,entity_0880,entity_0880,entity_0872,train
pair_000237,demo,entity_0473,entity_0479,1,entity_0473,entity_0479,entity_0479,entity_0473,train
pair_000238,demo,entity_0103,entity_0822,0,entity_0822,entity_0103,entity_0103,entity_0822,train
pair_000239,query,entity_0722,entity_0727,1,entity_0727,entity_0722,entity_0722,entity_0727,test
pair_000240,demo,entity_0475,entity_0552,0,entity_0552,entity_0475,entity_0475,entity_0552,train
pair_000241,demo,entity_0384,entity_0386,1,entity_0384,entity_0386,entity_0386,entity_0384,train
pair_000242,query,entity_0425,entity_0428,1,entity_0428,entity_0425,entity_0425,entity_0428,test
pair_000243,demo,entity_0347,entity_0352,0,entity_0352,entity_0347,entity_0347,entity_0352,train
pair_000244,demo,entity_0096,entity_0704,0,entity_0704,entity_0096,entity_0096,entity_0704,train
pair_000245,query,entity_0984,entity_0989,1,entity_0984,entity_0989,entity_0989,entity_0984,validation
pair_000246,query,entity_0302,entity_0647,0,entity_0647,entity_0302,entity_0302,entity_0647,test
pair_000247,demo,entity_0924,entity_0925,1,entity_0924,entity_0925,entity_0925,entity_0924,train
pair_000248,query,entity_0021,entity_0026,1,entity_0026,entity_0021,entity_0021,entity_0026,test
pair_000249,query,entity_0545,entity_0714,0,entity_0714,entity_0545,entity_0545,entity_0714,test
pair_000250,query,entity_0193,entity_0196,1,entity_0196,entity_0193,entity_0193,entity_0196,validation
pair_000251,demo,entity_0928,entity_0930,1,entity_0930,entity_0928,entity_0928,entity_0930,train
pair_000252,demo,entity_0322,entity_0327,1,entity_0322,entity_0327,entity_0327,entity_0322,train
pair_000253,demo,entity_0461,entity_0464,1,entity_0461,entity_0464,entity_0464,entity_0461,train
pair_000254,demo,entity_0581,entity_0614,0,entity_0614,entity_0581,entity_0581,entity_0614,train
pair_000255,demo,entity_0137,entity_0793,0,entity_0137,entity_0793,entity_0793,entity_0137,train
pair_000256,demo,entity_0102,entity_0110,1,entity_0102,entity_0110,entity_0110,entity_0102,train
pair_000257,demo,entity_0356,entity_0521,0,entity_0521,entity_0356,entity_0356,entity_0521,train
pair_000258,query,entity_0118,entity_0759,0,entity_0118,entity_0759,entity_0759,entity_0118,test
pair_000259,demo,entity_0724,entity_0728,1,entity_0724,entity_0728,entity_0728,entity_0724,train
pair_000260,query,entity_0162,entity_0163,1,entity_0163,entity_0162,entity_0162,entity_0163,test
pair_000261,query,entity_0392,entity_0394,1,entity_0392,entity_0394,entity_0394,entity_0392,test
pair_000262,query,entity_0141,entity_0336,0,entity_0141,entity_0336,entity_0336,entity_0141,test
pair_000263,demo,entity_0043,entity_0405,0,entity_0043,entity_0405,entity_0405,entity_0043,train
pair_000264,demo,entity_0868,entity_0908,0,entity_0868,entity_0908,entity_0908,entity_0868,train
pair_000265,demo,entity_0497,entity_0730,0,entity_0730,entity_0497,entity_0497,entity_0730,train
pair_000266,query,entity_0073,entity_0079,1,entity_0079,entity_0073,entity_0073,entity_0079,test
pair_000267,demo,entity_0134,entity_0681,0,entity_0681,entity_0134,entity_0134,entity_0681,train
pair_000268,demo,entity_0125,entity_0359,0,entity_0125,entity_0359,entity_0359,entity_0125,train
pair_000269,demo,entity_0439,entity_0440,1,entity_0439,entity_0440,entity_0440,entity_0439,train
pair_000270,query,entity_0807,entity_0809,1,entity_0807,entity_0809,entity_0809,entity_0807,test
pair_000271,demo,entity_0694,entity_0698,1,entity_0698,entity_0694,entity_0694,entity_0698,train
pair_000272,demo,entity_0071,entity_0072,1,entity_0072,entity_0071,entity_0071,entity_0072,train
pair_000273,query,entity_0140,entity_0577,0,entity_0140,entity_0577,entity_0577,entity_0140,test
pair_000274,query,entity_0156,entity_0160,1,entity_0160,entity_0156,entity_0156,entity_0160,validation
pair_000275,query,entity_0194,entity_0196,1,entity_0194,entity_0196,entity_0196,entity_0194,test
pair_000276,demo,entity_0127,entity_0322,0,entity_0127,entity_0322,entity_0322,entity_0127,train
pair_000277,query,entity_0182,entity_0183,1,entity_0182,entity_0183,entity_0183,entity_0182,test
pair_000278,demo,entity_0853,entity_0854,1,entity_0853,entity_0854,entity_0854,entity_0853,train
pair_000279,query,entity_0444,entity_0450,1,entity_0444,entity_0450,entity_0450,entity_0444,validation
pair_000280,demo,entity_0184,entity_0190,1,entity_0184,entity_0190,entity_0190,entity_0184,train
pair_000281,demo,entity_0535,entity_0536,1,entity_0536,entity_0535,entity_0535,entity_0536,train
pair_000282,demo,entity_0180,entity_0641,0,entity_0641,entity_0180,entity_0180,entity_0641,train
pair_000283,query,entity_0403,entity_0410,1,entity_0410,entity_0403,entity_0403,entity_0410,validation
pair_000284,query,entity_0302,entity_0307,1,entity_0307,entity_0302,entity_0302,entity_0307,test
pair_000285,query,entity_0043,entity_0044,1,entity_0043,entity_0044,entity_0044,entity_0043,test
pair_000286,query,entity_0080,entity_0594,0,entity_0594,entity_0080,entity_0080,entity_0594,test
pair_000287,query,entity_0876,entity_0879,1,entity_0876,entity_0879,entity_0879,entity_0876,test
pair_000288,query,entity_0381,entity_0694,0,entity_0694,entity_0381,entity_0381,entity_0694,test
pair_000289,demo,entity_0212,entity_0216,1,entity_0216,entity_0212,entity_0212,entity_0216,train
pair_000290,query,entity_0095,entity_0332,0,entity_0332,entity_0095,entity_0095,entity_0332,test
pair_000291,query,entity_0097,entity_0098,1,entity_0097,entity_0098,entity_0098,entity_0097,test
pair_000292,demo,entity_0655,entity_0781,0,entity_0655,entity_0781,entity_0781,entity_0655,train
pair_000293,query,entity_0226,entity_0458,0,entity_0226,entity_0458,entity_0458,entity_0226,validation
pair_000294,query,entity_0913,entity_0919,1,entity_0913,entity_0919,entity_0919,entity_0913,test
pair_000295,query,entity_0397,entity_0399,1,entity_0397,entity_0399,entity_0399,entity_0397,test
pair_000296,query,entity_0401,entity_0983,0,entity_0401,entity_0983,entity_0983,entity_0401,test
pair_000297,query,entity_0278,entity_0434,0,entity_0434,entity_0278,entity_0278,entity_0434,test
pair_000298,query,entity_0081,entity_0825,0,entity_0825,entity_0081,entity_0081,entity_0825,validation
pair_000299,demo,entity_0444,entity_0936,0,entity_0444,entity_0936,entity_0936,entity_0444,train
pair_000300,demo,entity_0995,entity_1000,1,entity_1000,entity_0995,entity_0995,entity_1000,train
pair_000301,query,entity_0093,entity_0455,0,entity_0093,entity_0455,entity_0455,entity_0093,test
pair_000302,demo,entity_0042,entity_0445,0,entity_0042,entity_0445,entity_0445,entity_0042,train
pair_000303,query,entity_0786,entity_0911,0,entity_0911,entity_0786,entity_0786,entity_0911,test
pair_000304,query,entity_0341,entity_0432,0,entity_0432,entity_0341,entity_0341,entity_0432,test
pair_000305,demo,entity_0083,entity_0084,1,entity_0084,entity_0083,entity_0083,entity_0084,train
pair_000306,query,entity_0811,entity_0820,1,entity_0820,entity_0811,entity_0811,entity_0820,test
pair_000307,demo,entity_0011,entity_0015,1,entity_0011,entity_0015,entity_0015,entity_0011,train
pair_000308,query,entity_0213,entity_0950,0,entity_0950,entity_0213,entity_0213,entity_0950,test
pair_000309,query,entity_0604,entity_0692,0,entity_0604,entity_0692,entity_0692,entity_0604,test
pair_000310,demo,entity_0055,entity_0933,0,entity_0055,entity_0933,entity_0933,entity_0055,train
pair_000311,query,entity_0062,entity_0103,0,entity_0103,entity_0062,entity_0062,entity_0103,test
pair_000312,demo,entity_0338,entity_0518,0,entity_0338,entity_0518,entity_0518,entity_0338,train
pair_000313,query,entity_0012,entity_0019,1,entity_0019,entity_0012,entity_0012,entity_0019,test
pair_000314,query,entity_0831,entity_0835,1,entity_0831,entity_0835,entity_0835,entity_0831,test
pair_000315,demo,entity_0498,entity_0500,1,entity_0500,entity_0498,entity_0498,entity_0500,train
pair_000316,query,entity_0085,entity_0090,1,entity_0085,entity_0090,entity_0090,entity_0085,test
pair_000317,query,entity_0904,entity_0907,1,entity_0904,entity_0907,entity_0907,entity_0904,test
pair_000318,query,entity_0322,entity_0736,0,entity_0322,entity_0736,entity_0736,entity_0322,test
pair_000319,query,entity_0236,entity_0238,1,entity_0238,entity_0236,entity_0236,entity_0238,validation
pair_000320,demo,entity_0518,entity_0520,1,entity_0518,entity_0520,entity_0520,entity_0518,train
pair_000321,query,entity_0102,entity_0106,1,entity_0106,entity_0102,entity_0102,entity_0106,test
pair_000322,query,entity_0124,entity_0126,1,entity_0124,entity_0126,entity_0126,entity_0124,test
pair_000323,demo,entity_0064,entity_0109,0,entity_0109,entity_0064,entity_0064,entity_0109,train
pair_000324,query,entity_0204,entity_0386,0,entity_0386,entity_0204,entity_0204,entity_0386,test
pair_000325,query,entity_0371,entity_0380,1,entity_0371,entity_0380,entity_0380,entity_0371,validation
pair_000326,query,entity_0075,entity_0080,1,entity_0080,entity_0075,entity_0075,entity_0080,validation
pair_000327,demo,entity_0973,entity_0980,1,entity_0980,entity_0973,entity_0973,entity_0980,train
pair_000328,demo,entity_0983,entity_0987,1,entity_0987,entity_0983,entity_0983,entity_0987,train
pair_000329,query,entity_0059,entity_0060,1,entity_0059,entity_0060,entity_0060,entity_0059,test
pair_000330,demo,entity_0056,entity_0482,0,entity_0056,entity_0482,entity_0482,entity_0056,train
pair_000331,demo,entity_0721,entity_0723,1,entity_0723,entity_0721,entity_0721,entity_0723,train
pair_000332,demo,entity_0024,entity_0030,1,entity_0024,entity_0030,entity_0030,entity_0024,train
pair_000333,demo,entity_0193,entity_0286,0,entity_0193,entity_0286,entity_0286,entity_0193,train
pair_000334,query,entity_0853,entity_0858,1,entity_0858,entity_0853,entity_0853,entity_0858,test
pair_000335,demo,entity_0967,entity_0970,1,entity_0967,entity_0970,entity_0970,entity_0967,train
pair_000336,query,entity_0024,entity_0279,0,entity_0279,entity_0024,entity_0024,entity_0279,test
pair_000337,query,entity_0888,entity_0894,0,entity_0888,entity_0894,entity_0894,entity_0888,test
pair_000338,query,entity_0008,entity_0609,0,entity_0609,entity_0008,entity_0008,entity_0609,test
pair_000339,query,entity_0012,entity_0020,1,entity_0012,entity_0020,entity_0020,entity_0012,validation
pair_000340,query,entity_0877,entity_0901,0,entity_0877,entity_0901,entity_0901,entity_0877,test
pair_000341,demo,entity_0093,entity_0098,1,entity_0098,entity_0093,entity_0093,entity_0098,train
pair_000342,query,entity_0160,entity_0434,0,entity_0434,entity_0160,entity_0160,entity_0434,validation
pair_000343,demo,entity_0555,entity_0559,1,entity_0555,entity_0559,entity_0559,entity_0555,train
pair_000344,query,entity_0272,entity_0280,1,entity_0280,entity_0272,entity_0272,entity_0280,validation
pair_000345,demo,entity_0675,entity_0677,1,entity_0677,entity_0675,entity_0675,entity_0677,train
pair_000346,query,entity_0024,entity_0416,0,entity_0416,entity_0024,entity_0024,entity_0416,test
pair_000347,demo,entity_0212,entity_0214,1,entity_0212,entity_0214,entity_0214,entity_0212,train
pair_000348,demo,entity_0231,entity_0334,0,entity_0334,entity_0231,entity_0231,entity_0334,train
pair_000349,demo,entity_0204,entity_0209,1,entity_0204,entity_0209,entity_0209,entity_0204,train
pair_000350,query,entity_0111,entity_0164,0,entity_0111,entity_0164,entity_0164,entity_0111,test
pair_000351,query,entity_0086,entity_0269,0,entity_0269,entity_0086,entity_0086,entity_0269,test
pair_000352,query,entity_0082,entity_0950,0,entity_0082,entity_0950,entity_0950,entity_0082,test
pair_000353,demo,entity_0252,entity_0260,1,entity_0260,entity_0252,entity_0252,entity_0260,train
pair_000354,query,entity_0271,entity_0280,1,entity_0271,entity_0280,entity_0280,entity_0271,test
pair_000355,query,entity_0641,entity_0647,1,entity_0647,entity_0641,entity_0641,entity_0647,test
pair_000356,demo,entity_0114,entity_0119,1,entity_0114,entity_0119,entity_0119,entity_0114,train
pair_000357,query,entity_0704,entity_0921,0,entity_0704,entity_0921,entity_0921,entity_0704,test
pair_000358,query,entity_0028,entity_0649,0,entity_0028,entity_0649,entity_0649,entity_0028,test
pair_000359,demo,entity_0735,entity_0736,1,entity_0735,entity_0736,entity_0736,entity_0735,train
pair_000360,demo,entity_0128,entity_0849,0,entity_0128,entity_0849,entity_0849,entity_0128,train
pair_000361,demo,entity_0382,entity_0390,1,entity_0382,entity_0390,entity_0390,entity_0382,train
pair_000362,query,entity_0451,entity_0567,0,entity_0451,entity_0567,entity_0567,entity_0451,validation
pair_000363,query,entity_0408,entity_0409,1,entity_0409,entity_0408,entity_0408,entity_0409,test
pair_000364,demo,entity_0165,entity_0817,0,entity_0817,entity_0165,entity_0165,entity_0817,train
pair_000365,query,entity_0503,entity_0510,1,entity_0510,entity_0503,entity_0503,entity_0510,test
pair_000366,demo,entity_0421,entity_0818,0,entity_0818,entity_0421,entity_0421,entity_0818,train
pair_000367,query,entity_0014,entity_0019,1,entity_0019,entity_0014,entity_0014,entity_0019,test
pair_000368,demo,entity_0789,entity_0790,1,entity_0789,entity_0790,entity_0790,entity_0789,train
pair_000369,demo,entity_0531,entity_0532,1,entity_0532,entity_0531,entity_0531,entity_0532,train
pair_000370,demo,entity_0015,entity_0247,0,entity_0015,entity_0247,entity_0247,entity_0015,train
pair_000371,query,entity_0027,entity_0876,0,entity_0027,entity_0876,entity_0876,entity_0027,test
pair_000372,query,entity_0204,entity_0207,1,entity_0204,entity_0207,entity_0207,entity_0204,test
pair_000373,query,entity_0386,entity_0607,0,entity_0607,entity_0386,entity_0386,entity_0607,test
pair_000374,demo,entity_0755,entity_0757,1,entity_0755,entity_0757,entity_0757,entity_0755,train
pair_000375,query,entity_0003,entity_0228,0,entity_0228,entity_0003,entity_0003,entity_0228,test
pair_000376,demo,entity_0832,entity_0837,1,entity_0837,entity_0832,entity_0832,entity_0837,train
pair_000377,query,entity_0624,entity_0625,1,entity_0624,entity_0625,entity_0625,entity_0624,test
pair_000378,query,entity_0123,entity_0129,1,entity_0129,entity_0123,entity_0123,entity_0129,test
pair_000379,query,entity_0310,entity_0999,0,entity_0310,entity_0999,entity_0999,entity_0310,test
pair_000380,demo,entity_0444,entity_0862,0,entity_0862,entity_0444,entity_0444,entity_0862,train
pair_000381,query,entity_0878,entity_0880,1,entity_0878,entity_0880,entity_0880,entity_0878,test
pair_000382,demo,entity_0002,entity_0008,1,entity_0002,entity_0008,entity_0008,entity_0002,train
pair_000383,query,entity_0751,entity_0828,0,entity_0828,entity_0751,entity_0751,entity_0828,validation
pair_000384,demo,entity_0917,entity_0928,0,entity_0928,entity_0917,entity_0917,entity_0928,train
pair_000385,query,entity_0623,entity_0628,1,entity_0623,entity_0628,entity_0628,entity_0623,test
pair_000386,demo,entity_0025,entity_0970,0,entity_0970,entity_0025,entity_0025,entity_0970,train
pair_000387,query,entity_0172,entity_0398,0,entity_0398,entity_0172,entity_0172,entity_0398,test
pair_000388,demo,entity_0069,entity_0501,0,entity_0501,entity_0069,entity_0069,entity_0501,train
pair_000389,query,entity_0021,entity_0906,0,entity_0021,entity_0906,entity_0906,entity_0021,test
pair_000390,query,entity_0983,entity_0989,1,entity_0989,entity_0983,entity_0983,entity_0989,test
pair_000391,query,entity_0046,entity_0891,0,entity_0046,entity_0891,entity_0891,entity_0046,test
pair_000392,query,entity_0367,entity_0418,0,entity_0418,entity_0367,entity_0367,entity_0418,validation
pair_000393,demo,entity_0894,entity_0897,1,entity_0894,entity_0897,entity_0897,entity_0894,train
pair_000394,demo,entity_0977,entity_0978,1,entity_0978,entity_0977,entity_0977,entity_0978,train
pair_000395,query,entity_0172,entity_0848,0,entity_0172,entity_0848,entity_0848,entity_0172,test
pair_000396,demo,entity_0091,entity_0095,1,entity_0095,entity_0091,entity_0091,entity_0095,train
pair_000397,query,entity_0087,entity_0088,1,entity_0087,entity_0088,entity_0088,entity_0087,validation
pair_000398,demo,entity_0192,entity_0198,1,entity_0198,entity_0192,entity_0192,entity_0198,train
pair_000399,demo,entity_0314,entity_0352,0,entity_0352,entity_0314,entity_0314,entity_0352,train
pair_000400,demo,entity_0562,entity_0570,1,entity_0562,entity_0570,entity_0570,entity_0562,train
pair_000401,demo,entity_0306,entity_0688,0,entity_0688,entity_0306,entity_0306,entity_0688,train
pair_000402,demo,entity_0393,entity_0559,0,entity_0393,entity_0559,entity_0559,entity_0393,train
pair_000403,query,entity_0375,entity_0839,0,entity_0839,entity_0375,entity_0375,entity_0839,test
pair_000404,demo,entity_0141,entity_0143,1,entity_0143,entity_0141,entity_0141,entity_0143,train
pair_000405,query,entity_0721,entity_0724,1,entity_0721,entity_0724,entity_0724,entity_0721,test
pair_000406,demo,entity_0584,entity_0701,0,entity_0701,entity_0584,entity_0584,entity_0701,train
pair_000407,query,entity_0164,entity_0168,1,entity_0168,entity_0164,entity_0164,entity_0168,validation
pair_000408,query,entity_0303,entity_0308,1,entity_0303,entity_0308,entity_0308,entity_0303,validation
pair_000409,demo,entity_0932,entity_0934,1,entity_0932,entity_0934,entity_0934,entity_0932,train
pair_000410,demo,entity_0348,entity_0966,0,entity_0348,entity_0966,entity_0966,entity_0348,train
pair_000411,query,entity_0227,entity_0512,0,entity_0227,entity_0512,entity_0512,entity_0227,test
pair_000412,query,entity_0752,entity_0805,0,entity_0805,entity_0752,entity_0752,entity_0805,test
pair_000413,query,entity_0370,entity_0958,0,entity_0370,entity_0958,entity_0958,entity_0370,test
pair_000414,demo,entity_0643,entity_0645,1,entity_0643,entity_0645,entity_0645,entity_0643,train
pair_000415,demo,entity_0383,entity_0385,1,entity_0385,entity_0383,entity_0383,entity_0385,train
pair_000416,query,entity_0243,entity_0911,0,entity_0243,entity_0911,entity_0911,entity_0243,test
pair_000417,demo,entity_0696,entity_0928,0,entity_0928,entity_0696,entity_0696,entity_0928,train
pair_000418,demo,entity_0960,entity_0969,0,entity_0960,entity_0969,entity_0969,entity_0960,train
pair_000419,query,entity_0586,entity_0801,0,entity_0801,entity_0586,entity_0586,entity_0801,test
pair_000420,query,entity_0773,entity_0823,0,entity_0823,entity_0773,entity_0773,entity_0823,test
pair_000421,query,entity_0422,entity_0816,0,entity_0422,entity_0816,entity_0816,entity_0422,validation
pair_000422,query,entity_0841,entity_0843,1,entity_0843,entity_0841,entity_0841,entity_0843,validation
pair_000423,demo,entity_0213,entity_0217,1,entity_0217,entity_0213,entity_0213,entity_0217,train
pair_000424,demo,entity_0073,entity_0080,1,entity_0080,entity_0073,entity_0073,entity_0080,train
pair_000425,query,entity_0601,entity_0604,1,entity_0604,entity_0601,entity_0601,entity_0604,test
pair_000426,query,entity_0251,entity_0256,1,entity_0251,entity_0256,entity_0256,entity_0251,test
pair_000427,query,entity_0953,entity_0955,1,entity_0953,entity_0955,entity_0955,entity_0953,validation
pair_000428,query,entity_0063,entity_0398,0,entity_0063,entity_0398,entity_0398,entity_0063,validation
pair_000429,query,entity_0712,entity_0717,1,entity_0717,entity_0712,entity_0712,entity_0717,test
pair_000430,query,entity_0751,entity_0754,1,entity_0751,entity_0754,entity_0754,entity_0751,test
pair_000431,query,entity_0288,entity_0782,0,entity_0782,entity_0288,entity_0288,entity_0782,validation
pair_000432,demo,entity_0472,entity_0755,0,entity_0472,entity_0755,entity_0755,entity_0472,train
pair_000433,query,entity_0320,entity_0489,0,entity_0489,entity_0320,entity_0320,entity_0489,test
pair_000434,demo,entity_0141,entity_0148,1,entity_0148,entity_0141,entity_0141,entity_0148,train
pair_000435,query,entity_0065,entity_0699,0,entity_0699,entity_0065,entity_0065,entity_0699,test
pair_000436,query,entity_0032,entity_0402,0,entity_0402,entity_0032,entity_0032,entity_0402,test
pair_000437,demo,entity_0482,entity_0487,1,entity_0487,entity_0482,entity_0482,entity_0487,train
pair_000438,demo,entity_0837,entity_0839,1,entity_0839,entity_0837,entity_0837,entity_0839,train
pair_000439,query,entity_0832,entity_0840,1,entity_0840,entity_0832,entity_0832,entity_0840,test
pair_000440,query,entity_0438,entity_0440,1,entity_0438,entity_0440,entity_0440,entity_0438,validation
pair_000441,query,entity_0681,entity_0840,0,entity_0681,entity_0840,entity_0840,entity_0681,test
pair_000442,demo,entity_0355,entity_0358,1,entity_0358,entity_0355,entity_0355,entity_0358,train
pair_000443,query,entity_0527,entity_0530,1,entity_0530,entity_0527,entity_0527,entity_0530,test
pair_000444,demo,entity_0711,entity_0717,1,entity_0717,entity_0711,entity_0711,entity_0717,train
pair_000445,demo,entity_0270,entity_0847,0,entity_0847,entity_0270,entity_0270,entity_0847,train
pair_000446,query,entity_0549,entity_0755,0,entity_0549,entity_0755,entity_0755,entity_0549,test
pair_000447,query,entity_0768,entity_0769,1,entity_0769,entity_0768,entity_0768,entity_0769,test
pair_000448,demo,entity_0385,entity_0387,1,entity_0385,entity_0387,entity_0387,entity_0385,train
pair_000449,demo,entity_0735,entity_0738,1,entity_0735,entity_0738,entity_0738,entity_0735,train
pair_000450,query,entity_0519,entity_0618,0,entity_0618,entity_0519,entity_0519,entity_0618,test
pair_000451,query,entity_0823,entity_0830,1,entity_0823,entity_0830,entity_0830,entity_0823,test
pair_000452,query,entity_0314,entity_0407,0,entity_0407,entity_0314,entity_0314,entity_0407,test
pair_000453,demo,entity_0542,entity_0545,1,entity_0545,entity_0542,entity_0542,entity_0545,train
pair_000454,demo,entity_0175,entity_0192,0,entity_0175,entity_0192,entity_0192,entity_0175,train
pair_000455,demo,entity_0516,entity_0520,1,entity_0520,entity_0516,entity_0516,entity_0520,train
pair_000456,demo,entity_0444,entity_0678,0,entity_0444,entity_0678,entity_0678,entity_0444,train
pair_000457,demo,entity_0040,entity_0406,0,entity_0406,entity_0040,entity_0040,entity_0406,train
pair_000458,demo,entity_0533,entity_0536,1,entity_0533,entity_0536,entity_0536,entity_0533,train
pair_000459,query,entity_0751,entity_0759,1,entity_0759,entity_0751,entity_0751,entity_0759,test
pair_000460,demo,entity_0155,entity_0160,1,entity_0160,entity_0155,entity_0155,entity_0160,train
pair_000461,query,entity_0313,entity_0315,1,entity_0313,entity_0315,entity_0315,entity_0313,test
pair_000462,demo,entity_0418,entity_0822,0,entity_0822,entity_0418,entity_0418,entity_0822,train
pair_000463,demo,entity_0241,entity_0982,0,entity_0982,entity_0241,entity_0241,entity_0982,train
pair_000464,demo,entity_0902,entity_0905,1,entity_0902,entity_0905,entity_0905,entity_0902,train
pair_000465,demo,entity_0955,entity_0958,1,entity_0958,entity_0955,entity_0955,entity_0958,train
pair_000466,query,entity_0943,entity_0948,1,entity_0948,entity_0943,entity_0943,entity_0948,test
pair_000467,demo,entity_0384,entity_0388,1,entity_0384,entity_0388,entity_0388,entity_0384,train
pair_000468,demo,entity_0027,entity_0357,0,entity_0027,entity_0357,entity_0357,entity_0027,train
pair_000469,demo,entity_0543,entity_0549,1,entity_0543,entity_0549,entity_0549,entity_0543,train
pair_000470,query,entity_0885,entity_0890,1,entity_0890,entity_0885,entity_0885,entity_0890,validation
pair_000471,query,entity_0421,entity_0422,1,entity_0421,entity_0422,entity_0422,entity_0421,test
pair_000472,demo,entity_0132,entity_0136,1,entity_0136,entity_0132,entity_0132,entity_0136,train
pair_000473,demo,entity_0296,entity_0827,0,entity_0827,entity_0296,entity_0296,entity_0827,train
pair_000474,demo,entity_0916,entity_0952,0,entity_0952,entity_0916,entity_0916,entity_0952,train
pair_000475,demo,entity_0063,entity_0540,0,entity_0063,entity_0540,entity_0540,entity_0063,train
pair_000476,demo,entity_0836,entity_0840,1,entity_0840,entity_0836,entity_0836,entity_0840,train
pair_000477,demo,entity_0519,entity_0553,0,entity_0553,entity_0519,entity_0519,entity_0553,train
pair_000478,query,entity_0751,entity_0753,1,entity_0753,entity_0751,entity_0751,entity_0753,test
pair_000479,demo,entity_0053,entity_0060,1,entity_0053,entity_0060,entity_0060,entity_0053,train
pair_000480,demo,entity_0247,entity_0248,1,entity_0247,entity_0248,entity_0248,entity_0247,train
pair_000481,query,entity_0643,entity_0989,0,entity_0989,entity_0643,entity_0643,entity_0989,test
pair_000482,query,entity_0434,entity_0439,1,entity_0439,entity_0434,entity_0434,entity_0439,test
pair_000483,demo,entity_0153,entity_0154,1,entity_0154,entity_0153,entity_0153,entity_0154,train
pair_000484,query,entity_0101,entity_0681,0,entity_0681,entity_0101,entity_0101,entity_0681,test
pair_000485,demo,entity_0702,entity_0705,1,entity_0705,entity_0702,entity_0702,entity_0705,train
pair_000486,demo,entity_0818,entity_0819,1,entity_0818,entity_0819,entity_0819,entity_0818,train
pair_000487,query,entity_0006,entity_0515,0,entity_0515,entity_0006,entity_0006,entity_0515,validation
pair_000488,query,entity_0026,entity_0999,0,entity_0026,entity_0999,entity_0999,entity_0026,test
pair_000489,query,entity_0273,entity_0275,1,entity_0275,entity_0273,entity_0273,entity_0275,test
pair_000490,demo,entity_0194,entity_0996,0,entity_0996,entity_0194,entity_0194,entity_0996,train
pair_000491,demo,entity_0204,entity_0941,0,entity_0204,entity_0941,entity_0941,entity_0204,train
pair_000492,query,entity_0171,entity_0711,0,entity_0711,entity_0171,entity_0171,entity_0711,test
pair_000493,query,entity_0644,entity_0648,1,entity_0648,entity_0644,entity_0644,entity_0648,validation
pair_000494,query,entity_0373,entity_0374,1,entity_0373,entity_0374,entity_0374,entity_0373,test
pair_000495,demo,entity_0562,entity_0567,1,entity_0567,entity_0562,entity_0562,entity_0567,train
pair_000496,query,entity_0978,entity_0979,1,entity_0979,entity_0978,entity_0978,entity_0979,test
pair_000497,query,entity_0410,entity_0441,0,entity_0441,entity_0410,entity_0410,entity_0441,test
pair_000498,demo,entity_0456,entity_0519,0,entity_0456,entity_0519,entity_0519,entity_0456,train
pair_000499,demo,entity_0693,entity_0930,0,entity_0693,entity_0930,entity_0930,entity_0693,train
pair_000500,query,entity_0856,entity_0859,1,entity_0859,entity_0856,entity_0856,entity_0859,test
pair_000501,demo,entity_0467,entity_0586,0,entity_0467,entity_0586,entity_0586,entity_0467,train
pair_000502,query,entity_0348,entity_0494,0,entity_0494,entity_0348,entity_0348,entity_0494,test
pair_000503,demo,entity_0008,entity_0825,0,entity_0825,entity_0008,entity_0008,entity_0825,train
pair_000504,demo,entity_0659,entity_0660,1,entity_0659,entity_0660,entity_0660,entity_0659,train
pair_000505,query,entity_0546,entity_0548,1,entity_0546,entity_0548,entity_0548,entity_0546,test
pair_000506,query,entity_0973,entity_0978,1,entity_0978,entity_0973,entity_0973,entity_0978,test
pair_000507,query,entity_0068,entity_0070,1,entity_0068,entity_0070,entity_0070,entity_0068,test
pair_000508,demo,entity_0786,entity_0790,1,entity_0790,entity_0786,entity_0786,entity_0790,train
pair_000509,demo,entity_0943,entity_0946,1,entity_0943,entity_0946,entity_0946,entity_0943,train
pair_000510,query,entity_0046,entity_0361,0,entity_0046,entity_0361,entity_0361,entity_0046,test
pair_000511,query,entity_0435,entity_0638,0,entity_0435,entity_0638,entity_0638,entity_0435,test
pair_000512,demo,entity_0702,entity_0961,0,entity_0961,entity_0702,entity_0702,entity_0961,train
pair_000513,query,entity_0534,entity_0548,0,entity_0548,entity_0534,entity_0534,entity_0548,test
pair_000514,query,entity_0926,entity_0927,1,entity_0927,entity_0926,entity_0926,entity_0927,test
pair_000515,query,entity_0769,entity_0844,0,entity_0844,entity_0769,entity_0769,entity_0844,test
pair_000516,demo,entity_0769,entity_0928,0,entity_0769,entity_0928,entity_0928,entity_0769,train
pair_000517,demo,entity_0464,entity_0467,1,entity_0467,entity_0464,entity_0464,entity_0467,train
pair_000518,demo,entity_0682,entity_0829,0,entity_0829,entity_0682,entity_0682,entity_0829,train
pair_000519,demo,entity_0633,entity_0635,1,entity_0635,entity_0633,entity_0633,entity_0635,train
pair_000520,query,entity_0661,entity_0775,0,entity_0775,entity_0661,entity_0661,entity_0775,test
pair_000521,query,entity_0766,entity_0969,0,entity_0766,entity_0969,entity_0969,entity_0766,test
pair_000522,query,entity_0028,entity_0658,0,entity_0028,entity_0658,entity_0658,entity_0028,validation
pair_000523,demo,entity_0567,entity_0569,1,entity_0569,entity_0567,entity_0567,entity_0569,train
pair_000524,demo,entity_0873,entity_0879,1,entity_0879,entity_0873,entity_0873,entity_0879,train
pair_000525,query,entity_0004,entity_0434,0,entity_0004,entity_0434,entity_0434,entity_0004,test
pair_000526,query,entity_0112,entity_0253,0,entity_0253,entity_0112,entity_0112,entity_0253,test
pair_000527,demo,entity_0229,entity_0376,0,entity_0376,entity_0229,entity_0229,entity_0376,train
pair_000528,demo,entity_0754,entity_0812,0,entity_0812,entity_0754,entity_0754,entity_0812,train
pair_000529,demo,entity_0753,entity_0754,1,entity_0754,entity_0753,entity_0753,entity_0754,train
pair_000530,demo,entity_0156,entity_0750,0,entity_0750,entity_0156,entity_0156,entity_0750,train
pair_000531,query,entity_0097,entity_0647,0,entity_0647,entity_0097,entity_0097,entity_0647,test
pair_000532,query,entity_0847,entity_0849,1,entity_0847,entity_0849,entity_0849,entity_0847,test
pair_000533,demo,entity_0218,entity_0613,0,entity_0613,entity_0218,entity_0218,entity_0613,train
pair_000534,demo,entity_0205,entity_0210,1,entity_0210,entity_0205,entity_0205,entity_0210,train
pair_000535,query,entity_0021,entity_0295,0,entity_0021,entity_0295,entity_0295,entity_0021,test
pair_000536,demo,entity_0598,entity_0776,0,entity_0598,entity_0776,entity_0776,entity_0598,train
pair_000537,demo,entity_0563,entity_0566,1,entity_0563,entity_0566,entity_0566,entity_0563,train
pair_000538,query,entity_0197,entity_0360,0,entity_0197,entity_0360,entity_0360,entity_0197,validation
pair_000539,query,entity_0361,entity_0367,1,entity_0361,entity_0367,entity_0367,entity_0361,test
pair_000540,demo,entity_0803,entity_0807,1,entity_0803,entity_0807,entity_0807,entity_0803,train
pair_000541,query,entity_0083,entity_0679,0,entity_0679,entity_0083,entity_0083,entity_0679,test
pair_000542,query,entity_0043,entity_0938,0,entity_0938,entity_0043,entity_0043,entity_0938,test
pair_000543,query,entity_0372,entity_0740,0,entity_0740,entity_0372,entity_0372,entity_0740,test
pair_000544,query,entity_0417,entity_0419,1,entity_0417,entity_0419,entity_0419,entity_0417,test
pair_000545,query,entity_0334,entity_0336,1,entity_0336,entity_0334,entity_0334,entity_0336,test
pair_000546,query,entity_0496,entity_0497,1,entity_0496,entity_0497,entity_0497,entity_0496,test
pair_000547,query,entity_0240,entity_0555,0,entity_0240,entity_0555,entity_0555,entity_0240,test
pair_000548,query,entity_0264,entity_0268,1,entity_0268,entity_0264,entity_0264,entity_0268,test
pair_000549,demo,entity_0147,entity_0628,0,entity_0147,entity_0628,entity_0628,entity_0147,train
pair_000550,demo,entity_0435,entity_0440,1,entity_0440,entity_0435,entity_0435,entity_0440,train
pair_000551,demo,entity_0221,entity_0225,1,entity_0225,entity_0221,entity_0221,entity_0225,train
pair_000552,query,entity_0108,entity_0412,0,entity_0108,entity_0412,entity_0412,entity_0108,test
pair_000553,query,entity_0666,entity_0668,1,entity_0668,entity_0666,entity_0666,entity_0668,test
pair_000554,demo,entity_0318,entity_0320,1,entity_0320,entity_0318,entity_0318,entity_0320,train
pair_000555,demo,entity_0086,entity_0087,1,entity_0086,entity_0087,entity_0087,entity_0086,train
pair_000556,query,entity_0046,entity_0047,1,entity_0046,entity_0047,entity_0047,entity_0046,test
pair_000557,demo,entity_0069,entity_0744,0,entity_0744,entity_0069,entity_0069,entity_0744,train
pair_000558,query,entity_0271,entity_0903,0,entity_0903,entity_0271,entity_0271,entity_0903,validation
pair_000559,query,entity_0997,entity_1000,1,entity_0997,entity_1000,entity_1000,entity_0997,test
pair_000560,demo,entity_0486,entity_0970,0,entity_0486,entity_0970,entity_0970,entity_0486,train
pair_000561,demo,entity_0671,entity_0937,0,entity_0937,entity_0671,entity_0671,entity_0937,train
pair_000562,demo,entity_0272,entity_0274,1,entity_0272,entity_0274,entity_0274,entity_0272,train
pair_000563,demo,entity_0467,entity_0469,1,entity_0469,entity_0467,entity_0467,entity_0469,train
pair_000564,demo,entity_0816,entity_0820,1,entity_0820,entity_0816,entity_0816,entity_0820,train
pair_000565,demo,entity_0141,entity_0150,1,entity_0141,entity_0150,entity_0150,entity_0141,train
pair_000566,demo,entity_0254,entity_0630,0,entity_0254,entity_0630,entity_0630,entity_0254,train
pair_000567,demo,entity_0917,entity_0919,1,entity_0919,entity_0917,entity_0917,entity_0919,train
pair_000568,query,entity_0305,entity_0598,0,entity_0305,entity_0598,entity_0598,entity_0305,validation
pair_000569,query,entity_0571,entity_0577,1,entity_0571,entity_0577,entity_0577,entity_0571,test
pair_000570,query,entity_0942,entity_0948,1,entity_0948,entity_0942,entity_0942,entity_0948,test
pair_000571,demo,entity_0996,entity_0999,1,entity_0999,entity_0996,entity_0996,entity_0999,train
pair_000572,query,entity_0690,entity_0920,0,entity_0690,entity_0920,entity_0920,entity_0690,test
pair_000573,demo,entity_0175,entity_0177,1,entity_0175,entity_0177,entity_0177,entity_0175,train
pair_000574,query,entity_0575,entity_0630,0,entity_0630,entity_0575,entity_0575,entity_0630,test
pair_000575,query,entity_0339,entity_0755,0,entity_0339,entity_0755,entity_0755,entity_0339,test
pair_000576,query,entity_0182,entity_0739,0,entity_0739,entity_0182,entity_0182,entity_0739,test
pair_000577,demo,entity_0315,entity_0476,0,entity_0315,entity_0476,entity_0476,entity_0315,train
pair_000578,demo,entity_0194,entity_0997,0,entity_0997,entity_0194,entity_0194,entity_0997,train
pair_000579,query,entity_0066,entity_0526,0,entity_0066,entity_0526,entity_0526,entity_0066,test
pair_000580,demo,entity_0471,entity_0545,0,entity_0545,entity_0471,entity_0471,entity_0545,train
pair_000581,query,entity_0531,entity_0537,1,entity_0537,entity_0531,entity_0531,entity_0537,test
pair_000582,demo,entity_0433,entity_0437,1,entity_0433,entity_0437,entity_0437,entity_0433,train
pair_000583,query,entity_0197,entity_0221,0,entity_0197,entity_0221,entity_0221,entity_0197,test
pair_000584,demo,entity_0380,entity_0540,0,entity_0540,entity_0380,entity_0380,entity_0540,train
pair_000585,demo,entity_0417,entity_0916,0,entity_0916,entity_0417,entity_0417,entity_0916,train
pair_000586,query,entity_0729,entity_0775,0,entity_0775,entity_0729,entity_0729,entity_0775,test
pair_000587,query,entity_0180,entity_0955,0,entity_0180,entity_0955,entity_0955,entity_0180,validation
pair_000588,query,entity_0629,entity_0743,0,entity_0743,entity_0629,entity_0629,entity_0743,test
pair_000589,query,entity_0563,entity_0568,1,entity_0568,entity_0563,entity_0563,entity_0568,test
pair_000590,query,entity_0348,entity_0350,1,entity_0350,entity_0348,entity_0348,entity_0350,test
pair_000591,query,entity_0523,entity_0992,0,entity_0992,entity_0523,entity_0523,entity_0992,test
pair_000592,query,entity_0171,entity_0175,1,entity_0175,entity_0171,entity_0171,entity_0175,test
pair_000593,demo,entity_0692,entity_0697,1,entity_0692,entity_0697,entity_0697,entity_0692,train
pair_000594,demo,entity_0221,entity_0229,1,entity_0221,entity_0229,entity_0229,entity_0221,train
pair_000595,query,entity_0212,entity_0220,1,entity_0212,entity_0220,entity_0220,entity_0212,test
pair_000596,demo,entity_0709,entity_0806,0,entity_0806,entity_0709,entity_0709,entity_0806,train
pair_000597,query,entity_0563,entity_0564,1,entity_0563,entity_0564,entity_0564,entity_0563,test
pair_000598,demo,entity_0128,entity_0859,0,entity_0859,entity_0128,entity_0128,entity_0859,train
pair_000599,demo,entity_0781,entity_0944,0,entity_0944,entity_0781,entity_0781,entity_0944,train
pair_000600,query,entity_0024,entity_0028,1,entity_0028,entity_0024,entity_0024,entity_0028,test
pair_000601,demo,entity_0533,entity_0849,0,entity_0849,entity_0533,entity_0533,entity_0849,train
pair_000602,demo,entity_0502,entity_0504,1,entity_0502,entity_0504,entity_0504,entity_0502,train
pair_000603,demo,entity_0200,entity_0294,0,entity_0200,entity_0294,entity_0294,entity_0200,train
pair_000604,demo,entity_0065,entity_0069,1,entity_0065,entity_0069,entity_0069,entity_0065,train
pair_000605,query,entity_0067,entity_0846,0,entity_0846,entity_0067,entity_0067,entity_0846,test
pair_000606,query,entity_0691,entity_0692,1,entity_0692,entity_0691,entity_0691,entity_0692,test
pair_000607,demo,entity_0255,entity_0257,1,entity_0255,entity_0257,entity_0257,entity_0255,train
pair_000608,demo,entity_0092,entity_0124,0,entity_0124,entity_0092,entity_0092,entity_0124,train
pair_000609,query,entity_0601,entity_0605,1,entity_0601,entity_0605,entity_0605,entity_0601,test
pair_000610,demo,entity_0025,entity_0271,0,entity_0025,entity_0271,entity_0271,entity_0025,train
pair_000611,query,entity_0514,entity_0841,0,entity_0514,entity_0841,entity_0841,entity_0514,test
pair_000612,demo,entity_0463,entity_0625,0,entity_0625,entity_0463,entity_0463,entity_0625,train
pair_000613,demo,entity_0009,entity_0010,1,entity_0009,entity_0010,entity_0010,entity_0009,train
pair_000614,demo,entity_0136,entity_0137,1,entity_0136,entity_0137,entity_0137,entity_0136,train
pair_000615,query,entity_0043,entity_0046,1,entity_0043,entity_0046,entity_0046,entity_0043,test
pair_000616,query,entity_0062,entity_0136,0,entity_0136,entity_0062,entity_0062,entity_0136,test
pair_000617,query,entity_0029,entity_0487,0,entity_0029,entity_0487,entity_0487,entity_0029,test
pair_000618,demo,entity_0924,entity_0929,1,entity_0924,entity_0929,entity_0929,entity_0924,train
pair_000619,demo,entity_0871,entity_0878,1,entity_0871,entity_0878,entity_0878,entity_0871,train
pair_000620,demo,entity_0416,entity_0418,1,entity_0418,entity_0416,entity_0416,entity_0418,train
pair_000621,query,entity_0127,entity_0631,0,entity_0127,entity_0631,entity_0631,entity_0127,validation
pair_000622,demo,entity_0258,entity_0260,1,entity_0258,entity_0260,entity_0260,entity_0258,train
pair_000623,demo,entity_0134,entity_0655,0,entity_0655,entity_0134,entity_0134,entity_0655,train
pair_000624,query,entity_0566,entity_0569,1,entity_0566,entity_0569,entity_0569,entity_0566,test
pair_000625,query,entity_0826,entity_0829,1,entity_0826,entity_0829,entity_0829,entity_0826,test
pair_000626,demo,entity_0009,entity_0501,0,entity_0501,entity_0009,entity_0009,entity_0501,train
pair_000627,query,entity_0903,entity_0905,1,entity_0905,entity_0903,entity_0903,entity_0905,validation
pair_000628,demo,entity_0907,entity_0910,1,entity_0907,entity_0910,entity_0910,entity_0907,train
pair_000629,query,entity_0372,entity_0558,0,entity_0372,entity_0558,entity_0558,entity_0372,test
pair_000630,demo,entity_0309,entity_0955,0,entity_0955,entity_0309,entity_0309,entity_0955,train
pair_000631,query,entity_0111,entity_0115,1,entity_0115,entity_0111,entity_0111,entity_0115,test
pair_000632,query,entity_0273,entity_0279,1,entity_0273,entity_0279,entity_0279,entity_0273,test
pair_000633,query,entity_0956,entity_0960,1,entity_0956,entity_0960,entity_0960,entity_0956,test
pair_000634,query,entity_0752,entity_0941,0,entity_0941,entity_0752,entity_0752,entity_0941,test
pair_000635,demo,entity_0105,entity_0747,0,entity_0105,entity_0747,entity_0747,entity_0105,train
pair_000636,query,entity_0020,entity_0803,0,entity_0803,entity_0020,entity_0020,entity_0803,test
pair_000637,demo,entity_0090,entity_0530,0,entity_0530,entity_0090,entity_0090,entity_0530,train
pair_000638,query,entity_0038,entity_0798,0,entity_0798,entity_0038,entity_0038,entity_0798,validation
pair_000639,demo,entity_0431,entity_0432,1,entity_0431,entity_0432,entity_0432,entity_0431,train
pair_000640,query,entity_0181,entity_0262,0,entity_0181,entity_0262,entity_0262,entity_0181,validation
pair_000641,query,entity_0193,entity_0839,0,entity_0193,entity_0839,entity_0839,entity_0193,test
pair_000642,demo,entity_0844,entity_0848,1,entity_0848,entity_0844,entity_0844,entity_0848,train
pair_000643,demo,entity_0038,entity_0039,1,entity_0039,entity_0038,entity_0038,entity_0039,train
pair_000644,query,entity_0369,entity_0818,0,entity_0818,entity_0369,entity_0369,entity_0818,test
pair_000645,query,entity_0197,entity_0603,0,entity_0603,entity_0197,entity_0197,entity_0603,test
pair_000646,query,entity_0802,entity_0807,1,entity_0802,entity_0807,entity_0807,entity_0802,test
pair_000647,demo,entity_0722,entity_0919,0,entity_0919,entity_0722,entity_0722,entity_0919,train
pair_000648,demo,entity_0726,entity_0727,1,entity_0726,entity_0727,entity_0727,entity_0726,train
pair_000649,query,entity_0706,entity_0708,1,entity_0708,entity_0706,entity_0706,entity_0708,test
pair_000650,query,entity_0510,entity_0751,0,entity_0751,entity_0510,entity_0510,entity_0751,test
pair_000651,query,entity_0078,entity_0984,0,entity_0078,entity_0984,entity_0984,entity_0078,validation
pair_000652,demo,entity_0805,entity_0978,0,entity_0805,entity_0978,entity_0978,entity_0805,train
pair_000653,query,entity_0278,entity_0543,0,entity_0543,entity_0278,entity_0278,entity_0543,test
pair_000654,query,entity_0476,entity_0604,0,entity_0476,entity_0604,entity_0604,entity_0476,validation
pair_000655,demo,entity_0655,entity_0941,0,entity_0655,entity_0941,entity_0941,entity_0655,train
pair_000656,demo,entity_0356,entity_0699,0,entity_0356,entity_0699,entity_0699,entity_0356,train
pair_000657,demo,entity_0590,entity_0914,0,entity_0590,entity_0914,entity_0914,entity_0590,train
pair_000658,demo,entity_0394,entity_0972,0,entity_0972,entity_0394,entity_0394,entity_0972,train
pair_000659,query,entity_0186,entity_0189,1,entity_0189,entity_0186,entity_0186,entity_0189,test
pair_000660,demo,entity_0232,entity_0237,1,entity_0232,entity_0237,entity_0237,entity_0232,train
pair_000661,query,entity_0414,entity_0483,0,entity_0414,entity_0483,entity_0483,entity_0414,test
pair_000662,query,entity_0294,entity_0915,0,entity_0915,entity_0294,entity_0294,entity_0915,test
pair_000663,query,entity_0515,entity_0520,1,entity_0515,entity_0520,entity_0520,entity_0515,test
pair_000664,demo,entity_0523,entity_0530,1,entity_0530,entity_0523,entity_0523,entity_0530,train
pair_000665,demo,entity_0422,entity_0425,1,entity_0422,entity_0425,entity_0425,entity_0422,train
pair_000666,query,entity_0300,entity_0659,0,entity_0300,entity_0659,entity_0659,entity_0300,test
pair_000667,query,entity_0376,entity_0789,0,entity_0789,entity_0376,entity_0376,entity_0789,test
pair_000668,demo,entity_0082,entity_0861,0,entity_0861,entity_0082,entity_0082,entity_0861,train
pair_000669,query,entity_0332,entity_0396,0,entity_0396,entity_0332,entity_0332,entity_0396,validation
pair_000670,demo,entity_0291,entity_0835,0,entity_0291,entity_0835,entity_0835,entity_0291,train
pair_000671,demo,entity_0593,entity_0596,1,entity_0596,entity_0593,entity_0593,entity_0596,train
pair_000672,demo,entity_0682,entity_0686,1,entity_0682,entity_0686,entity_0686,entity_0682,train
pair_000673,demo,entity_0317,entity_0414,0,entity_0317,entity_0414,entity_0414,entity_0317,train
pair_000674,query,entity_0950,entity_0987,0,entity_0987,entity_0950,entity_0950,entity_0987,test
pair_000675,demo,entity_0692,entity_0698,1,entity_0692,entity_0698,entity_0698,entity_0692,train
pair_000676,query,entity_0215,entity_0517,0,entity_0517,entity_0215,entity_0215,entity_0517,test
pair_000677,query,entity_0405,entity_0796,0,entity_0405,entity_0796,entity_0796,entity_0405,test
pair_000678,demo,entity_0472,entity_0475,1,entity_0472,entity_0475,entity_0475,entity_0472,train
pair_000679,query,entity_0395,entity_0524,0,entity_0395,entity_0524,entity_0524,entity_0395,validation
pair_000680,demo,entity_0013,entity_0106,0,entity_0106,entity_0013,entity_0013,entity_0106,train
pair_000681,query,entity_0133,entity_0412,0,entity_0133,entity_0412,entity_0412,entity_0133,test
pair_000682,query,entity_0213,entity_0716,0,entity_0213,entity_0716,entity_0716,entity_0213,test
pair_000683,query,entity_0130,entity_0238,0,entity_0130,entity_0238,entity_0238,entity_0130,validation
pair_000684,demo,entity_0134,entity_0219,0,entity_0219,entity_0134,entity_0134,entity_0219,train
pair_000685,query,entity_0515,entity_0930,0,entity_0515,entity_0930,entity_0930,entity_0515,test
pair_000686,demo,entity_0742,entity_0747,1,entity_0747,entity_0742,entity_0742,entity_0747,train
pair_000687,demo,entity_0171,entity_0384,0,entity_0384,entity_0171,entity_0171,entity_0384,train
pair_000688,demo,entity_0574,entity_0579,1,entity_0579,entity_0574,entity_0574,entity_0579,train
pair_000689,query,entity_0041,entity_0044,1,entity_0041,entity_0044,entity_0044,entity_0041,test
pair_000690,query,entity_0011,entity_0018,1,entity_0018,entity_0011,entity_0011,entity_0018,test
pair_000691,demo,entity_0140,entity_0207,0,entity_0140,entity_0207,entity_0207,entity_0140,train
pair_000692,demo,entity_0916,entity_0920,1,entity_0916,entity_0920,entity_0920,entity_0916,train
pair_000693,demo,entity_0048,entity_0214,0,entity_0048,entity_0214,entity_0214,entity_0048,train
pair_000694,demo,entity_0274,entity_0277,1,entity_0274,entity_0277,entity_0277,entity_0274,train
pair_000695,query,entity_0541,entity_0882,0,entity_0541,entity_0882,entity_0882,entity_0541,test
pair_000696,query,entity_0782,entity_0786,1,entity_0786,entity_0782,entity_0782,entity_0786,test
pair_000697,demo,entity_0150,entity_0668,0,entity_0150,entity_0668,entity_0668,entity_0150,train
pair_000698,query,entity_0954,entity_0955,1,entity_0954,entity_0955,entity_0955,entity_0954,test
pair_000699,query,entity_0725,entity_0730,1,entity_0725,entity_0730,entity_0730,entity_0725,test
pair_000700,demo,entity_0337,entity_0804,0,entity_0804,entity_0337,entity_0337,entity_0804,train
pair_000701,query,entity_0641,entity_0648,1,entity_0641,entity_0648,entity_0648,entity_0641,test
pair_000702,query,entity_0078,entity_0364,0,entity_0078,entity_0364,entity_0364,entity_0078,test
pair_000703,query,entity_0423,entity_0922,0,entity_0423,entity_0922,entity_0922,entity_0423,test
pair_000704,demo,entity_0802,entity_0803,1,entity_0802,entity_0803,entity_0803,entity_0802,train
pair_000705,demo,entity_0258,entity_0961,0,entity_0961,entity_0258,entity_0258,entity_0961,train
pair_000706,query,entity_0681,entity_0688,1,entity_0688,entity_0681,entity_0681,entity_0688,test
pair_000707,demo,entity_0591,entity_0599,1,entity_0591,entity_0599,entity_0599,entity_0591,train
pair_000708,query,entity_0317,entity_0318,1,entity_0317,entity_0318,entity_0318,entity_0317,test
pair_000709,query,entity_0077,entity_0345,0,entity_0345,entity_0077,entity_0077,entity_0345,validation
pair_000710,demo,entity_0518,entity_0906,0,entity_0518,entity_0906,entity_0906,entity_0518,train
pair_000711,demo,entity_0037,entity_0039,1,entity_0039,entity_0037,entity_0037,entity_0039,train
pair_000712,query,entity_0418,entity_0420,1,entity_0420,entity_0418,entity_0418,entity_0420,test
pair_000713,query,entity_0435,entity_0437,1,entity_0435,entity_0437,entity_0437,entity_0435,validation
pair_000714,query,entity_0633,entity_0713,0,entity_0713,entity_0633,entity_0633,entity_0713,test
pair_000715,demo,entity_0333,entity_0334,1,entity_0333,entity_0334,entity_0334,entity_0333,train
pair_000716,demo,entity_0710,entity_0890,0,entity_0890,entity_0710,entity_0710,entity_0890,train
pair_000717,demo,entity_0231,entity_0240,1,entity_0231,entity_0240,entity_0240,entity_0231,train
pair_000718,demo,entity_0374,entity_0930,0,entity_0930,entity_0374,entity_0374,entity_0930,train
pair_000719,query,entity_0275,entity_0764,0,entity_0764,entity_0275,entity_0275,entity_0764,test
pair_000720,demo,entity_0331,entity_0339,1,entity_0339,entity_0331,entity_0331,entity_0339,train
pair_000721,demo,entity_0821,entity_0823,1,entity_0823,entity_0821,entity_0821,entity_0823,train
pair_000722,demo,entity_0122,entity_0129,1,entity_0129,entity_0122,entity_0122,entity_0129,train
pair_000723,query,entity_0081,entity_0086,1,entity_0081,entity_0086,entity_0086,entity_0081,test
pair_000724,query,entity_0495,entity_0496,1,entity_0496,entity_0495,entity_0495,entity_0496,test
pair_000725,demo,entity_0181,entity_0184,1,entity_0181,entity_0184,entity_0184,entity_0181,train
pair_000726,demo,entity_0311,entity_0314,1,entity_0314,entity_0311,entity_0311,entity_0314,train
pair_000727,demo,entity_0766,entity_0895,0,entity_0895,entity_0766,entity_0766,entity_0895,train
pair_000728,query,entity_0732,entity_0884,0,entity_0884,entity_0732,entity_0732,entity_0884,validation
pair_000729,demo,entity_0164,entity_0165,1,entity_0164,entity_0165,entity_0165,entity_0164,train
pair_000730,query,entity_0833,entity_0945,0,entity_0945,entity_0833,entity_0833,entity_0945,test
pair_000731,demo,entity_0497,entity_0824,0,entity_0497,entity_0824,entity_0824,entity_0497,train
pair_000732,demo,entity_0578,entity_0685,0,entity_0578,entity_0685,entity_0685,entity_0578,train
pair_000733,demo,entity_0031,entity_0569,0,entity_0031,entity_0569,entity_0569,entity_0031,train
pair_000734,query,entity_0446,entity_0447,1,entity_0447,entity_0446,entity_0446,entity_0447,test
pair_000735,demo,entity_0135,entity_0974,0,entity_0974,entity_0135,entity_0135,entity_0974,train
pair_000736,demo,entity_0491,entity_0495,1,entity_0495,entity_0491,entity_0491,entity_0495,train
pair_000737,query,entity_0504,entity_0506,1,entity_0504,entity_0506,entity_0506,entity_0504,validation
pair_000738,query,entity_0328,entity_0671,0,entity_0671,entity_0328,entity_0328,entity_0671,test
pair_000739,query,entity_0719,entity_0773,0,entity_0719,entity_0773,entity_0773,entity_0719,test
pair_000740,demo,entity_0682,entity_0684,1,entity_0684,entity_0682,entity_0682,entity_0684,train
pair_000741,query,entity_0165,entity_0807,0,entity_0807,entity_0165,entity_0165,entity_0807,test
pair_000742,query,entity_0928,entity_0929,1,entity_0928,entity_0929,entity_0929,entity_0928,test
pair_000743,demo,entity_0341,entity_0348,1,entity_0341,entity_0348,entity_0348,entity_0341,train
pair_000744,demo,entity_0682,entity_0685,1,entity_0685,entity_0682,entity_0682,entity_0685,train
pair_000745,demo,entity_0034,entity_0038,1,entity_0038,entity_0034,entity_0034,entity_0038,train
pair_000746,demo,entity_0754,entity_0757,1,entity_0754,entity_0757,entity_0757,entity_0754,train
pair_000747,query,entity_0098,entity_0772,0,entity_0772,entity_0098,entity_0098,entity_0772,test
pair_000748,demo,entity_0472,entity_0479,1,entity_0472,entity_0479,entity_0479,entity_0472,train
pair_000749,demo,entity_0514,entity_0517,1,entity_0514,entity_0517,entity_0517,entity_0514,train
pair_000750,demo,entity_0339,entity_0517,0,entity_0339,entity_0517,entity_0517,entity_0339,train
pair_000751,query,entity_0785,entity_0795,0,entity_0785,entity_0795,entity_0795,entity_0785,test
pair_000752,query,entity_0389,entity_0943,0,entity_0943,entity_0389,entity_0389,entity_0943,test
pair_000753,demo,entity_0161,entity_0722,0,entity_0722,entity_0161,entity_0161,entity_0722,train
pair_000754,demo,entity_0864,entity_0870,1,entity_0870,entity_0864,entity_0864,entity_0870,train
pair_000755,query,entity_0376,entity_0606,0,entity_0376,entity_0606,entity_0606,entity_0376,test
pair_000756,query,entity_0145,entity_0149,1,entity_0149,entity_0145,entity_0145,entity_0149,test
pair_000757,demo,entity_0220,entity_0229,0,entity_0229,entity_0220,entity_0220,entity_0229,train
pair_000758,query,entity_0124,entity_0791,0,entity_0124,entity_0791,entity_0791,entity_0124,test
pair_000759,demo,entity_0921,entity_0927,1,entity_0927,entity_0921,entity_0921,entity_0927,train
pair_000760,demo,entity_0652,entity_0657,1,entity_0657,entity_0652,entity_0652,entity_0657,train
pair_000761,query,entity_0170,entity_0751,0,entity_0751,entity_0170,entity_0170,entity_0751,test
pair_000762,query,entity_0604,entity_0607,1,entity_0604,entity_0607,entity_0607,entity_0604,test
pair_000763,query,entity_0937,entity_0940,1,entity_0937,entity_0940,entity_0940,entity_0937,test
pair_000764,demo,entity_0307,entity_0717,0,entity_0307,entity_0717,entity_0717,entity_0307,train
pair_000765,query,entity_0221,entity_0226,1,entity_0221,entity_0226,entity_0226,entity_0221,test
pair_000766,query,entity_0606,entity_0607,1,entity_0606,entity_0607,entity_0607,entity_0606,validation
pair_000767,query,entity_0191,entity_0198,1,entity_0191,entity_0198,entity_0198,entity_0191,test
pair_000768,demo,entity_0563,entity_0565,1,entity_0565,entity_0563,entity_0563,entity_0565,train
pair_000769,query,entity_0303,entity_0306,1,entity_0306,entity_0303,entity_0303,entity_0306,test
pair_000770,query,entity_0063,entity_0068,1,entity_0063,entity_0068,entity_0068,entity_0063,test
pair_000771,query,entity_0223,entity_0415,0,entity_0223,entity_0415,entity_0415,entity_0223,test
pair_000772,demo,entity_0424,entity_0426,1,entity_0424,entity_0426,entity_0426,entity_0424,train
pair_000773,demo,entity_0673,entity_0675,1,entity_0673,entity_0675,entity_0675,entity_0673,train
pair_000774,query,entity_0135,entity_0799,0,entity_0135,entity_0799,entity_0799,entity_0135,test
pair_000775,demo,entity_0654,entity_0656,1,entity_0656,entity_0654,entity_0654,entity_0656,train
pair_000776,query,entity_0274,entity_0882,0,entity_0882,entity_0274,entity_0274,entity_0882,test
pair_000777,query,entity_0442,entity_0444,1,entity_0442,entity_0444,entity_0444,entity_0442,test
pair_000778,demo,entity_0255,entity_0736,0,entity_0255,entity_0736,entity_0736,entity_0255,train
pair_000779,demo,entity_0577,entity_0831,0,entity_0831,entity_0577,entity_0577,entity_0831,train
pair_000780,query,entity_0058,entity_0059,1,entity_0059,entity_0058,entity_0058,entity_0059,validation
pair_000781,demo,entity_0093,entity_0097,1,entity_0097,entity_0093,entity_0093,entity_0097,train
pair_000782,demo,entity_0467,entity_0652,0,entity_0467,entity_0652,entity_0652,entity_0467,train
pair_000783,query,entity_0554,entity_0557,1,entity_0554,entity_0557,entity_0557,entity_0554,test
pair_000784,demo,entity_0457,entity_0497,0,entity_0497,entity_0457,entity_0457,entity_0497,train
pair_000785,query,entity_0075,entity_0562,0,entity_0075,entity_0562,entity_0562,entity_0075,test
pair_000786,query,entity_0704,entity_0710,1,entity_0710,entity_0704,entity_0704,entity_0710,test
pair_000787,demo,entity_0745,entity_0747,1,entity_0745,entity_0747,entity_0747,entity_0745,train
pair_000788,demo,entity_0641,entity_0814,0,entity_0641,entity_0814,entity_0814,entity_0641,train
pair_000789,query,entity_0389,entity_0502,0,entity_0389,entity_0502,entity_0502,entity_0389,test
pair_000790,demo,entity_0318,entity_0391,0,entity_0391,entity_0318,entity_0318,entity_0391,train
pair_000791,query,entity_0366,entity_0368,1,entity_0366,entity_0368,entity_0368,entity_0366,test
pair_000792,demo,entity_0304,entity_0307,1,entity_0304,entity_0307,entity_0307,entity_0304,train
pair_000793,demo,entity_0395,entity_0894,0,entity_0894,entity_0395,entity_0395,entity_0894,train
pair_000794,query,entity_0036,entity_0905,0,entity_0036,entity_0905,entity_0905,entity_0036,test
pair_000795,demo,entity_0184,entity_0650,0,entity_0650,entity_0184,entity_0184,entity_0650,train
pair_000796,demo,entity_0221,entity_0368,0,entity_0221,entity_0368,entity_0368,entity_0221,train
pair_000797,demo,entity_0536,entity_0724,0,entity_0724,entity_0536,entity_0536,entity_0724,train
pair_000798,query,entity_0903,entity_0907,1,entity_0903,entity_0907,entity_0907,entity_0903,validation
pair_000799,demo,entity_0146,entity_0846,0,entity_0846,entity_0146,entity_0146,entity_0846,train
pair_000800,demo,entity_0400,entity_0937,0,entity_0937,entity_0400,entity_0400,entity_0937,train
pair_000801,query,entity_0279,entity_0370,0,entity_0279,entity_0370,entity_0370,entity_0279,test
pair_000802,demo,entity_0543,entity_0931,0,entity_0543,entity_0931,entity_0931,entity_0543,train
pair_000803,demo,entity_0048,entity_0213,0,entity_0213,entity_0048,entity_0048,entity_0213,train
pair_000804,demo,entity_0065,entity_0070,1,entity_0065,entity_0070,entity_0070,entity_0065,train
pair_000805,query,entity_0022,entity_0023,1,entity_0023,entity_0022,entity_0022,entity_0023,validation
pair_000806,demo,entity_0103,entity_0110,1,entity_0110,entity_0103,entity_0103,entity_0110,train
pair_000807,demo,entity_0493,entity_0787,0,entity_0493,entity_0787,entity_0787,entity_0493,train
pair_000808,demo,entity_0307,entity_0794,0,entity_0794,entity_0307,entity_0307,entity_0794,train
pair_000809,demo,entity_0466,entity_0470,1,entity_0466,entity_0470,entity_0470,entity_0466,train
pair_000810,demo,entity_0657,entity_0659,1,entity_0657,entity_0659,entity_0659,entity_0657,train
pair_000811,query,entity_0349,entity_0941,0,entity_0941,entity_0349,entity_0349,entity_0941,test
pair_000812,demo,entity_0045,entity_0958,0,entity_0958,entity_0045,entity_0045,entity_0958,train
pair_000813,demo,entity_0954,entity_0957,1,entity_0957,entity_0954,entity_0954,entity_0957,train
pair_000814,query,entity_0593,entity_0692,0,entity_0593,entity_0692,entity_0692,entity_0593,test
pair_000815,demo,entity_0465,entity_0469,1,entity_0469,entity_0465,entity_0465,entity_0469,train
pair_000816,query,entity_0781,entity_0783,1,entity_0781,entity_0783,entity_0783,entity_0781,test
pair_000817,query,entity_0223,entity_0229,1,entity_0229,entity_0223,entity_0223,entity_0229,test
pair_000818,query,entity_0068,entity_0949,0,entity_0068,entity_0949,entity_0949,entity_0068,validation
pair_000819,demo,entity_0722,entity_0729,1,entity_0729,entity_0722,entity_0722,entity_0729,train
pair_000820,demo,entity_0677,entity_0680,1,entity_0677,entity_0680,entity_0680,entity_0677,train
pair_000821,demo,entity_0513,entity_0891,0,entity_0891,entity_0513,entity_0513,entity_0891,train
pair_000822,demo,entity_0027,entity_0030,1,entity_0027,entity_0030,entity_0030,entity_0027,train
pair_000823,demo,entity_0285,entity_0815,0,entity_0285,entity_0815,entity_0815,entity_0285,train
pair_000824,demo,entity_0002,entity_0900,0,entity_0002,entity_0900,entity_0900,entity_0002,train
pair_000825,demo,entity_0015,entity_0724,0,entity_0724,entity_0015,entity_0015,entity_0724,train
pair_000826,demo,entity_0198,entity_0312,0,entity_0312,entity_0198,entity_0198,entity_0312,train
pair_000827,demo,entity_0371,entity_0914,0,entity_0371,entity_0914,entity_0914,entity_0371,train
pair_000828,demo,entity_0822,entity_0824,1,entity_0822,entity_0824,entity_0824,entity_0822,train
pair_000829,query,entity_0145,entity_0148,1,entity_0148,entity_0145,entity_0145,entity_0148,test
pair_000830,demo,entity_0655,entity_0801,0,entity_0655,entity_0801,entity_0801,entity_0655,train
pair_000831,query,entity_0306,entity_0307,1,entity_0306,entity_0307,entity_0307,entity_0306,test
pair_000832,query,entity_0218,entity_0928,0,entity_0928,entity_0218,entity_0218,entity_0928,test
pair_000833,demo,entity_0862,entity_0867,1,entity_0867,entity_0862,entity_0862,entity_0867,train
pair_000834,query,entity_0306,entity_0999,0,entity_0999,entity_0306,entity_0306,entity_0999,test
pair_000835,demo,entity_0661,entity_0768,0,entity_0768,entity_0661,entity_0661,entity_0768,train
pair_000836,query,entity_0744,entity_0749,1,entity_0744,entity_0749,entity_0749,entity_0744,test
pair_000837,query,entity_0152,entity_0239,0,entity_0152,entity_0239,entity_0239,entity_0152,test
pair_000838,demo,entity_0794,entity_0895,0,entity_0794,entity_0895,entity_0895,entity_0794,train
pair_000839,query,entity_0691,entity_0693,1,entity_0691,entity_0693,entity_0693,entity_0691,test
pair_000840,demo,entity_0752,entity_0758,1,entity_0752,entity_0758,entity_0758,entity_0752,train
pair_000841,query,entity_0273,entity_0650,0,entity_0650,entity_0273,entity_0273,entity_0650,test
pair_000842,query,entity_0383,entity_0390,1,entity_0390,entity_0383,entity_0383,entity_0390,test
pair_000843,query,entity_0828,entity_0829,1,entity_0828,entity_0829,entity_0829,entity_0828,validation
pair_000844,demo,entity_0716,entity_0909,0,entity_0716,entity_0909,entity_0909,entity_0716,train
pair_000845,demo,entity_0832,entity_0833,1,entity_0832,entity_0833,entity_0833,entity_0832,train
pair_000846,query,entity_0529,entity_0674,0,entity_0674,entity_0529,entity_0529,entity_0674,test
pair_000847,query,entity_0028,entity_0246,0,entity_0246,entity_0028,entity_0028,entity_0246,test
pair_000848,demo,entity_0995,entity_0996,1,entity_0995,entity_0996,entity_0996,entity_0995,train
pair_000849,demo,entity_0614,entity_0642,0,entity_0642,entity_0614,entity_0614,entity_0642,train
pair_000850,query,entity_0040,entity_0835,0,entity_0040,entity_0835,entity_0835,entity_0040,validation
pair_000851,query,entity_0647,entity_0648,1,entity_0648,entity_0647,entity_0647,entity_0648,test
pair_000852,query,entity_0635,entity_0640,1,entity_0635,entity_0640,entity_0640,entity_0635,test
pair_000853,demo,entity_0153,entity_0160,1,entity_0160,entity_0153,entity_0153,entity_0160,train
pair_000854,query,entity_0505,entity_0701,0,entity_0505,entity_0701,entity_0701,entity_0505,test
pair_000855,query,entity_0113,entity_0115,1,entity_0115,entity_0113,entity_0113,entity_0115,test
pair_000856,demo,entity_0806,entity_0925,0,entity_0806,entity_0925,entity_0925,entity_0806,train
pair_000857,query,entity_0376,entity_0379,1,entity_0376,entity_0379,entity_0379,entity_0376,test
pair_000858,query,entity_0952,entity_0960,1,entity_0952,entity_0960,entity_0960,entity_0952,validation
pair_000859,query,entity_0772,entity_0780,1,entity_0780,entity_0772,entity_0772,entity_0780,validation
pair_000860,query,entity_0572,entity_0577,1,entity_0572,entity_0577,entity_0577,entity_0572,validation
pair_000861,demo,entity_0092,entity_0852,0,entity_0092,entity_0852,entity_0852,entity_0092,train
pair_000862,demo,entity_0922,entity_0925,1,entity_0925,entity_0922,entity_0922,entity_0925,train
pair_000863,demo,entity_0442,entity_0448,1,entity_0442,entity_0448,entity_0448,entity_0442,train
pair_000864,query,entity_0803,entity_0804,1,entity_0804,entity_0803,entity_0803,entity_0804,validation
pair_000865,demo,entity_0562,entity_0792,0,entity_0562,entity_0792,entity_0792,entity_0562,train
pair_000866,demo,entity_0757,entity_0758,1,entity_0757,entity_0758,entity_0758,entity_0757,train
pair_000867,query,entity_0154,entity_0156,1,entity_0154,entity_0156,entity_0156,entity_0154,test
pair_000868,query,entity_0424,entity_0600,0,entity_0600,entity_0424,entity_0424,entity_0600,validation
pair_000869,demo,entity_0883,entity_0887,1,entity_0887,entity_0883,entity_0883,entity_0887,train
pair_000870,query,entity_0634,entity_0847,0,entity_0634,entity_0847,entity_0847,entity_0634,test
pair_000871,query,entity_0621,entity_0726,0,entity_0621,entity_0726,entity_0726,entity_0621,validation
pair_000872,demo,entity_0113,entity_0187,0,entity_0187,entity_0113,entity_0113,entity_0187,train
pair_000873,demo,entity_0178,entity_0582,0,entity_0582,entity_0178,entity_0178,entity_0582,train
pair_000874,query,entity_0436,entity_0598,0,entity_0436,entity_0598,entity_0598,entity_0436,test
pair_000875,demo,entity_0691,entity_0699,1,entity_0691,entity_0699,entity_0699,entity_0691,train
pair_000876,query,entity_0122,entity_0126,1,entity_0122,entity_0126,entity_0126,entity_0122,test
pair_000877,demo,entity_0265,entity_0547,0,entity_0547,entity_0265,entity_0265,entity_0547,train
pair_000878,demo,entity_0431,entity_0902,0,entity_0431,entity_0902,entity_0902,entity_0431,train
pair_000879,query,entity_0912,entity_0918,1,entity_0912,entity_0918,entity_0918,entity_0912,test
pair_000880,query,entity_0775,entity_0779,1,entity_0779,entity_0775,entity_0775,entity_0779,test
pair_000881,query,entity_0151,entity_0159,1,entity_0151,entity_0159,entity_0159,entity_0151,validation
pair_000882,query,entity_0423,entity_0884,0,entity_0884,entity_0423,entity_0423,entity_0884,test
pair_000883,query,entity_0575,entity_0578,1,entity_0575,entity_0578,entity_0578,entity_0575,test
pair_000884,query,entity_0173,entity_0177,1,entity_0173,entity_0177,entity_0177,entity_0173,test
pair_000885,query,entity_0120,entity_0757,0,entity_0757,entity_0120,entity_0120,entity_0757,test
pair_000886,query,entity_0748,entity_0749,1,entity_0749,entity_0748,entity_0748,entity_0749,test
pair_000887,query,entity_0074,entity_0788,0,entity_0788,entity_0074,entity_0074,entity_0788,test
pair_000888,demo,entity_0654,entity_0659,1,entity_0659,entity_0654,entity_0654,entity_0659,train
pair_000889,query,entity_0401,entity_0662,0,entity_0662,entity_0401,entity_0401,entity_0662,test
pair_000890,demo,entity_0448,entity_0449,1,entity_0448,entity_0449,entity_0449,entity_0448,train
pair_000891,query,entity_0965,entity_0970,1,entity_0970,entity_0965,entity_0965,entity_0970,test
pair_000892,demo,entity_0196,entity_0809,0,entity_0196,entity_0809,entity_0809,entity_0196,train
pair_000893,demo,entity_0813,entity_0814,1,entity_0814,entity_0813,entity_0813,entity_0814,train
pair_000894,query,entity_0451,entity_0836,0,entity_0451,entity_0836,entity_0836,entity_0451,test
pair_000895,demo,entity_0945,entity_0949,1,entity_0949,entity_0945,entity_0945,entity_0949,train
pair_000896,demo,entity_0487,entity_0489,1,entity_0487,entity_0489,entity_0489,entity_0487,train
pair_000897,demo,entity_0668,entity_0705,0,entity_0668,entity_0705,entity_0705,entity_0668,train
pair_000898,demo,entity_0342,entity_0349,1,entity_0349,entity_0342,entity_0342,entity_0349,train
pair_000899,query,entity_0799,entity_0800,1,entity_0799,entity_0800,entity_0800,entity_0799,test
pair_000900,query,entity_0724,entity_0726,1,entity_0726,entity_0724,entity_0724,entity_0726,test
pair_000901,query,entity_0505,entity_0509,1,entity_0505,entity_0509,entity_0509,entity_0505,test
pair_000902,demo,entity_0358,entity_0624,0,entity_0358,entity_0624,entity_0624,entity_0358,train
pair_000903,demo,entity_0168,entity_0237,0,entity_0168,entity_0237,entity_0237,entity_0168,train
pair_000904,query,entity_0600,entity_0776,0,entity_0776,entity_0600,entity_0600,entity_0776,test
pair_000905,demo,entity_0454,entity_0845,0,entity_0454,entity_0845,entity_0845,entity_0454,train
pair_000906,query,entity_0954,entity_0956,1,entity_0956,entity_0954,entity_0954,entity_0956,test
pair_000907,query,entity_0767,entity_0770,1,entity_0767,entity_0770,entity_0770,entity_0767,test
pair_000908,query,entity_0226,entity_0398,0,entity_0226,entity_0398,entity_0398,entity_0226,validation
pair_000909,demo,entity_0133,entity_0138,1,entity_0138,entity_0133,entity_0133,entity_0138,train
pair_000910,query,entity_0423,entity_0888,0,entity_0423,entity_0888,entity_0888,entity_0423,test
pair_000911,demo,entity_0366,entity_0625,0,entity_0625,entity_0366,entity_0366,entity_0625,train
pair_000912,query,entity_0431,entity_0437,1,entity_0431,entity_0437,entity_0437,entity_0431,test
pair_000913,query,entity_0235,entity_0237,1,entity_0235,entity_0237,entity_0237,entity_0235,test
pair_000914,query,entity_0136,entity_0819,0,entity_0136,entity_0819,entity_0819,entity_0136,test
pair_000915,query,entity_0992,entity_0999,1,entity_0992,entity_0999,entity_0999,entity_0992,test
pair_000916,demo,entity_0816,entity_0819,1,entity_0816,entity_0819,entity_0819,entity_0816,train
pair_000917,query,entity_0582,entity_0584,1,entity_0584,entity_0582,entity_0582,entity_0584,test
pair_000918,demo,entity_0588,entity_0760,0,entity_0588,entity_0760,entity_0760,entity_0588,train
pair_000919,query,entity_0348,entity_0714,0,entity_0714,entity_0348,entity_0348,entity_0714,test
pair_000920,demo,entity_0710,entity_0923,0,entity_0710,entity_0923,entity_0923,entity_0710,train
pair_000921,demo,entity_0111,entity_0116,1,entity_0111,entity_0116,entity_0116,entity_0111,train
pair_000922,query,entity_0358,entity_0996,0,entity_0996,entity_0358,entity_0358,entity_0996,test
pair_000923,query,entity_0303,entity_0890,0,entity_0890,entity_0303,entity_0303,entity_0890,validation
pair_000924,query,entity_0358,entity_0865,0,entity_0865,entity_0358,entity_0358,entity_0865,test
pair_000925,query,entity_0552,entity_0680,0,entity_0552,entity_0680,entity_0680,entity_0552,test
pair_000926,query,entity_0636,entity_0637,1,entity_0637,entity_0636,entity_0636,entity_0637,test
pair_000927,demo,entity_0176,entity_0180,1,entity_0180,entity_0176,entity_0176,entity_0180,train
pair_000928,query,entity_0096,entity_0439,0,entity_0096,entity_0439,entity_0439,entity_0096,validation
pair_000929,query,entity_0292,entity_0294,1,entity_0292,entity_0294,entity_0294,entity_0292,test
pair_000930,query,entity_0724,entity_0973,0,entity_0724,entity_0973,entity_0973,entity_0724,test
pair_000931,query,entity_0631,entity_0640,1,entity_0640,entity_0631,entity_0631,entity_0640,test
pair_000932,demo,entity_0463,entity_0644,0,entity_0644,entity_0463,entity_0463,entity_0644,train
pair_000933,demo,entity_0884,entity_0889,1,entity_0889,entity_0884,entity_0884,entity_0889,train
pair_000934,query,entity_0361,entity_0723,0,entity_0723,entity_0361,entity_0361,entity_0723,test
pair_000935,demo,entity_0574,entity_0809,0,entity_0574,entity_0809,entity_0809,entity_0574,train
pair_000936,demo,entity_0565,entity_0566,1,entity_0566,entity_0565,entity_0565,entity_0566,train
pair_000937,query,entity_0663,entity_0670,1,entity_0663,entity_0670,entity_0670,entity_0663,test
pair_000938,demo,entity_0501,entity_0504,1,entity_0504,entity_0501,entity_0501,entity_0504,train
pair_000939,demo,entity_0038,entity_0943,0,entity_0943,entity_0038,entity_0038,entity_0943,train
pair_000940,query,entity_0257,entity_0831,0,entity_0257,entity_0831,entity_0831,entity_0257,test
pair_000941,demo,entity_0216,entity_0218,1,entity_0218,entity_0216,entity_0216,entity_0218,train
pair_000942,demo,entity_0955,entity_0956,1,entity_0956,entity_0955,entity_0955,entity_0956,train
pair_000943,demo,entity_0077,entity_0389,0,entity_0389,entity_0077,entity_0077,entity_0389,train
pair_000944,demo,entity_0751,entity_0752,1,entity_0751,entity_0752,entity_0752,entity_0751,train
pair_000945,demo,entity_0873,entity_0876,1,entity_0876,entity_0873,entity_0873,entity_0876,train
pair_000946,demo,entity_0048,entity_0382,0,entity_0048,entity_0382,entity_0382,entity_0048,train
pair_000947,demo,entity_0070,entity_0635,0,entity_0635,entity_0070,entity_0070,entity_0635,train
pair_000948,query,entity_0494,entity_0497,1,entity_0494,entity_0497,entity_0497,entity_0494,validation
pair_000949,demo,entity_0639,entity_0776,0,entity_0776,entity_0639,entity_0639,entity_0776,train
pair_000950,demo,entity_0525,entity_0783,0,entity_0525,entity_0783,entity_0783,entity_0525,train
pair_000951,query,entity_0027,entity_0804,0,entity_0027,entity_0804,entity_0804,entity_0027,validation
pair_000952,demo,entity_0495,entity_0498,1,entity_0495,entity_0498,entity_0498,entity_0495,train
pair_000953,demo,entity_0158,entity_0160,1,entity_0160,entity_0158,entity_0158,entity_0160,train
pair_000954,query,entity_0373,entity_0376,1,entity_0373,entity_0376,entity_0376,entity_0373,test
pair_000955,demo,entity_0265,entity_0266,1,entity_0265,entity_0266,entity_0266,entity_0265,train
pair_000956,demo,entity_0680,entity_0950,0,entity_0950,entity_0680,entity_0680,entity_0950,train
pair_000957,demo,entity_0545,entity_0693,0,entity_0693,entity_0545,entity_0545,entity_0693,train
pair_000958,query,entity_0504,entity_0852,0,entity_0852,entity_0504,entity_0504,entity_0852,test
pair_000959,query,entity_0159,entity_0357,0,entity_0159,entity_0357,entity_0357,entity_0159,test
pair_000960,query,entity_0591,entity_0771,0,entity_0771,entity_0591,entity_0591,entity_0771,validation
pair_000961,query,entity_0069,entity_0515,0,entity_0069,entity_0515,entity_0515,entity_0069,test
pair_000962,demo,entity_0021,entity_0725,0,entity_0021,entity_0725,entity_0725,entity_0021,train
pair_000963,query,entity_0240,entity_0370,0,entity_0240,entity_0370,entity_0370,entity_0240,test
pair_000964,query,entity_0553,entity_0556,1,entity_0556,entity_0553,entity_0553,entity_0556,test
pair_000965,query,entity_0480,entity_0605,0,entity_0605,entity_0480,entity_0480,entity_0605,validation
pair_000966,demo,entity_0240,entity_0465,0,entity_0240,entity_0465,entity_0465,entity_0240,train
pair_000967,query,entity_0454,entity_0459,1,entity_0454,entity_0459,entity_0459,entity_0454,test
pair_000968,query,entity_0553,entity_0987,0,entity_0987,entity_0553,entity_0553,entity_0987,test
pair_000969,demo,entity_0578,entity_0884,0,entity_0884,entity_0578,entity_0578,entity_0884,train
pair_000970,demo,entity_0444,entity_0832,0,entity_0444,entity_0832,entity_0832,entity_0444,train
pair_000971,query,entity_0711,entity_0719,1,entity_0719,entity_0711,entity_0711,entity_0719,validation
pair_000972,query,entity_0311,entity_0313,1,entity_0311,entity_0313,entity_0313,entity_0311,test
pair_000973,query,entity_0626,entity_0837,0,entity_0837,entity_0626,entity_0626,entity_0837,test
pair_000974,demo,entity_0788,entity_0789,1,entity_0788,entity_0789,entity_0789,entity_0788,train
pair_000975,demo,entity_0223,entity_0230,1,entity_0223,entity_0230,entity_0230,entity_0223,train
pair_000976,query,entity_0342,entity_0348,1,entity_0348,entity_0342,entity_0342,entity_0348,test
pair_000977,query,entity_0824,entity_0857,0,entity_0857,entity_0824,entity_0824,entity_0857,validation
pair_000978,demo,entity_0302,entity_0860,0,entity_0302,entity_0860,entity_0860,entity_0302,train
pair_000979,query,entity_0627,entity_0695,0,entity_0695,entity_0627,entity_0627,entity_0695,test
pair_000980,query,entity_0295,entity_0296,1,entity_0295,entity_0296,entity_0296,entity_0295,test
pair_000981,query,entity_0904,entity_0905,1,entity_0905,entity_0904,entity_0904,entity_0905,test
pair_000982,query,entity_0241,entity_0245,1,entity_0241,entity_0245,entity_0245,entity_0241,test
pair_000983,demo,entity_0804,entity_0806,1,entity_0806,entity_0804,entity_0804,entity_0806,train
pair_000984,demo,entity_0612,entity_0616,1,entity_0612,entity_0616,entity_0616,entity_0612,train
pair_000985,query,entity_0380,entity_0943,0,entity_0943,entity_0380,entity_0380,entity_0943,test
pair_000986,demo,entity_0206,entity_0486,0,entity_0206,entity_0486,entity_0486,entity_0206,train
pair_000987,demo,entity_0202,entity_0852,0,entity_0852,entity_0202,entity_0202,entity_0852,train
pair_000988,query,entity_0653,entity_0655,1,entity_0655,entity_0653,entity_0653,entity_0655,test
pair_000989,query,entity_0361,entity_0912,0,entity_0912,entity_0361,entity_0361,entity_0912,test
pair_000990,query,entity_0140,entity_0639,0,entity_0639,entity_0140,entity_0140,entity_0639,test
pair_000991,query,entity_0086,entity_0872,0,entity_0872,entity_0086,entity_0086,entity_0872,test
pair_000992,query,entity_0834,entity_0909,0,entity_0909,entity_0834,entity_0834,entity_0909,test
pair_000993,query,entity_0600,entity_0718,0,entity_0718,entity_0600,entity_0600,entity_0718,test
pair_000994,query,entity_0428,entity_0429,1,entity_0428,entity_0429,entity_0429,entity_0428,test
pair_000995,query,entity_0191,entity_0570,0,entity_0191,entity_0570,entity_0570,entity_0191,test
pair_000996,demo,entity_0738,entity_0739,1,entity_0738,entity_0739,entity_0739,entity_0738,train
pair_000997,demo,entity_0281,entity_0285,1,entity_0285,entity_0281,entity_0281,entity_0285,train
pair_000998,query,entity_0335,entity_0730,0,entity_0335,entity_0730,entity_0730,entity_0335,test
pair_000999,query,entity_0742,entity_0744,1,entity_0744,entity_0742,entity_0742,entity_0744,test
pair_001000,demo,entity_0917,entity_0918,1,entity_0917,entity_0918,entity_0918,entity_0917,train
pair_001001,query,entity_0413,entity_0418,1,entity_0413,entity_0418,entity_0418,entity_0413,test
pair_001002,query,entity_0176,entity_0819,0,entity_0819,entity_0176,entity_0176,entity_0819,test
pair_001003,query,entity_0197,entity_0286,0,entity_0197,entity_0286,entity_0286,entity_0197,test
pair_001004,demo,entity_0836,entity_0837,1,entity_0837,entity_0836,entity_0836,entity_0837,train
pair_001005,query,entity_0130,entity_0308,0,entity_0130,entity_0308,entity_0308,entity_0130,test
pair_001006,query,entity_0166,entity_0237,0,entity_0237,entity_0166,entity_0166,entity_0237,test
pair_001007,query,entity_0042,entity_0066,0,entity_0042,entity_0066,entity_0066,entity_0042,test
pair_001008,query,entity_0471,entity_0472,1,entity_0472,entity_0471,entity_0471,entity_0472,validation
pair_001009,demo,entity_0164,entity_0736,0,entity_0736,entity_0164,entity_0164,entity_0736,train
pair_001010,query,entity_0489,entity_0793,0,entity_0489,entity_0793,entity_0793,entity_0489,test
pair_001011,query,entity_0200,entity_0583,0,entity_0583,entity_0200,entity_0200,entity_0583,test
pair_001012,demo,entity_0398,entity_0622,0,entity_0622,entity_0398,entity_0398,entity_0622,train
pair_001013,demo,entity_0848,entity_0896,0,entity_0848,entity_0896,entity_0896,entity_0848,train
pair_001014,query,entity_0526,entity_0534,0,entity_0526,entity_0534,entity_0534,entity_0526,test
pair_001015,demo,entity_0578,entity_0579,1,entity_0578,entity_0579,entity_0579,entity_0578,train
pair_001016,query,entity_0515,entity_0519,1,entity_0515,entity_0519,entity_0519,entity_0515,test
pair_001017,demo,entity_0811,entity_0978,0,entity_0811,entity_0978,entity_0978,entity_0811,train
pair_001018,query,entity_0384,entity_0562,0,entity_0384,entity_0562,entity_0562,entity_0384,test
pair_001019,demo,entity_0135,entity_0138,1,entity_0135,entity_0138,entity_0138,entity_0135,train
pair_001020,demo,entity_0025,entity_0030,1,entity_0025,entity_0030,entity_0030,entity_0025,train
pair_001021,demo,entity_0366,entity_0369,1,entity_0369,entity_0366,entity_0366,entity_0369,train
pair_001022,query,entity_0261,entity_0266,1,entity_0261,entity_0266,entity_0266,entity_0261,test
pair_001023,demo,entity_0361,entity_0369,1,entity_0369,entity_0361,entity_0361,entity_0369,train
pair_001024,query,entity_0748,entity_0903,0,entity_0903,entity_0748,entity_0748,entity_0903,test
pair_001025,demo,entity_0635,entity_0637,1,entity_0637,entity_0635,entity_0635,entity_0637,train
pair_001026,demo,entity_0663,entity_0731,0,entity_0663,entity_0731,entity_0731,entity_0663,train
pair_001027,demo,entity_0198,entity_0199,1,entity_0199,entity_0198,entity_0198,entity_0199,train
pair_001028,query,entity_0905,entity_0910,1,entity_0910,entity_0905,entity_0905,entity_0910,test
pair_001029,query,entity_0601,entity_0603,1,entity_0601,entity_0603,entity_0603,entity_0601,validation
pair_001030,query,entity_0834,entity_0837,1,entity_0834,entity_0837,entity_0837,entity_0834,test
pair_001031,query,entity_0193,entity_0197,1,entity_0193,entity_0197,entity_0197,entity_0193,test
pair_001032,query,entity_0043,entity_0524,0,entity_0043,entity_0524,entity_0524,entity_0043,test
pair_001033,demo,entity_0519,entity_0751,0,entity_0751,entity_0519,entity_0519,entity_0751,train
pair_001034,query,entity_0089,entity_0813,0,entity_0089,entity_0813,entity_0813,entity_0089,test
pair_001035,demo,entity_0273,entity_0527,0,entity_0273,entity_0527,entity_0527,entity_0273,train
pair_001036,demo,entity_0482,entity_0484,1,entity_0482,entity_0484,entity_0484,entity_0482,train
pair_001037,demo,entity_0283,entity_0289,1,entity_0283,entity_0289,entity_0289,entity_0283,train
pair_001038,query,entity_0903,entity_0909,1,entity_0903,entity_0909,entity_0909,entity_0903,test
pair_001039,demo,entity_0033,entity_0038,1,entity_0033,entity_0038,entity_0038,entity_0033,train
pair_001040,query,entity_0235,entity_0240,1,entity_0235,entity_0240,entity_0240,entity_0235,test
pair_001041,query,entity_0224,entity_0630,0,entity_0630,entity_0224,entity_0224,entity_0630,test
pair_001042,demo,entity_0897,entity_0900,1,entity_0900,entity_0897,entity_0897,entity_0900,train
pair_001043,query,entity_0251,entity_0260,1,entity_0251,entity_0260,entity_0260,entity_0251,test
pair_001044,query,entity_0224,entity_0229,1,entity_0224,entity_0229,entity_0229,entity_0224,test
pair_001045,query,entity_0004,entity_0006,1,entity_0004,entity_0006,entity_0006,entity_0004,validation
pair_001046,query,entity_0064,entity_0392,0,entity_0064,entity_0392,entity_0392,entity_0064,test
pair_001047,query,entity_0461,entity_0469,1,entity_0461,entity_0469,entity_0469,entity_0461,test
pair_001048,demo,entity_0514,entity_0518,1,entity_0514,entity_0518,entity_0518,entity_0514,train
pair_001049,demo,entity_0261,entity_0816,0,entity_0261,entity_0816,entity_0816,entity_0261,train
pair_001050,query,entity_0100,entity_0809,0,entity_0100,entity_0809,entity_0809,entity_0100,test
pair_001051,query,entity_0449,entity_0915,0,entity_0449,entity_0915,entity_0915,entity_0449,validation
pair_001052,demo,entity_0453,entity_0732,0,entity_0732,entity_0453,entity_0453,entity_0732,train
pair_001053,demo,entity_0695,entity_0697,1,entity_0695,entity_0697,entity_0697,entity_0695,train
pair_001054,demo,entity_0761,entity_0762,1,entity_0761,entity_0762,entity_0762,entity_0761,train
pair_001055,demo,entity_0554,entity_0555,1,entity_0555,entity_0554,entity_0554,entity_0555,train
pair_001056,query,entity_0315,entity_0358,0,entity_0358,entity_0315,entity_0315,entity_0358,test
pair_001057,demo,entity_0433,entity_0438,1,entity_0433,entity_0438,entity_0438,entity_0433,train
pair_001058,query,entity_0107,entity_0109,1,entity_0109,entity_0107,entity_0107,entity_0109,test
pair_001059,query,entity_0662,entity_0664,1,entity_0664,entity_0662,entity_0662,entity_0664,test
pair_001060,query,entity_0881,entity_0885,1,entity_0881,entity_0885,entity_0885,entity_0881,test
pair_001061,demo,entity_0813,entity_0816,1,entity_0813,entity_0816,entity_0816,entity_0813,train
pair_001062,query,entity_0635,entity_0639,1,entity_0639,entity_0635,entity_0635,entity_0639,test
pair_001063,demo,entity_0468,entity_0538,0,entity_0468,entity_0538,entity_0538,entity_0468,train
pair_001064,query,entity_0613,entity_0614,1,entity_0614,entity_0613,entity_0613,entity_0614,test
pair_001065,query,entity_0093,entity_0094,1,entity_0093,entity_0094,entity_0094,entity_0093,test
pair_001066,demo,entity_0897,entity_0899,1,entity_0897,entity_0899,entity_0899,entity_0897,train
pair_001067,demo,entity_0024,entity_0559,0,entity_0559,entity_0024,entity_0024,entity_0559,train
pair_001068,demo,entity_0737,entity_0740,1,entity_0740,entity_0737,entity_0737,entity_0740,train
pair_001069,demo,entity_0143,entity_0146,1,entity_0143,entity_0146,entity_0146,entity_0143,train
pair_001070,demo,entity_0872,entity_0920,0,entity_0872,entity_0920,entity_0920,entity_0872,train
pair_001071,demo,entity_0956,entity_0958,1,entity_0956,entity_0958,entity_0958,entity_0956,train
pair_001072,demo,entity_0103,entity_0566,0,entity_0566,entity_0103,entity_0103,entity_0566,train
pair_001073,query,entity_0062,entity_0066,1,entity_0062,entity_0066,entity_0066,entity_0062,test
pair_001074,query,entity_0679,entity_0848,0,entity_0848,entity_0679,entity_0679,entity_0848,test
pair_001075,query,entity_0681,entity_0684,1,entity_0681,entity_0684,entity_0684,entity_0681,test
pair_001076,query,entity_0266,entity_0270,1,entity_0270,entity_0266,entity_0266,entity_0270,test
pair_001077,query,entity_0241,entity_0247,1,entity_0241,entity_0247,entity_0247,entity_0241,test
pair_001078,demo,entity_0109,entity_0521,0,entity_0521,entity_0109,entity_0109,entity_0521,train
pair_001079,demo,entity_0885,entity_0888,1,entity_0885,entity_0888,entity_0888,entity_0885,train
pair_001080,query,entity_0766,entity_0867,0,entity_0867,entity_0766,entity_0766,entity_0867,test
pair_001081,query,entity_0103,entity_0106,1,entity_0103,entity_0106,entity_0106,entity_0103,test
pair_001082,demo,entity_0713,entity_0720,1,entity_0713,entity_0720,entity_0720,entity_0713,train
pair_001083,demo,entity_0834,entity_0840,1,entity_0834,entity_0840,entity_0840,entity_0834,train
pair_001084,query,entity_0686,entity_0688,1,entity_0688,entity_0686,entity_0686,entity_0688,test
pair_001085,query,entity_0210,entity_0677,0,entity_0210,entity_0677,entity_0677,entity_0210,test
pair_001086,demo,entity_0202,entity_0210,1,entity_0210,entity_0202,entity_0202,entity_0210,train
pair_001087,demo,entity_0927,entity_0954,0,entity_0954,entity_0927,entity_0927,entity_0954,train
pair_001088,demo,entity_0391,entity_0396,1,entity_0391,entity_0396,entity_0396,entity_0391,train
pair_001089,query,entity_0531,entity_0535,1,entity_0531,entity_0535,entity_0535,entity_0531,test
pair_001090,query,entity_0187,entity_0359,0,entity_0359,entity_0187,entity_0187,entity_0359,validation
pair_001091,query,entity_0903,entity_0904,1,entity_0904,entity_0903,entity_0903,entity_0904,test
pair_001092,query,entity_0165,entity_0396,0,entity_0165,entity_0396,entity_0396,entity_0165,test
pair_001093,demo,entity_0463,entity_0647,0,entity_0647,entity_0463,entity_0463,entity_0647,train
pair_001094,demo,entity_0046,entity_0813,0,entity_0813,entity_0046,entity_0046,entity_0813,train
pair_001095,demo,entity_0477,entity_0577,0,entity_0477,entity_0577,entity_0577,entity_0477,train
pair_001096,query,entity_0334,entity_0742,0,entity_0742,entity_0334,entity_0334,entity_0742,test
pair_001097,query,entity_0631,entity_0663,0,entity_0663,entity_0631,entity_0631,entity_0663,test
pair_001098,query,entity_0794,entity_0812,0,entity_0794,entity_0812,entity_0812,entity_0794,test
pair_001099,demo,entity_0677,entity_0759,0,entity_0759,entity_0677,entity_0677,entity_0759,train
pair_001100,query,entity_0394,entity_0397,1,entity_0394,entity_0397,entity_0397,entity_0394,validation
pair_001101,demo,entity_0531,entity_0536,1,entity_0536,entity_0531,entity_0531,entity_0536,train
pair_001102,query,entity_0035,entity_0325,0,entity_0325,entity_0035,entity_0035,entity_0325,test
pair_001103,query,entity_0538,entity_0818,0,entity_0818,entity_0538,entity_0538,entity_0818,test
pair_001104,demo,entity_0034,entity_0113,0,entity_0034,entity_0113,entity_0113,entity_0034,train
pair_001105,demo,entity_0095,entity_0965,0,entity_0095,entity_0965,entity_0965,entity_0095,train
pair_001106,demo,entity_0467,entity_0470,1,entity_0467,entity_0470,entity_0470,entity_0467,train
pair_001107,query,entity_0665,entity_0722,0,entity_0665,entity_0722,entity_0722,entity_0665,test
pair_001108,demo,entity_0282,entity_0287,1,entity_0282,entity_0287,entity_0287,entity_0282,train
pair_001109,query,entity_0706,entity_0707,1,entity_0706,entity_0707,entity_0707,entity_0706,test
pair_001110,demo,entity_0851,entity_0857,1,entity_0857,entity_0851,entity_0851,entity_0857,train
pair_001111,query,entity_0443,entity_0508,0,entity_0508,entity_0443,entity_0443,entity_0508,test
pair_001112,query,entity_0073,entity_0144,0,entity_0073,entity_0144,entity_0144,entity_0073,test
pair_001113,query,entity_0840,entity_0938,0,entity_0840,entity_0938,entity_0938,entity_0840,validation
pair_001114,query,entity_0100,entity_0690,0,entity_0690,entity_0100,entity_0100,entity_0690,test
pair_001115,query,entity_0102,entity_0107,1,entity_0107,entity_0102,entity_0102,entity_0107,test
pair_001116,demo,entity_0111,entity_0759,0,entity_0759,entity_0111,entity_0111,entity_0759,train
pair_001117,query,entity_0147,entity_0699,0,entity_0147,entity_0699,entity_0699,entity_0147,validation
pair_001118,query,entity_0754,entity_0756,1,entity_0754,entity_0756,entity_0756,entity_0754,test
pair_001119,demo,entity_0038,entity_0105,0,entity_0105,entity_0038,entity_0038,entity_0105,train
pair_001120,demo,entity_0761,entity_0769,1,entity_0769,entity_0761,entity_0761,entity_0769,train
pair_001121,demo,entity_0365,entity_0705,0,entity_0365,entity_0705,entity_0705,entity_0365,train
pair_001122,demo,entity_0642,entity_0645,1,entity_0642,entity_0645,entity_0645,entity_0642,train
pair_001123,demo,entity_0697,entity_0715,0,entity_0697,entity_0715,entity_0715,entity_0697,train
pair_001124,demo,entity_0469,entity_0577,0,entity_0469,entity_0577,entity_0577,entity_0469,train
pair_001125,query,entity_0398,entity_0600,0,entity_0600,entity_0398,entity_0398,entity_0600,test
pair_001126,demo,entity_0075,entity_0079,1,entity_0075,entity_0079,entity_0079,entity_0075,train
pair_001127,query,entity_0199,entity_0286,0,entity_0199,entity_0286,entity_0286,entity_0199,test
pair_001128,query,entity_0698,entity_0719,0,entity_0698,entity_0719,entity_0719,entity_0698,test
pair_001129,demo,entity_0401,entity_0959,0,entity_0401,entity_0959,entity_0959,entity_0401,train
pair_001130,query,entity_0432,entity_0437,1,entity_0437,entity_0432,entity_0432,entity_0437,test
pair_001131,query,entity_0443,entity_0732,0,entity_0443,entity_0732,entity_0732,entity_0443,test
pair_001132,query,entity_0734,entity_0963,0,entity_0963,entity_0734,entity_0734,entity_0963,validation
pair_001133,query,entity_0974,entity_0977,1,entity_0977,entity_0974,entity_0974,entity_0977,test
pair_001134,query,entity_0203,entity_0234,0,entity_0203,entity_0234,entity_0234,entity_0203,test
pair_001135,query,entity_0437,entity_0439,1,entity_0439,entity_0437,entity_0437,entity_0439,test
pair_001136,demo,entity_0298,entity_0951,0,entity_0951,entity_0298,entity_0298,entity_0951,train
pair_001137,demo,entity_0893,entity_0895,1,entity_0893,entity_0895,entity_0895,entity_0893,train
pair_001138,query,entity_0472,entity_0477,1,entity_0477,entity_0472,entity_0472,entity_0477,test
pair_001139,query,entity_0485,entity_0581,0,entity_0581,entity_0485,entity_0485,entity_0581,test
pair_001140,query,entity_0962,entity_0966,1,entity_0962,entity_0966,entity_0966,entity_0962,test
pair_001141,demo,entity_0321,entity_0328,1,entity_0321,entity_0328,entity_0328,entity_0321,train
pair_001142,demo,entity_0710,entity_0973,0,entity_0710,entity_0973,entity_0973,entity_0710,train
pair_001143,demo,entity_0489,entity_0501,0,entity_0489,entity_0501,entity_0501,entity_0489,train
pair_001144,query,entity_0292,entity_0299,1,entity_0299,entity_0292,entity_0292,entity_0299,validation
pair_001145,query,entity_0501,entity_0507,1,entity_0501,entity_0507,entity_0507,entity_0501,test
pair_001146,query,entity_0507,entity_0655,0,entity_0655,entity_0507,entity_0507,entity_0655,test
pair_001147,demo,entity_0015,entity_0812,0,entity_0812,entity_0015,entity_0015,entity_0812,train
pair_001148,demo,entity_0534,entity_0619,0,entity_0619,entity_0534,entity_0534,entity_0619,train
pair_001149,query,entity_0059,entity_0249,0,entity_0059,entity_0249,entity_0249,entity_0059,test
pair_001150,demo,entity_0303,entity_0309,1,entity_0309,entity_0303,entity_0303,entity_0309,train
pair_001151,demo,entity_0558,entity_0857,0,entity_0857,entity_0558,entity_0558,entity_0857,train
pair_001152,query,entity_0535,entity_0693,0,entity_0535,entity_0693,entity_0693,entity_0535,test
pair_001153,query,entity_0286,entity_0317,0,entity_0317,entity_0286,entity_0286,entity_0317,test
pair_001154,query,entity_0322,entity_0324,1,entity_0322,entity_0324,entity_0324,entity_0322,test
pair_001155,query,entity_0254,entity_0255,1,entity_0255,entity_0254,entity_0254,entity_0255,test
pair_001156,query,entity_0043,entity_0910,0,entity_0910,entity_0043,entity_0043,entity_0910,test
pair_001157,query,entity_0192,entity_0197,1,entity_0192,entity_0197,entity_0197,entity_0192,validation
pair_001158,demo,entity_0772,entity_0777,1,entity_0772,entity_0777,entity_0777,entity_0772,train
pair_001159,demo,entity_0016,entity_0407,0,entity_0016,entity_0407,entity_0407,entity_0016,train
pair_001160,query,entity_0253,entity_0258,1,entity_0258,entity_0253,entity_0253,entity_0258,test
pair_001161,query,entity_0777,entity_0778,1,entity_0778,entity_0777,entity_0777,entity_0778,validation
pair_001162,demo,entity_0476,entity_0996,0,entity_0996,entity_0476,entity_0476,entity_0996,train
pair_001163,query,entity_0174,entity_0176,1,entity_0174,entity_0176,entity_0176,entity_0174,validation
pair_001164,query,entity_0648,entity_0811,0,entity_0811,entity_0648,entity_0648,entity_0811,test
pair_001165,query,entity_0183,entity_0189,1,entity_0189,entity_0183,entity_0183,entity_0189,test
pair_001166,demo,entity_0721,entity_0728,1,entity_0721,entity_0728,entity_0728,entity_0721,train
pair_001167,demo,entity_0194,entity_0198,1,entity_0198,entity_0194,entity_0194,entity_0198,train
pair_001168,demo,entity_0791,entity_0793,1,entity_0791,entity_0793,entity_0793,entity_0791,train
pair_001169,demo,entity_0342,entity_0661,0,entity_0661,entity_0342,entity_0342,entity_0661,train
pair_001170,demo,entity_0934,entity_0938,1,entity_0934,entity_0938,entity_0938,entity_0934,train
pair_001171,query,entity_0185,entity_0931,0,entity_0185,entity_0931,entity_0931,entity_0185,test
pair_001172,demo,entity_0133,entity_0140,1,entity_0133,entity_0140,entity_0140,entity_0133,train
pair_001173,query,entity_0045,entity_0046,1,entity_0046,entity_0045,entity_0045,entity_0046,test
pair_001174,demo,entity_0456,entity_0680,0,entity_0680,entity_0456,entity_0456,entity_0680,train
pair_001175,demo,entity_0583,entity_0761,0,entity_0761,entity_0583,entity_0583,entity_0761,train
pair_001176,query,entity_0280,entity_0765,0,entity_0280,entity_0765,entity_0765,entity_0280,validation
pair_001177,query,entity_0162,entity_0165,1,entity_0162,entity_0165,entity_0165,entity_0162,test
pair_001178,query,entity_0475,entity_0792,0,entity_0792,entity_0475,entity_0475,entity_0792,test
pair_001179,demo,entity_0142,entity_0149,1,entity_0142,entity_0149,entity_0149,entity_0142,train
pair_001180,demo,entity_0092,entity_0094,1,entity_0094,entity_0092,entity_0092,entity_0094,train
pair_001181,query,entity_0391,entity_0398,1,entity_0398,entity_0391,entity_0391,entity_0398,test
pair_001182,query,entity_0774,entity_0779,1,entity_0779,entity_0774,entity_0774,entity_0779,test
pair_001183,query,entity_0107,entity_0924,0,entity_0107,entity_0924,entity_0924,entity_0107,test
pair_001184,query,entity_0982,entity_0987,1,entity_0982,entity_0987,entity_0987,entity_0982,test
pair_001185,demo,entity_0294,entity_0527,0,entity_0294,entity_0527,entity_0527,entity_0294,train
pair_001186,demo,entity_0345,entity_0350,1,entity_0345,entity_0350,entity_0350,entity_0345,train
pair_001187,demo,entity_0142,entity_0145,1,entity_0142,entity_0145,entity_0145,entity_0142,train
pair_001188,query,entity_0429,entity_0551,0,entity_0551,entity_0429,entity_0429,entity_0551,test
pair_001189,query,entity_0591,entity_0634,0,entity_0634,entity_0591,entity_0591,entity_0634,validation
pair_001190,demo,entity_0364,entity_0367,1,entity_0364,entity_0367,entity_0367,entity_0364,train
pair_001191,query,entity_0096,entity_0834,0,entity_0096,entity_0834,entity_0834,entity_0096,validation
pair_001192,demo,entity_0214,entity_0687,0,entity_0687,entity_0214,entity_0214,entity_0687,train
pair_001193,query,entity_0722,entity_0724,1,entity_0722,entity_0724,entity_0724,entity_0722,test
pair_001194,query,entity_0015,entity_0287,0,entity_0015,entity_0287,entity_0287,entity_0015,test
pair_001195,query,entity_0214,entity_0220,1,entity_0214,entity_0220,entity_0220,entity_0214,validation
pair_001196,query,entity_0321,entity_0323,1,entity_0323,entity_0321,entity_0321,entity_0323,test
pair_001197,demo,entity_0983,entity_0984,1,entity_0984,entity_0983,entity_0983,entity_0984,train
pair_001198,query,entity_0428,entity_0575,0,entity_0575,entity_0428,entity_0428,entity_0575,test
pair_001199,query,entity_0523,entity_0524,1,entity_0523,entity_0524,entity_0524,entity_0523,test
pair_001200,query,entity_0212,entity_0458,0,entity_0212,entity_0458,entity_0458,entity_0212,test
pair_001201,query,entity_0576,entity_0579,1,entity_0579,entity_0576,entity_0576,entity_0579,test
pair_001202,demo,entity_0209,entity_0568,0,entity_0209,entity_0568,entity_0568,entity_0209,train
pair_001203,demo,entity_0075,entity_0194,0,entity_0075,entity_0194,entity_0194,entity_0075,train
pair_001204,query,entity_0784,entity_0975,0,entity_0784,entity_0975,entity_0975,entity_0784,test
pair_001205,query,entity_0569,entity_0932,0,entity_0932,entity_0569,entity_0569,entity_0932,test
pair_001206,demo,entity_0696,entity_0697,1,entity_0697,entity_0696,entity_0696,entity_0697,train
pair_001207,demo,entity_0418,entity_0476,0,entity_0418,entity_0476,entity_0476,entity_0418,train
pair_001208,query,entity_0253,entity_0255,1,entity_0255,entity_0253,entity_0253,entity_0255,test
pair_001209,demo,entity_0513,entity_0562,0,entity_0513,entity_0562,entity_0562,entity_0513,train
pair_001210,query,entity_0112,entity_1000,0,entity_0112,entity_1000,entity_1000,entity_0112,test
pair_001211,query,entity_0295,entity_0297,1,entity_0297,entity_0295,entity_0295,entity_0297,validation
pair_001212,demo,entity_0006,entity_0304,0,entity_0304,entity_0006,entity_0006,entity_0304,train
pair_001213,query,entity_0782,entity_0789,1,entity_0782,entity_0789,entity_0789,entity_0782,test
pair_001214,query,entity_0095,entity_0173,0,entity_0095,entity_0173,entity_0173,entity_0095,test
pair_001215,query,entity_0825,entity_0828,1,entity_0828,entity_0825,entity_0825,entity_0828,test
pair_001216,query,entity_0057,entity_0296,0,entity_0057,entity_0296,entity_0296,entity_0057,test
pair_001217,query,entity_0364,entity_0368,1,entity_0368,entity_0364,entity_0364,entity_0368,test
pair_001218,demo,entity_0065,entity_0205,0,entity_0065,entity_0205,entity_0205,entity_0065,train
pair_001219,query,entity_0375,entity_0998,0,entity_0998,entity_0375,entity_0375,entity_0998,validation
pair_001220,query,entity_0010,entity_0133,0,entity_0133,entity_0010,entity_0010,entity_0133,test
pair_001221,query,entity_0312,entity_0314,1,entity_0314,entity_0312,entity_0312,entity_0314,test
pair_001222,query,entity_0092,entity_0099,1,entity_0092,entity_0099,entity_0099,entity_0092,test
pair_001223,demo,entity_0852,entity_0984,0,entity_0984,entity_0852,entity_0852,entity_0984,train
pair_001224,demo,entity_0025,entity_0315,0,entity_0025,entity_0315,entity_0315,entity_0025,train
pair_001225,query,entity_0460,entity_0696,0,entity_0696,entity_0460,entity_0460,entity_0696,test
pair_001226,query,entity_0762,entity_0763,1,entity_0762,entity_0763,entity_0763,entity_0762,test
pair_001227,query,entity_0513,entity_0514,1,entity_0513,entity_0514,entity_0514,entity_0513,test
pair_001228,query,entity_0555,entity_0932,0,entity_0932,entity_0555,entity_0555,entity_0932,test
pair_001229,query,entity_0091,entity_0546,0,entity_0091,entity_0546,entity_0546,entity_0091,validation
pair_001230,query,entity_0511,entity_0942,0,entity_0942,entity_0511,entity_0511,entity_0942,test
pair_001231,query,entity_0369,entity_0996,0,entity_0369,entity_0996,entity_0996,entity_0369,test
pair_001232,query,entity_0188,entity_0627,0,entity_0188,entity_0627,entity_0627,entity_0188,validation
pair_001233,demo,entity_0049,entity_0290,0,entity_0049,entity_0290,entity_0290,entity_0049,train
pair_001234,query,entity_0392,entity_0908,0,entity_0908,entity_0392,entity_0392,entity_0908,test
pair_001235,query,entity_0397,entity_0521,0,entity_0521,entity_0397,entity_0397,entity_0521,test
pair_001236,query,entity_0326,entity_0327,1,entity_0326,entity_0327,entity_0327,entity_0326,test
pair_001237,demo,entity_0271,entity_0968,0,entity_0968,entity_0271,entity_0271,entity_0968,train
pair_001238,query,entity_0162,entity_0673,0,entity_0162,entity_0673,entity_0673,entity_0162,validation
pair_001239,demo,entity_0847,entity_0990,0,entity_0990,entity_0847,entity_0847,entity_0990,train
pair_001240,query,entity_0760,entity_0955,0,entity_0760,entity_0955,entity_0955,entity_0760,test
pair_001241,query,entity_0776,entity_0957,0,entity_0957,entity_0776,entity_0776,entity_0957,test
pair_001242,demo,entity_0825,entity_0829,1,entity_0825,entity_0829,entity_0829,entity_0825,train
pair_001243,demo,entity_0069,entity_0521,0,entity_0521,entity_0069,entity_0069,entity_0521,train
pair_001244,query,entity_0427,entity_0819,0,entity_0819,entity_0427,entity_0427,entity_0819,validation
pair_001245,query,entity_0483,entity_0490,1,entity_0483,entity_0490,entity_0490,entity_0483,test
pair_001246,query,entity_0152,entity_0158,1,entity_0152,entity_0158,entity_0158,entity_0152,test
pair_001247,demo,entity_0007,entity_0600,0,entity_0600,entity_0007,entity_0007,entity_0600,train
pair_001248,query,entity_0530,entity_0636,0,entity_0530,entity_0636,entity_0636,entity_0530,test
pair_001249,query,entity_0495,entity_0500,1,entity_0495,entity_0500,entity_0500,entity_0495,test
pair_001250,query,entity_0321,entity_0428,0,entity_0428,entity_0321,entity_0321,entity_0428,test
pair_001251,query,entity_0913,entity_0915,1,entity_0915,entity_0913,entity_0913,entity_0915,test
pair_001252,query,entity_0811,entity_0818,1,entity_0811,entity_0818,entity_0818,entity_0811,test
pair_001253,query,entity_0766,entity_0770,1,entity_0766,entity_0770,entity_0770,entity_0766,test
pair_001254,demo,entity_0043,entity_0750,0,entity_0043,entity_0750,entity_0750,entity_0043,train
pair_001255,query,entity_0715,entity_0719,1,entity_0719,entity_0715,entity_0715,entity_0719,test
pair_001256,demo,entity_0788,entity_0790,1,entity_0790,entity_0788,entity_0788,entity_0790,train
pair_001257,query,entity_0462,entity_0696,0,entity_0696,entity_0462,entity_0462,entity_0696,test
pair_001258,demo,entity_0575,entity_0987,0,entity_0987,entity_0575,entity_0575,entity_0987,train
pair_001259,demo,entity_0232,entity_0603,0,entity_0232,entity_0603,entity_0603,entity_0232,train
pair_001260,query,entity_0571,entity_0960,0,entity_0571,entity_0960,entity_0960,entity_0571,test
pair_001261,demo,entity_0357,entity_0641,0,entity_0357,entity_0641,entity_0641,entity_0357,train
pair_001262,demo,entity_0060,entity_0219,0,entity_0060,entity_0219,entity_0219,entity_0060,train
pair_001263,demo,entity_0691,entity_0697,1,entity_0691,entity_0697,entity_0697,entity_0691,train
pair_001264,demo,entity_0809,entity_0829,0,entity_0809,entity_0829,entity_0829,entity_0809,train
pair_001265,demo,entity_0022,entity_0693,0,entity_0693,entity_0022,entity_0022,entity_0693,train
pair_001266,query,entity_0833,entity_0874,0,entity_0833,entity_0874,entity_0874,entity_0833,test
pair_001267,query,entity_0875,entity_0879,1,entity_0879,entity_0875,entity_0875,entity_0879,validation
pair_001268,query,entity_0517,entity_0929,0,entity_0929,entity_0517,entity_0517,entity_0929,test
pair_001269,query,entity_0360,entity_0711,0,entity_0360,entity_0711,entity_0711,entity_0360,test
pair_001270,query,entity_0082,entity_0146,0,entity_0082,entity_0146,entity_0146,entity_0082,validation
pair_001271,query,entity_0314,entity_0741,0,entity_0314,entity_0741,entity_0741,entity_0314,test
pair_001272,query,entity_0765,entity_0766,1,entity_0765,entity_0766,entity_0766,entity_0765,test
pair_001273,query,entity_0863,entity_0870,1,entity_0863,entity_0870,entity_0870,entity_0863,test
pair_001274,query,entity_0135,entity_0554,0,entity_0554,entity_0135,entity_0135,entity_0554,test
pair_001275,query,entity_0513,entity_0516,1,entity_0513,entity_0516,entity_0516,entity_0513,test
pair_001276,query,entity_0067,entity_0069,1,entity_0069,entity_0067,entity_0067,entity_0069,test
pair_001277,query,entity_0662,entity_0669,1,entity_0662,entity_0669,entity_0669,entity_0662,test
pair_001278,query,entity_0195,entity_0580,0,entity_0195,entity_0580,entity_0580,entity_0195,test
pair_001279,query,entity_0242,entity_0244,1,entity_0244,entity_0242,entity_0242,entity_0244,test
pair_001280,query,entity_0915,entity_0917,1,entity_0915,entity_0917,entity_0917,entity_0915,test
pair_001281,query,entity_0004,entity_0009,1,entity_0009,entity_0004,entity_0004,entity_0009,validation
pair_001282,demo,entity_0353,entity_0359,1,entity_0353,entity_0359,entity_0359,entity_0353,train
pair_001283,demo,entity_0182,entity_0569,0,entity_0182,entity_0569,entity_0569,entity_0182,train
pair_001284,demo,entity_0072,entity_0384,0,entity_0072,entity_0384,entity_0384,entity_0072,train
pair_001285,demo,entity_0093,entity_0095,1,entity_0095,entity_0093,entity_0093,entity_0095,train
pair_001286,query,entity_0231,entity_0602,0,entity_0602,entity_0231,entity_0231,entity_0602,test
pair_001287,query,entity_0265,entity_0437,0,entity_0265,entity_0437,entity_0437,entity_0265,test
pair_001288,demo,entity_0731,entity_0737,1,entity_0731,entity_0737,entity_0737,entity_0731,train
pair_001289,demo,entity_0493,entity_0990,0,entity_0493,entity_0990,entity_0990,entity_0493,train
pair_001290,query,entity_0263,entity_0278,0,entity_0278,entity_0263,entity_0263,entity_0278,test
pair_001291,query,entity_0172,entity_0179,1,entity_0172,entity_0179,entity_0179,entity_0172,test
pair_001292,demo,entity_0093,entity_0096,1,entity_0096,entity_0093,entity_0093,entity_0096,train
pair_001293,demo,entity_0265,entity_0269,1,entity_0265,entity_0269,entity_0269,entity_0265,train
pair_001294,demo,entity_0311,entity_0632,0,entity_0311,entity_0632,entity_0632,entity_0311,train
pair_001295,query,entity_0211,entity_0292,0,entity_0211,entity_0292,entity_0292,entity_0211,test
pair_001296,query,entity_0423,entity_0867,0,entity_0423,entity_0867,entity_0867,entity_0423,validation
pair_001297,demo,entity_0038,entity_0040,1,entity_0040,entity_0038,entity_0038,entity_0040,train
pair_001298,query,entity_0643,entity_0650,1,entity_0650,entity_0643,entity_0643,entity_0650,test
pair_001299,query,entity_0320,entity_0656,0,entity_0656,entity_0320,entity_0320,entity_0656,test
pair_001300,demo,entity_0346,entity_0589,0,entity_0346,entity_0589,entity_0589,entity_0346,train
pair_001301,demo,entity_0626,entity_0870,0,entity_0626,entity_0870,entity_0870,entity_0626,train
pair_001302,query,entity_0209,entity_0732,0,entity_0209,entity_0732,entity_0732,entity_0209,test
pair_001303,demo,entity_0716,entity_0718,1,entity_0718,entity_0716,entity_0716,entity_0718,train
pair_001304,query,entity_0391,entity_0397,1,entity_0397,entity_0391,entity_0391,entity_0397,test
pair_001305,demo,entity_0855,entity_0858,1,entity_0858,entity_0855,entity_0855,entity_0858,train
pair_001306,demo,entity_0203,entity_0323,0,entity_0323,entity_0203,entity_0203,entity_0323,train
pair_001307,query,entity_0042,entity_0944,0,entity_0042,entity_0944,entity_0944,entity_0042,test
pair_001308,query,entity_0596,entity_0784,0,entity_0784,entity_0596,entity_0596,entity_0784,test
pair_001309,demo,entity_0993,entity_0998,1,entity_0993,entity_0998,entity_0998,entity_0993,train
pair_001310,query,entity_0170,entity_0870,0,entity_0870,entity_0170,entity_0170,entity_0870,test
pair_001311,query,entity_0808,entity_0809,1,entity_0809,entity_0808,entity_0808,entity_0809,test
pair_001312,demo,entity_0512,entity_0515,1,entity_0512,entity_0515,entity_0515,entity_0512,train
pair_001313,demo,entity_0452,entity_0456,1,entity_0452,entity_0456,entity_0456,entity_0452,train
pair_001314,query,entity_0724,entity_0727,1,entity_0724,entity_0727,entity_0727,entity_0724,test
pair_001315,demo,entity_0174,entity_0180,1,entity_0174,entity_0180,entity_0180,entity_0174,train
pair_001316,demo,entity_0393,entity_0396,1,entity_0396,entity_0393,entity_0393,entity_0396,train
pair_001317,demo,entity_0096,entity_0316,0,entity_0096,entity_0316,entity_0316,entity_0096,train
pair_001318,demo,entity_0294,entity_0844,0,entity_0294,entity_0844,entity_0844,entity_0294,train
pair_001319,demo,entity_0081,entity_0083,1,entity_0081,entity_0083,entity_0083,entity_0081,train
pair_001320,demo,entity_0414,entity_0419,1,entity_0419,entity_0414,entity_0414,entity_0419,train
pair_001321,query,entity_0493,entity_0528,0,entity_0528,entity_0493,entity_0493,entity_0528,test
pair_001322,query,entity_0522,entity_0528,1,entity_0528,entity_0522,entity_0522,entity_0528,test
pair_001323,query,entity_0425,entity_0427,1,entity_0427,entity_0425,entity_0425,entity_0427,test
pair_001324,query,entity_0071,entity_0078,1,entity_0078,entity_0071,entity_0071,entity_0078,test
pair_001325,demo,entity_0025,entity_0819,0,entity_0025,entity_0819,entity_0819,entity_0025,train
pair_001326,query,entity_0401,entity_0719,0,entity_0719,entity_0401,entity_0401,entity_0719,test
pair_001327,query,entity_0077,entity_0080,1,entity_0080,entity_0077,entity_0077,entity_0080,test
pair_001328,demo,entity_0059,entity_0853,0,entity_0853,entity_0059,entity_0059,entity_0853,train
pair_001329,demo,entity_0155,entity_0557,0,entity_0155,entity_0557,entity_0557,entity_0155,train
pair_001330,demo,entity_0561,entity_0567,1,entity_0561,entity_0567,entity_0567,entity_0561,train
pair_001331,query,entity_0861,entity_0866,1,entity_0861,entity_0866,entity_0866,entity_0861,test
pair_001332,demo,entity_0176,entity_0177,1,entity_0176,entity_0177,entity_0177,entity_0176,train
pair_001333,query,entity_0101,entity_0107,1,entity_0107,entity_0101,entity_0101,entity_0107,test
pair_001334,query,entity_0176,entity_0179,1,entity_0176,entity_0179,entity_0179,entity_0176,test
pair_001335,query,entity_0123,entity_0126,1,entity_0123,entity_0126,entity_0126,entity_0123,test
pair_001336,query,entity_0161,entity_0165,1,entity_0161,entity_0165,entity_0165,entity_0161,validation
pair_001337,demo,entity_0765,entity_0767,1,entity_0767,entity_0765,entity_0765,entity_0767,train
pair_001338,demo,entity_0481,entity_0489,1,entity_0481,entity_0489,entity_0489,entity_0481,train
pair_001339,query,entity_0226,entity_0806,0,entity_0226,entity_0806,entity_0806,entity_0226,test
pair_001340,query,entity_0517,entity_0520,1,entity_0517,entity_0520,entity_0520,entity_0517,validation
pair_001341,query,entity_0995,entity_0997,1,entity_0995,entity_0997,entity_0997,entity_0995,validation
pair_001342,demo,entity_0273,entity_0276,1,entity_0276,entity_0273,entity_0273,entity_0276,train
pair_001343,query,entity_0176,entity_0725,0,entity_0725,entity_0176,entity_0176,entity_0725,test
pair_001344,query,entity_0216,entity_0671,0,entity_0216,entity_0671,entity_0671,entity_0216,test
pair_001345,demo,entity_0095,entity_0902,0,entity_0902,entity_0095,entity_0095,entity_0902,train
pair_001346,query,entity_0320,entity_0534,0,entity_0320,entity_0534,entity_0534,entity_0320,test
pair_001347,demo,entity_0276,entity_0710,0,entity_0710,entity_0276,entity_0276,entity_0710,train
pair_001348,demo,entity_0317,entity_0666,0,entity_0317,entity_0666,entity_0666,entity_0317,train
pair_001349,query,entity_0326,entity_0612,0,entity_0612,entity_0326,entity_0326,entity_0612,validation
pair_001350,query,entity_0119,entity_0805,0,entity_0119,entity_0805,entity_0805,entity_0119,validation
pair_001351,query,entity_0183,entity_0188,1,entity_0183,entity_0188,entity_0188,entity_0183,test
pair_001352,query,entity_0964,entity_0990,0,entity_0964,entity_0990,entity_0990,entity_0964,test
pair_001353,demo,entity_0353,entity_0354,1,entity_0353,entity_0354,entity_0354,entity_0353,train
pair_001354,query,entity_0616,entity_0668,0,entity_0668,entity_0616,entity_0616,entity_0668,test
pair_001355,query,entity_0036,entity_0800,0,entity_0800,entity_0036,entity_0036,entity_0800,test
pair_001356,query,entity_0453,entity_0454,1,entity_0453,entity_0454,entity_0454,entity_0453,test
pair_001357,demo,entity_0271,entity_0617,0,entity_0617,entity_0271,entity_0271,entity_0617,train
pair_001358,demo,entity_0634,entity_0636,1,entity_0634,entity_0636,entity_0636,entity_0634,train
pair_001359,query,entity_0061,entity_0564,0,entity_0564,entity_0061,entity_0061,entity_0564,test
pair_001360,query,entity_0168,entity_0170,1,entity_0170,entity_0168,entity_0168,entity_0170,test
pair_001361,demo,entity_0347,entity_0776,0,entity_0776,entity_0347,entity_0347,entity_0776,train
pair_001362,query,entity_0516,entity_0707,0,entity_0707,entity_0516,entity_0516,entity_0707,validation
pair_001363,query,entity_0521,entity_0526,1,entity_0526,entity_0521,entity_0521,entity_0526,test
pair_001364,demo,entity_0640,entity_0682,0,entity_0640,entity_0682,entity_0682,entity_0640,train
pair_001365,query,entity_0167,entity_0237,0,entity_0167,entity_0237,entity_0237,entity_0167,test
pair_001366,query,entity_0210,entity_0278,0,entity_0278,entity_0210,entity_0210,entity_0278,test
pair_001367,query,entity_0793,entity_0796,1,entity_0793,entity_0796,entity_0796,entity_0793,test
pair_001368,query,entity_0539,entity_0654,0,entity_0539,entity_0654,entity_0654,entity_0539,test
pair_001369,demo,entity_0923,entity_0927,1,entity_0923,entity_0927,entity_0927,entity_0923,train
pair_001370,query,entity_0463,entity_0467,1,entity_0463,entity_0467,entity_0467,entity_0463,test
pair_001371,demo,entity_0311,entity_0318,1,entity_0318,entity_0311,entity_0311,entity_0318,train
pair_001372,query,entity_0100,entity_0745,0,entity_0745,entity_0100,entity_0100,entity_0745,test
pair_001373,query,entity_0032,entity_0033,1,entity_0032,entity_0033,entity_0033,entity_0032,test
pair_001374,demo,entity_0615,entity_0618,1,entity_0618,entity_0615,entity_0615,entity_0618,train
pair_001375,query,entity_0538,entity_0937,0,entity_0538,entity_0937,entity_0937,entity_0538,test
pair_001376,demo,entity_0621,entity_0622,1,entity_0622,entity_0621,entity_0621,entity_0622,train
pair_001377,query,entity_0074,entity_0504,0,entity_0074,entity_0504,entity_0504,entity_0074,test
pair_001378,query,entity_0322,entity_0391,0,entity_0322,entity_0391,entity_0391,entity_0322,validation
pair_001379,demo,entity_0207,entity_0879,0,entity_0207,entity_0879,entity_0879,entity_0207,train
pair_001380,demo,entity_0369,entity_0796,0,entity_0369,entity_0796,entity_0796,entity_0369,train
pair_001381,demo,entity_0576,entity_0580,1,entity_0580,entity_0576,entity_0576,entity_0580,train
pair_001382,query,entity_0841,entity_0846,1,entity_0841,entity_0846,entity_0846,entity_0841,test
pair_001383,query,entity_0092,entity_0096,1,entity_0092,entity_0096,entity_0096,entity_0092,test
pair_001384,demo,entity_0468,entity_0469,1,entity_0468,entity_0469,entity_0469,entity_0468,train
pair_001385,query,entity_0344,entity_0835,0,entity_0344,entity_0835,entity_0835,entity_0344,validation
pair_001386,query,entity_0941,entity_0944,1,entity_0944,entity_0941,entity_0941,entity_0944,validation
pair_001387,query,entity_0741,entity_0747,1,entity_0741,entity_0747,entity_0747,entity_0741,test
pair_001388,query,entity_0372,entity_0378,1,entity_0378,entity_0372,entity_0372,entity_0378,test
pair_001389,demo,entity_0353,entity_0537,0,entity_0537,entity_0353,entity_0353,entity_0537,train
pair_001390,demo,entity_0963,entity_0966,1,entity_0966,entity_0963,entity_0963,entity_0966,train
pair_001391,query,entity_0722,entity_0963,0,entity_0963,entity_0722,entity_0722,entity_0963,test
pair_001392,query,entity_0148,entity_0149,1,entity_0149,entity_0148,entity_0148,entity_0149,test
pair_001393,query,entity_0561,entity_0772,0,entity_0561,entity_0772,entity_0772,entity_0561,test
pair_001394,query,entity_0331,entity_0335,1,entity_0331,entity_0335,entity_0335,entity_0331,test
pair_001395,demo,entity_0076,entity_0461,0,entity_0461,entity_0076,entity_0076,entity_0461,train
pair_001396,demo,entity_0647,entity_0926,0,entity_0926,entity_0647,entity_0647,entity_0926,train
pair_001397,query,entity_0226,entity_0444,0,entity_0226,entity_0444,entity_0444,entity_0226,test
pair_001398,demo,entity_0825,entity_0830,1,entity_0825,entity_0830,entity_0830,entity_0825,train
pair_001399,demo,entity_0604,entity_0609,1,entity_0604,entity_0609,entity_0609,entity_0604,train
pair_001400,query,entity_0587,entity_0843,0,entity_0843,entity_0587,entity_0587,entity_0843,test
pair_001401,demo,entity_0142,entity_0146,1,entity_0142,entity_0146,entity_0146,entity_0142,train
pair_001402,demo,entity_0188,entity_0816,0,entity_0816,entity_0188,entity_0188,entity_0816,train
pair_001403,demo,entity_0253,entity_0863,0,entity_0863,entity_0253,entity_0253,entity_0863,train
pair_001404,query,entity_0592,entity_0598,1,entity_0592,entity_0598,entity_0598,entity_0592,validation
pair_001405,query,entity_0213,entity_0908,0,entity_0908,entity_0213,entity_0213,entity_0908,validation
pair_001406,demo,entity_0299,entity_0633,0,entity_0299,entity_0633,entity_0633,entity_0299,train
pair_001407,query,entity_0789,entity_0867,0,entity_0789,entity_0867,entity_0867,entity_0789,test
pair_001408,query,entity_0106,entity_0195,0,entity_0195,entity_0106,entity_0106,entity_0195,test
pair_001409,demo,entity_0752,entity_0760,1,entity_0760,entity_0752,entity_0752,entity_0760,train
pair_001410,query,entity_0663,entity_0667,1,entity_0667,entity_0663,entity_0663,entity_0667,test
pair_001411,demo,entity_0072,entity_0077,1,entity_0077,entity_0072,entity_0072,entity_0077,train
pair_001412,query,entity_0065,entity_0068,1,entity_0068,entity_0065,entity_0065,entity_0068,test
pair_001413,demo,entity_0455,entity_0685,0,entity_0685,entity_0455,entity_0455,entity_0685,train
pair_001414,query,entity_0284,entity_0715,0,entity_0715,entity_0284,entity_0284,entity_0715,validation
pair_001415,demo,entity_0458,entity_0862,0,entity_0458,entity_0862,entity_0862,entity_0458,train
pair_001416,query,entity_0288,entity_0483,0,entity_0288,entity_0483,entity_0483,entity_0288,validation
pair_001417,query,entity_0058,entity_0313,0,entity_0313,entity_0058,entity_0058,entity_0313,test
pair_001418,query,entity_0794,entity_0797,1,entity_0794,entity_0797,entity_0797,entity_0794,test
pair_001419,demo,entity_0401,entity_0601,0,entity_0401,entity_0601,entity_0601,entity_0401,train
pair_001420,demo,entity_0753,entity_0992,0,entity_0992,entity_0753,entity_0753,entity_0992,train
pair_001421,query,entity_0876,entity_0878,1,entity_0876,entity_0878,entity_0878,entity_0876,validation
pair_001422,demo,entity_0226,entity_0461,0,entity_0461,entity_0226,entity_0226,entity_0461,train
pair_001423,demo,entity_0705,entity_0990,0,entity_0990,entity_0705,entity_0705,entity_0990,train
pair_001424,query,entity_0733,entity_0739,1,entity_0733,entity_0739,entity_0739,entity_0733,test
pair_001425,query,entity_0222,entity_0377,0,entity_0377,entity_0222,entity_0222,entity_0377,test
pair_001426,query,entity_0092,entity_0202,0,entity_0202,entity_0092,entity_0092,entity_0202,test
pair_001427,query,entity_0353,entity_0355,1,entity_0355,entity_0353,entity_0353,entity_0355,test
pair_001428,query,entity_0641,entity_0646,1,entity_0646,entity_0641,entity_0641,entity_0646,test
pair_001429,query,entity_0122,entity_0712,0,entity_0122,entity_0712,entity_0712,entity_0122,test
pair_001430,query,entity_0521,entity_0529,1,entity_0521,entity_0529,entity_0529,entity_0521,validation
pair_001431,query,entity_0813,entity_0815,1,entity_0815,entity_0813,entity_0813,entity_0815,test
pair_001432,demo,entity_0107,entity_0376,0,entity_0107,entity_0376,entity_0376,entity_0107,train
pair_001433,query,entity_0944,entity_0946,1,entity_0946,entity_0944,entity_0944,entity_0946,test
pair_001434,demo,entity_0715,entity_0717,1,entity_0715,entity_0717,entity_0717,entity_0715,train
pair_001435,query,entity_0143,entity_0965,0,entity_0143,entity_0965,entity_0965,entity_0143,test
pair_001436,query,entity_0481,entity_0588,0,entity_0481,entity_0588,entity_0588,entity_0481,test
pair_001437,query,entity_0262,entity_0270,1,entity_0270,entity_0262,entity_0262,entity_0270,test
pair_001438,query,entity_0054,entity_0059,1,entity_0059,entity_0054,entity_0054,entity_0059,test
pair_001439,query,entity_0982,entity_0986,1,entity_0986,entity_0982,entity_0982,entity_0986,test
pair_001440,demo,entity_0586,entity_0675,0,entity_0675,entity_0586,entity_0586,entity_0675,train
pair_001441,query,entity_0833,entity_0835,1,entity_0835,entity_0833,entity_0833,entity_0835,test
pair_001442,demo,entity_0134,entity_0246,0,entity_0134,entity_0246,entity_0246,entity_0134,train
pair_001443,query,entity_0678,entity_0860,0,entity_0678,entity_0860,entity_0860,entity_0678,test
pair_001444,query,entity_0017,entity_0787,0,entity_0017,entity_0787,entity_0787,entity_0017,test
pair_001445,demo,entity_0717,entity_0720,1,entity_0720,entity_0717,entity_0717,entity_0720,train
pair_001446,demo,entity_0448,entity_0711,0,entity_0448,entity_0711,entity_0711,entity_0448,train
pair_001447,demo,entity_0326,entity_0573,0,entity_0573,entity_0326,entity_0326,entity_0573,train
pair_001448,query,entity_0115,entity_0118,1,entity_0115,entity_0118,entity_0118,entity_0115,validation
pair_001449,query,entity_0794,entity_0800,1,entity_0794,entity_0800,entity_0800,entity_0794,test
pair_001450,query,entity_0874,entity_0876,1,entity_0874,entity_0876,entity_0876,entity_0874,test
pair_001451,demo,entity_0153,entity_0158,1,entity_0158,entity_0153,entity_0153,entity_0158,train
pair_001452,demo,entity_0070,entity_0941,0,entity_0941,entity_0070,entity_0070,entity_0941,train
pair_001453,query,entity_0291,entity_0790,0,entity_0790,entity_0291,entity_0291,entity_0790,test
pair_001454,demo,entity_0024,entity_0025,1,entity_0024,entity_0025,entity_0025,entity_0024,train
pair_001455,query,entity_0941,entity_0943,1,entity_0943,entity_0941,entity_0941,entity_0943,validation
pair_001456,query,entity_0016,entity_0902,0,entity_0016,entity_0902,entity_0902,entity_0016,test
pair_001457,query,entity_0355,entity_0357,1,entity_0355,entity_0357,entity_0357,entity_0355,test
pair_001458,query,entity_0072,entity_0079,1,entity_0079,entity_0072,entity_0072,entity_0079,validation
pair_001459,demo,entity_0608,entity_0804,0,entity_0804,entity_0608,entity_0608,entity_0804,train
pair_001460,demo,entity_0808,entity_0810,1,entity_0810,entity_0808,entity_0808,entity_0810,train
pair_001461,query,entity_0760,entity_0775,0,entity_0775,entity_0760,entity_0760,entity_0775,test
pair_001462,demo,entity_0071,entity_0077,1,entity_0071,entity_0077,entity_0077,entity_0071,train
pair_001463,query,entity_0193,entity_0661,0,entity_0193,entity_0661,entity_0661,entity_0193,test
pair_001464,demo,entity_0489,entity_0697,0,entity_0697,entity_0489,entity_0489,entity_0697,train
pair_001465,demo,entity_0794,entity_0795,1,entity_0794,entity_0795,entity_0795,entity_0794,train
pair_001466,query,entity_0123,entity_0487,0,entity_0487,entity_0123,entity_0123,entity_0487,validation
pair_001467,demo,entity_0672,entity_0677,1,entity_0677,entity_0672,entity_0672,entity_0677,train
pair_001468,demo,entity_0528,entity_0529,1,entity_0528,entity_0529,entity_0529,entity_0528,train
pair_001469,query,entity_0085,entity_0087,1,entity_0085,entity_0087,entity_0087,entity_0085,validation
pair_001470,demo,entity_0394,entity_0398,1,entity_0398,entity_0394,entity_0394,entity_0398,train
pair_001471,demo,entity_0994,entity_0998,1,entity_0998,entity_0994,entity_0994,entity_0998,train
pair_001472,demo,entity_0291,entity_0359,0,entity_0291,entity_0359,entity_0359,entity_0291,train
pair_001473,query,entity_0489,entity_0753,0,entity_0753,entity_0489,entity_0489,entity_0753,test
pair_001474,demo,entity_0661,entity_0665,1,entity_0661,entity_0665,entity_0665,entity_0661,train
pair_001475,demo,entity_0911,entity_0918,1,entity_0911,entity_0918,entity_0918,entity_0911,train
pair_001476,query,entity_0898,entity_0899,1,entity_0899,entity_0898,entity_0898,entity_0899,validation
pair_001477,demo,entity_0061,entity_0062,1,entity_0062,entity_0061,entity_0061,entity_0062,train
pair_001478,query,entity_0168,entity_0169,1,entity_0168,entity_0169,entity_0169,entity_0168,test
pair_001479,demo,entity_0142,entity_0143,1,entity_0142,entity_0143,entity_0143,entity_0142,train
pair_001480,query,entity_0244,entity_0245,1,entity_0244,entity_0245,entity_0245,entity_0244,test
pair_001481,query,entity_0786,entity_0857,0,entity_0857,entity_0786,entity_0786,entity_0857,validation
pair_001482,query,entity_0126,entity_0129,1,entity_0129,entity_0126,entity_0126,entity_0129,test
pair_001483,query,entity_0124,entity_0224,0,entity_0124,entity_0224,entity_0224,entity_0124,validation
pair_001484,demo,entity_0054,entity_0434,0,entity_0054,entity_0434,entity_0434,entity_0054,train
pair_001485,query,entity_0113,entity_0116,1,entity_0113,entity_0116,entity_0116,entity_0113,test
pair_001486,query,entity_0703,entity_0891,0,entity_0703,entity_0891,entity_0891,entity_0703,test
pair_001487,demo,entity_0775,entity_0778,1,entity_0775,entity_0778,entity_0778,entity_0775,train
pair_001488,demo,entity_0372,entity_0375,1,entity_0375,entity_0372,entity_0372,entity_0375,train
pair_001489,query,entity_0091,entity_0835,0,entity_0835,entity_0091,entity_0091,entity_0835,test
pair_001490,demo,entity_0063,entity_0268,0,entity_0063,entity_0268,entity_0268,entity_0063,train
pair_001491,query,entity_0597,entity_0630,0,entity_0630,entity_0597,entity_0597,entity_0630,validation
pair_001492,demo,entity_0494,entity_0498,1,entity_0498,entity_0494,entity_0494,entity_0498,train
pair_001493,demo,entity_0084,entity_0087,1,entity_0084,entity_0087,entity_0087,entity_0084,train
pair_001494,demo,entity_0383,entity_0952,0,entity_0383,entity_0952,entity_0952,entity_0383,train
pair_001495,query,entity_0448,entity_0779,0,entity_0779,entity_0448,entity_0448,entity_0779,validation
pair_001496,query,entity_0279,entity_0764,0,entity_0279,entity_0764,entity_0764,entity_0279,test
pair_001497,query,entity_0231,entity_0236,1,entity_0231,entity_0236,entity_0236,entity_0231,validation
pair_001498,demo,entity_0683,entity_0690,1,entity_0683,entity_0690,entity_0690,entity_0683,train
pair_001499,demo,entity_0026,entity_0027,1,entity_0027,entity_0026,entity_0026,entity_0027,train
pair_001500,demo,entity_0029,entity_0635,0,entity_0635,entity_0029,entity_0029,entity_0635,train
pair_001501,demo,entity_0478,entity_0931,0,entity_0478,entity_0931,entity_0931,entity_0478,train
pair_001502,query,entity_0365,entity_0841,0,entity_0841,entity_0365,entity_0365,entity_0841,test
pair_001503,query,entity_0139,entity_0169,0,entity_0139,entity_0169,entity_0169,entity_0139,test
pair_001504,demo,entity_0886,entity_0888,1,entity_0886,entity_0888,entity_0888,entity_0886,train
pair_001505,demo,entity_0294,entity_0295,1,entity_0294,entity_0295,entity_0295,entity_0294,train
pair_001506,query,entity_0016,entity_0018,1,entity_0018,entity_0016,entity_0016,entity_0018,test
pair_001507,demo,entity_0190,entity_0393,0,entity_0190,entity_0393,entity_0393,entity_0190,train
pair_001508,query,entity_0487,entity_0810,0,entity_0487,entity_0810,entity_0810,entity_0487,test
pair_001509,query,entity_0243,entity_0245,1,entity_0245,entity_0243,entity_0243,entity_0245,validation
pair_001510,demo,entity_0131,entity_0135,1,entity_0135,entity_0131,entity_0131,entity_0135,train
pair_001511,demo,entity_0044,entity_0993,0,entity_0993,entity_0044,entity_0044,entity_0993,train
pair_001512,query,entity_0131,entity_0648,0,entity_0131,entity_0648,entity_0648,entity_0131,test
pair_001513,query,entity_0636,entity_0640,1,entity_0640,entity_0636,entity_0636,entity_0640,validation
pair_001514,demo,entity_0043,entity_0050,1,entity_0043,entity_0050,entity_0050,entity_0043,train
pair_001515,demo,entity_0742,entity_0749,1,entity_0742,entity_0749,entity_0749,entity_0742,train
pair_001516,query,entity_0894,entity_0899,1,entity_0899,entity_0894,entity_0894,entity_0899,test
pair_001517,query,entity_0701,entity_0707,1,entity_0707,entity_0701,entity_0701,entity_0707,test
pair_001518,query,entity_0402,entity_0408,1,entity_0408,entity_0402,entity_0402,entity_0408,test
pair_001519,query,entity_0667,entity_0795,0,entity_0795,entity_0667,entity_0667,entity_0795,validation
pair_001520,query,entity_0421,entity_0977,0,entity_0977,entity_0421,entity_0421,entity_0977,test
pair_001521,query,entity_0213,entity_0698,0,entity_0698,entity_0213,entity_0213,entity_0698,validation
pair_001522,query,entity_0777,entity_0779,1,entity_0777,entity_0779,entity_0779,entity_0777,test
pair_001523,demo,entity_0812,entity_0817,1,entity_0817,entity_0812,entity_0812,entity_0817,train
pair_001524,demo,entity_0412,entity_0577,0,entity_0412,entity_0577,entity_0577,entity_0412,train
pair_001525,demo,entity_0041,entity_0045,1,entity_0041,entity_0045,entity_0045,entity_0041,train
pair_001526,query,entity_0525,entity_0526,1,entity_0526,entity_0525,entity_0525,entity_0526,test
pair_001527,demo,entity_0072,entity_0074,1,entity_0072,entity_0074,entity_0074,entity_0072,train
pair_001528,query,entity_0041,entity_0042,1,entity_0042,entity_0041,entity_0041,entity_0042,test
pair_001529,query,entity_0863,entity_0920,0,entity_0863,entity_0920,entity_0920,entity_0863,test
pair_001530,query,entity_0116,entity_0699,0,entity_0116,entity_0699,entity_0699,entity_0116,test
pair_001531,query,entity_0209,entity_0541,0,entity_0541,entity_0209,entity_0209,entity_0541,test
pair_001532,demo,entity_0440,entity_0891,0,entity_0891,entity_0440,entity_0440,entity_0891,train
pair_001533,query,entity_0783,entity_0785,1,entity_0785,entity_0783,entity_0783,entity_0785,validation
pair_001534,query,entity_0244,entity_0246,1,entity_0246,entity_0244,entity_0244,entity_0246,validation
pair_001535,query,entity_0301,entity_0302,1,entity_0301,entity_0302,entity_0302,entity_0301,test
pair_001536,query,entity_0332,entity_0338,1,entity_0338,entity_0332,entity_0332,entity_0338,test
pair_001537,query,entity_0024,entity_0026,1,entity_0024,entity_0026,entity_0026,entity_0024,test
pair_001538,demo,entity_0091,entity_0093,1,entity_0091,entity_0093,entity_0093,entity_0091,train
pair_001539,demo,entity_0936,entity_0937,1,entity_0937,entity_0936,entity_0936,entity_0937,train
pair_001540,query,entity_0563,entity_0719,0,entity_0719,entity_0563,entity_0563,entity_0719,test
pair_001541,demo,entity_0609,entity_0817,0,entity_0817,entity_0609,entity_0609,entity_0817,train
pair_001542,demo,entity_0379,entity_0645,0,entity_0379,entity_0645,entity_0645,entity_0379,train
pair_001543,demo,entity_0385,entity_0386,1,entity_0386,entity_0385,entity_0385,entity_0386,train
pair_001544,query,entity_0666,entity_0667,1,entity_0666,entity_0667,entity_0667,entity_0666,test
pair_001545,query,entity_0139,entity_0690,0,entity_0139,entity_0690,entity_0690,entity_0139,test
pair_001546,demo,entity_0013,entity_0358,0,entity_0358,entity_0013,entity_0013,entity_0358,train
pair_001547,demo,entity_0063,entity_0064,1,entity_0063,entity_0064,entity_0064,entity_0063,train
pair_001548,query,entity_0019,entity_0020,1,entity_0020,entity_0019,entity_0019,entity_0020,test
pair_001549,query,entity_0524,entity_0526,1,entity_0526,entity_0524,entity_0524,entity_0526,test
pair_001550,demo,entity_0245,entity_0713,0,entity_0713,entity_0245,entity_0245,entity_0713,train
pair_001551,query,entity_0023,entity_0028,1,entity_0028,entity_0023,entity_0023,entity_0028,test
pair_001552,query,entity_0715,entity_0720,1,entity_0720,entity_0715,entity_0715,entity_0720,test
pair_001553,query,entity_0196,entity_0198,1,entity_0198,entity_0196,entity_0196,entity_0198,test
pair_001554,demo,entity_0251,entity_0255,1,entity_0255,entity_0251,entity_0251,entity_0255,train
pair_001555,query,entity_0633,entity_0969,0,entity_0969,entity_0633,entity_0633,entity_0969,test
pair_001556,query,entity_0536,entity_0539,1,entity_0539,entity_0536,entity_0536,entity_0539,test
pair_001557,demo,entity_0072,entity_0078,1,entity_0072,entity_0078,entity_0078,entity_0072,train
pair_001558,demo,entity_0104,entity_0668,0,entity_0104,entity_0668,entity_0668,entity_0104,train
pair_001559,demo,entity_0521,entity_0528,1,entity_0521,entity_0528,entity_0528,entity_0521,train
pair_001560,demo,entity_0874,entity_0877,1,entity_0874,entity_0877,entity_0877,entity_0874,train
pair_001561,query,entity_0978,entity_0980,1,entity_0978,entity_0980,entity_0980,entity_0978,test
pair_001562,query,entity_0379,entity_0863,0,entity_0863,entity_0379,entity_0379,entity_0863,test
pair_001563,demo,entity_0025,entity_0026,1,entity_0026,entity_0025,entity_0025,entity_0026,train
pair_001564,query,entity_0385,entity_0530,0,entity_0530,entity_0385,entity_0385,entity_0530,test
pair_001565,demo,entity_0945,entity_0946,1,entity_0946,entity_0945,entity_0945,entity_0946,train
pair_001566,demo,entity_0369,entity_0370,1,entity_0369,entity_0370,entity_0370,entity_0369,train
pair_001567,demo,entity_0957,entity_0959,1,entity_0957,entity_0959,entity_0959,entity_0957,train
pair_001568,demo,entity_0591,entity_0680,0,entity_0591,entity_0680,entity_0680,entity_0591,train
pair_001569,query,entity_0935,entity_0939,1,entity_0935,entity_0939,entity_0939,entity_0935,test
pair_001570,demo,entity_0380,entity_0995,0,entity_0995,entity_0380,entity_0380,entity_0995,train
pair_001571,demo,entity_0100,entity_0487,0,entity_0487,entity_0100,entity_0100,entity_0487,train
pair_001572,demo,entity_0364,entity_0419,0,entity_0419,entity_0364,entity_0364,entity_0419,train
pair_001573,query,entity_0233,entity_0736,0,entity_0233,entity_0736,entity_0736,entity_0233,test
pair_001574,demo,entity_0559,entity_0747,0,entity_0559,entity_0747,entity_0747,entity_0559,train
pair_001575,demo,entity_0357,entity_0936,0,entity_0357,entity_0936,entity_0936,entity_0357,train
pair_001576,demo,entity_0994,entity_1000,1,entity_0994,entity_1000,entity_1000,entity_0994,train
pair_001577,query,entity_0188,entity_0469,0,entity_0188,entity_0469,entity_0469,entity_0188,test
pair_001578,query,entity_0527,entity_0910,0,entity_0527,entity_0910,entity_0910,entity_0527,test
pair_001579,demo,entity_0642,entity_0648,1,entity_0642,entity_0648,entity_0648,entity_0642,train
pair_001580,query,entity_0334,entity_0545,0,entity_0334,entity_0545,entity_0545,entity_0334,test
pair_001581,demo,entity_0121,entity_0624,0,entity_0624,entity_0121,entity_0121,entity_0624,train
pair_001582,query,entity_0346,entity_0347,1,entity_0347,entity_0346,entity_0346,entity_0347,validation
pair_001583,query,entity_0262,entity_0385,0,entity_0262,entity_0385,entity_0385,entity_0262,test
pair_001584,query,entity_0971,entity_0978,1,entity_0978,entity_0971,entity_0971,entity_0978,test
pair_001585,demo,entity_0123,entity_0130,1,entity_0123,entity_0130,entity_0130,entity_0123,train
pair_001586,demo,entity_0883,entity_0886,1,entity_0883,entity_0886,entity_0886,entity_0883,train
pair_001587,demo,entity_0411,entity_0417,1,entity_0417,entity_0411,entity_0411,entity_0417,train
pair_001588,demo,entity_0441,entity_0446,1,entity_0446,entity_0441,entity_0441,entity_0446,train
pair_001589,demo,entity_0420,entity_0876,0,entity_0420,entity_0876,entity_0876,entity_0420,train
pair_001590,demo,entity_0151,entity_0633,0,entity_0151,entity_0633,entity_0633,entity_0151,train
pair_001591,query,entity_0038,entity_0541,0,entity_0541,entity_0038,entity_0038,entity_0541,test
pair_001592,demo,entity_0579,entity_0605,0,entity_0605,entity_0579,entity_0579,entity_0605,train
pair_001593,query,entity_0815,entity_0816,1,entity_0815,entity_0816,entity_0816,entity_0815,test
pair_001594,demo,entity_0465,entity_0467,1,entity_0467,entity_0465,entity_0465,entity_0467,train
pair_001595,demo,entity_0735,entity_0737,1,entity_0735,entity_0737,entity_0737,entity_0735,train
pair_001596,query,entity_0497,entity_0499,1,entity_0499,entity_0497,entity_0497,entity_0499,test
pair_001597,query,entity_0499,entity_0833,0,entity_0833,entity_0499,entity_0499,entity_0833,test
pair_001598,demo,entity_0261,entity_0263,1,entity_0263,entity_0261,entity_0261,entity_0263,train
pair_001599,query,entity_0731,entity_0738,1,entity_0738,entity_0731,entity_0731,entity_0738,test
pair_001600,demo,entity_0540,entity_0824,0,entity_0540,entity_0824,entity_0824,entity_0540,train
pair_001601,query,entity_0663,entity_0945,0,entity_0945,entity_0663,entity_0663,entity_0945,test
pair_001602,demo,entity_0955,entity_0959,1,entity_0955,entity_0959,entity_0959,entity_0955,train
pair_001603,demo,entity_0397,entity_0398,1,entity_0398,entity_0397,entity_0397,entity_0398,train
pair_001604,query,entity_0884,entity_0886,1,entity_0886,entity_0884,entity_0884,entity_0886,validation
pair_001605,query,entity_0341,entity_0343,1,entity_0341,entity_0343,entity_0343,entity_0341,validation
pair_001606,demo,entity_0217,entity_0639,0,entity_0217,entity_0639,entity_0639,entity_0217,train
pair_001607,demo,entity_0762,entity_0768,1,entity_0762,entity_0768,entity_0768,entity_0762,train
pair_001608,demo,entity_0294,entity_0576,0,entity_0294,entity_0576,entity_0576,entity_0294,train
pair_001609,demo,entity_0795,entity_0796,1,entity_0795,entity_0796,entity_0796,entity_0795,train
pair_001610,demo,entity_0141,entity_0439,0,entity_0141,entity_0439,entity_0439,entity_0141,train
pair_001611,demo,entity_0514,entity_0515,1,entity_0515,entity_0514,entity_0514,entity_0515,train
pair_001612,demo,entity_0250,entity_0309,0,entity_0250,entity_0309,entity_0309,entity_0250,train
pair_001613,query,entity_0371,entity_0376,1,entity_0371,entity_0376,entity_0376,entity_0371,test
pair_001614,demo,entity_0906,entity_0910,1,entity_0906,entity_0910,entity_0910,entity_0906,train
pair_001615,demo,entity_0109,entity_0397,0,entity_0397,entity_0109,entity_0109,entity_0397,train
pair_001616,demo,entity_0419,entity_0742,0,entity_0742,entity_0419,entity_0419,entity_0742,train
pair_001617,query,entity_0091,entity_0886,0,entity_0886,entity_0091,entity_0091,entity_0886,test
pair_001618,demo,entity_0326,entity_0329,1,entity_0326,entity_0329,entity_0329,entity_0326,train
pair_001619,demo,entity_0427,entity_0833,0,entity_0427,entity_0833,entity_0833,entity_0427,train
pair_001620,query,entity_0626,entity_0917,0,entity_0917,entity_0626,entity_0626,entity_0917,test
pair_001621,query,entity_0601,entity_0602,1,entity_0601,entity_0602,entity_0602,entity_0601,test
pair_001622,query,entity_0401,entity_0892,0,entity_0892,entity_0401,entity_0401,entity_0892,test
pair_001623,query,entity_0256,entity_0260,1,entity_0256,entity_0260,entity_0260,entity_0256,test
pair_001624,demo,entity_0612,entity_0619,1,entity_0612,entity_0619,entity_0619,entity_0612,train
pair_001625,demo,entity_0296,entity_0298,1,entity_0296,entity_0298,entity_0298,entity_0296,train
pair_001626,query,entity_0285,entity_0288,1,entity_0285,entity_0288,entity_0288,entity_0285,test
pair_001627,query,entity_0576,entity_0577,1,entity_0576,entity_0577,entity_0577,entity_0576,test
pair_001628,query,entity_0484,entity_0656,0,entity_0656,entity_0484,entity_0484,entity_0656,test
pair_001629,query,entity_0813,entity_0887,0,entity_0887,entity_0813,entity_0813,entity_0887,test
pair_001630,demo,entity_0864,entity_0867,1,entity_0864,entity_0867,entity_0867,entity_0864,train
pair_001631,demo,entity_0052,entity_0056,1,entity_0052,entity_0056,entity_0056,entity_0052,train
pair_001632,demo,entity_0071,entity_0074,1,entity_0071,entity_0074,entity_0074,entity_0071,train
pair_001633,demo,entity_0516,entity_0607,0,entity_0607,entity_0516,entity_0516,entity_0607,train
pair_001634,query,entity_0675,entity_0679,1,entity_0675,entity_0679,entity_0679,entity_0675,validation
pair_001635,demo,entity_0213,entity_0216,1,entity_0216,entity_0213,entity_0213,entity_0216,train
pair_001636,demo,entity_0527,entity_0725,0,entity_0725,entity_0527,entity_0527,entity_0725,train
pair_001637,query,entity_0565,entity_0590,0,entity_0565,entity_0590,entity_0590,entity_0565,test
pair_001638,query,entity_0568,entity_0700,0,entity_0700,entity_0568,entity_0568,entity_0700,test
pair_001639,query,entity_0156,entity_0771,0,entity_0156,entity_0771,entity_0771,entity_0156,test
pair_001640,demo,entity_0952,entity_0958,1,entity_0952,entity_0958,entity_0958,entity_0952,train
pair_001641,query,entity_0486,entity_0488,1,entity_0486,entity_0488,entity_0488,entity_0486,test
pair_001642,demo,entity_0421,entity_0429,1,entity_0429,entity_0421,entity_0421,entity_0429,train
pair_001643,query,entity_0718,entity_0849,0,entity_0718,entity_0849,entity_0849,entity_0718,test
pair_001644,demo,entity_0518,entity_0570,0,entity_0518,entity_0570,entity_0570,entity_0518,train
pair_001645,query,entity_0012,entity_0323,0,entity_0012,entity_0323,entity_0323,entity_0012,test
pair_001646,demo,entity_0746,entity_0998,0,entity_0746,entity_0998,entity_0998,entity_0746,train
pair_001647,query,entity_0216,entity_0219,1,entity_0216,entity_0219,entity_0219,entity_0216,test
pair_001648,query,entity_0927,entity_0930,1,entity_0930,entity_0927,entity_0927,entity_0930,validation
pair_001649,query,entity_0246,entity_0897,0,entity_0246,entity_0897,entity_0897,entity_0246,validation
pair_001650,demo,entity_0969,entity_0970,1,entity_0969,entity_0970,entity_0970,entity_0969,train
pair_001651,query,entity_0917,entity_0920,1,entity_0917,entity_0920,entity_0920,entity_0917,validation
pair_001652,query,entity_0231,entity_0238,1,entity_0231,entity_0238,entity_0238,entity_0231,validation
pair_001653,demo,entity_0017,entity_0382,0,entity_0382,entity_0017,entity_0017,entity_0382,train
pair_001654,query,entity_0902,entity_0909,1,entity_0909,entity_0902,entity_0902,entity_0909,test
pair_001655,query,entity_0679,entity_0680,1,entity_0680,entity_0679,entity_0679,entity_0680,test
pair_001656,query,entity_0232,entity_0240,1,entity_0232,entity_0240,entity_0240,entity_0232,validation
pair_001657,query,entity_0535,entity_0848,0,entity_0535,entity_0848,entity_0848,entity_0535,test
pair_001658,demo,entity_0573,entity_0688,0,entity_0688,entity_0573,entity_0573,entity_0688,train
pair_001659,query,entity_0542,entity_0946,0,entity_0542,entity_0946,entity_0946,entity_0542,test
pair_001660,demo,entity_0644,entity_0649,1,entity_0644,entity_0649,entity_0649,entity_0644,train
pair_001661,demo,entity_0024,entity_0647,0,entity_0647,entity_0024,entity_0024,entity_0647,train
pair_001662,demo,entity_0374,entity_0378,1,entity_0378,entity_0374,entity_0374,entity_0378,train
pair_001663,demo,entity_0359,entity_0730,0,entity_0730,entity_0359,entity_0359,entity_0730,train
pair_001664,demo,entity_0032,entity_0366,0,entity_0032,entity_0366,entity_0366,entity_0032,train
pair_001665,query,entity_0011,entity_0863,0,entity_0863,entity_0011,entity_0011,entity_0863,test
pair_001666,demo,entity_0490,entity_0577,0,entity_0577,entity_0490,entity_0490,entity_0577,train
pair_001667,demo,entity_0754,entity_0758,1,entity_0754,entity_0758,entity_0758,entity_0754,train
pair_001668,demo,entity_0642,entity_0647,1,entity_0642,entity_0647,entity_0647,entity_0642,train
pair_001669,demo,entity_0066,entity_0069,1,entity_0066,entity_0069,entity_0069,entity_0066,train
pair_001670,demo,entity_0785,entity_0997,0,entity_0785,entity_0997,entity_0997,entity_0785,train
pair_001671,query,entity_0243,entity_0756,0,entity_0756,entity_0243,entity_0243,entity_0756,test
pair_001672,demo,entity_0606,entity_0608,1,entity_0608,entity_0606,entity_0606,entity_0608,train
pair_001673,query,entity_0222,entity_0655,0,entity_0222,entity_0655,entity_0655,entity_0222,test
pair_001674,query,entity_0134,entity_0136,1,entity_0134,entity_0136,entity_0136,entity_0134,validation
pair_001675,demo,entity_0238,entity_0979,0,entity_0979,entity_0238,entity_0238,entity_0979,train
pair_001676,query,entity_0876,entity_0880,1,entity_0880,entity_0876,entity_0876,entity_0880,test
pair_001677,query,entity_0892,entity_0899,1,entity_0892,entity_0899,entity_0899,entity_0892,test
pair_001678,demo,entity_0882,entity_0888,1,entity_0888,entity_0882,entity_0882,entity_0888,train
pair_001679,demo,entity_0124,entity_0130,1,entity_0124,entity_0130,entity_0130,entity_0124,train
pair_001680,demo,entity_0490,entity_0994,0,entity_0490,entity_0994,entity_0994,entity_0490,train
pair_001681,query,entity_0199,entity_0517,0,entity_0517,entity_0199,entity_0199,entity_0517,validation
pair_001682,query,entity_0615,entity_0620,1,entity_0620,entity_0615,entity_0615,entity_0620,test
pair_001683,query,entity_0408,entity_0716,0,entity_0408,entity_0716,entity_0716,entity_0408,validation
pair_001684,query,entity_0522,entity_0722,0,entity_0522,entity_0722,entity_0722,entity_0522,test
pair_001685,query,entity_0543,entity_0545,1,entity_0543,entity_0545,entity_0545,entity_0543,test
pair_001686,demo,entity_0370,entity_0790,0,entity_0370,entity_0790,entity_0790,entity_0370,train
pair_001687,query,entity_0565,entity_0567,1,entity_0565,entity_0567,entity_0567,entity_0565,validation
pair_001688,query,entity_0404,entity_0405,1,entity_0404,entity_0405,entity_0405,entity_0404,test
pair_001689,demo,entity_0132,entity_0293,0,entity_0293,entity_0132,entity_0132,entity_0293,train
pair_001690,query,entity_0153,entity_0678,0,entity_0153,entity_0678,entity_0678,entity_0153,test
pair_001691,query,entity_0228,entity_0502,0,entity_0228,entity_0502,entity_0502,entity_0228,test
pair_001692,demo,entity_0501,entity_0954,0,entity_0954,entity_0501,entity_0501,entity_0954,train
pair_001693,demo,entity_0568,entity_0569,1,entity_0568,entity_0569,entity_0569,entity_0568,train
pair_001694,demo,entity_0233,entity_0237,1,entity_0237,entity_0233,entity_0233,entity_0237,train
pair_001695,demo,entity_0262,entity_0264,1,entity_0264,entity_0262,entity_0262,entity_0264,train
pair_001696,demo,entity_0054,entity_0058,1,entity_0054,entity_0058,entity_0058,entity_0054,train
pair_001697,query,entity_0893,entity_0894,1,entity_0894,entity_0893,entity_0893,entity_0894,test
pair_001698,query,entity_0918,entity_0919,1,entity_0918,entity_0919,entity_0919,entity_0918,test
pair_001699,query,entity_0381,entity_0384,1,entity_0381,entity_0384,entity_0384,entity_0381,test
pair_001700,query,entity_0178,entity_0180,1,entity_0180,entity_0178,entity_0178,entity_0180,test
pair_001701,query,entity_0727,entity_0728,1,entity_0728,entity_0727,entity_0727,entity_0728,test
pair_001702,demo,entity_0353,entity_0792,0,entity_0353,entity_0792,entity_0792,entity_0353,train
pair_001703,query,entity_0801,entity_0810,1,entity_0801,entity_0810,entity_0810,entity_0801,validation
pair_001704,demo,entity_0673,entity_0674,1,entity_0674,entity_0673,entity_0673,entity_0674,train
pair_001705,query,entity_0826,entity_0828,1,entity_0828,entity_0826,entity_0826,entity_0828,validation
pair_001706,query,entity_0401,entity_0403,1,entity_0401,entity_0403,entity_0403,entity_0401,test
pair_001707,demo,entity_0436,entity_0439,1,entity_0436,entity_0439,entity_0439,entity_0436,train
pair_001708,demo,entity_0347,entity_0483,0,entity_0347,entity_0483,entity_0483,entity_0347,train
pair_001709,demo,entity_0645,entity_0647,1,entity_0645,entity_0647,entity_0647,entity_0645,train
pair_001710,query,entity_0352,entity_0414,0,entity_0352,entity_0414,entity_0414,entity_0352,validation
pair_001711,demo,entity_0318,entity_0729,0,entity_0729,entity_0318,entity_0318,entity_0729,train
pair_001712,demo,entity_0328,entity_0330,1,entity_0328,entity_0330,entity_0330,entity_0328,train
pair_001713,demo,entity_0821,entity_0827,1,entity_0827,entity_0821,entity_0821,entity_0827,train
pair_001714,query,entity_0951,entity_0952,1,entity_0952,entity_0951,entity_0951,entity_0952,test
pair_001715,demo,entity_0010,entity_0297,0,entity_0297,entity_0010,entity_0010,entity_0297,train
pair_001716,demo,entity_0752,entity_0756,1,entity_0756,entity_0752,entity_0752,entity_0756,train
pair_001717,query,entity_0111,entity_0548,0,entity_0548,entity_0111,entity_0111,entity_0548,validation
pair_001718,query,entity_0046,entity_0502,0,entity_0502,entity_0046,entity_0046,entity_0502,test
pair_001719,demo,entity_0153,entity_0156,1,entity_0156,entity_0153,entity_0153,entity_0156,train
pair_001720,demo,entity_0833,entity_0840,1,entity_0833,entity_0840,entity_0840,entity_0833,train
pair_001721,demo,entity_0040,entity_0092,0,entity_0092,entity_0040,entity_0040,entity_0092,train
pair_001722,query,entity_0581,entity_0585,1,entity_0581,entity_0585,entity_0585,entity_0581,validation
pair_001723,query,entity_0586,entity_0590,1,entity_0586,entity_0590,entity_0590,entity_0586,validation
pair_001724,query,entity_0413,entity_0415,1,entity_0415,entity_0413,entity_0413,entity_0415,test
pair_001725,query,entity_0279,entity_0795,0,entity_0279,entity_0795,entity_0795,entity_0279,test
pair_001726,demo,entity_0405,entity_0407,1,entity_0407,entity_0405,entity_0405,entity_0407,train
pair_001727,demo,entity_0323,entity_0325,1,entity_0325,entity_0323,entity_0323,entity_0325,train
pair_001728,demo,entity_0441,entity_0445,1,entity_0441,entity_0445,entity_0445,entity_0441,train
pair_001729,query,entity_0429,entity_0967,0,entity_0967,entity_0429,entity_0429,entity_0967,test
pair_001730,query,entity_0871,entity_0874,1,entity_0874,entity_0871,entity_0871,entity_0874,test
pair_001731,query,entity_0223,entity_0225,1,entity_0225,entity_0223,entity_0223,entity_0225,test
pair_001732,query,entity_0617,entity_0910,0,entity_0617,entity_0910,entity_0910,entity_0617,test
pair_001733,query,entity_0805,entity_0810,1,entity_0810,entity_0805,entity_0805,entity_0810,test
pair_001734,query,entity_0326,entity_0328,1,entity_0328,entity_0326,entity_0326,entity_0328,test
pair_001735,demo,entity_0690,entity_0906,0,entity_0906,entity_0690,entity_0690,entity_0906,train
pair_001736,demo,entity_0069,entity_0473,0,entity_0069,entity_0473,entity_0473,entity_0069,train
pair_001737,query,entity_0152,entity_0350,0,entity_0350,entity_0152,entity_0152,entity_0350,test
pair_001738,demo,entity_0604,entity_0610,1,entity_0604,entity_0610,entity_0610,entity_0604,train
pair_001739,query,entity_0616,entity_0633,0,entity_0633,entity_0616,entity_0616,entity_0633,test
pair_001740,demo,entity_0406,entity_0409,1,entity_0409,entity_0406,entity_0406,entity_0409,train
pair_001741,query,entity_0660,entity_0972,0,entity_0660,entity_0972,entity_0972,entity_0660,test
pair_001742,demo,entity_0171,entity_0400,0,entity_0400,entity_0171,entity_0171,entity_0400,train
pair_001743,query,entity_0208,entity_0464,0,entity_0464,entity_0208,entity_0208,entity_0464,test
pair_001744,query,entity_0207,entity_0832,0,entity_0207,entity_0832,entity_0832,entity_0207,test
pair_001745,query,entity_0321,entity_0923,0,entity_0321,entity_0923,entity_0923,entity_0321,test
pair_001746,query,entity_0477,entity_0698,0,entity_0698,entity_0477,entity_0477,entity_0698,test
pair_001747,demo,entity_0355,entity_0356,1,entity_0355,entity_0356,entity_0356,entity_0355,train
pair_001748,demo,entity_0221,entity_0223,1,entity_0223,entity_0221,entity_0221,entity_0223,train
pair_001749,query,entity_0160,entity_0548,0,entity_0548,entity_0160,entity_0160,entity_0548,validation
pair_001750,demo,entity_0895,entity_0896,1,entity_0895,entity_0896,entity_0896,entity_0895,train
pair_001751,query,entity_0654,entity_0658,1,entity_0658,entity_0654,entity_0654,entity_0658,validation
pair_001752,query,entity_0028,entity_0030,1,entity_0028,entity_0030,entity_0030,entity_0028,validation
pair_001753,demo,entity_0551,entity_0552,1,entity_0552,entity_0551,entity_0551,entity_0552,train
pair_001754,query,entity_0091,entity_0098,1,entity_0091,entity_0098,entity_0098,entity_0091,test
pair_001755,demo,entity_0499,entity_0500,1,entity_0499,entity_0500,entity_0500,entity_0499,train
pair_001756,demo,entity_0714,entity_0715,1,entity_0715,entity_0714,entity_0714,entity_0715,train
pair_001757,demo,entity_0725,entity_0949,0,entity_0725,entity_0949,entity_0949,entity_0725,train
pair_001758,query,entity_0914,entity_0917,1,entity_0917,entity_0914,entity_0914,entity_0917,test
pair_001759,demo,entity_0198,entity_0200,1,entity_0200,entity_0198,entity_0198,entity_0200,train
pair_001760,demo,entity_0932,entity_0987,0,entity_0987,entity_0932,entity_0932,entity_0987,train
pair_001761,query,entity_0619,entity_0981,0,entity_0619,entity_0981,entity_0981,entity_0619,test
pair_001762,demo,entity_0811,entity_0814,1,entity_0811,entity_0814,entity_0814,entity_0811,train
pair_001763,query,entity_0471,entity_0842,0,entity_0471,entity_0842,entity_0842,entity_0471,test
pair_001764,query,entity_0684,entity_0690,1,entity_0684,entity_0690,entity_0690,entity_0684,test
pair_001765,demo,entity_0014,entity_0016,1,entity_0014,entity_0016,entity_0016,entity_0014,train
pair_001766,demo,entity_0103,entity_0438,0,entity_0103,entity_0438,entity_0438,entity_0103,train
pair_001767,demo,entity_0576,entity_0630,0,entity_0576,entity_0630,entity_0630,entity_0576,train
pair_001768,demo,entity_0186,entity_0190,1,entity_0190,entity_0186,entity_0186,entity_0190,train
pair_001769,demo,entity_0236,entity_0240,1,entity_0236,entity_0240,entity_0240,entity_0236,train
pair_001770,query,entity_0102,entity_0105,1,entity_0102,entity_0105,entity_0105,entity_0102,test
pair_001771,query,entity_0003,entity_0408,0,entity_0408,entity_0003,entity_0003,entity_0408,test
pair_001772,query,entity_0172,entity_0453,0,entity_0453,entity_0172,entity_0172,entity_0453,test
pair_001773,demo,entity_0507,entity_0980,0,entity_0980,entity_0507,entity_0507,entity_0980,train
pair_001774,query,entity_0755,entity_0959,0,entity_0755,entity_0959,entity_0959,entity_0755,test
pair_001775,demo,entity_0508,entity_0509,1,entity_0509,entity_0508,entity_0508,entity_0509,train
pair_001776,demo,entity_0128,entity_0130,1,entity_0130,entity_0128,entity_0128,entity_0130,train
pair_001777,query,entity_0090,entity_0836,0,entity_0090,entity_0836,entity_0836,entity_0090,test
pair_001778,demo,entity_0313,entity_0316,1,entity_0313,entity_0316,entity_0316,entity_0313,train
pair_001779,query,entity_0336,entity_0338,1,entity_0338,entity_0336,entity_0336,entity_0338,test
pair_001780,query,entity_0294,entity_0300,1,entity_0294,entity_0300,entity_0300,entity_0294,test
pair_001781,query,entity_0543,entity_0547,1,entity_0547,entity_0543,entity_0543,entity_0547,test
pair_001782,demo,entity_0425,entity_0631,0,entity_0631,entity_0425,entity_0425,entity_0631,train
pair_001783,query,entity_0117,entity_0672,0,entity_0672,entity_0117,entity_0117,entity_0672,validation
pair_001784,query,entity_0002,entity_0972,0,entity_0002,entity_0972,entity_0972,entity_0002,validation
pair_001785,query,entity_0747,entity_0777,0,entity_0777,entity_0747,entity_0747,entity_0777,validation
pair_001786,demo,entity_0003,entity_0842,0,entity_0003,entity_0842,entity_0842,entity_0003,train
pair_001787,query,entity_0388,entity_0631,0,entity_0388,entity_0631,entity_0631,entity_0388,test
pair_001788,query,entity_0613,entity_0616,1,entity_0616,entity_0613,entity_0613,entity_0616,test
pair_001789,demo,entity_0552,entity_0555,1,entity_0555,entity_0552,entity_0552,entity_0555,train
pair_001790,demo,entity_0207,entity_0602,0,entity_0602,entity_0207,entity_0207,entity_0602,train
pair_001791,demo,entity_0583,entity_0585,1,entity_0583,entity_0585,entity_0585,entity_0583,train
pair_001792,query,entity_0335,entity_0336,1,entity_0335,entity_0336,entity_0336,entity_0335,test
pair_001793,query,entity_0963,entity_0969,1,entity_0969,entity_0963,entity_0963,entity_0969,validation
pair_001794,query,entity_0953,entity_0958,1,entity_0958,entity_0953,entity_0953,entity_0958,validation
pair_001795,demo,entity_0716,entity_0720,1,entity_0720,entity_0716,entity_0716,entity_0720,train
pair_001796,demo,entity_0262,entity_0682,0,entity_0682,entity_0262,entity_0262,entity_0682,train
pair_001797,query,entity_0433,entity_0434,1,entity_0434,entity_0433,entity_0433,entity_0434,validation
pair_001798,demo,entity_0091,entity_0887,0,entity_0887,entity_0091,entity_0091,entity_0887,train
pair_001799,query,entity_0852,entity_0859,1,entity_0852,entity_0859,entity_0859,entity_0852,test
pair_001800,query,entity_0161,entity_0163,1,entity_0161,entity_0163,entity_0163,entity_0161,test
pair_001801,query,entity_0167,entity_0798,0,entity_0798,entity_0167,entity_0167,entity_0798,test
pair_001802,query,entity_0201,entity_0374,0,entity_0201,entity_0374,entity_0374,entity_0201,test
pair_001803,query,entity_0605,entity_0608,1,entity_0605,entity_0608,entity_0608,entity_0605,validation
pair_001804,demo,entity_0452,entity_0844,0,entity_0452,entity_0844,entity_0844,entity_0452,train
pair_001805,query,entity_0016,entity_0178,0,entity_0178,entity_0016,entity_0016,entity_0178,test
pair_001806,demo,entity_0079,entity_0126,0,entity_0126,entity_0079,entity_0079,entity_0126,train
pair_001807,demo,entity_0501,entity_0725,0,entity_0501,entity_0725,entity_0725,entity_0501,train
pair_001808,demo,entity_0912,entity_0916,1,entity_0912,entity_0916,entity_0916,entity_0912,train
pair_001809,demo,entity_0115,entity_0721,0,entity_0721,entity_0115,entity_0115,entity_0721,train
pair_001810,query,entity_0334,entity_0338,1,entity_0338,entity_0334,entity_0334,entity_0338,test
pair_001811,query,entity_0036,entity_0037,1,entity_0037,entity_0036,entity_0036,entity_0037,validation
pair_001812,demo,entity_0400,entity_0501,0,entity_0400,entity_0501,entity_0501,entity_0400,train
pair_001813,query,entity_0671,entity_0793,0,entity_0793,entity_0671,entity_0671,entity_0793,test
pair_001814,demo,entity_0159,entity_0976,0,entity_0976,entity_0159,entity_0159,entity_0976,train
pair_001815,demo,entity_0137,entity_0139,1,entity_0137,entity_0139,entity_0139,entity_0137,train
pair_001816,query,entity_0376,entity_0380,1,entity_0376,entity_0380,entity_0380,entity_0376,validation
pair_001817,query,entity_0563,entity_0724,0,entity_0724,entity_0563,entity_0563,entity_0724,test
pair_001818,demo,entity_0281,entity_0994,0,entity_0281,entity_0994,entity_0994,entity_0281,train
pair_001819,query,entity_0631,entity_0634,1,entity_0631,entity_0634,entity_0634,entity_0631,validation
pair_001820,query,entity_0623,entity_0626,1,entity_0626,entity_0623,entity_0623,entity_0626,test
pair_001821,demo,entity_0032,entity_0034,1,entity_0032,entity_0034,entity_0034,entity_0032,train
pair_001822,demo,entity_0427,entity_0807,0,entity_0427,entity_0807,entity_0807,entity_0427,train
pair_001823,demo,entity_0178,entity_0212,0,entity_0178,entity_0212,entity_0212,entity_0178,train
pair_001824,demo,entity_0794,entity_0799,1,entity_0794,entity_0799,entity_0799,entity_0794,train
pair_001825,demo,entity_0671,entity_0672,1,entity_0672,entity_0671,entity_0671,entity_0672,train
pair_001826,demo,entity_0194,entity_0195,1,entity_0194,entity_0195,entity_0195,entity_0194,train
pair_001827,query,entity_0316,entity_0320,1,entity_0320,entity_0316,entity_0316,entity_0320,test
pair_001828,demo,entity_0919,entity_0935,0,entity_0935,entity_0919,entity_0919,entity_0935,train
pair_001829,demo,entity_0295,entity_0299,1,entity_0299,entity_0295,entity_0295,entity_0299,train
pair_001830,demo,entity_0217,entity_0828,0,entity_0828,entity_0217,entity_0217,entity_0828,train
pair_001831,demo,entity_0109,entity_0883,0,entity_0109,entity_0883,entity_0883,entity_0109,train
pair_001832,demo,entity_0197,entity_0200,1,entity_0197,entity_0200,entity_0200,entity_0197,train
pair_001833,demo,entity_0673,entity_0676,1,entity_0673,entity_0676,entity_0676,entity_0673,train
pair_001834,demo,entity_0201,entity_0209,1,entity_0209,entity_0201,entity_0201,entity_0209,train
pair_001835,query,entity_0464,entity_0470,1,entity_0464,entity_0470,entity_0470,entity_0464,test
pair_001836,demo,entity_0599,entity_0606,0,entity_0606,entity_0599,entity_0599,entity_0606,train
pair_001837,demo,entity_0187,entity_0190,1,entity_0190,entity_0187,entity_0187,entity_0190,train
pair_001838,demo,entity_0757,entity_0993,0,entity_0757,entity_0993,entity_0993,entity_0757,train
pair_001839,query,entity_0331,entity_0648,0,entity_0648,entity_0331,entity_0331,entity_0648,test
pair_001840,demo,entity_0135,entity_0140,1,entity_0140,entity_0135,entity_0135,entity_0140,train
pair_001841,demo,entity_0402,entity_0404,1,entity_0404,entity_0402,entity_0402,entity_0404,train
pair_001842,query,entity_0095,entity_0100,1,entity_0100,entity_0095,entity_0095,entity_0100,validation
pair_001843,query,entity_0214,entity_0218,1,entity_0214,entity_0218,entity_0218,entity_0214,test
pair_001844,query,entity_0993,entity_1000,1,entity_1000,entity_0993,entity_0993,entity_1000,test
pair_001845,query,entity_0294,entity_0298,1,entity_0294,entity_0298,entity_0298,entity_0294,validation
pair_001846,demo,entity_0438,entity_0439,1,entity_0438,entity_0439,entity_0439,entity_0438,train
pair_001847,query,entity_0921,entity_0930,1,entity_0930,entity_0921,entity_0921,entity_0930,test
pair_001848,demo,entity_0853,entity_0918,0,entity_0853,entity_0918,entity_0918,entity_0853,train
pair_001849,query,entity_0804,entity_0809,1,entity_0804,entity_0809,entity_0809,entity_0804,test
pair_001850,demo,entity_0334,entity_0817,0,entity_0817,entity_0334,entity_0334,entity_0817,train
pair_001851,demo,entity_0182,entity_0651,0,entity_0182,entity_0651,entity_0651,entity_0182,train
pair_001852,query,entity_0934,entity_0940,1,entity_0934,entity_0940,entity_0940,entity_0934,test
pair_001853,query,entity_0363,entity_0368,1,entity_0368,entity_0363,entity_0363,entity_0368,test
pair_001854,demo,entity_0762,entity_0959,0,entity_0959,entity_0762,entity_0762,entity_0959,train
pair_001855,query,entity_0328,entity_0787,0,entity_0328,entity_0787,entity_0787,entity_0328,test
pair_001856,demo,entity_0225,entity_0902,0,entity_0902,entity_0225,entity_0225,entity_0902,train
pair_001857,query,entity_0311,entity_0319,1,entity_0319,entity_0311,entity_0311,entity_0319,test
pair_001858,demo,entity_0214,entity_0945,0,entity_0214,entity_0945,entity_0945,entity_0214,train
pair_001859,query,entity_0351,entity_0358,1,entity_0351,entity_0358,entity_0358,entity_0351,test
pair_001860,demo,entity_0460,entity_0587,0,entity_0587,entity_0460,entity_0460,entity_0587,train
pair_001861,demo,entity_0975,entity_0980,1,entity_0975,entity_0980,entity_0980,entity_0975,train
pair_001862,demo,entity_0303,entity_0307,1,entity_0307,entity_0303,entity_0303,entity_0307,train
pair_001863,query,entity_0726,entity_0885,0,entity_0726,entity_0885,entity_0885,entity_0726,test
pair_001864,demo,entity_0368,entity_0466,0,entity_0466,entity_0368,entity_0368,entity_0466,train
pair_001865,demo,entity_0169,entity_0662,0,entity_0169,entity_0662,entity_0662,entity_0169,train
pair_001866,query,entity_0542,entity_0738,0,entity_0542,entity_0738,entity_0738,entity_0542,test
pair_001867,query,entity_0613,entity_0617,1,entity_0617,entity_0613,entity_0613,entity_0617,test
pair_001868,demo,entity_0255,entity_0259,1,entity_0255,entity_0259,entity_0259,entity_0255,train
pair_001869,query,entity_0211,entity_0214,1,entity_0214,entity_0211,entity_0211,entity_0214,test
pair_001870,demo,entity_0406,entity_0410,1,entity_0410,entity_0406,entity_0406,entity_0410,train
pair_001871,demo,entity_0649,entity_0650,1,entity_0649,entity_0650,entity_0650,entity_0649,train
pair_001872,demo,entity_0520,entity_0700,0,entity_0700,entity_0520,entity_0520,entity_0700,train
pair_001873,demo,entity_0082,entity_0084,1,entity_0082,entity_0084,entity_0084,entity_0082,train
pair_001874,demo,entity_0831,entity_0833,1,entity_0833,entity_0831,entity_0831,entity_0833,train
pair_001875,demo,entity_0257,entity_0558,0,entity_0257,entity_0558,entity_0558,entity_0257,train
pair_001876,query,entity_0179,entity_0521,0,entity_0179,entity_0521,entity_0521,entity_0179,validation
pair_001877,query,entity_0219,entity_0971,0,entity_0219,entity_0971,entity_0971,entity_0219,validation
pair_001878,demo,entity_0991,entity_0998,1,entity_0998,entity_0991,entity_0991,entity_0998,train
pair_001879,demo,entity_0034,entity_0036,1,entity_0034,entity_0036,entity_0036,entity_0034,train
pair_001880,demo,entity_0539,entity_0796,0,entity_0539,entity_0796,entity_0796,entity_0539,train
pair_001881,query,entity_0589,entity_0731,0,entity_0731,entity_0589,entity_0589,entity_0731,validation
pair_001882,demo,entity_0107,entity_0325,0,entity_0325,entity_0107,entity_0107,entity_0325,train
pair_001883,demo,entity_0097,entity_0836,0,entity_0836,entity_0097,entity_0097,entity_0836,train
pair_001884,query,entity_0240,entity_0529,0,entity_0240,entity_0529,entity_0529,entity_0240,test
pair_001885,demo,entity_0469,entity_0533,0,entity_0469,entity_0533,entity_0533,entity_0469,train
pair_001886,query,entity_0852,entity_0858,1,entity_0852,entity_0858,entity_0858,entity_0852,validation
pair_001887,demo,entity_0234,entity_0236,1,entity_0234,entity_0236,entity_0236,entity_0234,train
pair_001888,query,entity_0039,entity_0919,0,entity_0919,entity_0039,entity_0039,entity_0919,test
pair_001889,demo,entity_0276,entity_0628,0,entity_0628,entity_0276,entity_0276,entity_0628,train
pair_001890,demo,entity_0454,entity_0456,1,entity_0456,entity_0454,entity_0454,entity_0456,train
pair_001891,query,entity_0055,entity_0730,0,entity_0055,entity_0730,entity_0730,entity_0055,test
pair_001892,demo,entity_0213,entity_0320,0,entity_0320,entity_0213,entity_0213,entity_0320,train
pair_001893,query,entity_0391,entity_0393,1,entity_0391,entity_0393,entity_0393,entity_0391,test
pair_001894,query,entity_0356,entity_0922,0,entity_0356,entity_0922,entity_0922,entity_0356,test
pair_001895,query,entity_0058,entity_0643,0,entity_0058,entity_0643,entity_0643,entity_0058,test
pair_001896,demo,entity_0222,entity_0223,1,entity_0223,entity_0222,entity_0222,entity_0223,train
pair_001897,query,entity_0646,entity_0778,0,entity_0778,entity_0646,entity_0646,entity_0778,test
pair_001898,demo,entity_0142,entity_0144,1,entity_0142,entity_0144,entity_0144,entity_0142,train
pair_001899,demo,entity_0147,entity_0149,1,entity_0147,entity_0149,entity_0149,entity_0147,train
pair_001900,query,entity_0531,entity_0746,0,entity_0746,entity_0531,entity_0531,entity_0746,test
pair_001901,query,entity_0214,entity_0802,0,entity_0214,entity_0802,entity_0802,entity_0214,test
pair_001902,demo,entity_0735,entity_0740,1,entity_0740,entity_0735,entity_0735,entity_0740,train
pair_001903,query,entity_0002,entity_0721,0,entity_0002,entity_0721,entity_0721,entity_0002,test
pair_001904,demo,entity_0148,entity_0170,0,entity_0170,entity_0148,entity_0148,entity_0170,train
pair_001905,query,entity_0740,entity_0742,0,entity_0742,entity_0740,entity_0740,entity_0742,test
pair_001906,demo,entity_0895,entity_0900,1,entity_0900,entity_0895,entity_0895,entity_0900,train
pair_001907,demo,entity_0230,entity_0653,0,entity_0230,entity_0653,entity_0653,entity_0230,train
pair_001908,query,entity_0322,entity_0328,1,entity_0328,entity_0322,entity_0322,entity_0328,test
pair_001909,demo,entity_0177,entity_0179,1,entity_0179,entity_0177,entity_0177,entity_0179,train
pair_001910,demo,entity_0483,entity_0484,1,entity_0483,entity_0484,entity_0484,entity_0483,train
pair_001911,demo,entity_0733,entity_0737,1,entity_0737,entity_0733,entity_0733,entity_0737,train
pair_001912,demo,entity_0181,entity_0190,1,entity_0190,entity_0181,entity_0181,entity_0190,train
pair_001913,query,entity_0364,entity_0886,0,entity_0364,entity_0886,entity_0886,entity_0364,test
pair_001914,query,entity_0594,entity_0600,1,entity_0600,entity_0594,entity_0594,entity_0600,test
pair_001915,demo,entity_0456,entity_0873,0,entity_0873,entity_0456,entity_0456,entity_0873,train
pair_001916,demo,entity_0507,entity_0509,1,entity_0507,entity_0509,entity_0509,entity_0507,train
pair_001917,demo,entity_0063,entity_0070,1,entity_0070,entity_0063,entity_0063,entity_0070,train
pair_001918,demo,entity_0593,entity_0598,1,entity_0598,entity_0593,entity_0593,entity_0598,train
pair_001919,query,entity_0435,entity_0530,0,entity_0435,entity_0530,entity_0530,entity_0435,test
pair_001920,demo,entity_0135,entity_0183,0,entity_0183,entity_0135,entity_0135,entity_0183,train
pair_001921,demo,entity_0355,entity_0474,0,entity_0355,entity_0474,entity_0474,entity_0355,train
pair_001922,demo,entity_0756,entity_0758,1,entity_0758,entity_0756,entity_0756,entity_0758,train
pair_001923,query,entity_0215,entity_0220,1,entity_0220,entity_0215,entity_0215,entity_0220,test
pair_001924,demo,entity_0153,entity_0551,0,entity_0153,entity_0551,entity_0551,entity_0153,train
pair_001925,demo,entity_0691,entity_0694,1,entity_0691,entity_0694,entity_0694,entity_0691,train
pair_001926,query,entity_0643,entity_0976,0,entity_0643,entity_0976,entity_0976,entity_0643,test
pair_001927,demo,entity_0018,entity_0020,1,entity_0020,entity_0018,entity_0018,entity_0020,train
pair_001928,query,entity_0704,entity_0955,0,entity_0955,entity_0704,entity_0704,entity_0955,test
pair_001929,query,entity_0057,entity_0642,0,entity_0057,entity_0642,entity_0642,entity_0057,test
pair_001930,demo,entity_0227,entity_0228,1,entity_0227,entity_0228,entity_0228,entity_0227,train
pair_001931,query,entity_0913,entity_0974,0,entity_0974,entity_0913,entity_0913,entity_0974,validation
pair_001932,query,entity_0275,entity_0276,1,entity_0276,entity_0275,entity_0275,entity_0276,test
pair_001933,demo,entity_0169,entity_0416,0,entity_0169,entity_0416,entity_0416,entity_0169,train
pair_001934,demo,entity_0892,entity_0895,1,entity_0895,entity_0892,entity_0892,entity_0895,train
pair_001935,query,entity_0029,entity_0738,0,entity_0029,entity_0738,entity_0738,entity_0029,test
pair_001936,demo,entity_0088,entity_0190,0,entity_0088,entity_0190,entity_0190,entity_0088,train
pair_001937,demo,entity_0099,entity_0791,0,entity_0791,entity_0099,entity_0099,entity_0791,train
pair_001938,query,entity_0522,entity_0525,1,entity_0522,entity_0525,entity_0525,entity_0522,validation
pair_001939,demo,entity_0673,entity_0679,1,entity_0679,entity_0673,entity_0673,entity_0679,train
pair_001940,query,entity_0587,entity_0589,1,entity_0589,entity_0587,entity_0587,entity_0589,test
pair_001941,demo,entity_0412,entity_0414,1,entity_0412,entity_0414,entity_0414,entity_0412,train
pair_001942,query,entity_0573,entity_0908,0,entity_0908,entity_0573,entity_0573,entity_0908,validation
pair_001943,demo,entity_0151,entity_0303,0,entity_0303,entity_0151,entity_0151,entity_0303,train
pair_001944,query,entity_0042,entity_0127,0,entity_0127,entity_0042,entity_0042,entity_0127,validation
pair_001945,demo,entity_0578,entity_0580,1,entity_0578,entity_0580,entity_0580,entity_0578,train
pair_001946,demo,entity_0883,entity_0884,1,entity_0884,entity_0883,entity_0883,entity_0884,train
pair_001947,query,entity_0926,entity_0930,1,entity_0926,entity_0930,entity_0930,entity_0926,test
pair_001948,query,entity_0278,entity_0280,1,entity_0280,entity_0278,entity_0278,entity_0280,test
pair_001949,query,entity_0843,entity_0845,1,entity_0843,entity_0845,entity_0845,entity_0843,validation
pair_001950,demo,entity_0271,entity_0276,1,entity_0276,entity_0271,entity_0271,entity_0276,train
pair_001951,demo,entity_0116,entity_0417,0,entity_0116,entity_0417,entity_0417,entity_0116,train
pair_001952,query,entity_0221,entity_0544,0,entity_0221,entity_0544,entity_0544,entity_0221,test
pair_001953,query,entity_0160,entity_0637,0,entity_0160,entity_0637,entity_0637,entity_0160,test
pair_001954,demo,entity_0902,entity_0953,0,entity_0902,entity_0953,entity_0953,entity_0902,train
pair_001955,demo,entity_0371,entity_0375,1,entity_0371,entity_0375,entity_0375,entity_0371,train
pair_001956,query,entity_0465,entity_0755,0,entity_0465,entity_0755,entity_0755,entity_0465,test
pair_001957,demo,entity_0430,entity_0684,0,entity_0430,entity_0684,entity_0684,entity_0430,train
pair_001958,demo,entity_0923,entity_0924,1,entity_0924,entity_0923,entity_0923,entity_0924,train
pair_001959,demo,entity_0262,entity_0328,0,entity_0328,entity_0262,entity_0262,entity_0328,train
pair_001960,demo,entity_0689,entity_0690,1,entity_0689,entity_0690,entity_0690,entity_0689,train
pair_001961,query,entity_0319,entity_0768,0,entity_0768,entity_0319,entity_0319,entity_0768,test
pair_001962,query,entity_0021,entity_0992,0,entity_0992,entity_0021,entity_0021,entity_0992,validation
pair_001963,demo,entity_0061,entity_0070,1,entity_0070,entity_0061,entity_0061,entity_0070,train
pair_001964,query,entity_0455,entity_0991,0,entity_0455,entity_0991,entity_0991,entity_0455,test
pair_001965,demo,entity_0190,entity_0780,0,entity_0780,entity_0190,entity_0190,entity_0780,train
pair_001966,query,entity_0614,entity_0619,1,entity_0619,entity_0614,entity_0614,entity_0619,validation
pair_001967,demo,entity_0208,entity_0408,0,entity_0208,entity_0408,entity_0408,entity_0208,train
pair_001968,demo,entity_0257,entity_0557,0,entity_0257,entity_0557,entity_0557,entity_0257,train
pair_001969,demo,entity_0047,entity_0050,1,entity_0050,entity_0047,entity_0047,entity_0050,train
pair_001970,query,entity_0434,entity_0889,0,entity_0889,entity_0434,entity_0434,entity_0889,test
pair_001971,query,entity_0237,entity_0890,0,entity_0237,entity_0890,entity_0890,entity_0237,test
pair_001972,query,entity_0060,entity_0597,0,entity_0060,entity_0597,entity_0597,entity_0060,test
pair_001973,query,entity_0231,entity_0979,0,entity_0979,entity_0231,entity_0231,entity_0979,validation
pair_001974,demo,entity_0287,entity_0859,0,entity_0859,entity_0287,entity_0287,entity_0859,train
pair_001975,query,entity_0534,entity_0784,0,entity_0534,entity_0784,entity_0784,entity_0534,test
pair_001976,demo,entity_0169,entity_0791,0,entity_0791,entity_0169,entity_0169,entity_0791,train
pair_001977,demo,entity_0157,entity_0448,0,entity_0448,entity_0157,entity_0157,entity_0448,train
pair_001978,demo,entity_0441,entity_0443,1,entity_0443,entity_0441,entity_0441,entity_0443,train
pair_001979,demo,entity_0755,entity_0758,1,entity_0758,entity_0755,entity_0755,entity_0758,train
pair_001980,query,entity_0623,entity_0627,1,entity_0627,entity_0623,entity_0623,entity_0627,test
pair_001981,demo,entity_0072,entity_0197,0,entity_0197,entity_0072,entity_0072,entity_0197,train
pair_001982,query,entity_0285,entity_0568,0,entity_0568,entity_0285,entity_0285,entity_0568,validation
pair_001983,query,entity_0595,entity_0788,0,entity_0595,entity_0788,entity_0788,entity_0595,test
pair_001984,query,entity_0350,entity_0804,0,entity_0350,entity_0804,entity_0804,entity_0350,test
pair_001985,query,entity_0451,entity_0453,1,entity_0451,entity_0453,entity_0453,entity_0451,test
pair_001986,query,entity_0131,entity_0354,0,entity_0131,entity_0354,entity_0354,entity_0131,test
pair_001987,query,entity_0584,entity_0588,1,entity_0588,entity_0584,entity_0584,entity_0588,test
pair_001988,demo,entity_0353,entity_0828,0,entity_0353,entity_0828,entity_0828,entity_0353,train
pair_001989,demo,entity_0438,entity_0541,0,entity_0541,entity_0438,entity_0438,entity_0541,train
pair_001990,query,entity_0194,entity_0368,0,entity_0194,entity_0368,entity_0368,entity_0194,validation
pair_001991,demo,entity_0003,entity_0010,1,entity_0003,entity_0010,entity_0010,entity_0003,train
pair_001992,query,entity_0530,entity_0655,0,entity_0530,entity_0655,entity_0655,entity_0530,validation
pair_001993,demo,entity_0268,entity_0502,0,entity_0502,entity_0268,entity_0268,entity_0502,train
pair_001994,demo,entity_0544,entity_0840,0,entity_0840,entity_0544,entity_0544,entity_0840,train
pair_001995,query,entity_0594,entity_0596,1,entity_0596,entity_0594,entity_0594,entity_0596,test
pair_001996,query,entity_0191,entity_0196,1,entity_0196,entity_0191,entity_0191,entity_0196,validation
pair_001997,query,entity_0202,entity_0203,1,entity_0202,entity_0203,entity_0203,entity_0202,test
pair_001998,demo,entity_0947,entity_0950,1,entity_0950,entity_0947,entity_0947,entity_0950,train
pair_001999,query,entity_0109,entity_0544,0,entity_0109,entity_0544,entity_0544,entity_0109,test
pair_002000,query,entity_0173,entity_0724,0,entity_0173,entity_0724,entity_0724,entity_0173,test
pair_002001,query,entity_0601,entity_0609,1,entity_0609,entity_0601,entity_0601,entity_0609,test
pair_002002,demo,entity_0961,entity_0968,1,entity_0968,entity_0961,entity_0961,entity_0968,train
pair_002003,query,entity_0381,entity_0389,1,entity_0381,entity_0389,entity_0389,entity_0381,validation
pair_002004,demo,entity_0220,entity_0715,0,entity_0220,entity_0715,entity_0715,entity_0220,train
pair_002005,query,entity_0063,entity_0764,0,entity_0063,entity_0764,entity_0764,entity_0063,test
pair_002006,query,entity_0512,entity_0695,0,entity_0512,entity_0695,entity_0695,entity_0512,validation
pair_002007,query,entity_0183,entity_0185,1,entity_0183,entity_0185,entity_0185,entity_0183,test
pair_002008,demo,entity_0605,entity_0607,1,entity_0605,entity_0607,entity_0607,entity_0605,train
pair_002009,demo,entity_0378,entity_0380,1,entity_0378,entity_0380,entity_0380,entity_0378,train
pair_002010,query,entity_0201,entity_0471,0,entity_0201,entity_0471,entity_0471,entity_0201,validation
pair_002011,demo,entity_0534,entity_0540,1,entity_0534,entity_0540,entity_0540,entity_0534,train
pair_002012,query,entity_0943,entity_0947,1,entity_0943,entity_0947,entity_0947,entity_0943,test
pair_002013,demo,entity_0269,entity_0493,0,entity_0493,entity_0269,entity_0269,entity_0493,train
pair_002014,query,entity_0329,entity_0815,0,entity_0329,entity_0815,entity_0815,entity_0329,test
pair_002015,query,entity_0128,entity_0454,0,entity_0128,entity_0454,entity_0454,entity_0128,test
pair_002016,query,entity_0098,entity_0867,0,entity_0867,entity_0098,entity_0098,entity_0867,test
pair_002017,query,entity_0208,entity_0397,0,entity_0208,entity_0397,entity_0397,entity_0208,test
pair_002018,demo,entity_0393,entity_0580,0,entity_0393,entity_0580,entity_0580,entity_0393,train
pair_002019,query,entity_0582,entity_0589,1,entity_0582,entity_0589,entity_0589,entity_0582,test
pair_002020,demo,entity_0532,entity_0533,1,entity_0533,entity_0532,entity_0532,entity_0533,train
pair_002021,query,entity_0041,entity_0358,0,entity_0041,entity_0358,entity_0358,entity_0041,test
pair_002022,query,entity_0415,entity_0417,1,entity_0417,entity_0415,entity_0415,entity_0417,test
pair_002023,query,entity_0292,entity_0491,0,entity_0491,entity_0292,entity_0292,entity_0491,test
pair_002024,query,entity_0078,entity_0483,0,entity_0483,entity_0078,entity_0078,entity_0483,test
pair_002025,demo,entity_0411,entity_0725,0,entity_0411,entity_0725,entity_0725,entity_0411,train
pair_002026,demo,entity_0207,entity_0902,0,entity_0902,entity_0207,entity_0207,entity_0902,train
pair_002027,demo,entity_0302,entity_0306,1,entity_0302,entity_0306,entity_0306,entity_0302,train
pair_002028,query,entity_0713,entity_0716,1,entity_0716,entity_0713,entity_0713,entity_0716,test
pair_002029,query,entity_0085,entity_0100,0,entity_0100,entity_0085,entity_0085,entity_0100,test
pair_002030,query,entity_0502,entity_0509,1,entity_0502,entity_0509,entity_0509,entity_0502,validation
pair_002031,demo,entity_0565,entity_0568,1,entity_0568,entity_0565,entity_0565,entity_0568,train
pair_002032,demo,entity_0205,entity_0661,0,entity_0205,entity_0661,entity_0661,entity_0205,train
pair_002033,query,entity_0133,entity_0517,0,entity_0133,entity_0517,entity_0517,entity_0133,test
pair_002034,query,entity_0549,entity_0757,0,entity_0757,entity_0549,entity_0549,entity_0757,test
pair_002035,query,entity_0778,entity_0779,1,entity_0779,entity_0778,entity_0778,entity_0779,test
pair_002036,demo,entity_0379,entity_0885,0,entity_0379,entity_0885,entity_0885,entity_0379,train
pair_002037,demo,entity_0504,entity_0739,0,entity_0504,entity_0739,entity_0739,entity_0504,train
pair_002038,demo,entity_0001,entity_0904,0,entity_0904,entity_0001,entity_0001,entity_0904,train
pair_002039,demo,entity_0114,entity_0118,1,entity_0118,entity_0114,entity_0114,entity_0118,train
pair_002040,demo,entity_0810,entity_0892,0,entity_0892,entity_0810,entity_0810,entity_0892,train
pair_002041,demo,entity_0057,entity_0298,0,entity_0298,entity_0057,entity_0057,entity_0298,train
pair_002042,query,entity_0371,entity_0373,1,entity_0373,entity_0371,entity_0371,entity_0373,test
pair_002043,query,entity_0782,entity_0783,1,entity_0783,entity_0782,entity_0782,entity_0783,validation
pair_002044,query,entity_0004,entity_0826,0,entity_0826,entity_0004,entity_0004,entity_0826,validation
pair_002045,query,entity_0924,entity_0930,1,entity_0924,entity_0930,entity_0930,entity_0924,test
pair_002046,query,entity_0581,entity_0587,1,entity_0581,entity_0587,entity_0587,entity_0581,test
pair_002047,demo,entity_0227,entity_0355,0,entity_0355,entity_0227,entity_0227,entity_0355,train
pair_002048,query,entity_0292,entity_0342,0,entity_0342,entity_0292,entity_0292,entity_0342,test
pair_002049,demo,entity_0638,entity_0811,0,entity_0811,entity_0638,entity_0638,entity_0811,train
pair_002050,demo,entity_0307,entity_0526,0,entity_0526,entity_0307,entity_0307,entity_0526,train
pair_002051,demo,entity_0814,entity_0819,1,entity_0819,entity_0814,entity_0814,entity_0819,train
pair_002052,demo,entity_0278,entity_0875,0,entity_0875,entity_0278,entity_0278,entity_0875,train
pair_002053,query,entity_0722,entity_0728,1,entity_0728,entity_0722,entity_0722,entity_0728,test
pair_002054,query,entity_0281,entity_0284,1,entity_0281,entity_0284,entity_0284,entity_0281,validation
pair_002055,demo,entity_0020,entity_0787,0,entity_0020,entity_0787,entity_0787,entity_0020,train
pair_002056,demo,entity_0284,entity_0285,1,entity_0285,entity_0284,entity_0284,entity_0285,train
pair_002057,demo,entity_0346,entity_0834,0,entity_0346,entity_0834,entity_0834,entity_0346,train
pair_002058,demo,entity_0137,entity_0207,0,entity_0207,entity_0137,entity_0137,entity_0207,train
pair_002059,query,entity_0632,entity_0640,1,entity_0632,entity_0640,entity_0640,entity_0632,test
pair_002060,demo,entity_0062,entity_0067,1,entity_0062,entity_0067,entity_0067,entity_0062,train
pair_002061,query,entity_0172,entity_0318,0,entity_0318,entity_0172,entity_0172,entity_0318,validation
pair_002062,demo,entity_0842,entity_0849,1,entity_0842,entity_0849,entity_0849,entity_0842,train
pair_002063,demo,entity_0624,entity_0662,0,entity_0662,entity_0624,entity_0624,entity_0662,train
pair_002064,query,entity_0627,entity_0630,1,entity_0627,entity_0630,entity_0630,entity_0627,test
pair_002065,demo,entity_0469,entity_0899,0,entity_0899,entity_0469,entity_0469,entity_0899,train
pair_002066,demo,entity_0016,entity_0252,0,entity_0016,entity_0252,entity_0252,entity_0016,train
pair_002067,query,entity_0129,entity_0740,0,entity_0129,entity_0740,entity_0740,entity_0129,test
pair_002068,demo,entity_0721,entity_0727,1,entity_0721,entity_0727,entity_0727,entity_0721,train
pair_002069,query,entity_0916,entity_0985,0,entity_0916,entity_0985,entity_0985,entity_0916,test
pair_002070,demo,entity_0937,entity_0939,1,entity_0939,entity_0937,entity_0937,entity_0939,train
pair_002071,demo,entity_0004,entity_0466,0,entity_0004,entity_0466,entity_0466,entity_0004,train
pair_002072,demo,entity_0333,entity_0335,1,entity_0333,entity_0335,entity_0335,entity_0333,train
pair_002073,query,entity_0502,entity_0507,1,entity_0507,entity_0502,entity_0502,entity_0507,validation
pair_002074,query,entity_0247,entity_0250,1,entity_0250,entity_0247,entity_0247,entity_0250,test
pair_002075,demo,entity_0416,entity_0419,1,entity_0419,entity_0416,entity_0416,entity_0419,train
pair_002076,demo,entity_0193,entity_0563,0,entity_0563,entity_0193,entity_0193,entity_0563,train
pair_002077,demo,entity_0597,entity_0599,1,entity_0599,entity_0597,entity_0597,entity_0599,train
pair_002078,query,entity_0110,entity_0905,0,entity_0110,entity_0905,entity_0905,entity_0110,test
pair_002079,query,entity_0185,entity_0188,1,entity_0185,entity_0188,entity_0188,entity_0185,test
pair_002080,demo,entity_0856,entity_0857,1,entity_0857,entity_0856,entity_0856,entity_0857,train
pair_002081,demo,entity_0303,entity_0305,1,entity_0303,entity_0305,entity_0305,entity_0303,train
pair_002082,query,entity_0624,entity_0627,1,entity_0627,entity_0624,entity_0624,entity_0627,validation
pair_002083,query,entity_0386,entity_0388,1,entity_0388,entity_0386,entity_0386,entity_0388,test
pair_002084,query,entity_0685,entity_0690,1,entity_0685,entity_0690,entity_0690,entity_0685,test
pair_002085,query,entity_0408,entity_0998,0,entity_0998,entity_0408,entity_0408,entity_0998,validation
pair_002086,query,entity_0473,entity_0813,0,entity_0813,entity_0473,entity_0473,entity_0813,test
pair_002087,query,entity_0979,entity_0980,1,entity_0979,entity_0980,entity_0980,entity_0979,validation
pair_002088,demo,entity_0103,entity_0109,1,entity_0103,entity_0109,entity_0109,entity_0103,train
pair_002089,demo,entity_0307,entity_0550,0,entity_0307,entity_0550,entity_0550,entity_0307,train
pair_002090,query,entity_0011,entity_0646,0,entity_0646,entity_0011,entity_0011,entity_0646,test
pair_002091,query,entity_0533,entity_0540,1,entity_0540,entity_0533,entity_0533,entity_0540,test
pair_002092,query,entity_0545,entity_0548,1,entity_0548,entity_0545,entity_0545,entity_0548,validation
pair_002093,demo,entity_0289,entity_0429,0,entity_0429,entity_0289,entity_0289,entity_0429,train
pair_002094,demo,entity_0841,entity_0842,1,entity_0842,entity_0841,entity_0841,entity_0842,train
pair_002095,query,entity_0191,entity_0200,1,entity_0200,entity_0191,entity_0191,entity_0200,validation
pair_002096,demo,entity_0171,entity_0180,1,entity_0171,entity_0180,entity_0180,entity_0171,train
pair_002097,query,entity_0734,entity_0738,1,entity_0734,entity_0738,entity_0738,entity_0734,test
pair_002098,query,entity_0913,entity_0920,1,entity_0913,entity_0920,entity_0920,entity_0913,test
pair_002099,demo,entity_0544,entity_0681,0,entity_0681,entity_0544,entity_0544,entity_0681,train
pair_002100,query,entity_0219,entity_0220,1,entity_0220,entity_0219,entity_0219,entity_0220,test
pair_002101,demo,entity_0847,entity_0848,1,entity_0848,entity_0847,entity_0847,entity_0848,train
pair_002102,demo,entity_0021,entity_0024,1,entity_0021,entity_0024,entity_0024,entity_0021,train
pair_002103,query,entity_0742,entity_0748,1,entity_0748,entity_0742,entity_0742,entity_0748,test
pair_002104,query,entity_0090,entity_0786,0,entity_0786,entity_0090,entity_0090,entity_0786,validation
pair_002105,query,entity_0642,entity_0643,1,entity_0642,entity_0643,entity_0643,entity_0642,validation
pair_002106,query,entity_0374,entity_0376,1,entity_0374,entity_0376,entity_0376,entity_0374,test
pair_002107,demo,entity_0157,entity_0702,0,entity_0157,entity_0702,entity_0702,entity_0157,train
pair_002108,query,entity_0755,entity_0756,1,entity_0756,entity_0755,entity_0755,entity_0756,test
pair_002109,query,entity_0449,entity_0450,1,entity_0449,entity_0450,entity_0450,entity_0449,test
pair_002110,demo,entity_0413,entity_0510,0,entity_0413,entity_0510,entity_0510,entity_0413,train
pair_002111,query,entity_0931,entity_0935,1,entity_0935,entity_0931,entity_0931,entity_0935,test
pair_002112,demo,entity_0621,entity_0623,1,entity_0623,entity_0621,entity_0621,entity_0623,train
pair_002113,demo,entity_0463,entity_0469,1,entity_0469,entity_0463,entity_0463,entity_0469,train
pair_002114,demo,entity_0098,entity_0436,0,entity_0098,entity_0436,entity_0436,entity_0098,train
pair_002115,demo,entity_0642,entity_0649,1,entity_0649,entity_0642,entity_0642,entity_0649,train
pair_002116,query,entity_0332,entity_0337,1,entity_0332,entity_0337,entity_0337,entity_0332,validation
pair_002117,demo,entity_0123,entity_0908,0,entity_0908,entity_0123,entity_0123,entity_0908,train
pair_002118,demo,entity_0069,entity_0961,0,entity_0069,entity_0961,entity_0961,entity_0069,train
pair_002119,demo,entity_0341,entity_0350,1,entity_0350,entity_0341,entity_0341,entity_0350,train
pair_002120,query,entity_0541,entity_0550,1,entity_0550,entity_0541,entity_0541,entity_0550,test
pair_002121,query,entity_0003,entity_0725,0,entity_0725,entity_0003,entity_0003,entity_0725,test
pair_002122,query,entity_0226,entity_0229,1,entity_0229,entity_0226,entity_0226,entity_0229,validation
pair_002123,demo,entity_0353,entity_0357,1,entity_0353,entity_0357,entity_0357,entity_0353,train
pair_002124,query,entity_0671,entity_0680,1,entity_0671,entity_0680,entity_0680,entity_0671,test
pair_002125,query,entity_0992,entity_0998,1,entity_0998,entity_0992,entity_0992,entity_0998,test
pair_002126,query,entity_0575,entity_0580,1,entity_0580,entity_0575,entity_0575,entity_0580,test
pair_002127,query,entity_0202,entity_0206,1,entity_0202,entity_0206,entity_0206,entity_0202,test
pair_002128,demo,entity_0103,entity_0104,1,entity_0104,entity_0103,entity_0103,entity_0104,train
pair_002129,demo,entity_0631,entity_0732,0,entity_0631,entity_0732,entity_0732,entity_0631,train
pair_002130,query,entity_0422,entity_0429,1,entity_0429,entity_0422,entity_0422,entity_0429,test
pair_002131,query,entity_0074,entity_0079,1,entity_0079,entity_0074,entity_0074,entity_0079,validation
pair_002132,demo,entity_0402,entity_0410,1,entity_0402,entity_0410,entity_0410,entity_0402,train
pair_002133,query,entity_0231,entity_0643,0,entity_0231,entity_0643,entity_0643,entity_0231,test
pair_002134,query,entity_0081,entity_0090,1,entity_0081,entity_0090,entity_0090,entity_0081,validation
pair_002135,query,entity_0104,entity_0109,1,entity_0109,entity_0104,entity_0104,entity_0109,test
pair_002136,query,entity_0334,entity_0337,1,entity_0334,entity_0337,entity_0337,entity_0334,test
pair_002137,query,entity_0292,entity_0295,1,entity_0295,entity_0292,entity_0292,entity_0295,test
pair_002138,demo,entity_0467,entity_0598,0,entity_0467,entity_0598,entity_0598,entity_0467,train
pair_002139,demo,entity_0088,entity_0420,0,entity_0420,entity_0088,entity_0088,entity_0420,train
pair_002140,demo,entity_0014,entity_0372,0,entity_0372,entity_0014,entity_0014,entity_0372,train
pair_002141,demo,entity_0492,entity_0969,0,entity_0969,entity_0492,entity_0492,entity_0969,train
pair_002142,query,entity_0102,entity_0565,0,entity_0102,entity_0565,entity_0565,entity_0102,validation
pair_002143,demo,entity_0001,entity_0922,0,entity_0922,entity_0001,entity_0001,entity_0922,train
pair_002144,demo,entity_0545,entity_0883,0,entity_0545,entity_0883,entity_0883,entity_0545,train
pair_002145,demo,entity_0311,entity_0316,1,entity_0316,entity_0311,entity_0311,entity_0316,train
pair_002146,query,entity_0298,entity_0486,0,entity_0298,entity_0486,entity_0486,entity_0298,test
pair_002147,query,entity_0547,entity_0548,1,entity_0548,entity_0547,entity_0547,entity_0548,test
pair_002148,demo,entity_0227,entity_0974,0,entity_0227,entity_0974,entity_0974,entity_0227,train
pair_002149,query,entity_0248,entity_0916,0,entity_0248,entity_0916,entity_0916,entity_0248,test
pair_002150,query,entity_0183,entity_0877,0,entity_0183,entity_0877,entity_0877,entity_0183,test
pair_002151,demo,entity_0367,entity_0478,0,entity_0478,entity_0367,entity_0367,entity_0478,train
pair_002152,demo,entity_0141,entity_0146,1,entity_0141,entity_0146,entity_0146,entity_0141,train
pair_002153,query,entity_0396,entity_0400,1,entity_0396,entity_0400,entity_0400,entity_0396,test
pair_002154,demo,entity_0170,entity_0811,0,entity_0170,entity_0811,entity_0811,entity_0170,train
pair_002155,query,entity_0515,entity_0516,1,entity_0515,entity_0516,entity_0516,entity_0515,test
pair_002156,query,entity_0157,entity_0800,0,entity_0800,entity_0157,entity_0157,entity_0800,test
pair_002157,demo,entity_0019,entity_0780,0,entity_0019,entity_0780,entity_0780,entity_0019,train
pair_002158,query,entity_0168,entity_0999,0,entity_0168,entity_0999,entity_0999,entity_0168,test
pair_002159,demo,entity_0073,entity_0209,0,entity_0073,entity_0209,entity_0209,entity_0073,train
pair_002160,demo,entity_0646,entity_0650,1,entity_0646,entity_0650,entity_0650,entity_0646,train
pair_002161,query,entity_0756,entity_0760,1,entity_0756,entity_0760,entity_0760,entity_0756,test
pair_002162,demo,entity_0284,entity_0290,1,entity_0284,entity_0290,entity_0290,entity_0284,train
pair_002163,demo,entity_0127,entity_0128,1,entity_0128,entity_0127,entity_0127,entity_0128,train
pair_002164,query,entity_0884,entity_0888,1,entity_0884,entity_0888,entity_0888,entity_0884,test
pair_002165,demo,entity_0545,entity_0658,0,entity_0545,entity_0658,entity_0658,entity_0545,train
pair_002166,query,entity_0781,entity_0788,1,entity_0788,entity_0781,entity_0781,entity_0788,test
pair_002167,query,entity_0359,entity_0945,0,entity_0945,entity_0359,entity_0359,entity_0945,test
pair_002168,demo,entity_0276,entity_0530,0,entity_0276,entity_0530,entity_0530,entity_0276,train
pair_002169,query,entity_0312,entity_0316,1,entity_0316,entity_0312,entity_0312,entity_0316,validation
pair_002170,query,entity_0665,entity_0937,0,entity_0937,entity_0665,entity_0665,entity_0937,test
pair_002171,demo,entity_0373,entity_0920,0,entity_0373,entity_0920,entity_0920,entity_0373,train
pair_002172,demo,entity_0975,entity_0976,1,entity_0976,entity_0975,entity_0975,entity_0976,train
pair_002173,demo,entity_0866,entity_0867,1,entity_0866,entity_0867,entity_0867,entity_0866,train
pair_002174,demo,entity_0033,entity_0034,1,entity_0034,entity_0033,entity_0033,entity_0034,train
pair_002175,query,entity_0342,entity_0343,1,entity_0343,entity_0342,entity_0342,entity_0343,test
pair_002176,demo,entity_0177,entity_0320,0,entity_0177,entity_0320,entity_0320,entity_0177,train
pair_002177,query,entity_0171,entity_0904,0,entity_0904,entity_0171,entity_0171,entity_0904,test
pair_002178,demo,entity_0721,entity_0729,1,entity_0729,entity_0721,entity_0721,entity_0729,train
pair_002179,demo,entity_0639,entity_0640,1,entity_0640,entity_0639,entity_0639,entity_0640,train
pair_002180,demo,entity_0532,entity_0540,1,entity_0540,entity_0532,entity_0532,entity_0540,train
pair_002181,query,entity_0472,entity_0474,1,entity_0474,entity_0472,entity_0472,entity_0474,validation
pair_002182,query,entity_0306,entity_0541,0,entity_0541,entity_0306,entity_0306,entity_0541,test
pair_002183,query,entity_0661,entity_0664,1,entity_0664,entity_0661,entity_0661,entity_0664,validation
pair_002184,query,entity_0571,entity_0973,0,entity_0571,entity_0973,entity_0973,entity_0571,test
pair_002185,demo,entity_0004,entity_0096,0,entity_0004,entity_0096,entity_0096,entity_0004,train
pair_002186,query,entity_0397,entity_0400,1,entity_0397,entity_0400,entity_0400,entity_0397,test
pair_002187,demo,entity_0596,entity_0598,1,entity_0598,entity_0596,entity_0596,entity_0598,train
pair_002188,demo,entity_0646,entity_0678,0,entity_0678,entity_0646,entity_0646,entity_0678,train
pair_002189,demo,entity_0822,entity_0873,0,entity_0822,entity_0873,entity_0873,entity_0822,train
pair_002190,demo,entity_0764,entity_0769,1,entity_0764,entity_0769,entity_0769,entity_0764,train
pair_002191,demo,entity_0276,entity_0279,1,entity_0276,entity_0279,entity_0279,entity_0276,train
pair_002192,query,entity_0718,entity_0720,1,entity_0718,entity_0720,entity_0720,entity_0718,test
pair_002193,demo,entity_0564,entity_0569,1,entity_0564,entity_0569,entity_0569,entity_0564,train
pair_002194,query,entity_0564,entity_0570,1,entity_0570,entity_0564,entity_0564,entity_0570,test
pair_002195,demo,entity_0693,entity_0694,1,entity_0694,entity_0693,entity_0693,entity_0694,train
pair_002196,demo,entity_0651,entity_0654,1,entity_0651,entity_0654,entity_0654,entity_0651,train
pair_002197,demo,entity_0429,entity_0757,0,entity_0429,entity_0757,entity_0757,entity_0429,train
pair_002198,demo,entity_0011,entity_0017,1,entity_0011,entity_0017,entity_0017,entity_0011,train
pair_002199,demo,entity_0337,entity_0339,1,entity_0339,entity_0337,entity_0337,entity_0339,train
pair_002200,demo,entity_0871,entity_0876,1,entity_0871,entity_0876,entity_0876,entity_0871,train
pair_002201,query,entity_0074,entity_0355,0,entity_0355,entity_0074,entity_0074,entity_0355,validation
pair_002202,query,entity_0132,entity_0640,0,entity_0132,entity_0640,entity_0640,entity_0132,test
pair_002203,demo,entity_0592,entity_0600,1,entity_0592,entity_0600,entity_0600,entity_0592,train
pair_002204,query,entity_0121,entity_0126,1,entity_0121,entity_0126,entity_0126,entity_0121,test
pair_002205,query,entity_0222,entity_0733,0,entity_0222,entity_0733,entity_0733,entity_0222,test
pair_002206,query,entity_0125,entity_0129,1,entity_0129,entity_0125,entity_0125,entity_0129,test
pair_002207,demo,entity_0514,entity_0516,1,entity_0514,entity_0516,entity_0516,entity_0514,train
pair_002208,query,entity_0221,entity_0224,1,entity_0221,entity_0224,entity_0224,entity_0221,test
pair_002209,query,entity_0312,entity_0946,0,entity_0946,entity_0312,entity_0312,entity_0946,test
pair_002210,demo,entity_0012,entity_0017,1,entity_0012,entity_0017,entity_0017,entity_0012,train
pair_002211,query,entity_0643,entity_0648,1,entity_0643,entity_0648,entity_0648,entity_0643,validation
pair_002212,query,entity_0086,entity_0143,0,entity_0086,entity_0143,entity_0143,entity_0086,validation
pair_002213,query,entity_0072,entity_0179,0,entity_0072,entity_0179,entity_0179,entity_0072,test
pair_002214,demo,entity_0043,entity_0326,0,entity_0043,entity_0326,entity_0326,entity_0043,train
pair_002215,query,entity_0339,entity_0770,0,entity_0339,entity_0770,entity_0770,entity_0339,test
pair_002216,demo,entity_0186,entity_0906,0,entity_0186,entity_0906,entity_0906,entity_0186,train
pair_002217,demo,entity_0155,entity_0159,1,entity_0159,entity_0155,entity_0155,entity_0159,train
pair_002218,query,entity_0203,entity_0210,1,entity_0210,entity_0203,entity_0203,entity_0210,test
pair_002219,query,entity_0255,entity_0260,1,entity_0260,entity_0255,entity_0255,entity_0260,test
pair_002220,demo,entity_0149,entity_0509,0,entity_0509,entity_0149,entity_0149,entity_0509,train
pair_002221,demo,entity_0236,entity_0433,0,entity_0433,entity_0236,entity_0236,entity_0433,train
pair_002222,demo,entity_0871,entity_0988,0,entity_0871,entity_0988,entity_0988,entity_0871,train
pair_002223,demo,entity_0432,entity_0438,1,entity_0438,entity_0432,entity_0432,entity_0438,train
pair_002224,demo,entity_0343,entity_0349,1,entity_0349,entity_0343,entity_0343,entity_0349,train
pair_002225,query,entity_0119,entity_0530,0,entity_0530,entity_0119,entity_0119,entity_0530,validation
pair_002226,demo,entity_0784,entity_0790,1,entity_0784,entity_0790,entity_0790,entity_0784,train
pair_002227,query,entity_0416,entity_0420,1,entity_0420,entity_0416,entity_0416,entity_0420,test
pair_002228,demo,entity_0055,entity_0941,0,entity_0055,entity_0941,entity_0941,entity_0055,train
pair_002229,query,entity_0792,entity_0794,1,entity_0794,entity_0792,entity_0792,entity_0794,test
pair_002230,demo,entity_0207,entity_0527,0,entity_0207,entity_0527,entity_0527,entity_0207,train
pair_002231,demo,entity_0243,entity_0477,0,entity_0477,entity_0243,entity_0243,entity_0477,train
pair_002232,query,entity_0582,entity_0910,0,entity_0910,entity_0582,entity_0582,entity_0910,validation
pair_002233,demo,entity_0944,entity_0948,1,entity_0948,entity_0944,entity_0944,entity_0948,train
pair_002234,query,entity_0774,entity_0777,1,entity_0774,entity_0777,entity_0777,entity_0774,test
pair_002235,demo,entity_0572,entity_0790,0,entity_0790,entity_0572,entity_0572,entity_0790,train
pair_002236,demo,entity_0099,entity_0473,0,entity_0099,entity_0473,entity_0473,entity_0099,train
pair_002237,demo,entity_0732,entity_0967,0,entity_0732,entity_0967,entity_0967,entity_0732,train
pair_002238,query,entity_0986,entity_0989,1,entity_0989,entity_0986,entity_0986,entity_0989,test
pair_002239,query,entity_0621,entity_0976,0,entity_0976,entity_0621,entity_0621,entity_0976,test
pair_002240,query,entity_0164,entity_0786,0,entity_0164,entity_0786,entity_0786,entity_0164,test
pair_002241,query,entity_0451,entity_0641,0,entity_0641,entity_0451,entity_0451,entity_0641,test
pair_002242,demo,entity_0325,entity_0326,1,entity_0326,entity_0325,entity_0325,entity_0326,train
pair_002243,demo,entity_0683,entity_0684,1,entity_0683,entity_0684,entity_0684,entity_0683,train
pair_002244,query,entity_0731,entity_0735,1,entity_0735,entity_0731,entity_0731,entity_0735,test
pair_002245,demo,entity_0064,entity_0529,0,entity_0529,entity_0064,entity_0064,entity_0529,train
pair_002246,demo,entity_0985,entity_0989,1,entity_0985,entity_0989,entity_0989,entity_0985,train
pair_002247,demo,entity_0487,entity_0893,0,entity_0487,entity_0893,entity_0893,entity_0487,train
pair_002248,demo,entity_0128,entity_0189,0,entity_0189,entity_0128,entity_0128,entity_0189,train
pair_002249,demo,entity_0327,entity_0980,0,entity_0327,entity_0980,entity_0980,entity_0327,train
pair_002250,demo,entity_0263,entity_0264,1,entity_0264,entity_0263,entity_0263,entity_0264,train
pair_002251,demo,entity_0981,entity_0990,1,entity_0990,entity_0981,entity_0981,entity_0990,train
pair_002252,query,entity_0008,entity_0560,0,entity_0560,entity_0008,entity_0008,entity_0560,test
pair_002253,query,entity_0466,entity_0468,1,entity_0466,entity_0468,entity_0468,entity_0466,test
pair_002254,demo,entity_0724,entity_0725,1,entity_0725,entity_0724,entity_0724,entity_0725,train
pair_002255,query,entity_0627,entity_0671,0,entity_0627,entity_0671,entity_0671,entity_0627,test
pair_002256,demo,entity_0111,entity_0112,1,entity_0112,entity_0111,entity_0111,entity_0112,train
pair_002257,query,entity_0116,entity_0118,1,entity_0116,entity_0118,entity_0118,entity_0116,test
pair_002258,query,entity_0653,entity_0657,1,entity_0657,entity_0653,entity_0653,entity_0657,test
pair_002259,query,entity_0008,entity_0802,0,entity_0008,entity_0802,entity_0802,entity_0008,validation
pair_002260,query,entity_0253,entity_0257,1,entity_0257,entity_0253,entity_0253,entity_0257,test
pair_002261,query,entity_0290,entity_0752,0,entity_0290,entity_0752,entity_0752,entity_0290,validation
pair_002262,demo,entity_0252,entity_0253,1,entity_0253,entity_0252,entity_0252,entity_0253,train
pair_002263,query,entity_0165,entity_0414,0,entity_0414,entity_0165,entity_0165,entity_0414,validation
pair_002264,query,entity_0301,entity_0916,0,entity_0301,entity_0916,entity_0916,entity_0301,test
pair_002265,query,entity_0653,entity_0983,0,entity_0983,entity_0653,entity_0653,entity_0983,validation
pair_002266,query,entity_0296,entity_0992,0,entity_0296,entity_0992,entity_0992,entity_0296,test
pair_002267,demo,entity_0855,entity_0859,1,entity_0855,entity_0859,entity_0859,entity_0855,train
pair_002268,demo,entity_0042,entity_0046,1,entity_0042,entity_0046,entity_0046,entity_0042,train
pair_002269,query,entity_0060,entity_0446,0,entity_0060,entity_0446,entity_0446,entity_0060,validation
pair_002270,demo,entity_0168,entity_0960,0,entity_0960,entity_0168,entity_0168,entity_0960,train
pair_002271,query,entity_0005,entity_0039,0,entity_0005,entity_0039,entity_0039,entity_0005,test
pair_002272,query,entity_0530,entity_0600,0,entity_0600,entity_0530,entity_0530,entity_0600,test
pair_002273,query,entity_0346,entity_0785,0,entity_0346,entity_0785,entity_0785,entity_0346,validation
pair_002274,query,entity_0250,entity_0256,0,entity_0250,entity_0256,entity_0256,entity_0250,test
pair_002275,query,entity_0183,entity_0437,0,entity_0183,entity_0437,entity_0437,entity_0183,test
pair_002276,demo,entity_0181,entity_0186,1,entity_0186,entity_0181,entity_0181,entity_0186,train
pair_002277,demo,entity_0248,entity_0249,1,entity_0249,entity_0248,entity_0248,entity_0249,train
pair_002278,demo,entity_0267,entity_0269,1,entity_0267,entity_0269,entity_0269,entity_0267,train
pair_002279,demo,entity_0206,entity_0399,0,entity_0206,entity_0399,entity_0399,entity_0206,train
pair_002280,query,entity_0551,entity_0556,1,entity_0551,entity_0556,entity_0556,entity_0551,test
pair_002281,query,entity_0617,entity_0900,0,entity_0617,entity_0900,entity_0900,entity_0617,test
pair_002282,demo,entity_0036,entity_0038,1,entity_0036,entity_0038,entity_0038,entity_0036,train
pair_002283,demo,entity_0087,entity_0672,0,entity_0087,entity_0672,entity_0672,entity_0087,train
pair_002284,query,entity_0528,entity_0890,0,entity_0890,entity_0528,entity_0528,entity_0890,validation
pair_002285,query,entity_0634,entity_0637,1,entity_0634,entity_0637,entity_0637,entity_0634,validation
pair_002286,demo,entity_0085,entity_0104,0,entity_0085,entity_0104,entity_0104,entity_0085,train
pair_002287,query,entity_0732,entity_0733,1,entity_0732,entity_0733,entity_0733,entity_0732,test
pair_002288,query,entity_0482,entity_0709,0,entity_0482,entity_0709,entity_0709,entity_0482,test
pair_002289,demo,entity_0433,entity_0436,1,entity_0436,entity_0433,entity_0433,entity_0436,train
pair_002290,demo,entity_0633,entity_0851,0,entity_0851,entity_0633,entity_0633,entity_0851,train
pair_002291,query,entity_0946,entity_0957,0,entity_0946,entity_0957,entity_0957,entity_0946,test
pair_002292,query,entity_0986,entity_0990,1,entity_0986,entity_0990,entity_0990,entity_0986,test
pair_002293,demo,entity_0503,entity_0509,1,entity_0509,entity_0503,entity_0503,entity_0509,train
pair_002294,query,entity_0423,entity_0892,0,entity_0892,entity_0423,entity_0423,entity_0892,test
pair_002295,query,entity_0629,entity_0630,1,entity_0630,entity_0629,entity_0629,entity_0630,validation
pair_002296,demo,entity_0575,entity_0579,1,entity_0579,entity_0575,entity_0575,entity_0579,train
pair_002297,query,entity_0763,entity_0766,1,entity_0763,entity_0766,entity_0766,entity_0763,test
pair_002298,query,entity_0098,entity_0551,0,entity_0098,entity_0551,entity_0551,entity_0098,validation
pair_002299,query,entity_0280,entity_0828,0,entity_0828,entity_0280,entity_0280,entity_0828,test
pair_002300,query,entity_0752,entity_0754,1,entity_0752,entity_0754,entity_0754,entity_0752,test
pair_002301,demo,entity_0067,entity_0070,1,entity_0070,entity_0067,entity_0067,entity_0070,train
pair_002302,query,entity_0241,entity_0249,1,entity_0249,entity_0241,entity_0241,entity_0249,test
pair_002303,query,entity_0307,entity_0560,0,entity_0307,entity_0560,entity_0560,entity_0307,test
pair_002304,demo,entity_0872,entity_0876,1,entity_0872,entity_0876,entity_0876,entity_0872,train
pair_002305,demo,entity_0835,entity_0840,1,entity_0840,entity_0835,entity_0835,entity_0840,train
pair_002306,query,entity_0895,entity_0902,0,entity_0895,entity_0902,entity_0902,entity_0895,test
pair_002307,demo,entity_0649,entity_0658,0,entity_0658,entity_0649,entity_0649,entity_0658,train
pair_002308,query,entity_0964,entity_0969,1,entity_0969,entity_0964,entity_0964,entity_0969,test
pair_002309,demo,entity_0667,entity_0668,1,entity_0667,entity_0668,entity_0668,entity_0667,train
pair_002310,demo,entity_0301,entity_0518,0,entity_0301,entity_0518,entity_0518,entity_0301,train
pair_002311,demo,entity_0052,entity_0715,0,entity_0052,entity_0715,entity_0715,entity_0052,train
pair_002312,query,entity_0153,entity_0733,0,entity_0153,entity_0733,entity_0733,entity_0153,test
pair_002313,demo,entity_0105,entity_0109,1,entity_0109,entity_0105,entity_0105,entity_0109,train
pair_002314,demo,entity_0211,entity_0212,1,entity_0211,entity_0212,entity_0212,entity_0211,train
pair_002315,demo,entity_0022,entity_0026,1,entity_0026,entity_0022,entity_0022,entity_0026,train
pair_002316,query,entity_0047,entity_0479,0,entity_0479,entity_0047,entity_0047,entity_0479,test
pair_002317,demo,entity_0035,entity_0040,1,entity_0040,entity_0035,entity_0035,entity_0040,train
pair_002318,demo,entity_0355,entity_0533,0,entity_0533,entity_0355,entity_0355,entity_0533,train
pair_002319,query,entity_0973,entity_0976,1,entity_0976,entity_0973,entity_0973,entity_0976,validation
pair_002320,demo,entity_0165,entity_0499,0,entity_0499,entity_0165,entity_0165,entity_0499,train
pair_002321,demo,entity_0249,entity_0583,0,entity_0249,entity_0583,entity_0583,entity_0249,train
pair_002322,query,entity_0544,entity_0550,1,entity_0550,entity_0544,entity_0544,entity_0550,test
pair_002323,query,entity_0178,entity_0789,0,entity_0789,entity_0178,entity_0178,entity_0789,test
pair_002324,demo,entity_0842,entity_0925,0,entity_0925,entity_0842,entity_0842,entity_0925,train
pair_002325,query,entity_0098,entity_0799,0,entity_0098,entity_0799,entity_0799,entity_0098,test
pair_002326,query,entity_0274,entity_0278,1,entity_0278,entity_0274,entity_0274,entity_0278,test
pair_002327,demo,entity_0841,entity_0956,0,entity_0956,entity_0841,entity_0841,entity_0956,train
pair_002328,query,entity_0563,entity_0735,0,entity_0563,entity_0735,entity_0735,entity_0563,test
pair_002329,query,entity_0856,entity_0860,1,entity_0856,entity_0860,entity_0860,entity_0856,test
pair_002330,query,entity_0681,entity_0687,1,entity_0687,entity_0681,entity_0681,entity_0687,test
pair_002331,demo,entity_0719,entity_0720,1,entity_0720,entity_0719,entity_0719,entity_0720,train
pair_002332,query,entity_0558,entity_0560,1,entity_0558,entity_0560,entity_0560,entity_0558,test
pair_002333,query,entity_0791,entity_0797,1,entity_0791,entity_0797,entity_0797,entity_0791,test
pair_002334,demo,entity_0198,entity_0839,0,entity_0839,entity_0198,entity_0198,entity_0839,train
pair_002335,query,entity_0752,entity_0963,0,entity_0963,entity_0752,entity_0752,entity_0963,test
pair_002336,demo,entity_0123,entity_0561,0,entity_0561,entity_0123,entity_0123,entity_0561,train
pair_002337,query,entity_0171,entity_0932,0,entity_0932,entity_0171,entity_0171,entity_0932,test
pair_002338,demo,entity_0791,entity_0945,0,entity_0945,entity_0791,entity_0791,entity_0945,train
pair_002339,query,entity_0807,entity_0808,1,entity_0807,entity_0808,entity_0808,entity_0807,test
pair_002340,query,entity_0029,entity_0516,0,entity_0516,entity_0029,entity_0029,entity_0516,test
pair_002341,query,entity_0612,entity_0615,1,entity_0612,entity_0615,entity_0615,entity_0612,validation
pair_002342,demo,entity_0462,entity_0469,1,entity_0462,entity_0469,entity_0469,entity_0462,train
pair_002343,query,entity_0288,entity_0896,0,entity_0896,entity_0288,entity_0288,entity_0896,test
pair_002344,demo,entity_0308,entity_0309,1,entity_0309,entity_0308,entity_0308,entity_0309,train
pair_002345,demo,entity_0441,entity_0447,1,entity_0441,entity_0447,entity_0447,entity_0441,train
pair_002346,demo,entity_0126,entity_0457,0,entity_0126,entity_0457,entity_0457,entity_0126,train
pair_002347,demo,entity_0354,entity_0358,1,entity_0354,entity_0358,entity_0358,entity_0354,train
pair_002348,demo,entity_0022,entity_0024,1,entity_0022,entity_0024,entity_0024,entity_0022,train
pair_002349,demo,entity_0506,entity_0507,1,entity_0507,entity_0506,entity_0506,entity_0507,train
pair_002350,demo,entity_0199,entity_0712,0,entity_0712,entity_0199,entity_0199,entity_0712,train
pair_002351,demo,entity_0434,entity_0859,0,entity_0859,entity_0434,entity_0434,entity_0859,train
pair_002352,demo,entity_0320,entity_0599,0,entity_0599,entity_0320,entity_0320,entity_0599,train
pair_002353,query,entity_0682,entity_0758,0,entity_0758,entity_0682,entity_0682,entity_0758,test
pair_002354,demo,entity_0828,entity_0994,0,entity_0828,entity_0994,entity_0994,entity_0828,train
pair_002355,demo,entity_0821,entity_0824,1,entity_0821,entity_0824,entity_0824,entity_0821,train
pair_002356,query,entity_0475,entity_0557,0,entity_0475,entity_0557,entity_0557,entity_0475,validation
pair_002357,demo,entity_0671,entity_0679,1,entity_0671,entity_0679,entity_0679,entity_0671,train
pair_002358,query,entity_0701,entity_0821,0,entity_0821,entity_0701,entity_0701,entity_0821,test
pair_002359,query,entity_0088,entity_0380,0,entity_0088,entity_0380,entity_0380,entity_0088,test
pair_002360,query,entity_0431,entity_0961,0,entity_0961,entity_0431,entity_0431,entity_0961,validation
pair_002361,query,entity_0965,entity_0969,1,entity_0965,entity_0969,entity_0969,entity_0965,test
pair_002362,query,entity_0183,entity_0367,0,entity_0367,entity_0183,entity_0183,entity_0367,test
pair_002363,query,entity_0456,entity_0457,1,entity_0456,entity_0457,entity_0457,entity_0456,test
pair_002364,demo,entity_0712,entity_0868,0,entity_0712,entity_0868,entity_0868,entity_0712,train
pair_002365,query,entity_0193,entity_0199,1,entity_0193,entity_0199,entity_0199,entity_0193,test
pair_002366,query,entity_0043,entity_0376,0,entity_0376,entity_0043,entity_0043,entity_0376,validation
pair_002367,query,entity_0053,entity_0410,0,entity_0410,entity_0053,entity_0053,entity_0410,test
pair_002368,demo,entity_0153,entity_0155,1,entity_0155,entity_0153,entity_0153,entity_0155,train
pair_002369,demo,entity_0211,entity_0219,1,entity_0211,entity_0219,entity_0219,entity_0211,train
pair_002370,query,entity_0105,entity_0106,1,entity_0106,entity_0105,entity_0105,entity_0106,test
pair_002371,query,entity_0420,entity_0838,0,entity_0838,entity_0420,entity_0420,entity_0838,test
pair_002372,demo,entity_0452,entity_0460,1,entity_0460,entity_0452,entity_0452,entity_0460,train
pair_002373,query,entity_0124,entity_0199,0,entity_0199,entity_0124,entity_0124,entity_0199,test
pair_002374,demo,entity_0217,entity_0845,0,entity_0217,entity_0845,entity_0845,entity_0217,train
pair_002375,query,entity_0313,entity_0557,0,entity_0557,entity_0313,entity_0313,entity_0557,test
pair_002376,query,entity_0276,entity_0971,0,entity_0971,entity_0276,entity_0276,entity_0971,test
pair_002377,query,entity_0606,entity_0959,0,entity_0606,entity_0959,entity_0959,entity_0606,test
pair_002378,demo,entity_0172,entity_0180,1,entity_0180,entity_0172,entity_0172,entity_0180,train
pair_002379,query,entity_0506,entity_0510,1,entity_0510,entity_0506,entity_0506,entity_0510,test
pair_002380,query,entity_0024,entity_0742,0,entity_0742,entity_0024,entity_0024,entity_0742,test
pair_002381,query,entity_0494,entity_0679,0,entity_0679,entity_0494,entity_0494,entity_0679,test
pair_002382,query,entity_0446,entity_0668,0,entity_0446,entity_0668,entity_0668,entity_0446,test
pair_002383,demo,entity_0253,entity_0260,1,entity_0260,entity_0253,entity_0253,entity_0260,train
pair_002384,query,entity_0812,entity_0816,1,entity_0812,entity_0816,entity_0816,entity_0812,test
pair_002385,demo,entity_0562,entity_0565,1,entity_0562,entity_0565,entity_0565,entity_0562,train
pair_002386,query,entity_0025,entity_0564,0,entity_0025,entity_0564,entity_0564,entity_0025,test
pair_002387,query,entity_0174,entity_0179,1,entity_0174,entity_0179,entity_0179,entity_0174,test
pair_002388,query,entity_0040,entity_0896,0,entity_0040,entity_0896,entity_0896,entity_0040,test
pair_002389,query,entity_0687,entity_0689,1,entity_0687,entity_0689,entity_0689,entity_0687,test
pair_002390,demo,entity_0896,entity_0899,1,entity_0899,entity_0896,entity_0896,entity_0899,train
pair_002391,demo,entity_0326,entity_0685,0,entity_0326,entity_0685,entity_0685,entity_0326,train
pair_002392,demo,entity_0342,entity_0347,1,entity_0342,entity_0347,entity_0347,entity_0342,train
pair_002393,demo,entity_0994,entity_0996,1,entity_0994,entity_0996,entity_0996,entity_0994,train
pair_002394,demo,entity_0535,entity_0636,0,entity_0636,entity_0535,entity_0535,entity_0636,train
pair_002395,query,entity_0522,entity_0989,0,entity_0989,entity_0522,entity_0522,entity_0989,test
pair_002396,query,entity_0330,entity_0962,0,entity_0962,entity_0330,entity_0330,entity_0962,test
pair_002397,query,entity_0286,entity_0846,0,entity_0286,entity_0846,entity_0846,entity_0286,test
pair_002398,query,entity_0264,entity_0523,0,entity_0523,entity_0264,entity_0264,entity_0523,validation
pair_002399,query,entity_0505,entity_0553,0,entity_0505,entity_0553,entity_0553,entity_0505,test
pair_002400,demo,entity_0193,entity_0200,1,entity_0200,entity_0193,entity_0193,entity_0200,train
pair_002401,demo,entity_0235,entity_0911,0,entity_0235,entity_0911,entity_0911,entity_0235,train
pair_002402,demo,entity_0227,entity_0385,0,entity_0385,entity_0227,entity_0227,entity_0385,train
pair_002403,demo,entity_0794,entity_0805,0,entity_0805,entity_0794,entity_0794,entity_0805,train
pair_002404,query,entity_0170,entity_0688,0,entity_0688,entity_0170,entity_0170,entity_0688,test
pair_002405,query,entity_0223,entity_0228,1,entity_0228,entity_0223,entity_0223,entity_0228,validation
pair_002406,demo,entity_0054,entity_0063,0,entity_0063,entity_0054,entity_0054,entity_0063,train
pair_002407,query,entity_0086,entity_0451,0,entity_0451,entity_0086,entity_0086,entity_0451,test
pair_002408,query,entity_0414,entity_0417,1,entity_0417,entity_0414,entity_0414,entity_0417,validation
pair_002409,query,entity_0077,entity_0875,0,entity_0875,entity_0077,entity_0077,entity_0875,test
pair_002410,demo,entity_0437,entity_0517,0,entity_0437,entity_0517,entity_0517,entity_0437,train
pair_002411,demo,entity_0977,entity_0979,1,entity_0977,entity_0979,entity_0979,entity_0977,train
pair_002412,demo,entity_0144,entity_0264,0,entity_0144,entity_0264,entity_0264,entity_0144,train
pair_002413,query,entity_0016,entity_0913,0,entity_0016,entity_0913,entity_0913,entity_0016,test
pair_002414,demo,entity_0600,entity_0714,0,entity_0600,entity_0714,entity_0714,entity_0600,train
pair_002415,demo,entity_0174,entity_0295,0,entity_0174,entity_0295,entity_0295,entity_0174,train
pair_002416,demo,entity_0048,entity_0050,1,entity_0048,entity_0050,entity_0050,entity_0048,train
pair_002417,demo,entity_0932,entity_0937,1,entity_0937,entity_0932,entity_0932,entity_0937,train
pair_002418,demo,entity_0862,entity_0864,1,entity_0864,entity_0862,entity_0862,entity_0864,train
pair_002419,query,entity_0495,entity_0713,0,entity_0495,entity_0713,entity_0713,entity_0495,test
pair_002420,query,entity_0790,entity_0984,0,entity_0790,entity_0984,entity_0984,entity_0790,test
pair_002421,query,entity_0188,entity_0190,1,entity_0188,entity_0190,entity_0190,entity_0188,test
pair_002422,query,entity_0603,entity_0922,0,entity_0603,entity_0922,entity_0922,entity_0603,validation
pair_002423,demo,entity_0961,entity_0966,1,entity_0961,entity_0966,entity_0966,entity_0961,train
pair_002424,query,entity_0324,entity_0325,1,entity_0325,entity_0324,entity_0324,entity_0325,test
pair_002425,demo,entity_0868,entity_0870,1,entity_0868,entity_0870,entity_0870,entity_0868,train
pair_002426,demo,entity_0931,entity_0933,1,entity_0931,entity_0933,entity_0933,entity_0931,train
pair_002427,demo,entity_0483,entity_0600,0,entity_0483,entity_0600,entity_0600,entity_0483,train
pair_002428,demo,entity_0010,entity_0904,0,entity_0010,entity_0904,entity_0904,entity_0010,train
pair_002429,demo,entity_0113,entity_0120,1,entity_0120,entity_0113,entity_0113,entity_0120,train
pair_002430,query,entity_0108,entity_0109,1,entity_0109,entity_0108,entity_0108,entity_0109,test
pair_002431,query,entity_0398,entity_0997,0,entity_0398,entity_0997,entity_0997,entity_0398,test
pair_002432,demo,entity_0042,entity_0780,0,entity_0780,entity_0042,entity_0042,entity_0780,train
pair_002433,query,entity_0325,entity_0847,0,entity_0325,entity_0847,entity_0847,entity_0325,validation
pair_002434,query,entity_0195,entity_0198,1,entity_0195,entity_0198,entity_0198,entity_0195,test
pair_002435,query,entity_0621,entity_0628,1,entity_0628,entity_0621,entity_0621,entity_0628,test
pair_002436,query,entity_0354,entity_0357,1,entity_0354,entity_0357,entity_0357,entity_0354,test
pair_002437,query,entity_0147,entity_0715,0,entity_0715,entity_0147,entity_0147,entity_0715,test
pair_002438,query,entity_0120,entity_0582,0,entity_0120,entity_0582,entity_0582,entity_0120,test
pair_002439,demo,entity_0116,entity_0120,1,entity_0116,entity_0120,entity_0120,entity_0116,train
pair_002440,demo,entity_0300,entity_0967,0,entity_0300,entity_0967,entity_0967,entity_0300,train
pair_002441,demo,entity_0385,entity_0390,1,entity_0390,entity_0385,entity_0385,entity_0390,train
pair_002442,query,entity_0868,entity_0872,0,entity_0868,entity_0872,entity_0872,entity_0868,test
pair_002443,demo,entity_0236,entity_0237,1,entity_0237,entity_0236,entity_0236,entity_0237,train
pair_002444,query,entity_0088,entity_0090,1,entity_0090,entity_0088,entity_0088,entity_0090,test
pair_002445,demo,entity_0167,entity_0351,0,entity_0167,entity_0351,entity_0351,entity_0167,train
pair_002446,demo,entity_0378,entity_0379,1,entity_0379,entity_0378,entity_0378,entity_0379,train
pair_002447,demo,entity_0590,entity_0689,0,entity_0590,entity_0689,entity_0689,entity_0590,train
pair_002448,demo,entity_0220,entity_0323,0,entity_0323,entity_0220,entity_0220,entity_0323,train
pair_002449,demo,entity_0195,entity_0802,0,entity_0802,entity_0195,entity_0195,entity_0802,train
pair_002450,demo,entity_0489,entity_0522,0,entity_0522,entity_0489,entity_0489,entity_0522,train
pair_002451,query,entity_0034,entity_0145,0,entity_0145,entity_0034,entity_0034,entity_0145,test
pair_002452,query,entity_0831,entity_0832,1,entity_0832,entity_0831,entity_0831,entity_0832,test
pair_002453,demo,entity_0394,entity_0872,0,entity_0872,entity_0394,entity_0394,entity_0872,train
pair_002454,demo,entity_0821,entity_0822,1,entity_0822,entity_0821,entity_0821,entity_0822,train
pair_002455,demo,entity_0801,entity_0807,1,entity_0801,entity_0807,entity_0807,entity_0801,train
pair_002456,query,entity_0282,entity_0858,0,entity_0282,entity_0858,entity_0858,entity_0282,test
pair_002457,demo,entity_0404,entity_0432,0,entity_0404,entity_0432,entity_0432,entity_0404,train
pair_002458,demo,entity_0681,entity_0682,1,entity_0682,entity_0681,entity_0681,entity_0682,train
pair_002459,demo,entity_0214,entity_0219,1,entity_0214,entity_0219,entity_0219,entity_0214,train
pair_002460,query,entity_0352,entity_0353,1,entity_0353,entity_0352,entity_0352,entity_0353,validation
pair_002461,query,entity_0102,entity_0534,0,entity_0102,entity_0534,entity_0534,entity_0102,test
pair_002462,demo,entity_0408,entity_0587,0,entity_0408,entity_0587,entity_0587,entity_0408,train
pair_002463,demo,entity_0413,entity_0416,1,entity_0413,entity_0416,entity_0416,entity_0413,train
pair_002464,demo,entity_0470,entity_0687,0,entity_0470,entity_0687,entity_0687,entity_0470,train
pair_002465,demo,entity_0447,entity_0570,0,entity_0570,entity_0447,entity_0447,entity_0570,train
pair_002466,query,entity_0642,entity_0904,0,entity_0642,entity_0904,entity_0904,entity_0642,test
pair_002467,query,entity_0094,entity_0099,1,entity_0094,entity_0099,entity_0099,entity_0094,test
pair_002468,query,entity_0163,entity_0406,0,entity_0163,entity_0406,entity_0406,entity_0163,test
pair_002469,demo,entity_0205,entity_0708,0,entity_0205,entity_0708,entity_0708,entity_0205,train
pair_002470,demo,entity_0942,entity_0949,1,entity_0949,entity_0942,entity_0942,entity_0949,train
pair_002471,query,entity_0852,entity_0857,1,entity_0852,entity_0857,entity_0857,entity_0852,test
pair_002472,query,entity_0281,entity_0289,1,entity_0289,entity_0281,entity_0281,entity_0289,test
pair_002473,demo,entity_0029,entity_0564,0,entity_0564,entity_0029,entity_0029,entity_0564,train
pair_002474,demo,entity_0043,entity_0508,0,entity_0043,entity_0508,entity_0508,entity_0043,train
pair_002475,query,entity_0181,entity_0182,1,entity_0182,entity_0181,entity_0181,entity_0182,test
pair_002476,query,entity_0117,entity_0719,0,entity_0117,entity_0719,entity_0719,entity_0117,test
pair_002477,query,entity_0384,entity_0389,1,entity_0389,entity_0384,entity_0384,entity_0389,test
pair_002478,demo,entity_0625,entity_0628,1,entity_0628,entity_0625,entity_0625,entity_0628,train
pair_002479,demo,entity_0583,entity_0638,0,entity_0583,entity_0638,entity_0638,entity_0583,train
pair_002480,demo,entity_0630,entity_0963,0,entity_0630,entity_0963,entity_0963,entity_0630,train
pair_002481,query,entity_0824,entity_0854,0,entity_0824,entity_0854,entity_0854,entity_0824,validation
pair_002482,demo,entity_0419,entity_0494,0,entity_0419,entity_0494,entity_0494,entity_0419,train
pair_002483,query,entity_0757,entity_0759,1,entity_0757,entity_0759,entity_0759,entity_0757,test
pair_002484,demo,entity_0211,entity_0216,1,entity_0211,entity_0216,entity_0216,entity_0211,train
pair_002485,query,entity_0893,entity_0898,1,entity_0893,entity_0898,entity_0898,entity_0893,validation
pair_002486,demo,entity_0653,entity_0660,1,entity_0653,entity_0660,entity_0660,entity_0653,train
pair_002487,query,entity_0682,entity_0689,1,entity_0689,entity_0682,entity_0682,entity_0689,test
pair_002488,query,entity_0010,entity_0171,0,entity_0010,entity_0171,entity_0171,entity_0010,validation
pair_002489,query,entity_0204,entity_0206,1,entity_0206,entity_0204,entity_0204,entity_0206,test
pair_002490,demo,entity_0655,entity_0681,0,entity_0681,entity_0655,entity_0655,entity_0681,train
pair_002491,query,entity_0981,entity_0982,1,entity_0981,entity_0982,entity_0982,entity_0981,test
pair_002492,demo,entity_0454,entity_0828,0,entity_0454,entity_0828,entity_0828,entity_0454,train
pair_002493,demo,entity_0395,entity_0400,1,entity_0400,entity_0395,entity_0395,entity_0400,train
pair_002494,demo,entity_0745,entity_0746,1,entity_0746,entity_0745,entity_0745,entity_0746,train
pair_002495,demo,entity_0181,entity_0189,1,entity_0181,entity_0189,entity_0189,entity_0181,train
pair_002496,demo,entity_0514,entity_0519,1,entity_0514,entity_0519,entity_0519,entity_0514,train
pair_002497,demo,entity_0017,entity_0020,1,entity_0017,entity_0020,entity_0020,entity_0017,train
pair_002498,demo,entity_0323,entity_0976,0,entity_0323,entity_0976,entity_0976,entity_0323,train
pair_002499,query,entity_0353,entity_0521,0,entity_0353,entity_0521,entity_0521,entity_0353,test
pair_002500,query,entity_0509,entity_0510,1,entity_0509,entity_0510,entity_0510,entity_0509,validation
pair_002501,demo,entity_0700,entity_0814,0,entity_0700,entity_0814,entity_0814,entity_0700,train
pair_002502,demo,entity_0121,entity_0123,1,entity_0121,entity_0123,entity_0123,entity_0121,train
pair_002503,query,entity_0472,entity_0473,1,entity_0473,entity_0472,entity_0472,entity_0473,test
pair_002504,query,entity_0746,entity_0747,1,entity_0747,entity_0746,entity_0746,entity_0747,test
pair_002505,query,entity_0216,entity_0736,0,entity_0736,entity_0216,entity_0216,entity_0736,test
pair_002506,query,entity_0645,entity_0923,0,entity_0923,entity_0645,entity_0645,entity_0923,test
pair_002507,demo,entity_0164,entity_0625,0,entity_0164,entity_0625,entity_0625,entity_0164,train
pair_002508,demo,entity_0297,entity_0298,1,entity_0297,entity_0298,entity_0298,entity_0297,train
pair_002509,query,entity_0251,entity_0252,1,entity_0251,entity_0252,entity_0252,entity_0251,validation
pair_002510,query,entity_0585,entity_0873,0,entity_0873,entity_0585,entity_0585,entity_0873,validation
pair_002511,query,entity_0101,entity_0275,0,entity_0275,entity_0101,entity_0101,entity_0275,validation
pair_002512,query,entity_0654,entity_0906,0,entity_0654,entity_0906,entity_0906,entity_0654,test
pair_002513,query,entity_0528,entity_0924,0,entity_0924,entity_0528,entity_0528,entity_0924,test
pair_002514,query,entity_0178,entity_0758,0,entity_0758,entity_0178,entity_0178,entity_0758,test
pair_002515,demo,entity_0571,entity_0578,1,entity_0571,entity_0578,entity_0578,entity_0571,train
pair_002516,query,entity_0464,entity_0837,0,entity_0464,entity_0837,entity_0837,entity_0464,test
pair_002517,demo,entity_0118,entity_0451,0,entity_0451,entity_0118,entity_0118,entity_0451,train
pair_002518,query,entity_0208,entity_0964,0,entity_0964,entity_0208,entity_0208,entity_0964,test
pair_002519,demo,entity_0665,entity_0740,0,entity_0665,entity_0740,entity_0740,entity_0665,train
pair_002520,demo,entity_0061,entity_0065,1,entity_0061,entity_0065,entity_0065,entity_0061,train
pair_002521,demo,entity_0131,entity_0631,0,entity_0631,entity_0131,entity_0131,entity_0631,train
pair_002522,demo,entity_0911,entity_0920,1,entity_0911,entity_0920,entity_0920,entity_0911,train
pair_002523,query,entity_0933,entity_0939,1,entity_0939,entity_0933,entity_0933,entity_0939,test
pair_002524,demo,entity_0711,entity_0720,1,entity_0711,entity_0720,entity_0720,entity_0711,train
pair_002525,query,entity_0548,entity_0646,0,entity_0646,entity_0548,entity_0548,entity_0646,test
pair_002526,query,entity_0702,entity_0709,1,entity_0702,entity_0709,entity_0709,entity_0702,test
pair_002527,demo,entity_0490,entity_0595,0,entity_0595,entity_0490,entity_0490,entity_0595,train
pair_002528,demo,entity_0725,entity_0763,0,entity_0763,entity_0725,entity_0725,entity_0763,train
pair_002529,query,entity_0633,entity_0639,1,entity_0639,entity_0633,entity_0633,entity_0639,test
pair_002530,query,entity_0242,entity_0243,1,entity_0242,entity_0243,entity_0243,entity_0242,test
pair_002531,query,entity_0715,entity_0716,1,entity_0715,entity_0716,entity_0716,entity_0715,test
pair_002532,demo,entity_0211,entity_0239,0,entity_0211,entity_0239,entity_0239,entity_0211,train
pair_002533,demo,entity_0896,entity_0900,1,entity_0896,entity_0900,entity_0900,entity_0896,train
pair_002534,query,entity_0133,entity_0136,1,entity_0133,entity_0136,entity_0136,entity_0133,test
pair_002535,demo,entity_0028,entity_0029,1,entity_0029,entity_0028,entity_0028,entity_0029,train
pair_002536,query,entity_0343,entity_0348,1,entity_0348,entity_0343,entity_0343,entity_0348,test
pair_002537,demo,entity_0257,entity_0888,0,entity_0888,entity_0257,entity_0257,entity_0888,train
pair_002538,demo,entity_0933,entity_0934,1,entity_0933,entity_0934,entity_0934,entity_0933,train
pair_002539,query,entity_0293,entity_0299,1,entity_0293,entity_0299,entity_0299,entity_0293,validation
pair_002540,demo,entity_0123,entity_0761,0,entity_0761,entity_0123,entity_0123,entity_0761,train
pair_002541,demo,entity_0131,entity_0177,0,entity_0131,entity_0177,entity_0177,entity_0131,train
pair_002542,demo,entity_0812,entity_0951,0,entity_0951,entity_0812,entity_0812,entity_0951,train
pair_002543,demo,entity_0007,entity_0931,0,entity_0931,entity_0007,entity_0007,entity_0931,train
pair_002544,demo,entity_0252,entity_0256,1,entity_0252,entity_0256,entity_0256,entity_0252,train
pair_002545,query,entity_0044,entity_0344,0,entity_0044,entity_0344,entity_0344,entity_0044,test
pair_002546,query,entity_0507,entity_0611,0,entity_0507,entity_0611,entity_0611,entity_0507,test
pair_002547,demo,entity_0823,entity_0828,1,entity_0823,entity_0828,entity_0828,entity_0823,train
pair_002548,query,entity_0770,entity_0796,0,entity_0796,entity_0770,entity_0770,entity_0796,test
pair_002549,query,entity_0288,entity_0290,1,entity_0290,entity_0288,entity_0288,entity_0290,validation
pair_002550,demo,entity_0453,entity_0455,1,entity_0453,entity_0455,entity_0455,entity_0453,train
pair_002551,query,entity_0494,entity_0500,1,entity_0494,entity_0500,entity_0500,entity_0494,validation
pair_002552,demo,entity_0213,entity_0451,0,entity_0451,entity_0213,entity_0213,entity_0451,train
pair_002553,query,entity_0014,entity_0100,0,entity_0014,entity_0100,entity_0100,entity_0014,test
pair_002554,demo,entity_0441,entity_0528,0,entity_0441,entity_0528,entity_0528,entity_0441,train
pair_002555,demo,entity_0814,entity_0817,1,entity_0817,entity_0814,entity_0814,entity_0817,train
pair_002556,demo,entity_0402,entity_0405,1,entity_0405,entity_0402,entity_0402,entity_0405,train
pair_002557,demo,entity_0692,entity_0699,1,entity_0699,entity_0692,entity_0692,entity_0699,train
pair_002558,query,entity_0546,entity_0812,0,entity_0546,entity_0812,entity_0812,entity_0546,test
pair_002559,demo,entity_0055,entity_0821,0,entity_0055,entity_0821,entity_0821,entity_0055,train
pair_002560,query,entity_0847,entity_0850,1,entity_0850,entity_0847,entity_0847,entity_0850,test
pair_002561,demo,entity_0372,entity_0380,1,entity_0372,entity_0380,entity_0380,entity_0372,train
pair_002562,demo,entity_0548,entity_0833,0,entity_0548,entity_0833,entity_0833,entity_0548,train
pair_002563,query,entity_0463,entity_0470,1,entity_0463,entity_0470,entity_0470,entity_0463,validation
pair_002564,demo,entity_0374,entity_0380,1,entity_0374,entity_0380,entity_0380,entity_0374,train
pair_002565,query,entity_0458,entity_0633,0,entity_0458,entity_0633,entity_0633,entity_0458,test
pair_002566,demo,entity_0471,entity_0479,1,entity_0479,entity_0471,entity_0471,entity_0479,train
pair_002567,query,entity_0115,entity_0119,1,entity_0119,entity_0115,entity_0115,entity_0119,test
pair_002568,demo,entity_0335,entity_0538,0,entity_0335,entity_0538,entity_0538,entity_0335,train
pair_002569,query,entity_0355,entity_0508,0,entity_0355,entity_0508,entity_0508,entity_0355,test
pair_002570,demo,entity_0626,entity_0628,1,entity_0628,entity_0626,entity_0626,entity_0628,train
pair_002571,query,entity_0242,entity_0818,0,entity_0242,entity_0818,entity_0818,entity_0242,test
pair_002572,query,entity_0735,entity_0968,0,entity_0968,entity_0735,entity_0735,entity_0968,validation
pair_002573,query,entity_0450,entity_0514,0,entity_0450,entity_0514,entity_0514,entity_0450,test
pair_002574,demo,entity_0483,entity_0487,1,entity_0483,entity_0487,entity_0487,entity_0483,train
pair_002575,query,entity_0189,entity_0633,0,entity_0189,entity_0633,entity_0633,entity_0189,test
pair_002576,demo,entity_0096,entity_0780,0,entity_0096,entity_0780,entity_0780,entity_0096,train
pair_002577,query,entity_0223,entity_0224,1,entity_0223,entity_0224,entity_0224,entity_0223,test
pair_002578,query,entity_0565,entity_0839,0,entity_0839,entity_0565,entity_0565,entity_0839,test
pair_002579,query,entity_0221,entity_0540,0,entity_0540,entity_0221,entity_0221,entity_0540,test
pair_002580,demo,entity_0237,entity_0238,1,entity_0237,entity_0238,entity_0238,entity_0237,train
pair_002581,demo,entity_0553,entity_0555,1,entity_0553,entity_0555,entity_0555,entity_0553,train
pair_002582,query,entity_0392,entity_0395,1,entity_0395,entity_0392,entity_0392,entity_0395,test
pair_002583,query,entity_0676,entity_0717,0,entity_0676,entity_0717,entity_0717,entity_0676,test
pair_002584,query,entity_0665,entity_0695,0,entity_0665,entity_0695,entity_0695,entity_0665,test
pair_002585,query,entity_0006,entity_0717,0,entity_0717,entity_0006,entity_0006,entity_0717,validation
pair_002586,demo,entity_0003,entity_0007,1,entity_0003,entity_0007,entity_0007,entity_0003,train
pair_002587,demo,entity_0410,entity_0896,0,entity_0410,entity_0896,entity_0896,entity_0410,train
pair_002588,query,entity_0401,entity_0407,1,entity_0401,entity_0407,entity_0407,entity_0401,test
pair_002589,query,entity_0161,entity_0166,1,entity_0166,entity_0161,entity_0161,entity_0166,test
pair_002590,query,entity_0331,entity_0334,1,entity_0334,entity_0331,entity_0331,entity_0334,test
pair_002591,demo,entity_0237,entity_0239,1,entity_0237,entity_0239,entity_0239,entity_0237,train
pair_002592,demo,entity_0704,entity_0773,0,entity_0704,entity_0773,entity_0773,entity_0704,train
pair_002593,query,entity_0483,entity_0488,1,entity_0483,entity_0488,entity_0488,entity_0483,test
pair_002594,demo,entity_0957,entity_0958,1,entity_0958,entity_0957,entity_0957,entity_0958,train
pair_002595,demo,entity_0944,entity_0949,1,entity_0944,entity_0949,entity_0949,entity_0944,train
pair_002596,query,entity_0427,entity_0553,0,entity_0427,entity_0553,entity_0553,entity_0427,test
pair_002597,query,entity_0159,entity_0529,0,entity_0529,entity_0159,entity_0159,entity_0529,validation
pair_002598,demo,entity_0793,entity_0795,1,entity_0795,entity_0793,entity_0793,entity_0795,train
pair_002599,query,entity_0911,entity_0915,1,entity_0911,entity_0915,entity_0915,entity_0911,test
pair_002600,demo,entity_0392,entity_0397,1,entity_0392,entity_0397,entity_0397,entity_0392,train
pair_002601,query,entity_0144,entity_0185,0,entity_0185,entity_0144,entity_0144,entity_0185,test
pair_002602,query,entity_0803,entity_0810,1,entity_0803,entity_0810,entity_0810,entity_0803,test
pair_002603,query,entity_0216,entity_0419,0,entity_0216,entity_0419,entity_0419,entity_0216,test
pair_002604,query,entity_0051,entity_0052,1,entity_0051,entity_0052,entity_0052,entity_0051,test
pair_002605,demo,entity_0423,entity_0425,1,entity_0423,entity_0425,entity_0425,entity_0423,train
pair_002606,query,entity_0631,entity_0638,1,entity_0638,entity_0631,entity_0631,entity_0638,validation
pair_002607,demo,entity_0383,entity_0479,0,entity_0479,entity_0383,entity_0383,entity_0479,train
pair_002608,query,entity_0389,entity_0824,0,entity_0824,entity_0389,entity_0389,entity_0824,validation
pair_002609,demo,entity_0908,entity_0909,1,entity_0908,entity_0909,entity_0909,entity_0908,train
pair_002610,query,entity_0308,entity_0897,0,entity_0897,entity_0308,entity_0308,entity_0897,test
pair_002611,demo,entity_0807,entity_0810,1,entity_0810,entity_0807,entity_0807,entity_0810,train
pair_002612,query,entity_0533,entity_0661,0,entity_0661,entity_0533,entity_0533,entity_0661,test
pair_002613,query,entity_0533,entity_0654,0,entity_0654,entity_0533,entity_0533,entity_0654,validation
pair_002614,demo,entity_0005,entity_0514,0,entity_0514,entity_0005,entity_0005,entity_0514,train
pair_002615,query,entity_0699,entity_0700,1,entity_0700,entity_0699,entity_0699,entity_0700,validation
pair_002616,query,entity_0683,entity_0688,1,entity_0688,entity_0683,entity_0683,entity_0688,test
pair_002617,query,entity_0541,entity_0544,1,entity_0544,entity_0541,entity_0541,entity_0544,test
pair_002618,query,entity_0351,entity_0357,1,entity_0357,entity_0351,entity_0351,entity_0357,validation
pair_002619,query,entity_0814,entity_0816,1,entity_0816,entity_0814,entity_0814,entity_0816,test
pair_002620,demo,entity_0283,entity_0829,0,entity_0283,entity_0829,entity_0829,entity_0283,train
pair_002621,demo,entity_0229,entity_0966,0,entity_0966,entity_0229,entity_0229,entity_0966,train
pair_002622,demo,entity_0137,entity_0663,0,entity_0137,entity_0663,entity_0663,entity_0137,train
pair_002623,demo,entity_0952,entity_0954,1,entity_0954,entity_0952,entity_0952,entity_0954,train
pair_002624,demo,entity_0106,entity_0518,0,entity_0518,entity_0106,entity_0106,entity_0518,train
pair_002625,query,entity_0593,entity_0594,1,entity_0594,entity_0593,entity_0593,entity_0594,test
pair_002626,query,entity_0012,entity_0199,0,entity_0199,entity_0012,entity_0012,entity_0199,test
pair_002627,query,entity_0153,entity_0477,0,entity_0153,entity_0477,entity_0477,entity_0153,validation
pair_002628,demo,entity_0846,entity_0896,0,entity_0896,entity_0846,entity_0846,entity_0896,train
pair_002629,query,entity_0119,entity_0442,0,entity_0442,entity_0119,entity_0119,entity_0442,test
pair_002630,demo,entity_0620,entity_0655,0,entity_0655,entity_0620,entity_0620,entity_0655,train
pair_002631,query,entity_0476,entity_0479,1,entity_0476,entity_0479,entity_0479,entity_0476,test
pair_002632,query,entity_0252,entity_0258,1,entity_0252,entity_0258,entity_0258,entity_0252,test
pair_002633,demo,entity_0189,entity_0443,0,entity_0189,entity_0443,entity_0443,entity_0189,train
pair_002634,demo,entity_0641,entity_0650,1,entity_0641,entity_0650,entity_0650,entity_0641,train
pair_002635,demo,entity_0967,entity_0969,1,entity_0969,entity_0967,entity_0967,entity_0969,train
pair_002636,demo,entity_0365,entity_0492,0,entity_0365,entity_0492,entity_0492,entity_0365,train
pair_002637,demo,entity_0941,entity_0947,1,entity_0947,entity_0941,entity_0941,entity_0947,train
pair_002638,demo,entity_0491,entity_0497,1,entity_0491,entity_0497,entity_0497,entity_0491,train
pair_002639,query,entity_0678,entity_0838,0,entity_0678,entity_0838,entity_0838,entity_0678,test
pair_002640,query,entity_0881,entity_0889,1,entity_0889,entity_0881,entity_0881,entity_0889,test
pair_002641,demo,entity_0325,entity_0870,0,entity_0325,entity_0870,entity_0870,entity_0325,train
pair_002642,query,entity_0946,entity_0968,0,entity_0946,entity_0968,entity_0968,entity_0946,test
pair_002643,demo,entity_0123,entity_0128,1,entity_0128,entity_0123,entity_0123,entity_0128,train
pair_002644,demo,entity_0180,entity_0584,0,entity_0584,entity_0180,entity_0180,entity_0584,train
pair_002645,demo,entity_0608,entity_0610,1,entity_0608,entity_0610,entity_0610,entity_0608,train
pair_002646,demo,entity_0651,entity_0989,0,entity_0989,entity_0651,entity_0651,entity_0989,train
pair_002647,demo,entity_0061,entity_0067,1,entity_0061,entity_0067,entity_0067,entity_0061,train
pair_002648,demo,entity_0597,entity_0649,0,entity_0597,entity_0649,entity_0649,entity_0597,train
pair_002649,demo,entity_0184,entity_0187,1,entity_0184,entity_0187,entity_0187,entity_0184,train
pair_002650,demo,entity_0730,entity_0941,0,entity_0941,entity_0730,entity_0730,entity_0941,train
pair_002651,demo,entity_0731,entity_0732,1,entity_0732,entity_0731,entity_0731,entity_0732,train
pair_002652,demo,entity_0342,entity_0345,1,entity_0345,entity_0342,entity_0342,entity_0345,train
pair_002653,demo,entity_0410,entity_0552,0,entity_0552,entity_0410,entity_0410,entity_0552,train
pair_002654,query,entity_0039,entity_0696,0,entity_0039,entity_0696,entity_0696,entity_0039,test
pair_002655,query,entity_0833,entity_0837,1,entity_0837,entity_0833,entity_0833,entity_0837,test
pair_002656,query,entity_0351,entity_0355,1,entity_0355,entity_0351,entity_0351,entity_0355,validation
pair_002657,demo,entity_0514,entity_0909,0,entity_0514,entity_0909,entity_0909,entity_0514,train
pair_002658,demo,entity_0591,entity_0598,1,entity_0598,entity_0591,entity_0591,entity_0598,train
pair_002659,query,entity_0905,entity_0909,1,entity_0909,entity_0905,entity_0905,entity_0909,validation
pair_002660,query,entity_0099,entity_0286,0,entity_0286,entity_0099,entity_0099,entity_0286,test
pair_002661,demo,entity_0044,entity_0157,0,entity_0044,entity_0157,entity_0157,entity_0044,train
pair_002662,query,entity_0392,entity_0867,0,entity_0392,entity_0867,entity_0867,entity_0392,test
pair_002663,query,entity_0138,entity_0140,1,entity_0138,entity_0140,entity_0140,entity_0138,test
pair_002664,query,entity_0398,entity_0516,0,entity_0398,entity_0516,entity_0516,entity_0398,validation
pair_002665,demo,entity_0388,entity_0656,0,entity_0388,entity_0656,entity_0656,entity_0388,train
pair_002666,query,entity_0151,entity_0153,1,entity_0151,entity_0153,entity_0153,entity_0151,test
pair_002667,demo,entity_0264,entity_0376,0,entity_0376,entity_0264,entity_0264,entity_0376,train
pair_002668,query,entity_0124,entity_0128,1,entity_0124,entity_0128,entity_0128,entity_0124,test
pair_002669,query,entity_0252,entity_0476,0,entity_0476,entity_0252,entity_0252,entity_0476,test
pair_002670,query,entity_0229,entity_0322,0,entity_0322,entity_0229,entity_0229,entity_0322,test
pair_002671,query,entity_0498,entity_0971,0,entity_0971,entity_0498,entity_0498,entity_0971,test
pair_002672,demo,entity_0822,entity_0823,1,entity_0822,entity_0823,entity_0823,entity_0822,train
pair_002673,query,entity_0095,entity_0096,1,entity_0096,entity_0095,entity_0095,entity_0096,validation
pair_002674,query,entity_0166,entity_0282,0,entity_0166,entity_0282,entity_0282,entity_0166,test
pair_002675,demo,entity_0632,entity_0636,1,entity_0636,entity_0632,entity_0632,entity_0636,train
pair_002676,demo,entity_0667,entity_0669,1,entity_0667,entity_0669,entity_0669,entity_0667,train
pair_002677,query,entity_0779,entity_0780,1,entity_0780,entity_0779,entity_0779,entity_0780,validation
pair_002678,demo,entity_0201,entity_0205,1,entity_0201,entity_0205,entity_0205,entity_0201,train
pair_002679,demo,entity_0305,entity_0306,1,entity_0305,entity_0306,entity_0306,entity_0305,train
pair_002680,query,entity_0569,entity_0570,1,entity_0569,entity_0570,entity_0570,entity_0569,test
pair_002681,query,entity_0103,entity_0107,1,entity_0103,entity_0107,entity_0107,entity_0103,test
pair_002682,demo,entity_0100,entity_0825,0,entity_0825,entity_0100,entity_0100,entity_0825,train
pair_002683,demo,entity_0074,entity_0533,0,entity_0533,entity_0074,entity_0074,entity_0533,train
pair_002684,query,entity_0581,entity_0942,0,entity_0942,entity_0581,entity_0581,entity_0942,test
pair_002685,query,entity_0062,entity_0063,1,entity_0062,entity_0063,entity_0063,entity_0062,validation
pair_002686,query,entity_0762,entity_0766,1,entity_0762,entity_0766,entity_0766,entity_0762,test
pair_002687,demo,entity_0005,entity_0807,0,entity_0005,entity_0807,entity_0807,entity_0005,train
pair_002688,query,entity_0841,entity_0848,1,entity_0848,entity_0841,entity_0841,entity_0848,test
pair_002689,demo,entity_0243,entity_0256,0,entity_0243,entity_0256,entity_0256,entity_0243,train
pair_002690,query,entity_0300,entity_0758,0,entity_0758,entity_0300,entity_0300,entity_0758,test
pair_002691,query,entity_0128,entity_0312,0,entity_0312,entity_0128,entity_0128,entity_0312,test
pair_002692,demo,entity_0010,entity_0012,0,entity_0012,entity_0010,entity_0010,entity_0012,train
pair_002693,demo,entity_0853,entity_0860,1,entity_0853,entity_0860,entity_0860,entity_0853,train
pair_002694,query,entity_0116,entity_0793,0,entity_0116,entity_0793,entity_0793,entity_0116,test
pair_002695,demo,entity_0595,entity_0775,0,entity_0595,entity_0775,entity_0775,entity_0595,train
pair_002696,query,entity_0120,entity_0590,0,entity_0120,entity_0590,entity_0590,entity_0120,validation
pair_002697,demo,entity_0155,entity_0427,0,entity_0155,entity_0427,entity_0427,entity_0155,train
pair_002698,demo,entity_0464,entity_0469,1,entity_0464,entity_0469,entity_0469,entity_0464,train
pair_002699,demo,entity_0001,entity_0881,0,entity_0881,entity_0001,entity_0001,entity_0881,train
pair_002700,query,entity_0853,entity_0973,0,entity_0853,entity_0973,entity_0973,entity_0853,validation
pair_002701,demo,entity_0712,entity_0715,1,entity_0712,entity_0715,entity_0715,entity_0712,train
pair_002702,demo,entity_0354,entity_0356,1,entity_0354,entity_0356,entity_0356,entity_0354,train
pair_002703,query,entity_0241,entity_0246,1,entity_0246,entity_0241,entity_0241,entity_0246,test
pair_002704,demo,entity_0182,entity_0187,1,entity_0187,entity_0182,entity_0182,entity_0187,train
pair_002705,query,entity_0904,entity_0910,1,entity_0904,entity_0910,entity_0910,entity_0904,test
pair_002706,demo,entity_0148,entity_0826,0,entity_0826,entity_0148,entity_0148,entity_0826,train
pair_002707,demo,entity_0792,entity_0798,1,entity_0792,entity_0798,entity_0798,entity_0792,train
pair_002708,query,entity_0965,entity_0967,1,entity_0965,entity_0967,entity_0967,entity_0965,validation
pair_002709,demo,entity_0669,entity_0775,0,entity_0775,entity_0669,entity_0669,entity_0775,train
pair_002710,demo,entity_0015,entity_0017,1,entity_0015,entity_0017,entity_0017,entity_0015,train
pair_002711,query,entity_0872,entity_0879,1,entity_0872,entity_0879,entity_0879,entity_0872,validation
pair_002712,query,entity_0049,entity_0139,0,entity_0139,entity_0049,entity_0049,entity_0139,test
pair_002713,demo,entity_0163,entity_0685,0,entity_0685,entity_0163,entity_0163,entity_0685,train
pair_002714,demo,entity_0003,entity_0004,1,entity_0004,entity_0003,entity_0003,entity_0004,train
pair_002715,demo,entity_0559,entity_0940,0,entity_0940,entity_0559,entity_0559,entity_0940,train
pair_002716,query,entity_0101,entity_0250,0,entity_0250,entity_0101,entity_0101,entity_0250,validation
pair_002717,query,entity_0479,entity_0485,0,entity_0485,entity_0479,entity_0479,entity_0485,test
pair_002718,demo,entity_0346,entity_0590,0,entity_0590,entity_0346,entity_0346,entity_0590,train
pair_002719,query,entity_0264,entity_0441,0,entity_0441,entity_0264,entity_0264,entity_0441,test
pair_002720,query,entity_0018,entity_0019,1,entity_0018,entity_0019,entity_0019,entity_0018,test
pair_002721,demo,entity_0627,entity_0850,0,entity_0850,entity_0627,entity_0627,entity_0850,train
pair_002722,demo,entity_0025,entity_0960,0,entity_0960,entity_0025,entity_0025,entity_0960,train
pair_002723,demo,entity_0593,entity_0674,0,entity_0674,entity_0593,entity_0593,entity_0674,train
pair_002724,query,entity_0892,entity_0893,1,entity_0893,entity_0892,entity_0892,entity_0893,test
pair_002725,query,entity_0492,entity_0956,0,entity_0492,entity_0956,entity_0956,entity_0492,test
pair_002726,query,entity_0611,entity_0617,1,entity_0611,entity_0617,entity_0617,entity_0611,test
pair_002727,query,entity_0157,entity_0976,0,entity_0976,entity_0157,entity_0157,entity_0976,test
pair_002728,demo,entity_0985,entity_0990,1,entity_0985,entity_0990,entity_0990,entity_0985,train
pair_002729,demo,entity_0276,entity_0280,1,entity_0280,entity_0276,entity_0276,entity_0280,train
pair_002730,demo,entity_0387,entity_0755,0,entity_0755,entity_0387,entity_0387,entity_0755,train
pair_002731,query,entity_0884,entity_0996,0,entity_0884,entity_0996,entity_0996,entity_0884,test
pair_002732,query,entity_0426,entity_0429,1,entity_0426,entity_0429,entity_0429,entity_0426,validation
pair_002733,query,entity_0626,entity_0627,1,entity_0626,entity_0627,entity_0627,entity_0626,validation
pair_002734,query,entity_0149,entity_0208,0,entity_0149,entity_0208,entity_0208,entity_0149,test
pair_002735,demo,entity_0093,entity_0522,0,entity_0522,entity_0093,entity_0093,entity_0522,train
pair_002736,demo,entity_0167,entity_0945,0,entity_0945,entity_0167,entity_0167,entity_0945,train
pair_002737,query,entity_0608,entity_0838,0,entity_0608,entity_0838,entity_0838,entity_0608,validation
pair_002738,query,entity_0185,entity_0189,1,entity_0185,entity_0189,entity_0189,entity_0185,validation
pair_002739,demo,entity_0256,entity_0897,0,entity_0256,entity_0897,entity_0897,entity_0256,train
pair_002740,query,entity_0512,entity_0519,1,entity_0519,entity_0512,entity_0512,entity_0519,test
pair_002741,demo,entity_0927,entity_0984,0,entity_0927,entity_0984,entity_0984,entity_0927,train
pair_002742,demo,entity_0948,entity_0949,1,entity_0948,entity_0949,entity_0949,entity_0948,train
pair_002743,demo,entity_0074,entity_0075,1,entity_0075,entity_0074,entity_0074,entity_0075,train
pair_002744,query,entity_0516,entity_0810,0,entity_0516,entity_0810,entity_0810,entity_0516,test
pair_002745,query,entity_0172,entity_0174,1,entity_0172,entity_0174,entity_0174,entity_0172,test
pair_002746,demo,entity_0379,entity_0601,0,entity_0601,entity_0379,entity_0379,entity_0601,train
pair_002747,demo,entity_0001,entity_0007,1,entity_0001,entity_0007,entity_0007,entity_0001,train
pair_002748,demo,entity_0861,entity_0864,1,entity_0864,entity_0861,entity_0861,entity_0864,train
pair_002749,query,entity_0863,entity_0865,1,entity_0865,entity_0863,entity_0863,entity_0865,test
pair_002750,query,entity_0352,entity_0644,0,entity_0644,entity_0352,entity_0352,entity_0644,test
pair_002751,query,entity_0675,entity_0680,1,entity_0680,entity_0675,entity_0675,entity_0680,test
pair_002752,query,entity_0974,entity_0978,1,entity_0978,entity_0974,entity_0974,entity_0978,validation
pair_002753,query,entity_0216,entity_0306,0,entity_0306,entity_0216,entity_0216,entity_0306,validation
pair_002754,demo,entity_0138,entity_0745,0,entity_0138,entity_0745,entity_0745,entity_0138,train
pair_002755,query,entity_0218,entity_0801,0,entity_0801,entity_0218,entity_0218,entity_0801,test
pair_002756,demo,entity_0281,entity_0282,1,entity_0281,entity_0282,entity_0282,entity_0281,train
pair_002757,demo,entity_0923,entity_0929,1,entity_0923,entity_0929,entity_0929,entity_0923,train
pair_002758,query,entity_0803,entity_0808,1,entity_0803,entity_0808,entity_0808,entity_0803,validation
pair_002759,demo,entity_0052,entity_0321,0,entity_0321,entity_0052,entity_0052,entity_0321,train
pair_002760,query,entity_0542,entity_0547,1,entity_0547,entity_0542,entity_0542,entity_0547,test
pair_002761,demo,entity_0021,entity_0771,0,entity_0021,entity_0771,entity_0771,entity_0021,train
pair_002762,demo,entity_0886,entity_0917,0,entity_0886,entity_0917,entity_0917,entity_0886,train
pair_002763,demo,entity_0532,entity_0537,1,entity_0532,entity_0537,entity_0537,entity_0532,train
pair_002764,demo,entity_0349,entity_0550,0,entity_0550,entity_0349,entity_0349,entity_0550,train
pair_002765,demo,entity_0368,entity_0973,0,entity_0973,entity_0368,entity_0368,entity_0973,train
pair_002766,query,entity_0367,entity_0955,0,entity_0955,entity_0367,entity_0367,entity_0955,test
pair_002767,demo,entity_0035,entity_0564,0,entity_0564,entity_0035,entity_0035,entity_0564,train
pair_002768,query,entity_0913,entity_0917,1,entity_0917,entity_0913,entity_0913,entity_0917,validation
pair_002769,query,entity_0507,entity_0647,0,entity_0507,entity_0647,entity_0647,entity_0507,validation
pair_002770,query,entity_0304,entity_0305,1,entity_0304,entity_0305,entity_0305,entity_0304,test
pair_002771,demo,entity_0229,entity_0795,0,entity_0795,entity_0229,entity_0229,entity_0795,train
pair_002772,demo,entity_0842,entity_0843,1,entity_0842,entity_0843,entity_0843,entity_0842,train
pair_002773,query,entity_0447,entity_0470,0,entity_0470,entity_0447,entity_0447,entity_0470,test
pair_002774,query,entity_0414,entity_0418,1,entity_0418,entity_0414,entity_0414,entity_0418,test
pair_002775,query,entity_0469,entity_0712,0,entity_0712,entity_0469,entity_0469,entity_0712,test
pair_002776,demo,entity_0239,entity_0307,0,entity_0307,entity_0239,entity_0239,entity_0307,train
pair_002777,demo,entity_0304,entity_0885,0,entity_0885,entity_0304,entity_0304,entity_0885,train
pair_002778,demo,entity_0394,entity_0485,0,entity_0485,entity_0394,entity_0394,entity_0485,train
pair_002779,query,entity_0743,entity_0869,0,entity_0743,entity_0869,entity_0869,entity_0743,validation
pair_002780,query,entity_0546,entity_0829,0,entity_0546,entity_0829,entity_0829,entity_0546,test
pair_002781,demo,entity_0250,entity_0927,0,entity_0927,entity_0250,entity_0250,entity_0927,train
pair_002782,query,entity_0603,entity_0605,1,entity_0605,entity_0603,entity_0603,entity_0605,test
pair_002783,demo,entity_0070,entity_0694,0,entity_0070,entity_0694,entity_0694,entity_0070,train
pair_002784,query,entity_0236,entity_0656,0,entity_0656,entity_0236,entity_0236,entity_0656,test
pair_002785,demo,entity_0482,entity_0489,1,entity_0489,entity_0482,entity_0482,entity_0489,train
pair_002786,query,entity_0360,entity_0802,0,entity_0360,entity_0802,entity_0802,entity_0360,test
pair_002787,query,entity_0541,entity_0548,1,entity_0548,entity_0541,entity_0541,entity_0548,test
pair_002788,query,entity_0804,entity_0808,1,entity_0804,entity_0808,entity_0808,entity_0804,validation
pair_002789,query,entity_0661,entity_0666,1,entity_0661,entity_0666,entity_0666,entity_0661,test
pair_002790,demo,entity_0233,entity_0234,1,entity_0233,entity_0234,entity_0234,entity_0233,train
pair_002791,demo,entity_0776,entity_0778,1,entity_0776,entity_0778,entity_0778,entity_0776,train
pair_002792,demo,entity_0923,entity_0930,1,entity_0930,entity_0923,entity_0923,entity_0930,train
pair_002793,query,entity_0428,entity_0853,0,entity_0428,entity_0853,entity_0853,entity_0428,test
pair_002794,query,entity_0015,entity_0019,1,entity_0019,entity_0015,entity_0015,entity_0019,test
pair_002795,query,entity_0951,entity_0956,1,entity_0951,entity_0956,entity_0956,entity_0951,validation
pair_002796,query,entity_0715,entity_0890,0,entity_0890,entity_0715,entity_0715,entity_0890,validation
pair_002797,demo,entity_0034,entity_0035,1,entity_0034,entity_0035,entity_0035,entity_0034,train
pair_002798,demo,entity_0151,entity_0175,0,entity_0151,entity_0175,entity_0175,entity_0151,train
pair_002799,query,entity_0170,entity_0229,0,entity_0170,entity_0229,entity_0229,entity_0170,test
pair_002800,demo,entity_0242,entity_0250,1,entity_0242,entity_0250,entity_0250,entity_0242,train
pair_002801,demo,entity_0499,entity_0606,0,entity_0499,entity_0606,entity_0606,entity_0499,train
pair_002802,demo,entity_0447,entity_0449,1,entity_0449,entity_0447,entity_0447,entity_0449,train
pair_002803,demo,entity_0187,entity_0604,0,entity_0604,entity_0187,entity_0187,entity_0604,train
pair_002804,query,entity_0710,entity_0935,0,entity_0710,entity_0935,entity_0935,entity_0710,test
pair_002805,query,entity_0225,entity_0888,0,entity_0888,entity_0225,entity_0225,entity_0888,test
pair_002806,demo,entity_0282,entity_0734,0,entity_0734,entity_0282,entity_0282,entity_0734,train
pair_002807,demo,entity_0225,entity_0938,0,entity_0225,entity_0938,entity_0938,entity_0225,train
pair_002808,query,entity_0395,entity_0852,0,entity_0852,entity_0395,entity_0395,entity_0852,validation
pair_002809,query,entity_0308,entity_0582,0,entity_0582,entity_0308,entity_0308,entity_0582,validation
pair_002810,query,entity_0767,entity_0894,0,entity_0894,entity_0767,entity_0767,entity_0894,test
pair_002811,query,entity_0292,entity_0300,1,entity_0292,entity_0300,entity_0300,entity_0292,validation
pair_002812,demo,entity_0121,entity_0122,1,entity_0122,entity_0121,entity_0121,entity_0122,train
pair_002813,query,entity_0409,entity_0738,0,entity_0409,entity_0738,entity_0738,entity_0409,test
pair_002814,demo,entity_0103,entity_0503,0,entity_0503,entity_0103,entity_0103,entity_0503,train
pair_002815,demo,entity_0558,entity_0834,0,entity_0558,entity_0834,entity_0834,entity_0558,train
pair_002816,query,entity_0347,entity_0832,0,entity_0347,entity_0832,entity_0832,entity_0347,test
pair_002817,query,entity_0596,entity_0599,1,entity_0599,entity_0596,entity_0596,entity_0599,test
pair_002818,demo,entity_0075,entity_0744,0,entity_0744,entity_0075,entity_0075,entity_0744,train
pair_002819,query,entity_0751,entity_0758,1,entity_0751,entity_0758,entity_0758,entity_0751,test
pair_002820,demo,entity_0155,entity_0157,1,entity_0155,entity_0157,entity_0157,entity_0155,train
pair_002821,demo,entity_0101,entity_0802,0,entity_0802,entity_0101,entity_0101,entity_0802,train
pair_002822,demo,entity_0061,entity_0504,0,entity_0061,entity_0504,entity_0504,entity_0061,train
pair_002823,query,entity_0358,entity_0359,1,entity_0358,entity_0359,entity_0359,entity_0358,test
pair_002824,demo,entity_0201,entity_0206,1,entity_0206,entity_0201,entity_0201,entity_0206,train
pair_002825,demo,entity_0092,entity_0097,1,entity_0097,entity_0092,entity_0092,entity_0097,train
pair_002826,demo,entity_0520,entity_0826,0,entity_0826,entity_0520,entity_0520,entity_0826,train
pair_002827,query,entity_0904,entity_0908,1,entity_0908,entity_0904,entity_0904,entity_0908,validation
pair_002828,demo,entity_0018,entity_0944,0,entity_0944,entity_0018,entity_0018,entity_0944,train
pair_002829,demo,entity_0132,entity_0139,1,entity_0139,entity_0132,entity_0132,entity_0139,train
pair_002830,demo,entity_0306,entity_0677,0,entity_0306,entity_0677,entity_0677,entity_0306,train
pair_002831,demo,entity_0381,entity_0390,1,entity_0390,entity_0381,entity_0381,entity_0390,train
pair_002832,demo,entity_0145,entity_0188,0,entity_0145,entity_0188,entity_0188,entity_0145,train
pair_002833,query,entity_0448,entity_0450,1,entity_0448,entity_0450,entity_0450,entity_0448,test
pair_002834,query,entity_0622,entity_0628,1,entity_0628,entity_0622,entity_0622,entity_0628,test
pair_002835,query,entity_0312,entity_0315,1,entity_0315,entity_0312,entity_0312,entity_0315,test
pair_002836,demo,entity_0976,entity_0977,1,entity_0976,entity_0977,entity_0977,entity_0976,train
pair_002837,query,entity_0232,entity_0233,1,entity_0232,entity_0233,entity_0233,entity_0232,test
pair_002838,query,entity_0038,entity_0317,0,entity_0317,entity_0038,entity_0038,entity_0317,validation
pair_002839,query,entity_0395,entity_0396,1,entity_0395,entity_0396,entity_0396,entity_0395,test
pair_002840,query,entity_0914,entity_0915,1,entity_0915,entity_0914,entity_0914,entity_0915,validation
pair_002841,query,entity_0128,entity_0725,0,entity_0128,entity_0725,entity_0725,entity_0128,test
pair_002842,demo,entity_0230,entity_0991,0,entity_0991,entity_0230,entity_0230,entity_0991,train
pair_002843,demo,entity_0541,entity_0720,0,entity_0541,entity_0720,entity_0720,entity_0541,train
pair_002844,query,entity_0418,entity_0891,0,entity_0418,entity_0891,entity_0891,entity_0418,test
pair_002845,query,entity_0473,entity_0480,1,entity_0473,entity_0480,entity_0480,entity_0473,test
pair_002846,query,entity_0566,entity_0568,1,entity_0566,entity_0568,entity_0568,entity_0566,test
pair_002847,query,entity_0049,entity_0266,0,entity_0266,entity_0049,entity_0049,entity_0266,test
pair_002848,demo,entity_0054,entity_0685,0,entity_0054,entity_0685,entity_0685,entity_0054,train
pair_002849,demo,entity_0852,entity_0856,1,entity_0856,entity_0852,entity_0852,entity_0856,train
pair_002850,query,entity_0482,entity_0486,1,entity_0482,entity_0486,entity_0486,entity_0482,validation
pair_002851,query,entity_0687,entity_0688,1,entity_0688,entity_0687,entity_0687,entity_0688,validation
pair_002852,query,entity_0576,entity_0578,1,entity_0578,entity_0576,entity_0576,entity_0578,test
pair_002853,query,entity_0137,entity_0262,0,entity_0262,entity_0137,entity_0137,entity_0262,test
pair_002854,demo,entity_0750,entity_0870,0,entity_0750,entity_0870,entity_0870,entity_0750,train
pair_002855,demo,entity_0083,entity_0087,1,entity_0083,entity_0087,entity_0087,entity_0083,train
pair_002856,query,entity_0072,entity_0080,1,entity_0080,entity_0072,entity_0072,entity_0080,test
pair_002857,demo,entity_0175,entity_0178,1,entity_0175,entity_0178,entity_0178,entity_0175,train
pair_002858,demo,entity_0284,entity_0296,0,entity_0296,entity_0284,entity_0284,entity_0296,train
pair_002859,demo,entity_0110,entity_0739,0,entity_0110,entity_0739,entity_0739,entity_0110,train
pair_002860,demo,entity_0471,entity_0474,1,entity_0471,entity_0474,entity_0474,entity_0471,train
pair_002861,query,entity_0265,entity_0441,0,entity_0441,entity_0265,entity_0265,entity_0441,test
pair_002862,demo,entity_0570,entity_0924,0,entity_0570,entity_0924,entity_0924,entity_0570,train
pair_002863,demo,entity_0329,entity_0677,0,entity_0329,entity_0677,entity_0677,entity_0329,train
pair_002864,query,entity_0263,entity_0269,1,entity_0263,entity_0269,entity_0269,entity_0263,validation
pair_002865,demo,entity_0994,entity_0995,1,entity_0994,entity_0995,entity_0995,entity_0994,train
pair_002866,demo,entity_0275,entity_0277,1,entity_0277,entity_0275,entity_0275,entity_0277,train
pair_002867,query,entity_0941,entity_0946,1,entity_0946,entity_0941,entity_0941,entity_0946,test
pair_002868,demo,entity_0210,entity_0323,0,entity_0323,entity_0210,entity_0210,entity_0323,train
pair_002869,demo,entity_0264,entity_0856,0,entity_0856,entity_0264,entity_0264,entity_0856,train
pair_002870,query,entity_0136,entity_0138,1,entity_0138,entity_0136,entity_0136,entity_0138,validation
pair_002871,demo,entity_0306,entity_0660,0,entity_0660,entity_0306,entity_0306,entity_0660,train
pair_002872,demo,entity_0541,entity_0547,1,entity_0547,entity_0541,entity_0541,entity_0547,train
pair_002873,demo,entity_0681,entity_0689,1,entity_0689,entity_0681,entity_0681,entity_0689,train
pair_002874,query,entity_0266,entity_0383,0,entity_0266,entity_0383,entity_0383,entity_0266,test
pair_002875,demo,entity_0713,entity_0717,1,entity_0713,entity_0717,entity_0717,entity_0713,train
pair_002876,query,entity_0658,entity_0660,1,entity_0658,entity_0660,entity_0660,entity_0658,test
pair_002877,query,entity_0766,entity_0767,1,entity_0766,entity_0767,entity_0767,entity_0766,test
pair_002878,demo,entity_0486,entity_0715,0,entity_0715,entity_0486,entity_0486,entity_0715,train
pair_002879,demo,entity_0492,entity_0500,1,entity_0500,entity_0492,entity_0492,entity_0500,train
pair_002880,demo,entity_0943,entity_0991,0,entity_0991,entity_0943,entity_0943,entity_0991,train
pair_002881,demo,entity_0276,entity_0712,0,entity_0712,entity_0276,entity_0276,entity_0712,train
pair_002882,demo,entity_0581,entity_0589,1,entity_0589,entity_0581,entity_0581,entity_0589,train
pair_002883,query,entity_0470,entity_0640,0,entity_0470,entity_0640,entity_0640,entity_0470,test
pair_002884,query,entity_0152,entity_0699,0,entity_0152,entity_0699,entity_0699,entity_0152,test
pair_002885,query,entity_0385,entity_0538,0,entity_0538,entity_0385,entity_0385,entity_0538,test
pair_002886,query,entity_0177,entity_0317,0,entity_0317,entity_0177,entity_0177,entity_0317,test
pair_002887,demo,entity_0782,entity_0856,0,entity_0856,entity_0782,entity_0782,entity_0856,train
pair_002888,demo,entity_0695,entity_0719,0,entity_0719,entity_0695,entity_0695,entity_0719,train
pair_002889,query,entity_0533,entity_0535,1,entity_0533,entity_0535,entity_0535,entity_0533,validation
pair_002890,demo,entity_0496,entity_0498,1,entity_0496,entity_0498,entity_0498,entity_0496,train
pair_002891,demo,entity_0118,entity_0672,0,entity_0672,entity_0118,entity_0118,entity_0672,train
pair_002892,demo,entity_0199,entity_0943,0,entity_0943,entity_0199,entity_0199,entity_0943,train
pair_002893,query,entity_0024,entity_0541,0,entity_0024,entity_0541,entity_0541,entity_0024,test
pair_002894,query,entity_0229,entity_0415,0,entity_0415,entity_0229,entity_0229,entity_0415,test
pair_002895,query,entity_0531,entity_0540,1,entity_0531,entity_0540,entity_0540,entity_0531,validation
pair_002896,demo,entity_0865,entity_0868,1,entity_0865,entity_0868,entity_0868,entity_0865,train
pair_002897,demo,entity_0117,entity_0196,0,entity_0117,entity_0196,entity_0196,entity_0117,train
pair_002898,demo,entity_0314,entity_0316,1,entity_0316,entity_0314,entity_0314,entity_0316,train
pair_002899,demo,entity_0701,entity_0705,1,entity_0705,entity_0701,entity_0701,entity_0705,train
pair_002900,demo,entity_0786,entity_0788,1,entity_0788,entity_0786,entity_0786,entity_0788,train
pair_002901,demo,entity_0314,entity_0694,0,entity_0314,entity_0694,entity_0694,entity_0314,train
pair_002902,query,entity_0132,entity_0353,0,entity_0353,entity_0132,entity_0132,entity_0353,test
pair_002903,demo,entity_0425,entity_0714,0,entity_0425,entity_0714,entity_0714,entity_0425,train
pair_002904,demo,entity_0901,entity_0902,1,entity_0901,entity_0902,entity_0902,entity_0901,train
pair_002905,demo,entity_0137,entity_0138,1,entity_0137,entity_0138,entity_0138,entity_0137,train
pair_002906,demo,entity_0146,entity_0499,0,entity_0146,entity_0499,entity_0499,entity_0146,train
pair_002907,demo,entity_0263,entity_0270,1,entity_0270,entity_0263,entity_0263,entity_0270,train
pair_002908,query,entity_0595,entity_0600,1,entity_0595,entity_0600,entity_0600,entity_0595,test
pair_002909,demo,entity_0972,entity_0979,1,entity_0972,entity_0979,entity_0979,entity_0972,train
pair_002910,demo,entity_0925,entity_0927,1,entity_0925,entity_0927,entity_0927,entity_0925,train
pair_002911,query,entity_0040,entity_0209,0,entity_0209,entity_0040,entity_0040,entity_0209,test
pair_002912,query,entity_0383,entity_0729,0,entity_0729,entity_0383,entity_0383,entity_0729,test
pair_002913,demo,entity_0351,entity_0542,0,entity_0351,entity_0542,entity_0542,entity_0351,train
pair_002914,demo,entity_0423,entity_0427,1,entity_0427,entity_0423,entity_0423,entity_0427,train
pair_002915,demo,entity_0096,entity_0097,1,entity_0096,entity_0097,entity_0097,entity_0096,train
pair_002916,demo,entity_0702,entity_0830,0,entity_0830,entity_0702,entity_0702,entity_0830,train
pair_002917,query,entity_0922,entity_0926,1,entity_0922,entity_0926,entity_0926,entity_0922,test
pair_002918,query,entity_0602,entity_0617,0,entity_0617,entity_0602,entity_0602,entity_0617,test
pair_002919,demo,entity_0005,entity_0537,0,entity_0537,entity_0005,entity_0005,entity_0537,train
pair_002920,query,entity_0602,entity_0605,1,entity_0602,entity_0605,entity_0605,entity_0602,validation
pair_002921,demo,entity_0061,entity_0063,1,entity_0063,entity_0061,entity_0061,entity_0063,train
pair_002922,demo,entity_0651,entity_0652,1,entity_0651,entity_0652,entity_0652,entity_0651,train
pair_002923,query,entity_0526,entity_0558,0,entity_0558,entity_0526,entity_0526,entity_0558,test
pair_002924,demo,entity_0795,entity_0799,1,entity_0799,entity_0795,entity_0795,entity_0799,train
pair_002925,query,entity_0705,entity_0706,1,entity_0705,entity_0706,entity_0706,entity_0705,validation
pair_002926,demo,entity_0042,entity_0311,0,entity_0042,entity_0311,entity_0311,entity_0042,train
pair_002927,query,entity_0753,entity_0760,1,entity_0753,entity_0760,entity_0760,entity_0753,test
pair_002928,demo,entity_0729,entity_0904,0,entity_0729,entity_0904,entity_0904,entity_0729,train
pair_002929,demo,entity_0051,entity_0058,1,entity_0058,entity_0051,entity_0051,entity_0058,train
pair_002930,demo,entity_0201,entity_0207,1,entity_0201,entity_0207,entity_0207,entity_0201,train
pair_002931,query,entity_0703,entity_0705,1,entity_0705,entity_0703,entity_0703,entity_0705,test
pair_002932,query,entity_0382,entity_0767,0,entity_0382,entity_0767,entity_0767,entity_0382,test
pair_002933,demo,entity_0613,entity_0615,1,entity_0615,entity_0613,entity_0613,entity_0615,train
pair_002934,query,entity_0435,entity_0438,1,entity_0435,entity_0438,entity_0438,entity_0435,test
pair_002935,demo,entity_0026,entity_0376,0,entity_0026,entity_0376,entity_0376,entity_0026,train
pair_002936,query,entity_0924,entity_0927,1,entity_0924,entity_0927,entity_0927,entity_0924,test
pair_002937,query,entity_0972,entity_0975,1,entity_0975,entity_0972,entity_0972,entity_0975,test
pair_002938,demo,entity_0323,entity_0653,0,entity_0323,entity_0653,entity_0653,entity_0323,train
pair_002939,query,entity_0054,entity_0055,1,entity_0054,entity_0055,entity_0055,entity_0054,validation
pair_002940,query,entity_0202,entity_0209,1,entity_0202,entity_0209,entity_0209,entity_0202,test
pair_002941,query,entity_0823,entity_0827,1,entity_0827,entity_0823,entity_0823,entity_0827,test
pair_002942,demo,entity_0693,entity_0696,1,entity_0696,entity_0693,entity_0693,entity_0696,train
pair_002943,query,entity_0558,entity_0698,0,entity_0698,entity_0558,entity_0558,entity_0698,test
pair_002944,demo,entity_0233,entity_0482,0,entity_0482,entity_0233,entity_0233,entity_0482,train
pair_002945,query,entity_0927,entity_0966,0,entity_0966,entity_0927,entity_0927,entity_0966,test
pair_002946,query,entity_0559,entity_0794,0,entity_0559,entity_0794,entity_0794,entity_0559,validation
pair_002947,demo,entity_0191,entity_0231,0,entity_0231,entity_0191,entity_0191,entity_0231,train
pair_002948,query,entity_0801,entity_0803,1,entity_0803,entity_0801,entity_0801,entity_0803,test
pair_002949,query,entity_0050,entity_0871,0,entity_0050,entity_0871,entity_0871,entity_0050,test
pair_002950,query,entity_0238,entity_0602,0,entity_0238,entity_0602,entity_0602,entity_0238,validation
pair_002951,query,entity_0294,entity_0955,0,entity_0294,entity_0955,entity_0955,entity_0294,test
pair_002952,query,entity_0905,entity_0907,1,entity_0907,entity_0905,entity_0905,entity_0907,validation
pair_002953,query,entity_0460,entity_0970,0,entity_0970,entity_0460,entity_0460,entity_0970,test
pair_002954,query,entity_0768,entity_0770,1,entity_0768,entity_0770,entity_0770,entity_0768,test
pair_002955,demo,entity_0243,entity_0244,1,entity_0244,entity_0243,entity_0243,entity_0244,train
pair_002956,demo,entity_0362,entity_0367,1,entity_0367,entity_0362,entity_0362,entity_0367,train
pair_002957,query,entity_0147,entity_0148,1,entity_0148,entity_0147,entity_0147,entity_0148,test
pair_002958,demo,entity_0214,entity_0216,1,entity_0216,entity_0214,entity_0214,entity_0216,train
pair_002959,query,entity_0625,entity_0721,0,entity_0721,entity_0625,entity_0625,entity_0721,validation
pair_002960,query,entity_0371,entity_0374,1,entity_0371,entity_0374,entity_0374,entity_0371,test
pair_002961,query,entity_0782,entity_0784,1,entity_0782,entity_0784,entity_0784,entity_0782,test
pair_002962,demo,entity_0765,entity_0803,0,entity_0803,entity_0765,entity_0765,entity_0803,train
pair_002963,demo,entity_0556,entity_0558,1,entity_0556,entity_0558,entity_0558,entity_0556,train
pair_002964,demo,entity_0543,entity_0546,1,entity_0543,entity_0546,entity_0546,entity_0543,train
pair_002965,demo,entity_0470,entity_0784,0,entity_0470,entity_0784,entity_0784,entity_0470,train
pair_002966,query,entity_0272,entity_0578,0,entity_0272,entity_0578,entity_0578,entity_0272,test
pair_002967,query,entity_0388,entity_0455,0,entity_0455,entity_0388,entity_0388,entity_0455,test
pair_002968,query,entity_0683,entity_0689,1,entity_0683,entity_0689,entity_0689,entity_0683,test
pair_002969,demo,entity_0051,entity_0206,0,entity_0051,entity_0206,entity_0206,entity_0051,train
pair_002970,query,entity_0608,entity_0609,1,entity_0608,entity_0609,entity_0609,entity_0608,test
pair_002971,demo,entity_0710,entity_0959,0,entity_0710,entity_0959,entity_0959,entity_0710,train
pair_002972,demo,entity_0312,entity_0320,1,entity_0320,entity_0312,entity_0312,entity_0320,train
pair_002973,query,entity_0061,entity_0615,0,entity_0615,entity_0061,entity_0061,entity_0615,test
pair_002974,query,entity_0094,entity_0419,0,entity_0094,entity_0419,entity_0419,entity_0094,test
pair_002975,query,entity_0150,entity_0457,0,entity_0150,entity_0457,entity_0457,entity_0150,test
pair_002976,query,entity_0356,entity_0477,0,entity_0356,entity_0477,entity_0477,entity_0356,test
pair_002977,demo,entity_0705,entity_0708,1,entity_0708,entity_0705,entity_0705,entity_0708,train
pair_002978,demo,entity_0470,entity_0582,0,entity_0582,entity_0470,entity_0470,entity_0582,train
pair_002979,demo,entity_0539,entity_0691,0,entity_0691,entity_0539,entity_0539,entity_0691,train
pair_002980,demo,entity_0633,entity_0856,0,entity_0633,entity_0856,entity_0856,entity_0633,train
pair_002981,query,entity_0932,entity_0935,1,entity_0932,entity_0935,entity_0935,entity_0932,test
pair_002982,query,entity_0217,entity_0575,0,entity_0575,entity_0217,entity_0217,entity_0575,test
pair_002983,query,entity_0704,entity_0841,0,entity_0841,entity_0704,entity_0704,entity_0841,test
pair_002984,demo,entity_0255,entity_0284,0,entity_0255,entity_0284,entity_0284,entity_0255,train
pair_002985,demo,entity_0554,entity_0559,1,entity_0559,entity_0554,entity_0554,entity_0559,train
pair_002986,demo,entity_0255,entity_0890,0,entity_0890,entity_0255,entity_0255,entity_0890,train
pair_002987,demo,entity_0774,entity_0776,1,entity_0774,entity_0776,entity_0776,entity_0774,train
pair_002988,demo,entity_0139,entity_0140,1,entity_0140,entity_0139,entity_0139,entity_0140,train
pair_002989,demo,entity_0079,entity_0080,1,entity_0079,entity_0080,entity_0080,entity_0079,train
pair_002990,query,entity_0008,entity_0793,0,entity_0008,entity_0793,entity_0793,entity_0008,test
pair_002991,demo,entity_0738,entity_0740,1,entity_0738,entity_0740,entity_0740,entity_0738,train
pair_002992,demo,entity_0544,entity_0547,1,entity_0544,entity_0547,entity_0547,entity_0544,train
pair_002993,demo,entity_0455,entity_0456,1,entity_0455,entity_0456,entity_0456,entity_0455,train
pair_002994,demo,entity_0454,entity_0599,0,entity_0454,entity_0599,entity_0599,entity_0454,train
pair_002995,query,entity_0993,entity_0996,1,entity_0996,entity_0993,entity_0993,entity_0996,test
pair_002996,query,entity_0413,entity_0544,0,entity_0544,entity_0413,entity_0413,entity_0544,test
pair_002997,demo,entity_0439,entity_0708,0,entity_0708,entity_0439,entity_0439,entity_0708,train
pair_002998,demo,entity_0082,entity_0086,1,entity_0082,entity_0086,entity_0086,entity_0082,train
pair_002999,query,entity_0861,entity_0870,1,entity_0861,entity_0870,entity_0870,entity_0861,test
pair_003000,demo,entity_0251,entity_0254,1,entity_0251,entity_0254,entity_0254,entity_0251,train
pair_003001,demo,entity_0665,entity_0668,1,entity_0668,entity_0665,entity_0665,entity_0668,train
pair_003002,demo,entity_0365,entity_0367,1,entity_0365,entity_0367,entity_0367,entity_0365,train
pair_003003,demo,entity_0298,entity_0509,0,entity_0298,entity_0509,entity_0509,entity_0298,train
pair_003004,query,entity_0233,entity_0238,1,entity_0238,entity_0233,entity_0233,entity_0238,test
pair_003005,demo,entity_0128,entity_0196,0,entity_0128,entity_0196,entity_0196,entity_0128,train
pair_003006,query,entity_0186,entity_0188,1,entity_0188,entity_0186,entity_0186,entity_0188,validation
pair_003007,demo,entity_0426,entity_0430,1,entity_0426,entity_0430,entity_0430,entity_0426,train
pair_003008,demo,entity_0022,entity_0777,0,entity_0022,entity_0777,entity_0777,entity_0022,train
pair_003009,demo,entity_0186,entity_0775,0,entity_0186,entity_0775,entity_0775,entity_0186,train
pair_003010,query,entity_0531,entity_0538,1,entity_0538,entity_0531,entity_0531,entity_0538,test
pair_003011,demo,entity_0034,entity_0561,0,entity_0034,entity_0561,entity_0561,entity_0034,train
pair_003012,query,entity_0501,entity_0502,1,entity_0502,entity_0501,entity_0501,entity_0502,test
pair_003013,demo,entity_0259,entity_0554,0,entity_0554,entity_0259,entity_0259,entity_0554,train
pair_003014,query,entity_0128,entity_0388,0,entity_0128,entity_0388,entity_0388,entity_0128,test
pair_003015,query,entity_0368,entity_0997,0,entity_0368,entity_0997,entity_0997,entity_0368,validation
pair_003016,query,entity_0192,entity_0195,1,entity_0195,entity_0192,entity_0192,entity_0195,validation
pair_003017,query,entity_0624,entity_0630,1,entity_0630,entity_0624,entity_0624,entity_0630,test
pair_003018,query,entity_0605,entity_0841,0,entity_0841,entity_0605,entity_0605,entity_0841,test
pair_003019,demo,entity_0357,entity_0553,0,entity_0357,entity_0553,entity_0553,entity_0357,train
pair_003020,demo,entity_0484,entity_0486,1,entity_0486,entity_0484,entity_0484,entity_0486,train
pair_003021,query,entity_0791,entity_0882,0,entity_0791,entity_0882,entity_0882,entity_0791,validation
pair_003022,query,entity_0383,entity_0387,1,entity_0383,entity_0387,entity_0387,entity_0383,test
pair_003023,demo,entity_0191,entity_0194,1,entity_0191,entity_0194,entity_0194,entity_0191,train
pair_003024,demo,entity_0583,entity_0836,0,entity_0836,entity_0583,entity_0583,entity_0836,train
pair_003025,query,entity_0392,entity_0396,1,entity_0392,entity_0396,entity_0396,entity_0392,test
pair_003026,query,entity_0737,entity_0797,0,entity_0737,entity_0797,entity_0797,entity_0737,test
pair_003027,demo,entity_0342,entity_0963,0,entity_0963,entity_0342,entity_0342,entity_0963,train
pair_003028,demo,entity_0782,entity_0974,0,entity_0782,entity_0974,entity_0974,entity_0782,train
pair_003029,query,entity_0684,entity_0685,1,entity_0684,entity_0685,entity_0685,entity_0684,validation
pair_003030,query,entity_0439,entity_0550,0,entity_0439,entity_0550,entity_0550,entity_0439,validation
pair_003031,demo,entity_0386,entity_0576,0,entity_0386,entity_0576,entity_0576,entity_0386,train
pair_003032,query,entity_0066,entity_0141,0,entity_0066,entity_0141,entity_0141,entity_0066,test
pair_003033,query,entity_0488,entity_0965,0,entity_0488,entity_0965,entity_0965,entity_0488,test
pair_003034,demo,entity_0336,entity_0339,1,entity_0336,entity_0339,entity_0339,entity_0336,train
pair_003035,query,entity_0521,entity_0522,1,entity_0521,entity_0522,entity_0522,entity_0521,test
pair_003036,demo,entity_0186,entity_0555,0,entity_0555,entity_0186,entity_0186,entity_0555,train
pair_003037,query,entity_0655,entity_0658,1,entity_0658,entity_0655,entity_0655,entity_0658,test
pair_003038,query,entity_0637,entity_0639,1,entity_0639,entity_0637,entity_0637,entity_0639,test
pair_003039,demo,entity_0646,entity_0647,1,entity_0647,entity_0646,entity_0646,entity_0647,train
pair_003040,query,entity_0199,entity_0507,0,entity_0507,entity_0199,entity_0199,entity_0507,test
pair_003041,query,entity_0932,entity_0933,1,entity_0932,entity_0933,entity_0933,entity_0932,test
pair_003042,query,entity_0675,entity_0678,1,entity_0675,entity_0678,entity_0678,entity_0675,test
pair_003043,demo,entity_0906,entity_0907,1,entity_0907,entity_0906,entity_0906,entity_0907,train
pair_003044,demo,entity_0334,entity_0760,0,entity_0334,entity_0760,entity_0760,entity_0334,train
pair_003045,demo,entity_0263,entity_0908,0,entity_0263,entity_0908,entity_0908,entity_0263,train
pair_003046,query,entity_0039,entity_0765,0,entity_0765,entity_0039,entity_0039,entity_0765,test
pair_003047,query,entity_0117,entity_0118,1,entity_0117,entity_0118,entity_0118,entity_0117,test
pair_003048,demo,entity_0467,entity_0770,0,entity_0467,entity_0770,entity_0770,entity_0467,train
pair_003049,demo,entity_0141,entity_0147,1,entity_0141,entity_0147,entity_0147,entity_0141,train
pair_003050,query,entity_0617,entity_0731,0,entity_0731,entity_0617,entity_0617,entity_0731,test
pair_003051,query,entity_0144,entity_0145,1,entity_0144,entity_0145,entity_0145,entity_0144,test
pair_003052,demo,entity_0203,entity_0857,0,entity_0857,entity_0203,entity_0203,entity_0857,train
pair_003053,query,entity_0596,entity_0629,0,entity_0629,entity_0596,entity_0596,entity_0629,test
pair_003054,query,entity_0442,entity_0445,1,entity_0445,entity_0442,entity_0442,entity_0445,test
pair_003055,demo,entity_0284,entity_0289,1,entity_0284,entity_0289,entity_0289,entity_0284,train
pair_003056,demo,entity_0082,entity_0090,1,entity_0082,entity_0090,entity_0090,entity_0082,train
pair_003057,demo,entity_0146,entity_0805,0,entity_0146,entity_0805,entity_0805,entity_0146,train
pair_003058,demo,entity_0393,entity_0397,1,entity_0397,entity_0393,entity_0393,entity_0397,train
pair_003059,demo,entity_0864,entity_0933,0,entity_0933,entity_0864,entity_0864,entity_0933,train
pair_003060,query,entity_0358,entity_0615,0,entity_0615,entity_0358,entity_0358,entity_0615,test
pair_003061,query,entity_0893,entity_0899,1,entity_0899,entity_0893,entity_0893,entity_0899,validation
pair_003062,demo,entity_0242,entity_0248,1,entity_0248,entity_0242,entity_0242,entity_0248,train
pair_003063,query,entity_0972,entity_0973,1,entity_0972,entity_0973,entity_0973,entity_0972,test
pair_003064,query,entity_0134,entity_0500,0,entity_0500,entity_0134,entity_0134,entity_0500,test
pair_003065,demo,entity_0524,entity_0943,0,entity_0524,entity_0943,entity_0943,entity_0524,train
pair_003066,demo,entity_0758,entity_0760,1,entity_0758,entity_0760,entity_0760,entity_0758,train
pair_003067,query,entity_0261,entity_0267,1,entity_0267,entity_0261,entity_0261,entity_0267,test
pair_003068,demo,entity_0099,entity_0423,0,entity_0423,entity_0099,entity_0099,entity_0423,train
pair_003069,query,entity_0475,entity_0995,0,entity_0475,entity_0995,entity_0995,entity_0475,validation
pair_003070,demo,entity_0572,entity_0575,1,entity_0572,entity_0575,entity_0575,entity_0572,train
pair_003071,demo,entity_0773,entity_0774,1,entity_0773,entity_0774,entity_0774,entity_0773,train
pair_003072,query,entity_0042,entity_0045,1,entity_0045,entity_0042,entity_0042,entity_0045,test
pair_003073,demo,entity_0076,entity_0466,0,entity_0466,entity_0076,entity_0076,entity_0466,train
pair_003074,query,entity_0683,entity_0685,1,entity_0683,entity_0685,entity_0685,entity_0683,test
pair_003075,demo,entity_0843,entity_0905,0,entity_0905,entity_0843,entity_0843,entity_0905,train
pair_003076,demo,entity_0866,entity_0870,1,entity_0866,entity_0870,entity_0870,entity_0866,train
pair_003077,query,entity_0584,entity_0585,1,entity_0584,entity_0585,entity_0585,entity_0584,test
pair_003078,demo,entity_0245,entity_0247,1,entity_0245,entity_0247,entity_0247,entity_0245,train
pair_003079,query,entity_0396,entity_0398,1,entity_0396,entity_0398,entity_0398,entity_0396,validation
pair_003080,query,entity_0218,entity_0220,1,entity_0220,entity_0218,entity_0218,entity_0220,test
pair_003081,demo,entity_0300,entity_0349,0,entity_0300,entity_0349,entity_0349,entity_0300,train
pair_003082,query,entity_0242,entity_0280,0,entity_0242,entity_0280,entity_0280,entity_0242,test
pair_003083,query,entity_0083,entity_0569,0,entity_0083,entity_0569,entity_0569,entity_0083,validation
pair_003084,demo,entity_0164,entity_0694,0,entity_0694,entity_0164,entity_0164,entity_0694,train
pair_003085,query,entity_0029,entity_0396,0,entity_0029,entity_0396,entity_0396,entity_0029,test
pair_003086,query,entity_0291,entity_0297,1,entity_0291,entity_0297,entity_0297,entity_0291,test
pair_003087,demo,entity_0953,entity_0959,1,entity_0959,entity_0953,entity_0953,entity_0959,train
pair_003088,demo,entity_0002,entity_0010,1,entity_0010,entity_0002,entity_0002,entity_0010,train
pair_003089,demo,entity_0033,entity_0037,1,entity_0037,entity_0033,entity_0033,entity_0037,train
pair_003090,demo,entity_0666,entity_0669,1,entity_0669,entity_0666,entity_0666,entity_0669,train
pair_003091,query,entity_0533,entity_0534,1,entity_0533,entity_0534,entity_0534,entity_0533,test
pair_003092,query,entity_0377,entity_0666,0,entity_0377,entity_0666,entity_0666,entity_0377,test
pair_003093,query,entity_0182,entity_0188,1,entity_0182,entity_0188,entity_0188,entity_0182,test
pair_003094,demo,entity_0536,entity_0985,0,entity_0985,entity_0536,entity_0536,entity_0985,train
pair_003095,demo,entity_0795,entity_0965,0,entity_0965,entity_0795,entity_0795,entity_0965,train
pair_003096,query,entity_0178,entity_0659,0,entity_0178,entity_0659,entity_0659,entity_0178,test
pair_003097,query,entity_0596,entity_0866,0,entity_0866,entity_0596,entity_0596,entity_0866,test
pair_003098,demo,entity_0821,entity_0825,1,entity_0821,entity_0825,entity_0825,entity_0821,train
pair_003099,demo,entity_0091,entity_0959,0,entity_0091,entity_0959,entity_0959,entity_0091,train
pair_003100,query,entity_0041,entity_0048,1,entity_0041,entity_0048,entity_0048,entity_0041,test
pair_003101,demo,entity_0653,entity_0654,1,entity_0654,entity_0653,entity_0653,entity_0654,train
pair_003102,demo,entity_0251,entity_0253,1,entity_0251,entity_0253,entity_0253,entity_0251,train
pair_003103,query,entity_0501,entity_0506,1,entity_0501,entity_0506,entity_0506,entity_0501,test
pair_003104,query,entity_0246,entity_0247,1,entity_0246,entity_0247,entity_0247,entity_0246,test
pair_003105,demo,entity_0832,entity_0834,1,entity_0834,entity_0832,entity_0832,entity_0834,train
pair_003106,query,entity_0211,entity_0218,1,entity_0211,entity_0218,entity_0218,entity_0211,test
pair_003107,demo,entity_0425,entity_0877,0,entity_0425,entity_0877,entity_0877,entity_0425,train
pair_003108,query,entity_0741,entity_0749,1,entity_0741,entity_0749,entity_0749,entity_0741,test
pair_003109,demo,entity_0371,entity_0584,0,entity_0584,entity_0371,entity_0371,entity_0584,train
pair_003110,query,entity_0557,entity_0822,0,entity_0557,entity_0822,entity_0822,entity_0557,test
pair_003111,query,entity_0805,entity_0808,1,entity_0805,entity_0808,entity_0808,entity_0805,test
pair_003112,demo,entity_0516,entity_0897,0,entity_0897,entity_0516,entity_0516,entity_0897,train
pair_003113,demo,entity_0325,entity_0329,1,entity_0325,entity_0329,entity_0329,entity_0325,train
pair_003114,query,entity_0592,entity_0596,1,entity_0596,entity_0592,entity_0592,entity_0596,test
pair_003115,demo,entity_0408,entity_0410,1,entity_0410,entity_0408,entity_0408,entity_0410,train
pair_003116,query,entity_0177,entity_0678,0,entity_0678,entity_0177,entity_0177,entity_0678,test
pair_003117,query,entity_0736,entity_0738,1,entity_0738,entity_0736,entity_0736,entity_0738,validation
pair_003118,demo,entity_0866,entity_0869,1,entity_0869,entity_0866,entity_0866,entity_0869,train
pair_003119,demo,entity_0505,entity_0508,1,entity_0505,entity_0508,entity_0508,entity_0505,train
pair_003120,query,entity_0342,entity_0537,0,entity_0342,entity_0537,entity_0537,entity_0342,validation
pair_003121,query,entity_0195,entity_0999,0,entity_0999,entity_0195,entity_0195,entity_0999,test
pair_003122,query,entity_0552,entity_0937,0,entity_0937,entity_0552,entity_0552,entity_0937,test
pair_003123,demo,entity_0919,entity_0920,1,entity_0920,entity_0919,entity_0919,entity_0920,train
pair_003124,demo,entity_0521,entity_0524,1,entity_0524,entity_0521,entity_0521,entity_0524,train
pair_003125,demo,entity_0791,entity_0795,1,entity_0795,entity_0791,entity_0791,entity_0795,train
pair_003126,query,entity_0098,entity_0099,1,entity_0098,entity_0099,entity_0099,entity_0098,test
pair_003127,query,entity_0098,entity_0657,0,entity_0657,entity_0098,entity_0098,entity_0657,test
pair_003128,demo,entity_0283,entity_0287,1,entity_0287,entity_0283,entity_0283,entity_0287,train
pair_003129,demo,entity_0040,entity_0770,0,entity_0040,entity_0770,entity_0770,entity_0040,train
pair_003130,demo,entity_0573,entity_0578,1,entity_0578,entity_0573,entity_0573,entity_0578,train
pair_003131,demo,entity_0007,entity_0913,0,entity_0007,entity_0913,entity_0913,entity_0007,train
pair_003132,demo,entity_0675,entity_0972,0,entity_0972,entity_0675,entity_0675,entity_0972,train
pair_003133,demo,entity_0155,entity_0261,0,entity_0261,entity_0155,entity_0155,entity_0261,train
pair_003134,demo,entity_0202,entity_0711,0,entity_0202,entity_0711,entity_0711,entity_0202,train
pair_003135,query,entity_0152,entity_0156,1,entity_0156,entity_0152,entity_0152,entity_0156,test
pair_003136,query,entity_0603,entity_0608,1,entity_0603,entity_0608,entity_0608,entity_0603,validation
pair_003137,demo,entity_0271,entity_0278,1,entity_0278,entity_0271,entity_0271,entity_0278,train
pair_003138,query,entity_0573,entity_0580,1,entity_0573,entity_0580,entity_0580,entity_0573,test
pair_003139,query,entity_0207,entity_0248,0,entity_0207,entity_0248,entity_0248,entity_0207,test
pair_003140,demo,entity_0724,entity_0729,1,entity_0724,entity_0729,entity_0729,entity_0724,train
pair_003141,demo,entity_0311,entity_0950,0,entity_0311,entity_0950,entity_0950,entity_0311,train
pair_003142,demo,entity_0785,entity_0790,1,entity_0790,entity_0785,entity_0785,entity_0790,train
pair_003143,demo,entity_0402,entity_0590,0,entity_0590,entity_0402,entity_0402,entity_0590,train
pair_003144,query,entity_0423,entity_0935,0,entity_0423,entity_0935,entity_0935,entity_0423,test
pair_003145,demo,entity_0134,entity_0993,0,entity_0993,entity_0134,entity_0134,entity_0993,train
pair_003146,query,entity_0286,entity_0833,0,entity_0833,entity_0286,entity_0286,entity_0833,test
pair_003147,query,entity_0032,entity_0036,1,entity_0036,entity_0032,entity_0032,entity_0036,test
pair_003148,demo,entity_0443,entity_0962,0,entity_0962,entity_0443,entity_0443,entity_0962,train
pair_003149,query,entity_0842,entity_0848,1,entity_0848,entity_0842,entity_0842,entity_0848,validation
pair_003150,demo,entity_0151,entity_0160,1,entity_0160,entity_0151,entity_0151,entity_0160,train
pair_003151,query,entity_0150,entity_0523,0,entity_0523,entity_0150,entity_0150,entity_0523,validation
pair_003152,query,entity_0111,entity_0656,0,entity_0656,entity_0111,entity_0111,entity_0656,test
pair_003153,demo,entity_0907,entity_0909,1,entity_0909,entity_0907,entity_0907,entity_0909,train
pair_003154,demo,entity_0311,entity_0312,1,entity_0311,entity_0312,entity_0312,entity_0311,train
pair_003155,demo,entity_0152,entity_0154,1,entity_0152,entity_0154,entity_0154,entity_0152,train
pair_003156,demo,entity_0221,entity_0420,0,entity_0221,entity_0420,entity_0420,entity_0221,train
pair_003157,demo,entity_0177,entity_0427,0,entity_0427,entity_0177,entity_0177,entity_0427,train
pair_003158,demo,entity_0241,entity_0689,0,entity_0241,entity_0689,entity_0689,entity_0241,train
pair_003159,query,entity_0577,entity_0580,1,entity_0577,entity_0580,entity_0580,entity_0577,test
pair_003160,demo,entity_0526,entity_0570,0,entity_0570,entity_0526,entity_0526,entity_0570,train
pair_003161,demo,entity_0304,entity_0309,1,entity_0304,entity_0309,entity_0309,entity_0304,train
pair_003162,query,entity_0618,entity_0785,0,entity_0618,entity_0785,entity_0785,entity_0618,validation
pair_003163,demo,entity_0069,entity_0173,0,entity_0173,entity_0069,entity_0069,entity_0173,train
pair_003164,query,entity_0072,entity_0679,0,entity_0072,entity_0679,entity_0679,entity_0072,test
pair_003165,demo,entity_0067,entity_0071,0,entity_0071,entity_0067,entity_0067,entity_0071,train
pair_003166,demo,entity_0766,entity_0875,0,entity_0875,entity_0766,entity_0766,entity_0875,train
pair_003167,demo,entity_0231,entity_0783,0,entity_0231,entity_0783,entity_0783,entity_0231,train
pair_003168,demo,entity_0443,entity_0444,1,entity_0444,entity_0443,entity_0443,entity_0444,train
pair_003169,demo,entity_0033,entity_0039,1,entity_0039,entity_0033,entity_0033,entity_0039,train
pair_003170,demo,entity_0547,entity_0550,1,entity_0547,entity_0550,entity_0550,entity_0547,train
pair_003171,query,entity_0200,entity_0561,0,entity_0200,entity_0561,entity_0561,entity_0200,test
pair_003172,demo,entity_0387,entity_0702,0,entity_0387,entity_0702,entity_0702,entity_0387,train
pair_003173,query,entity_0043,entity_0049,1,entity_0049,entity_0043,entity_0043,entity_0049,test
pair_003174,query,entity_0437,entity_0721,0,entity_0721,entity_0437,entity_0437,entity_0721,test
pair_003175,query,entity_0511,entity_0517,1,entity_0511,entity_0517,entity_0517,entity_0511,test
pair_003176,demo,entity_0392,entity_0399,1,entity_0392,entity_0399,entity_0399,entity_0392,train
pair_003177,demo,entity_0528,entity_0830,0,entity_0830,entity_0528,entity_0528,entity_0830,train
pair_003178,query,entity_0513,entity_0517,1,entity_0513,entity_0517,entity_0517,entity_0513,test
pair_003179,demo,entity_0339,entity_0637,0,entity_0637,entity_0339,entity_0339,entity_0637,train
pair_003180,demo,entity_0074,entity_0518,0,entity_0074,entity_0518,entity_0518,entity_0074,train
pair_003181,demo,entity_0137,entity_0675,0,entity_0675,entity_0137,entity_0137,entity_0675,train
pair_003182,demo,entity_0886,entity_0887,1,entity_0886,entity_0887,entity_0887,entity_0886,train
pair_003183,demo,entity_0164,entity_0166,1,entity_0164,entity_0166,entity_0166,entity_0164,train
pair_003184,query,entity_0864,entity_0865,1,entity_0864,entity_0865,entity_0865,entity_0864,test
pair_003185,query,entity_0551,entity_0652,0,entity_0652,entity_0551,entity_0551,entity_0652,test
pair_003186,demo,entity_0861,entity_0863,1,entity_0863,entity_0861,entity_0861,entity_0863,train
pair_003187,query,entity_0265,entity_0881,0,entity_0881,entity_0265,entity_0265,entity_0881,validation
pair_003188,demo,entity_0812,entity_0819,1,entity_0819,entity_0812,entity_0812,entity_0819,train
pair_003189,query,entity_0573,entity_0858,0,entity_0573,entity_0858,entity_0858,entity_0573,test
pair_003190,demo,entity_0484,entity_0536,0,entity_0536,entity_0484,entity_0484,entity_0536,train
pair_003191,query,entity_0052,entity_0053,1,entity_0053,entity_0052,entity_0052,entity_0053,test
pair_003192,query,entity_0108,entity_0900,0,entity_0900,entity_0108,entity_0108,entity_0900,test
pair_003193,demo,entity_0654,entity_0984,0,entity_0654,entity_0984,entity_0984,entity_0654,train
pair_003194,query,entity_0918,entity_0920,1,entity_0918,entity_0920,entity_0920,entity_0918,test
pair_003195,query,entity_0107,entity_0108,1,entity_0108,entity_0107,entity_0107,entity_0108,test
pair_003196,query,entity_0131,entity_0133,1,entity_0131,entity_0133,entity_0133,entity_0131,test
pair_003197,demo,entity_0901,entity_0908,1,entity_0908,entity_0901,entity_0901,entity_0908,train
pair_003198,query,entity_0405,entity_0732,0,entity_0405,entity_0732,entity_0732,entity_0405,test
pair_003199,demo,entity_0578,entity_0684,0,entity_0684,entity_0578,entity_0578,entity_0684,train
pair_003200,demo,entity_0569,entity_0731,0,entity_0731,entity_0569,entity_0569,entity_0731,train
pair_003201,demo,entity_0113,entity_0844,0,entity_0113,entity_0844,entity_0844,entity_0113,train
pair_003202,query,entity_0611,entity_0771,0,entity_0611,entity_0771,entity_0771,entity_0611,test
pair_003203,demo,entity_0115,entity_0858,0,entity_0115,entity_0858,entity_0858,entity_0115,train
pair_003204,query,entity_0132,entity_0140,1,entity_0140,entity_0132,entity_0132,entity_0140,test
pair_003205,demo,entity_0202,entity_0205,1,entity_0202,entity_0205,entity_0205,entity_0202,train
pair_003206,query,entity_0073,entity_0074,1,entity_0074,entity_0073,entity_0073,entity_0074,test
pair_003207,demo,entity_0381,entity_0382,1,entity_0382,entity_0381,entity_0381,entity_0382,train
pair_003208,demo,entity_0034,entity_0039,1,entity_0034,entity_0039,entity_0039,entity_0034,train
pair_003209,query,entity_0464,entity_0465,1,entity_0465,entity_0464,entity_0464,entity_0465,test
pair_003210,query,entity_0968,entity_0982,0,entity_0982,entity_0968,entity_0968,entity_0982,validation
pair_003211,query,entity_0413,entity_0681,0,entity_0681,entity_0413,entity_0413,entity_0681,test
pair_003212,query,entity_0574,entity_0580,1,entity_0574,entity_0580,entity_0580,entity_0574,validation
pair_003213,demo,entity_0762,entity_0812,0,entity_0762,entity_0812,entity_0812,entity_0762,train
pair_003214,demo,entity_0636,entity_0844,0,entity_0844,entity_0636,entity_0636,entity_0844,train
pair_003215,query,entity_0086,entity_0971,0,entity_0971,entity_0086,entity_0086,entity_0971,test
pair_003216,demo,entity_0110,entity_0186,0,entity_0186,entity_0110,entity_0110,entity_0186,train
pair_003217,query,entity_0147,entity_0803,0,entity_0803,entity_0147,entity_0147,entity_0803,test
pair_003218,query,entity_0037,entity_0685,0,entity_0685,entity_0037,entity_0037,entity_0685,test
pair_003219,demo,entity_0032,entity_0035,1,entity_0035,entity_0032,entity_0032,entity_0035,train
pair_003220,demo,entity_0559,entity_0976,0,entity_0976,entity_0559,entity_0559,entity_0976,train
pair_003221,query,entity_0201,entity_0210,1,entity_0210,entity_0201,entity_0201,entity_0210,test
pair_003222,query,entity_0181,entity_0654,0,entity_0654,entity_0181,entity_0181,entity_0654,test
pair_003223,demo,entity_0352,entity_0360,1,entity_0360,entity_0352,entity_0352,entity_0360,train
pair_003224,query,entity_0030,entity_0721,0,entity_0030,entity_0721,entity_0721,entity_0030,test
pair_003225,query,entity_0469,entity_0596,0,entity_0469,entity_0596,entity_0596,entity_0469,test
pair_003226,demo,entity_0145,entity_0150,1,entity_0145,entity_0150,entity_0150,entity_0145,train
pair_003227,demo,entity_0716,entity_0719,1,entity_0719,entity_0716,entity_0716,entity_0719,train
pair_003228,query,entity_0177,entity_0306,0,entity_0177,entity_0306,entity_0306,entity_0177,test
pair_003229,demo,entity_0647,entity_0649,1,entity_0649,entity_0647,entity_0647,entity_0649,train
pair_003230,query,entity_0831,entity_0839,1,entity_0839,entity_0831,entity_0831,entity_0839,test
pair_003231,query,entity_0901,entity_0910,1,entity_0901,entity_0910,entity_0910,entity_0901,test
pair_003232,demo,entity_0723,entity_0816,0,entity_0816,entity_0723,entity_0723,entity_0816,train
pair_003233,query,entity_0167,entity_0894,0,entity_0167,entity_0894,entity_0894,entity_0167,test
pair_003234,query,entity_0668,entity_0670,1,entity_0668,entity_0670,entity_0670,entity_0668,test
pair_003235,query,entity_0234,entity_0235,1,entity_0235,entity_0234,entity_0234,entity_0235,test
pair_003236,query,entity_0125,entity_0172,0,entity_0125,entity_0172,entity_0172,entity_0125,test
pair_003237,demo,entity_0594,entity_0814,0,entity_0594,entity_0814,entity_0814,entity_0594,train
pair_003238,query,entity_0767,entity_0837,0,entity_0767,entity_0837,entity_0837,entity_0767,test
pair_003239,demo,entity_0644,entity_0645,1,entity_0644,entity_0645,entity_0645,entity_0644,train
pair_003240,query,entity_0268,entity_0270,1,entity_0270,entity_0268,entity_0268,entity_0270,test
pair_003241,demo,entity_0165,entity_0170,1,entity_0170,entity_0165,entity_0165,entity_0170,train
pair_003242,query,entity_0037,entity_0548,0,entity_0548,entity_0037,entity_0037,entity_0548,test
pair_003243,query,entity_0784,entity_0785,1,entity_0784,entity_0785,entity_0785,entity_0784,validation
pair_003244,query,entity_0295,entity_0300,1,entity_0295,entity_0300,entity_0300,entity_0295,test
pair_003245,demo,entity_0082,entity_0137,0,entity_0082,entity_0137,entity_0137,entity_0082,train
pair_003246,query,entity_0652,entity_0654,1,entity_0652,entity_0654,entity_0654,entity_0652,test
pair_003247,demo,entity_0437,entity_0944,0,entity_0944,entity_0437,entity_0437,entity_0944,train
pair_003248,demo,entity_0277,entity_0278,1,entity_0278,entity_0277,entity_0277,entity_0278,train
pair_003249,demo,entity_0834,entity_0839,1,entity_0834,entity_0839,entity_0839,entity_0834,train
pair_003250,query,entity_0085,entity_0089,1,entity_0085,entity_0089,entity_0089,entity_0085,test
pair_003251,query,entity_0481,entity_0654,0,entity_0481,entity_0654,entity_0654,entity_0481,test
pair_003252,query,entity_0567,entity_0758,0,entity_0758,entity_0567,entity_0567,entity_0758,validation
pair_003253,demo,entity_0676,entity_0680,1,entity_0676,entity_0680,entity_0680,entity_0676,train
pair_003254,demo,entity_0463,entity_0482,0,entity_0463,entity_0482,entity_0482,entity_0463,train
pair_003255,query,entity_0852,entity_0853,1,entity_0852,entity_0853,entity_0853,entity_0852,test
pair_003256,query,entity_0519,entity_0680,0,entity_0680,entity_0519,entity_0519,entity_0680,test
pair_003257,query,entity_0492,entity_0800,0,entity_0800,entity_0492,entity_0492,entity_0800,test
pair_003258,demo,entity_0260,entity_0617,0,entity_0260,entity_0617,entity_0617,entity_0260,train
pair_003259,demo,entity_0236,entity_0443,0,entity_0443,entity_0236,entity_0236,entity_0443,train
pair_003260,query,entity_0033,entity_0035,1,entity_0035,entity_0033,entity_0033,entity_0035,validation
pair_003261,query,entity_0854,entity_0860,1,entity_0854,entity_0860,entity_0860,entity_0854,test
pair_003262,query,entity_0125,entity_0455,0,entity_0455,entity_0125,entity_0125,entity_0455,test
pair_003263,query,entity_0433,entity_0907,0,entity_0907,entity_0433,entity_0433,entity_0907,test
pair_003264,demo,entity_0173,entity_0371,0,entity_0173,entity_0371,entity_0371,entity_0173,train
pair_003265,demo,entity_0311,entity_0315,1,entity_0311,entity_0315,entity_0315,entity_0311,train
pair_003266,demo,entity_0665,entity_0666,1,entity_0665,entity_0666,entity_0666,entity_0665,train
pair_003267,query,entity_0622,entity_0623,1,entity_0623,entity_0622,entity_0622,entity_0623,test
pair_003268,demo,entity_0394,entity_0396,1,entity_0394,entity_0396,entity_0396,entity_0394,train
pair_003269,query,entity_0496,entity_0983,0,entity_0496,entity_0983,entity_0983,entity_0496,test
pair_003270,demo,entity_0486,entity_0614,0,entity_0486,entity_0614,entity_0614,entity_0486,train
pair_003271,query,entity_0403,entity_0405,1,entity_0403,entity_0405,entity_0405,entity_0403,test
pair_003272,query,entity_0963,entity_0965,1,entity_0965,entity_0963,entity_0963,entity_0965,test
pair_003273,demo,entity_0553,entity_0554,1,entity_0554,entity_0553,entity_0553,entity_0554,train
pair_003274,query,entity_0275,entity_0961,0,entity_0275,entity_0961,entity_0961,entity_0275,test
pair_003275,query,entity_0382,entity_0386,1,entity_0382,entity_0386,entity_0386,entity_0382,validation
pair_003276,query,entity_0323,entity_0327,1,entity_0323,entity_0327,entity_0327,entity_0323,test
pair_003277,query,entity_0858,entity_0859,1,entity_0858,entity_0859,entity_0859,entity_0858,test
pair_003278,demo,entity_0082,entity_0085,1,entity_0085,entity_0082,entity_0082,entity_0085,train
pair_003279,query,entity_0006,entity_0010,1,entity_0006,entity_0010,entity_0010,entity_0006,test
pair_003280,demo,entity_0811,entity_0940,0,entity_0940,entity_0811,entity_0811,entity_0940,train
pair_003281,query,entity_0855,entity_0856,1,entity_0856,entity_0855,entity_0855,entity_0856,test
pair_003282,demo,entity_0503,entity_0816,0,entity_0503,entity_0816,entity_0816,entity_0503,train
pair_003283,demo,entity_0925,entity_0926,1,entity_0926,entity_0925,entity_0925,entity_0926,train
pair_003284,demo,entity_0456,entity_0808,0,entity_0456,entity_0808,entity_0808,entity_0456,train
pair_003285,demo,entity_0286,entity_0288,1,entity_0288,entity_0286,entity_0286,entity_0288,train
pair_003286,query,entity_0578,entity_0643,0,entity_0643,entity_0578,entity_0578,entity_0643,test
pair_003287,demo,entity_0375,entity_0377,1,entity_0375,entity_0377,entity_0377,entity_0375,train
pair_003288,demo,entity_0674,entity_0735,0,entity_0735,entity_0674,entity_0674,entity_0735,train
pair_003289,query,entity_0253,entity_0878,0,entity_0878,entity_0253,entity_0253,entity_0878,validation
pair_003290,query,entity_0792,entity_0793,1,entity_0792,entity_0793,entity_0793,entity_0792,validation
pair_003291,demo,entity_0169,entity_0919,0,entity_0919,entity_0169,entity_0169,entity_0919,train
pair_003292,demo,entity_0352,entity_0357,1,entity_0357,entity_0352,entity_0352,entity_0357,train
pair_003293,query,entity_0774,entity_0780,1,entity_0780,entity_0774,entity_0774,entity_0780,validation
pair_003294,query,entity_0564,entity_0566,1,entity_0566,entity_0564,entity_0564,entity_0566,test
pair_003295,query,entity_0674,entity_0892,0,entity_0892,entity_0674,entity_0674,entity_0892,test
pair_003296,demo,entity_0585,entity_0587,1,entity_0587,entity_0585,entity_0585,entity_0587,train
pair_003297,query,entity_0544,entity_0736,0,entity_0544,entity_0736,entity_0736,entity_0544,validation
pair_003298,query,entity_0679,entity_0918,0,entity_0918,entity_0679,entity_0679,entity_0918,validation
pair_003299,demo,entity_0795,entity_0798,1,entity_0795,entity_0798,entity_0798,entity_0795,train
pair_003300,query,entity_0015,entity_0721,0,entity_0721,entity_0015,entity_0015,entity_0721,test
pair_003301,demo,entity_0351,entity_0681,0,entity_0681,entity_0351,entity_0351,entity_0681,train
pair_003302,query,entity_0769,entity_0825,0,entity_0825,entity_0769,entity_0769,entity_0825,test
pair_003303,demo,entity_0564,entity_0565,1,entity_0565,entity_0564,entity_0564,entity_0565,train
pair_003304,query,entity_0539,entity_0540,1,entity_0540,entity_0539,entity_0539,entity_0540,test
pair_003305,query,entity_0221,entity_0668,0,entity_0221,entity_0668,entity_0668,entity_0221,test
pair_003306,query,entity_0408,entity_0871,0,entity_0408,entity_0871,entity_0871,entity_0408,test
pair_003307,demo,entity_0374,entity_0377,1,entity_0374,entity_0377,entity_0377,entity_0374,train
pair_003308,demo,entity_0281,entity_0287,1,entity_0287,entity_0281,entity_0281,entity_0287,train
pair_003309,query,entity_0602,entity_0603,1,entity_0602,entity_0603,entity_0603,entity_0602,test
pair_003310,query,entity_0320,entity_0695,0,entity_0320,entity_0695,entity_0695,entity_0320,test
pair_003311,query,entity_0529,entity_0950,0,entity_0950,entity_0529,entity_0529,entity_0950,test
pair_003312,query,entity_0287,entity_0568,0,entity_0287,entity_0568,entity_0568,entity_0287,validation
pair_003313,demo,entity_0137,entity_0780,0,entity_0137,entity_0780,entity_0780,entity_0137,train
pair_003314,demo,entity_0126,entity_0127,1,entity_0126,entity_0127,entity_0127,entity_0126,train
pair_003315,demo,entity_0592,entity_0597,1,entity_0597,entity_0592,entity_0592,entity_0597,train
pair_003316,query,entity_0219,entity_0435,0,entity_0219,entity_0435,entity_0435,entity_0219,test
pair_003317,demo,entity_0078,entity_0079,1,entity_0079,entity_0078,entity_0078,entity_0079,train
pair_003318,demo,entity_0190,entity_0678,0,entity_0190,entity_0678,entity_0678,entity_0190,train
pair_003319,demo,entity_0682,entity_0687,1,entity_0682,entity_0687,entity_0687,entity_0682,train
pair_003320,query,entity_0585,entity_0917,0,entity_0917,entity_0585,entity_0585,entity_0917,test
pair_003321,query,entity_0665,entity_0878,0,entity_0665,entity_0878,entity_0878,entity_0665,validation
pair_003322,query,entity_0971,entity_0972,1,entity_0972,entity_0971,entity_0971,entity_0972,test
pair_003323,demo,entity_0037,entity_0687,0,entity_0037,entity_0687,entity_0687,entity_0037,train
pair_003324,demo,entity_0461,entity_0466,1,entity_0466,entity_0461,entity_0461,entity_0466,train
pair_003325,demo,entity_0925,entity_0930,1,entity_0930,entity_0925,entity_0925,entity_0930,train
pair_003326,demo,entity_0411,entity_0415,1,entity_0411,entity_0415,entity_0415,entity_0411,train
pair_003327,demo,entity_0138,entity_0835,0,entity_0835,entity_0138,entity_0138,entity_0835,train
pair_003328,demo,entity_0166,entity_0579,0,entity_0579,entity_0166,entity_0166,entity_0579,train
pair_003329,demo,entity_0012,entity_0781,0,entity_0012,entity_0781,entity_0781,entity_0012,train
pair_003330,demo,entity_0061,entity_0068,1,entity_0068,entity_0061,entity_0061,entity_0068,train
pair_003331,query,entity_0555,entity_0853,0,entity_0853,entity_0555,entity_0555,entity_0853,test
pair_003332,query,entity_0984,entity_0986,1,entity_0986,entity_0984,entity_0984,entity_0986,test
pair_003333,query,entity_0117,entity_0120,1,entity_0117,entity_0120,entity_0120,entity_0117,test
pair_003334,demo,entity_0177,entity_0839,0,entity_0839,entity_0177,entity_0177,entity_0839,train
pair_003335,query,entity_0039,entity_0040,1,entity_0040,entity_0039,entity_0039,entity_0040,validation
pair_003336,demo,entity_0027,entity_0681,0,entity_0027,entity_0681,entity_0681,entity_0027,train
pair_003337,demo,entity_0030,entity_0847,0,entity_0030,entity_0847,entity_0847,entity_0030,train
pair_003338,query,entity_0811,entity_0815,1,entity_0815,entity_0811,entity_0811,entity_0815,test
pair_003339,query,entity_0552,entity_0560,1,entity_0560,entity_0552,entity_0552,entity_0560,test
pair_003340,query,entity_0727,entity_0730,1,entity_0727,entity_0730,entity_0730,entity_0727,test
pair_003341,query,entity_0811,entity_0819,1,entity_0811,entity_0819,entity_0819,entity_0811,validation
pair_003342,query,entity_0812,entity_0813,1,entity_0813,entity_0812,entity_0812,entity_0813,test
pair_003343,query,entity_0171,entity_0172,1,entity_0171,entity_0172,entity_0172,entity_0171,validation
pair_003344,query,entity_0367,entity_0697,0,entity_0367,entity_0697,entity_0697,entity_0367,test
pair_003345,query,entity_0336,entity_0340,1,entity_0336,entity_0340,entity_0340,entity_0336,test
pair_003346,query,entity_0016,entity_0351,0,entity_0016,entity_0351,entity_0351,entity_0016,validation
pair_003347,query,entity_0536,entity_0540,1,entity_0536,entity_0540,entity_0540,entity_0536,validation
pair_003348,query,entity_0141,entity_0852,0,entity_0141,entity_0852,entity_0852,entity_0141,test
pair_003349,query,entity_0288,entity_0741,0,entity_0741,entity_0288,entity_0288,entity_0741,test
pair_003350,query,entity_0057,entity_0196,0,entity_0196,entity_0057,entity_0057,entity_0196,test
pair_003351,demo,entity_0214,entity_0942,0,entity_0942,entity_0214,entity_0214,entity_0942,train
pair_003352,query,entity_0892,entity_0897,1,entity_0897,entity_0892,entity_0892,entity_0897,test
pair_003353,query,entity_0287,entity_0288,1,entity_0287,entity_0288,entity_0288,entity_0287,test
pair_003354,demo,entity_0220,entity_0630,0,entity_0630,entity_0220,entity_0220,entity_0630,train
pair_003355,query,entity_0275,entity_0819,0,entity_0275,entity_0819,entity_0819,entity_0275,validation
pair_003356,query,entity_0252,entity_0532,0,entity_0532,entity_0252,entity_0252,entity_0532,test
pair_003357,demo,entity_0261,entity_0270,1,entity_0270,entity_0261,entity_0261,entity_0270,train
pair_003358,query,entity_0442,entity_0447,1,entity_0447,entity_0442,entity_0442,entity_0447,validation
pair_003359,demo,entity_0293,entity_0294,1,entity_0294,entity_0293,entity_0293,entity_0294,train
pair_003360,query,entity_0202,entity_0204,1,entity_0204,entity_0202,entity_0202,entity_0204,validation
pair_003361,demo,entity_0768,entity_0943,0,entity_0943,entity_0768,entity_0768,entity_0943,train
pair_003362,demo,entity_0854,entity_0896,0,entity_0854,entity_0896,entity_0896,entity_0854,train
pair_003363,demo,entity_0538,entity_0628,0,entity_0538,entity_0628,entity_0628,entity_0538,train
pair_003364,query,entity_0762,entity_0772,0,entity_0762,entity_0772,entity_0772,entity_0762,validation
pair_003365,query,entity_0357,entity_0784,0,entity_0357,entity_0784,entity_0784,entity_0357,test
pair_003366,query,entity_0263,entity_0510,0,entity_0263,entity_0510,entity_0510,entity_0263,validation
pair_003367,query,entity_0941,entity_0949,1,entity_0949,entity_0941,entity_0941,entity_0949,test
pair_003368,query,entity_0288,entity_0922,0,entity_0922,entity_0288,entity_0288,entity_0922,test
pair_003369,demo,entity_0228,entity_0532,0,entity_0228,entity_0532,entity_0532,entity_0228,train
pair_003370,demo,entity_0465,entity_0466,1,entity_0465,entity_0466,entity_0466,entity_0465,train
pair_003371,query,entity_0447,entity_0450,1,entity_0450,entity_0447,entity_0447,entity_0450,test
pair_003372,query,entity_0593,entity_0599,1,entity_0593,entity_0599,entity_0599,entity_0593,test
pair_003373,demo,entity_0095,entity_0308,0,entity_0095,entity_0308,entity_0308,entity_0095,train
pair_003374,query,entity_0501,entity_0509,1,entity_0501,entity_0509,entity_0509,entity_0501,test
pair_003375,query,entity_0493,entity_0944,0,entity_0944,entity_0493,entity_0493,entity_0944,test
pair_003376,demo,entity_0132,entity_0955,0,entity_0955,entity_0132,entity_0132,entity_0955,train
pair_003377,query,entity_0146,entity_0732,0,entity_0146,entity_0732,entity_0732,entity_0146,test
pair_003378,query,entity_0087,entity_0381,0,entity_0381,entity_0087,entity_0087,entity_0381,test
pair_003379,demo,entity_0044,entity_0786,0,entity_0044,entity_0786,entity_0786,entity_0044,train
pair_003380,query,entity_0392,entity_0588,0,entity_0392,entity_0588,entity_0588,entity_0392,test
pair_003381,demo,entity_0772,entity_0775,1,entity_0775,entity_0772,entity_0772,entity_0775,train
pair_003382,demo,entity_0159,entity_0160,1,entity_0160,entity_0159,entity_0159,entity_0160,train
pair_003383,query,entity_0823,entity_0948,0,entity_0823,entity_0948,entity_0948,entity_0823,test
pair_003384,demo,entity_0670,entity_0792,0,entity_0670,entity_0792,entity_0792,entity_0670,train
pair_003385,demo,entity_0091,entity_0148,0,entity_0148,entity_0091,entity_0091,entity_0148,train
pair_003386,query,entity_0255,entity_0256,1,entity_0255,entity_0256,entity_0256,entity_0255,test
pair_003387,query,entity_0661,entity_0662,1,entity_0662,entity_0661,entity_0661,entity_0662,test
pair_003388,query,entity_0195,entity_0199,1,entity_0195,entity_0199,entity_0199,entity_0195,test
pair_003389,query,entity_0285,entity_0758,0,entity_0285,entity_0758,entity_0758,entity_0285,test
pair_003390,demo,entity_0458,entity_0836,0,entity_0458,entity_0836,entity_0836,entity_0458,train
pair_003391,demo,entity_0241,entity_0755,0,entity_0755,entity_0241,entity_0241,entity_0755,train
pair_003392,demo,entity_0234,entity_0837,0,entity_0837,entity_0234,entity_0234,entity_0837,train
pair_003393,query,entity_0495,entity_0521,0,entity_0521,entity_0495,entity_0495,entity_0521,test
pair_003394,query,entity_0024,entity_0155,0,entity_0024,entity_0155,entity_0155,entity_0024,validation
pair_003395,query,entity_0410,entity_0878,0,entity_0410,entity_0878,entity_0878,entity_0410,test
pair_003396,query,entity_0104,entity_0107,1,entity_0107,entity_0104,entity_0104,entity_0107,test
pair_003397,query,entity_0410,entity_0522,0,entity_0522,entity_0410,entity_0410,entity_0522,test
pair_003398,query,entity_0641,entity_0644,1,entity_0644,entity_0641,entity_0641,entity_0644,test
pair_003399,query,entity_0241,entity_0745,0,entity_0241,entity_0745,entity_0745,entity_0241,test
pair_003400,demo,entity_0124,entity_0588,0,entity_0124,entity_0588,entity_0588,entity_0124,train
pair_003401,demo,entity_0603,entity_0606,1,entity_0606,entity_0603,entity_0603,entity_0606,train
pair_003402,demo,entity_0834,entity_0838,1,entity_0834,entity_0838,entity_0838,entity_0834,train
pair_003403,query,entity_0222,entity_0230,1,entity_0230,entity_0222,entity_0222,entity_0230,test
pair_003404,demo,entity_0102,entity_0109,1,entity_0109,entity_0102,entity_0102,entity_0109,train
pair_003405,query,entity_0723,entity_0755,0,entity_0755,entity_0723,entity_0723,entity_0755,test
pair_003406,demo,entity_0349,entity_0502,0,entity_0349,entity_0502,entity_0502,entity_0349,train
pair_003407,demo,entity_0522,entity_0833,0,entity_0522,entity_0833,entity_0833,entity_0522,train
pair_003408,query,entity_0984,entity_0985,1,entity_0984,entity_0985,entity_0985,entity_0984,test
pair_003409,query,entity_0020,entity_0668,0,entity_0668,entity_0020,entity_0020,entity_0668,test
pair_003410,demo,entity_0154,entity_0991,0,entity_0154,entity_0991,entity_0991,entity_0154,train
pair_003411,query,entity_0365,entity_0368,1,entity_0368,entity_0365,entity_0365,entity_0368,test
pair_003412,demo,entity_0823,entity_0826,1,entity_0823,entity_0826,entity_0826,entity_0823,train
pair_003413,query,entity_0936,entity_0939,1,entity_0936,entity_0939,entity_0939,entity_0936,test
pair_003414,demo,entity_0274,entity_0279,1,entity_0274,entity_0279,entity_0279,entity_0274,train
pair_003415,query,entity_0062,entity_0669,0,entity_0062,entity_0669,entity_0669,entity_0062,test
pair_003416,demo,entity_0044,entity_0187,0,entity_0044,entity_0187,entity_0187,entity_0044,train
pair_003417,demo,entity_0147,entity_0855,0,entity_0147,entity_0855,entity_0855,entity_0147,train
pair_003418,demo,entity_0804,entity_0807,1,entity_0807,entity_0804,entity_0804,entity_0807,train
pair_003419,query,entity_0021,entity_0025,1,entity_0021,entity_0025,entity_0025,entity_0021,test
pair_003420,demo,entity_0154,entity_0544,0,entity_0154,entity_0544,entity_0544,entity_0154,train
pair_003421,query,entity_0436,entity_0440,1,entity_0436,entity_0440,entity_0440,entity_0436,test
pair_003422,query,entity_0045,entity_0700,0,entity_0700,entity_0045,entity_0045,entity_0700,test
pair_003423,query,entity_0094,entity_0256,0,entity_0094,entity_0256,entity_0256,entity_0094,validation
pair_003424,query,entity_0245,entity_0582,0,entity_0245,entity_0582,entity_0582,entity_0245,validation
pair_003425,query,entity_0461,entity_0465,1,entity_0461,entity_0465,entity_0465,entity_0461,test
pair_003426,demo,entity_0597,entity_0759,0,entity_0759,entity_0597,entity_0597,entity_0759,train
pair_003427,demo,entity_0122,entity_0123,1,entity_0123,entity_0122,entity_0122,entity_0123,train
pair_003428,demo,entity_0853,entity_0856,1,entity_0853,entity_0856,entity_0856,entity_0853,train
pair_003429,demo,entity_0323,entity_0329,1,entity_0329,entity_0323,entity_0323,entity_0329,train
pair_003430,query,entity_0052,entity_0979,0,entity_0979,entity_0052,entity_0052,entity_0979,test
pair_003431,query,entity_0885,entity_0889,1,entity_0889,entity_0885,entity_0885,entity_0889,test
pair_003432,demo,entity_0708,entity_0995,0,entity_0995,entity_0708,entity_0708,entity_0995,train
pair_003433,demo,entity_0698,entity_0851,0,entity_0851,entity_0698,entity_0698,entity_0851,train
pair_003434,query,entity_0294,entity_0560,0,entity_0560,entity_0294,entity_0294,entity_0560,test
pair_003435,demo,entity_0365,entity_0509,0,entity_0365,entity_0509,entity_0509,entity_0365,train
pair_003436,query,entity_0024,entity_0768,0,entity_0024,entity_0768,entity_0768,entity_0024,test
pair_003437,query,entity_0162,entity_0392,0,entity_0162,entity_0392,entity_0392,entity_0162,test
pair_003438,query,entity_0782,entity_0785,1,entity_0785,entity_0782,entity_0782,entity_0785,test
pair_003439,query,entity_0484,entity_0490,1,entity_0490,entity_0484,entity_0484,entity_0490,test
pair_003440,query,entity_0513,entity_0557,0,entity_0513,entity_0557,entity_0557,entity_0513,test
pair_003441,demo,entity_0487,entity_0490,1,entity_0487,entity_0490,entity_0490,entity_0487,train
pair_003442,query,entity_0158,entity_0592,0,entity_0592,entity_0158,entity_0158,entity_0592,test
pair_003443,query,entity_0025,entity_0027,1,entity_0025,entity_0027,entity_0027,entity_0025,test
pair_003444,query,entity_0794,entity_0798,1,entity_0798,entity_0794,entity_0794,entity_0798,test
pair_003445,query,entity_0125,entity_0389,0,entity_0125,entity_0389,entity_0389,entity_0125,test
pair_003446,demo,entity_0257,entity_0258,1,entity_0258,entity_0257,entity_0257,entity_0258,train
pair_003447,demo,entity_0518,entity_0560,0,entity_0560,entity_0518,entity_0518,entity_0560,train
pair_003448,query,entity_0805,entity_0809,1,entity_0809,entity_0805,entity_0805,entity_0809,test
pair_003449,query,entity_0074,entity_0734,0,entity_0734,entity_0074,entity_0074,entity_0734,test
pair_003450,demo,entity_0051,entity_0194,0,entity_0194,entity_0051,entity_0051,entity_0194,train
pair_003451,query,entity_0781,entity_0790,1,entity_0790,entity_0781,entity_0781,entity_0790,test
pair_003452,demo,entity_0003,entity_0051,0,entity_0051,entity_0003,entity_0003,entity_0051,train
pair_003453,demo,entity_0704,entity_0705,1,entity_0704,entity_0705,entity_0705,entity_0704,train
pair_003454,demo,entity_0273,entity_0433,0,entity_0433,entity_0273,entity_0273,entity_0433,train
pair_003455,demo,entity_0941,entity_0948,1,entity_0941,entity_0948,entity_0948,entity_0941,train
pair_003456,query,entity_0362,entity_0369,1,entity_0362,entity_0369,entity_0369,entity_0362,test
pair_003457,query,entity_0769,entity_0821,0,entity_0821,entity_0769,entity_0769,entity_0821,test
pair_003458,demo,entity_0477,entity_0911,0,entity_0477,entity_0911,entity_0911,entity_0477,train
pair_003459,query,entity_0087,entity_0090,1,entity_0090,entity_0087,entity_0087,entity_0090,test
pair_003460,query,entity_0167,entity_0190,0,entity_0167,entity_0190,entity_0190,entity_0167,test
pair_003461,query,entity_0714,entity_0858,0,entity_0714,entity_0858,entity_0858,entity_0714,test
pair_003462,demo,entity_0460,entity_0917,0,entity_0917,entity_0460,entity_0460,entity_0917,train
pair_003463,query,entity_0031,entity_0439,0,entity_0439,entity_0031,entity_0031,entity_0439,test
pair_003464,query,entity_0042,entity_0384,0,entity_0042,entity_0384,entity_0384,entity_0042,test
pair_003465,query,entity_0390,entity_0679,0,entity_0679,entity_0390,entity_0390,entity_0679,test
pair_003466,demo,entity_0107,entity_0905,0,entity_0905,entity_0107,entity_0107,entity_0905,train
pair_003467,query,entity_0734,entity_0902,0,entity_0734,entity_0902,entity_0902,entity_0734,test
pair_003468,demo,entity_0785,entity_0962,0,entity_0962,entity_0785,entity_0785,entity_0962,train
pair_003469,query,entity_0307,entity_0406,0,entity_0307,entity_0406,entity_0406,entity_0307,test
pair_003470,demo,entity_0684,entity_0687,1,entity_0684,entity_0687,entity_0687,entity_0684,train
pair_003471,query,entity_0493,entity_0494,1,entity_0494,entity_0493,entity_0493,entity_0494,test
pair_003472,query,entity_0651,entity_0992,0,entity_0651,entity_0992,entity_0992,entity_0651,test
pair_003473,query,entity_0298,entity_0933,0,entity_0933,entity_0298,entity_0298,entity_0933,test
pair_003474,query,entity_0169,entity_0694,0,entity_0169,entity_0694,entity_0694,entity_0169,validation
pair_003475,demo,entity_0165,entity_0168,1,entity_0168,entity_0165,entity_0165,entity_0168,train
pair_003476,query,entity_0062,entity_0318,0,entity_0318,entity_0062,entity_0062,entity_0318,test
pair_003477,query,entity_0739,entity_0742,0,entity_0739,entity_0742,entity_0742,entity_0739,test
pair_003478,demo,entity_0193,entity_0194,1,entity_0194,entity_0193,entity_0193,entity_0194,train
pair_003479,demo,entity_0268,entity_0269,1,entity_0268,entity_0269,entity_0269,entity_0268,train
pair_003480,query,entity_0018,entity_0201,0,entity_0201,entity_0018,entity_0018,entity_0201,validation
pair_003481,demo,entity_0883,entity_0890,1,entity_0883,entity_0890,entity_0890,entity_0883,train
pair_003482,query,entity_0323,entity_0588,0,entity_0588,entity_0323,entity_0323,entity_0588,test
pair_003483,query,entity_0124,entity_0503,0,entity_0503,entity_0124,entity_0124,entity_0503,test
pair_003484,demo,entity_0297,entity_0784,0,entity_0784,entity_0297,entity_0297,entity_0784,train
pair_003485,query,entity_0802,entity_0809,1,entity_0802,entity_0809,entity_0809,entity_0802,test
pair_003486,query,entity_0191,entity_0195,1,entity_0195,entity_0191,entity_0191,entity_0195,test
pair_003487,demo,entity_0031,entity_0040,1,entity_0031,entity_0040,entity_0040,entity_0031,train
pair_003488,demo,entity_0332,entity_0339,1,entity_0332,entity_0339,entity_0339,entity_0332,train
pair_003489,demo,entity_0332,entity_0464,0,entity_0464,entity_0332,entity_0332,entity_0464,train
pair_003490,demo,entity_0168,entity_0986,0,entity_0986,entity_0168,entity_0168,entity_0986,train
pair_003491,demo,entity_0841,entity_0926,0,entity_0926,entity_0841,entity_0841,entity_0926,train
pair_003492,query,entity_0912,entity_0915,1,entity_0912,entity_0915,entity_0915,entity_0912,test
pair_003493,query,entity_0925,entity_0985,0,entity_0925,entity_0985,entity_0985,entity_0925,test
pair_003494,query,entity_0391,entity_0532,0,entity_0532,entity_0391,entity_0391,entity_0532,test
pair_003495,demo,entity_0603,entity_0610,1,entity_0603,entity_0610,entity_0610,entity_0603,train
pair_003496,query,entity_0396,entity_0858,0,entity_0396,entity_0858,entity_0858,entity_0396,validation
pair_003497,query,entity_0344,entity_0346,1,entity_0346,entity_0344,entity_0344,entity_0346,test
pair_003498,query,entity_0189,entity_0682,0,entity_0189,entity_0682,entity_0682,entity_0189,test
pair_003499,demo,entity_0728,entity_0798,0,entity_0728,entity_0798,entity_0798,entity_0728,train
pair_003500,query,entity_0008,entity_0132,0,entity_0008,entity_0132,entity_0132,entity_0008,test
pair_003501,query,entity_0911,entity_0914,1,entity_0914,entity_0911,entity_0911,entity_0914,validation
pair_003502,demo,entity_0915,entity_0947,0,entity_0915,entity_0947,entity_0947,entity_0915,train
pair_003503,demo,entity_0215,entity_0983,0,entity_0215,entity_0983,entity_0983,entity_0215,train
pair_003504,demo,entity_0612,entity_0717,0,entity_0612,entity_0717,entity_0717,entity_0612,train
pair_003505,query,entity_0473,entity_0957,0,entity_0473,entity_0957,entity_0957,entity_0473,test
pair_003506,query,entity_0542,entity_0544,1,entity_0544,entity_0542,entity_0542,entity_0544,test
pair_003507,query,entity_0798,entity_0977,0,entity_0798,entity_0977,entity_0977,entity_0798,test
pair_003508,query,entity_0842,entity_0846,1,entity_0846,entity_0842,entity_0842,entity_0846,validation
pair_003509,demo,entity_0033,entity_0045,0,entity_0045,entity_0033,entity_0033,entity_0045,train
pair_003510,query,entity_0513,entity_0518,1,entity_0513,entity_0518,entity_0518,entity_0513,validation
pair_003511,query,entity_0394,entity_0395,1,entity_0395,entity_0394,entity_0394,entity_0395,test
pair_003512,demo,entity_0515,entity_0517,1,entity_0515,entity_0517,entity_0517,entity_0515,train
pair_003513,demo,entity_0285,entity_0290,1,entity_0285,entity_0290,entity_0290,entity_0285,train
pair_003514,demo,entity_0430,entity_0708,0,entity_0430,entity_0708,entity_0708,entity_0430,train
pair_003515,demo,entity_0466,entity_0659,0,entity_0659,entity_0466,entity_0466,entity_0659,train
pair_003516,query,entity_0623,entity_0629,1,entity_0629,entity_0623,entity_0623,entity_0629,test
pair_003517,demo,entity_0374,entity_0531,0,entity_0531,entity_0374,entity_0374,entity_0531,train
pair_003518,demo,entity_0070,entity_0173,0,entity_0070,entity_0173,entity_0173,entity_0070,train
pair_003519,query,entity_0843,entity_0849,1,entity_0843,entity_0849,entity_0849,entity_0843,validation
pair_003520,query,entity_0223,entity_0717,0,entity_0223,entity_0717,entity_0717,entity_0223,test
pair_003521,demo,entity_0553,entity_0560,1,entity_0560,entity_0553,entity_0553,entity_0560,train
pair_003522,demo,entity_0205,entity_0208,1,entity_0205,entity_0208,entity_0208,entity_0205,train
pair_003523,query,entity_0121,entity_0798,0,entity_0798,entity_0121,entity_0121,entity_0798,test
pair_003524,demo,entity_0206,entity_0447,0,entity_0447,entity_0206,entity_0206,entity_0447,train
pair_003525,demo,entity_0052,entity_0971,0,entity_0052,entity_0971,entity_0971,entity_0052,train
pair_003526,query,entity_0512,entity_0517,1,entity_0517,entity_0512,entity_0512,entity_0517,test
pair_003527,demo,entity_0183,entity_0732,0,entity_0732,entity_0183,entity_0183,entity_0732,train
pair_003528,demo,entity_0153,entity_0159,1,entity_0153,entity_0159,entity_0159,entity_0153,train
pair_003529,query,entity_0196,entity_0276,0,entity_0196,entity_0276,entity_0276,entity_0196,validation
pair_003530,demo,entity_0177,entity_0396,0,entity_0396,entity_0177,entity_0177,entity_0396,train
pair_003531,demo,entity_0645,entity_0721,0,entity_0721,entity_0645,entity_0645,entity_0721,train
pair_003532,demo,entity_0455,entity_0458,1,entity_0455,entity_0458,entity_0458,entity_0455,train
pair_003533,demo,entity_0411,entity_0892,0,entity_0411,entity_0892,entity_0892,entity_0411,train
pair_003534,query,entity_0294,entity_0297,1,entity_0297,entity_0294,entity_0294,entity_0297,validation
pair_003535,demo,entity_0105,entity_0434,0,entity_0105,entity_0434,entity_0434,entity_0105,train
pair_003536,query,entity_0942,entity_0947,1,entity_0942,entity_0947,entity_0947,entity_0942,test
pair_003537,demo,entity_0557,entity_0559,1,entity_0557,entity_0559,entity_0559,entity_0557,train
pair_003538,demo,entity_0537,entity_0540,1,entity_0537,entity_0540,entity_0540,entity_0537,train
pair_003539,demo,entity_0711,entity_0712,1,entity_0711,entity_0712,entity_0712,entity_0711,train
pair_003540,query,entity_0976,entity_0979,1,entity_0979,entity_0976,entity_0976,entity_0979,validation
pair_003541,demo,entity_0793,entity_0794,1,entity_0794,entity_0793,entity_0793,entity_0794,train
pair_003542,query,entity_0047,entity_0518,0,entity_0047,entity_0518,entity_0518,entity_0047,validation
pair_003543,demo,entity_0256,entity_0592,0,entity_0592,entity_0256,entity_0256,entity_0592,train
pair_003544,demo,entity_0595,entity_0596,1,entity_0595,entity_0596,entity_0596,entity_0595,train
pair_003545,demo,entity_0821,entity_0826,1,entity_0826,entity_0821,entity_0821,entity_0826,train
pair_003546,query,entity_0851,entity_0855,1,entity_0855,entity_0851,entity_0851,entity_0855,test
pair_003547,query,entity_0502,entity_0506,1,entity_0502,entity_0506,entity_0506,entity_0502,test
pair_003548,demo,entity_0632,entity_0638,1,entity_0638,entity_0632,entity_0632,entity_0638,train
pair_003549,query,entity_0091,entity_0094,1,entity_0091,entity_0094,entity_0094,entity_0091,test
pair_003550,demo,entity_0512,entity_0520,1,entity_0520,entity_0512,entity_0512,entity_0520,train
pair_003551,query,entity_0647,entity_0781,0,entity_0781,entity_0647,entity_0647,entity_0781,test
pair_003552,query,entity_0174,entity_0175,1,entity_0175,entity_0174,entity_0174,entity_0175,test
pair_003553,query,entity_0954,entity_0959,1,entity_0954,entity_0959,entity_0959,entity_0954,test
pair_003554,demo,entity_0615,entity_0747,0,entity_0615,entity_0747,entity_0747,entity_0615,train
pair_003555,demo,entity_0076,entity_0077,1,entity_0077,entity_0076,entity_0076,entity_0077,train
pair_003556,query,entity_0045,entity_0099,0,entity_0045,entity_0099,entity_0099,entity_0045,test
pair_003557,demo,entity_0572,entity_0573,1,entity_0572,entity_0573,entity_0573,entity_0572,train
pair_003558,demo,entity_0102,entity_0228,0,entity_0228,entity_0102,entity_0102,entity_0228,train
pair_003559,query,entity_0080,entity_0420,0,entity_0420,entity_0080,entity_0080,entity_0420,validation
pair_003560,query,entity_0070,entity_0343,0,entity_0343,entity_0070,entity_0070,entity_0343,test
pair_003561,demo,entity_0602,entity_0774,0,entity_0774,entity_0602,entity_0602,entity_0774,train
pair_003562,demo,entity_0983,entity_0985,1,entity_0985,entity_0983,entity_0983,entity_0985,train
pair_003563,demo,entity_0813,entity_0820,1,entity_0813,entity_0820,entity_0820,entity_0813,train
pair_003564,query,entity_0554,entity_0702,0,entity_0702,entity_0554,entity_0554,entity_0702,test
pair_003565,query,entity_0698,entity_0987,0,entity_0698,entity_0987,entity_0987,entity_0698,validation
pair_003566,demo,entity_0605,entity_0962,0,entity_0605,entity_0962,entity_0962,entity_0605,train
pair_003567,query,entity_0191,entity_0197,1,entity_0191,entity_0197,entity_0197,entity_0191,test
pair_003568,query,entity_0218,entity_0219,1,entity_0218,entity_0219,entity_0219,entity_0218,test
pair_003569,query,entity_0094,entity_0098,1,entity_0094,entity_0098,entity_0098,entity_0094,validation
pair_003570,demo,entity_0460,entity_0910,0,entity_0910,entity_0460,entity_0460,entity_0910,train
pair_003571,query,entity_0164,entity_0167,1,entity_0164,entity_0167,entity_0167,entity_0164,test
pair_003572,demo,entity_0558,entity_0850,0,entity_0558,entity_0850,entity_0850,entity_0558,train
pair_003573,demo,entity_0102,entity_0762,0,entity_0762,entity_0102,entity_0102,entity_0762,train
pair_003574,demo,entity_0193,entity_0762,0,entity_0193,entity_0762,entity_0762,entity_0193,train
pair_003575,demo,entity_0007,entity_0455,0,entity_0007,entity_0455,entity_0455,entity_0007,train
pair_003576,demo,entity_0147,entity_0611,0,entity_0611,entity_0147,entity_0147,entity_0611,train
pair_003577,query,entity_0752,entity_0759,1,entity_0752,entity_0759,entity_0759,entity_0752,test
pair_003578,query,entity_0239,entity_0265,0,entity_0239,entity_0265,entity_0265,entity_0239,test
pair_003579,demo,entity_0298,entity_0439,0,entity_0298,entity_0439,entity_0439,entity_0298,train
pair_003580,demo,entity_0013,entity_0621,0,entity_0621,entity_0013,entity_0013,entity_0621,train
pair_003581,query,entity_0293,entity_0298,1,entity_0293,entity_0298,entity_0298,entity_0293,validation
pair_003582,demo,entity_0354,entity_0360,1,entity_0354,entity_0360,entity_0360,entity_0354,train
pair_003583,demo,entity_0222,entity_0250,0,entity_0222,entity_0250,entity_0250,entity_0222,train
pair_003584,query,entity_0744,entity_0747,1,entity_0747,entity_0744,entity_0744,entity_0747,test
pair_003585,query,entity_0053,entity_0386,0,entity_0386,entity_0053,entity_0053,entity_0386,test
pair_003586,query,entity_0004,entity_0366,0,entity_0366,entity_0004,entity_0004,entity_0366,test
pair_003587,query,entity_0491,entity_0494,1,entity_0491,entity_0494,entity_0494,entity_0491,test
pair_003588,demo,entity_0618,entity_0619,1,entity_0619,entity_0618,entity_0618,entity_0619,train
pair_003589,demo,entity_0383,entity_0388,1,entity_0383,entity_0388,entity_0388,entity_0383,train
pair_003590,demo,entity_0118,entity_0204,0,entity_0204,entity_0118,entity_0118,entity_0204,train
pair_003591,query,entity_0161,entity_0170,1,entity_0170,entity_0161,entity_0161,entity_0170,test
pair_003592,query,entity_0602,entity_0606,1,entity_0606,entity_0602,entity_0602,entity_0606,test
pair_003593,query,entity_0256,entity_0668,0,entity_0256,entity_0668,entity_0668,entity_0256,test
pair_003594,query,entity_0441,entity_0788,0,entity_0788,entity_0441,entity_0441,entity_0788,validation
pair_003595,demo,entity_0013,entity_0756,0,entity_0756,entity_0013,entity_0013,entity_0756,train
pair_003596,demo,entity_0118,entity_0473,0,entity_0118,entity_0473,entity_0473,entity_0118,train
pair_003597,demo,entity_0065,entity_0727,0,entity_0065,entity_0727,entity_0727,entity_0065,train
pair_003598,query,entity_0792,entity_0795,1,entity_0792,entity_0795,entity_0795,entity_0792,validation
pair_003599,demo,entity_0289,entity_0498,0,entity_0289,entity_0498,entity_0498,entity_0289,train
pair_003600,demo,entity_0357,entity_0557,0,entity_0557,entity_0357,entity_0357,entity_0557,train
pair_003601,demo,entity_0858,entity_0883,0,entity_0858,entity_0883,entity_0883,entity_0858,train
pair_003602,demo,entity_0465,entity_0470,1,entity_0470,entity_0465,entity_0465,entity_0470,train
pair_003603,query,entity_0344,entity_0348,1,entity_0344,entity_0348,entity_0348,entity_0344,validation
pair_003604,query,entity_0066,entity_0068,1,entity_0068,entity_0066,entity_0066,entity_0068,test
pair_003605,demo,entity_0843,entity_0872,0,entity_0872,entity_0843,entity_0843,entity_0872,train
pair_003606,query,entity_0426,entity_0427,1,entity_0426,entity_0427,entity_0427,entity_0426,test
pair_003607,demo,entity_0514,entity_0520,1,entity_0514,entity_0520,entity_0520,entity_0514,train
pair_003608,query,entity_0758,entity_0759,1,entity_0758,entity_0759,entity_0759,entity_0758,validation
pair_003609,query,entity_0068,entity_0955,0,entity_0955,entity_0068,entity_0068,entity_0955,validation
pair_003610,query,entity_0441,entity_0450,1,entity_0441,entity_0450,entity_0450,entity_0441,test
pair_003611,demo,entity_0277,entity_0279,1,entity_0277,entity_0279,entity_0279,entity_0277,train
pair_003612,demo,entity_0708,entity_0735,0,entity_0708,entity_0735,entity_0735,entity_0708,train
pair_003613,demo,entity_0659,entity_0746,0,entity_0659,entity_0746,entity_0746,entity_0659,train
pair_003614,query,entity_0375,entity_0684,0,entity_0684,entity_0375,entity_0375,entity_0684,test
pair_003615,query,entity_0427,entity_0817,0,entity_0427,entity_0817,entity_0817,entity_0427,test
pair_003616,demo,entity_0277,entity_0639,0,entity_0639,entity_0277,entity_0277,entity_0639,train
pair_003617,query,entity_0268,entity_0315,0,entity_0268,entity_0315,entity_0315,entity_0268,test
pair_003618,query,entity_0312,entity_0735,0,entity_0312,entity_0735,entity_0735,entity_0312,test
pair_003619,query,entity_0614,entity_0620,1,entity_0620,entity_0614,entity_0614,entity_0620,test
pair_003620,query,entity_0591,entity_0600,1,entity_0591,entity_0600,entity_0600,entity_0591,validation
pair_003621,demo,entity_0135,entity_0136,1,entity_0135,entity_0136,entity_0136,entity_0135,train
pair_003622,demo,entity_0326,entity_0577,0,entity_0577,entity_0326,entity_0326,entity_0577,train
pair_003623,query,entity_0235,entity_0388,0,entity_0388,entity_0235,entity_0235,entity_0388,test
pair_003624,query,entity_0546,entity_0549,1,entity_0546,entity_0549,entity_0549,entity_0546,test
pair_003625,query,entity_0344,entity_0347,1,entity_0344,entity_0347,entity_0347,entity_0344,test
pair_003626,query,entity_0492,entity_0499,1,entity_0492,entity_0499,entity_0499,entity_0492,test
pair_003627,demo,entity_0144,entity_0150,1,entity_0144,entity_0150,entity_0150,entity_0144,train
pair_003628,demo,entity_0452,entity_0745,0,entity_0745,entity_0452,entity_0452,entity_0745,train
pair_003629,demo,entity_0757,entity_0920,0,entity_0920,entity_0757,entity_0757,entity_0920,train
pair_003630,query,entity_0205,entity_0857,0,entity_0205,entity_0857,entity_0857,entity_0205,test
pair_003631,query,entity_0235,entity_0807,0,entity_0235,entity_0807,entity_0807,entity_0235,test
pair_003632,demo,entity_0662,entity_0668,1,entity_0668,entity_0662,entity_0662,entity_0668,train
pair_003633,query,entity_0602,entity_0608,1,entity_0602,entity_0608,entity_0608,entity_0602,test
pair_003634,demo,entity_0614,entity_0616,1,entity_0616,entity_0614,entity_0614,entity_0616,train
pair_003635,demo,entity_0902,entity_0908,1,entity_0908,entity_0902,entity_0902,entity_0908,train
pair_003636,query,entity_0208,entity_0679,0,entity_0679,entity_0208,entity_0208,entity_0679,validation
pair_003637,demo,entity_0993,entity_0994,1,entity_0993,entity_0994,entity_0994,entity_0993,train
pair_003638,query,entity_0343,entity_0347,1,entity_0343,entity_0347,entity_0347,entity_0343,test
pair_003639,query,entity_0196,entity_0199,1,entity_0199,entity_0196,entity_0196,entity_0199,test
pair_003640,query,entity_0240,entity_0406,0,entity_0240,entity_0406,entity_0406,entity_0240,test
pair_003641,demo,entity_0237,entity_0322,0,entity_0237,entity_0322,entity_0322,entity_0237,train
pair_003642,query,entity_0964,entity_0967,1,entity_0964,entity_0967,entity_0967,entity_0964,validation
pair_003643,query,entity_0069,entity_0977,0,entity_0069,entity_0977,entity_0977,entity_0069,test
pair_003644,query,entity_0387,entity_0505,0,entity_0505,entity_0387,entity_0387,entity_0505,test
pair_003645,demo,entity_0814,entity_0815,1,entity_0815,entity_0814,entity_0814,entity_0815,train
pair_003646,query,entity_0306,entity_0308,1,entity_0306,entity_0308,entity_0308,entity_0306,test
pair_003647,demo,entity_0423,entity_0880,0,entity_0880,entity_0423,entity_0423,entity_0880,train
pair_003648,demo,entity_0855,entity_0860,1,entity_0860,entity_0855,entity_0855,entity_0860,train
pair_003649,demo,entity_0744,entity_0745,1,entity_0745,entity_0744,entity_0744,entity_0745,train
pair_003650,demo,entity_0684,entity_0982,0,entity_0684,entity_0982,entity_0982,entity_0684,train
pair_003651,demo,entity_0171,entity_0177,1,entity_0177,entity_0171,entity_0171,entity_0177,train
pair_003652,demo,entity_0541,entity_0546,1,entity_0546,entity_0541,entity_0541,entity_0546,train
pair_003653,demo,entity_0529,entity_0633,0,entity_0529,entity_0633,entity_0633,entity_0529,train
pair_003654,demo,entity_0443,entity_0446,1,entity_0443,entity_0446,entity_0446,entity_0443,train
pair_003655,query,entity_0843,entity_0847,1,entity_0843,entity_0847,entity_0847,entity_0843,test
pair_003656,query,entity_0319,entity_0599,0,entity_0319,entity_0599,entity_0599,entity_0319,test
pair_003657,demo,entity_0062,entity_0618,0,entity_0062,entity_0618,entity_0618,entity_0062,train
pair_003658,query,entity_0355,entity_0360,1,entity_0360,entity_0355,entity_0355,entity_0360,validation
pair_003659,demo,entity_0094,entity_0875,0,entity_0094,entity_0875,entity_0875,entity_0094,train
pair_003660,query,entity_0634,entity_0837,0,entity_0634,entity_0837,entity_0837,entity_0634,test
pair_003661,demo,entity_0312,entity_0319,1,entity_0312,entity_0319,entity_0319,entity_0312,train
pair_003662,query,entity_0222,entity_0659,0,entity_0659,entity_0222,entity_0222,entity_0659,validation
pair_003663,query,entity_0373,entity_0733,0,entity_0733,entity_0373,entity_0373,entity_0733,test
pair_003664,demo,entity_0393,entity_0870,0,entity_0870,entity_0393,entity_0393,entity_0870,train
pair_003665,query,entity_0898,entity_0900,1,entity_0900,entity_0898,entity_0898,entity_0900,test
pair_003666,query,entity_0001,entity_0004,1,entity_0001,entity_0004,entity_0004,entity_0001,test
pair_003667,query,entity_0461,entity_0830,0,entity_0461,entity_0830,entity_0830,entity_0461,test
pair_003668,query,entity_0168,entity_0315,0,entity_0315,entity_0168,entity_0168,entity_0315,test
pair_003669,query,entity_0594,entity_0802,0,entity_0594,entity_0802,entity_0802,entity_0594,test
pair_003670,demo,entity_0556,entity_0557,1,entity_0557,entity_0556,entity_0556,entity_0557,train
pair_003671,demo,entity_0003,entity_0008,1,entity_0003,entity_0008,entity_0008,entity_0003,train
pair_003672,demo,entity_0154,entity_0158,1,entity_0158,entity_0154,entity_0154,entity_0158,train
pair_003673,query,entity_0924,entity_0926,1,entity_0924,entity_0926,entity_0926,entity_0924,validation
pair_003674,demo,entity_0584,entity_0820,0,entity_0584,entity_0820,entity_0820,entity_0584,train
pair_003675,demo,entity_0173,entity_0180,1,entity_0173,entity_0180,entity_0180,entity_0173,train
pair_003676,demo,entity_0504,entity_0748,0,entity_0748,entity_0504,entity_0504,entity_0748,train
pair_003677,query,entity_0561,entity_0568,1,entity_0568,entity_0561,entity_0561,entity_0568,test
pair_003678,demo,entity_0781,entity_0786,1,entity_0781,entity_0786,entity_0786,entity_0781,train
pair_003679,query,entity_0203,entity_0206,1,entity_0203,entity_0206,entity_0206,entity_0203,test
pair_003680,query,entity_0095,entity_0185,0,entity_0185,entity_0095,entity_0095,entity_0185,validation
pair_003681,query,entity_0421,entity_0735,0,entity_0735,entity_0421,entity_0421,entity_0735,test
pair_003682,query,entity_0867,entity_0988,0,entity_0988,entity_0867,entity_0867,entity_0988,test
pair_003683,query,entity_0228,entity_0479,0,entity_0479,entity_0228,entity_0228,entity_0479,test
pair_003684,demo,entity_0273,entity_0277,1,entity_0277,entity_0273,entity_0273,entity_0277,train
pair_003685,query,entity_0104,entity_0105,1,entity_0105,entity_0104,entity_0104,entity_0105,test
pair_003686,demo,entity_0398,entity_0399,1,entity_0399,entity_0398,entity_0398,entity_0399,train
pair_003687,query,entity_0961,entity_0967,1,entity_0967,entity_0961,entity_0961,entity_0967,validation
pair_003688,demo,entity_0275,entity_0910,0,entity_0275,entity_0910,entity_0910,entity_0275,train
pair_003689,demo,entity_0395,entity_0631,0,entity_0631,entity_0395,entity_0395,entity_0631,train
pair_003690,query,entity_0825,entity_0826,1,entity_0825,entity_0826,entity_0826,entity_0825,validation
pair_003691,query,entity_0829,entity_0830,1,entity_0829,entity_0830,entity_0830,entity_0829,validation
pair_003692,demo,entity_0987,entity_0990,1,entity_0990,entity_0987,entity_0987,entity_0990,train
pair_003693,query,entity_0430,entity_0828,0,entity_0828,entity_0430,entity_0430,entity_0828,validation
pair_003694,demo,entity_0019,entity_0051,0,entity_0019,entity_0051,entity_0051,entity_0019,train
pair_003695,query,entity_0273,entity_0748,0,entity_0273,entity_0748,entity_0748,entity_0273,test
pair_003696,query,entity_0409,entity_0432,0,entity_0409,entity_0432,entity_0432,entity_0409,validation
pair_003697,query,entity_0403,entity_0494,0,entity_0403,entity_0494,entity_0494,entity_0403,test
pair_003698,demo,entity_0041,entity_0046,1,entity_0046,entity_0041,entity_0041,entity_0046,train
pair_003699,query,entity_0496,entity_0767,0,entity_0767,entity_0496,entity_0496,entity_0767,test
pair_003700,demo,entity_0721,entity_0726,1,entity_0726,entity_0721,entity_0721,entity_0726,train
pair_003701,query,entity_0525,entity_0529,1,entity_0529,entity_0525,entity_0525,entity_0529,test
pair_003702,demo,entity_0981,entity_0985,1,entity_0981,entity_0985,entity_0985,entity_0981,train
pair_003703,query,entity_0246,entity_0249,1,entity_0246,entity_0249,entity_0249,entity_0246,test
pair_003704,query,entity_0367,entity_0368,1,entity_0367,entity_0368,entity_0368,entity_0367,test
pair_003705,query,entity_0604,entity_0605,1,entity_0605,entity_0604,entity_0604,entity_0605,test
pair_003706,demo,entity_0786,entity_0851,0,entity_0786,entity_0851,entity_0851,entity_0786,train
pair_003707,query,entity_0292,entity_0668,0,entity_0292,entity_0668,entity_0668,entity_0292,validation
pair_003708,demo,entity_0603,entity_0667,0,entity_0603,entity_0667,entity_0667,entity_0603,train
pair_003709,demo,entity_0589,entity_0590,1,entity_0590,entity_0589,entity_0589,entity_0590,train
pair_003710,demo,entity_0647,entity_0789,0,entity_0789,entity_0647,entity_0647,entity_0789,train
pair_003711,query,entity_0423,entity_0428,1,entity_0423,entity_0428,entity_0428,entity_0423,test
pair_003712,demo,entity_0741,entity_0750,1,entity_0750,entity_0741,entity_0741,entity_0750,train
pair_003713,demo,entity_0277,entity_0711,0,entity_0711,entity_0277,entity_0277,entity_0711,train
pair_003714,demo,entity_0452,entity_0654,0,entity_0654,entity_0452,entity_0452,entity_0654,train
pair_003715,query,entity_0570,entity_0763,0,entity_0763,entity_0570,entity_0570,entity_0763,test
pair_003716,demo,entity_0251,entity_0384,0,entity_0384,entity_0251,entity_0251,entity_0384,train
pair_003717,query,entity_0022,entity_0134,0,entity_0022,entity_0134,entity_0134,entity_0022,test
pair_003718,query,entity_0653,entity_0659,1,entity_0653,entity_0659,entity_0659,entity_0653,test
pair_003719,query,entity_0454,entity_0458,1,entity_0458,entity_0454,entity_0454,entity_0458,test
pair_003720,demo,entity_0161,entity_0164,1,entity_0161,entity_0164,entity_0164,entity_0161,train
pair_003721,demo,entity_0559,entity_0603,0,entity_0559,entity_0603,entity_0603,entity_0559,train
pair_003722,query,entity_0782,entity_0787,1,entity_0787,entity_0782,entity_0782,entity_0787,test
pair_003723,demo,entity_0471,entity_0672,0,entity_0471,entity_0672,entity_0672,entity_0471,train
pair_003724,demo,entity_0489,entity_0490,1,entity_0490,entity_0489,entity_0489,entity_0490,train
pair_003725,query,entity_0844,entity_0847,1,entity_0844,entity_0847,entity_0847,entity_0844,test
pair_003726,query,entity_0311,entity_0861,0,entity_0311,entity_0861,entity_0861,entity_0311,test
pair_003727,demo,entity_0191,entity_0199,1,entity_0191,entity_0199,entity_0199,entity_0191,train
pair_003728,demo,entity_0744,entity_0748,1,entity_0748,entity_0744,entity_0744,entity_0748,train
pair_003729,demo,entity_0741,entity_0743,1,entity_0743,entity_0741,entity_0741,entity_0743,train
pair_003730,demo,entity_0064,entity_0333,0,entity_0064,entity_0333,entity_0333,entity_0064,train
pair_003731,query,entity_0141,entity_0761,0,entity_0141,entity_0761,entity_0761,entity_0141,test
pair_003732,query,entity_0259,entity_0297,0,entity_0297,entity_0259,entity_0259,entity_0297,validation
pair_003733,query,entity_0031,entity_0034,1,entity_0034,entity_0031,entity_0031,entity_0034,test
pair_003734,query,entity_0609,entity_0918,0,entity_0609,entity_0918,entity_0918,entity_0609,test
pair_003735,demo,entity_0081,entity_0832,0,entity_0081,entity_0832,entity_0832,entity_0081,train
pair_003736,query,entity_0607,entity_0984,0,entity_0984,entity_0607,entity_0607,entity_0984,test
pair_003737,query,entity_0241,entity_0243,1,entity_0241,entity_0243,entity_0243,entity_0241,test
pair_003738,query,entity_0287,entity_0290,1,entity_0290,entity_0287,entity_0287,entity_0290,validation
pair_003739,query,entity_0923,entity_0926,1,entity_0926,entity_0923,entity_0923,entity_0926,validation
pair_003740,query,entity_0510,entity_0898,0,entity_0898,entity_0510,entity_0510,entity_0898,test
pair_003741,query,entity_0693,entity_0699,1,entity_0693,entity_0699,entity_0699,entity_0693,validation
pair_003742,demo,entity_0073,entity_0393,0,entity_0393,entity_0073,entity_0073,entity_0393,train
pair_003743,query,entity_0251,entity_0564,0,entity_0251,entity_0564,entity_0564,entity_0251,test
pair_003744,query,entity_0042,entity_0050,1,entity_0042,entity_0050,entity_0050,entity_0042,test
pair_003745,query,entity_0639,entity_0681,0,entity_0681,entity_0639,entity_0639,entity_0681,validation
pair_003746,demo,entity_0931,entity_0937,1,entity_0937,entity_0931,entity_0931,entity_0937,train
pair_003747,demo,entity_0081,entity_0504,0,entity_0081,entity_0504,entity_0504,entity_0081,train
pair_003748,query,entity_0532,entity_0536,1,entity_0536,entity_0532,entity_0532,entity_0536,validation
pair_003749,demo,entity_0751,entity_0806,0,entity_0751,entity_0806,entity_0806,entity_0751,train
pair_003750,demo,entity_0050,entity_0855,0,entity_0855,entity_0050,entity_0050,entity_0855,train
pair_003751,demo,entity_0617,entity_0618,1,entity_0617,entity_0618,entity_0618,entity_0617,train
pair_003752,demo,entity_0595,entity_0597,1,entity_0595,entity_0597,entity_0597,entity_0595,train
pair_003753,demo,entity_0022,entity_0029,1,entity_0029,entity_0022,entity_0022,entity_0029,train
pair_003754,query,entity_0784,entity_0816,0,entity_0784,entity_0816,entity_0816,entity_0784,test
pair_003755,query,entity_0763,entity_0768,1,entity_0763,entity_0768,entity_0768,entity_0763,test
pair_003756,demo,entity_0573,entity_0574,1,entity_0573,entity_0574,entity_0574,entity_0573,train
pair_003757,query,entity_0096,entity_0100,1,entity_0100,entity_0096,entity_0096,entity_0100,validation
pair_003758,query,entity_0702,entity_0706,1,entity_0706,entity_0702,entity_0702,entity_0706,test
pair_003759,query,entity_0676,entity_0975,0,entity_0676,entity_0975,entity_0975,entity_0676,test
pair_003760,demo,entity_0321,entity_0507,0,entity_0507,entity_0321,entity_0321,entity_0507,train
pair_003761,query,entity_0004,entity_0010,1,entity_0004,entity_0010,entity_0010,entity_0004,validation
pair_003762,query,entity_0887,entity_0889,1,entity_0889,entity_0887,entity_0887,entity_0889,test
pair_003763,query,entity_0490,entity_0638,0,entity_0490,entity_0638,entity_0638,entity_0490,test
pair_003764,demo,entity_0624,entity_0628,1,entity_0624,entity_0628,entity_0628,entity_0624,train
pair_003765,demo,entity_0522,entity_0529,1,entity_0522,entity_0529,entity_0529,entity_0522,train
pair_003766,demo,entity_0842,entity_0950,0,entity_0842,entity_0950,entity_0950,entity_0842,train
pair_003767,demo,entity_0181,entity_0624,0,entity_0181,entity_0624,entity_0624,entity_0181,train
pair_003768,query,entity_0504,entity_0508,1,entity_0504,entity_0508,entity_0508,entity_0504,validation
pair_003769,query,entity_0045,entity_0391,0,entity_0391,entity_0045,entity_0045,entity_0391,validation
pair_003770,query,entity_0847,entity_0965,0,entity_0965,entity_0847,entity_0847,entity_0965,test
pair_003771,query,entity_0260,entity_0878,0,entity_0260,entity_0878,entity_0878,entity_0260,validation
pair_003772,query,entity_0200,entity_0302,0,entity_0200,entity_0302,entity_0302,entity_0200,test
pair_003773,query,entity_0274,entity_0321,0,entity_0274,entity_0321,entity_0321,entity_0274,test
pair_003774,demo,entity_0264,entity_0477,0,entity_0477,entity_0264,entity_0264,entity_0477,train
pair_003775,query,entity_0016,entity_0330,0,entity_0016,entity_0330,entity_0330,entity_0016,validation
pair_003776,query,entity_0971,entity_0974,1,entity_0974,entity_0971,entity_0971,entity_0974,test
pair_003777,demo,entity_0173,entity_0178,1,entity_0178,entity_0173,entity_0173,entity_0178,train
pair_003778,demo,entity_0081,entity_0628,0,entity_0628,entity_0081,entity_0081,entity_0628,train
pair_003779,demo,entity_0823,entity_0825,1,entity_0825,entity_0823,entity_0823,entity_0825,train
pair_003780,query,entity_0873,entity_0875,1,entity_0875,entity_0873,entity_0873,entity_0875,test
pair_003781,demo,entity_0743,entity_0759,0,entity_0759,entity_0743,entity_0743,entity_0759,train
pair_003782,demo,entity_0232,entity_0239,1,entity_0232,entity_0239,entity_0239,entity_0232,train
pair_003783,query,entity_0213,entity_0807,0,entity_0213,entity_0807,entity_0807,entity_0213,test
pair_003784,query,entity_0786,entity_0829,0,entity_0786,entity_0829,entity_0829,entity_0786,test
pair_003785,demo,entity_0346,entity_0676,0,entity_0676,entity_0346,entity_0346,entity_0676,train
pair_003786,demo,entity_0339,entity_0857,0,entity_0857,entity_0339,entity_0339,entity_0857,train
pair_003787,query,entity_0517,entity_0518,1,entity_0518,entity_0517,entity_0517,entity_0518,test
pair_003788,demo,entity_0825,entity_0827,1,entity_0825,entity_0827,entity_0827,entity_0825,train
pair_003789,query,entity_0464,entity_0554,0,entity_0554,entity_0464,entity_0464,entity_0554,validation
pair_003790,demo,entity_0198,entity_0872,0,entity_0872,entity_0198,entity_0198,entity_0872,train
pair_003791,demo,entity_0756,entity_0757,1,entity_0756,entity_0757,entity_0757,entity_0756,train
pair_003792,query,entity_0002,entity_0663,0,entity_0002,entity_0663,entity_0663,entity_0002,test
pair_003793,demo,entity_0388,entity_0749,0,entity_0388,entity_0749,entity_0749,entity_0388,train
pair_003794,demo,entity_0235,entity_0960,0,entity_0960,entity_0235,entity_0235,entity_0960,train
pair_003795,query,entity_0999,entity_1000,1,entity_1000,entity_0999,entity_0999,entity_1000,test
pair_003796,demo,entity_0065,entity_0590,0,entity_0590,entity_0065,entity_0065,entity_0590,train
pair_003797,demo,entity_0475,entity_0477,1,entity_0475,entity_0477,entity_0477,entity_0475,train
pair_003798,query,entity_0176,entity_0178,1,entity_0176,entity_0178,entity_0178,entity_0176,test
pair_003799,demo,entity_0446,entity_0448,1,entity_0446,entity_0448,entity_0448,entity_0446,train
pair_003800,query,entity_0436,entity_0797,0,entity_0436,entity_0797,entity_0797,entity_0436,test
pair_003801,query,entity_0024,entity_0027,1,entity_0024,entity_0027,entity_0027,entity_0024,test
pair_003802,demo,entity_0163,entity_0963,0,entity_0163,entity_0963,entity_0963,entity_0163,train
pair_003803,query,entity_0143,entity_0149,1,entity_0143,entity_0149,entity_0149,entity_0143,test
pair_003804,query,entity_0101,entity_0105,1,entity_0105,entity_0101,entity_0101,entity_0105,test
pair_003805,demo,entity_0893,entity_0900,1,entity_0900,entity_0893,entity_0893,entity_0900,train
pair_003806,demo,entity_0209,entity_0792,0,entity_0209,entity_0792,entity_0792,entity_0209,train
pair_003807,demo,entity_0636,entity_0639,1,entity_0639,entity_0636,entity_0636,entity_0639,train
pair_003808,query,entity_0120,entity_0766,0,entity_0766,entity_0120,entity_0120,entity_0766,test
pair_003809,demo,entity_0867,entity_0870,1,entity_0867,entity_0870,entity_0870,entity_0867,train
pair_003810,demo,entity_0611,entity_0615,1,entity_0611,entity_0615,entity_0615,entity_0611,train
pair_003811,demo,entity_0483,entity_0721,0,entity_0483,entity_0721,entity_0721,entity_0483,train
pair_003812,demo,entity_0846,entity_0908,0,entity_0846,entity_0908,entity_0908,entity_0846,train
pair_003813,demo,entity_0355,entity_0978,0,entity_0978,entity_0355,entity_0355,entity_0978,train
pair_003814,demo,entity_0186,entity_0865,0,entity_0865,entity_0186,entity_0186,entity_0865,train
pair_003815,demo,entity_0509,entity_0739,0,entity_0739,entity_0509,entity_0509,entity_0739,train
pair_003816,query,entity_0360,entity_0604,0,entity_0604,entity_0360,entity_0360,entity_0604,validation
pair_003817,query,entity_0839,entity_0840,1,entity_0839,entity_0840,entity_0840,entity_0839,test
pair_003818,query,entity_0056,entity_0193,0,entity_0193,entity_0056,entity_0056,entity_0193,test
pair_003819,query,entity_0620,entity_0982,0,entity_0982,entity_0620,entity_0620,entity_0982,test
pair_003820,query,entity_0062,entity_0652,0,entity_0062,entity_0652,entity_0652,entity_0062,validation
pair_003821,query,entity_0685,entity_0803,0,entity_0685,entity_0803,entity_0803,entity_0685,test
pair_003822,query,entity_0464,entity_0466,1,entity_0464,entity_0466,entity_0466,entity_0464,test
pair_003823,demo,entity_0456,entity_0585,0,entity_0585,entity_0456,entity_0456,entity_0585,train
pair_003824,query,entity_0032,entity_0854,0,entity_0854,entity_0032,entity_0032,entity_0854,validation
pair_003825,demo,entity_0005,entity_0008,1,entity_0005,entity_0008,entity_0008,entity_0005,train
pair_003826,demo,entity_0779,entity_0821,0,entity_0779,entity_0821,entity_0821,entity_0779,train
pair_003827,query,entity_0886,entity_0889,1,entity_0889,entity_0886,entity_0886,entity_0889,test
pair_003828,demo,entity_0938,entity_0940,1,entity_0940,entity_0938,entity_0938,entity_0940,train
pair_003829,demo,entity_0555,entity_0556,1,entity_0555,entity_0556,entity_0556,entity_0555,train
pair_003830,query,entity_0576,entity_0623,0,entity_0623,entity_0576,entity_0576,entity_0623,test
pair_003831,query,entity_0394,entity_0506,0,entity_0394,entity_0506,entity_0506,entity_0394,test
pair_003832,demo,entity_0691,entity_0698,1,entity_0691,entity_0698,entity_0698,entity_0691,train
pair_003833,demo,entity_0063,entity_0069,1,entity_0069,entity_0063,entity_0063,entity_0069,train
pair_003834,demo,entity_0016,entity_0871,0,entity_0016,entity_0871,entity_0871,entity_0016,train
pair_003835,demo,entity_0534,entity_0535,1,entity_0535,entity_0534,entity_0534,entity_0535,train
pair_003836,demo,entity_0070,entity_0607,0,entity_0070,entity_0607,entity_0607,entity_0070,train
pair_003837,query,entity_0291,entity_0446,0,entity_0291,entity_0446,entity_0446,entity_0291,test
pair_003838,demo,entity_0332,entity_0336,1,entity_0332,entity_0336,entity_0336,entity_0332,train
pair_003839,query,entity_0105,entity_0110,1,entity_0105,entity_0110,entity_0110,entity_0105,validation
pair_003840,demo,entity_0417,entity_0418,1,entity_0418,entity_0417,entity_0417,entity_0418,train
pair_003841,demo,entity_0445,entity_0515,0,entity_0445,entity_0515,entity_0515,entity_0445,train
pair_003842,query,entity_0090,entity_0435,0,entity_0435,entity_0090,entity_0090,entity_0435,test
pair_003843,demo,entity_0701,entity_0702,1,entity_0701,entity_0702,entity_0702,entity_0701,train
pair_003844,query,entity_0055,entity_0168,0,entity_0168,entity_0055,entity_0055,entity_0168,test
pair_003845,demo,entity_0702,entity_0968,0,entity_0968,entity_0702,entity_0702,entity_0968,train
pair_003846,demo,entity_0101,entity_0109,1,entity_0101,entity_0109,entity_0109,entity_0101,train
pair_003847,query,entity_0332,entity_0999,0,entity_0999,entity_0332,entity_0332,entity_0999,test
pair_003848,demo,entity_0785,entity_0792,0,entity_0785,entity_0792,entity_0792,entity_0785,train
pair_003849,query,entity_0037,entity_0040,1,entity_0040,entity_0037,entity_0037,entity_0040,test
pair_003850,demo,entity_0299,entity_0507,0,entity_0299,entity_0507,entity_0507,entity_0299,train
pair_003851,demo,entity_0037,entity_0038,1,entity_0038,entity_0037,entity_0037,entity_0038,train
pair_003852,query,entity_0651,entity_0910,0,entity_0651,entity_0910,entity_0910,entity_0651,test
pair_003853,query,entity_0324,entity_0327,1,entity_0324,entity_0327,entity_0327,entity_0324,test
pair_003854,demo,entity_0469,entity_0470,1,entity_0470,entity_0469,entity_0469,entity_0470,train
pair_003855,demo,entity_0127,entity_0899,0,entity_0899,entity_0127,entity_0127,entity_0899,train
pair_003856,query,entity_0866,entity_0868,1,entity_0868,entity_0866,entity_0866,entity_0868,test
pair_003857,demo,entity_0382,entity_0478,0,entity_0478,entity_0382,entity_0382,entity_0478,train
pair_003858,demo,entity_0555,entity_0968,0,entity_0968,entity_0555,entity_0555,entity_0968,train
pair_003859,demo,entity_0186,entity_1000,0,entity_0186,entity_1000,entity_1000,entity_0186,train
pair_003860,query,entity_0025,entity_0676,0,entity_0676,entity_0025,entity_0025,entity_0676,test
pair_003861,query,entity_0583,entity_0589,1,entity_0583,entity_0589,entity_0589,entity_0583,test
pair_003862,query,entity_0206,entity_0210,1,entity_0210,entity_0206,entity_0206,entity_0210,validation
pair_003863,demo,entity_0551,entity_0558,1,entity_0551,entity_0558,entity_0558,entity_0551,train
pair_003864,demo,entity_0129,entity_0903,0,entity_0903,entity_0129,entity_0129,entity_0903,train
pair_003865,demo,entity_0364,entity_0546,0,entity_0364,entity_0546,entity_0546,entity_0364,train
pair_003866,demo,entity_0731,entity_0953,0,entity_0953,entity_0731,entity_0731,entity_0953,train
pair_003867,demo,entity_0246,entity_0250,1,entity_0250,entity_0246,entity_0246,entity_0250,train
pair_003868,query,entity_0581,entity_0842,0,entity_0842,entity_0581,entity_0581,entity_0842,test
pair_003869,query,entity_0422,entity_0732,0,entity_0732,entity_0422,entity_0422,entity_0732,test
pair_003870,demo,entity_0511,entity_0515,1,entity_0515,entity_0511,entity_0511,entity_0515,train
pair_003871,demo,entity_0557,entity_0602,0,entity_0557,entity_0602,entity_0602,entity_0557,train
pair_003872,query,entity_0522,entity_0523,1,entity_0522,entity_0523,entity_0523,entity_0522,test
pair_003873,query,entity_0150,entity_0628,0,entity_0628,entity_0150,entity_0150,entity_0628,validation
pair_003874,demo,entity_0973,entity_0977,1,entity_0973,entity_0977,entity_0977,entity_0973,train
pair_003875,query,entity_0392,entity_0398,1,entity_0392,entity_0398,entity_0398,entity_0392,test
pair_003876,query,entity_0664,entity_0668,1,entity_0664,entity_0668,entity_0668,entity_0664,test
pair_003877,query,entity_0206,entity_0820,0,entity_0820,entity_0206,entity_0206,entity_0820,test
pair_003878,query,entity_0084,entity_0773,0,entity_0773,entity_0084,entity_0084,entity_0773,test
pair_003879,query,entity_0165,entity_0730,0,entity_0165,entity_0730,entity_0730,entity_0165,test
pair_003880,query,entity_0165,entity_0313,0,entity_0165,entity_0313,entity_0313,entity_0165,test
pair_003881,query,entity_0901,entity_0907,1,entity_0907,entity_0901,entity_0901,entity_0907,test
pair_003882,demo,entity_0129,entity_0184,0,entity_0129,entity_0184,entity_0184,entity_0129,train
pair_003883,query,entity_0489,entity_0853,0,entity_0489,entity_0853,entity_0853,entity_0489,test
pair_003884,query,entity_0127,entity_0233,0,entity_0233,entity_0127,entity_0127,entity_0233,test
pair_003885,demo,entity_0148,entity_0783,0,entity_0148,entity_0783,entity_0783,entity_0148,train
pair_003886,query,entity_0689,entity_0694,0,entity_0689,entity_0694,entity_0694,entity_0689,test
pair_003887,demo,entity_0628,entity_0629,1,entity_0629,entity_0628,entity_0628,entity_0629,train
pair_003888,demo,entity_0082,entity_0083,1,entity_0083,entity_0082,entity_0082,entity_0083,train
pair_003889,demo,entity_0027,entity_0029,1,entity_0027,entity_0029,entity_0029,entity_0027,train
pair_003890,query,entity_0369,entity_0743,0,entity_0369,entity_0743,entity_0743,entity_0369,validation
pair_003891,query,entity_0560,entity_0930,0,entity_0560,entity_0930,entity_0930,entity_0560,validation
pair_003892,query,entity_0044,entity_0046,1,entity_0044,entity_0046,entity_0046,entity_0044,test
pair_003893,query,entity_0256,entity_0258,1,entity_0256,entity_0258,entity_0258,entity_0256,validation
pair_003894,demo,entity_0692,entity_0695,1,entity_0692,entity_0695,entity_0695,entity_0692,train
pair_003895,query,entity_0748,entity_0750,1,entity_0750,entity_0748,entity_0748,entity_0750,test
pair_003896,demo,entity_0014,entity_0865,0,entity_0014,entity_0865,entity_0865,entity_0014,train
pair_003897,demo,entity_0592,entity_0599,1,entity_0592,entity_0599,entity_0599,entity_0592,train
pair_003898,query,entity_0696,entity_0699,1,entity_0699,entity_0696,entity_0696,entity_0699,test
pair_003899,query,entity_0292,entity_0478,0,entity_0478,entity_0292,entity_0292,entity_0478,test
pair_003900,demo,entity_0954,entity_0960,1,entity_0954,entity_0960,entity_0960,entity_0954,train
pair_003901,demo,entity_0286,entity_0305,0,entity_0305,entity_0286,entity_0286,entity_0305,train
pair_003902,demo,entity_0572,entity_0580,1,entity_0572,entity_0580,entity_0580,entity_0572,train
pair_003903,query,entity_0368,entity_0370,1,entity_0368,entity_0370,entity_0370,entity_0368,test
pair_003904,query,entity_0377,entity_0490,0,entity_0377,entity_0490,entity_0490,entity_0377,test
pair_003905,demo,entity_0172,entity_0177,1,entity_0172,entity_0177,entity_0177,entity_0172,train
pair_003906,query,entity_0881,entity_0884,1,entity_0881,entity_0884,entity_0884,entity_0881,validation
pair_003907,query,entity_0442,entity_0638,0,entity_0442,entity_0638,entity_0638,entity_0442,test
pair_003908,query,entity_0244,entity_0248,1,entity_0244,entity_0248,entity_0248,entity_0244,test
pair_003909,demo,entity_0773,entity_0794,0,entity_0794,entity_0773,entity_0773,entity_0794,train
pair_003910,demo,entity_0462,entity_0705,0,entity_0462,entity_0705,entity_0705,entity_0462,train
pair_003911,demo,entity_0267,entity_0270,1,entity_0267,entity_0270,entity_0270,entity_0267,train
pair_003912,query,entity_0610,entity_0963,0,entity_0963,entity_0610,entity_0610,entity_0963,test
pair_003913,query,entity_0256,entity_0257,1,entity_0256,entity_0257,entity_0257,entity_0256,test
pair_003914,query,entity_0530,entity_0612,0,entity_0530,entity_0612,entity_0612,entity_0530,test
pair_003915,query,entity_0004,entity_0765,0,entity_0004,entity_0765,entity_0765,entity_0004,validation
pair_003916,query,entity_0457,entity_0539,0,entity_0539,entity_0457,entity_0457,entity_0539,validation
pair_003917,demo,entity_0407,entity_0737,0,entity_0737,entity_0407,entity_0407,entity_0737,train
pair_003918,demo,entity_0360,entity_0811,0,entity_0811,entity_0360,entity_0360,entity_0811,train
pair_003919,demo,entity_0423,entity_0424,1,entity_0424,entity_0423,entity_0423,entity_0424,train
pair_003920,query,entity_0007,entity_0049,0,entity_0007,entity_0049,entity_0049,entity_0007,test
pair_003921,demo,entity_0101,entity_0436,0,entity_0436,entity_0101,entity_0101,entity_0436,train
pair_003922,demo,entity_0225,entity_0656,0,entity_0225,entity_0656,entity_0656,entity_0225,train
pair_003923,demo,entity_0101,entity_0102,1,entity_0101,entity_0102,entity_0102,entity_0101,train
pair_003924,query,entity_0823,entity_0933,0,entity_0823,entity_0933,entity_0933,entity_0823,test
pair_003925,query,entity_0274,entity_0940,0,entity_0940,entity_0274,entity_0274,entity_0940,validation
pair_003926,demo,entity_0771,entity_0772,1,entity_0771,entity_0772,entity_0772,entity_0771,train
pair_003927,query,entity_0119,entity_0211,0,entity_0119,entity_0211,entity_0211,entity_0119,validation
pair_003928,query,entity_0156,entity_0159,1,entity_0156,entity_0159,entity_0159,entity_0156,test
pair_003929,demo,entity_0472,entity_0811,0,entity_0472,entity_0811,entity_0811,entity_0472,train
pair_003930,demo,entity_0337,entity_0779,0,entity_0337,entity_0779,entity_0779,entity_0337,train
pair_003931,query,entity_0136,entity_0140,1,entity_0140,entity_0136,entity_0136,entity_0140,test
pair_003932,query,entity_0622,entity_0627,1,entity_0622,entity_0627,entity_0627,entity_0622,test
pair_003933,query,entity_0277,entity_0872,0,entity_0277,entity_0872,entity_0872,entity_0277,test
pair_003934,demo,entity_0476,entity_0505,0,entity_0505,entity_0476,entity_0476,entity_0505,train
pair_003935,demo,entity_0845,entity_0850,1,entity_0845,entity_0850,entity_0850,entity_0845,train
pair_003936,demo,entity_0143,entity_0490,0,entity_0490,entity_0143,entity_0143,entity_0490,train
pair_003937,demo,entity_0461,entity_0640,0,entity_0640,entity_0461,entity_0461,entity_0640,train
pair_003938,demo,entity_0559,entity_0944,0,entity_0559,entity_0944,entity_0944,entity_0559,train
pair_003939,query,entity_0043,entity_0275,0,entity_0275,entity_0043,entity_0043,entity_0275,test
pair_003940,demo,entity_0206,entity_0363,0,entity_0206,entity_0363,entity_0363,entity_0206,train
pair_003941,demo,entity_0026,entity_0458,0,entity_0026,entity_0458,entity_0458,entity_0026,train
pair_003942,query,entity_0618,entity_0620,1,entity_0618,entity_0620,entity_0620,entity_0618,validation
pair_003943,query,entity_0297,entity_0966,0,entity_0297,entity_0966,entity_0966,entity_0297,test
pair_003944,query,entity_0120,entity_0719,0,entity_0719,entity_0120,entity_0120,entity_0719,validation
pair_003945,demo,entity_0739,entity_0740,1,entity_0739,entity_0740,entity_0740,entity_0739,train
pair_003946,demo,entity_0092,entity_0093,1,entity_0093,entity_0092,entity_0092,entity_0093,train
pair_003947,query,entity_0117,entity_0119,1,entity_0119,entity_0117,entity_0117,entity_0119,test
pair_003948,demo,entity_0903,entity_0906,1,entity_0906,entity_0903,entity_0903,entity_0906,train
pair_003949,query,entity_0728,entity_0729,1,entity_0728,entity_0729,entity_0729,entity_0728,test
pair_003950,query,entity_0757,entity_0872,0,entity_0757,entity_0872,entity_0872,entity_0757,test
pair_003951,demo,entity_0109,entity_0850,0,entity_0850,entity_0109,entity_0109,entity_0850,train
pair_003952,demo,entity_0140,entity_0147,0,entity_0147,entity_0140,entity_0140,entity_0147,train
pair_003953,query,entity_0292,entity_0627,0,entity_0627,entity_0292,entity_0292,entity_0627,test
pair_003954,query,entity_0926,entity_0928,1,entity_0926,entity_0928,entity_0928,entity_0926,validation
pair_003955,demo,entity_0083,entity_0086,1,entity_0086,entity_0083,entity_0083,entity_0086,train
pair_003956,demo,entity_0642,entity_0999,0,entity_0642,entity_0999,entity_0999,entity_0642,train
pair_003957,demo,entity_0462,entity_0467,1,entity_0462,entity_0467,entity_0467,entity_0462,train
pair_003958,query,entity_0961,entity_0964,1,entity_0964,entity_0961,entity_0961,entity_0964,validation
pair_003959,query,entity_0342,entity_0439,0,entity_0439,entity_0342,entity_0342,entity_0439,test
pair_003960,query,entity_0388,entity_0390,1,entity_0388,entity_0390,entity_0390,entity_0388,test
pair_003961,query,entity_0052,entity_0054,1,entity_0054,entity_0052,entity_0052,entity_0054,test
pair_003962,query,entity_0303,entity_0339,0,entity_0303,entity_0339,entity_0339,entity_0303,test
pair_003963,demo,entity_0068,entity_0959,0,entity_0959,entity_0068,entity_0068,entity_0959,train
pair_003964,demo,entity_0130,entity_0399,0,entity_0399,entity_0130,entity_0130,entity_0399,train
pair_003965,query,entity_0787,entity_0788,1,entity_0788,entity_0787,entity_0787,entity_0788,validation
pair_003966,demo,entity_0297,entity_0937,0,entity_0937,entity_0297,entity_0297,entity_0937,train
pair_003967,demo,entity_0053,entity_1000,0,entity_0053,entity_1000,entity_1000,entity_0053,train
pair_003968,demo,entity_0370,entity_0548,0,entity_0370,entity_0548,entity_0548,entity_0370,train
pair_003969,query,entity_0622,entity_0625,1,entity_0622,entity_0625,entity_0625,entity_0622,test
pair_003970,demo,entity_0017,entity_0630,0,entity_0017,entity_0630,entity_0630,entity_0017,train
pair_003971,demo,entity_0731,entity_0733,1,entity_0731,entity_0733,entity_0733,entity_0731,train
pair_003972,query,entity_0088,entity_0089,1,entity_0088,entity_0089,entity_0089,entity_0088,test
pair_003973,query,entity_0052,entity_0721,0,entity_0721,entity_0052,entity_0052,entity_0721,test
pair_003974,demo,entity_0104,entity_0879,0,entity_0879,entity_0104,entity_0104,entity_0879,train
pair_003975,query,entity_0272,entity_0278,1,entity_0272,entity_0278,entity_0278,entity_0272,validation
pair_003976,query,entity_0851,entity_0852,1,entity_0851,entity_0852,entity_0852,entity_0851,test
pair_003977,query,entity_0759,entity_0956,0,entity_0956,entity_0759,entity_0759,entity_0956,test
pair_003978,demo,entity_0543,entity_0548,1,entity_0548,entity_0543,entity_0543,entity_0548,train
pair_003979,query,entity_0241,entity_0244,1,entity_0241,entity_0244,entity_0244,entity_0241,test
pair_003980,demo,entity_0032,entity_0053,0,entity_0053,entity_0032,entity_0032,entity_0053,train
pair_003981,query,entity_0173,entity_0176,1,entity_0173,entity_0176,entity_0176,entity_0173,test
pair_003982,demo,entity_0631,entity_0635,1,entity_0631,entity_0635,entity_0635,entity_0631,train
pair_003983,query,entity_0297,entity_0769,0,entity_0769,entity_0297,entity_0297,entity_0769,test
pair_003984,demo,entity_0294,entity_0669,0,entity_0294,entity_0669,entity_0669,entity_0294,train
pair_003985,query,entity_0268,entity_0936,0,entity_0936,entity_0268,entity_0268,entity_0936,test
pair_003986,demo,entity_0662,entity_0667,1,entity_0667,entity_0662,entity_0662,entity_0667,train
pair_003987,query,entity_0140,entity_0699,0,entity_0140,entity_0699,entity_0699,entity_0140,test
pair_003988,demo,entity_0394,entity_0671,0,entity_0671,entity_0394,entity_0394,entity_0671,train
pair_003989,query,entity_0223,entity_0523,0,entity_0523,entity_0223,entity_0223,entity_0523,test
pair_003990,query,entity_0301,entity_0311,0,entity_0311,entity_0301,entity_0301,entity_0311,validation
pair_003991,query,entity_0240,entity_0836,0,entity_0836,entity_0240,entity_0240,entity_0836,test
pair_003992,query,entity_0352,entity_0656,0,entity_0352,entity_0656,entity_0656,entity_0352,test
pair_003993,demo,entity_0063,entity_0066,1,entity_0063,entity_0066,entity_0066,entity_0063,train
pair_003994,query,entity_0708,entity_0892,0,entity_0708,entity_0892,entity_0892,entity_0708,validation
pair_003995,demo,entity_0042,entity_0049,1,entity_0049,entity_0042,entity_0042,entity_0049,train
pair_003996,demo,entity_0892,entity_0898,1,entity_0892,entity_0898,entity_0898,entity_0892,train
pair_003997,query,entity_0732,entity_0737,1,entity_0732,entity_0737,entity_0737,entity_0732,validation
pair_003998,demo,entity_0343,entity_0346,1,entity_0343,entity_0346,entity_0346,entity_0343,train
pair_003999,query,entity_0837,entity_0840,1,entity_0840,entity_0837,entity_0837,entity_0840,validation
pair_004000,query,entity_0335,entity_0732,0,entity_0335,entity_0732,entity_0732,entity_0335,validation
pair_004001,demo,entity_0634,entity_0640,1,entity_0640,entity_0634,entity_0634,entity_0640,train
pair_004002,query,entity_0518,entity_0848,0,entity_0518,entity_0848,entity_0848,entity_0518,test
pair_004003,query,entity_0023,entity_0027,1,entity_0023,entity_0027,entity_0027,entity_0023,test
pair_004004,demo,entity_0153,entity_0478,0,entity_0153,entity_0478,entity_0478,entity_0153,train
pair_004005,demo,entity_0184,entity_0189,1,entity_0189,entity_0184,entity_0184,entity_0189,train
pair_004006,query,entity_0599,entity_0728,0,entity_0599,entity_0728,entity_0728,entity_0599,validation
pair_004007,demo,entity_0529,entity_0754,0,entity_0529,entity_0754,entity_0754,entity_0529,train
pair_004008,demo,entity_0406,entity_0748,0,entity_0748,entity_0406,entity_0406,entity_0748,train
pair_004009,demo,entity_0263,entity_0943,0,entity_0943,entity_0263,entity_0263,entity_0943,train
pair_004010,query,entity_0014,entity_0015,1,entity_0014,entity_0015,entity_0015,entity_0014,test
pair_004011,query,entity_0553,entity_0558,1,entity_0558,entity_0553,entity_0553,entity_0558,test
pair_004012,demo,entity_0465,entity_0468,1,entity_0468,entity_0465,entity_0465,entity_0468,train
pair_004013,query,entity_0001,entity_0010,1,entity_0010,entity_0001,entity_0001,entity_0010,test
pair_004014,demo,entity_0257,entity_0260,1,entity_0257,entity_0260,entity_0260,entity_0257,train
pair_004015,demo,entity_0412,entity_0416,1,entity_0412,entity_0416,entity_0416,entity_0412,train
pair_004016,query,entity_0517,entity_0734,0,entity_0517,entity_0734,entity_0734,entity_0517,test
pair_004017,demo,entity_0527,entity_0941,0,entity_0941,entity_0527,entity_0527,entity_0941,train
pair_004018,query,entity_0774,entity_0861,0,entity_0774,entity_0861,entity_0861,entity_0774,test
pair_004019,query,entity_0868,entity_0957,0,entity_0868,entity_0957,entity_0957,entity_0868,test
pair_004020,demo,entity_0376,entity_0381,0,entity_0381,entity_0376,entity_0376,entity_0381,train
pair_004021,query,entity_0269,entity_0729,0,entity_0269,entity_0729,entity_0729,entity_0269,validation
pair_004022,demo,entity_0129,entity_0330,0,entity_0129,entity_0330,entity_0330,entity_0129,train
pair_004023,query,entity_0259,entity_0539,0,entity_0259,entity_0539,entity_0539,entity_0259,test
pair_004024,demo,entity_0237,entity_0825,0,entity_0825,entity_0237,entity_0237,entity_0825,train
pair_004025,query,entity_0254,entity_0259,1,entity_0254,entity_0259,entity_0259,entity_0254,test
pair_004026,query,entity_0364,entity_0743,0,entity_0364,entity_0743,entity_0743,entity_0364,test
pair_004027,demo,entity_0088,entity_0299,0,entity_0088,entity_0299,entity_0299,entity_0088,train
pair_004028,demo,entity_0144,entity_0148,1,entity_0148,entity_0144,entity_0144,entity_0148,train
pair_004029,demo,entity_0613,entity_0695,0,entity_0695,entity_0613,entity_0613,entity_0695,train
pair_004030,demo,entity_0837,entity_0838,1,entity_0837,entity_0838,entity_0838,entity_0837,train
pair_004031,demo,entity_0573,entity_0575,1,entity_0575,entity_0573,entity_0573,entity_0575,train
pair_004032,demo,entity_0243,entity_0249,1,entity_0249,entity_0243,entity_0243,entity_0249,train
pair_004033,demo,entity_0137,entity_0203,0,entity_0203,entity_0137,entity_0137,entity_0203,train
pair_004034,demo,entity_0304,entity_0539,0,entity_0304,entity_0539,entity_0539,entity_0304,train
pair_004035,demo,entity_0502,entity_0503,1,entity_0502,entity_0503,entity_0503,entity_0502,train
pair_004036,demo,entity_0708,entity_0909,0,entity_0909,entity_0708,entity_0708,entity_0909,train
pair_004037,demo,entity_0030,entity_0305,0,entity_0305,entity_0030,entity_0030,entity_0305,train
pair_004038,demo,entity_0097,entity_0099,1,entity_0099,entity_0097,entity_0097,entity_0099,train
pair_004039,query,entity_0287,entity_0861,0,entity_0287,entity_0861,entity_0861,entity_0287,test
pair_004040,query,entity_0197,entity_0655,0,entity_0655,entity_0197,entity_0197,entity_0655,test
pair_004041,query,entity_0335,entity_0606,0,entity_0606,entity_0335,entity_0335,entity_0606,test
pair_004042,demo,entity_0001,entity_0287,0,entity_0287,entity_0001,entity_0001,entity_0287,train
pair_004043,query,entity_0234,entity_0238,1,entity_0238,entity_0234,entity_0234,entity_0238,test
pair_004044,query,entity_0575,entity_0577,1,entity_0575,entity_0577,entity_0577,entity_0575,validation
pair_004045,query,entity_0261,entity_0510,0,entity_0261,entity_0510,entity_0510,entity_0261,test
pair_004046,query,entity_0651,entity_0657,1,entity_0651,entity_0657,entity_0657,entity_0651,test
pair_004047,query,entity_0364,entity_0770,0,entity_0770,entity_0364,entity_0364,entity_0770,validation
pair_004048,demo,entity_0262,entity_0269,1,entity_0269,entity_0262,entity_0262,entity_0269,train
pair_004049,query,entity_0055,entity_0056,1,entity_0056,entity_0055,entity_0055,entity_0056,test
pair_004050,demo,entity_0251,entity_0258,1,entity_0258,entity_0251,entity_0251,entity_0258,train
pair_004051,demo,entity_0501,entity_0526,0,entity_0501,entity_0526,entity_0526,entity_0501,train
pair_004052,demo,entity_0317,entity_0941,0,entity_0941,entity_0317,entity_0317,entity_0941,train
pair_004053,demo,entity_0167,entity_0168,1,entity_0167,entity_0168,entity_0168,entity_0167,train
pair_004054,query,entity_0511,entity_0519,1,entity_0511,entity_0519,entity_0519,entity_0511,test
pair_004055,demo,entity_0003,entity_0012,0,entity_0012,entity_0003,entity_0003,entity_0012,train
pair_004056,query,entity_0995,entity_0998,1,entity_0998,entity_0995,entity_0995,entity_0998,test
pair_004057,query,entity_0304,entity_0310,1,entity_0304,entity_0310,entity_0310,entity_0304,test
pair_004058,query,entity_0793,entity_0799,1,entity_0799,entity_0793,entity_0793,entity_0799,test
pair_004059,query,entity_0648,entity_0856,0,entity_0856,entity_0648,entity_0648,entity_0856,test
pair_004060,demo,entity_0881,entity_0887,1,entity_0881,entity_0887,entity_0887,entity_0881,train
pair_004061,query,entity_0395,entity_0399,1,entity_0399,entity_0395,entity_0395,entity_0399,test
pair_004062,query,entity_0995,entity_0999,1,entity_0999,entity_0995,entity_0995,entity_0999,test
pair_004063,query,entity_0862,entity_0866,1,entity_0862,entity_0866,entity_0866,entity_0862,test
pair_004064,demo,entity_0706,entity_0709,1,entity_0709,entity_0706,entity_0706,entity_0709,train
pair_004065,query,entity_0975,entity_0978,1,entity_0975,entity_0978,entity_0978,entity_0975,test
pair_004066,demo,entity_0523,entity_0798,0,entity_0523,entity_0798,entity_0798,entity_0523,train
pair_004067,query,entity_0058,entity_0426,0,entity_0426,entity_0058,entity_0058,entity_0426,test
pair_004068,demo,entity_0421,entity_0427,1,entity_0427,entity_0421,entity_0421,entity_0427,train
pair_004069,demo,entity_0015,entity_0018,1,entity_0015,entity_0018,entity_0018,entity_0015,train
pair_004070,demo,entity_0323,entity_0330,1,entity_0323,entity_0330,entity_0330,entity_0323,train
pair_004071,query,entity_0637,entity_0677,0,entity_0637,entity_0677,entity_0677,entity_0637,validation
pair_004072,demo,entity_0399,entity_0914,0,entity_0914,entity_0399,entity_0399,entity_0914,train
pair_004073,query,entity_0468,entity_0644,0,entity_0644,entity_0468,entity_0468,entity_0644,test
pair_004074,demo,entity_0287,entity_0289,1,entity_0287,entity_0289,entity_0289,entity_0287,train
pair_004075,demo,entity_0674,entity_0680,1,entity_0680,entity_0674,entity_0674,entity_0680,train
pair_004076,query,entity_0257,entity_0872,0,entity_0257,entity_0872,entity_0872,entity_0257,test
pair_004077,demo,entity_0586,entity_0688,0,entity_0586,entity_0688,entity_0688,entity_0586,train
pair_004078,demo,entity_0122,entity_0756,0,entity_0756,entity_0122,entity_0122,entity_0756,train
pair_004079,demo,entity_0326,entity_0714,0,entity_0326,entity_0714,entity_0714,entity_0326,train
pair_004080,demo,entity_0296,entity_0644,0,entity_0296,entity_0644,entity_0644,entity_0296,train
pair_004081,query,entity_0993,entity_0997,1,entity_0993,entity_0997,entity_0997,entity_0993,test
pair_004082,query,entity_0184,entity_0909,0,entity_0909,entity_0184,entity_0184,entity_0909,validation
pair_004083,demo,entity_0965,entity_0968,1,entity_0965,entity_0968,entity_0968,entity_0965,train
pair_004084,query,entity_0120,entity_0773,0,entity_0773,entity_0120,entity_0120,entity_0773,validation
pair_004085,query,entity_0215,entity_0218,1,entity_0215,entity_0218,entity_0218,entity_0215,test
pair_004086,demo,entity_0827,entity_0830,1,entity_0827,entity_0830,entity_0830,entity_0827,train
pair_004087,demo,entity_0001,entity_0470,0,entity_0470,entity_0001,entity_0001,entity_0470,train
pair_004088,query,entity_0044,entity_0047,1,entity_0044,entity_0047,entity_0047,entity_0044,validation
pair_004089,demo,entity_0267,entity_0362,0,entity_0267,entity_0362,entity_0362,entity_0267,train
pair_004090,demo,entity_0812,entity_0814,1,entity_0812,entity_0814,entity_0814,entity_0812,train
pair_004091,query,entity_0147,entity_0644,0,entity_0147,entity_0644,entity_0644,entity_0147,test
pair_004092,demo,entity_0185,entity_0191,0,entity_0191,entity_0185,entity_0185,entity_0191,train
pair_004093,demo,entity_0384,entity_0627,0,entity_0384,entity_0627,entity_0627,entity_0384,train
pair_004094,demo,entity_0252,entity_0259,1,entity_0252,entity_0259,entity_0259,entity_0252,train
pair_004095,demo,entity_0954,entity_0958,1,entity_0954,entity_0958,entity_0958,entity_0954,train
pair_004096,demo,entity_0617,entity_0619,1,entity_0619,entity_0617,entity_0617,entity_0619,train
pair_004097,demo,entity_0522,entity_0792,0,entity_0522,entity_0792,entity_0792,entity_0522,train
pair_004098,demo,entity_0312,entity_0428,0,entity_0312,entity_0428,entity_0428,entity_0312,train
pair_004099,demo,entity_0763,entity_0765,1,entity_0763,entity_0765,entity_0765,entity_0763,train
pair_004100,query,entity_0475,entity_0633,0,entity_0633,entity_0475,entity_0475,entity_0633,validation
pair_004101,query,entity_0662,entity_0665,1,entity_0662,entity_0665,entity_0665,entity_0662,test
pair_004102,query,entity_0332,entity_0334,1,entity_0334,entity_0332,entity_0332,entity_0334,test
pair_004103,query,entity_0299,entity_0600,0,entity_0299,entity_0600,entity_0600,entity_0299,test
pair_004104,query,entity_0497,entity_0498,1,entity_0497,entity_0498,entity_0498,entity_0497,test
pair_004105,demo,entity_0014,entity_0236,0,entity_0236,entity_0014,entity_0014,entity_0236,train
pair_004106,demo,entity_0147,entity_0692,0,entity_0692,entity_0147,entity_0147,entity_0692,train
pair_004107,demo,entity_0061,entity_0066,1,entity_0066,entity_0061,entity_0061,entity_0066,train
pair_004108,query,entity_0122,entity_0884,0,entity_0884,entity_0122,entity_0122,entity_0884,test
pair_004109,demo,entity_0632,entity_0662,0,entity_0632,entity_0662,entity_0662,entity_0632,train
pair_004110,query,entity_0974,entity_0975,1,entity_0975,entity_0974,entity_0974,entity_0975,test
pair_004111,demo,entity_0374,entity_0467,0,entity_0374,entity_0467,entity_0467,entity_0374,train
pair_004112,query,entity_0569,entity_0939,0,entity_0939,entity_0569,entity_0569,entity_0939,validation
pair_004113,query,entity_0028,entity_0888,0,entity_0888,entity_0028,entity_0028,entity_0888,test
pair_004114,demo,entity_0334,entity_0335,1,entity_0334,entity_0335,entity_0335,entity_0334,train
pair_004115,query,entity_0607,entity_0631,0,entity_0631,entity_0607,entity_0607,entity_0631,validation
pair_004116,query,entity_0464,entity_0636,0,entity_0464,entity_0636,entity_0636,entity_0464,test
pair_004117,query,entity_0506,entity_0692,0,entity_0506,entity_0692,entity_0692,entity_0506,test
pair_004118,query,entity_0404,entity_0512,0,entity_0512,entity_0404,entity_0404,entity_0512,test
pair_004119,demo,entity_0455,entity_0640,0,entity_0455,entity_0640,entity_0640,entity_0455,train
pair_004120,query,entity_0069,entity_0278,0,entity_0069,entity_0278,entity_0278,entity_0069,test
pair_004121,demo,entity_0991,entity_1000,1,entity_1000,entity_0991,entity_0991,entity_1000,train
pair_004122,query,entity_0052,entity_0055,1,entity_0055,entity_0052,entity_0052,entity_0055,test
pair_004123,demo,entity_0935,entity_0940,1,entity_0935,entity_0940,entity_0940,entity_0935,train
pair_004124,query,entity_0064,entity_0066,1,entity_0064,entity_0066,entity_0066,entity_0064,test
pair_004125,demo,entity_0463,entity_0877,0,entity_0877,entity_0463,entity_0463,entity_0877,train
pair_004126,query,entity_0741,entity_0748,1,entity_0748,entity_0741,entity_0741,entity_0748,test
pair_004127,query,entity_0451,entity_0459,1,entity_0451,entity_0459,entity_0459,entity_0451,test
pair_004128,demo,entity_0455,entity_0457,1,entity_0457,entity_0455,entity_0455,entity_0457,train
pair_004129,query,entity_0270,entity_0614,0,entity_0270,entity_0614,entity_0614,entity_0270,test
pair_004130,query,entity_0536,entity_0537,1,entity_0537,entity_0536,entity_0536,entity_0537,validation
pair_004131,query,entity_0632,entity_0633,1,entity_0633,entity_0632,entity_0632,entity_0633,test
pair_004132,demo,entity_0111,entity_0599,0,entity_0599,entity_0111,entity_0111,entity_0599,train
pair_004133,demo,entity_0142,entity_0748,0,entity_0748,entity_0142,entity_0142,entity_0748,train
pair_004134,query,entity_0264,entity_0269,1,entity_0269,entity_0264,entity_0264,entity_0269,test
pair_004135,demo,entity_0609,entity_0610,1,entity_0609,entity_0610,entity_0610,entity_0609,train
pair_004136,query,entity_0517,entity_0519,1,entity_0517,entity_0519,entity_0519,entity_0517,test
pair_004137,query,entity_0329,entity_0649,0,entity_0649,entity_0329,entity_0329,entity_0649,test
pair_004138,demo,entity_0562,entity_0594,0,entity_0594,entity_0562,entity_0562,entity_0594,train
pair_004139,query,entity_0304,entity_0719,0,entity_0304,entity_0719,entity_0719,entity_0304,validation
pair_004140,query,entity_0753,entity_0775,0,entity_0775,entity_0753,entity_0753,entity_0775,test
pair_004141,demo,entity_0638,entity_0639,1,entity_0638,entity_0639,entity_0639,entity_0638,train
pair_004142,query,entity_0510,entity_0807,0,entity_0807,entity_0510,entity_0510,entity_0807,test
pair_004143,demo,entity_0238,entity_0239,1,entity_0238,entity_0239,entity_0239,entity_0238,train
pair_004144,demo,entity_0221,entity_0227,1,entity_0227,entity_0221,entity_0221,entity_0227,train
pair_004145,query,entity_0778,entity_0789,0,entity_0789,entity_0778,entity_0778,entity_0789,validation
pair_004146,demo,entity_0194,entity_0451,0,entity_0451,entity_0194,entity_0194,entity_0451,train
pair_004147,query,entity_0767,entity_0769,1,entity_0767,entity_0769,entity_0769,entity_0767,test
pair_004148,query,entity_0581,entity_0588,1,entity_0588,entity_0581,entity_0581,entity_0588,test
pair_004149,query,entity_0469,entity_0525,0,entity_0469,entity_0525,entity_0525,entity_0469,test
pair_004150,query,entity_0138,entity_0543,0,entity_0138,entity_0543,entity_0543,entity_0138,test
pair_004151,query,entity_0631,entity_0637,1,entity_0637,entity_0631,entity_0631,entity_0637,validation
pair_004152,query,entity_0345,entity_0346,1,entity_0346,entity_0345,entity_0345,entity_0346,test
pair_004153,demo,entity_0822,entity_0830,1,entity_0822,entity_0830,entity_0830,entity_0822,train
pair_004154,demo,entity_0429,entity_0763,0,entity_0763,entity_0429,entity_0429,entity_0763,train
pair_004155,demo,entity_0912,entity_0917,1,entity_0917,entity_0912,entity_0912,entity_0917,train
pair_004156,demo,entity_0629,entity_0685,0,entity_0685,entity_0629,entity_0629,entity_0685,train
pair_004157,query,entity_0524,entity_0529,1,entity_0529,entity_0524,entity_0524,entity_0529,test
pair_004158,query,entity_0698,entity_0968,0,entity_0968,entity_0698,entity_0698,entity_0968,test
pair_004159,query,entity_0411,entity_0414,1,entity_0414,entity_0411,entity_0411,entity_0414,test
pair_004160,demo,entity_0406,entity_0946,0,entity_0406,entity_0946,entity_0946,entity_0406,train
pair_004161,query,entity_0761,entity_0764,1,entity_0764,entity_0761,entity_0761,entity_0764,test
pair_004162,demo,entity_0795,entity_0800,1,entity_0795,entity_0800,entity_0800,entity_0795,train
pair_004163,query,entity_0013,entity_0020,1,entity_0020,entity_0013,entity_0013,entity_0020,test
pair_004164,demo,entity_0042,entity_0393,0,entity_0393,entity_0042,entity_0042,entity_0393,train
pair_004165,query,entity_0049,entity_0772,0,entity_0772,entity_0049,entity_0049,entity_0772,validation
pair_004166,demo,entity_0241,entity_0436,0,entity_0241,entity_0436,entity_0436,entity_0241,train
pair_004167,demo,entity_0992,entity_1000,1,entity_1000,entity_0992,entity_0992,entity_1000,train
pair_004168,query,entity_0413,entity_0417,1,entity_0417,entity_0413,entity_0413,entity_0417,test
pair_004169,query,entity_0826,entity_0830,1,entity_0826,entity_0830,entity_0830,entity_0826,test
pair_004170,demo,entity_0527,entity_0608,0,entity_0608,entity_0527,entity_0527,entity_0608,train
pair_004171,demo,entity_0164,entity_0795,0,entity_0164,entity_0795,entity_0795,entity_0164,train
pair_004172,query,entity_0088,entity_0312,0,entity_0088,entity_0312,entity_0312,entity_0088,test
pair_004173,demo,entity_0162,entity_0937,0,entity_0937,entity_0162,entity_0162,entity_0937,train
pair_004174,demo,entity_0394,entity_0400,1,entity_0400,entity_0394,entity_0394,entity_0400,train
pair_004175,demo,entity_0231,entity_0237,1,entity_0237,entity_0231,entity_0231,entity_0237,train
pair_004176,demo,entity_0208,entity_0745,0,entity_0208,entity_0745,entity_0745,entity_0208,train
pair_004177,demo,entity_0641,entity_0645,1,entity_0641,entity_0645,entity_0645,entity_0641,train
pair_004178,query,entity_0476,entity_0778,0,entity_0476,entity_0778,entity_0778,entity_0476,test
pair_004179,demo,entity_0725,entity_0729,1,entity_0729,entity_0725,entity_0725,entity_0729,train
pair_004180,demo,entity_0517,entity_0790,0,entity_0790,entity_0517,entity_0517,entity_0790,train
pair_004181,demo,entity_0412,entity_0665,0,entity_0665,entity_0412,entity_0412,entity_0665,train
pair_004182,query,entity_0036,entity_0365,0,entity_0036,entity_0365,entity_0365,entity_0036,test
pair_004183,query,entity_0303,entity_0981,0,entity_0981,entity_0303,entity_0303,entity_0981,test
pair_004184,demo,entity_0375,entity_0575,0,entity_0375,entity_0575,entity_0575,entity_0375,train
pair_004185,demo,entity_0260,entity_0333,0,entity_0260,entity_0333,entity_0333,entity_0260,train
pair_004186,query,entity_0441,entity_0474,0,entity_0441,entity_0474,entity_0474,entity_0441,test
pair_004187,demo,entity_0221,entity_0228,1,entity_0228,entity_0221,entity_0221,entity_0228,train
pair_004188,demo,entity_0246,entity_0793,0,entity_0246,entity_0793,entity_0793,entity_0246,train
pair_004189,demo,entity_0300,entity_0917,0,entity_0300,entity_0917,entity_0917,entity_0300,train
pair_004190,demo,entity_0293,entity_0297,1,entity_0293,entity_0297,entity_0297,entity_0293,train
pair_004191,query,entity_0736,entity_0737,1,entity_0737,entity_0736,entity_0736,entity_0737,validation
pair_004192,demo,entity_0676,entity_0679,1,entity_0676,entity_0679,entity_0679,entity_0676,train
pair_004193,query,entity_0106,entity_0108,1,entity_0108,entity_0106,entity_0106,entity_0108,test
pair_004194,query,entity_0329,entity_0582,0,entity_0582,entity_0329,entity_0329,entity_0582,test
pair_004195,query,entity_0138,entity_0390,0,entity_0390,entity_0138,entity_0138,entity_0390,test
pair_004196,query,entity_0283,entity_0290,1,entity_0290,entity_0283,entity_0283,entity_0290,test
pair_004197,demo,entity_0382,entity_0388,1,entity_0388,entity_0382,entity_0382,entity_0388,train
pair_004198,demo,entity_0228,entity_0230,1,entity_0228,entity_0230,entity_0230,entity_0228,train
pair_004199,demo,entity_0128,entity_0936,0,entity_0936,entity_0128,entity_0128,entity_0936,train
pair_004200,query,entity_0062,entity_0068,1,entity_0062,entity_0068,entity_0068,entity_0062,test
pair_004201,demo,entity_0013,entity_0015,1,entity_0013,entity_0015,entity_0015,entity_0013,train
pair_004202,demo,entity_0832,entity_0839,1,entity_0832,entity_0839,entity_0839,entity_0832,train
pair_004203,demo,entity_0416,entity_0681,0,entity_0416,entity_0681,entity_0681,entity_0416,train
pair_004204,demo,entity_0843,entity_0846,1,entity_0843,entity_0846,entity_0846,entity_0843,train
pair_004205,demo,entity_0149,entity_0547,0,entity_0149,entity_0547,entity_0547,entity_0149,train
pair_004206,demo,entity_0713,entity_0715,1,entity_0713,entity_0715,entity_0715,entity_0713,train
pair_004207,demo,entity_0087,entity_0662,0,entity_0662,entity_0087,entity_0087,entity_0662,train
pair_004208,query,entity_0302,entity_0308,1,entity_0302,entity_0308,entity_0308,entity_0302,test
pair_004209,query,entity_0185,entity_0983,0,entity_0983,entity_0185,entity_0185,entity_0983,test
pair_004210,query,entity_0175,entity_0179,1,entity_0175,entity_0179,entity_0179,entity_0175,test
pair_004211,query,entity_0431,entity_0834,0,entity_0431,entity_0834,entity_0834,entity_0431,test
pair_004212,query,entity_0776,entity_0777,1,entity_0777,entity_0776,entity_0776,entity_0777,validation
pair_004213,query,entity_0211,entity_0847,0,entity_0211,entity_0847,entity_0847,entity_0211,validation
pair_004214,demo,entity_0574,entity_0958,0,entity_0958,entity_0574,entity_0574,entity_0958,train
pair_004215,query,entity_0732,entity_0742,0,entity_0732,entity_0742,entity_0742,entity_0732,test
pair_004216,demo,entity_0457,entity_0487,0,entity_0487,entity_0457,entity_0457,entity_0487,train
pair_004217,query,entity_0258,entity_0285,0,entity_0258,entity_0285,entity_0285,entity_0258,test
pair_004218,query,entity_0477,entity_0634,0,entity_0634,entity_0477,entity_0477,entity_0634,test
pair_004219,demo,entity_0703,entity_0704,1,entity_0703,entity_0704,entity_0704,entity_0703,train
pair_004220,demo,entity_0123,entity_0813,0,entity_0123,entity_0813,entity_0813,entity_0123,train
pair_004221,query,entity_0611,entity_0616,1,entity_0616,entity_0611,entity_0611,entity_0616,test
pair_004222,demo,entity_0041,entity_0049,1,entity_0041,entity_0049,entity_0049,entity_0041,train
pair_004223,demo,entity_0288,entity_0858,0,entity_0858,entity_0288,entity_0288,entity_0858,train
pair_004224,demo,entity_0916,entity_0917,1,entity_0916,entity_0917,entity_0917,entity_0916,train
pair_004225,query,entity_0272,entity_0279,1,entity_0279,entity_0272,entity_0272,entity_0279,test
pair_004226,demo,entity_0702,entity_0703,1,entity_0702,entity_0703,entity_0703,entity_0702,train
pair_004227,demo,entity_0884,entity_0885,1,entity_0884,entity_0885,entity_0885,entity_0884,train
pair_004228,demo,entity_0352,entity_0493,0,entity_0493,entity_0352,entity_0352,entity_0493,train
pair_004229,demo,entity_0931,entity_0940,1,entity_0940,entity_0931,entity_0931,entity_0940,train
pair_004230,demo,entity_0764,entity_0766,1,entity_0764,entity_0766,entity_0766,entity_0764,train
pair_004231,demo,entity_0329,entity_0809,0,entity_0329,entity_0809,entity_0809,entity_0329,train
pair_004232,query,entity_0473,entity_0969,0,entity_0473,entity_0969,entity_0969,entity_0473,test
pair_004233,demo,entity_0267,entity_0739,0,entity_0267,entity_0739,entity_0739,entity_0267,train
pair_004234,demo,entity_0143,entity_0315,0,entity_0143,entity_0315,entity_0315,entity_0143,train
pair_004235,query,entity_0317,entity_0775,0,entity_0317,entity_0775,entity_0775,entity_0317,test
pair_004236,query,entity_0336,entity_0890,0,entity_0890,entity_0336,entity_0336,entity_0890,test
pair_004237,query,entity_0047,entity_0845,0,entity_0845,entity_0047,entity_0047,entity_0845,validation
pair_004238,query,entity_0145,entity_0960,0,entity_0145,entity_0960,entity_0960,entity_0145,test
pair_004239,query,entity_0097,entity_0741,0,entity_0097,entity_0741,entity_0741,entity_0097,test
pair_004240,demo,entity_0172,entity_0686,0,entity_0686,entity_0172,entity_0172,entity_0686,train
pair_004241,demo,entity_0104,entity_0150,0,entity_0104,entity_0150,entity_0150,entity_0104,train
pair_004242,query,entity_0951,entity_0960,1,entity_0960,entity_0951,entity_0951,entity_0960,test
pair_004243,query,entity_0223,entity_0226,1,entity_0226,entity_0223,entity_0223,entity_0226,test
pair_004244,query,entity_0141,entity_0498,0,entity_0141,entity_0498,entity_0498,entity_0141,test
pair_004245,demo,entity_0938,entity_0939,1,entity_0938,entity_0939,entity_0939,entity_0938,train
pair_004246,demo,entity_0362,entity_0837,0,entity_0362,entity_0837,entity_0837,entity_0362,train
pair_004247,query,entity_0104,entity_0108,1,entity_0104,entity_0108,entity_0108,entity_0104,validation
pair_004248,demo,entity_0863,entity_0869,1,entity_0863,entity_0869,entity_0869,entity_0863,train
pair_004249,demo,entity_0051,entity_0057,1,entity_0051,entity_0057,entity_0057,entity_0051,train
pair_004250,demo,entity_0052,entity_0683,0,entity_0052,entity_0683,entity_0683,entity_0052,train
pair_004251,demo,entity_0053,entity_0564,0,entity_0053,entity_0564,entity_0564,entity_0053,train
pair_004252,demo,entity_0499,entity_0834,0,entity_0834,entity_0499,entity_0499,entity_0834,train
pair_004253,demo,entity_0046,entity_0049,1,entity_0046,entity_0049,entity_0049,entity_0046,train
pair_004254,query,entity_0425,entity_0429,1,entity_0429,entity_0425,entity_0425,entity_0429,test
pair_004255,query,entity_0332,entity_0772,0,entity_0332,entity_0772,entity_0772,entity_0332,test
pair_004256,demo,entity_0987,entity_0988,1,entity_0987,entity_0988,entity_0988,entity_0987,train
pair_004257,query,entity_0708,entity_0709,1,entity_0709,entity_0708,entity_0708,entity_0709,validation
pair_004258,demo,entity_0141,entity_0144,1,entity_0144,entity_0141,entity_0141,entity_0144,train
pair_004259,demo,entity_0299,entity_0454,0,entity_0454,entity_0299,entity_0299,entity_0454,train
pair_004260,query,entity_0479,entity_0990,0,entity_0479,entity_0990,entity_0990,entity_0479,test
pair_004261,demo,entity_0028,entity_0411,0,entity_0028,entity_0411,entity_0411,entity_0028,train
pair_004262,demo,entity_0193,entity_0198,1,entity_0198,entity_0193,entity_0193,entity_0198,train
pair_004263,query,entity_0035,entity_0038,1,entity_0038,entity_0035,entity_0035,entity_0038,validation
pair_004264,demo,entity_0857,entity_0860,1,entity_0857,entity_0860,entity_0860,entity_0857,train
pair_004265,query,entity_0676,entity_0959,0,entity_0959,entity_0676,entity_0676,entity_0959,validation
pair_004266,query,entity_0383,entity_0386,1,entity_0383,entity_0386,entity_0386,entity_0383,test
pair_004267,query,entity_0523,entity_0883,0,entity_0523,entity_0883,entity_0883,entity_0523,test
pair_004268,query,entity_0675,entity_0676,1,entity_0675,entity_0676,entity_0676,entity_0675,test
pair_004269,demo,entity_0284,entity_0449,0,entity_0449,entity_0284,entity_0284,entity_0449,train
pair_004270,query,entity_0746,entity_0938,0,entity_0938,entity_0746,entity_0746,entity_0938,test
pair_004271,query,entity_0543,entity_0749,0,entity_0543,entity_0749,entity_0749,entity_0543,validation
pair_004272,query,entity_0011,entity_0012,1,entity_0012,entity_0011,entity_0011,entity_0012,test
pair_004273,query,entity_0335,entity_0406,0,entity_0335,entity_0406,entity_0406,entity_0335,test
pair_004274,query,entity_0339,entity_0709,0,entity_0339,entity_0709,entity_0709,entity_0339,validation
pair_004275,query,entity_0283,entity_0445,0,entity_0445,entity_0283,entity_0283,entity_0445,test
pair_004276,demo,entity_0005,entity_0302,0,entity_0005,entity_0302,entity_0302,entity_0005,train
pair_004277,query,entity_0817,entity_0818,1,entity_0818,entity_0817,entity_0817,entity_0818,test
pair_004278,query,entity_0064,entity_0069,1,entity_0064,entity_0069,entity_0069,entity_0064,validation
pair_004279,query,entity_0473,entity_0477,1,entity_0477,entity_0473,entity_0473,entity_0477,test
pair_004280,demo,entity_0632,entity_0765,0,entity_0632,entity_0765,entity_0765,entity_0632,train
pair_004281,demo,entity_0532,entity_0538,1,entity_0532,entity_0538,entity_0538,entity_0532,train
pair_004282,query,entity_0001,entity_0009,1,entity_0001,entity_0009,entity_0009,entity_0001,validation
pair_004283,query,entity_0035,entity_0902,0,entity_0902,entity_0035,entity_0035,entity_0902,test
pair_004284,demo,entity_0395,entity_0443,0,entity_0395,entity_0443,entity_0443,entity_0395,train
pair_004285,query,entity_0092,entity_0100,1,entity_0092,entity_0100,entity_0100,entity_0092,test
pair_004286,demo,entity_0386,entity_0734,0,entity_0734,entity_0386,entity_0386,entity_0734,train
pair_004287,query,entity_0117,entity_0479,0,entity_0479,entity_0117,entity_0117,entity_0479,test
pair_004288,demo,entity_0455,entity_0459,1,entity_0459,entity_0455,entity_0455,entity_0459,train
pair_004289,demo,entity_0566,entity_0944,0,entity_0566,entity_0944,entity_0944,entity_0566,train
pair_004290,demo,entity_0089,entity_0571,0,entity_0089,entity_0571,entity_0571,entity_0089,train
pair_004291,demo,entity_0635,entity_0697,0,entity_0635,entity_0697,entity_0697,entity_0635,train
pair_004292,demo,entity_0261,entity_0788,0,entity_0261,entity_0788,entity_0788,entity_0261,train
pair_004293,query,entity_0323,entity_0678,0,entity_0678,entity_0323,entity_0323,entity_0678,test
pair_004294,demo,entity_0484,entity_0485,1,entity_0484,entity_0485,entity_0485,entity_0484,train
pair_004295,demo,entity_0067,entity_0068,1,entity_0067,entity_0068,entity_0068,entity_0067,train
pair_004296,query,entity_0619,entity_0987,0,entity_0987,entity_0619,entity_0619,entity_0987,test
pair_004297,query,entity_0292,entity_0293,1,entity_0292,entity_0293,entity_0293,entity_0292,test
pair_004298,demo,entity_0071,entity_0079,1,entity_0071,entity_0079,entity_0079,entity_0071,train
pair_004299,demo,entity_0116,entity_0443,0,entity_0116,entity_0443,entity_0443,entity_0116,train
pair_004300,query,entity_0401,entity_0409,1,entity_0409,entity_0401,entity_0401,entity_0409,validation
pair_004301,query,entity_0329,entity_0550,0,entity_0550,entity_0329,entity_0329,entity_0550,test
pair_004302,demo,entity_0251,entity_0259,1,entity_0251,entity_0259,entity_0259,entity_0251,train
pair_004303,demo,entity_0562,entity_0766,0,entity_0766,entity_0562,entity_0562,entity_0766,train
pair_004304,query,entity_0061,entity_0069,1,entity_0069,entity_0061,entity_0061,entity_0069,test
pair_004305,query,entity_0305,entity_0307,1,entity_0305,entity_0307,entity_0307,entity_0305,validation
pair_004306,demo,entity_0232,entity_0238,1,entity_0232,entity_0238,entity_0238,entity_0232,train
pair_004307,demo,entity_0761,entity_0767,1,entity_0761,entity_0767,entity_0767,entity_0761,train
pair_004308,query,entity_0002,entity_0588,0,entity_0002,entity_0588,entity_0588,entity_0002,test
pair_004309,query,entity_0165,entity_0167,1,entity_0167,entity_0165,entity_0165,entity_0167,test
pair_004310,demo,entity_0598,entity_0599,1,entity_0599,entity_0598,entity_0598,entity_0599,train
pair_004311,demo,entity_0086,entity_0090,1,entity_0086,entity_0090,entity_0090,entity_0086,train
pair_004312,query,entity_0415,entity_0420,1,entity_0420,entity_0415,entity_0415,entity_0420,test
pair_004313,demo,entity_0352,entity_0355,1,entity_0352,entity_0355,entity_0355,entity_0352,train
pair_004314,query,entity_0357,entity_0358,1,entity_0357,entity_0358,entity_0358,entity_0357,validation
pair_004315,query,entity_0308,entity_0871,0,entity_0871,entity_0308,entity_0308,entity_0871,validation
pair_004316,demo,entity_0261,entity_0463,0,entity_0261,entity_0463,entity_0463,entity_0261,train
pair_004317,query,entity_0775,entity_0957,0,entity_0957,entity_0775,entity_0775,entity_0957,test
pair_004318,demo,entity_0318,entity_0347,0,entity_0347,entity_0318,entity_0318,entity_0347,train
pair_004319,query,entity_0575,entity_0742,0,entity_0742,entity_0575,entity_0575,entity_0742,test
pair_004320,query,entity_0913,entity_0914,1,entity_0914,entity_0913,entity_0913,entity_0914,test
pair_004321,query,entity_0939,entity_0940,1,entity_0939,entity_0940,entity_0940,entity_0939,test
pair_004322,demo,entity_0525,entity_0754,0,entity_0754,entity_0525,entity_0525,entity_0754,train
pair_004323,query,entity_0742,entity_0830,0,entity_0830,entity_0742,entity_0742,entity_0830,validation
pair_004324,query,entity_0410,entity_0998,0,entity_0998,entity_0410,entity_0410,entity_0998,test
pair_004325,demo,entity_0306,entity_0689,0,entity_0306,entity_0689,entity_0689,entity_0306,train
pair_004326,query,entity_0282,entity_0949,0,entity_0282,entity_0949,entity_0949,entity_0282,test
pair_004327,demo,entity_0304,entity_0805,0,entity_0805,entity_0304,entity_0304,entity_0805,train
pair_004328,query,entity_0537,entity_0887,0,entity_0537,entity_0887,entity_0887,entity_0537,test
pair_004329,demo,entity_0843,entity_0844,1,entity_0843,entity_0844,entity_0844,entity_0843,train
pair_004330,query,entity_0042,entity_0618,0,entity_0618,entity_0042,entity_0042,entity_0618,test
pair_004331,query,entity_0847,entity_0923,0,entity_0923,entity_0847,entity_0847,entity_0923,validation
pair_004332,query,entity_0598,entity_0673,0,entity_0598,entity_0673,entity_0673,entity_0598,test
pair_004333,demo,entity_0665,entity_0669,1,entity_0665,entity_0669,entity_0669,entity_0665,train
pair_004334,query,entity_0118,entity_0455,0,entity_0118,entity_0455,entity_0455,entity_0118,test
pair_004335,demo,entity_0197,entity_0787,0,entity_0197,entity_0787,entity_0787,entity_0197,train
pair_004336,query,entity_0093,entity_0388,0,entity_0388,entity_0093,entity_0093,entity_0388,test
pair_004337,query,entity_0101,entity_0103,1,entity_0103,entity_0101,entity_0101,entity_0103,test
pair_004338,query,entity_0114,entity_0151,0,entity_0151,entity_0114,entity_0114,entity_0151,test
pair_004339,demo,entity_0692,entity_0696,1,entity_0692,entity_0696,entity_0696,entity_0692,train
pair_004340,demo,entity_0773,entity_0777,1,entity_0777,entity_0773,entity_0773,entity_0777,train
pair_004341,query,entity_0904,entity_0909,1,entity_0904,entity_0909,entity_0909,entity_0904,test
pair_004342,query,entity_0552,entity_0557,1,entity_0557,entity_0552,entity_0552,entity_0557,validation
pair_004343,query,entity_0683,entity_0686,1,entity_0683,entity_0686,entity_0686,entity_0683,test
pair_004344,query,entity_0602,entity_0609,1,entity_0609,entity_0602,entity_0602,entity_0609,validation
pair_004345,demo,entity_0894,entity_0896,1,entity_0896,entity_0894,entity_0894,entity_0896,train
pair_004346,demo,entity_0102,entity_0108,1,entity_0108,entity_0102,entity_0102,entity_0108,train
pair_004347,demo,entity_0265,entity_0758,0,entity_0758,entity_0265,entity_0265,entity_0758,train
pair_004348,demo,entity_0544,entity_0939,0,entity_0939,entity_0544,entity_0544,entity_0939,train
pair_004349,demo,entity_0652,entity_0926,0,entity_0652,entity_0926,entity_0926,entity_0652,train
pair_004350,query,entity_0068,entity_0424,0,entity_0424,entity_0068,entity_0068,entity_0424,test
pair_004351,query,entity_0254,entity_0276,0,entity_0254,entity_0276,entity_0276,entity_0254,test
pair_004352,demo,entity_0331,entity_0336,1,entity_0331,entity_0336,entity_0336,entity_0331,train
pair_004353,demo,entity_0296,entity_0324,0,entity_0296,entity_0324,entity_0324,entity_0296,train
pair_004354,query,entity_0858,entity_0979,0,entity_0858,entity_0979,entity_0979,entity_0858,test
pair_004355,demo,entity_0797,entity_0800,1,entity_0800,entity_0797,entity_0797,entity_0800,train
pair_004356,query,entity_0491,entity_0493,1,entity_0491,entity_0493,entity_0493,entity_0491,test
pair_004357,query,entity_0072,entity_0129,0,entity_0072,entity_0129,entity_0129,entity_0072,test
pair_004358,query,entity_0107,entity_0178,0,entity_0178,entity_0107,entity_0107,entity_0178,test
pair_004359,demo,entity_0386,entity_0845,0,entity_0386,entity_0845,entity_0845,entity_0386,train
pair_004360,query,entity_0311,entity_0317,1,entity_0317,entity_0311,entity_0311,entity_0317,validation
pair_004361,query,entity_0962,entity_0968,1,entity_0962,entity_0968,entity_0968,entity_0962,validation
pair_004362,query,entity_0096,entity_0843,0,entity_0096,entity_0843,entity_0843,entity_0096,test
pair_004363,query,entity_0292,entity_0296,1,entity_0296,entity_0292,entity_0292,entity_0296,test
pair_004364,demo,entity_0783,entity_0784,1,entity_0784,entity_0783,entity_0783,entity_0784,train
pair_004365,query,entity_0349,entity_0677,0,entity_0349,entity_0677,entity_0677,entity_0349,validation
pair_004366,demo,entity_0697,entity_0700,1,entity_0700,entity_0697,entity_0697,entity_0700,train
pair_004367,query,entity_0539,entity_0650,0,entity_0650,entity_0539,entity_0539,entity_0650,test
pair_004368,query,entity_0505,entity_0986,0,entity_0986,entity_0505,entity_0505,entity_0986,test
pair_004369,demo,entity_0003,entity_0006,1,entity_0006,entity_0003,entity_0003,entity_0006,train
pair_004370,query,entity_0922,entity_0930,1,entity_0922,entity_0930,entity_0930,entity_0922,test
pair_004371,query,entity_0250,entity_0666,0,entity_0250,entity_0666,entity_0666,entity_0250,test
pair_004372,query,entity_0027,entity_0420,0,entity_0420,entity_0027,entity_0027,entity_0420,test
pair_004373,query,entity_0124,entity_0468,0,entity_0468,entity_0124,entity_0124,entity_0468,test
pair_004374,demo,entity_0374,entity_0379,1,entity_0379,entity_0374,entity_0374,entity_0379,train
pair_004375,query,entity_0411,entity_0420,1,entity_0420,entity_0411,entity_0411,entity_0420,test
pair_004376,query,entity_0204,entity_0813,0,entity_0204,entity_0813,entity_0813,entity_0204,test
pair_004377,demo,entity_0485,entity_0490,1,entity_0490,entity_0485,entity_0485,entity_0490,train
pair_004378,demo,entity_0481,entity_0490,1,entity_0481,entity_0490,entity_0490,entity_0481,train
pair_004379,query,entity_0560,entity_0905,0,entity_0560,entity_0905,entity_0905,entity_0560,validation
pair_004380,query,entity_0643,entity_0776,0,entity_0776,entity_0643,entity_0643,entity_0776,test
pair_004381,query,entity_0043,entity_0047,1,entity_0047,entity_0043,entity_0043,entity_0047,test
pair_004382,demo,entity_0354,entity_0604,0,entity_0354,entity_0604,entity_0604,entity_0354,train
pair_004383,query,entity_0551,entity_0557,1,entity_0557,entity_0551,entity_0551,entity_0557,validation
pair_004384,query,entity_0762,entity_0775,0,entity_0762,entity_0775,entity_0775,entity_0762,test
pair_004385,query,entity_0492,entity_0498,1,entity_0498,entity_0492,entity_0492,entity_0498,test
pair_004386,query,entity_0078,entity_0216,0,entity_0078,entity_0216,entity_0216,entity_0078,test
pair_004387,query,entity_0029,entity_0030,1,entity_0030,entity_0029,entity_0029,entity_0030,test
pair_004388,query,entity_0435,entity_0601,0,entity_0435,entity_0601,entity_0601,entity_0435,test
pair_004389,demo,entity_0169,entity_0437,0,entity_0169,entity_0437,entity_0437,entity_0169,train
pair_004390,query,entity_0401,entity_0408,1,entity_0408,entity_0401,entity_0401,entity_0408,test
pair_004391,query,entity_0664,entity_0695,0,entity_0664,entity_0695,entity_0695,entity_0664,test
pair_004392,demo,entity_0442,entity_0682,0,entity_0682,entity_0442,entity_0442,entity_0682,train
pair_004393,demo,entity_0973,entity_0979,1,entity_0973,entity_0979,entity_0979,entity_0973,train
pair_004394,demo,entity_0861,entity_0868,1,entity_0868,entity_0861,entity_0861,entity_0868,train
pair_004395,query,entity_0317,entity_0838,0,entity_0317,entity_0838,entity_0838,entity_0317,validation
pair_004396,query,entity_0473,entity_0782,0,entity_0473,entity_0782,entity_0782,entity_0473,test
pair_004397,demo,entity_0526,entity_0529,1,entity_0529,entity_0526,entity_0526,entity_0529,train
pair_004398,query,entity_0245,entity_0248,1,entity_0245,entity_0248,entity_0248,entity_0245,test
pair_004399,query,entity_0013,entity_0019,1,entity_0019,entity_0013,entity_0013,entity_0019,test
pair_004400,query,entity_0345,entity_0348,1,entity_0348,entity_0345,entity_0345,entity_0348,test
pair_004401,demo,entity_0144,entity_0642,0,entity_0642,entity_0144,entity_0144,entity_0642,train
pair_004402,query,entity_0991,entity_0996,1,entity_0991,entity_0996,entity_0996,entity_0991,test
pair_004403,demo,entity_0434,entity_0436,1,entity_0434,entity_0436,entity_0436,entity_0434,train
pair_004404,demo,entity_0442,entity_0718,0,entity_0718,entity_0442,entity_0442,entity_0718,train
pair_004405,demo,entity_0546,entity_0547,1,entity_0547,entity_0546,entity_0546,entity_0547,train
pair_004406,demo,entity_0053,entity_0059,1,entity_0053,entity_0059,entity_0059,entity_0053,train
pair_004407,demo,entity_0914,entity_0999,0,entity_0914,entity_0999,entity_0999,entity_0914,train
pair_004408,demo,entity_0179,entity_0518,0,entity_0179,entity_0518,entity_0518,entity_0179,train
pair_004409,demo,entity_0258,entity_0409,0,entity_0409,entity_0258,entity_0258,entity_0409,train
pair_004410,query,entity_0766,entity_0768,1,entity_0766,entity_0768,entity_0768,entity_0766,test
pair_004411,demo,entity_0359,entity_0446,0,entity_0446,entity_0359,entity_0359,entity_0446,train
pair_004412,demo,entity_0579,entity_0699,0,entity_0579,entity_0699,entity_0699,entity_0579,train
pair_004413,demo,entity_0544,entity_0546,1,entity_0544,entity_0546,entity_0546,entity_0544,train
pair_004414,query,entity_0367,entity_0370,1,entity_0370,entity_0367,entity_0367,entity_0370,test
pair_004415,query,entity_0340,entity_0894,0,entity_0894,entity_0340,entity_0340,entity_0894,test
pair_004416,demo,entity_0411,entity_0412,1,entity_0412,entity_0411,entity_0411,entity_0412,train
pair_004417,demo,entity_0491,entity_0492,1,entity_0491,entity_0492,entity_0492,entity_0491,train
pair_004418,query,entity_0841,entity_0850,1,entity_0841,entity_0850,entity_0850,entity_0841,test
pair_004419,query,entity_0003,entity_0009,1,entity_0003,entity_0009,entity_0009,entity_0003,test
pair_004420,query,entity_0566,entity_0567,1,entity_0566,entity_0567,entity_0567,entity_0566,test
pair_004421,demo,entity_0512,entity_0518,1,entity_0512,entity_0518,entity_0518,entity_0512,train
pair_004422,demo,entity_0110,entity_0815,0,entity_0815,entity_0110,entity_0110,entity_0815,train
pair_004423,demo,entity_0289,entity_0358,0,entity_0289,entity_0358,entity_0358,entity_0289,train
pair_004424,demo,entity_0240,entity_0586,0,entity_0586,entity_0240,entity_0240,entity_0586,train
pair_004425,demo,entity_0425,entity_0426,1,entity_0425,entity_0426,entity_0426,entity_0425,train
pair_004426,demo,entity_0347,entity_0348,1,entity_0347,entity_0348,entity_0348,entity_0347,train
pair_004427,demo,entity_0530,entity_0956,0,entity_0956,entity_0530,entity_0530,entity_0956,train
pair_004428,demo,entity_0472,entity_0983,0,entity_0983,entity_0472,entity_0472,entity_0983,train
pair_004429,demo,entity_0175,entity_0828,0,entity_0828,entity_0175,entity_0175,entity_0828,train
pair_004430,query,entity_0023,entity_0888,0,entity_0023,entity_0888,entity_0888,entity_0023,test
pair_004431,query,entity_0072,entity_0076,1,entity_0076,entity_0072,entity_0072,entity_0076,test
pair_004432,demo,entity_0188,entity_0320,0,entity_0320,entity_0188,entity_0188,entity_0320,train
pair_004433,query,entity_0078,entity_0884,0,entity_0884,entity_0078,entity_0078,entity_0884,test
pair_004434,demo,entity_0220,entity_0565,0,entity_0565,entity_0220,entity_0220,entity_0565,train
pair_004435,query,entity_0248,entity_0565,0,entity_0565,entity_0248,entity_0248,entity_0565,test
pair_004436,demo,entity_0124,entity_0127,1,entity_0124,entity_0127,entity_0127,entity_0124,train
pair_004437,query,entity_0462,entity_0683,0,entity_0462,entity_0683,entity_0683,entity_0462,test
pair_004438,query,entity_0802,entity_0804,1,entity_0802,entity_0804,entity_0804,entity_0802,test
pair_004439,demo,entity_0368,entity_0935,0,entity_0935,entity_0368,entity_0368,entity_0935,train
pair_004440,demo,entity_0402,entity_0676,0,entity_0676,entity_0402,entity_0402,entity_0676,train
pair_004441,demo,entity_0217,entity_0984,0,entity_0984,entity_0217,entity_0217,entity_0984,train
pair_004442,demo,entity_0522,entity_0524,1,entity_0522,entity_0524,entity_0524,entity_0522,train
pair_004443,demo,entity_0668,entity_0853,0,entity_0853,entity_0668,entity_0668,entity_0853,train
pair_004444,demo,entity_0215,entity_0217,1,entity_0217,entity_0215,entity_0215,entity_0217,train
pair_004445,demo,entity_0252,entity_0505,0,entity_0252,entity_0505,entity_0505,entity_0252,train
pair_004446,demo,entity_0944,entity_0947,1,entity_0947,entity_0944,entity_0944,entity_0947,train
pair_004447,query,entity_0093,entity_0197,0,entity_0093,entity_0197,entity_0197,entity_0093,test
pair_004448,query,entity_0303,entity_0689,0,entity_0689,entity_0303,entity_0303,entity_0689,test
pair_004449,query,entity_0204,entity_0352,0,entity_0204,entity_0352,entity_0352,entity_0204,test
pair_004450,demo,entity_0321,entity_0537,0,entity_0321,entity_0537,entity_0537,entity_0321,train
pair_004451,demo,entity_0773,entity_0776,1,entity_0773,entity_0776,entity_0776,entity_0773,train
pair_004452,query,entity_0159,entity_0712,0,entity_0159,entity_0712,entity_0712,entity_0159,test
pair_004453,query,entity_0358,entity_0620,0,entity_0620,entity_0358,entity_0358,entity_0620,test
pair_004454,query,entity_0175,entity_0222,0,entity_0222,entity_0175,entity_0175,entity_0222,validation
pair_004455,query,entity_0240,entity_0686,0,entity_0240,entity_0686,entity_0686,entity_0240,test
pair_004456,query,entity_0162,entity_0167,1,entity_0167,entity_0162,entity_0162,entity_0167,test
pair_004457,demo,entity_0168,entity_0449,0,entity_0168,entity_0449,entity_0449,entity_0168,train
pair_004458,demo,entity_0432,entity_0976,0,entity_0976,entity_0432,entity_0432,entity_0976,train
pair_004459,query,entity_0044,entity_0848,0,entity_0848,entity_0044,entity_0044,entity_0848,validation
pair_004460,demo,entity_0183,entity_0626,0,entity_0626,entity_0183,entity_0183,entity_0626,train
pair_004461,query,entity_0984,entity_0988,1,entity_0984,entity_0988,entity_0988,entity_0984,test
pair_004462,demo,entity_0382,entity_0456,0,entity_0456,entity_0382,entity_0382,entity_0456,train
pair_004463,demo,entity_0782,entity_0921,0,entity_0782,entity_0921,entity_0921,entity_0782,train
pair_004464,query,entity_0445,entity_0795,0,entity_0445,entity_0795,entity_0795,entity_0445,validation
pair_004465,demo,entity_0504,entity_0968,0,entity_0504,entity_0968,entity_0968,entity_0504,train
pair_004466,demo,entity_0045,entity_0619,0,entity_0619,entity_0045,entity_0045,entity_0619,train
pair_004467,demo,entity_0263,entity_0267,1,entity_0267,entity_0263,entity_0263,entity_0267,train
pair_004468,demo,entity_0377,entity_0619,0,entity_0619,entity_0377,entity_0377,entity_0619,train
pair_004469,query,entity_0069,entity_0070,1,entity_0070,entity_0069,entity_0069,entity_0070,test
pair_004470,demo,entity_0249,entity_0388,0,entity_0249,entity_0388,entity_0388,entity_0249,train
pair_004471,demo,entity_0922,entity_0929,1,entity_0929,entity_0922,entity_0922,entity_0929,train
pair_004472,demo,entity_0100,entity_0250,0,entity_0250,entity_0100,entity_0100,entity_0250,train
pair_004473,demo,entity_0597,entity_0890,0,entity_0890,entity_0597,entity_0597,entity_0890,train
pair_004474,query,entity_0726,entity_0759,0,entity_0726,entity_0759,entity_0759,entity_0726,test
pair_004475,demo,entity_0352,entity_0359,1,entity_0352,entity_0359,entity_0359,entity_0352,train
pair_004476,demo,entity_0207,entity_0878,0,entity_0878,entity_0207,entity_0207,entity_0878,train
pair_004477,demo,entity_0982,entity_0985,1,entity_0985,entity_0982,entity_0982,entity_0985,train
pair_004478,demo,entity_0841,entity_0847,1,entity_0841,entity_0847,entity_0847,entity_0841,train
pair_004479,demo,entity_0142,entity_0195,0,entity_0142,entity_0195,entity_0195,entity_0142,train
pair_004480,demo,entity_0347,entity_0350,1,entity_0350,entity_0347,entity_0347,entity_0350,train
pair_004481,query,entity_0186,entity_0373,0,entity_0373,entity_0186,entity_0186,entity_0373,test
pair_004482,demo,entity_0155,entity_0278,0,entity_0278,entity_0155,entity_0155,entity_0278,train
pair_004483,demo,entity_0171,entity_0915,0,entity_0171,entity_0915,entity_0915,entity_0171,train
pair_004484,query,entity_0793,entity_0800,1,entity_0793,entity_0800,entity_0800,entity_0793,test
pair_004485,demo,entity_0335,entity_0339,1,entity_0339,entity_0335,entity_0335,entity_0339,train
pair_004486,query,entity_0915,entity_1000,0,entity_0915,entity_1000,entity_1000,entity_0915,test
pair_004487,demo,entity_0349,entity_0898,0,entity_0349,entity_0898,entity_0898,entity_0349,train
pair_004488,demo,entity_0631,entity_0633,1,entity_0633,entity_0631,entity_0631,entity_0633,train
pair_004489,query,entity_0557,entity_0713,0,entity_0557,entity_0713,entity_0713,entity_0557,test
pair_004490,query,entity_0236,entity_0605,0,entity_0236,entity_0605,entity_0605,entity_0236,test
pair_004491,demo,entity_0240,entity_0269,0,entity_0269,entity_0240,entity_0240,entity_0269,train
pair_004492,demo,entity_0717,entity_0719,1,entity_0719,entity_0717,entity_0717,entity_0719,train
pair_004493,query,entity_0935,entity_0937,1,entity_0937,entity_0935,entity_0935,entity_0937,test
pair_004494,demo,entity_0585,entity_0740,0,entity_0585,entity_0740,entity_0740,entity_0585,train
pair_004495,demo,entity_0106,entity_0222,0,entity_0106,entity_0222,entity_0222,entity_0106,train
pair_004496,demo,entity_0185,entity_0186,1,entity_0186,entity_0185,entity_0185,entity_0186,train
pair_004497,demo,entity_0376,entity_0550,0,entity_0376,entity_0550,entity_0550,entity_0376,train
pair_004498,demo,entity_0307,entity_0309,1,entity_0307,entity_0309,entity_0309,entity_0307,train
pair_004499,query,entity_0574,entity_0576,1,entity_0576,entity_0574,entity_0574,entity_0576,test
pair_004500,demo,entity_0167,entity_0287,0,entity_0167,entity_0287,entity_0287,entity_0167,train
pair_004501,query,entity_0821,entity_0875,0,entity_0875,entity_0821,entity_0821,entity_0875,validation
pair_004502,query,entity_0203,entity_0204,1,entity_0204,entity_0203,entity_0203,entity_0204,test
pair_004503,query,entity_0783,entity_0786,1,entity_0783,entity_0786,entity_0786,entity_0783,test
pair_004504,query,entity_0962,entity_0964,1,entity_0962,entity_0964,entity_0964,entity_0962,validation
pair_004505,demo,entity_0338,entity_0375,0,entity_0375,entity_0338,entity_0338,entity_0375,train
pair_004506,demo,entity_0393,entity_0730,0,entity_0730,entity_0393,entity_0393,entity_0730,train
pair_004507,demo,entity_0558,entity_0559,1,entity_0558,entity_0559,entity_0559,entity_0558,train
pair_004508,demo,entity_0741,entity_0939,0,entity_0939,entity_0741,entity_0741,entity_0939,train
pair_004509,query,entity_0453,entity_0460,1,entity_0460,entity_0453,entity_0453,entity_0460,test
pair_004510,demo,entity_0118,entity_0119,1,entity_0119,entity_0118,entity_0118,entity_0119,train
pair_004511,query,entity_0145,entity_0617,0,entity_0145,entity_0617,entity_0617,entity_0145,test
pair_004512,demo,entity_0065,entity_0428,0,entity_0428,entity_0065,entity_0065,entity_0428,train
pair_004513,query,entity_0826,entity_0878,0,entity_0826,entity_0878,entity_0878,entity_0826,validation
pair_004514,demo,entity_0660,entity_0865,0,entity_0660,entity_0865,entity_0865,entity_0660,train
pair_004515,demo,entity_0447,entity_0448,1,entity_0447,entity_0448,entity_0448,entity_0447,train
pair_004516,query,entity_0657,entity_0993,0,entity_0993,entity_0657,entity_0657,entity_0993,test
pair_004517,demo,entity_0947,entity_0948,1,entity_0947,entity_0948,entity_0948,entity_0947,train
pair_004518,demo,entity_0507,entity_0747,0,entity_0507,entity_0747,entity_0747,entity_0507,train
pair_004519,demo,entity_0077,entity_0529,0,entity_0077,entity_0529,entity_0529,entity_0077,train
pair_004520,demo,entity_0511,entity_0518,1,entity_0518,entity_0511,entity_0511,entity_0518,train
pair_004521,query,entity_0381,entity_0822,0,entity_0381,entity_0822,entity_0822,entity_0381,test
pair_004522,query,entity_0412,entity_0420,1,entity_0420,entity_0412,entity_0412,entity_0420,test
pair_004523,demo,entity_0049,entity_0744,0,entity_0744,entity_0049,entity_0049,entity_0744,train
pair_004524,demo,entity_0632,entity_0637,1,entity_0632,entity_0637,entity_0637,entity_0632,train
pair_004525,demo,entity_0100,entity_0153,0,entity_0100,entity_0153,entity_0153,entity_0100,train
pair_004526,query,entity_0915,entity_0920,1,entity_0920,entity_0915,entity_0915,entity_0920,test
pair_004527,demo,entity_0074,entity_0849,0,entity_0849,entity_0074,entity_0074,entity_0849,train
pair_004528,query,entity_0107,entity_0272,0,entity_0107,entity_0272,entity_0272,entity_0107,test
pair_004529,demo,entity_0516,entity_0741,0,entity_0741,entity_0516,entity_0516,entity_0741,train
pair_004530,demo,entity_0562,entity_0563,1,entity_0562,entity_0563,entity_0563,entity_0562,train
pair_004531,demo,entity_0557,entity_0740,0,entity_0557,entity_0740,entity_0740,entity_0557,train
pair_004532,demo,entity_0631,entity_0636,1,entity_0636,entity_0631,entity_0631,entity_0636,train
pair_004533,demo,entity_0279,entity_0559,0,entity_0279,entity_0559,entity_0559,entity_0279,train
pair_004534,demo,entity_0432,entity_0435,1,entity_0432,entity_0435,entity_0435,entity_0432,train
pair_004535,demo,entity_0511,entity_0514,1,entity_0514,entity_0511,entity_0511,entity_0514,train
pair_004536,demo,entity_0355,entity_0503,0,entity_0355,entity_0503,entity_0503,entity_0355,train
pair_004537,demo,entity_0362,entity_0364,1,entity_0364,entity_0362,entity_0362,entity_0364,train
pair_004538,query,entity_0583,entity_0588,1,entity_0583,entity_0588,entity_0588,entity_0583,test
pair_004539,demo,entity_0256,entity_0768,0,entity_0768,entity_0256,entity_0256,entity_0768,train
pair_004540,query,entity_0096,entity_0575,0,entity_0096,entity_0575,entity_0575,entity_0096,test
pair_004541,query,entity_0362,entity_0908,0,entity_0908,entity_0362,entity_0362,entity_0908,test
pair_004542,demo,entity_0628,entity_0630,1,entity_0628,entity_0630,entity_0630,entity_0628,train
pair_004543,query,entity_0551,entity_0559,1,entity_0559,entity_0551,entity_0551,entity_0559,validation
pair_004544,demo,entity_0973,entity_0974,1,entity_0973,entity_0974,entity_0974,entity_0973,train
pair_004545,query,entity_0903,entity_0908,1,entity_0903,entity_0908,entity_0908,entity_0903,test
pair_004546,demo,entity_0723,entity_0727,1,entity_0723,entity_0727,entity_0727,entity_0723,train
pair_004547,query,entity_0698,entity_0700,1,entity_0698,entity_0700,entity_0700,entity_0698,test
pair_004548,query,entity_0896,entity_0897,1,entity_0896,entity_0897,entity_0897,entity_0896,test
pair_004549,demo,entity_0016,entity_0682,0,entity_0016,entity_0682,entity_0682,entity_0016,train
pair_004550,query,entity_0268,entity_0979,0,entity_0979,entity_0268,entity_0268,entity_0979,test
pair_004551,demo,entity_0055,entity_0582,0,entity_0055,entity_0582,entity_0582,entity_0055,train
pair_004552,demo,entity_0384,entity_0385,1,entity_0384,entity_0385,entity_0385,entity_0384,train
pair_004553,query,entity_0364,entity_0366,1,entity_0366,entity_0364,entity_0364,entity_0366,test
pair_004554,query,entity_0734,entity_0740,1,entity_0740,entity_0734,entity_0734,entity_0740,test
pair_004555,demo,entity_0412,entity_0656,0,entity_0412,entity_0656,entity_0656,entity_0412,train
pair_004556,demo,entity_0145,entity_0146,1,entity_0145,entity_0146,entity_0146,entity_0145,train
pair_004557,demo,entity_0598,entity_0615,0,entity_0598,entity_0615,entity_0615,entity_0598,train
pair_004558,demo,entity_0283,entity_0286,1,entity_0283,entity_0286,entity_0286,entity_0283,train
pair_004559,demo,entity_0065,entity_0067,1,entity_0065,entity_0067,entity_0067,entity_0065,train
pair_004560,query,entity_0992,entity_0997,1,entity_0997,entity_0992,entity_0992,entity_0997,validation
pair_004561,demo,entity_0521,entity_0527,1,entity_0527,entity_0521,entity_0521,entity_0527,train
pair_004562,query,entity_0273,entity_0548,0,entity_0548,entity_0273,entity_0273,entity_0548,test
pair_004563,demo,entity_0444,entity_0448,1,entity_0444,entity_0448,entity_0448,entity_0444,train
pair_004564,demo,entity_0818,entity_0820,1,entity_0820,entity_0818,entity_0818,entity_0820,train
pair_004565,query,entity_0373,entity_0810,0,entity_0810,entity_0373,entity_0373,entity_0810,test
pair_004566,demo,entity_0032,entity_0039,1,entity_0039,entity_0032,entity_0032,entity_0039,train
pair_004567,demo,entity_0746,entity_0986,0,entity_0746,entity_0986,entity_0986,entity_0746,train
pair_004568,demo,entity_0379,entity_0551,0,entity_0551,entity_0379,entity_0379,entity_0551,train
pair_004569,demo,entity_0562,entity_0894,0,entity_0894,entity_0562,entity_0562,entity_0894,train
pair_004570,demo,entity_0571,entity_0876,0,entity_0571,entity_0876,entity_0876,entity_0571,train
pair_004571,query,entity_0351,entity_0359,1,entity_0359,entity_0351,entity_0351,entity_0359,test
pair_004572,demo,entity_0382,entity_0385,1,entity_0385,entity_0382,entity_0382,entity_0385,train
pair_004573,query,entity_0855,entity_0857,1,entity_0857,entity_0855,entity_0855,entity_0857,test
pair_004574,demo,entity_0692,entity_0822,0,entity_0822,entity_0692,entity_0692,entity_0822,train
pair_004575,query,entity_0582,entity_0586,1,entity_0586,entity_0582,entity_0582,entity_0586,test
pair_004576,demo,entity_0951,entity_0954,1,entity_0951,entity_0954,entity_0954,entity_0951,train
pair_004577,query,entity_0028,entity_0864,0,entity_0028,entity_0864,entity_0864,entity_0028,test
pair_004578,demo,entity_0163,entity_0693,0,entity_0693,entity_0163,entity_0163,entity_0693,train
pair_004579,demo,entity_0323,entity_0630,0,entity_0323,entity_0630,entity_0630,entity_0323,train
pair_004580,query,entity_0857,entity_1000,0,entity_1000,entity_0857,entity_0857,entity_1000,validation
pair_004581,demo,entity_0899,entity_0922,0,entity_0922,entity_0899,entity_0899,entity_0922,train
pair_004582,query,entity_0623,entity_0624,1,entity_0623,entity_0624,entity_0624,entity_0623,test
pair_004583,query,entity_0755,entity_0792,0,entity_0792,entity_0755,entity_0755,entity_0792,test
pair_004584,query,entity_0621,entity_0630,1,entity_0621,entity_0630,entity_0630,entity_0621,test
pair_004585,demo,entity_0092,entity_0173,0,entity_0173,entity_0092,entity_0092,entity_0173,train
pair_004586,demo,entity_0321,entity_0697,0,entity_0321,entity_0697,entity_0697,entity_0321,train
pair_004587,query,entity_0906,entity_0909,1,entity_0909,entity_0906,entity_0906,entity_0909,test
pair_004588,demo,entity_0160,entity_0743,0,entity_0743,entity_0160,entity_0160,entity_0743,train
pair_004589,demo,entity_0192,entity_0441,0,entity_0192,entity_0441,entity_0441,entity_0192,train
pair_004590,query,entity_0718,entity_0726,0,entity_0726,entity_0718,entity_0718,entity_0726,test
pair_004591,demo,entity_0147,entity_0295,0,entity_0295,entity_0147,entity_0147,entity_0295,train
pair_004592,demo,entity_0486,entity_0490,1,entity_0490,entity_0486,entity_0486,entity_0490,train
pair_004593,demo,entity_0591,entity_0596,1,entity_0591,entity_0596,entity_0596,entity_0591,train
pair_004594,demo,entity_0021,entity_0503,0,entity_0021,entity_0503,entity_0503,entity_0021,train
pair_004595,demo,entity_0641,entity_0642,1,entity_0642,entity_0641,entity_0641,entity_0642,train
pair_004596,query,entity_0027,entity_0028,1,entity_0027,entity_0028,entity_0028,entity_0027,test
pair_004597,demo,entity_0199,entity_0524,0,entity_0199,entity_0524,entity_0524,entity_0199,train
pair_004598,demo,entity_0322,entity_0329,1,entity_0329,entity_0322,entity_0322,entity_0329,train
pair_004599,query,entity_0293,entity_0295,1,entity_0293,entity_0295,entity_0295,entity_0293,test
pair_004600,query,entity_0273,entity_0278,1,entity_0278,entity_0273,entity_0273,entity_0278,test
pair_004601,demo,entity_0863,entity_0868,1,entity_0868,entity_0863,entity_0863,entity_0868,train
pair_004602,query,entity_0445,entity_0448,1,entity_0448,entity_0445,entity_0445,entity_0448,test
pair_004603,demo,entity_0254,entity_0404,0,entity_0404,entity_0254,entity_0254,entity_0404,train
pair_004604,demo,entity_0131,entity_0140,1,entity_0131,entity_0140,entity_0140,entity_0131,train
pair_004605,query,entity_0177,entity_0924,0,entity_0924,entity_0177,entity_0177,entity_0924,test
pair_004606,query,entity_0537,entity_0727,0,entity_0727,entity_0537,entity_0537,entity_0727,test
pair_004607,demo,entity_0086,entity_0795,0,entity_0086,entity_0795,entity_0795,entity_0086,train
pair_004608,demo,entity_0441,entity_0442,1,entity_0441,entity_0442,entity_0442,entity_0441,train
pair_004609,query,entity_0222,entity_0617,0,entity_0222,entity_0617,entity_0617,entity_0222,test
pair_004610,query,entity_0173,entity_0175,1,entity_0175,entity_0173,entity_0173,entity_0175,test
pair_004611,demo,entity_0541,entity_0542,1,entity_0541,entity_0542,entity_0542,entity_0541,train
pair_004612,demo,entity_0144,entity_0646,0,entity_0144,entity_0646,entity_0646,entity_0144,train
pair_004613,query,entity_0367,entity_0873,0,entity_0367,entity_0873,entity_0873,entity_0367,test
pair_004614,demo,entity_0552,entity_0558,1,entity_0558,entity_0552,entity_0552,entity_0558,train
pair_004615,query,entity_0485,entity_0486,1,entity_0485,entity_0486,entity_0486,entity_0485,test
pair_004616,query,entity_0368,entity_0369,1,entity_0369,entity_0368,entity_0368,entity_0369,test
pair_004617,query,entity_0356,entity_0357,1,entity_0357,entity_0356,entity_0356,entity_0357,test
pair_004618,demo,entity_0119,entity_0198,0,entity_0119,entity_0198,entity_0198,entity_0119,train
pair_004619,demo,entity_0206,entity_0208,1,entity_0206,entity_0208,entity_0208,entity_0206,train
pair_004620,query,entity_0125,entity_0506,0,entity_0125,entity_0506,entity_0506,entity_0125,test
pair_004621,query,entity_0556,entity_0768,0,entity_0556,entity_0768,entity_0768,entity_0556,test
pair_004622,query,entity_0122,entity_0312,0,entity_0312,entity_0122,entity_0122,entity_0312,test
pair_004623,demo,entity_0402,entity_0407,1,entity_0402,entity_0407,entity_0407,entity_0402,train
pair_004624,demo,entity_0027,entity_0562,0,entity_0562,entity_0027,entity_0027,entity_0562,train
pair_004625,demo,entity_0184,entity_0188,1,entity_0184,entity_0188,entity_0188,entity_0184,train
pair_004626,demo,entity_0421,entity_0423,1,entity_0423,entity_0421,entity_0421,entity_0423,train
pair_004627,demo,entity_0612,entity_0620,1,entity_0620,entity_0612,entity_0612,entity_0620,train
pair_004628,query,entity_0379,entity_0895,0,entity_0379,entity_0895,entity_0895,entity_0379,validation
pair_004629,demo,entity_0026,entity_0988,0,entity_0026,entity_0988,entity_0988,entity_0026,train
pair_004630,query,entity_0432,entity_0436,1,entity_0432,entity_0436,entity_0436,entity_0432,validation
pair_004631,demo,entity_0151,entity_0158,1,entity_0158,entity_0151,entity_0151,entity_0158,train
pair_004632,query,entity_0122,entity_0929,0,entity_0122,entity_0929,entity_0929,entity_0122,test
pair_004633,query,entity_0457,entity_0857,0,entity_0857,entity_0457,entity_0457,entity_0857,test
pair_004634,demo,entity_0616,entity_0617,1,entity_0616,entity_0617,entity_0617,entity_0616,train
pair_004635,demo,entity_0324,entity_0329,1,entity_0324,entity_0329,entity_0329,entity_0324,train
pair_004636,query,entity_0018,entity_0266,0,entity_0018,entity_0266,entity_0266,entity_0018,test
pair_004637,query,entity_0665,entity_0737,0,entity_0665,entity_0737,entity_0737,entity_0665,test
pair_004638,demo,entity_0621,entity_0624,1,entity_0621,entity_0624,entity_0624,entity_0621,train
pair_004639,query,entity_0146,entity_0147,1,entity_0147,entity_0146,entity_0146,entity_0147,test
pair_004640,demo,entity_0482,entity_0483,1,entity_0482,entity_0483,entity_0483,entity_0482,train
pair_004641,demo,entity_0120,entity_0273,0,entity_0120,entity_0273,entity_0273,entity_0120,train
pair_004642,query,entity_0976,entity_0980,1,entity_0980,entity_0976,entity_0976,entity_0980,test
pair_004643,query,entity_0396,entity_0991,0,entity_0991,entity_0396,entity_0396,entity_0991,test
pair_004644,query,entity_0363,entity_0370,1,entity_0370,entity_0363,entity_0363,entity_0370,test
pair_004645,demo,entity_0077,entity_0775,0,entity_0775,entity_0077,entity_0077,entity_0775,train
pair_004646,query,entity_0648,entity_0650,1,entity_0648,entity_0650,entity_0650,entity_0648,test
pair_004647,query,entity_0830,entity_0947,0,entity_0947,entity_0830,entity_0830,entity_0947,test
pair_004648,demo,entity_0448,entity_0527,0,entity_0448,entity_0527,entity_0527,entity_0448,train
pair_004649,demo,entity_0274,entity_0275,1,entity_0274,entity_0275,entity_0275,entity_0274,train
pair_004650,demo,entity_0138,entity_0139,1,entity_0138,entity_0139,entity_0139,entity_0138,train
pair_004651,demo,entity_0354,entity_0768,0,entity_0354,entity_0768,entity_0768,entity_0354,train
pair_004652,query,entity_0069,entity_0726,0,entity_0726,entity_0069,entity_0069,entity_0726,test
pair_004653,demo,entity_0008,entity_0009,1,entity_0008,entity_0009,entity_0009,entity_0008,train
pair_004654,demo,entity_0804,entity_0810,1,entity_0804,entity_0810,entity_0810,entity_0804,train
pair_004655,query,entity_0353,entity_0360,1,entity_0353,entity_0360,entity_0360,entity_0353,test
pair_004656,query,entity_0104,entity_0339,0,entity_0104,entity_0339,entity_0339,entity_0104,test
pair_004657,query,entity_0561,entity_0639,0,entity_0561,entity_0639,entity_0639,entity_0561,test
pair_004658,query,entity_0754,entity_0755,1,entity_0754,entity_0755,entity_0755,entity_0754,test
pair_004659,demo,entity_0192,entity_0193,1,entity_0192,entity_0193,entity_0193,entity_0192,train
pair_004660,query,entity_0120,entity_0425,0,entity_0120,entity_0425,entity_0425,entity_0120,test
pair_004661,demo,entity_0372,entity_0547,0,entity_0547,entity_0372,entity_0372,entity_0547,train
pair_004662,demo,entity_0302,entity_0794,0,entity_0302,entity_0794,entity_0794,entity_0302,train
pair_004663,query,entity_0773,entity_0780,1,entity_0780,entity_0773,entity_0773,entity_0780,test
pair_004664,query,entity_0766,entity_0769,1,entity_0766,entity_0769,entity_0769,entity_0766,test
pair_004665,demo,entity_0040,entity_0331,0,entity_0331,entity_0040,entity_0040,entity_0331,train
pair_004666,query,entity_0533,entity_0572,0,entity_0572,entity_0533,entity_0533,entity_0572,test
pair_004667,demo,entity_0253,entity_0259,1,entity_0253,entity_0259,entity_0259,entity_0253,train
pair_004668,demo,entity_0488,entity_0940,0,entity_0488,entity_0940,entity_0940,entity_0488,train
pair_004669,demo,entity_0319,entity_0320,1,entity_0320,entity_0319,entity_0319,entity_0320,train
pair_004670,demo,entity_0238,entity_0538,0,entity_0238,entity_0538,entity_0538,entity_0238,train
pair_004671,query,entity_0016,entity_0872,0,entity_0016,entity_0872,entity_0872,entity_0016,test
pair_004672,query,entity_0860,entity_0898,0,entity_0860,entity_0898,entity_0898,entity_0860,test
pair_004673,query,entity_0004,entity_0708,0,entity_0708,entity_0004,entity_0004,entity_0708,test
pair_004674,demo,entity_0011,entity_0014,1,entity_0011,entity_0014,entity_0014,entity_0011,train
pair_004675,demo,entity_0988,entity_0989,1,entity_0988,entity_0989,entity_0989,entity_0988,train
pair_004676,demo,entity_0282,entity_0341,0,entity_0282,entity_0341,entity_0341,entity_0282,train
pair_004677,demo,entity_0867,entity_0892,0,entity_0892,entity_0867,entity_0867,entity_0892,train
pair_004678,query,entity_0451,entity_0455,1,entity_0455,entity_0451,entity_0451,entity_0455,validation
pair_004679,demo,entity_0111,entity_0120,1,entity_0111,entity_0120,entity_0120,entity_0111,train
pair_004680,demo,entity_0042,entity_0043,1,entity_0042,entity_0043,entity_0043,entity_0042,train
pair_004681,query,entity_0496,entity_0500,1,entity_0500,entity_0496,entity_0496,entity_0500,validation
pair_004682,query,entity_0201,entity_0204,1,entity_0201,entity_0204,entity_0204,entity_0201,test
pair_004683,query,entity_0550,entity_0592,0,entity_0592,entity_0550,entity_0550,entity_0592,test
pair_004684,query,entity_0362,entity_0661,0,entity_0661,entity_0362,entity_0362,entity_0661,validation
pair_004685,query,entity_0963,entity_0967,1,entity_0963,entity_0967,entity_0967,entity_0963,test
pair_004686,demo,entity_0391,entity_0392,1,entity_0392,entity_0391,entity_0391,entity_0392,train
pair_004687,demo,entity_0251,entity_0523,0,entity_0251,entity_0523,entity_0523,entity_0251,train
pair_004688,query,entity_0655,entity_0659,1,entity_0655,entity_0659,entity_0659,entity_0655,test
pair_004689,demo,entity_0746,entity_0750,1,entity_0750,entity_0746,entity_0746,entity_0750,train
pair_004690,demo,entity_0441,entity_0449,1,entity_0449,entity_0441,entity_0441,entity_0449,train
pair_004691,query,entity_0151,entity_0382,0,entity_0382,entity_0151,entity_0151,entity_0382,test
pair_004692,demo,entity_0108,entity_0828,0,entity_0108,entity_0828,entity_0828,entity_0108,train
pair_004693,demo,entity_0378,entity_0461,0,entity_0461,entity_0378,entity_0378,entity_0461,train
pair_004694,demo,entity_0503,entity_0506,1,entity_0506,entity_0503,entity_0503,entity_0506,train
pair_004695,query,entity_0232,entity_0702,0,entity_0702,entity_0232,entity_0232,entity_0702,test
pair_004696,demo,entity_0477,entity_0478,1,entity_0478,entity_0477,entity_0477,entity_0478,train
pair_004697,demo,entity_0178,entity_0179,1,entity_0179,entity_0178,entity_0178,entity_0179,train
pair_004698,demo,entity_0004,entity_0005,1,entity_0004,entity_0005,entity_0005,entity_0004,train
pair_004699,demo,entity_0272,entity_0541,0,entity_0272,entity_0541,entity_0541,entity_0272,train
pair_004700,demo,entity_0032,entity_0038,1,entity_0032,entity_0038,entity_0038,entity_0032,train
pair_004701,query,entity_0180,entity_0255,0,entity_0255,entity_0180,entity_0180,entity_0255,test
pair_004702,demo,entity_0084,entity_0730,0,entity_0084,entity_0730,entity_0730,entity_0084,train
pair_004703,demo,entity_0605,entity_0606,1,entity_0606,entity_0605,entity_0605,entity_0606,train
pair_004704,query,entity_0313,entity_0320,1,entity_0313,entity_0320,entity_0320,entity_0313,test
pair_004705,query,entity_0245,entity_0246,1,entity_0246,entity_0245,entity_0245,entity_0246,validation
pair_004706,demo,entity_0126,entity_0128,1,entity_0128,entity_0126,entity_0126,entity_0128,train
pair_004707,query,entity_0585,entity_0992,0,entity_0992,entity_0585,entity_0585,entity_0992,test
pair_004708,query,entity_0842,entity_0844,1,entity_0844,entity_0842,entity_0842,entity_0844,validation
pair_004709,query,entity_0558,entity_0679,0,entity_0679,entity_0558,entity_0558,entity_0679,test
pair_004710,demo,entity_0693,entity_0697,1,entity_0697,entity_0693,entity_0693,entity_0697,train
pair_004711,query,entity_0260,entity_0655,0,entity_0655,entity_0260,entity_0260,entity_0655,validation
pair_004712,demo,entity_0117,entity_0216,0,entity_0216,entity_0117,entity_0117,entity_0216,train
pair_004713,demo,entity_0802,entity_0806,1,entity_0806,entity_0802,entity_0802,entity_0806,train
pair_004714,query,entity_0961,entity_0965,1,entity_0961,entity_0965,entity_0965,entity_0961,test
pair_004715,query,entity_0053,entity_0057,1,entity_0057,entity_0053,entity_0053,entity_0057,test
pair_004716,query,entity_0703,entity_0710,1,entity_0703,entity_0710,entity_0710,entity_0703,test
pair_004717,demo,entity_0298,entity_0817,0,entity_0298,entity_0817,entity_0817,entity_0298,train
pair_004718,query,entity_0792,entity_0799,1,entity_0799,entity_0792,entity_0792,entity_0799,test
pair_004719,demo,entity_0226,entity_0975,0,entity_0226,entity_0975,entity_0975,entity_0226,train
pair_004720,query,entity_0091,entity_0596,0,entity_0091,entity_0596,entity_0596,entity_0091,test
pair_004721,demo,entity_0167,entity_0723,0,entity_0723,entity_0167,entity_0167,entity_0723,train
pair_004722,query,entity_0014,entity_0810,0,entity_0014,entity_0810,entity_0810,entity_0014,validation
pair_004723,demo,entity_0622,entity_0629,1,entity_0629,entity_0622,entity_0622,entity_0629,train
pair_004724,demo,entity_0329,entity_0330,1,entity_0329,entity_0330,entity_0330,entity_0329,train
pair_004725,demo,entity_0163,entity_0852,0,entity_0852,entity_0163,entity_0163,entity_0852,train
pair_004726,demo,entity_0493,entity_0943,0,entity_0493,entity_0943,entity_0943,entity_0493,train
pair_004727,demo,entity_0670,entity_0763,0,entity_0670,entity_0763,entity_0763,entity_0670,train
pair_004728,demo,entity_0378,entity_0813,0,entity_0378,entity_0813,entity_0813,entity_0378,train
pair_004729,query,entity_0353,entity_0356,1,entity_0353,entity_0356,entity_0356,entity_0353,test
pair_004730,demo,entity_0587,entity_0692,0,entity_0587,entity_0692,entity_0692,entity_0587,train
pair_004731,query,entity_0132,entity_0137,1,entity_0132,entity_0137,entity_0137,entity_0132,test
pair_004732,demo,entity_0842,entity_0847,1,entity_0842,entity_0847,entity_0847,entity_0842,train
pair_004733,demo,entity_0673,entity_0678,1,entity_0673,entity_0678,entity_0678,entity_0673,train
pair_004734,query,entity_0998,entity_0999,1,entity_0998,entity_0999,entity_0999,entity_0998,test
pair_004735,demo,entity_0459,entity_0460,1,entity_0460,entity_0459,entity_0459,entity_0460,train
pair_004736,demo,entity_0763,entity_0855,0,entity_0763,entity_0855,entity_0855,entity_0763,train
pair_004737,query,entity_0996,entity_0998,1,entity_0996,entity_0998,entity_0998,entity_0996,validation
pair_004738,query,entity_0184,entity_0882,0,entity_0184,entity_0882,entity_0882,entity_0184,test
pair_004739,query,entity_0643,entity_0646,1,entity_0643,entity_0646,entity_0646,entity_0643,test
pair_004740,query,entity_0225,entity_0229,1,entity_0225,entity_0229,entity_0229,entity_0225,test
pair_004741,demo,entity_0034,entity_0939,0,entity_0939,entity_0034,entity_0034,entity_0939,train
pair_004742,demo,entity_0510,entity_0831,0,entity_0510,entity_0831,entity_0831,entity_0510,train
pair_004743,query,entity_0168,entity_0841,0,entity_0841,entity_0168,entity_0168,entity_0841,test
pair_004744,demo,entity_0049,entity_0320,0,entity_0320,entity_0049,entity_0049,entity_0320,train
pair_004745,query,entity_0815,entity_0818,1,entity_0815,entity_0818,entity_0818,entity_0815,test
pair_004746,query,entity_0049,entity_0607,0,entity_0607,entity_0049,entity_0049,entity_0607,test
pair_004747,query,entity_0226,entity_0615,0,entity_0226,entity_0615,entity_0615,entity_0226,test
pair_004748,demo,entity_0495,entity_0778,0,entity_0778,entity_0495,entity_0495,entity_0778,train
pair_004749,query,entity_0446,entity_0449,1,entity_0449,entity_0446,entity_0446,entity_0449,test
pair_004750,demo,entity_0236,entity_0322,0,entity_0322,entity_0236,entity_0236,entity_0322,train
pair_004751,demo,entity_0956,entity_0957,1,entity_0957,entity_0956,entity_0956,entity_0957,train
pair_004752,query,entity_0303,entity_0310,1,entity_0303,entity_0310,entity_0310,entity_0303,test
pair_004753,demo,entity_0806,entity_0810,1,entity_0806,entity_0810,entity_0810,entity_0806,train
pair_004754,query,entity_0504,entity_0505,1,entity_0504,entity_0505,entity_0505,entity_0504,test
pair_004755,demo,entity_0102,entity_0543,0,entity_0102,entity_0543,entity_0543,entity_0102,train
pair_004756,query,entity_0603,entity_0956,0,entity_0603,entity_0956,entity_0956,entity_0603,test
pair_004757,demo,entity_0386,entity_0390,1,entity_0390,entity_0386,entity_0386,entity_0390,train
pair_004758,demo,entity_0432,entity_0433,1,entity_0433,entity_0432,entity_0432,entity_0433,train
pair_004759,query,entity_0235,entity_0236,1,entity_0235,entity_0236,entity_0236,entity_0235,test
pair_004760,query,entity_0036,entity_0817,0,entity_0036,entity_0817,entity_0817,entity_0036,validation
pair_004761,demo,entity_0774,entity_0871,0,entity_0871,entity_0774,entity_0774,entity_0871,train
pair_004762,demo,entity_0932,entity_0936,1,entity_0936,entity_0932,entity_0932,entity_0936,train
pair_004763,demo,entity_0130,entity_0148,0,entity_0148,entity_0130,entity_0130,entity_0148,train
pair_004764,query,entity_0881,entity_0883,1,entity_0883,entity_0881,entity_0881,entity_0883,validation
pair_004765,query,entity_0361,entity_0364,1,entity_0361,entity_0364,entity_0364,entity_0361,test
pair_004766,demo,entity_0355,entity_0724,0,entity_0724,entity_0355,entity_0355,entity_0724,train
pair_004767,demo,entity_0656,entity_0789,0,entity_0656,entity_0789,entity_0789,entity_0656,train
pair_004768,query,entity_0163,entity_0166,1,entity_0163,entity_0166,entity_0166,entity_0163,test
pair_004769,query,entity_0742,entity_0743,1,entity_0742,entity_0743,entity_0743,entity_0742,test
pair_004770,demo,entity_0985,entity_0987,1,entity_0987,entity_0985,entity_0985,entity_0987,train
pair_004771,query,entity_0181,entity_0185,1,entity_0185,entity_0181,entity_0181,entity_0185,test
pair_004772,demo,entity_0241,entity_0885,0,entity_0241,entity_0885,entity_0885,entity_0241,train
pair_004773,demo,entity_0080,entity_0497,0,entity_0080,entity_0497,entity_0497,entity_0080,train
pair_004774,demo,entity_0400,entity_0755,0,entity_0755,entity_0400,entity_0400,entity_0755,train
pair_004775,demo,entity_0594,entity_0597,1,entity_0594,entity_0597,entity_0597,entity_0594,train
pair_004776,demo,entity_0534,entity_0539,1,entity_0539,entity_0534,entity_0534,entity_0539,train
pair_004777,demo,entity_0535,entity_0844,0,entity_0535,entity_0844,entity_0844,entity_0535,train
pair_004778,demo,entity_0473,entity_0869,0,entity_0473,entity_0869,entity_0869,entity_0473,train
pair_004779,query,entity_0612,entity_0614,1,entity_0614,entity_0612,entity_0612,entity_0614,validation
pair_004780,demo,entity_0922,entity_0927,1,entity_0922,entity_0927,entity_0927,entity_0922,train
pair_004781,query,entity_0411,entity_0876,0,entity_0411,entity_0876,entity_0876,entity_0411,test
pair_004782,query,entity_0827,entity_0828,1,entity_0827,entity_0828,entity_0828,entity_0827,test
pair_004783,query,entity_0482,entity_0812,0,entity_0482,entity_0812,entity_0812,entity_0482,test
pair_004784,query,entity_0389,entity_0955,0,entity_0955,entity_0389,entity_0389,entity_0955,test
pair_004785,query,entity_0952,entity_0953,1,entity_0952,entity_0953,entity_0953,entity_0952,test
pair_004786,query,entity_0595,entity_0864,0,entity_0864,entity_0595,entity_0595,entity_0864,validation
pair_004787,demo,entity_0377,entity_0468,0,entity_0377,entity_0468,entity_0468,entity_0377,train
pair_004788,demo,entity_0329,entity_0668,0,entity_0329,entity_0668,entity_0668,entity_0329,train
pair_004789,query,entity_0046,entity_0169,0,entity_0169,entity_0046,entity_0046,entity_0169,test
pair_004790,demo,entity_0524,entity_0525,1,entity_0525,entity_0524,entity_0524,entity_0525,train
pair_004791,demo,entity_0171,entity_0178,1,entity_0171,entity_0178,entity_0178,entity_0171,train
pair_004792,query,entity_0404,entity_0515,0,entity_0404,entity_0515,entity_0515,entity_0404,validation
pair_004793,query,entity_0193,entity_0195,1,entity_0193,entity_0195,entity_0195,entity_0193,test
pair_004794,query,entity_0268,entity_0437,0,entity_0268,entity_0437,entity_0437,entity_0268,test
pair_004795,demo,entity_0061,entity_0384,0,entity_0061,entity_0384,entity_0384,entity_0061,train
pair_004796,demo,entity_0505,entity_0507,1,entity_0505,entity_0507,entity_0507,entity_0505,train
pair_004797,query,entity_0712,entity_0714,1,entity_0712,entity_0714,entity_0714,entity_0712,test
pair_004798,demo,entity_0076,entity_0080,1,entity_0076,entity_0080,entity_0080,entity_0076,train
pair_004799,query,entity_0744,entity_0999,0,entity_0744,entity_0999,entity_0999,entity_0744,test
pair_004800,demo,entity_0265,entity_0267,1,entity_0267,entity_0265,entity_0265,entity_0267,train
pair_004801,query,entity_0048,entity_0225,0,entity_0048,entity_0225,entity_0225,entity_0048,test
pair_004802,demo,entity_0209,entity_0279,0,entity_0279,entity_0209,entity_0209,entity_0279,train
pair_004803,query,entity_0689,entity_0744,0,entity_0689,entity_0744,entity_0744,entity_0689,test
pair_004804,query,entity_0661,entity_0667,1,entity_0667,entity_0661,entity_0661,entity_0667,test
pair_004805,query,entity_0622,entity_0763,0,entity_0622,entity_0763,entity_0763,entity_0622,test
pair_004806,demo,entity_0038,entity_0233,0,entity_0038,entity_0233,entity_0233,entity_0038,train
pair_004807,demo,entity_0224,entity_0226,1,entity_0224,entity_0226,entity_0226,entity_0224,train
pair_004808,demo,entity_0423,entity_0853,0,entity_0853,entity_0423,entity_0423,entity_0853,train
pair_004809,query,entity_0742,entity_0750,1,entity_0742,entity_0750,entity_0750,entity_0742,test
pair_004810,query,entity_0025,entity_0028,1,entity_0025,entity_0028,entity_0028,entity_0025,test
pair_004811,query,entity_0258,entity_0259,1,entity_0258,entity_0259,entity_0259,entity_0258,test
pair_004812,query,entity_0076,entity_0195,0,entity_0076,entity_0195,entity_0195,entity_0076,test
pair_004813,demo,entity_0312,entity_0698,0,entity_0698,entity_0312,entity_0312,entity_0698,train
pair_004814,query,entity_0363,entity_0748,0,entity_0748,entity_0363,entity_0363,entity_0748,validation
pair_004815,query,entity_0378,entity_0984,0,entity_0984,entity_0378,entity_0378,entity_0984,test
pair_004816,query,entity_0982,entity_0983,1,entity_0983,entity_0982,entity_0982,entity_0983,test
pair_004817,query,entity_0190,entity_0193,0,entity_0193,entity_0190,entity_0190,entity_0193,test
pair_004818,demo,entity_0991,entity_0992,1,entity_0991,entity_0992,entity_0992,entity_0991,train
pair_004819,demo,entity_0176,entity_0257,0,entity_0257,entity_0176,entity_0176,entity_0257,train
pair_004820,demo,entity_0419,entity_0503,0,entity_0503,entity_0419,entity_0419,entity_0503,train
pair_004821,query,entity_0496,entity_0640,0,entity_0496,entity_0640,entity_0640,entity_0496,validation
pair_004822,query,entity_0492,entity_0494,1,entity_0494,entity_0492,entity_0492,entity_0494,test
pair_004823,demo,entity_0056,entity_0087,0,entity_0056,entity_0087,entity_0087,entity_0056,train
pair_004824,demo,entity_0857,entity_0994,0,entity_0994,entity_0857,entity_0857,entity_0994,train
pair_004825,query,entity_0376,entity_0413,0,entity_0376,entity_0413,entity_0413,entity_0376,validation
pair_004826,demo,entity_0208,entity_0281,0,entity_0281,entity_0208,entity_0208,entity_0281,train
pair_004827,query,entity_0687,entity_0868,0,entity_0687,entity_0868,entity_0868,entity_0687,validation
pair_004828,query,entity_0210,entity_0887,0,entity_0887,entity_0210,entity_0210,entity_0887,test
pair_004829,query,entity_0759,entity_0760,1,entity_0760,entity_0759,entity_0759,entity_0760,validation
pair_004830,demo,entity_0538,entity_0986,0,entity_0986,entity_0538,entity_0538,entity_0986,train
pair_004831,query,entity_0401,entity_0410,1,entity_0410,entity_0401,entity_0401,entity_0410,test
pair_004832,demo,entity_0236,entity_0364,0,entity_0364,entity_0236,entity_0236,entity_0364,train
pair_004833,query,entity_0703,entity_0831,0,entity_0703,entity_0831,entity_0831,entity_0703,test
pair_004834,demo,entity_0728,entity_0975,0,entity_0728,entity_0975,entity_0975,entity_0728,train
pair_004835,demo,entity_0496,entity_0942,0,entity_0942,entity_0496,entity_0496,entity_0942,train
pair_004836,query,entity_0693,entity_0700,1,entity_0700,entity_0693,entity_0693,entity_0700,validation
pair_004837,demo,entity_0268,entity_0480,0,entity_0268,entity_0480,entity_0480,entity_0268,train
pair_004838,query,entity_0181,entity_0183,1,entity_0183,entity_0181,entity_0181,entity_0183,test
pair_004839,demo,entity_0021,entity_0627,0,entity_0627,entity_0021,entity_0021,entity_0627,train
pair_004840,demo,entity_0732,entity_0734,1,entity_0734,entity_0732,entity_0732,entity_0734,train
pair_004841,demo,entity_0250,entity_0337,0,entity_0337,entity_0250,entity_0250,entity_0337,train
pair_004842,query,entity_0443,entity_0468,0,entity_0468,entity_0443,entity_0443,entity_0468,test
pair_004843,demo,entity_0678,entity_0986,0,entity_0678,entity_0986,entity_0986,entity_0678,train
pair_004844,query,entity_0621,entity_0627,1,entity_0627,entity_0621,entity_0621,entity_0627,test
pair_004845,demo,entity_0313,entity_0319,1,entity_0313,entity_0319,entity_0319,entity_0313,train
pair_004846,demo,entity_0233,entity_0235,1,entity_0233,entity_0235,entity_0235,entity_0233,train
pair_004847,demo,entity_0020,entity_0217,0,entity_0217,entity_0020,entity_0020,entity_0217,train
pair_004848,demo,entity_0008,entity_0451,0,entity_0451,entity_0008,entity_0008,entity_0451,train
pair_004849,query,entity_0287,entity_0677,0,entity_0287,entity_0677,entity_0677,entity_0287,validation
pair_004850,demo,entity_0167,entity_0170,1,entity_0167,entity_0170,entity_0170,entity_0167,train
pair_004851,demo,entity_0907,entity_0908,1,entity_0908,entity_0907,entity_0907,entity_0908,train
pair_004852,demo,entity_0289,entity_0647,0,entity_0289,entity_0647,entity_0647,entity_0289,train
pair_004853,demo,entity_0763,entity_0767,1,entity_0767,entity_0763,entity_0763,entity_0767,train
pair_004854,demo,entity_0124,entity_0451,0,entity_0451,entity_0124,entity_0124,entity_0451,train
pair_004855,demo,entity_0022,entity_0027,1,entity_0027,entity_0022,entity_0022,entity_0027,train
pair_004856,query,entity_0356,entity_0359,1,entity_0359,entity_0356,entity_0356,entity_0359,test
pair_004857,demo,entity_0020,entity_0116,0,entity_0116,entity_0020,entity_0020,entity_0116,train
pair_004858,query,entity_0138,entity_0321,0,entity_0321,entity_0138,entity_0138,entity_0321,test
pair_004859,query,entity_0147,entity_0831,0,entity_0831,entity_0147,entity_0147,entity_0831,validation
pair_004860,query,entity_0225,entity_0736,0,entity_0225,entity_0736,entity_0736,entity_0225,test
pair_004861,query,entity_0971,entity_0980,1,entity_0980,entity_0971,entity_0971,entity_0980,test
pair_004862,demo,entity_0339,entity_0577,0,entity_0577,entity_0339,entity_0339,entity_0577,train
pair_004863,demo,entity_0264,entity_0349,0,entity_0264,entity_0349,entity_0349,entity_0264,train
pair_004864,query,entity_0715,entity_0718,1,entity_0715,entity_0718,entity_0718,entity_0715,test
pair_004865,query,entity_0441,entity_0499,0,entity_0441,entity_0499,entity_0499,entity_0441,test
pair_004866,demo,entity_0483,entity_0489,1,entity_0483,entity_0489,entity_0489,entity_0483,train
pair_004867,query,entity_0315,entity_0318,1,entity_0315,entity_0318,entity_0318,entity_0315,test
pair_004868,query,entity_0272,entity_0275,1,entity_0275,entity_0272,entity_0272,entity_0275,test
pair_004869,demo,entity_0068,entity_0188,0,entity_0068,entity_0188,entity_0188,entity_0068,train
pair_004870,demo,entity_0505,entity_0510,1,entity_0510,entity_0505,entity_0505,entity_0510,train
pair_004871,query,entity_0952,entity_0956,1,entity_0956,entity_0952,entity_0952,entity_0956,validation
pair_004872,demo,entity_0253,entity_0825,0,entity_0825,entity_0253,entity_0253,entity_0825,train
pair_004873,demo,entity_0112,entity_0493,0,entity_0112,entity_0493,entity_0493,entity_0112,train
pair_004874,demo,entity_0555,entity_0558,1,entity_0555,entity_0558,entity_0558,entity_0555,train
pair_004875,query,entity_0457,entity_0530,0,entity_0457,entity_0530,entity_0530,entity_0457,test
pair_004876,query,entity_0262,entity_0266,1,entity_0266,entity_0262,entity_0262,entity_0266,test
pair_004877,demo,entity_0662,entity_0663,1,entity_0662,entity_0663,entity_0663,entity_0662,train
pair_004878,query,entity_0067,entity_0608,0,entity_0067,entity_0608,entity_0608,entity_0067,validation
pair_004879,demo,entity_0293,entity_0633,0,entity_0293,entity_0633,entity_0633,entity_0293,train
pair_004880,demo,entity_0007,entity_0010,1,entity_0007,entity_0010,entity_0010,entity_0007,train
pair_004881,demo,entity_0169,entity_0765,0,entity_0169,entity_0765,entity_0765,entity_0169,train
pair_004882,query,entity_0416,entity_0417,1,entity_0417,entity_0416,entity_0416,entity_0417,validation
pair_004883,query,entity_0125,entity_0127,1,entity_0127,entity_0125,entity_0125,entity_0127,test
pair_004884,demo,entity_0663,entity_0717,0,entity_0717,entity_0663,entity_0663,entity_0717,train
pair_004885,query,entity_0722,entity_0723,1,entity_0723,entity_0722,entity_0722,entity_0723,validation
pair_004886,query,entity_0934,entity_0936,1,entity_0936,entity_0934,entity_0934,entity_0936,test
pair_004887,demo,entity_0175,entity_0648,0,entity_0175,entity_0648,entity_0648,entity_0175,train
pair_004888,query,entity_0398,entity_0742,0,entity_0742,entity_0398,entity_0398,entity_0742,test
pair_004889,demo,entity_0019,entity_0740,0,entity_0019,entity_0740,entity_0740,entity_0019,train
pair_004890,demo,entity_0865,entity_0915,0,entity_0865,entity_0915,entity_0915,entity_0865,train
pair_004891,demo,entity_0844,entity_0850,1,entity_0844,entity_0850,entity_0850,entity_0844,train
pair_004892,query,entity_0081,entity_0088,1,entity_0081,entity_0088,entity_0088,entity_0081,test
pair_004893,demo,entity_0391,entity_0395,1,entity_0391,entity_0395,entity_0395,entity_0391,train
pair_004894,query,entity_0693,entity_0698,1,entity_0698,entity_0693,entity_0693,entity_0698,test
pair_004895,query,entity_0314,entity_0384,0,entity_0384,entity_0314,entity_0314,entity_0384,test
pair_004896,demo,entity_0437,entity_0811,0,entity_0811,entity_0437,entity_0437,entity_0811,train
pair_004897,query,entity_0958,entity_0960,1,entity_0958,entity_0960,entity_0960,entity_0958,test
pair_004898,query,entity_0513,entity_0637,0,entity_0513,entity_0637,entity_0637,entity_0513,test
pair_004899,demo,entity_0466,entity_0977,0,entity_0466,entity_0977,entity_0977,entity_0466,train
pair_004900,query,entity_0955,entity_0957,1,entity_0955,entity_0957,entity_0957,entity_0955,test
pair_004901,query,entity_0354,entity_0355,1,entity_0355,entity_0354,entity_0354,entity_0355,validation
pair_004902,demo,entity_0048,entity_0049,1,entity_0049,entity_0048,entity_0048,entity_0049,train
pair_004903,query,entity_0002,entity_0006,1,entity_0006,entity_0002,entity_0002,entity_0006,validation
pair_004904,demo,entity_0556,entity_0850,0,entity_0850,entity_0556,entity_0556,entity_0850,train
pair_004905,query,entity_0432,entity_0434,1,entity_0432,entity_0434,entity_0434,entity_0432,validation
pair_004906,demo,entity_0819,entity_0940,0,entity_0819,entity_0940,entity_0940,entity_0819,train
pair_004907,query,entity_0739,entity_0817,0,entity_0739,entity_0817,entity_0817,entity_0739,test
pair_004908,query,entity_0205,entity_0282,0,entity_0282,entity_0205,entity_0205,entity_0282,test
pair_004909,demo,entity_0104,entity_0941,0,entity_0104,entity_0941,entity_0941,entity_0104,train
pair_004910,demo,entity_0571,entity_0579,1,entity_0571,entity_0579,entity_0579,entity_0571,train
pair_004911,demo,entity_0001,entity_0138,0,entity_0001,entity_0138,entity_0138,entity_0001,train
pair_004912,query,entity_0200,entity_0231,0,entity_0200,entity_0231,entity_0231,entity_0200,test
pair_004913,query,entity_0776,entity_0780,1,entity_0780,entity_0776,entity_0776,entity_0780,test
pair_004914,demo,entity_0904,entity_0906,1,entity_0906,entity_0904,entity_0904,entity_0906,train
pair_004915,query,entity_0602,entity_0610,1,entity_0602,entity_0610,entity_0610,entity_0602,test
pair_004916,demo,entity_0415,entity_0418,1,entity_0415,entity_0418,entity_0418,entity_0415,train
pair_004917,query,entity_0684,entity_0686,1,entity_0684,entity_0686,entity_0686,entity_0684,test
pair_004918,query,entity_0456,entity_0458,1,entity_0458,entity_0456,entity_0456,entity_0458,test
pair_004919,demo,entity_0267,entity_0268,1,entity_0268,entity_0267,entity_0267,entity_0268,train
pair_004920,query,entity_0029,entity_0163,0,entity_0029,entity_0163,entity_0163,entity_0029,validation
pair_004921,demo,entity_0525,entity_0664,0,entity_0525,entity_0664,entity_0664,entity_0525,train
pair_004922,query,entity_0357,entity_0837,0,entity_0357,entity_0837,entity_0837,entity_0357,test
pair_004923,demo,entity_0174,entity_0178,1,entity_0178,entity_0174,entity_0174,entity_0178,train
pair_004924,demo,entity_0494,entity_0782,0,entity_0782,entity_0494,entity_0494,entity_0782,train
pair_004925,demo,entity_0845,entity_0849,1,entity_0849,entity_0845,entity_0845,entity_0849,train
pair_004926,demo,entity_0124,entity_0831,0,entity_0124,entity_0831,entity_0831,entity_0124,train
pair_004927,demo,entity_0412,entity_0417,1,entity_0412,entity_0417,entity_0417,entity_0412,train
pair_004928,demo,entity_0599,entity_0746,0,entity_0746,entity_0599,entity_0599,entity_0746,train
pair_004929,demo,entity_0281,entity_0972,0,entity_0281,entity_0972,entity_0972,entity_0281,train
pair_004930,query,entity_0152,entity_0155,1,entity_0155,entity_0152,entity_0152,entity_0155,test
pair_004931,query,entity_0164,entity_0557,0,entity_0164,entity_0557,entity_0557,entity_0164,test
pair_004932,demo,entity_0312,entity_0701,0,entity_0312,entity_0701,entity_0701,entity_0312,train
pair_004933,demo,entity_0470,entity_0683,0,entity_0470,entity_0683,entity_0683,entity_0470,train
pair_004934,demo,entity_0056,entity_0058,1,entity_0056,entity_0058,entity_0058,entity_0056,train
pair_004935,demo,entity_0101,entity_0108,1,entity_0108,entity_0101,entity_0101,entity_0108,train
pair_004936,query,entity_0733,entity_0736,1,entity_0736,entity_0733,entity_0733,entity_0736,test
pair_004937,demo,entity_0605,entity_0729,0,entity_0729,entity_0605,entity_0605,entity_0729,train
pair_004938,query,entity_0453,entity_0456,1,entity_0453,entity_0456,entity_0456,entity_0453,validation
pair_004939,query,entity_0680,entity_0922,0,entity_0680,entity_0922,entity_0922,entity_0680,test
pair_004940,query,entity_0545,entity_0964,0,entity_0964,entity_0545,entity_0545,entity_0964,validation
pair_004941,demo,entity_0540,entity_0597,0,entity_0597,entity_0540,entity_0540,entity_0597,train
pair_004942,query,entity_0176,entity_0248,0,entity_0176,entity_0248,entity_0248,entity_0176,test
pair_004943,query,entity_0412,entity_0618,0,entity_0412,entity_0618,entity_0618,entity_0412,test
pair_004944,query,entity_0302,entity_0438,0,entity_0302,entity_0438,entity_0438,entity_0302,test
pair_004945,query,entity_0577,entity_0579,1,entity_0577,entity_0579,entity_0579,entity_0577,test
pair_004946,demo,entity_0144,entity_0692,0,entity_0692,entity_0144,entity_0144,entity_0692,train
pair_004947,demo,entity_0351,entity_0938,0,entity_0351,entity_0938,entity_0938,entity_0351,train
pair_004948,query,entity_0004,entity_0238,0,entity_0004,entity_0238,entity_0238,entity_0004,test
pair_004949,demo,entity_0493,entity_0495,1,entity_0493,entity_0495,entity_0495,entity_0493,train
pair_004950,query,entity_0772,entity_0779,1,entity_0772,entity_0779,entity_0779,entity_0772,test
pair_004951,demo,entity_0283,entity_0284,1,entity_0284,entity_0283,entity_0283,entity_0284,train
pair_004952,query,entity_0328,entity_0464,0,entity_0328,entity_0464,entity_0464,entity_0328,test
pair_004953,demo,entity_0537,entity_0869,0,entity_0869,entity_0537,entity_0537,entity_0869,train
pair_004954,demo,entity_0609,entity_0833,0,entity_0609,entity_0833,entity_0833,entity_0609,train
pair_004955,demo,entity_0033,entity_0040,1,entity_0033,entity_0040,entity_0040,entity_0033,train
pair_004956,query,entity_0772,entity_0773,1,entity_0773,entity_0772,entity_0772,entity_0773,test
pair_004957,query,entity_0416,entity_0546,0,entity_0416,entity_0546,entity_0546,entity_0416,test
pair_004958,demo,entity_0215,entity_0314,0,entity_0314,entity_0215,entity_0215,entity_0314,train
pair_004959,demo,entity_0214,entity_0561,0,entity_0561,entity_0214,entity_0214,entity_0561,train
pair_004960,query,entity_0297,entity_0299,1,entity_0297,entity_0299,entity_0299,entity_0297,test
pair_004961,demo,entity_0162,entity_0390,0,entity_0390,entity_0162,entity_0162,entity_0390,train
pair_004962,demo,entity_0030,entity_0791,0,entity_0791,entity_0030,entity_0030,entity_0791,train
pair_004963,query,entity_0561,entity_0562,1,entity_0561,entity_0562,entity_0562,entity_0561,validation
pair_004964,demo,entity_0285,entity_0631,0,entity_0285,entity_0631,entity_0631,entity_0285,train
pair_004965,query,entity_0342,entity_0655,0,entity_0655,entity_0342,entity_0342,entity_0655,test
pair_004966,demo,entity_0784,entity_0788,1,entity_0784,entity_0788,entity_0788,entity_0784,train
pair_004967,demo,entity_0497,entity_0500,1,entity_0500,entity_0497,entity_0497,entity_0500,train
pair_004968,query,entity_0711,entity_0713,1,entity_0713,entity_0711,entity_0711,entity_0713,test
pair_004969,query,entity_0053,entity_0675,0,entity_0675,entity_0053,entity_0053,entity_0675,test
pair_004970,query,entity_0932,entity_0967,0,entity_0932,entity_0967,entity_0967,entity_0932,test
pair_004971,query,entity_0394,entity_0531,0,entity_0531,entity_0394,entity_0394,entity_0531,test
pair_004972,demo,entity_0135,entity_0225,0,entity_0225,entity_0135,entity_0135,entity_0225,train
pair_004973,query,entity_0022,entity_0028,1,entity_0022,entity_0028,entity_0028,entity_0022,test
pair_004974,demo,entity_0288,entity_0289,1,entity_0289,entity_0288,entity_0288,entity_0289,train
pair_004975,query,entity_0689,entity_0751,0,entity_0751,entity_0689,entity_0689,entity_0751,test
pair_004976,demo,entity_0645,entity_0646,1,entity_0646,entity_0645,entity_0645,entity_0646,train
pair_004977,demo,entity_0166,entity_0245,0,entity_0166,entity_0245,entity_0245,entity_0166,train
pair_004978,query,entity_0166,entity_0813,0,entity_0813,entity_0166,entity_0166,entity_0813,test
pair_004979,demo,entity_0561,entity_0569,1,entity_0561,entity_0569,entity_0569,entity_0561,train
pair_004980,query,entity_0013,entity_0017,1,entity_0017,entity_0013,entity_0013,entity_0017,test
pair_004981,query,entity_0353,entity_0932,0,entity_0932,entity_0353,entity_0353,entity_0932,test
pair_004982,query,entity_0110,entity_0668,0,entity_0110,entity_0668,entity_0668,entity_0110,validation
pair_004983,query,entity_0474,entity_0476,1,entity_0476,entity_0474,entity_0474,entity_0476,test
pair_004984,query,entity_0370,entity_0740,0,entity_0740,entity_0370,entity_0370,entity_0740,test
pair_004985,demo,entity_0308,entity_0843,0,entity_0308,entity_0843,entity_0843,entity_0308,train
pair_004986,demo,entity_0030,entity_0475,0,entity_0475,entity_0030,entity_0030,entity_0475,train
pair_004987,query,entity_0112,entity_0161,0,entity_0112,entity_0161,entity_0161,entity_0112,test
pair_004988,demo,entity_0358,entity_0360,1,entity_0360,entity_0358,entity_0358,entity_0360,train
pair_004989,query,entity_0511,entity_0582,0,entity_0511,entity_0582,entity_0582,entity_0511,validation
pair_004990,demo,entity_0525,entity_0530,1,entity_0525,entity_0530,entity_0530,entity_0525,train
pair_004991,query,entity_0889,entity_0890,1,entity_0890,entity_0889,entity_0889,entity_0890,test
pair_004992,demo,entity_0135,entity_0137,1,entity_0135,entity_0137,entity_0137,entity_0135,train
pair_004993,demo,entity_0934,entity_0935,1,entity_0935,entity_0934,entity_0934,entity_0935,train
pair_004994,demo,entity_0422,entity_0428,1,entity_0428,entity_0422,entity_0422,entity_0428,train
pair_004995,demo,entity_0297,entity_0602,0,entity_0297,entity_0602,entity_0602,entity_0297,train
pair_004996,demo,entity_0456,entity_0459,1,entity_0456,entity_0459,entity_0459,entity_0456,train
pair_004997,query,entity_0584,entity_0590,1,entity_0590,entity_0584,entity_0584,entity_0590,test
pair_004998,demo,entity_0016,entity_0017,1,entity_0017,entity_0016,entity_0016,entity_0017,train
pair_004999,demo,entity_0082,entity_0679,0,entity_0679,entity_0082,entity_0082,entity_0679,train
pair_005000,query,entity_0946,entity_0948,1,entity_0948,entity_0946,entity_0946,entity_0948,test
pair_005001,query,entity_0802,entity_0805,1,entity_0802,entity_0805,entity_0805,entity_0802,test
pair_005002,query,entity_0094,entity_0899,0,entity_0899,entity_0094,entity_0094,entity_0899,test
pair_005003,query,entity_0542,entity_0951,0,entity_0542,entity_0951,entity_0951,entity_0542,test
pair_005004,query,entity_0521,entity_0525,1,entity_0521,entity_0525,entity_0525,entity_0521,validation
pair_005005,demo,entity_0053,entity_0995,0,entity_0995,entity_0053,entity_0053,entity_0995,train
pair_005006,demo,entity_0072,entity_0099,0,entity_0072,entity_0099,entity_0099,entity_0072,train
pair_005007,query,entity_0064,entity_0223,0,entity_0223,entity_0064,entity_0064,entity_0223,validation
pair_005008,demo,entity_0145,entity_0443,0,entity_0145,entity_0443,entity_0443,entity_0145,train
pair_005009,demo,entity_0415,entity_0608,0,entity_0608,entity_0415,entity_0415,entity_0608,train
pair_005010,query,entity_0243,entity_0250,1,entity_0250,entity_0243,entity_0243,entity_0250,test
pair_005011,query,entity_0704,entity_0707,1,entity_0707,entity_0704,entity_0704,entity_0707,test
pair_005012,query,entity_0236,entity_0362,0,entity_0362,entity_0236,entity_0236,entity_0362,test
pair_005013,demo,entity_0207,entity_0209,1,entity_0207,entity_0209,entity_0209,entity_0207,train
pair_005014,demo,entity_0895,entity_0898,1,entity_0895,entity_0898,entity_0898,entity_0895,train
pair_005015,demo,entity_0228,entity_0229,1,entity_0228,entity_0229,entity_0229,entity_0228,train
pair_005016,demo,entity_0896,entity_0898,1,entity_0898,entity_0896,entity_0896,entity_0898,train
pair_005017,demo,entity_0663,entity_0665,1,entity_0663,entity_0665,entity_0665,entity_0663,train
pair_005018,demo,entity_0517,entity_0713,0,entity_0517,entity_0713,entity_0713,entity_0517,train
pair_005019,query,entity_0049,entity_0502,0,entity_0049,entity_0502,entity_0502,entity_0049,validation
pair_005020,query,entity_0112,entity_0649,0,entity_0112,entity_0649,entity_0649,entity_0112,test
pair_005021,demo,entity_0405,entity_0410,1,entity_0405,entity_0410,entity_0410,entity_0405,train
pair_005022,demo,entity_0037,entity_0802,0,entity_0037,entity_0802,entity_0802,entity_0037,train
pair_005023,demo,entity_0701,entity_0706,1,entity_0706,entity_0701,entity_0701,entity_0706,train
pair_005024,demo,entity_0313,entity_0317,1,entity_0317,entity_0313,entity_0313,entity_0317,train
pair_005025,query,entity_0346,entity_0348,1,entity_0346,entity_0348,entity_0348,entity_0346,test
pair_005026,demo,entity_0286,entity_0290,1,entity_0290,entity_0286,entity_0286,entity_0290,train
pair_005027,demo,entity_0714,entity_0717,1,entity_0714,entity_0717,entity_0717,entity_0714,train
pair_005028,query,entity_0409,entity_0410,1,entity_0410,entity_0409,entity_0409,entity_0410,test
pair_005029,query,entity_0682,entity_0688,1,entity_0688,entity_0682,entity_0682,entity_0688,test
pair_005030,demo,entity_0005,entity_0754,0,entity_0005,entity_0754,entity_0754,entity_0005,train
pair_005031,query,entity_0280,entity_0296,0,entity_0280,entity_0296,entity_0296,entity_0280,validation
pair_005032,demo,entity_0562,entity_0635,0,entity_0562,entity_0635,entity_0635,entity_0562,train
pair_005033,query,entity_0567,entity_0917,0,entity_0567,entity_0917,entity_0917,entity_0567,test
pair_005034,query,entity_0890,entity_0979,0,entity_0979,entity_0890,entity_0890,entity_0979,validation
pair_005035,query,entity_0035,entity_0750,0,entity_0035,entity_0750,entity_0750,entity_0035,validation
pair_005036,query,entity_0039,entity_0948,0,entity_0948,entity_0039,entity_0039,entity_0948,validation
pair_005037,query,entity_0083,entity_0653,0,entity_0653,entity_0083,entity_0083,entity_0653,test
pair_005038,demo,entity_0573,entity_0579,1,entity_0573,entity_0579,entity_0579,entity_0573,train
pair_005039,demo,entity_0184,entity_0186,1,entity_0184,entity_0186,entity_0186,entity_0184,train
pair_005040,query,entity_0005,entity_0007,1,entity_0007,entity_0005,entity_0005,entity_0007,validation
pair_005041,query,entity_0241,entity_0348,0,entity_0241,entity_0348,entity_0348,entity_0241,test
pair_005042,query,entity_0348,entity_0883,0,entity_0883,entity_0348,entity_0348,entity_0883,test
pair_005043,query,entity_0455,entity_0641,0,entity_0455,entity_0641,entity_0641,entity_0455,test
pair_005044,demo,entity_0356,entity_0831,0,entity_0831,entity_0356,entity_0356,entity_0831,train
pair_005045,query,entity_0011,entity_0013,1,entity_0011,entity_0013,entity_0013,entity_0011,validation
pair_005046,demo,entity_0662,entity_0752,0,entity_0662,entity_0752,entity_0752,entity_0662,train
pair_005047,query,entity_0394,entity_0792,0,entity_0394,entity_0792,entity_0792,entity_0394,validation
pair_005048,demo,entity_0312,entity_0688,0,entity_0688,entity_0312,entity_0312,entity_0688,train
pair_005049,query,entity_0631,entity_0632,1,entity_0631,entity_0632,entity_0632,entity_0631,test
pair_005050,query,entity_0456,entity_0460,1,entity_0456,entity_0460,entity_0460,entity_0456,test
pair_005051,demo,entity_0298,entity_0300,1,entity_0300,entity_0298,entity_0298,entity_0300,train
pair_005052,demo,entity_0604,entity_0608,1,entity_0608,entity_0604,entity_0604,entity_0608,train
pair_005053,demo,entity_0526,entity_0828,0,entity_0828,entity_0526,entity_0526,entity_0828,train
pair_005054,demo,entity_0069,entity_0160,0,entity_0160,entity_0069,entity_0069,entity_0160,train
pair_005055,query,entity_0618,entity_0869,0,entity_0618,entity_0869,entity_0869,entity_0618,test
pair_005056,query,entity_0597,entity_0731,0,entity_0731,entity_0597,entity_0597,entity_0731,test
pair_005057,query,entity_0216,entity_0220,1,entity_0216,entity_0220,entity_0220,entity_0216,test
pair_005058,query,entity_0203,entity_0763,0,entity_0203,entity_0763,entity_0763,entity_0203,test
pair_005059,demo,entity_0036,entity_0040,1,entity_0036,entity_0040,entity_0040,entity_0036,train
pair_005060,demo,entity_0462,entity_0578,0,entity_0462,entity_0578,entity_0578,entity_0462,train
pair_005061,query,entity_0427,entity_0908,0,entity_0427,entity_0908,entity_0908,entity_0427,test
pair_005062,query,entity_0161,entity_0169,1,entity_0161,entity_0169,entity_0169,entity_0161,test
pair_005063,query,entity_0292,entity_0298,1,entity_0298,entity_0292,entity_0292,entity_0298,test
pair_005064,query,entity_0822,entity_0828,1,entity_0822,entity_0828,entity_0828,entity_0822,test
pair_005065,demo,entity_0311,entity_0320,1,entity_0311,entity_0320,entity_0320,entity_0311,train
pair_005066,demo,entity_0524,entity_0528,1,entity_0524,entity_0528,entity_0528,entity_0524,train
pair_005067,query,entity_0171,entity_0996,0,entity_0996,entity_0171,entity_0171,entity_0996,test
pair_005068,query,entity_0869,entity_0991,0,entity_0991,entity_0869,entity_0869,entity_0991,test
pair_005069,query,entity_0555,entity_0572,0,entity_0555,entity_0572,entity_0572,entity_0555,test
pair_005070,demo,entity_0674,entity_0678,1,entity_0678,entity_0674,entity_0674,entity_0678,train
pair_005071,query,entity_0787,entity_0790,1,entity_0790,entity_0787,entity_0787,entity_0790,test
pair_005072,query,entity_0688,entity_0689,1,entity_0688,entity_0689,entity_0689,entity_0688,test
pair_005073,query,entity_0774,entity_0927,0,entity_0774,entity_0927,entity_0927,entity_0774,validation
pair_005074,demo,entity_0121,entity_0130,1,entity_0121,entity_0130,entity_0130,entity_0121,train
pair_005075,query,entity_0327,entity_0699,0,entity_0327,entity_0699,entity_0699,entity_0327,test
pair_005076,demo,entity_0469,entity_0499,0,entity_0469,entity_0499,entity_0499,entity_0469,train
pair_005077,demo,entity_0311,entity_0524,0,entity_0524,entity_0311,entity_0311,entity_0524,train
pair_005078,query,entity_0861,entity_0862,1,entity_0862,entity_0861,entity_0861,entity_0862,test
pair_005079,query,entity_0304,entity_0306,1,entity_0306,entity_0304,entity_0304,entity_0306,validation
pair_005080,query,entity_0013,entity_0018,1,entity_0013,entity_0018,entity_0018,entity_0013,test
pair_005081,demo,entity_0931,entity_0934,1,entity_0934,entity_0931,entity_0931,entity_0934,train
pair_005082,demo,entity_0913,entity_0918,1,entity_0918,entity_0913,entity_0913,entity_0918,train
pair_005083,demo,entity_0274,entity_0807,0,entity_0274,entity_0807,entity_0807,entity_0274,train
pair_005084,query,entity_0696,entity_0700,1,entity_0696,entity_0700,entity_0700,entity_0696,test
pair_005085,query,entity_0851,entity_0860,1,entity_0860,entity_0851,entity_0851,entity_0860,validation
pair_005086,query,entity_0952,entity_0959,1,entity_0959,entity_0952,entity_0952,entity_0959,test
pair_005087,demo,entity_0503,entity_0507,1,entity_0503,entity_0507,entity_0507,entity_0503,train
pair_005088,query,entity_0077,entity_0652,0,entity_0077,entity_0652,entity_0652,entity_0077,test
pair_005089,demo,entity_0413,entity_0420,1,entity_0413,entity_0420,entity_0420,entity_0413,train
pair_005090,demo,entity_0403,entity_0409,1,entity_0409,entity_0403,entity_0403,entity_0409,train
pair_005091,query,entity_0752,entity_0932,0,entity_0932,entity_0752,entity_0752,entity_0932,test
pair_005092,query,entity_0482,entity_0626,0,entity_0482,entity_0626,entity_0626,entity_0482,test
pair_005093,demo,entity_0971,entity_0977,1,entity_0971,entity_0977,entity_0977,entity_0971,train
pair_005094,demo,entity_0642,entity_0922,0,entity_0922,entity_0642,entity_0642,entity_0922,train
pair_005095,demo,entity_0033,entity_0650,0,entity_0650,entity_0033,entity_0033,entity_0650,train
pair_005096,demo,entity_0844,entity_0849,1,entity_0844,entity_0849,entity_0849,entity_0844,train
pair_005097,demo,entity_0066,entity_0359,0,entity_0359,entity_0066,entity_0066,entity_0359,train
pair_005098,demo,entity_0261,entity_0287,0,entity_0261,entity_0287,entity_0287,entity_0261,train
pair_005099,demo,entity_0975,entity_0979,1,entity_0975,entity_0979,entity_0979,entity_0975,train
pair_005100,query,entity_0289,entity_0378,0,entity_0289,entity_0378,entity_0378,entity_0289,test
pair_005101,demo,entity_0421,entity_0425,1,entity_0421,entity_0425,entity_0425,entity_0421,train
pair_005102,demo,entity_0440,entity_0746,0,entity_0746,entity_0440,entity_0440,entity_0746,train
pair_005103,demo,entity_0054,entity_0990,0,entity_0990,entity_0054,entity_0054,entity_0990,train
pair_005104,demo,entity_0064,entity_0067,1,entity_0064,entity_0067,entity_0067,entity_0064,train
pair_005105,demo,entity_0221,entity_0230,1,entity_0230,entity_0221,entity_0221,entity_0230,train
pair_005106,demo,entity_0094,entity_0690,0,entity_0094,entity_0690,entity_0690,entity_0094,train
pair_005107,demo,entity_0012,entity_0014,1,entity_0012,entity_0014,entity_0014,entity_0012,train
pair_005108,query,entity_0035,entity_0862,0,entity_0035,entity_0862,entity_0862,entity_0035,test
pair_005109,query,entity_0042,entity_0044,1,entity_0044,entity_0042,entity_0042,entity_0044,test
pair_005110,demo,entity_0623,entity_0625,1,entity_0625,entity_0623,entity_0623,entity_0625,train
pair_005111,demo,entity_0451,entity_0454,1,entity_0451,entity_0454,entity_0454,entity_0451,train
pair_005112,demo,entity_0015,entity_0268,0,entity_0015,entity_0268,entity_0268,entity_0015,train
pair_005113,query,entity_0796,entity_0798,1,entity_0798,entity_0796,entity_0796,entity_0798,test
pair_005114,demo,entity_0122,entity_0201,0,entity_0201,entity_0122,entity_0122,entity_0201,train
pair_005115,demo,entity_0436,entity_0729,0,entity_0729,entity_0436,entity_0436,entity_0729,train
pair_005116,demo,entity_0258,entity_0977,0,entity_0977,entity_0258,entity_0258,entity_0977,train
pair_005117,demo,entity_0281,entity_0290,1,entity_0281,entity_0290,entity_0290,entity_0281,train
pair_005118,query,entity_0163,entity_0167,1,entity_0163,entity_0167,entity_0167,entity_0163,test
pair_005119,demo,entity_0565,entity_0725,0,entity_0565,entity_0725,entity_0725,entity_0565,train
pair_005120,demo,entity_0077,entity_0478,0,entity_0077,entity_0478,entity_0478,entity_0077,train
pair_005121,query,entity_0301,entity_0451,0,entity_0451,entity_0301,entity_0301,entity_0451,test
pair_005122,demo,entity_0882,entity_0884,1,entity_0882,entity_0884,entity_0884,entity_0882,train
pair_005123,query,entity_0763,entity_0872,0,entity_0872,entity_0763,entity_0763,entity_0872,test
pair_005124,demo,entity_0145,entity_0353,0,entity_0353,entity_0145,entity_0145,entity_0353,train
pair_005125,query,entity_0380,entity_0527,0,entity_0527,entity_0380,entity_0380,entity_0527,test
pair_005126,query,entity_0751,entity_0757,1,entity_0751,entity_0757,entity_0757,entity_0751,test
pair_005127,demo,entity_0396,entity_0397,1,entity_0396,entity_0397,entity_0397,entity_0396,train
pair_005128,demo,entity_0447,entity_0608,0,entity_0608,entity_0447,entity_0447,entity_0608,train
pair_005129,query,entity_0869,entity_0870,1,entity_0869,entity_0870,entity_0870,entity_0869,validation
pair_005130,demo,entity_0668,entity_0871,0,entity_0871,entity_0668,entity_0668,entity_0871,train
pair_005131,query,entity_0410,entity_0663,0,entity_0410,entity_0663,entity_0663,entity_0410,test
pair_005132,query,entity_0399,entity_0400,1,entity_0399,entity_0400,entity_0400,entity_0399,test
pair_005133,demo,entity_0210,entity_0857,0,entity_0210,entity_0857,entity_0857,entity_0210,train
pair_005134,query,entity_0362,entity_0366,1,entity_0362,entity_0366,entity_0366,entity_0362,test
pair_005135,demo,entity_0798,entity_0928,0,entity_0928,entity_0798,entity_0798,entity_0928,train
pair_005136,query,entity_0065,entity_0066,1,entity_0066,entity_0065,entity_0065,entity_0066,validation
pair_005137,demo,entity_0163,entity_0568,0,entity_0568,entity_0163,entity_0163,entity_0568,train
pair_005138,query,entity_0022,entity_0918,0,entity_0022,entity_0918,entity_0918,entity_0022,validation
pair_005139,demo,entity_0136,entity_0972,0,entity_0972,entity_0136,entity_0136,entity_0972,train
pair_005140,query,entity_0313,entity_0314,1,entity_0314,entity_0313,entity_0313,entity_0314,validation
pair_005141,query,entity_0467,entity_0686,0,entity_0467,entity_0686,entity_0686,entity_0467,validation
pair_005142,demo,entity_0664,entity_0665,1,entity_0665,entity_0664,entity_0664,entity_0665,train
pair_005143,query,entity_0479,entity_0480,1,entity_0479,entity_0480,entity_0480,entity_0479,test
pair_005144,query,entity_0637,entity_0638,1,entity_0637,entity_0638,entity_0638,entity_0637,test
pair_005145,query,entity_0936,entity_0938,1,entity_0938,entity_0936,entity_0936,entity_0938,test
pair_005146,query,entity_0383,entity_0918,0,entity_0383,entity_0918,entity_0918,entity_0383,test
pair_005147,query,entity_0213,entity_0220,1,entity_0213,entity_0220,entity_0220,entity_0213,test
pair_005148,query,entity_0084,entity_0086,1,entity_0084,entity_0086,entity_0086,entity_0084,test
pair_005149,query,entity_0581,entity_0632,0,entity_0632,entity_0581,entity_0581,entity_0632,test
pair_005150,demo,entity_0934,entity_0939,1,entity_0939,entity_0934,entity_0934,entity_0939,train
pair_005151,query,entity_0176,entity_0934,0,entity_0934,entity_0176,entity_0176,entity_0934,test
pair_005152,query,entity_0042,entity_0047,1,entity_0042,entity_0047,entity_0047,entity_0042,test
pair_005153,demo,entity_0099,entity_0100,1,entity_0099,entity_0100,entity_0100,entity_0099,train
pair_005154,demo,entity_0731,entity_0909,0,entity_0731,entity_0909,entity_0909,entity_0731,train
pair_005155,demo,entity_0616,entity_0620,1,entity_0616,entity_0620,entity_0620,entity_0616,train
pair_005156,query,entity_0542,entity_0548,1,entity_0548,entity_0542,entity_0542,entity_0548,test
pair_005157,demo,entity_0187,entity_0320,0,entity_0320,entity_0187,entity_0187,entity_0320,train
pair_005158,demo,entity_0087,entity_0541,0,entity_0087,entity_0541,entity_0541,entity_0087,train
pair_005159,query,entity_0831,entity_0930,0,entity_0831,entity_0930,entity_0930,entity_0831,test
pair_005160,query,entity_0351,entity_0360,1,entity_0360,entity_0351,entity_0351,entity_0360,test
pair_005161,query,entity_0141,entity_0145,1,entity_0145,entity_0141,entity_0141,entity_0145,test
pair_005162,query,entity_0140,entity_0289,0,entity_0140,entity_0289,entity_0289,entity_0140,test
pair_005163,demo,entity_0774,entity_0790,0,entity_0774,entity_0790,entity_0790,entity_0774,train
pair_005164,query,entity_0524,entity_0527,1,entity_0527,entity_0524,entity_0524,entity_0527,validation
pair_005165,demo,entity_0007,entity_0491,0,entity_0491,entity_0007,entity_0007,entity_0491,train
pair_005166,query,entity_0125,entity_0126,1,entity_0126,entity_0125,entity_0125,entity_0126,test
pair_005167,demo,entity_0747,entity_0748,1,entity_0748,entity_0747,entity_0747,entity_0748,train
pair_005168,demo,entity_0315,entity_0320,1,entity_0315,entity_0320,entity_0320,entity_0315,train
pair_005169,query,entity_0546,entity_0910,0,entity_0546,entity_0910,entity_0910,entity_0546,test
pair_005170,demo,entity_0860,entity_0923,0,entity_0860,entity_0923,entity_0923,entity_0860,train
pair_005171,query,entity_0338,entity_0339,1,entity_0338,entity_0339,entity_0339,entity_0338,test
pair_005172,demo,entity_0431,entity_0800,0,entity_0431,entity_0800,entity_0800,entity_0431,train
pair_005173,demo,entity_0412,entity_0418,1,entity_0412,entity_0418,entity_0418,entity_0412,train
pair_005174,query,entity_0371,entity_0372,1,entity_0371,entity_0372,entity_0372,entity_0371,validation
pair_005175,query,entity_0569,entity_0788,0,entity_0788,entity_0569,entity_0569,entity_0788,test
pair_005176,demo,entity_0747,entity_0749,1,entity_0747,entity_0749,entity_0749,entity_0747,train
pair_005177,demo,entity_0360,entity_0645,0,entity_0360,entity_0645,entity_0645,entity_0360,train
pair_005178,demo,entity_0448,entity_0986,0,entity_0986,entity_0448,entity_0448,entity_0986,train
pair_005179,query,entity_0202,entity_0543,0,entity_0202,entity_0543,entity_0543,entity_0202,validation
pair_005180,demo,entity_0891,entity_0897,1,entity_0891,entity_0897,entity_0897,entity_0891,train
pair_005181,demo,entity_0084,entity_1000,0,entity_1000,entity_0084,entity_0084,entity_1000,train
pair_005182,query,entity_0828,entity_0919,0,entity_0919,entity_0828,entity_0828,entity_0919,test
pair_005183,demo,entity_0201,entity_0203,1,entity_0201,entity_0203,entity_0203,entity_0201,train
pair_005184,query,entity_0556,entity_0962,0,entity_0962,entity_0556,entity_0556,entity_0962,test
pair_005185,demo,entity_0508,entity_0718,0,entity_0508,entity_0718,entity_0718,entity_0508,train
pair_005186,demo,entity_0581,entity_0616,0,entity_0616,entity_0581,entity_0581,entity_0616,train
pair_005187,demo,entity_0044,entity_0991,0,entity_0044,entity_0991,entity_0991,entity_0044,train
pair_005188,demo,entity_0642,entity_0777,0,entity_0777,entity_0642,entity_0642,entity_0777,train
pair_005189,query,entity_0832,entity_0836,1,entity_0836,entity_0832,entity_0832,entity_0836,test
pair_005190,demo,entity_0175,entity_0683,0,entity_0175,entity_0683,entity_0683,entity_0175,train
pair_005191,demo,entity_0413,entity_0414,1,entity_0414,entity_0413,entity_0413,entity_0414,train
pair_005192,demo,entity_0545,entity_0546,1,entity_0545,entity_0546,entity_0546,entity_0545,train
pair_005193,demo,entity_0542,entity_0624,0,entity_0542,entity_0624,entity_0624,entity_0542,train
pair_005194,demo,entity_0525,entity_0528,1,entity_0525,entity_0528,entity_0528,entity_0525,train
pair_005195,query,entity_0359,entity_0731,0,entity_0731,entity_0359,entity_0359,entity_0731,test
pair_005196,demo,entity_0086,entity_0485,0,entity_0086,entity_0485,entity_0485,entity_0086,train
pair_005197,query,entity_0005,entity_0872,0,entity_0872,entity_0005,entity_0005,entity_0872,validation
pair_005198,query,entity_0130,entity_0485,0,entity_0485,entity_0130,entity_0130,entity_0485,validation
pair_005199,demo,entity_0340,entity_0433,0,entity_0433,entity_0340,entity_0340,entity_0433,train
pair_005200,query,entity_0787,entity_0789,1,entity_0787,entity_0789,entity_0789,entity_0787,validation
pair_005201,query,entity_0012,entity_0018,1,entity_0018,entity_0012,entity_0012,entity_0018,test
pair_005202,query,entity_0362,entity_0368,1,entity_0368,entity_0362,entity_0362,entity_0368,validation
pair_005203,demo,entity_0149,entity_0150,1,entity_0150,entity_0149,entity_0149,entity_0150,train
pair_005204,query,entity_0845,entity_0846,1,entity_0845,entity_0846,entity_0846,entity_0845,test
pair_005205,query,entity_0207,entity_0210,1,entity_0207,entity_0210,entity_0210,entity_0207,test
pair_005206,query,entity_0166,entity_0169,1,entity_0166,entity_0169,entity_0169,entity_0166,validation
pair_005207,query,entity_0826,entity_0956,0,entity_0956,entity_0826,entity_0826,entity_0956,test
pair_005208,demo,entity_0476,entity_0480,1,entity_0476,entity_0480,entity_0480,entity_0476,train
pair_005209,demo,entity_0221,entity_0890,0,entity_0221,entity_0890,entity_0890,entity_0221,train
pair_005210,query,entity_0648,entity_0649,1,entity_0649,entity_0648,entity_0648,entity_0649,test
pair_005211,query,entity_0095,entity_0098,1,entity_0095,entity_0098,entity_0098,entity_0095,test
pair_005212,query,entity_0921,entity_0922,1,entity_0922,entity_0921,entity_0921,entity_0922,test
pair_005213,query,entity_0064,entity_0157,0,entity_0157,entity_0064,entity_0064,entity_0157,test
pair_005214,query,entity_0695,entity_0980,0,entity_0980,entity_0695,entity_0695,entity_0980,validation
pair_005215,demo,entity_0636,entity_0694,0,entity_0694,entity_0636,entity_0636,entity_0694,train
pair_005216,demo,entity_0183,entity_0914,0,entity_0183,entity_0914,entity_0914,entity_0183,train
pair_005217,demo,entity_0163,entity_0341,0,entity_0163,entity_0341,entity_0341,entity_0163,train
pair_005218,demo,entity_0783,entity_0914,0,entity_0783,entity_0914,entity_0914,entity_0783,train
pair_005219,demo,entity_0015,entity_0644,0,entity_0644,entity_0015,entity_0015,entity_0644,train
pair_005220,demo,entity_0125,entity_0445,0,entity_0125,entity_0445,entity_0445,entity_0125,train
pair_005221,query,entity_0330,entity_0388,0,entity_0388,entity_0330,entity_0330,entity_0388,test
pair_005222,demo,entity_0430,entity_0664,0,entity_0430,entity_0664,entity_0664,entity_0430,train
pair_005223,query,entity_0254,entity_0257,1,entity_0257,entity_0254,entity_0254,entity_0257,test
pair_005224,demo,entity_0100,entity_0288,0,entity_0288,entity_0100,entity_0100,entity_0288,train
pair_005225,query,entity_0225,entity_0474,0,entity_0474,entity_0225,entity_0225,entity_0474,test
pair_005226,query,entity_0292,entity_0395,0,entity_0292,entity_0395,entity_0395,entity_0292,validation
pair_005227,demo,entity_0647,entity_0650,1,entity_0650,entity_0647,entity_0647,entity_0650,train
pair_005228,query,entity_0591,entity_0592,1,entity_0592,entity_0591,entity_0591,entity_0592,validation
pair_005229,query,entity_0905,entity_0906,1,entity_0906,entity_0905,entity_0905,entity_0906,test
pair_005230,query,entity_0821,entity_0828,1,entity_0828,entity_0821,entity_0821,entity_0828,test
pair_005231,demo,entity_0461,entity_0462,1,entity_0462,entity_0461,entity_0461,entity_0462,train
pair_005232,demo,entity_0011,entity_0020,1,entity_0020,entity_0011,entity_0011,entity_0020,train
pair_005233,demo,entity_0981,entity_0983,1,entity_0981,entity_0983,entity_0983,entity_0981,train
pair_005234,query,entity_0612,entity_0613,1,entity_0612,entity_0613,entity_0613,entity_0612,test
pair_005235,demo,entity_0082,entity_0910,0,entity_0082,entity_0910,entity_0910,entity_0082,train
pair_005236,demo,entity_0257,entity_0259,1,entity_0259,entity_0257,entity_0257,entity_0259,train
pair_005237,query,entity_0006,entity_0046,0,entity_0046,entity_0006,entity_0006,entity_0046,test
pair_005238,query,entity_0390,entity_0773,0,entity_0773,entity_0390,entity_0390,entity_0773,test
pair_005239,query,entity_0296,entity_0299,1,entity_0299,entity_0296,entity_0296,entity_0299,test
pair_005240,demo,entity_0664,entity_0927,0,entity_0927,entity_0664,entity_0664,entity_0927,train
pair_005241,query,entity_0081,entity_0087,1,entity_0087,entity_0081,entity_0081,entity_0087,test
pair_005242,demo,entity_0473,entity_0810,0,entity_0473,entity_0810,entity_0810,entity_0473,train
pair_005243,query,entity_0549,entity_0650,0,entity_0549,entity_0650,entity_0650,entity_0549,validation
pair_005244,query,entity_0507,entity_0508,1,entity_0507,entity_0508,entity_0508,entity_0507,test
pair_005245,demo,entity_0122,entity_0124,1,entity_0124,entity_0122,entity_0122,entity_0124,train
pair_005246,demo,entity_0255,entity_0841,0,entity_0255,entity_0841,entity_0841,entity_0255,train
pair_005247,demo,entity_0708,entity_0712,0,entity_0708,entity_0712,entity_0712,entity_0708,train
pair_005248,query,entity_0755,entity_0871,0,entity_0871,entity_0755,entity_0755,entity_0871,test
pair_005249,query,entity_0329,entity_0565,0,entity_0329,entity_0565,entity_0565,entity_0329,test
pair_005250,demo,entity_0270,entity_0322,0,entity_0270,entity_0322,entity_0322,entity_0270,train
pair_005251,query,entity_0273,entity_0592,0,entity_0592,entity_0273,entity_0273,entity_0592,test
pair_005252,demo,entity_0421,entity_0426,1,entity_0421,entity_0426,entity_0426,entity_0421,train
pair_005253,demo,entity_0026,entity_0577,0,entity_0026,entity_0577,entity_0577,entity_0026,train
pair_005254,demo,entity_0631,entity_0639,1,entity_0639,entity_0631,entity_0631,entity_0639,train
pair_005255,demo,entity_0224,entity_0227,1,entity_0227,entity_0224,entity_0224,entity_0227,train
pair_005256,query,entity_0406,entity_0987,0,entity_0987,entity_0406,entity_0406,entity_0987,test
pair_005257,demo,entity_0134,entity_0135,1,entity_0134,entity_0135,entity_0135,entity_0134,train
pair_005258,query,entity_0325,entity_0328,1,entity_0325,entity_0328,entity_0328,entity_0325,test
pair_005259,query,entity_0712,entity_0716,1,entity_0712,entity_0716,entity_0716,entity_0712,validation
pair_005260,query,entity_0042,entity_0607,0,entity_0607,entity_0042,entity_0042,entity_0607,test
pair_005261,query,entity_0316,entity_0318,1,entity_0318,entity_0316,entity_0316,entity_0318,test
pair_005262,query,entity_0834,entity_0929,0,entity_0929,entity_0834,entity_0834,entity_0929,test
pair_005263,query,entity_0852,entity_0855,1,entity_0852,entity_0855,entity_0855,entity_0852,validation
pair_005264,demo,entity_0846,entity_0849,1,entity_0846,entity_0849,entity_0849,entity_0846,train
pair_005265,query,entity_0152,entity_0160,1,entity_0160,entity_0152,entity_0152,entity_0160,test
pair_005266,demo,entity_0208,entity_0503,0,entity_0208,entity_0503,entity_0503,entity_0208,train
pair_005267,demo,entity_0081,entity_0084,1,entity_0084,entity_0081,entity_0081,entity_0084,train
pair_005268,demo,entity_0423,entity_0429,1,entity_0429,entity_0423,entity_0423,entity_0429,train
pair_005269,query,entity_0370,entity_0927,0,entity_0927,entity_0370,entity_0370,entity_0927,test
pair_005270,query,entity_0806,entity_0997,0,entity_0806,entity_0997,entity_0997,entity_0806,test
pair_005271,query,entity_0278,entity_0363,0,entity_0278,entity_0363,entity_0363,entity_0278,test
pair_005272,query,entity_0092,entity_0640,0,entity_0092,entity_0640,entity_0640,entity_0092,test
pair_005273,query,entity_0349,entity_0801,0,entity_0801,entity_0349,entity_0349,entity_0801,test
pair_005274,demo,entity_0949,entity_0980,0,entity_0949,entity_0980,entity_0980,entity_0949,train
pair_005275,demo,entity_0034,entity_0037,1,entity_0034,entity_0037,entity_0037,entity_0034,train
pair_005276,demo,entity_0526,entity_0892,0,entity_0526,entity_0892,entity_0892,entity_0526,train
pair_005277,demo,entity_0466,entity_0954,0,entity_0466,entity_0954,entity_0954,entity_0466,train
pair_005278,query,entity_0522,entity_0527,1,entity_0527,entity_0522,entity_0522,entity_0527,test
pair_005279,query,entity_0236,entity_0696,0,entity_0696,entity_0236,entity_0236,entity_0696,validation
pair_005280,query,entity_0195,entity_0217,0,entity_0195,entity_0217,entity_0217,entity_0195,test
pair_005281,query,entity_0610,entity_0718,0,entity_0718,entity_0610,entity_0610,entity_0718,test
pair_005282,demo,entity_0568,entity_0570,1,entity_0568,entity_0570,entity_0570,entity_0568,train
pair_005283,query,entity_0341,entity_0344,1,entity_0341,entity_0344,entity_0344,entity_0341,validation
pair_005284,query,entity_0205,entity_0207,1,entity_0205,entity_0207,entity_0207,entity_0205,test
pair_005285,query,entity_0186,entity_0874,0,entity_0186,entity_0874,entity_0874,entity_0186,validation
pair_005286,query,entity_0210,entity_0879,0,entity_0210,entity_0879,entity_0879,entity_0210,test
pair_005287,query,entity_0775,entity_0777,1,entity_0775,entity_0777,entity_0777,entity_0775,test
pair_005288,query,entity_0226,entity_0230,1,entity_0226,entity_0230,entity_0230,entity_0226,test
pair_005289,query,entity_0131,entity_0957,0,entity_0957,entity_0131,entity_0131,entity_0957,validation
pair_005290,demo,entity_0014,entity_0017,1,entity_0017,entity_0014,entity_0014,entity_0017,train
pair_005291,demo,entity_0942,entity_0943,1,entity_0943,entity_0942,entity_0942,entity_0943,train
pair_005292,demo,entity_0229,entity_0230,1,entity_0230,entity_0229,entity_0229,entity_0230,train
pair_005293,query,entity_0157,entity_0158,1,entity_0157,entity_0158,entity_0158,entity_0157,test
pair_005294,demo,entity_0702,entity_0707,1,entity_0707,entity_0702,entity_0702,entity_0707,train
pair_005295,query,entity_0438,entity_0808,0,entity_0808,entity_0438,entity_0438,entity_0808,test
pair_005296,query,entity_0912,entity_0919,1,entity_0912,entity_0919,entity_0919,entity_0912,test
pair_005297,demo,entity_0093,entity_0960,0,entity_0960,entity_0093,entity_0093,entity_0960,train
pair_005298,query,entity_0096,entity_0099,1,entity_0096,entity_0099,entity_0099,entity_0096,test
pair_005299,query,entity_0325,entity_0857,0,entity_0857,entity_0325,entity_0325,entity_0857,test
pair_005300,query,entity_0492,entity_0497,1,entity_0497,entity_0492,entity_0492,entity_0497,test
pair_005301,demo,entity_0408,entity_0421,0,entity_0421,entity_0408,entity_0408,entity_0421,train
pair_005302,query,entity_0783,entity_0789,1,entity_0789,entity_0783,entity_0783,entity_0789,test
pair_005303,demo,entity_0602,entity_0607,1,entity_0602,entity_0607,entity_0607,entity_0602,train
pair_005304,demo,entity_0132,entity_0133,1,entity_0132,entity_0133,entity_0133,entity_0132,train
pair_005305,query,entity_0764,entity_0767,1,entity_0767,entity_0764,entity_0764,entity_0767,test
pair_005306,demo,entity_0148,entity_0158,0,entity_0158,entity_0148,entity_0148,entity_0158,train
pair_005307,query,entity_0044,entity_0529,0,entity_0529,entity_0044,entity_0044,entity_0529,test
pair_005308,query,entity_0017,entity_0749,0,entity_0749,entity_0017,entity_0017,entity_0749,test
pair_005309,demo,entity_0263,entity_0266,1,entity_0263,entity_0266,entity_0266,entity_0263,train
pair_005310,demo,entity_0229,entity_0620,0,entity_0620,entity_0229,entity_0229,entity_0620,train
pair_005311,demo,entity_0912,entity_0920,1,entity_0920,entity_0912,entity_0912,entity_0920,train
pair_005312,demo,entity_0585,entity_0590,1,entity_0590,entity_0585,entity_0585,entity_0590,train
pair_005313,query,entity_0704,entity_0709,1,entity_0704,entity_0709,entity_0709,entity_0704,test
pair_005314,query,entity_0466,entity_0467,1,entity_0467,entity_0466,entity_0466,entity_0467,test
pair_005315,query,entity_0234,entity_0239,1,entity_0234,entity_0239,entity_0239,entity_0234,test
pair_005316,query,entity_0169,entity_0170,1,entity_0170,entity_0169,entity_0169,entity_0170,test
pair_005317,query,entity_0597,entity_0686,0,entity_0597,entity_0686,entity_0686,entity_0597,test
pair_005318,query,entity_0984,entity_0990,1,entity_0984,entity_0990,entity_0990,entity_0984,test
pair_005319,query,entity_0155,entity_0156,1,entity_0156,entity_0155,entity_0155,entity_0156,test
pair_005320,query,entity_0798,entity_0800,1,entity_0800,entity_0798,entity_0798,entity_0800,validation
pair_005321,demo,entity_0341,entity_0345,1,entity_0345,entity_0341,entity_0341,entity_0345,train
pair_005322,demo,entity_0151,entity_0154,1,entity_0151,entity_0154,entity_0154,entity_0151,train
pair_005323,demo,entity_0085,entity_0897,0,entity_0897,entity_0085,entity_0085,entity_0897,train
pair_005324,query,entity_0087,entity_0252,0,entity_0252,entity_0087,entity_0087,entity_0252,test
pair_005325,query,entity_0172,entity_0176,1,entity_0172,entity_0176,entity_0176,entity_0172,validation
pair_005326,demo,entity_0220,entity_0525,0,entity_0220,entity_0525,entity_0525,entity_0220,train
pair_005327,query,entity_0443,entity_0448,1,entity_0448,entity_0443,entity_0443,entity_0448,test
pair_005328,query,entity_0642,entity_0650,1,entity_0642,entity_0650,entity_0650,entity_0642,test
pair_005329,query,entity_0091,entity_0097,1,entity_0091,entity_0097,entity_0097,entity_0091,test
pair_005330,query,entity_0586,entity_0588,1,entity_0588,entity_0586,entity_0586,entity_0588,test
pair_005331,demo,entity_0921,entity_0928,1,entity_0921,entity_0928,entity_0928,entity_0921,train
pair_005332,demo,entity_0915,entity_0918,1,entity_0918,entity_0915,entity_0915,entity_0918,train
pair_005333,query,entity_0809,entity_0810,1,entity_0810,entity_0809,entity_0809,entity_0810,test
pair_005334,query,entity_0749,entity_0769,0,entity_0769,entity_0749,entity_0749,entity_0769,test
pair_005335,query,entity_0173,entity_0642,0,entity_0642,entity_0173,entity_0173,entity_0642,test
pair_005336,demo,entity_0296,entity_1000,0,entity_1000,entity_0296,entity_0296,entity_1000,train
pair_005337,query,entity_0733,entity_0734,1,entity_0734,entity_0733,entity_0733,entity_0734,test
pair_005338,query,entity_0062,entity_0201,0,entity_0062,entity_0201,entity_0201,entity_0062,test
pair_005339,query,entity_0743,entity_0747,1,entity_0747,entity_0743,entity_0743,entity_0747,test
pair_005340,query,entity_0804,entity_0973,0,entity_0804,entity_0973,entity_0973,entity_0804,validation
pair_005341,demo,entity_0298,entity_0299,1,entity_0298,entity_0299,entity_0299,entity_0298,train
pair_005342,demo,entity_0992,entity_0994,1,entity_0994,entity_0992,entity_0992,entity_0994,train
pair_005343,demo,entity_0363,entity_0369,1,entity_0363,entity_0369,entity_0369,entity_0363,train
pair_005344,demo,entity_0637,entity_0640,1,entity_0640,entity_0637,entity_0637,entity_0640,train
pair_005345,query,entity_0381,entity_0383,1,entity_0383,entity_0381,entity_0381,entity_0383,test
pair_005346,query,entity_0264,entity_0861,0,entity_0861,entity_0264,entity_0264,entity_0861,test
pair_005347,query,entity_0762,entity_0767,1,entity_0762,entity_0767,entity_0767,entity_0762,test
pair_005348,demo,entity_0672,entity_0675,1,entity_0675,entity_0672,entity_0672,entity_0675,train
pair_005349,query,entity_0059,entity_0413,0,entity_0413,entity_0059,entity_0059,entity_0413,test
pair_005350,query,entity_0453,entity_0457,1,entity_0457,entity_0453,entity_0453,entity_0457,test
pair_005351,query,entity_0001,entity_0819,0,entity_0001,entity_0819,entity_0819,entity_0001,test
pair_005352,query,entity_0716,entity_0934,0,entity_0716,entity_0934,entity_0934,entity_0716,test
pair_005353,query,entity_0049,entity_0167,0,entity_0049,entity_0167,entity_0167,entity_0049,test
pair_005354,query,entity_0215,entity_0446,0,entity_0215,entity_0446,entity_0446,entity_0215,test
pair_005355,demo,entity_0248,entity_0647,0,entity_0248,entity_0647,entity_0647,entity_0248,train
pair_005356,query,entity_0064,entity_0426,0,entity_0426,entity_0064,entity_0064,entity_0426,test
pair_005357,query,entity_0185,entity_0190,1,entity_0185,entity_0190,entity_0190,entity_0185,validation
pair_005358,demo,entity_0490,entity_0734,0,entity_0734,entity_0490,entity_0490,entity_0734,train
pair_005359,demo,entity_0591,entity_0597,1,entity_0597,entity_0591,entity_0591,entity_0597,train
pair_005360,query,entity_0012,entity_0013,1,entity_0012,entity_0013,entity_0013,entity_0012,test
pair_005361,query,entity_0595,entity_0599,1,entity_0599,entity_0595,entity_0595,entity_0599,test
pair_005362,demo,entity_0002,entity_0805,0,entity_0002,entity_0805,entity_0805,entity_0002,train
pair_005363,query,entity_0141,entity_0142,1,entity_0141,entity_0142,entity_0142,entity_0141,test
pair_005364,demo,entity_0900,entity_0921,0,entity_0921,entity_0900,entity_0900,entity_0921,train
pair_005365,query,entity_0277,entity_0653,0,entity_0277,entity_0653,entity_0653,entity_0277,test
pair_005366,query,entity_0132,entity_0956,0,entity_0956,entity_0132,entity_0132,entity_0956,test
pair_005367,query,entity_0365,entity_0563,0,entity_0563,entity_0365,entity_0365,entity_0563,test
pair_005368,demo,entity_0671,entity_0694,0,entity_0694,entity_0671,entity_0671,entity_0694,train
pair_005369,demo,entity_0297,entity_0519,0,entity_0519,entity_0297,entity_0297,entity_0519,train
pair_005370,demo,entity_0031,entity_0637,0,entity_0637,entity_0031,entity_0031,entity_0637,train
pair_005371,query,entity_0051,entity_0059,1,entity_0059,entity_0051,entity_0051,entity_0059,validation
pair_005372,query,entity_0888,entity_0889,1,entity_0889,entity_0888,entity_0888,entity_0889,test
pair_005373,query,entity_0083,entity_0265,0,entity_0083,entity_0265,entity_0265,entity_0083,validation
pair_005374,demo,entity_0551,entity_0560,1,entity_0560,entity_0551,entity_0551,entity_0560,train
pair_005375,demo,entity_0204,entity_0993,0,entity_0204,entity_0993,entity_0993,entity_0204,train
pair_005376,demo,entity_0672,entity_0678,1,entity_0678,entity_0672,entity_0672,entity_0678,train
pair_005377,query,entity_0154,entity_0414,0,entity_0154,entity_0414,entity_0414,entity_0154,validation
pair_005378,query,entity_0657,entity_0660,1,entity_0660,entity_0657,entity_0657,entity_0660,test
pair_005379,query,entity_0344,entity_0350,1,entity_0350,entity_0344,entity_0344,entity_0350,test
pair_005380,demo,entity_0071,entity_0076,1,entity_0071,entity_0076,entity_0076,entity_0071,train
pair_005381,query,entity_0333,entity_0972,0,entity_0972,entity_0333,entity_0333,entity_0972,validation
pair_005382,query,entity_0672,entity_0676,1,entity_0676,entity_0672,entity_0672,entity_0676,test
pair_005383,demo,entity_0453,entity_0949,0,entity_0949,entity_0453,entity_0453,entity_0949,train
pair_005384,demo,entity_0585,entity_0589,1,entity_0589,entity_0585,entity_0585,entity_0589,train
pair_005385,query,entity_0352,entity_0354,1,entity_0354,entity_0352,entity_0352,entity_0354,test
pair_005386,demo,entity_0703,entity_0708,1,entity_0703,entity_0708,entity_0708,entity_0703,train
pair_005387,demo,entity_0604,entity_0855,0,entity_0855,entity_0604,entity_0604,entity_0855,train
pair_005388,query,entity_0363,entity_0364,1,entity_0363,entity_0364,entity_0364,entity_0363,validation
pair_005389,demo,entity_0594,entity_0605,0,entity_0594,entity_0605,entity_0605,entity_0594,train
pair_005390,query,entity_0197,entity_0199,1,entity_0197,entity_0199,entity_0199,entity_0197,test
pair_005391,demo,entity_0473,entity_0478,1,entity_0473,entity_0478,entity_0478,entity_0473,train
pair_005392,query,entity_0143,entity_0230,0,entity_0230,entity_0143,entity_0143,entity_0230,validation
pair_005393,query,entity_0291,entity_0838,0,entity_0838,entity_0291,entity_0291,entity_0838,test
pair_005394,query,entity_0597,entity_0598,1,entity_0597,entity_0598,entity_0598,entity_0597,test
pair_005395,demo,entity_0755,entity_0825,0,entity_0755,entity_0825,entity_0825,entity_0755,train
pair_005396,demo,entity_0687,entity_0690,1,entity_0687,entity_0690,entity_0690,entity_0687,train
pair_005397,query,entity_0225,entity_0227,1,entity_0225,entity_0227,entity_0227,entity_0225,test
pair_005398,demo,entity_0245,entity_0250,1,entity_0250,entity_0245,entity_0245,entity_0250,train
pair_005399,demo,entity_0327,entity_0652,0,entity_0652,entity_0327,entity_0327,entity_0652,train
pair_005400,demo,entity_0322,entity_0326,1,entity_0326,entity_0322,entity_0322,entity_0326,train
pair_005401,query,entity_0412,entity_0415,1,entity_0415,entity_0412,entity_0412,entity_0415,validation
pair_005402,demo,entity_0347,entity_0721,0,entity_0721,entity_0347,entity_0347,entity_0721,train
pair_005403,demo,entity_0210,entity_0414,0,entity_0414,entity_0210,entity_0210,entity_0414,train
pair_005404,demo,entity_0039,entity_0579,0,entity_0579,entity_0039,entity_0039,entity_0579,train
pair_005405,demo,entity_0134,entity_0598,0,entity_0134,entity_0598,entity_0598,entity_0134,train
pair_005406,query,entity_0375,entity_0380,1,entity_0375,entity_0380,entity_0380,entity_0375,test
pair_005407,demo,entity_0164,entity_0169,1,entity_0169,entity_0164,entity_0164,entity_0169,train
pair_005408,query,entity_0062,entity_0955,0,entity_0062,entity_0955,entity_0955,entity_0062,test
pair_005409,query,entity_0886,entity_0908,0,entity_0908,entity_0886,entity_0886,entity_0908,test
pair_005410,query,entity_0155,entity_0643,0,entity_0155,entity_0643,entity_0643,entity_0155,test
pair_005411,demo,entity_0216,entity_0615,0,entity_0615,entity_0216,entity_0216,entity_0615,train
pair_005412,demo,entity_0761,entity_0801,0,entity_0761,entity_0801,entity_0801,entity_0761,train
pair_005413,demo,entity_0749,entity_0750,1,entity_0750,entity_0749,entity_0749,entity_0750,train
pair_005414,query,entity_0094,entity_0095,1,entity_0095,entity_0094,entity_0094,entity_0095,test
pair_005415,query,entity_0132,entity_0134,1,entity_0134,entity_0132,entity_0132,entity_0134,test
pair_005416,demo,entity_0368,entity_0717,0,entity_0368,entity_0717,entity_0717,entity_0368,train
pair_005417,query,entity_0868,entity_0989,0,entity_0868,entity_0989,entity_0989,entity_0868,test
pair_005418,demo,entity_0276,entity_0278,1,entity_0278,entity_0276,entity_0276,entity_0278,train
pair_005419,demo,entity_0466,entity_0469,1,entity_0469,entity_0466,entity_0466,entity_0469,train
pair_005420,demo,entity_0291,entity_0296,1,entity_0296,entity_0291,entity_0291,entity_0296,train
pair_005421,query,entity_0936,entity_0940,1,entity_0936,entity_0940,entity_0940,entity_0936,validation
pair_005422,query,entity_0912,entity_0941,0,entity_0941,entity_0912,entity_0912,entity_0941,test
pair_005423,query,entity_0412,entity_0413,1,entity_0413,entity_0412,entity_0412,entity_0413,test
pair_005424,demo,entity_0122,entity_0128,1,entity_0122,entity_0128,entity_0128,entity_0122,train
pair_005425,query,entity_0285,entity_0508,0,entity_0508,entity_0285,entity_0285,entity_0508,test
pair_005426,demo,entity_0581,entity_0583,1,entity_0581,entity_0583,entity_0583,entity_0581,train
pair_005427,query,entity_0062,entity_0065,1,entity_0065,entity_0062,entity_0062,entity_0065,test
pair_005428,query,entity_0080,entity_0490,0,entity_0080,entity_0490,entity_0490,entity_0080,validation
pair_005429,demo,entity_0291,entity_0295,1,entity_0295,entity_0291,entity_0291,entity_0295,train
pair_005430,query,entity_0403,entity_0404,1,entity_0404,entity_0403,entity_0403,entity_0404,test
pair_005431,query,entity_0718,entity_0719,1,entity_0719,entity_0718,entity_0718,entity_0719,test
pair_005432,demo,entity_0021,entity_0023,1,entity_0023,entity_0021,entity_0021,entity_0023,train
pair_005433,query,entity_0887,entity_0888,1,entity_0888,entity_0887,entity_0887,entity_0888,test
pair_005434,demo,entity_0915,entity_0979,0,entity_0979,entity_0915,entity_0915,entity_0979,train
pair_005435,query,entity_0696,entity_0746,0,entity_0696,entity_0746,entity_0746,entity_0696,test
pair_005436,demo,entity_0134,entity_0922,0,entity_0134,entity_0922,entity_0922,entity_0134,train
pair_005437,demo,entity_0094,entity_0666,0,entity_0094,entity_0666,entity_0666,entity_0094,train
pair_005438,query,entity_0002,entity_0143,0,entity_0143,entity_0002,entity_0002,entity_0143,test
pair_005439,demo,entity_0132,entity_0138,1,entity_0132,entity_0138,entity_0138,entity_0132,train
pair_005440,query,entity_0674,entity_0961,0,entity_0674,entity_0961,entity_0961,entity_0674,validation
pair_005441,demo,entity_0829,entity_0887,0,entity_0887,entity_0829,entity_0829,entity_0887,train
pair_005442,demo,entity_0926,entity_0929,1,entity_0926,entity_0929,entity_0929,entity_0926,train
pair_005443,demo,entity_0991,entity_0994,1,entity_0994,entity_0991,entity_0991,entity_0994,train
pair_005444,demo,entity_0786,entity_0938,0,entity_0938,entity_0786,entity_0786,entity_0938,train
pair_005445,query,entity_0626,entity_0630,1,entity_0630,entity_0626,entity_0626,entity_0630,test
pair_005446,query,entity_0557,entity_0558,1,entity_0558,entity_0557,entity_0557,entity_0558,test
pair_005447,query,entity_0662,entity_0964,0,entity_0964,entity_0662,entity_0662,entity_0964,test
pair_005448,demo,entity_0646,entity_0648,1,entity_0648,entity_0646,entity_0646,entity_0648,train
pair_005449,query,entity_0599,entity_0659,0,entity_0599,entity_0659,entity_0659,entity_0599,test
pair_005450,query,entity_0243,entity_0248,1,entity_0243,entity_0248,entity_0248,entity_0243,test
pair_005451,demo,entity_0261,entity_0264,1,entity_0264,entity_0261,entity_0261,entity_0264,train
pair_005452,query,entity_0147,entity_0150,1,entity_0150,entity_0147,entity_0147,entity_0150,test
pair_005453,demo,entity_0343,entity_0350,1,entity_0350,entity_0343,entity_0343,entity_0350,train
pair_005454,query,entity_0077,entity_0914,0,entity_0077,entity_0914,entity_0914,entity_0077,test
pair_005455,demo,entity_0706,entity_0710,1,entity_0706,entity_0710,entity_0710,entity_0706,train
pair_005456,demo,entity_0905,entity_0908,1,entity_0905,entity_0908,entity_0908,entity_0905,train
pair_005457,demo,entity_0060,entity_0660,0,entity_0060,entity_0660,entity_0660,entity_0060,train
pair_005458,query,entity_0048,entity_0449,0,entity_0449,entity_0048,entity_0048,entity_0449,validation
pair_005459,demo,entity_0430,entity_0918,0,entity_0430,entity_0918,entity_0918,entity_0430,train
pair_005460,demo,entity_0643,entity_0644,1,entity_0644,entity_0643,entity_0643,entity_0644,train
pair_005461,demo,entity_0147,entity_0470,0,entity_0470,entity_0147,entity_0147,entity_0470,train
pair_005462,demo,entity_0935,entity_0936,1,entity_0935,entity_0936,entity_0936,entity_0935,train
pair_005463,demo,entity_0051,entity_0053,1,entity_0053,entity_0051,entity_0051,entity_0053,train
pair_005464,demo,entity_0516,entity_0770,0,entity_0516,entity_0770,entity_0770,entity_0516,train
pair_005465,demo,entity_0491,entity_0496,1,entity_0491,entity_0496,entity_0496,entity_0491,train
pair_005466,demo,entity_0116,entity_0963,0,entity_0963,entity_0116,entity_0116,entity_0963,train
pair_005467,demo,entity_0715,entity_0776,0,entity_0776,entity_0715,entity_0715,entity_0776,train
pair_005468,query,entity_0471,entity_0475,1,entity_0471,entity_0475,entity_0475,entity_0471,test
pair_005469,query,entity_0145,entity_0418,0,entity_0145,entity_0418,entity_0418,entity_0145,test
pair_005470,demo,entity_0805,entity_0807,1,entity_0807,entity_0805,entity_0805,entity_0807,train
pair_005471,query,entity_0619,entity_0888,0,entity_0619,entity_0888,entity_0888,entity_0619,test
pair_005472,query,entity_0234,entity_0240,1,entity_0234,entity_0240,entity_0240,entity_0234,test
pair_005473,query,entity_0034,entity_0714,0,entity_0034,entity_0714,entity_0714,entity_0034,test
pair_005474,demo,entity_0092,entity_0095,1,entity_0092,entity_0095,entity_0095,entity_0092,train
pair_005475,query,entity_0063,entity_0395,0,entity_0063,entity_0395,entity_0395,entity_0063,test
pair_005476,demo,entity_0202,entity_0208,1,entity_0208,entity_0202,entity_0202,entity_0208,train
pair_005477,query,entity_0713,entity_0714,1,entity_0713,entity_0714,entity_0714,entity_0713,validation
pair_005478,query,entity_0973,entity_0975,1,entity_0973,entity_0975,entity_0975,entity_0973,test
pair_005479,demo,entity_0035,entity_0976,0,entity_0976,entity_0035,entity_0035,entity_0976,train
pair_005480,query,entity_0323,entity_0324,1,entity_0324,entity_0323,entity_0323,entity_0324,test
pair_005481,query,entity_0387,entity_0389,1,entity_0387,entity_0389,entity_0389,entity_0387,validation
pair_005482,query,entity_0042,entity_0597,0,entity_0042,entity_0597,entity_0597,entity_0042,test
pair_005483,demo,entity_0814,entity_0818,1,entity_0818,entity_0814,entity_0814,entity_0818,train
pair_005484,query,entity_0004,entity_0376,0,entity_0004,entity_0376,entity_0376,entity_0004,test
pair_005485,query,entity_0791,entity_0798,1,entity_0798,entity_0791,entity_0791,entity_0798,validation
pair_005486,query,entity_0484,entity_0849,0,entity_0484,entity_0849,entity_0849,entity_0484,test
pair_005487,demo,entity_0291,entity_0299,1,entity_0299,entity_0291,entity_0291,entity_0299,train
pair_005488,query,entity_0049,entity_0141,0,entity_0049,entity_0141,entity_0141,entity_0049,test
pair_005489,demo,entity_0236,entity_0615,0,entity_0236,entity_0615,entity_0615,entity_0236,train
pair_005490,query,entity_0165,entity_0537,0,entity_0165,entity_0537,entity_0537,entity_0165,validation
pair_005491,query,entity_0834,entity_0836,1,entity_0836,entity_0834,entity_0834,entity_0836,test
pair_005492,demo,entity_0798,entity_0799,1,entity_0798,entity_0799,entity_0799,entity_0798,train
pair_005493,demo,entity_0482,entity_0775,0,entity_0775,entity_0482,entity_0482,entity_0775,train
pair_005494,demo,entity_0312,entity_0317,1,entity_0312,entity_0317,entity_0317,entity_0312,train
pair_005495,demo,entity_0171,entity_0179,1,entity_0179,entity_0171,entity_0171,entity_0179,train
pair_005496,demo,entity_0681,entity_0686,1,entity_0681,entity_0686,entity_0686,entity_0681,train
pair_005497,demo,entity_0214,entity_0215,1,entity_0214,entity_0215,entity_0215,entity_0214,train
pair_005498,demo,entity_0034,entity_0040,1,entity_0040,entity_0034,entity_0034,entity_0040,train
pair_005499,query,entity_0488,entity_0490,1,entity_0490,entity_0488,entity_0488,entity_0490,validation
pair_005500,query,entity_0201,entity_0663,0,entity_0201,entity_0663,entity_0663,entity_0201,validation
pair_005501,query,entity_0479,entity_0647,0,entity_0479,entity_0647,entity_0647,entity_0479,validation
pair_005502,demo,entity_0782,entity_0971,0,entity_0782,entity_0971,entity_0971,entity_0782,train
pair_005503,query,entity_0601,entity_0608,1,entity_0608,entity_0601,entity_0601,entity_0608,test
pair_005504,query,entity_0061,entity_0602,0,entity_0602,entity_0061,entity_0061,entity_0602,test
pair_005505,query,entity_0513,entity_0519,1,entity_0513,entity_0519,entity_0519,entity_0513,test
pair_005506,query,entity_0006,entity_0009,1,entity_0009,entity_0006,entity_0006,entity_0009,validation
pair_005507,query,entity_0295,entity_0613,0,entity_0295,entity_0613,entity_0613,entity_0295,test
pair_005508,query,entity_0982,entity_0990,1,entity_0990,entity_0982,entity_0982,entity_0990,test
pair_005509,query,entity_0479,entity_0730,0,entity_0730,entity_0479,entity_0479,entity_0730,test
pair_005510,demo,entity_0715,entity_0766,0,entity_0715,entity_0766,entity_0766,entity_0715,train
pair_005511,query,entity_0624,entity_0626,1,entity_0626,entity_0624,entity_0624,entity_0626,test
pair_005512,query,entity_0292,entity_0688,0,entity_0688,entity_0292,entity_0292,entity_0688,test
pair_005513,query,entity_0901,entity_0903,1,entity_0901,entity_0903,entity_0903,entity_0901,test
pair_005514,demo,entity_0613,entity_0619,1,entity_0613,entity_0619,entity_0619,entity_0613,train
pair_005515,demo,entity_0519,entity_0668,0,entity_0519,entity_0668,entity_0668,entity_0519,train
pair_005516,demo,entity_0170,entity_0976,0,entity_0170,entity_0976,entity_0976,entity_0170,train
pair_005517,demo,entity_0145,entity_0322,0,entity_0145,entity_0322,entity_0322,entity_0145,train
pair_005518,demo,entity_0664,entity_0670,1,entity_0670,entity_0664,entity_0664,entity_0670,train
pair_005519,demo,entity_0546,entity_0550,1,entity_0546,entity_0550,entity_0550,entity_0546,train
pair_005520,query,entity_0414,entity_0415,1,entity_0414,entity_0415,entity_0415,entity_0414,test
pair_005521,demo,entity_0122,entity_0913,0,entity_0913,entity_0122,entity_0122,entity_0913,train
pair_005522,demo,entity_0733,entity_0738,1,entity_0733,entity_0738,entity_0738,entity_0733,train
pair_005523,query,entity_0024,entity_0180,0,entity_0180,entity_0024,entity_0024,entity_0180,validation
pair_005524,demo,entity_0507,entity_0685,0,entity_0685,entity_0507,entity_0507,entity_0685,train
pair_005525,demo,entity_0416,entity_0645,0,entity_0416,entity_0645,entity_0645,entity_0416,train
pair_005526,demo,entity_0765,entity_0769,1,entity_0765,entity_0769,entity_0769,entity_0765,train
pair_005527,query,entity_0714,entity_0716,1,entity_0714,entity_0716,entity_0716,entity_0714,test
pair_005528,query,entity_0341,entity_0558,0,entity_0341,entity_0558,entity_0558,entity_0341,test
pair_005529,demo,entity_0088,entity_0832,0,entity_0832,entity_0088,entity_0088,entity_0832,train
pair_005530,query,entity_0046,entity_0565,0,entity_0565,entity_0046,entity_0046,entity_0565,test
pair_005531,query,entity_0106,entity_0169,0,entity_0169,entity_0106,entity_0106,entity_0169,test
pair_005532,demo,entity_0464,entity_0897,0,entity_0464,entity_0897,entity_0897,entity_0464,train
pair_005533,query,entity_0403,entity_0884,0,entity_0403,entity_0884,entity_0884,entity_0403,validation
pair_005534,query,entity_0544,entity_0637,0,entity_0637,entity_0544,entity_0544,entity_0637,validation
pair_005535,demo,entity_0522,entity_0995,0,entity_0522,entity_0995,entity_0995,entity_0522,train
pair_005536,demo,entity_0106,entity_0107,1,entity_0107,entity_0106,entity_0106,entity_0107,train
pair_005537,demo,entity_0725,entity_0905,0,entity_0905,entity_0725,entity_0725,entity_0905,train
pair_005538,demo,entity_0234,entity_0754,0,entity_0234,entity_0754,entity_0754,entity_0234,train
pair_005539,query,entity_0532,entity_0534,1,entity_0534,entity_0532,entity_0532,entity_0534,test
pair_005540,demo,entity_0349,entity_0622,0,entity_0622,entity_0349,entity_0349,entity_0622,train
pair_005541,demo,entity_0146,entity_0987,0,entity_0146,entity_0987,entity_0987,entity_0146,train
pair_005542,demo,entity_0587,entity_0590,1,entity_0587,entity_0590,entity_0590,entity_0587,train
pair_005543,query,entity_0798,entity_0883,0,entity_0798,entity_0883,entity_0883,entity_0798,validation
pair_005544,demo,entity_0111,entity_0119,1,entity_0119,entity_0111,entity_0111,entity_0119,train
pair_005545,demo,entity_0172,entity_0173,1,entity_0173,entity_0172,entity_0172,entity_0173,train
pair_005546,demo,entity_0534,entity_0536,1,entity_0534,entity_0536,entity_0536,entity_0534,train
pair_005547,query,entity_0113,entity_0678,0,entity_0678,entity_0113,entity_0113,entity_0678,test
pair_005548,query,entity_0559,entity_0560,1,entity_0560,entity_0559,entity_0559,entity_0560,test
pair_005549,query,entity_0231,entity_0786,0,entity_0786,entity_0231,entity_0231,entity_0786,test
pair_005550,demo,entity_0123,entity_0145,0,entity_0145,entity_0123,entity_0123,entity_0145,train
pair_005551,demo,entity_0140,entity_0846,0,entity_0846,entity_0140,entity_0140,entity_0846,train
pair_005552,demo,entity_0579,entity_0702,0,entity_0579,entity_0702,entity_0702,entity_0579,train
pair_005553,query,entity_0728,entity_0906,0,entity_0728,entity_0906,entity_0906,entity_0728,test
pair_005554,demo,entity_0771,entity_0927,0,entity_0927,entity_0771,entity_0771,entity_0927,train
pair_005555,query,entity_0743,entity_0750,1,entity_0743,entity_0750,entity_0750,entity_0743,test
pair_005556,query,entity_0303,entity_0500,0,entity_0500,entity_0303,entity_0303,entity_0500,test
pair_005557,query,entity_0123,entity_0863,0,entity_0863,entity_0123,entity_0123,entity_0863,validation
pair_005558,query,entity_0291,entity_0298,1,entity_0298,entity_0291,entity_0291,entity_0298,test
pair_005559,query,entity_0421,entity_0424,1,entity_0421,entity_0424,entity_0424,entity_0421,test
pair_005560,demo,entity_0743,entity_0745,1,entity_0743,entity_0745,entity_0745,entity_0743,train
pair_005561,demo,entity_0058,entity_0672,0,entity_0672,entity_0058,entity_0058,entity_0672,train
pair_005562,query,entity_0324,entity_0525,0,entity_0525,entity_0324,entity_0324,entity_0525,validation
pair_005563,demo,entity_0140,entity_0456,0,entity_0456,entity_0140,entity_0140,entity_0456,train
pair_005564,query,entity_0712,entity_0719,1,entity_0712,entity_0719,entity_0719,entity_0712,test
pair_005565,query,entity_0253,entity_0254,1,entity_0253,entity_0254,entity_0254,entity_0253,validation
pair_005566,query,entity_0074,entity_0080,1,entity_0074,entity_0080,entity_0080,entity_0074,validation
pair_005567,query,entity_0872,entity_0873,1,entity_0872,entity_0873,entity_0873,entity_0872,test
pair_005568,demo,entity_0357,entity_0359,1,entity_0357,entity_0359,entity_0359,entity_0357,train
pair_005569,query,entity_0158,entity_0917,0,entity_0917,entity_0158,entity_0158,entity_0917,test
pair_005570,demo,entity_0028,entity_0503,0,entity_0028,entity_0503,entity_0503,entity_0028,train
pair_005571,query,entity_0280,entity_0812,0,entity_0812,entity_0280,entity_0280,entity_0812,test
pair_005572,query,entity_0147,entity_0884,0,entity_0147,entity_0884,entity_0884,entity_0147,test
pair_005573,demo,entity_0143,entity_0144,1,entity_0144,entity_0143,entity_0143,entity_0144,train
pair_005574,query,entity_0653,entity_0658,1,entity_0653,entity_0658,entity_0658,entity_0653,validation
pair_005575,demo,entity_0752,entity_0757,1,entity_0752,entity_0757,entity_0757,entity_0752,train
pair_005576,query,entity_0481,entity_0484,1,entity_0481,entity_0484,entity_0484,entity_0481,validation
pair_005577,demo,entity_0166,entity_0981,0,entity_0981,entity_0166,entity_0166,entity_0981,train
pair_005578,demo,entity_0827,entity_0876,0,entity_0876,entity_0827,entity_0827,entity_0876,train
pair_005579,demo,entity_0317,entity_0551,0,entity_0551,entity_0317,entity_0317,entity_0551,train
pair_005580,demo,entity_0106,entity_0624,0,entity_0624,entity_0106,entity_0106,entity_0624,train
pair_005581,query,entity_0688,entity_0846,0,entity_0846,entity_0688,entity_0688,entity_0846,validation
pair_005582,query,entity_0259,entity_0579,0,entity_0579,entity_0259,entity_0259,entity_0579,test
pair_005583,demo,entity_0523,entity_0562,0,entity_0523,entity_0562,entity_0562,entity_0523,train
pair_005584,query,entity_0551,entity_0553,1,entity_0553,entity_0551,entity_0551,entity_0553,test
pair_005585,query,entity_0394,entity_0828,0,entity_0394,entity_0828,entity_0828,entity_0394,test
pair_005586,query,entity_0008,entity_0894,0,entity_0008,entity_0894,entity_0894,entity_0008,test
pair_005587,query,entity_0564,entity_0989,0,entity_0989,entity_0564,entity_0564,entity_0989,test
pair_005588,query,entity_0002,entity_0536,0,entity_0536,entity_0002,entity_0002,entity_0536,test
pair_005589,query,entity_0110,entity_0692,0,entity_0110,entity_0692,entity_0692,entity_0110,test
pair_005590,demo,entity_0321,entity_0322,1,entity_0321,entity_0322,entity_0322,entity_0321,train
pair_005591,demo,entity_0161,entity_0727,0,entity_0161,entity_0727,entity_0727,entity_0161,train
pair_005592,demo,entity_0874,entity_0875,1,entity_0875,entity_0874,entity_0874,entity_0875,train
pair_005593,query,entity_0233,entity_0744,0,entity_0233,entity_0744,entity_0744,entity_0233,test
pair_005594,demo,entity_0681,entity_0685,1,entity_0685,entity_0681,entity_0681,entity_0685,train
pair_005595,demo,entity_0217,entity_0220,1,entity_0217,entity_0220,entity_0220,entity_0217,train
pair_005596,demo,entity_0967,entity_0968,1,entity_0967,entity_0968,entity_0968,entity_0967,train
pair_005597,query,entity_0083,entity_0088,1,entity_0088,entity_0083,entity_0083,entity_0088,validation
pair_005598,demo,entity_0153,entity_0701,0,entity_0153,entity_0701,entity_0701,entity_0153,train
pair_005599,demo,entity_0237,entity_0241,0,entity_0237,entity_0241,entity_0241,entity_0237,train
pair_005600,demo,entity_0163,entity_0645,0,entity_0645,entity_0163,entity_0163,entity_0645,train
pair_005601,demo,entity_0601,entity_0665,0,entity_0601,entity_0665,entity_0665,entity_0601,train
pair_005602,query,entity_0223,entity_0371,0,entity_0371,entity_0223,entity_0223,entity_0371,validation
pair_005603,query,entity_0793,entity_0889,0,entity_0793,entity_0889,entity_0889,entity_0793,test
pair_005604,query,entity_0564,entity_0783,0,entity_0783,entity_0564,entity_0564,entity_0783,test
pair_005605,demo,entity_0409,entity_0417,0,entity_0417,entity_0409,entity_0409,entity_0417,train
pair_005606,query,entity_0625,entity_0627,1,entity_0625,entity_0627,entity_0627,entity_0625,validation
pair_005607,demo,entity_0266,entity_0269,1,entity_0266,entity_0269,entity_0269,entity_0266,train
pair_005608,demo,entity_0142,entity_0147,1,entity_0142,entity_0147,entity_0147,entity_0142,train
pair_005609,demo,entity_0824,entity_0830,1,entity_0824,entity_0830,entity_0830,entity_0824,train
pair_005610,demo,entity_0523,entity_0526,1,entity_0523,entity_0526,entity_0526,entity_0523,train
pair_005611,demo,entity_0411,entity_0965,0,entity_0411,entity_0965,entity_0965,entity_0411,train
pair_005612,query,entity_0316,entity_0791,0,entity_0791,entity_0316,entity_0316,entity_0791,test
pair_005613,demo,entity_0387,entity_0388,1,entity_0388,entity_0387,entity_0387,entity_0388,train
pair_005614,query,entity_0983,entity_0990,1,entity_0983,entity_0990,entity_0990,entity_0983,test
pair_005615,query,entity_0322,entity_0325,1,entity_0325,entity_0322,entity_0322,entity_0325,validation
pair_005616,demo,entity_0371,entity_0775,0,entity_0371,entity_0775,entity_0775,entity_0371,train
pair_005617,query,entity_0112,entity_0117,1,entity_0117,entity_0112,entity_0112,entity_0117,test
pair_005618,query,entity_0062,entity_0375,0,entity_0375,entity_0062,entity_0062,entity_0375,test
pair_005619,demo,entity_0241,entity_0242,1,entity_0241,entity_0242,entity_0242,entity_0241,train
pair_005620,query,entity_0588,entity_0800,0,entity_0800,entity_0588,entity_0588,entity_0800,test
pair_005621,query,entity_0598,entity_0829,0,entity_0829,entity_0598,entity_0598,entity_0829,test
pair_005622,query,entity_0051,entity_0055,1,entity_0055,entity_0051,entity_0051,entity_0055,test
pair_005623,demo,entity_0415,entity_0419,1,entity_0419,entity_0415,entity_0415,entity_0419,train
pair_005624,query,entity_0206,entity_0555,0,entity_0206,entity_0555,entity_0555,entity_0206,test
pair_005625,demo,entity_0977,entity_0980,1,entity_0980,entity_0977,entity_0977,entity_0980,train
pair_005626,query,entity_0470,entity_0812,0,entity_0812,entity_0470,entity_0470,entity_0812,test
pair_005627,demo,entity_0711,entity_0974,0,entity_0974,entity_0711,entity_0711,entity_0974,train
pair_005628,query,entity_0127,entity_0129,1,entity_0129,entity_0127,entity_0127,entity_0129,test
pair_005629,query,entity_0184,entity_0352,0,entity_0352,entity_0184,entity_0184,entity_0352,test
pair_005630,query,entity_0611,entity_0620,1,entity_0620,entity_0611,entity_0611,entity_0620,test
pair_005631,demo,entity_0041,entity_0050,1,entity_0041,entity_0050,entity_0050,entity_0041,train
pair_005632,demo,entity_0055,entity_0842,0,entity_0055,entity_0842,entity_0842,entity_0055,train
pair_005633,demo,entity_0398,entity_0608,0,entity_0398,entity_0608,entity_0608,entity_0398,train
pair_005634,demo,entity_0792,entity_0797,1,entity_0797,entity_0792,entity_0792,entity_0797,train
pair_005635,query,entity_0597,entity_0600,1,entity_0600,entity_0597,entity_0597,entity_0600,test
pair_005636,demo,entity_0669,entity_0670,1,entity_0669,entity_0670,entity_0670,entity_0669,train
pair_005637,query,entity_0393,entity_0395,1,entity_0395,entity_0393,entity_0393,entity_0395,test
pair_005638,query,entity_0179,entity_0776,0,entity_0179,entity_0776,entity_0776,entity_0179,test
pair_005639,query,entity_0093,entity_0336,0,entity_0093,entity_0336,entity_0336,entity_0093,validation
pair_005640,demo,entity_0812,entity_0815,1,entity_0812,entity_0815,entity_0815,entity_0812,train
pair_005641,query,entity_0554,entity_0558,1,entity_0558,entity_0554,entity_0554,entity_0558,test
pair_005642,demo,entity_0128,entity_0129,1,entity_0128,entity_0129,entity_0129,entity_0128,train
pair_005643,demo,entity_0302,entity_0303,1,entity_0303,entity_0302,entity_0302,entity_0303,train
pair_005644,query,entity_0492,entity_0493,1,entity_0492,entity_0493,entity_0493,entity_0492,test
pair_005645,query,entity_0298,entity_0663,0,entity_0663,entity_0298,entity_0298,entity_0663,test
pair_005646,demo,entity_0629,entity_0733,0,entity_0733,entity_0629,entity_0629,entity_0733,train
pair_005647,query,entity_0654,entity_0657,1,entity_0657,entity_0654,entity_0654,entity_0657,test
pair_005648,query,entity_0784,entity_0789,1,entity_0784,entity_0789,entity_0789,entity_0784,test
pair_005649,demo,entity_0455,entity_0460,1,entity_0460,entity_0455,entity_0455,entity_0460,train
pair_005650,query,entity_0734,entity_0735,1,entity_0734,entity_0735,entity_0735,entity_0734,test
pair_005651,demo,entity_0167,entity_0539,0,entity_0167,entity_0539,entity_0539,entity_0167,train
pair_005652,demo,entity_0171,entity_0892,0,entity_0892,entity_0171,entity_0171,entity_0892,train
pair_005653,query,entity_0306,entity_0309,1,entity_0306,entity_0309,entity_0309,entity_0306,test
pair_005654,demo,entity_0644,entity_0754,0,entity_0754,entity_0644,entity_0644,entity_0754,train
pair_005655,demo,entity_0023,entity_0990,0,entity_0990,entity_0023,entity_0023,entity_0990,train
pair_005656,demo,entity_0287,entity_0356,0,entity_0356,entity_0287,entity_0287,entity_0356,train
pair_005657,demo,entity_0263,entity_0659,0,entity_0263,entity_0659,entity_0659,entity_0263,train
pair_005658,query,entity_0453,entity_0518,0,entity_0453,entity_0518,entity_0518,entity_0453,test
pair_005659,demo,entity_0027,entity_0151,0,entity_0027,entity_0151,entity_0151,entity_0027,train
pair_005660,query,entity_0943,entity_0949,1,entity_0943,entity_0949,entity_0949,entity_0943,test
pair_005661,demo,entity_0871,entity_0951,0,entity_0871,entity_0951,entity_0951,entity_0871,train
pair_005662,query,entity_0193,entity_0995,0,entity_0193,entity_0995,entity_0995,entity_0193,test
pair_005663,query,entity_0384,entity_0390,1,entity_0384,entity_0390,entity_0390,entity_0384,test
pair_005664,demo,entity_0217,entity_0485,0,entity_0217,entity_0485,entity_0485,entity_0217,train
pair_005665,query,entity_0122,entity_0298,0,entity_0298,entity_0122,entity_0122,entity_0298,test
pair_005666,demo,entity_0091,entity_0099,1,entity_0099,entity_0091,entity_0091,entity_0099,train
pair_005667,query,entity_0642,entity_0885,0,entity_0885,entity_0642,entity_0642,entity_0885,test
pair_005668,query,entity_0892,entity_0894,1,entity_0894,entity_0892,entity_0892,entity_0894,test
pair_005669,demo,entity_0120,entity_0846,0,entity_0120,entity_0846,entity_0846,entity_0120,train
pair_005670,query,entity_0931,entity_0938,1,entity_0931,entity_0938,entity_0938,entity_0931,test
pair_005671,query,entity_0291,entity_0502,0,entity_0502,entity_0291,entity_0291,entity_0502,test
pair_005672,query,entity_0407,entity_0480,0,entity_0407,entity_0480,entity_0480,entity_0407,test
pair_005673,query,entity_0696,entity_0958,0,entity_0958,entity_0696,entity_0696,entity_0958,test
pair_005674,demo,entity_0692,entity_0700,1,entity_0700,entity_0692,entity_0692,entity_0700,train
pair_005675,demo,entity_0174,entity_0474,0,entity_0474,entity_0174,entity_0174,entity_0474,train
pair_005676,demo,entity_0189,entity_0190,1,entity_0189,entity_0190,entity_0190,entity_0189,train
pair_005677,demo,entity_0108,entity_0312,0,entity_0312,entity_0108,entity_0108,entity_0312,train
pair_005678,query,entity_0099,entity_0914,0,entity_0914,entity_0099,entity_0099,entity_0914,test
pair_005679,demo,entity_0213,entity_0215,1,entity_0215,entity_0213,entity_0213,entity_0215,train
pair_005680,query,entity_0721,entity_0935,0,entity_0721,entity_0935,entity_0935,entity_0721,validation
pair_005681,query,entity_0252,entity_0273,0,entity_0273,entity_0252,entity_0252,entity_0273,validation
pair_005682,query,entity_0147,entity_0264,0,entity_0264,entity_0147,entity_0147,entity_0264,test
pair_005683,query,entity_0894,entity_0898,1,entity_0894,entity_0898,entity_0898,entity_0894,test
pair_005684,demo,entity_0865,entity_0866,1,entity_0865,entity_0866,entity_0866,entity_0865,train
pair_005685,query,entity_0225,entity_0228,1,entity_0228,entity_0225,entity_0225,entity_0228,test
pair_005686,query,entity_0315,entity_0958,0,entity_0315,entity_0958,entity_0958,entity_0315,test
pair_005687,demo,entity_0431,entity_0433,1,entity_0433,entity_0431,entity_0431,entity_0433,train
pair_005688,demo,entity_0252,entity_0796,0,entity_0796,entity_0252,entity_0252,entity_0796,train
pair_005689,query,entity_0767,entity_0842,0,entity_0842,entity_0767,entity_0767,entity_0842,test
pair_005690,query,entity_0152,entity_0159,1,entity_0152,entity_0159,entity_0159,entity_0152,validation
pair_005691,query,entity_0151,entity_0155,1,entity_0155,entity_0151,entity_0151,entity_0155,test
pair_005692,demo,entity_0401,entity_0404,1,entity_0404,entity_0401,entity_0401,entity_0404,train
pair_005693,query,entity_0217,entity_0218,1,entity_0218,entity_0217,entity_0217,entity_0218,test
pair_005694,query,entity_0393,entity_0903,0,entity_0903,entity_0393,entity_0393,entity_0903,test
pair_005695,demo,entity_0449,entity_0764,0,entity_0449,entity_0764,entity_0764,entity_0449,train
pair_005696,query,entity_0165,entity_0844,0,entity_0844,entity_0165,entity_0165,entity_0844,test
pair_005697,demo,entity_0221,entity_0371,0,entity_0371,entity_0221,entity_0221,entity_0371,train
pair_005698,query,entity_0067,entity_0394,0,entity_0394,entity_0067,entity_0067,entity_0394,test
pair_005699,demo,entity_0307,entity_0981,0,entity_0307,entity_0981,entity_0981,entity_0307,train
pair_005700,query,entity_0367,entity_0432,0,entity_0367,entity_0432,entity_0432,entity_0367,test
pair_005701,query,entity_0982,entity_0988,1,entity_0982,entity_0988,entity_0988,entity_0982,validation
pair_005702,demo,entity_0395,entity_0846,0,entity_0846,entity_0395,entity_0395,entity_0846,train
pair_005703,demo,entity_0706,entity_0830,0,entity_0830,entity_0706,entity_0706,entity_0830,train
pair_005704,demo,entity_0344,entity_0964,0,entity_0344,entity_0964,entity_0964,entity_0344,train
pair_005705,query,entity_0252,entity_0594,0,entity_0594,entity_0252,entity_0252,entity_0594,test
pair_005706,demo,entity_0353,entity_0448,0,entity_0448,entity_0353,entity_0353,entity_0448,train
pair_005707,demo,entity_0226,entity_0940,0,entity_0940,entity_0226,entity_0226,entity_0940,train
pair_005708,demo,entity_0253,entity_0646,0,entity_0253,entity_0646,entity_0646,entity_0253,train
pair_005709,query,entity_0229,entity_0268,0,entity_0229,entity_0268,entity_0268,entity_0229,validation
pair_005710,demo,entity_0032,entity_0040,1,entity_0040,entity_0032,entity_0032,entity_0040,train
pair_005711,demo,entity_0399,entity_0437,0,entity_0437,entity_0399,entity_0399,entity_0437,train
pair_005712,demo,entity_0282,entity_0283,1,entity_0283,entity_0282,entity_0282,entity_0283,train
pair_005713,query,entity_0403,entity_0407,1,entity_0407,entity_0403,entity_0403,entity_0407,test
pair_005714,query,entity_0229,entity_0843,0,entity_0229,entity_0843,entity_0843,entity_0229,test
pair_005715,query,entity_0215,entity_0219,1,entity_0215,entity_0219,entity_0219,entity_0215,test
pair_005716,query,entity_0108,entity_0110,1,entity_0110,entity_0108,entity_0108,entity_0110,test
pair_005717,demo,entity_0351,entity_0352,1,entity_0351,entity_0352,entity_0352,entity_0351,train
pair_005718,demo,entity_0026,entity_0029,1,entity_0026,entity_0029,entity_0029,entity_0026,train
pair_005719,demo,entity_0882,entity_0883,1,entity_0883,entity_0882,entity_0882,entity_0883,train
pair_005720,demo,entity_0321,entity_0326,1,entity_0326,entity_0321,entity_0321,entity_0326,train
pair_005721,query,entity_0464,entity_0882,0,entity_0882,entity_0464,entity_0464,entity_0882,test
pair_005722,query,entity_0395,entity_0397,1,entity_0397,entity_0395,entity_0395,entity_0397,test
pair_005723,demo,entity_0385,entity_0706,0,entity_0385,entity_0706,entity_0706,entity_0385,train
pair_005724,demo,entity_0892,entity_0900,1,entity_0892,entity_0900,entity_0900,entity_0892,train
pair_005725,demo,entity_0942,entity_0992,0,entity_0992,entity_0942,entity_0942,entity_0992,train
pair_005726,query,entity_0292,entity_0707,0,entity_0292,entity_0707,entity_0707,entity_0292,validation
pair_005727,query,entity_0216,entity_0657,0,entity_0657,entity_0216,entity_0216,entity_0657,test
pair_005728,query,entity_0080,entity_0266,0,entity_0080,entity_0266,entity_0266,entity_0080,test
pair_005729,demo,entity_0782,entity_0790,1,entity_0782,entity_0790,entity_0790,entity_0782,train
pair_005730,demo,entity_0871,entity_0880,1,entity_0871,entity_0880,entity_0880,entity_0871,train
pair_005731,query,entity_0163,entity_0337,0,entity_0337,entity_0163,entity_0163,entity_0337,validation
pair_005732,demo,entity_0583,entity_0586,1,entity_0586,entity_0583,entity_0583,entity_0586,train
pair_005733,query,entity_0844,entity_0846,1,entity_0846,entity_0844,entity_0844,entity_0846,validation
pair_005734,query,entity_0683,entity_0706,0,entity_0706,entity_0683,entity_0683,entity_0706,test
pair_005735,demo,entity_0459,entity_0696,0,entity_0696,entity_0459,entity_0459,entity_0696,train
pair_005736,demo,entity_0012,entity_0016,1,entity_0012,entity_0016,entity_0016,entity_0012,train
pair_005737,query,entity_0685,entity_0688,1,entity_0688,entity_0685,entity_0685,entity_0688,validation
pair_005738,query,entity_0372,entity_0973,0,entity_0973,entity_0372,entity_0372,entity_0973,test
pair_005739,demo,entity_0164,entity_0970,0,entity_0164,entity_0970,entity_0970,entity_0164,train
pair_005740,demo,entity_0047,entity_0049,1,entity_0049,entity_0047,entity_0047,entity_0049,train
pair_005741,demo,entity_0369,entity_0450,0,entity_0369,entity_0450,entity_0450,entity_0369,train
pair_005742,demo,entity_0606,entity_0610,1,entity_0610,entity_0606,entity_0606,entity_0610,train
pair_005743,demo,entity_0007,entity_0008,1,entity_0007,entity_0008,entity_0008,entity_0007,train
pair_005744,query,entity_0050,entity_0336,0,entity_0050,entity_0336,entity_0336,entity_0050,test
pair_005745,query,entity_0012,entity_0172,0,entity_0012,entity_0172,entity_0172,entity_0012,test
pair_005746,query,entity_0031,entity_0142,0,entity_0142,entity_0031,entity_0031,entity_0142,test
pair_005747,query,entity_0363,entity_0367,1,entity_0367,entity_0363,entity_0363,entity_0367,test
pair_005748,query,entity_0203,entity_0209,1,entity_0203,entity_0209,entity_0209,entity_0203,test
pair_005749,demo,entity_0771,entity_0779,1,entity_0771,entity_0779,entity_0779,entity_0771,train
pair_005750,demo,entity_0023,entity_0030,1,entity_0030,entity_0023,entity_0023,entity_0030,train
pair_005751,query,entity_0566,entity_0730,0,entity_0730,entity_0566,entity_0566,entity_0730,test
pair_005752,query,entity_0282,entity_0290,1,entity_0290,entity_0282,entity_0282,entity_0290,test
pair_005753,demo,entity_0210,entity_0782,0,entity_0782,entity_0210,entity_0210,entity_0782,train
pair_005754,demo,entity_0161,entity_0167,1,entity_0161,entity_0167,entity_0167,entity_0161,train
pair_005755,demo,entity_0141,entity_0672,0,entity_0141,entity_0672,entity_0672,entity_0141,train
pair_005756,demo,entity_0623,entity_0719,0,entity_0719,entity_0623,entity_0623,entity_0719,train
pair_005757,demo,entity_0467,entity_0468,1,entity_0468,entity_0467,entity_0467,entity_0468,train
pair_005758,demo,entity_0488,entity_0919,0,entity_0488,entity_0919,entity_0919,entity_0488,train
pair_005759,demo,entity_0100,entity_0854,0,entity_0854,entity_0100,entity_0100,entity_0854,train
pair_005760,query,entity_0207,entity_0424,0,entity_0424,entity_0207,entity_0207,entity_0424,test
pair_005761,demo,entity_0275,entity_0279,1,entity_0275,entity_0279,entity_0279,entity_0275,train
pair_005762,query,entity_0783,entity_0817,0,entity_0783,entity_0817,entity_0817,entity_0783,test
pair_005763,query,entity_0168,entity_0757,0,entity_0168,entity_0757,entity_0757,entity_0168,test
pair_005764,query,entity_0276,entity_0491,0,entity_0491,entity_0276,entity_0276,entity_0491,test
pair_005765,query,entity_0841,entity_0849,1,entity_0841,entity_0849,entity_0849,entity_0841,test
pair_005766,demo,entity_0566,entity_0665,0,entity_0566,entity_0665,entity_0665,entity_0566,train
pair_005767,query,entity_0612,entity_0618,1,entity_0618,entity_0612,entity_0612,entity_0618,test
pair_005768,query,entity_0335,entity_0340,1,entity_0335,entity_0340,entity_0340,entity_0335,test
pair_005769,query,entity_0773,entity_0779,1,entity_0773,entity_0779,entity_0779,entity_0773,test
pair_005770,demo,entity_0623,entity_0774,0,entity_0774,entity_0623,entity_0623,entity_0774,train
pair_005771,query,entity_0133,entity_0139,1,entity_0139,entity_0133,entity_0133,entity_0139,test
pair_005772,demo,entity_0101,entity_0104,1,entity_0104,entity_0101,entity_0101,entity_0104,train
pair_005773,query,entity_0070,entity_0902,0,entity_0070,entity_0902,entity_0902,entity_0070,test
pair_005774,query,entity_0254,entity_0258,1,entity_0254,entity_0258,entity_0258,entity_0254,test
pair_005775,query,entity_0414,entity_0548,0,entity_0548,entity_0414,entity_0414,entity_0548,test
pair_005776,demo,entity_0861,entity_0869,1,entity_0869,entity_0861,entity_0861,entity_0869,train
pair_005777,demo,entity_0731,entity_0739,1,entity_0739,entity_0731,entity_0731,entity_0739,train
pair_005778,demo,entity_0705,entity_0710,1,entity_0710,entity_0705,entity_0705,entity_0710,train
pair_005779,query,entity_0494,entity_0496,1,entity_0494,entity_0496,entity_0496,entity_0494,test
pair_005780,query,entity_0443,entity_0449,1,entity_0449,entity_0443,entity_0443,entity_0449,test
pair_005781,demo,entity_0274,entity_0276,1,entity_0274,entity_0276,entity_0276,entity_0274,train
pair_005782,query,entity_0743,entity_0744,1,entity_0744,entity_0743,entity_0743,entity_0744,test
pair_005783,demo,entity_0043,entity_0947,0,entity_0947,entity_0043,entity_0043,entity_0947,train
pair_005784,demo,entity_0753,entity_0755,1,entity_0755,entity_0753,entity_0753,entity_0755,train
pair_005785,query,entity_0058,entity_0888,0,entity_0058,entity_0888,entity_0888,entity_0058,test
pair_005786,query,entity_0595,entity_0671,0,entity_0671,entity_0595,entity_0595,entity_0671,validation
pair_005787,query,entity_0458,entity_0460,1,entity_0460,entity_0458,entity_0458,entity_0460,validation
pair_005788,query,entity_0927,entity_0992,0,entity_0927,entity_0992,entity_0992,entity_0927,test
pair_005789,query,entity_0152,entity_0601,0,entity_0152,entity_0601,entity_0601,entity_0152,validation
pair_005790,query,entity_0137,entity_0140,1,entity_0140,entity_0137,entity_0137,entity_0140,test
pair_005791,query,entity_0381,entity_0386,1,entity_0381,entity_0386,entity_0386,entity_0381,test
pair_005792,query,entity_0085,entity_0863,0,entity_0085,entity_0863,entity_0863,entity_0085,test
pair_005793,demo,entity_0127,entity_0378,0,entity_0127,entity_0378,entity_0378,entity_0127,train
pair_005794,query,entity_0195,entity_0325,0,entity_0325,entity_0195,entity_0195,entity_0325,validation
pair_005795,demo,entity_0281,entity_0773,0,entity_0281,entity_0773,entity_0773,entity_0281,train
pair_005796,demo,entity_0114,entity_0772,0,entity_0772,entity_0114,entity_0114,entity_0772,train
pair_005797,query,entity_0154,entity_0155,1,entity_0155,entity_0154,entity_0154,entity_0155,test
pair_005798,query,entity_0726,entity_0729,1,entity_0729,entity_0726,entity_0726,entity_0729,test
pair_005799,demo,entity_0249,entity_0524,0,entity_0524,entity_0249,entity_0249,entity_0524,train
pair_005800,demo,entity_0305,entity_0308,1,entity_0308,entity_0305,entity_0305,entity_0308,train
pair_005801,query,entity_0258,entity_0819,0,entity_0258,entity_0819,entity_0819,entity_0258,validation
pair_005802,demo,entity_0301,entity_0305,1,entity_0305,entity_0301,entity_0301,entity_0305,train
pair_005803,query,entity_0474,entity_0478,1,entity_0474,entity_0478,entity_0478,entity_0474,test
pair_005804,demo,entity_0571,entity_0580,1,entity_0571,entity_0580,entity_0580,entity_0571,train
pair_005805,demo,entity_0555,entity_0800,0,entity_0555,entity_0800,entity_0800,entity_0555,train
pair_005806,query,entity_0070,entity_0417,0,entity_0417,entity_0070,entity_0070,entity_0417,test
pair_005807,demo,entity_0085,entity_0086,1,entity_0085,entity_0086,entity_0086,entity_0085,train
pair_005808,demo,entity_0300,entity_0444,0,entity_0444,entity_0300,entity_0300,entity_0444,train
pair_005809,demo,entity_0513,entity_0940,0,entity_0940,entity_0513,entity_0513,entity_0940,train
pair_005810,query,entity_0781,entity_0861,0,entity_0781,entity_0861,entity_0861,entity_0781,validation
pair_005811,demo,entity_0801,entity_0808,1,entity_0808,entity_0801,entity_0801,entity_0808,train
pair_005812,demo,entity_0963,entity_0970,1,entity_0970,entity_0963,entity_0963,entity_0970,train
pair_005813,demo,entity_0634,entity_0638,1,entity_0634,entity_0638,entity_0638,entity_0634,train
pair_005814,demo,entity_0602,entity_0604,1,entity_0602,entity_0604,entity_0604,entity_0602,train
pair_005815,query,entity_0136,entity_0920,0,entity_0920,entity_0136,entity_0136,entity_0920,test
pair_005816,demo,entity_0146,entity_0993,0,entity_0993,entity_0146,entity_0146,entity_0993,train
pair_005817,query,entity_0374,entity_0375,1,entity_0375,entity_0374,entity_0374,entity_0375,test
pair_005818,query,entity_0274,entity_0597,0,entity_0274,entity_0597,entity_0597,entity_0274,validation
pair_005819,demo,entity_0475,entity_0478,1,entity_0478,entity_0475,entity_0475,entity_0478,train
pair_005820,query,entity_0357,entity_0370,0,entity_0357,entity_0370,entity_0370,entity_0357,test
pair_005821,demo,entity_0216,entity_0217,1,entity_0217,entity_0216,entity_0216,entity_0217,train
pair_005822,demo,entity_0564,entity_0567,1,entity_0564,entity_0567,entity_0567,entity_0564,train
pair_005823,query,entity_0170,entity_0711,0,entity_0711,entity_0170,entity_0170,entity_0711,test
pair_005824,demo,entity_0964,entity_0965,1,entity_0964,entity_0965,entity_0965,entity_0964,train
pair_005825,query,entity_0442,entity_0977,0,entity_0442,entity_0977,entity_0977,entity_0442,test
pair_005826,demo,entity_0068,entity_0460,0,entity_0460,entity_0068,entity_0068,entity_0460,train
pair_005827,demo,entity_0220,entity_0435,0,entity_0435,entity_0220,entity_0220,entity_0435,train
pair_005828,demo,entity_0059,entity_0156,0,entity_0156,entity_0059,entity_0059,entity_0156,train
pair_005829,demo,entity_0871,entity_0873,1,entity_0871,entity_0873,entity_0873,entity_0871,train
pair_005830,query,entity_0612,entity_0896,0,entity_0896,entity_0612,entity_0612,entity_0896,validation
pair_005831,demo,entity_0223,entity_0451,0,entity_0451,entity_0223,entity_0223,entity_0451,train
pair_005832,query,entity_0981,entity_0984,1,entity_0981,entity_0984,entity_0984,entity_0981,validation
pair_005833,demo,entity_0366,entity_0434,0,entity_0366,entity_0434,entity_0434,entity_0366,train
pair_005834,demo,entity_0845,entity_0878,0,entity_0845,entity_0878,entity_0878,entity_0845,train
pair_005835,query,entity_0007,entity_0897,0,entity_0897,entity_0007,entity_0007,entity_0897,test
pair_005836,query,entity_0330,entity_0636,0,entity_0330,entity_0636,entity_0636,entity_0330,test
pair_005837,query,entity_0143,entity_0431,0,entity_0143,entity_0431,entity_0431,entity_0143,test
pair_005838,demo,entity_0378,entity_0897,0,entity_0378,entity_0897,entity_0897,entity_0378,train
pair_005839,query,entity_0300,entity_0831,0,entity_0831,entity_0300,entity_0300,entity_0831,test
pair_005840,query,entity_0319,entity_0616,0,entity_0319,entity_0616,entity_0616,entity_0319,test
pair_005841,query,entity_0132,entity_0456,0,entity_0132,entity_0456,entity_0456,entity_0132,test
pair_005842,query,entity_0463,entity_0465,1,entity_0465,entity_0463,entity_0463,entity_0465,test
pair_005843,demo,entity_0422,entity_0426,1,entity_0426,entity_0422,entity_0422,entity_0426,train
pair_005844,query,entity_0156,entity_0738,0,entity_0156,entity_0738,entity_0738,entity_0156,test
pair_005845,demo,entity_0076,entity_0488,0,entity_0076,entity_0488,entity_0488,entity_0076,train
pair_005846,demo,entity_0154,entity_0309,0,entity_0154,entity_0309,entity_0309,entity_0154,train
pair_005847,query,entity_0524,entity_0530,1,entity_0524,entity_0530,entity_0530,entity_0524,test
pair_005848,demo,entity_0108,entity_0487,0,entity_0108,entity_0487,entity_0487,entity_0108,train
pair_005849,query,entity_0172,entity_0178,1,entity_0178,entity_0172,entity_0172,entity_0178,test
pair_005850,query,entity_0763,entity_0770,1,entity_0770,entity_0763,entity_0763,entity_0770,test
pair_005851,query,entity_0722,entity_0730,1,entity_0722,entity_0730,entity_0730,entity_0722,test
pair_005852,demo,entity_0886,entity_0890,1,entity_0886,entity_0890,entity_0890,entity_0886,train
pair_005853,query,entity_0092,entity_0255,0,entity_0092,entity_0255,entity_0255,entity_0092,validation
pair_005854,query,entity_0662,entity_0666,1,entity_0662,entity_0666,entity_0666,entity_0662,test
pair_005855,demo,entity_0601,entity_0610,1,entity_0610,entity_0601,entity_0601,entity_0610,train
pair_005856,query,entity_0430,entity_0743,0,entity_0430,entity_0743,entity_0743,entity_0430,validation
pair_005857,query,entity_0506,entity_0508,1,entity_0506,entity_0508,entity_0508,entity_0506,test
pair_005858,demo,entity_0103,entity_0108,1,entity_0103,entity_0108,entity_0108,entity_0103,train
pair_005859,query,entity_0618,entity_0905,0,entity_0905,entity_0618,entity_0618,entity_0905,test
pair_005860,demo,entity_0197,entity_0988,0,entity_0197,entity_0988,entity_0988,entity_0197,train
pair_005861,query,entity_0601,entity_0962,0,entity_0962,entity_0601,entity_0601,entity_0962,test
pair_005862,demo,entity_0155,entity_0158,1,entity_0155,entity_0158,entity_0158,entity_0155,train
pair_005863,query,entity_0293,entity_0296,1,entity_0293,entity_0296,entity_0296,entity_0293,test
pair_005864,demo,entity_0081,entity_0082,1,entity_0081,entity_0082,entity_0082,entity_0081,train
pair_005865,query,entity_0701,entity_0703,1,entity_0703,entity_0701,entity_0701,entity_0703,test
pair_005866,demo,entity_0055,entity_0057,1,entity_0057,entity_0055,entity_0055,entity_0057,train
pair_005867,demo,entity_0689,entity_0966,0,entity_0689,entity_0966,entity_0966,entity_0689,train
pair_005868,query,entity_0350,entity_0990,0,entity_0990,entity_0350,entity_0350,entity_0990,test
pair_005869,query,entity_0129,entity_0963,0,entity_0129,entity_0963,entity_0963,entity_0129,test
pair_005870,demo,entity_0333,entity_0339,1,entity_0339,entity_0333,entity_0333,entity_0339,train
pair_005871,query,entity_0313,entity_0534,0,entity_0313,entity_0534,entity_0534,entity_0313,test
pair_005872,query,entity_0642,entity_0644,1,entity_0644,entity_0642,entity_0642,entity_0644,test
pair_005873,query,entity_0049,entity_0979,0,entity_0979,entity_0049,entity_0049,entity_0979,validation
pair_005874,query,entity_0156,entity_0158,1,entity_0156,entity_0158,entity_0158,entity_0156,test
pair_005875,query,entity_0112,entity_0118,1,entity_0118,entity_0112,entity_0112,entity_0118,test
pair_005876,demo,entity_0813,entity_0819,1,entity_0819,entity_0813,entity_0813,entity_0819,train
pair_005877,query,entity_0289,entity_0290,1,entity_0289,entity_0290,entity_0290,entity_0289,validation
pair_005878,demo,entity_0115,entity_0799,0,entity_0115,entity_0799,entity_0799,entity_0115,train
pair_005879,query,entity_0615,entity_0617,1,entity_0617,entity_0615,entity_0615,entity_0617,test
pair_005880,demo,entity_0192,entity_0652,0,entity_0192,entity_0652,entity_0652,entity_0192,train
pair_005881,query,entity_0127,entity_0271,0,entity_0127,entity_0271,entity_0271,entity_0127,test
pair_005882,query,entity_0712,entity_0780,0,entity_0780,entity_0712,entity_0712,entity_0780,test
pair_005883,demo,entity_0157,entity_0160,1,entity_0160,entity_0157,entity_0157,entity_0160,train
pair_005884,query,entity_0913,entity_0916,1,entity_0916,entity_0913,entity_0913,entity_0916,test
pair_005885,query,entity_0245,entity_0249,1,entity_0249,entity_0245,entity_0245,entity_0249,test
pair_005886,demo,entity_0184,entity_0601,0,entity_0184,entity_0601,entity_0601,entity_0184,train
pair_005887,demo,entity_0736,entity_0740,1,entity_0740,entity_0736,entity_0736,entity_0740,train
pair_005888,query,entity_0879,entity_0880,1,entity_0879,entity_0880,entity_0880,entity_0879,test
pair_005889,query,entity_0298,entity_0985,0,entity_0298,entity_0985,entity_0985,entity_0298,test
pair_005890,query,entity_0405,entity_0729,0,entity_0729,entity_0405,entity_0405,entity_0729,test
pair_005891,demo,entity_0240,entity_0706,0,entity_0706,entity_0240,entity_0240,entity_0706,train
pair_005892,query,entity_0993,entity_0995,1,entity_0995,entity_0993,entity_0993,entity_0995,test
pair_005893,demo,entity_0054,entity_0689,0,entity_0689,entity_0054,entity_0054,entity_0689,train
pair_005894,query,entity_0534,entity_0538,1,entity_0534,entity_0538,entity_0538,entity_0534,test
pair_005895,query,entity_0215,entity_0216,1,entity_0215,entity_0216,entity_0216,entity_0215,test
pair_005896,demo,entity_0061,entity_0789,0,entity_0061,entity_0789,entity_0789,entity_0061,train
pair_005897,query,entity_0777,entity_0969,0,entity_0969,entity_0777,entity_0777,entity_0969,validation
pair_005898,demo,entity_0600,entity_0859,0,entity_0859,entity_0600,entity_0600,entity_0859,train
pair_005899,demo,entity_0200,entity_0975,0,entity_0200,entity_0975,entity_0975,entity_0200,train
pair_005900,demo,entity_0806,entity_0917,0,entity_0917,entity_0806,entity_0806,entity_0917,train
pair_005901,query,entity_0621,entity_0625,1,entity_0621,entity_0625,entity_0625,entity_0621,test
pair_005902,demo,entity_0711,entity_0714,1,entity_0711,entity_0714,entity_0714,entity_0711,train
pair_005903,demo,entity_0915,entity_0934,0,entity_0915,entity_0934,entity_0934,entity_0915,train
pair_005904,query,entity_0796,entity_0800,1,entity_0800,entity_0796,entity_0796,entity_0800,test
pair_005905,query,entity_0186,entity_0219,0,entity_0219,entity_0186,entity_0186,entity_0219,validation
pair_005906,demo,entity_0112,entity_0113,1,entity_0112,entity_0113,entity_0113,entity_0112,train
pair_005907,demo,entity_0436,entity_0863,0,entity_0436,entity_0863,entity_0863,entity_0436,train
pair_005908,demo,entity_0271,entity_0279,1,entity_0271,entity_0279,entity_0279,entity_0271,train
pair_005909,demo,entity_0239,entity_0413,0,entity_0413,entity_0239,entity_0239,entity_0413,train
pair_005910,query,entity_0205,entity_0411,0,entity_0411,entity_0205,entity_0205,entity_0411,test
pair_005911,query,entity_0331,entity_0333,1,entity_0333,entity_0331,entity_0331,entity_0333,test
pair_005912,demo,entity_0316,entity_0317,1,entity_0316,entity_0317,entity_0317,entity_0316,train
pair_005913,query,entity_0484,entity_0489,1,entity_0484,entity_0489,entity_0489,entity_0484,test
pair_005914,query,entity_0066,entity_0070,1,entity_0066,entity_0070,entity_0070,entity_0066,test
pair_005915,query,entity_0638,entity_0640,1,entity_0640,entity_0638,entity_0638,entity_0640,test
pair_005916,demo,entity_0431,entity_1000,0,entity_0431,entity_1000,entity_1000,entity_0431,train
pair_005917,query,entity_0053,entity_0121,0,entity_0053,entity_0121,entity_0121,entity_0053,test
pair_005918,query,entity_0234,entity_0821,0,entity_0821,entity_0234,entity_0234,entity_0821,test
pair_005919,demo,entity_0046,entity_0050,1,entity_0046,entity_0050,entity_0050,entity_0046,train
pair_005920,demo,entity_0091,entity_0096,1,entity_0091,entity_0096,entity_0096,entity_0091,train
pair_005921,demo,entity_0204,entity_0983,0,entity_0983,entity_0204,entity_0204,entity_0983,train
pair_005922,query,entity_0503,entity_0504,1,entity_0504,entity_0503,entity_0503,entity_0504,test
pair_005923,query,entity_0843,entity_0955,0,entity_0955,entity_0843,entity_0843,entity_0955,test
pair_005924,query,entity_0017,entity_0166,0,entity_0017,entity_0166,entity_0166,entity_0017,validation
pair_005925,demo,entity_0694,entity_0887,0,entity_0887,entity_0694,entity_0694,entity_0887,train
pair_005926,query,entity_0121,entity_0129,1,entity_0129,entity_0121,entity_0121,entity_0129,test
pair_005927,query,entity_0851,entity_0853,1,entity_0851,entity_0853,entity_0853,entity_0851,test
pair_005928,demo,entity_0723,entity_0918,0,entity_0918,entity_0723,entity_0723,entity_0918,train
pair_005929,query,entity_0725,entity_0727,1,entity_0725,entity_0727,entity_0727,entity_0725,test
pair_005930,demo,entity_0306,entity_0334,0,entity_0334,entity_0306,entity_0306,entity_0334,train
pair_005931,query,entity_0085,entity_0088,1,entity_0085,entity_0088,entity_0088,entity_0085,test
pair_005932,query,entity_0342,entity_0935,0,entity_0935,entity_0342,entity_0342,entity_0935,test
pair_005933,demo,entity_0791,entity_0794,1,entity_0791,entity_0794,entity_0794,entity_0791,train
pair_005934,demo,entity_0997,entity_0999,1,entity_0997,entity_0999,entity_0999,entity_0997,train
pair_005935,query,entity_0306,entity_0685,0,entity_0685,entity_0306,entity_0306,entity_0685,test
pair_005936,query,entity_0140,entity_0909,0,entity_0909,entity_0140,entity_0140,entity_0909,test
pair_005937,demo,entity_0204,entity_0205,1,entity_0204,entity_0205,entity_0205,entity_0204,train
pair_005938,query,entity_0448,entity_0513,0,entity_0448,entity_0513,entity_0513,entity_0448,test
pair_005939,query,entity_0181,entity_0519,0,entity_0519,entity_0181,entity_0181,entity_0519,test
pair_005940,demo,entity_0386,entity_0389,1,entity_0389,entity_0386,entity_0386,entity_0389,train
pair_005941,demo,entity_0301,entity_0309,1,entity_0301,entity_0309,entity_0309,entity_0301,train
pair_005942,demo,entity_0105,entity_0256,0,entity_0256,entity_0105,entity_0105,entity_0256,train
pair_005943,query,entity_0035,entity_0039,1,entity_0035,entity_0039,entity_0039,entity_0035,validation
pair_005944,demo,entity_0215,entity_0821,0,entity_0215,entity_0821,entity_0821,entity_0215,train
pair_005945,demo,entity_0462,entity_0470,1,entity_0462,entity_0470,entity_0470,entity_0462,train
pair_005946,demo,entity_0108,entity_0977,0,entity_0977,entity_0108,entity_0108,entity_0977,train
pair_005947,demo,entity_0208,entity_0585,0,entity_0585,entity_0208,entity_0208,entity_0585,train
pair_005948,demo,entity_0301,entity_0307,1,entity_0301,entity_0307,entity_0307,entity_0301,train
pair_005949,query,entity_0384,entity_0431,0,entity_0431,entity_0384,entity_0384,entity_0431,test
pair_005950,query,entity_0067,entity_0987,0,entity_0067,entity_0987,entity_0987,entity_0067,test
pair_005951,demo,entity_0835,entity_0838,1,entity_0835,entity_0838,entity_0838,entity_0835,train
pair_005952,query,entity_0493,entity_0496,1,entity_0496,entity_0493,entity_0493,entity_0496,test
pair_005953,query,entity_0018,entity_0836,0,entity_0018,entity_0836,entity_0836,entity_0018,test
pair_005954,demo,entity_0423,entity_0426,1,entity_0426,entity_0423,entity_0423,entity_0426,train
pair_005955,demo,entity_0345,entity_0540,0,entity_0540,entity_0345,entity_0345,entity_0540,train
pair_005956,query,entity_0208,entity_0757,0,entity_0208,entity_0757,entity_0757,entity_0208,test
pair_005957,query,entity_0454,entity_0677,0,entity_0454,entity_0677,entity_0677,entity_0454,test
pair_005958,query,entity_0633,entity_0767,0,entity_0767,entity_0633,entity_0633,entity_0767,test
pair_005959,demo,entity_0192,entity_0196,1,entity_0196,entity_0192,entity_0192,entity_0196,train
pair_005960,query,entity_0019,entity_0798,0,entity_0798,entity_0019,entity_0019,entity_0798,test
pair_005961,demo,entity_0079,entity_0874,0,entity_0874,entity_0079,entity_0079,entity_0874,train
pair_005962,demo,entity_0538,entity_0539,1,entity_0539,entity_0538,entity_0538,entity_0539,train
pair_005963,demo,entity_0434,entity_0898,0,entity_0434,entity_0898,entity_0898,entity_0434,train
pair_005964,demo,entity_0633,entity_0638,1,entity_0633,entity_0638,entity_0638,entity_0633,train
pair_005965,query,entity_0202,entity_0677,0,entity_0677,entity_0202,entity_0202,entity_0677,test
pair_005966,query,entity_0244,entity_0249,1,entity_0249,entity_0244,entity_0244,entity_0249,test
pair_005967,query,entity_0291,entity_0292,1,entity_0292,entity_0291,entity_0291,entity_0292,test
pair_005968,query,entity_0854,entity_0894,0,entity_0894,entity_0854,entity_0854,entity_0894,test
pair_005969,demo,entity_0021,entity_0421,0,entity_0021,entity_0421,entity_0421,entity_0021,train
pair_005970,demo,entity_0627,entity_0645,0,entity_0627,entity_0645,entity_0645,entity_0627,train
pair_005971,query,entity_0946,entity_0949,1,entity_0946,entity_0949,entity_0949,entity_0946,test
pair_005972,query,entity_0806,entity_0809,1,entity_0809,entity_0806,entity_0806,entity_0809,test
pair_005973,demo,entity_0571,entity_0572,1,entity_0572,entity_0571,entity_0571,entity_0572,train
pair_005974,query,entity_0206,entity_0207,1,entity_0207,entity_0206,entity_0206,entity_0207,test
pair_005975,demo,entity_0587,entity_0588,1,entity_0588,entity_0587,entity_0587,entity_0588,train
pair_005976,demo,entity_0695,entity_0696,1,entity_0696,entity_0695,entity_0695,entity_0696,train
pair_005977,query,entity_0992,entity_0995,1,entity_0995,entity_0992,entity_0992,entity_0995,validation
pair_005978,query,entity_0481,entity_0994,0,entity_0481,entity_0994,entity_0994,entity_0481,test
pair_005979,query,entity_0427,entity_0560,0,entity_0427,entity_0560,entity_0560,entity_0427,validation
pair_005980,query,entity_0225,entity_0230,1,entity_0230,entity_0225,entity_0225,entity_0230,test
pair_005981,demo,entity_0263,entity_0265,1,entity_0265,entity_0263,entity_0263,entity_0265,train
pair_005982,demo,entity_0883,entity_0885,1,entity_0883,entity_0885,entity_0885,entity_0883,train
pair_005983,query,entity_0323,entity_0328,1,entity_0323,entity_0328,entity_0328,entity_0323,test
pair_005984,demo,entity_0695,entity_0717,0,entity_0695,entity_0717,entity_0717,entity_0695,train
pair_005985,demo,entity_0069,entity_0599,0,entity_0069,entity_0599,entity_0599,entity_0069,train
pair_005986,query,entity_0304,entity_0308,1,entity_0304,entity_0308,entity_0308,entity_0304,validation
pair_005987,demo,entity_0353,entity_0789,0,entity_0789,entity_0353,entity_0353,entity_0789,train
pair_005988,demo,entity_0639,entity_0779,0,entity_0779,entity_0639,entity_0639,entity_0779,train
pair_005989,query,entity_0152,entity_0157,1,entity_0157,entity_0152,entity_0152,entity_0157,test
pair_005990,demo,entity_0474,entity_0475,1,entity_0474,entity_0475,entity_0475,entity_0474,train
pair_005991,demo,entity_0383,entity_0666,0,entity_0666,entity_0383,entity_0383,entity_0666,train
pair_005992,query,entity_0242,entity_0246,1,entity_0242,entity_0246,entity_0246,entity_0242,test
pair_005993,demo,entity_0331,entity_0332,1,entity_0331,entity_0332,entity_0332,entity_0331,train
pair_005994,demo,entity_0425,entity_0721,0,entity_0721,entity_0425,entity_0425,entity_0721,train
pair_005995,demo,entity_0291,entity_0448,0,entity_0291,entity_0448,entity_0448,entity_0291,train
pair_005996,demo,entity_0002,entity_0005,1,entity_0002,entity_0005,entity_0005,entity_0002,train
pair_005997,query,entity_0864,entity_0869,1,entity_0869,entity_0864,entity_0864,entity_0869,test
pair_005998,query,entity_0192,entity_0577,0,entity_0192,entity_0577,entity_0577,entity_0192,test
pair_005999,query,entity_0123,entity_0912,0,entity_0123,entity_0912,entity_0912,entity_0123,validation
pair_006000,demo,entity_0242,entity_0247,1,entity_0242,entity_0247,entity_0247,entity_0242,train
pair_006001,demo,entity_0739,entity_0818,0,entity_0818,entity_0739,entity_0739,entity_0818,train
pair_006002,query,entity_0971,entity_0973,1,entity_0971,entity_0973,entity_0973,entity_0971,test
pair_006003,query,entity_0218,entity_0734,0,entity_0218,entity_0734,entity_0734,entity_0218,test
pair_006004,query,entity_0352,entity_0358,1,entity_0352,entity_0358,entity_0358,entity_0352,test
pair_006005,demo,entity_0120,entity_0340,0,entity_0340,entity_0120,entity_0120,entity_0340,train
pair_006006,query,entity_0445,entity_0447,1,entity_0447,entity_0445,entity_0445,entity_0447,validation
pair_006007,query,entity_0155,entity_0362,0,entity_0155,entity_0362,entity_0362,entity_0155,validation
pair_006008,query,entity_0393,entity_0400,1,entity_0393,entity_0400,entity_0400,entity_0393,test
pair_006009,query,entity_0372,entity_0374,1,entity_0372,entity_0374,entity_0374,entity_0372,test
pair_006010,demo,entity_0283,entity_0285,1,entity_0285,entity_0283,entity_0283,entity_0285,train
pair_006011,demo,entity_0152,entity_0153,1,entity_0153,entity_0152,entity_0152,entity_0153,train
pair_006012,query,entity_0376,entity_0987,0,entity_0987,entity_0376,entity_0376,entity_0987,validation
pair_006013,demo,entity_0533,entity_0538,1,entity_0538,entity_0533,entity_0533,entity_0538,train
pair_006014,demo,entity_0645,entity_0650,1,entity_0650,entity_0645,entity_0645,entity_0650,train
pair_006015,demo,entity_0943,entity_0944,1,entity_0944,entity_0943,entity_0943,entity_0944,train
pair_006016,demo,entity_0023,entity_0025,1,entity_0023,entity_0025,entity_0025,entity_0023,train
pair_006017,query,entity_0784,entity_0877,0,entity_0877,entity_0784,entity_0784,entity_0877,test
pair_006018,demo,entity_0144,entity_0755,0,entity_0144,entity_0755,entity_0755,entity_0144,train
pair_006019,demo,entity_0983,entity_0988,1,entity_0983,entity_0988,entity_0988,entity_0983,train
pair_006020,demo,entity_0457,entity_0460,1,entity_0457,entity_0460,entity_0460,entity_0457,train
pair_006021,query,entity_0511,entity_0513,1,entity_0513,entity_0511,entity_0511,entity_0513,validation
pair_006022,query,entity_0113,entity_0864,0,entity_0113,entity_0864,entity_0864,entity_0113,validation
pair_006023,demo,entity_0522,entity_0530,1,entity_0530,entity_0522,entity_0522,entity_0530,train
pair_006024,demo,entity_0328,entity_0742,0,entity_0328,entity_0742,entity_0742,entity_0328,train
pair_006025,query,entity_0282,entity_0983,0,entity_0282,entity_0983,entity_0983,entity_0282,validation
pair_006026,query,entity_0562,entity_0796,0,entity_0796,entity_0562,entity_0562,entity_0796,test
pair_006027,query,entity_0117,entity_0886,0,entity_0117,entity_0886,entity_0886,entity_0117,test
pair_006028,query,entity_0197,entity_0320,0,entity_0320,entity_0197,entity_0197,entity_0320,test
pair_006029,demo,entity_0244,entity_0250,1,entity_0244,entity_0250,entity_0250,entity_0244,train
pair_006030,demo,entity_0169,entity_0941,0,entity_0169,entity_0941,entity_0941,entity_0169,train
pair_006031,query,entity_0333,entity_0950,0,entity_0950,entity_0333,entity_0333,entity_0950,test
pair_006032,demo,entity_0531,entity_0539,1,entity_0531,entity_0539,entity_0539,entity_0531,train
pair_006033,demo,entity_0046,entity_0704,0,entity_0046,entity_0704,entity_0704,entity_0046,train
pair_006034,query,entity_0785,entity_0787,1,entity_0787,entity_0785,entity_0785,entity_0787,validation
pair_006035,demo,entity_0196,entity_0995,0,entity_0196,entity_0995,entity_0995,entity_0196,train
pair_006036,query,entity_0019,entity_0469,0,entity_0019,entity_0469,entity_0469,entity_0019,test
pair_006037,demo,entity_0563,entity_0569,1,entity_0569,entity_0563,entity_0563,entity_0569,train
pair_006038,demo,entity_0486,entity_0487,1,entity_0487,entity_0486,entity_0486,entity_0487,train
pair_006039,query,entity_0553,entity_0559,1,entity_0559,entity_0553,entity_0553,entity_0559,test
pair_006040,query,entity_0188,entity_0189,1,entity_0189,entity_0188,entity_0188,entity_0189,validation
pair_006041,demo,entity_0544,entity_0549,1,entity_0544,entity_0549,entity_0549,entity_0544,train
pair_006042,query,entity_0181,entity_0376,0,entity_0376,entity_0181,entity_0181,entity_0376,test
pair_006043,query,entity_0096,entity_0613,0,entity_0613,entity_0096,entity_0096,entity_0613,test
pair_006044,query,entity_0658,entity_0659,1,entity_0658,entity_0659,entity_0659,entity_0658,test
pair_006045,query,entity_0658,entity_0766,0,entity_0658,entity_0766,entity_0766,entity_0658,test
pair_006046,query,entity_0651,entity_0926,0,entity_0926,entity_0651,entity_0651,entity_0926,test
pair_006047,query,entity_0031,entity_0033,1,entity_0033,entity_0031,entity_0031,entity_0033,test
pair_006048,query,entity_0233,entity_0236,1,entity_0233,entity_0236,entity_0236,entity_0233,test
pair_006049,demo,entity_0337,entity_0340,1,entity_0337,entity_0340,entity_0340,entity_0337,train
pair_006050,demo,entity_0071,entity_0075,1,entity_0075,entity_0071,entity_0071,entity_0075,train
pair_006051,demo,entity_0169,entity_0993,0,entity_0993,entity_0169,entity_0169,entity_0993,train
pair_006052,demo,entity_0049,entity_0325,0,entity_0049,entity_0325,entity_0325,entity_0049,train
pair_006053,demo,entity_0314,entity_0372,0,entity_0372,entity_0314,entity_0314,entity_0372,train
pair_006054,query,entity_0462,entity_0468,1,entity_0462,entity_0468,entity_0468,entity_0462,test
pair_006055,query,entity_0297,entity_0300,1,entity_0297,entity_0300,entity_0300,entity_0297,test
pair_006056,query,entity_0206,entity_0958,0,entity_0206,entity_0958,entity_0958,entity_0206,validation
pair_006057,demo,entity_0929,entity_0930,1,entity_0929,entity_0930,entity_0930,entity_0929,train
pair_006058,query,entity_0460,entity_0827,0,entity_0827,entity_0460,entity_0460,entity_0827,test
pair_006059,query,entity_0868,entity_0895,0,entity_0868,entity_0895,entity_0895,entity_0868,test
pair_006060,query,entity_0237,entity_0712,0,entity_0712,entity_0237,entity_0237,entity_0712,test
pair_006061,query,entity_0073,entity_0077,1,entity_0077,entity_0073,entity_0073,entity_0077,test
pair_006062,demo,entity_0235,entity_0238,1,entity_0235,entity_0238,entity_0238,entity_0235,train
pair_006063,query,entity_0427,entity_0596,0,entity_0427,entity_0596,entity_0596,entity_0427,test
pair_006064,demo,entity_0373,entity_0378,1,entity_0378,entity_0373,entity_0373,entity_0378,train
pair_006065,demo,entity_0195,entity_0196,1,entity_0195,entity_0196,entity_0196,entity_0195,train
pair_006066,demo,entity_0933,entity_0940,1,entity_0940,entity_0933,entity_0933,entity_0940,train
pair_006067,demo,entity_0711,entity_0715,1,entity_0715,entity_0711,entity_0711,entity_0715,train
pair_006068,query,entity_0381,entity_0724,0,entity_0381,entity_0724,entity_0724,entity_0381,test
pair_006069,demo,entity_0772,entity_0858,0,entity_0858,entity_0772,entity_0772,entity_0858,train
pair_006070,query,entity_0535,entity_0538,1,entity_0538,entity_0535,entity_0535,entity_0538,test
pair_006071,query,entity_0481,entity_0486,1,entity_0481,entity_0486,entity_0486,entity_0481,test
pair_006072,query,entity_0263,entity_0641,0,entity_0641,entity_0263,entity_0263,entity_0641,test
pair_006073,query,entity_0615,entity_0803,0,entity_0615,entity_0803,entity_0803,entity_0615,test
pair_006074,demo,entity_0091,entity_0805,0,entity_0805,entity_0091,entity_0091,entity_0805,train
pair_006075,demo,entity_0151,entity_0444,0,entity_0444,entity_0151,entity_0151,entity_0444,train
pair_006076,demo,entity_0148,entity_0341,0,entity_0341,entity_0148,entity_0148,entity_0341,train
pair_006077,demo,entity_0370,entity_0631,0,entity_0370,entity_0631,entity_0631,entity_0370,train
pair_006078,query,entity_0976,entity_0978,1,entity_0976,entity_0978,entity_0978,entity_0976,test
pair_006079,demo,entity_0656,entity_0657,1,entity_0657,entity_0656,entity_0656,entity_0657,train
pair_006080,query,entity_0791,entity_0792,1,entity_0792,entity_0791,entity_0791,entity_0792,test
pair_006081,demo,entity_0353,entity_0675,0,entity_0675,entity_0353,entity_0353,entity_0675,train
pair_006082,query,entity_0848,entity_0850,1,entity_0848,entity_0850,entity_0850,entity_0848,test
pair_006083,demo,entity_0250,entity_0966,0,entity_0966,entity_0250,entity_0250,entity_0966,train
pair_006084,demo,entity_0856,entity_0880,0,entity_0856,entity_0880,entity_0880,entity_0856,train
pair_006085,query,entity_0355,entity_0359,1,entity_0359,entity_0355,entity_0355,entity_0359,validation
pair_006086,query,entity_0045,entity_0050,1,entity_0045,entity_0050,entity_0050,entity_0045,test
pair_006087,query,entity_0082,entity_0088,1,entity_0088,entity_0082,entity_0082,entity_0088,test
pair_006088,demo,entity_0454,entity_0455,1,entity_0455,entity_0454,entity_0454,entity_0455,train
pair_006089,query,entity_0490,entity_0579,0,entity_0579,entity_0490,entity_0490,entity_0579,test
pair_006090,query,entity_0602,entity_0633,0,entity_0602,entity_0633,entity_0633,entity_0602,validation
pair_006091,query,entity_0450,entity_0745,0,entity_0745,entity_0450,entity_0450,entity_0745,test
pair_006092,query,entity_0075,entity_0839,0,entity_0839,entity_0075,entity_0075,entity_0839,test
pair_006093,demo,entity_0208,entity_0797,0,entity_0797,entity_0208,entity_0208,entity_0797,train
pair_006094,demo,entity_0045,entity_0806,0,entity_0806,entity_0045,entity_0045,entity_0806,train
pair_006095,query,entity_0656,entity_0660,1,entity_0656,entity_0660,entity_0660,entity_0656,test
pair_006096,query,entity_0139,entity_0160,0,entity_0160,entity_0139,entity_0139,entity_0160,test
pair_006097,demo,entity_0633,entity_0640,1,entity_0640,entity_0633,entity_0633,entity_0640,train
pair_006098,query,entity_0495,entity_0563,0,entity_0495,entity_0563,entity_0563,entity_0495,test
pair_006099,demo,entity_0424,entity_0429,1,entity_0429,entity_0424,entity_0424,entity_0429,train
pair_006100,demo,entity_0732,entity_0739,1,entity_0732,entity_0739,entity_0739,entity_0732,train
pair_006101,query,entity_0473,entity_0476,1,entity_0473,entity_0476,entity_0476,entity_0473,test
pair_006102,demo,entity_0021,entity_0029,1,entity_0029,entity_0021,entity_0021,entity_0029,train
pair_006103,demo,entity_0175,entity_0176,1,entity_0176,entity_0175,entity_0175,entity_0176,train
pair_006104,query,entity_0391,entity_0767,0,entity_0391,entity_0767,entity_0767,entity_0391,validation
pair_006105,demo,entity_0131,entity_0138,1,entity_0131,entity_0138,entity_0138,entity_0131,train
pair_006106,query,entity_0452,entity_0459,1,entity_0452,entity_0459,entity_0459,entity_0452,test
pair_006107,query,entity_0437,entity_0534,0,entity_0437,entity_0534,entity_0534,entity_0437,test
pair_006108,demo,entity_0325,entity_0964,0,entity_0964,entity_0325,entity_0325,entity_0964,train
pair_006109,demo,entity_0248,entity_0817,0,entity_0248,entity_0817,entity_0817,entity_0248,train
pair_006110,query,entity_0785,entity_0786,1,entity_0786,entity_0785,entity_0785,entity_0786,validation
pair_006111,demo,entity_0952,entity_0955,1,entity_0952,entity_0955,entity_0955,entity_0952,train
pair_006112,demo,entity_0117,entity_0361,0,entity_0117,entity_0361,entity_0361,entity_0117,train
pair_006113,demo,entity_0519,entity_0830,0,entity_0830,entity_0519,entity_0519,entity_0830,train
pair_006114,query,entity_0166,entity_0891,0,entity_0166,entity_0891,entity_0891,entity_0166,test
pair_006115,query,entity_0438,entity_0513,0,entity_0438,entity_0513,entity_0513,entity_0438,validation
pair_006116,demo,entity_0051,entity_0337,0,entity_0337,entity_0051,entity_0051,entity_0337,train
pair_006117,query,entity_0359,entity_0910,0,entity_0910,entity_0359,entity_0359,entity_0910,test
pair_006118,query,entity_0145,entity_0201,0,entity_0145,entity_0201,entity_0201,entity_0145,test
pair_006119,demo,entity_0671,entity_0678,1,entity_0671,entity_0678,entity_0678,entity_0671,train
pair_006120,query,entity_0891,entity_0893,1,entity_0891,entity_0893,entity_0893,entity_0891,test
pair_006121,demo,entity_0763,entity_0769,1,entity_0769,entity_0763,entity_0763,entity_0769,train
pair_006122,demo,entity_0057,entity_0060,1,entity_0057,entity_0060,entity_0060,entity_0057,train
pair_006123,query,entity_0873,entity_0884,0,entity_0884,entity_0873,entity_0873,entity_0884,test
pair_006124,query,entity_0462,entity_0466,1,entity_0466,entity_0462,entity_0462,entity_0466,test
pair_006125,demo,entity_0302,entity_0304,1,entity_0302,entity_0304,entity_0304,entity_0302,train
pair_006126,demo,entity_0728,entity_0730,1,entity_0728,entity_0730,entity_0730,entity_0728,train
pair_006127,query,entity_0146,entity_0234,0,entity_0146,entity_0234,entity_0234,entity_0146,validation
pair_006128,demo,entity_0333,entity_0336,1,entity_0333,entity_0336,entity_0336,entity_0333,train
pair_006129,demo,entity_0038,entity_0224,0,entity_0224,entity_0038,entity_0038,entity_0224,train
pair_006130,query,entity_0652,entity_0655,1,entity_0655,entity_0652,entity_0652,entity_0655,test
pair_006131,query,entity_0127,entity_0370,0,entity_0370,entity_0127,entity_0127,entity_0370,test
pair_006132,demo,entity_0222,entity_0226,1,entity_0222,entity_0226,entity_0226,entity_0222,train
pair_006133,demo,entity_0041,entity_0043,1,entity_0041,entity_0043,entity_0043,entity_0041,train
pair_006134,demo,entity_0121,entity_0993,0,entity_0993,entity_0121,entity_0121,entity_0993,train
pair_006135,query,entity_0336,entity_0337,1,entity_0336,entity_0337,entity_0337,entity_0336,test
pair_006136,demo,entity_0267,entity_0969,0,entity_0267,entity_0969,entity_0969,entity_0267,train
pair_006137,demo,entity_0219,entity_0861,0,entity_0861,entity_0219,entity_0219,entity_0861,train
pair_006138,demo,entity_0051,entity_0054,1,entity_0054,entity_0051,entity_0051,entity_0054,train
pair_006139,demo,entity_0326,entity_0397,0,entity_0326,entity_0397,entity_0397,entity_0326,train
pair_006140,query,entity_0971,entity_0975,1,entity_0971,entity_0975,entity_0975,entity_0971,test
pair_006141,query,entity_0158,entity_0303,0,entity_0303,entity_0158,entity_0158,entity_0303,validation
pair_006142,demo,entity_0473,entity_0475,1,entity_0473,entity_0475,entity_0475,entity_0473,train
pair_006143,demo,entity_0584,entity_0587,1,entity_0584,entity_0587,entity_0587,entity_0584,train
pair_006144,query,entity_0227,entity_0229,1,entity_0227,entity_0229,entity_0229,entity_0227,test
pair_006145,query,entity_0156,entity_0660,0,entity_0660,entity_0156,entity_0156,entity_0660,test
pair_006146,demo,entity_0944,entity_0950,1,entity_0950,entity_0944,entity_0944,entity_0950,train
pair_006147,demo,entity_0344,entity_0794,0,entity_0794,entity_0344,entity_0344,entity_0794,train
pair_006148,query,entity_0566,entity_0668,0,entity_0668,entity_0566,entity_0566,entity_0668,test
pair_006149,demo,entity_0372,entity_0379,1,entity_0379,entity_0372,entity_0372,entity_0379,train
pair_006150,query,entity_0044,entity_0048,1,entity_0048,entity_0044,entity_0044,entity_0048,test
pair_006151,demo,entity_0972,entity_0980,1,entity_0980,entity_0972,entity_0972,entity_0980,train
pair_006152,demo,entity_0927,entity_0928,1,entity_0927,entity_0928,entity_0928,entity_0927,train
pair_006153,query,entity_0005,entity_0006,1,entity_0005,entity_0006,entity_0006,entity_0005,validation
pair_006154,query,entity_0378,entity_0807,0,entity_0378,entity_0807,entity_0807,entity_0378,test
pair_006155,demo,entity_0519,entity_0520,1,entity_0520,entity_0519,entity_0519,entity_0520,train
pair_006156,demo,entity_0743,entity_0961,0,entity_0961,entity_0743,entity_0743,entity_0961,train
pair_006157,query,entity_0205,entity_0206,1,entity_0206,entity_0205,entity_0205,entity_0206,test
pair_006158,query,entity_0459,entity_0491,0,entity_0459,entity_0491,entity_0491,entity_0459,test
pair_006159,demo,entity_0351,entity_0356,1,entity_0351,entity_0356,entity_0356,entity_0351,train
pair_006160,query,entity_0008,entity_0685,0,entity_0008,entity_0685,entity_0685,entity_0008,test
pair_006161,query,entity_0662,entity_0738,0,entity_0662,entity_0738,entity_0738,entity_0662,test
pair_006162,demo,entity_0164,entity_0826,0,entity_0164,entity_0826,entity_0826,entity_0164,train
pair_006163,query,entity_0070,entity_0673,0,entity_0673,entity_0070,entity_0070,entity_0673,test
pair_006164,demo,entity_0448,entity_0539,0,entity_0448,entity_0539,entity_0539,entity_0448,train
pair_006165,query,entity_0481,entity_0487,1,entity_0481,entity_0487,entity_0487,entity_0481,test
pair_006166,demo,entity_0295,entity_0359,0,entity_0359,entity_0295,entity_0295,entity_0359,train
pair_006167,query,entity_0652,entity_0751,0,entity_0751,entity_0652,entity_0652,entity_0751,test
pair_006168,query,entity_0246,entity_0622,0,entity_0246,entity_0622,entity_0622,entity_0246,test
pair_006169,query,entity_0407,entity_0408,1,entity_0407,entity_0408,entity_0408,entity_0407,test
pair_006170,demo,entity_0113,entity_0320,0,entity_0320,entity_0113,entity_0113,entity_0320,train
pair_006171,demo,entity_0056,entity_0057,1,entity_0057,entity_0056,entity_0056,entity_0057,train
pair_006172,query,entity_0018,entity_0686,0,entity_0018,entity_0686,entity_0686,entity_0018,test
pair_006173,demo,entity_0362,entity_0370,1,entity_0370,entity_0362,entity_0362,entity_0370,train
pair_006174,query,entity_0027,entity_0547,0,entity_0027,entity_0547,entity_0547,entity_0027,test
pair_006175,query,entity_0512,entity_0513,1,entity_0512,entity_0513,entity_0513,entity_0512,test
pair_006176,demo,entity_0964,entity_0966,1,entity_0964,entity_0966,entity_0966,entity_0964,train
pair_006177,demo,entity_0685,entity_0686,1,entity_0686,entity_0685,entity_0685,entity_0686,train
pair_006178,demo,entity_0111,entity_0118,1,entity_0118,entity_0111,entity_0111,entity_0118,train
pair_006179,query,entity_0161,entity_0784,0,entity_0784,entity_0161,entity_0161,entity_0784,test
pair_006180,demo,entity_0618,entity_0996,0,entity_0996,entity_0618,entity_0618,entity_0996,train
pair_006181,demo,entity_0723,entity_0730,1,entity_0730,entity_0723,entity_0723,entity_0730,train
pair_006182,query,entity_0252,entity_0254,1,entity_0252,entity_0254,entity_0254,entity_0252,test
pair_006183,query,entity_0547,entity_0549,1,entity_0549,entity_0547,entity_0547,entity_0549,test
pair_006184,query,entity_0677,entity_0678,1,entity_0678,entity_0677,entity_0677,entity_0678,test
pair_006185,demo,entity_0914,entity_0916,1,entity_0916,entity_0914,entity_0914,entity_0916,train
pair_006186,demo,entity_0252,entity_0255,1,entity_0252,entity_0255,entity_0255,entity_0252,train
pair_006187,demo,entity_0328,entity_0719,0,entity_0719,entity_0328,entity_0328,entity_0719,train
pair_006188,demo,entity_0991,entity_0993,1,entity_0991,entity_0993,entity_0993,entity_0991,train
pair_006189,demo,entity_0201,entity_0425,0,entity_0425,entity_0201,entity_0201,entity_0425,train
pair_006190,demo,entity_0466,entity_0869,0,entity_0466,entity_0869,entity_0869,entity_0466,train
pair_006191,query,entity_0745,entity_0772,0,entity_0745,entity_0772,entity_0772,entity_0745,validation
pair_006192,query,entity_0045,entity_0047,1,entity_0047,entity_0045,entity_0045,entity_0047,validation
pair_006193,query,entity_0340,entity_0845,0,entity_0845,entity_0340,entity_0340,entity_0845,test
pair_006194,query,entity_0452,entity_0474,0,entity_0452,entity_0474,entity_0474,entity_0452,test
pair_006195,query,entity_0139,entity_0898,0,entity_0139,entity_0898,entity_0898,entity_0139,test
pair_006196,demo,entity_0432,entity_0440,1,entity_0440,entity_0432,entity_0432,entity_0440,train
pair_006197,query,entity_0227,entity_0230,1,entity_0230,entity_0227,entity_0227,entity_0230,test
pair_006198,query,entity_0513,entity_0520,1,entity_0520,entity_0513,entity_0513,entity_0520,test
pair_006199,query,entity_0001,entity_0002,1,entity_0002,entity_0001,entity_0001,entity_0002,test
pair_006200,query,entity_0055,entity_0060,1,entity_0055,entity_0060,entity_0060,entity_0055,test
pair_006201,query,entity_0435,entity_0439,1,entity_0435,entity_0439,entity_0439,entity_0435,test
pair_006202,demo,entity_0899,entity_0974,0,entity_0974,entity_0899,entity_0899,entity_0974,train
pair_006203,query,entity_0414,entity_0543,0,entity_0543,entity_0414,entity_0414,entity_0543,test
pair_006204,demo,entity_0722,entity_0725,1,entity_0725,entity_0722,entity_0722,entity_0725,train
pair_006205,demo,entity_0492,entity_0840,0,entity_0492,entity_0840,entity_0840,entity_0492,train
pair_006206,query,entity_0182,entity_0813,0,entity_0182,entity_0813,entity_0813,entity_0182,test
pair_006207,demo,entity_0734,entity_0739,1,entity_0734,entity_0739,entity_0739,entity_0734,train
pair_006208,demo,entity_0043,entity_0048,1,entity_0048,entity_0043,entity_0043,entity_0048,train
pair_006209,demo,entity_0416,entity_0588,0,entity_0588,entity_0416,entity_0416,entity_0588,train
pair_006210,query,entity_0044,entity_0742,0,entity_0742,entity_0044,entity_0044,entity_0742,test
pair_006211,query,entity_0286,entity_0289,1,entity_0286,entity_0289,entity_0289,entity_0286,test
pair_006212,demo,entity_0853,entity_0927,0,entity_0853,entity_0927,entity_0927,entity_0853,train
pair_006213,demo,entity_0266,entity_0393,0,entity_0266,entity_0393,entity_0393,entity_0266,train
pair_006214,demo,entity_0122,entity_0428,0,entity_0122,entity_0428,entity_0428,entity_0122,train
pair_006215,demo,entity_0198,entity_0949,0,entity_0198,entity_0949,entity_0949,entity_0198,train
pair_006216,demo,entity_0585,entity_0588,1,entity_0588,entity_0585,entity_0585,entity_0588,train
pair_006217,demo,entity_0577,entity_0822,0,entity_0577,entity_0822,entity_0822,entity_0577,train
pair_006218,query,entity_0704,entity_0708,1,entity_0708,entity_0704,entity_0704,entity_0708,test
pair_006219,query,entity_0058,entity_0459,0,entity_0058,entity_0459,entity_0459,entity_0058,test
pair_006220,query,entity_0480,entity_0804,0,entity_0480,entity_0804,entity_0804,entity_0480,test
pair_006221,demo,entity_0824,entity_0829,1,entity_0824,entity_0829,entity_0829,entity_0824,train
pair_006222,query,entity_0387,entity_0719,0,entity_0387,entity_0719,entity_0719,entity_0387,test
pair_006223,demo,entity_0796,entity_0799,1,entity_0799,entity_0796,entity_0796,entity_0799,train
pair_006224,demo,entity_0043,entity_0240,0,entity_0240,entity_0043,entity_0043,entity_0240,train
pair_006225,query,entity_0405,entity_0406,1,entity_0406,entity_0405,entity_0405,entity_0406,test
pair_006226,demo,entity_0989,entity_0990,1,entity_0990,entity_0989,entity_0989,entity_0990,train
pair_006227,demo,entity_0129,entity_0130,1,entity_0130,entity_0129,entity_0129,entity_0130,train
pair_006228,query,entity_0611,entity_0684,0,entity_0611,entity_0684,entity_0684,entity_0611,test
pair_006229,query,entity_0643,entity_0647,1,entity_0643,entity_0647,entity_0647,entity_0643,validation
pair_006230,demo,entity_0403,entity_0406,1,entity_0406,entity_0403,entity_0403,entity_0406,train
pair_006231,query,entity_0078,entity_0527,0,entity_0527,entity_0078,entity_0078,entity_0527,test
pair_006232,demo,entity_0319,entity_0742,0,entity_0742,entity_0319,entity_0319,entity_0742,train
pair_006233,query,entity_0387,entity_0390,1,entity_0387,entity_0390,entity_0390,entity_0387,test
pair_006234,demo,entity_0542,entity_0543,1,entity_0543,entity_0542,entity_0542,entity_0543,train
pair_006235,demo,entity_0076,entity_0935,0,entity_0935,entity_0076,entity_0076,entity_0935,train
pair_006236,query,entity_0211,entity_0217,1,entity_0217,entity_0211,entity_0211,entity_0217,test
pair_006237,demo,entity_0694,entity_0697,1,entity_0694,entity_0697,entity_0697,entity_0694,train
pair_006238,query,entity_0244,entity_0247,1,entity_0247,entity_0244,entity_0244,entity_0247,test
pair_006239,query,entity_0849,entity_0964,0,entity_0964,entity_0849,entity_0849,entity_0964,test
pair_006240,demo,entity_0422,entity_0873,0,entity_0873,entity_0422,entity_0422,entity_0873,train
pair_006241,demo,entity_0336,entity_0623,0,entity_0623,entity_0336,entity_0336,entity_0623,train
pair_006242,demo,entity_0536,entity_0651,0,entity_0651,entity_0536,entity_0536,entity_0651,train
pair_006243,demo,entity_0454,entity_0457,1,entity_0454,entity_0457,entity_0457,entity_0454,train
pair_006244,demo,entity_0551,entity_0891,0,entity_0551,entity_0891,entity_0891,entity_0551,train
pair_006245,demo,entity_0295,entity_0298,1,entity_0298,entity_0295,entity_0295,entity_0298,train
pair_006246,query,entity_0673,entity_0677,1,entity_0677,entity_0673,entity_0673,entity_0677,test
pair_006247,query,entity_0605,entity_0908,0,entity_0605,entity_0908,entity_0908,entity_0605,test
pair_006248,demo,entity_0652,entity_0659,1,entity_0652,entity_0659,entity_0659,entity_0652,train
pair_006249,demo,entity_0644,entity_0650,1,entity_0650,entity_0644,entity_0644,entity_0650,train
pair_006250,query,entity_0081,entity_0348,0,entity_0081,entity_0348,entity_0348,entity_0081,test
pair_006251,query,entity_0314,entity_0317,1,entity_0317,entity_0314,entity_0314,entity_0317,test
pair_006252,query,entity_0572,entity_0887,0,entity_0572,entity_0887,entity_0887,entity_0572,test
pair_006253,query,entity_0111,entity_0117,1,entity_0111,entity_0117,entity_0117,entity_0111,test
pair_006254,query,entity_0337,entity_0338,1,entity_0337,entity_0338,entity_0338,entity_0337,test
pair_006255,query,entity_0345,entity_0349,1,entity_0349,entity_0345,entity_0345,entity_0349,test
pair_006256,query,entity_0451,entity_0457,1,entity_0451,entity_0457,entity_0457,entity_0451,test
pair_006257,query,entity_0060,entity_0126,0,entity_0126,entity_0060,entity_0060,entity_0126,test
pair_006258,demo,entity_0814,entity_0820,1,entity_0820,entity_0814,entity_0814,entity_0820,train
pair_006259,demo,entity_0588,entity_0939,0,entity_0588,entity_0939,entity_0939,entity_0588,train
pair_006260,query,entity_0988,entity_0990,1,entity_0988,entity_0990,entity_0990,entity_0988,test
pair_006261,demo,entity_0059,entity_0993,0,entity_0059,entity_0993,entity_0993,entity_0059,train
pair_006262,demo,entity_0407,entity_0410,1,entity_0410,entity_0407,entity_0407,entity_0410,train
pair_006263,demo,entity_0311,entity_0670,0,entity_0311,entity_0670,entity_0670,entity_0311,train
pair_006264,query,entity_0063,entity_0724,0,entity_0724,entity_0063,entity_0063,entity_0724,test
pair_006265,query,entity_0538,entity_0540,1,entity_0540,entity_0538,entity_0538,entity_0540,test
pair_006266,query,entity_0962,entity_0963,1,entity_0963,entity_0962,entity_0962,entity_0963,test
pair_006267,query,entity_0378,entity_0664,0,entity_0664,entity_0378,entity_0378,entity_0664,test
pair_006268,query,entity_0391,entity_0415,0,entity_0391,entity_0415,entity_0415,entity_0391,test
pair_006269,demo,entity_0264,entity_0969,0,entity_0264,entity_0969,entity_0969,entity_0264,train
pair_006270,demo,entity_0790,entity_0922,0,entity_0922,entity_0790,entity_0790,entity_0922,train
pair_006271,query,entity_0652,entity_0660,1,entity_0660,entity_0652,entity_0652,entity_0660,test
pair_006272,demo,entity_0772,entity_0776,1,entity_0776,entity_0772,entity_0772,entity_0776,train
pair_006273,demo,entity_0405,entity_0514,0,entity_0514,entity_0405,entity_0405,entity_0514,train
pair_006274,demo,entity_0962,entity_0965,1,entity_0962,entity_0965,entity_0965,entity_0962,train
pair_006275,demo,entity_0045,entity_0048,1,entity_0048,entity_0045,entity_0045,entity_0048,train
pair_006276,demo,entity_0474,entity_0477,1,entity_0474,entity_0477,entity_0477,entity_0474,train
pair_006277,query,entity_0097,entity_0100,1,entity_0097,entity_0100,entity_0100,entity_0097,validation
pair_006278,demo,entity_0914,entity_0920,1,entity_0920,entity_0914,entity_0914,entity_0920,train
pair_006279,demo,entity_0475,entity_0476,1,entity_0475,entity_0476,entity_0476,entity_0475,train
pair_006280,demo,entity_0354,entity_0359,1,entity_0354,entity_0359,entity_0359,entity_0354,train
pair_006281,demo,entity_0388,entity_0389,1,entity_0388,entity_0389,entity_0389,entity_0388,train
pair_006282,demo,entity_0714,entity_0718,1,entity_0714,entity_0718,entity_0718,entity_0714,train
pair_006283,query,entity_0240,entity_0743,0,entity_0240,entity_0743,entity_0743,entity_0240,validation
pair_006284,query,entity_0095,entity_0962,0,entity_0962,entity_0095,entity_0095,entity_0962,test
pair_006285,demo,entity_0449,entity_0700,0,entity_0700,entity_0449,entity_0449,entity_0700,train
pair_006286,demo,entity_0883,entity_0888,1,entity_0888,entity_0883,entity_0883,entity_0888,train
pair_006287,query,entity_0491,entity_0499,1,entity_0499,entity_0491,entity_0491,entity_0499,validation
pair_006288,query,entity_0834,entity_0835,1,entity_0834,entity_0835,entity_0835,entity_0834,validation
pair_006289,query,entity_0531,entity_0533,1,entity_0533,entity_0531,entity_0531,entity_0533,test
pair_006290,demo,entity_0117,entity_0501,0,entity_0501,entity_0117,entity_0117,entity_0501,train
pair_006291,demo,entity_0676,entity_0979,0,entity_0676,entity_0979,entity_0979,entity_0676,train
pair_006292,demo,entity_0661,entity_0669,1,entity_0661,entity_0669,entity_0669,entity_0661,train
pair_006293,demo,entity_0431,entity_0436,1,entity_0431,entity_0436,entity_0436,entity_0431,train
pair_006294,query,entity_0284,entity_0437,0,entity_0284,entity_0437,entity_0437,entity_0284,test
pair_006295,query,entity_0544,entity_0916,0,entity_0544,entity_0916,entity_0916,entity_0544,test
pair_006296,query,entity_0022,entity_0579,0,entity_0022,entity_0579,entity_0579,entity_0022,test
pair_006297,demo,entity_0405,entity_0453,0,entity_0453,entity_0405,entity_0405,entity_0453,train
pair_006298,query,entity_0753,entity_0757,1,entity_0757,entity_0753,entity_0753,entity_0757,test
pair_006299,query,entity_0502,entity_0598,0,entity_0502,entity_0598,entity_0598,entity_0502,test
pair_006300,demo,entity_0302,entity_0309,1,entity_0309,entity_0302,entity_0302,entity_0309,train
pair_006301,demo,entity_0663,entity_0711,0,entity_0663,entity_0711,entity_0711,entity_0663,train
pair_006302,demo,entity_0262,entity_0471,0,entity_0262,entity_0471,entity_0471,entity_0262,train
pair_006303,query,entity_0237,entity_0393,0,entity_0237,entity_0393,entity_0393,entity_0237,test
pair_006304,demo,entity_0256,entity_0577,0,entity_0577,entity_0256,entity_0256,entity_0577,train
pair_006305,demo,entity_0906,entity_0908,1,entity_0908,entity_0906,entity_0906,entity_0908,train
pair_006306,query,entity_0674,entity_0676,1,entity_0674,entity_0676,entity_0676,entity_0674,test
pair_006307,demo,entity_0725,entity_0728,1,entity_0725,entity_0728,entity_0728,entity_0725,train
pair_006308,demo,entity_0645,entity_0679,0,entity_0679,entity_0645,entity_0645,entity_0679,train
pair_006309,demo,entity_0222,entity_0999,0,entity_0999,entity_0222,entity_0222,entity_0999,train
pair_006310,demo,entity_0015,entity_0671,0,entity_0015,entity_0671,entity_0671,entity_0015,train
pair_006311,query,entity_0104,entity_0416,0,entity_0104,entity_0416,entity_0416,entity_0104,test
pair_006312,query,entity_0615,entity_0619,1,entity_0615,entity_0619,entity_0619,entity_0615,test
pair_006313,query,entity_0951,entity_0959,1,entity_0951,entity_0959,entity_0959,entity_0951,validation
pair_006314,demo,entity_0123,entity_0127,1,entity_0127,entity_0123,entity_0123,entity_0127,train
pair_006315,query,entity_0055,entity_0058,1,entity_0055,entity_0058,entity_0058,entity_0055,test
pair_006316,demo,entity_0914,entity_0918,1,entity_0918,entity_0914,entity_0914,entity_0918,train
pair_006317,demo,entity_0526,entity_0865,0,entity_0865,entity_0526,entity_0526,entity_0865,train
pair_006318,demo,entity_0435,entity_0436,1,entity_0435,entity_0436,entity_0436,entity_0435,train
pair_006319,query,entity_0362,entity_0363,1,entity_0363,entity_0362,entity_0362,entity_0363,test
pair_006320,demo,entity_0972,entity_0978,1,entity_0972,entity_0978,entity_0978,entity_0972,train
pair_006321,demo,entity_0470,entity_0482,0,entity_0470,entity_0482,entity_0482,entity_0470,train
pair_006322,query,entity_0744,entity_0750,1,entity_0744,entity_0750,entity_0750,entity_0744,validation
pair_006323,demo,entity_0537,entity_0622,0,entity_0537,entity_0622,entity_0622,entity_0537,train
pair_006324,query,entity_0781,entity_0787,1,entity_0787,entity_0781,entity_0781,entity_0787,test
pair_006325,demo,entity_0260,entity_0962,0,entity_0260,entity_0962,entity_0962,entity_0260,train
pair_006326,query,entity_0099,entity_0583,0,entity_0099,entity_0583,entity_0583,entity_0099,test
pair_006327,query,entity_0902,entity_0910,1,entity_0910,entity_0902,entity_0902,entity_0910,validation
pair_006328,demo,entity_0203,entity_0913,0,entity_0203,entity_0913,entity_0913,entity_0203,train
pair_006329,query,entity_0347,entity_0349,1,entity_0349,entity_0347,entity_0347,entity_0349,test
pair_006330,query,entity_0112,entity_0114,1,entity_0112,entity_0114,entity_0114,entity_0112,test
pair_006331,query,entity_0236,entity_0239,1,entity_0236,entity_0239,entity_0239,entity_0236,test
pair_006332,demo,entity_0060,entity_0263,0,entity_0263,entity_0060,entity_0060,entity_0263,train
pair_006333,demo,entity_0571,entity_0574,1,entity_0574,entity_0571,entity_0571,entity_0574,train
pair_006334,query,entity_0031,entity_0036,1,entity_0031,entity_0036,entity_0036,entity_0031,validation
pair_006335,query,entity_0005,entity_0260,0,entity_0260,entity_0005,entity_0005,entity_0260,test
pair_006336,demo,entity_0283,entity_0288,1,entity_0288,entity_0283,entity_0283,entity_0288,train
pair_006337,query,entity_0161,entity_0892,0,entity_0161,entity_0892,entity_0892,entity_0161,test
pair_006338,demo,entity_0745,entity_0748,1,entity_0748,entity_0745,entity_0745,entity_0748,train
pair_006339,query,entity_0031,entity_0037,1,entity_0037,entity_0031,entity_0031,entity_0037,test
pair_006340,demo,entity_0333,entity_0591,0,entity_0333,entity_0591,entity_0591,entity_0333,train
pair_006341,query,entity_0115,entity_0813,0,entity_0813,entity_0115,entity_0115,entity_0813,test
pair_006342,demo,entity_0411,entity_0413,1,entity_0411,entity_0413,entity_0413,entity_0411,train
pair_006343,query,entity_0165,entity_0166,1,entity_0166,entity_0165,entity_0165,entity_0166,test
pair_006344,demo,entity_0966,entity_0968,1,entity_0968,entity_0966,entity_0966,entity_0968,train
pair_006345,demo,entity_0846,entity_0993,0,entity_0993,entity_0846,entity_0846,entity_0993,train
pair_006346,query,entity_0818,entity_0943,0,entity_0943,entity_0818,entity_0818,entity_0943,test
pair_006347,demo,entity_0921,entity_0924,1,entity_0924,entity_0921,entity_0921,entity_0924,train
pair_006348,demo,entity_0672,entity_0673,1,entity_0672,entity_0673,entity_0673,entity_0672,train
pair_006349,demo,entity_0134,entity_0460,0,entity_0134,entity_0460,entity_0460,entity_0134,train
pair_006350,query,entity_0583,entity_0799,0,entity_0799,entity_0583,entity_0583,entity_0799,test
pair_006351,demo,entity_0405,entity_0559,0,entity_0405,entity_0559,entity_0559,entity_0405,train
pair_006352,query,entity_0305,entity_0310,1,entity_0310,entity_0305,entity_0305,entity_0310,test
pair_006353,demo,entity_0011,entity_0657,0,entity_0657,entity_0011,entity_0011,entity_0657,train
pair_006354,demo,entity_0376,entity_0445,0,entity_0445,entity_0376,entity_0376,entity_0445,train
pair_006355,query,entity_0285,entity_0810,0,entity_0810,entity_0285,entity_0285,entity_0810,test
pair_006356,demo,entity_0148,entity_0256,0,entity_0148,entity_0256,entity_0256,entity_0148,train
pair_006357,query,entity_0636,entity_0729,0,entity_0636,entity_0729,entity_0729,entity_0636,test
pair_006358,demo,entity_0371,entity_0377,1,entity_0377,entity_0371,entity_0371,entity_0377,train
pair_006359,query,entity_0132,entity_0939,0,entity_0132,entity_0939,entity_0939,entity_0132,test
pair_006360,query,entity_0873,entity_0874,1,entity_0874,entity_0873,entity_0873,entity_0874,test
pair_006361,query,entity_0747,entity_0775,0,entity_0747,entity_0775,entity_0775,entity_0747,test
pair_006362,demo,entity_0424,entity_0759,0,entity_0759,entity_0424,entity_0424,entity_0759,train
pair_006363,demo,entity_0352,entity_0760,0,entity_0352,entity_0760,entity_0760,entity_0352,train
pair_006364,demo,entity_0911,entity_0916,1,entity_0911,entity_0916,entity_0916,entity_0911,train
pair_006365,demo,entity_0336,entity_0964,0,entity_0336,entity_0964,entity_0964,entity_0336,train
pair_006366,demo,entity_0352,entity_0630,0,entity_0352,entity_0630,entity_0630,entity_0352,train
pair_006367,query,entity_0255,entity_0888,0,entity_0255,entity_0888,entity_0888,entity_0255,validation
pair_006368,query,entity_0292,entity_0391,0,entity_0391,entity_0292,entity_0292,entity_0391,test
pair_006369,query,entity_0844,entity_0845,1,entity_0844,entity_0845,entity_0845,entity_0844,test
pair_006370,demo,entity_0144,entity_0147,1,entity_0147,entity_0144,entity_0144,entity_0147,train
pair_006371,query,entity_0009,entity_0156,0,entity_0009,entity_0156,entity_0156,entity_0009,test
pair_006372,query,entity_0155,entity_0950,0,entity_0155,entity_0950,entity_0950,entity_0155,test
pair_006373,query,entity_0395,entity_0398,1,entity_0398,entity_0395,entity_0395,entity_0398,test
pair_006374,query,entity_0334,entity_0409,0,entity_0334,entity_0409,entity_0409,entity_0334,test
pair_006375,demo,entity_0364,entity_0653,0,entity_0364,entity_0653,entity_0653,entity_0364,train
pair_006376,query,entity_0871,entity_0872,1,entity_0872,entity_0871,entity_0871,entity_0872,test
pair_006377,demo,entity_0484,entity_0488,1,entity_0484,entity_0488,entity_0488,entity_0484,train
pair_006378,demo,entity_0476,entity_0478,1,entity_0478,entity_0476,entity_0476,entity_0478,train
pair_006379,demo,entity_0261,entity_0262,1,entity_0261,entity_0262,entity_0262,entity_0261,train
pair_006380,query,entity_0250,entity_0381,0,entity_0381,entity_0250,entity_0250,entity_0381,test
pair_006381,demo,entity_0177,entity_0326,0,entity_0326,entity_0177,entity_0177,entity_0326,train
pair_006382,query,entity_0377,entity_0847,0,entity_0847,entity_0377,entity_0377,entity_0847,test
pair_006383,query,entity_0725,entity_0911,0,entity_0725,entity_0911,entity_0911,entity_0725,test
pair_006384,demo,entity_0270,entity_0312,0,entity_0312,entity_0270,entity_0270,entity_0312,train
pair_006385,query,entity_0791,entity_0796,1,entity_0791,entity_0796,entity_0796,entity_0791,validation
pair_006386,demo,entity_0454,entity_0774,0,entity_0454,entity_0774,entity_0774,entity_0454,train
pair_006387,query,entity_0963,entity_0968,1,entity_0968,entity_0963,entity_0963,entity_0968,test
pair_006388,demo,entity_0506,entity_0650,0,entity_0650,entity_0506,entity_0506,entity_0650,train
pair_006389,demo,entity_0085,entity_0202,0,entity_0202,entity_0085,entity_0085,entity_0202,train
pair_006390,query,entity_0650,entity_0789,0,entity_0650,entity_0789,entity_0789,entity_0650,validation
pair_006391,demo,entity_0029,entity_0303,0,entity_0029,entity_0303,entity_0303,entity_0029,train
pair_006392,demo,entity_0521,entity_0769,0,entity_0521,entity_0769,entity_0769,entity_0521,train
pair_006393,demo,entity_0591,entity_0965,0,entity_0965,entity_0591,entity_0591,entity_0965,train
pair_006394,query,entity_0383,entity_0681,0,entity_0383,entity_0681,entity_0681,entity_0383,test
pair_006395,query,entity_0934,entity_0937,1,entity_0937,entity_0934,entity_0934,entity_0937,test
pair_006396,query,entity_0095,entity_0205,0,entity_0095,entity_0205,entity_0205,entity_0095,test
pair_006397,demo,entity_0343,entity_0344,1,entity_0343,entity_0344,entity_0344,entity_0343,train
pair_006398,query,entity_0314,entity_0318,1,entity_0314,entity_0318,entity_0318,entity_0314,test
pair_006399,query,entity_0590,entity_0719,0,entity_0590,entity_0719,entity_0719,entity_0590,test
pair_006400,query,entity_0353,entity_0358,1,entity_0353,entity_0358,entity_0358,entity_0353,test
pair_006401,demo,entity_0696,entity_0854,0,entity_0854,entity_0696,entity_0696,entity_0854,train
pair_006402,query,entity_0584,entity_0766,0,entity_0766,entity_0584,entity_0584,entity_0766,test
pair_006403,query,entity_0974,entity_0980,1,entity_0980,entity_0974,entity_0974,entity_0980,test
pair_006404,demo,entity_0011,entity_0604,0,entity_0604,entity_0011,entity_0011,entity_0604,train
pair_006405,demo,entity_0819,entity_0820,1,entity_0819,entity_0820,entity_0820,entity_0819,train
pair_006406,demo,entity_0212,entity_0580,0,entity_0212,entity_0580,entity_0580,entity_0212,train
pair_006407,query,entity_0854,entity_0857,1,entity_0854,entity_0857,entity_0857,entity_0854,test
pair_006408,demo,entity_0707,entity_0709,1,entity_0709,entity_0707,entity_0707,entity_0709,train
pair_006409,demo,entity_0137,entity_0913,0,entity_0137,entity_0913,entity_0913,entity_0137,train
pair_006410,demo,entity_0962,entity_0967,1,entity_0967,entity_0962,entity_0962,entity_0967,train
pair_006411,demo,entity_0439,entity_0798,0,entity_0439,entity_0798,entity_0798,entity_0439,train
pair_006412,query,entity_0112,entity_0116,1,entity_0116,entity_0112,entity_0112,entity_0116,test
pair_006413,demo,entity_0761,entity_0763,1,entity_0763,entity_0761,entity_0761,entity_0763,train
pair_006414,demo,entity_0135,entity_0139,1,entity_0135,entity_0139,entity_0139,entity_0135,train
pair_006415,query,entity_0816,entity_0817,1,entity_0817,entity_0816,entity_0816,entity_0817,test
pair_006416,query,entity_0057,entity_0863,0,entity_0863,entity_0057,entity_0057,entity_0863,test
pair_006417,demo,entity_0854,entity_0859,1,entity_0859,entity_0854,entity_0854,entity_0859,train
pair_006418,demo,entity_0745,entity_0749,1,entity_0745,entity_0749,entity_0749,entity_0745,train
pair_006419,demo,entity_0743,entity_0748,1,entity_0743,entity_0748,entity_0748,entity_0743,train
pair_006420,demo,entity_0247,entity_0254,0,entity_0254,entity_0247,entity_0247,entity_0254,train
pair_006421,demo,entity_0422,entity_0424,1,entity_0424,entity_0422,entity_0422,entity_0424,train
pair_006422,demo,entity_0607,entity_0608,1,entity_0608,entity_0607,entity_0607,entity_0608,train
pair_006423,demo,entity_0423,entity_0583,0,entity_0583,entity_0423,entity_0423,entity_0583,train
pair_006424,demo,entity_0296,entity_0297,1,entity_0297,entity_0296,entity_0296,entity_0297,train
pair_006425,demo,entity_0833,entity_0834,1,entity_0834,entity_0833,entity_0833,entity_0834,train
pair_006426,query,entity_0361,entity_0368,1,entity_0368,entity_0361,entity_0361,entity_0368,test
pair_006427,query,entity_0015,entity_0016,1,entity_0016,entity_0015,entity_0015,entity_0016,test
pair_006428,demo,entity_0622,entity_0630,1,entity_0622,entity_0630,entity_0630,entity_0622,train
pair_006429,demo,entity_0075,entity_0654,0,entity_0654,entity_0075,entity_0075,entity_0654,train
pair_006430,demo,entity_0502,entity_0505,1,entity_0505,entity_0502,entity_0502,entity_0505,train
pair_006431,demo,entity_0583,entity_0590,1,entity_0583,entity_0590,entity_0590,entity_0583,train
pair_006432,query,entity_0036,entity_0749,0,entity_0036,entity_0749,entity_0749,entity_0036,test
pair_006433,query,entity_0008,entity_0407,0,entity_0407,entity_0008,entity_0008,entity_0407,test
pair_006434,demo,entity_0402,entity_0403,1,entity_0403,entity_0402,entity_0402,entity_0403,train
pair_006435,query,entity_0274,entity_0280,1,entity_0280,entity_0274,entity_0274,entity_0280,test
pair_006436,demo,entity_0712,entity_0713,1,entity_0712,entity_0713,entity_0713,entity_0712,train
pair_006437,demo,entity_0125,entity_0358,0,entity_0125,entity_0358,entity_0358,entity_0125,train
pair_006438,query,entity_0016,entity_0595,0,entity_0016,entity_0595,entity_0595,entity_0016,test
pair_006439,demo,entity_0915,entity_0919,1,entity_0919,entity_0915,entity_0915,entity_0919,train
pair_006440,query,entity_0611,entity_0612,1,entity_0611,entity_0612,entity_0612,entity_0611,test
pair_006441,query,entity_0785,entity_0788,1,entity_0785,entity_0788,entity_0788,entity_0785,validation
pair_006442,query,entity_0211,entity_0213,1,entity_0211,entity_0213,entity_0213,entity_0211,test
pair_006443,demo,entity_0261,entity_0889,0,entity_0889,entity_0261,entity_0261,entity_0889,train
pair_006444,query,entity_0462,entity_0760,0,entity_0462,entity_0760,entity_0760,entity_0462,validation
pair_006445,query,entity_0366,entity_0370,1,entity_0370,entity_0366,entity_0366,entity_0370,test
pair_006446,demo,entity_0382,entity_0383,1,entity_0383,entity_0382,entity_0382,entity_0383,train
pair_006447,query,entity_0591,entity_0593,1,entity_0593,entity_0591,entity_0591,entity_0593,test
pair_006448,demo,entity_0857,entity_0858,1,entity_0857,entity_0858,entity_0858,entity_0857,train
pair_006449,demo,entity_0220,entity_0278,0,entity_0278,entity_0220,entity_0220,entity_0278,train
pair_006450,query,entity_0264,entity_0553,0,entity_0264,entity_0553,entity_0553,entity_0264,test
pair_006451,query,entity_0279,entity_0280,1,entity_0279,entity_0280,entity_0280,entity_0279,test
pair_006452,demo,entity_0030,entity_0124,0,entity_0124,entity_0030,entity_0030,entity_0124,train
pair_006453,query,entity_0321,entity_0674,0,entity_0321,entity_0674,entity_0674,entity_0321,test
pair_006454,query,entity_0732,entity_0799,0,entity_0732,entity_0799,entity_0799,entity_0732,test
pair_006455,demo,entity_0468,entity_0822,0,entity_0822,entity_0468,entity_0468,entity_0822,train
pair_006456,query,entity_0035,entity_0790,0,entity_0035,entity_0790,entity_0790,entity_0035,test
pair_006457,query,entity_0822,entity_0896,0,entity_0896,entity_0822,entity_0822,entity_0896,test
pair_006458,query,entity_0499,entity_0691,0,entity_0499,entity_0691,entity_0691,entity_0499,test
pair_006459,demo,entity_0384,entity_0404,0,entity_0384,entity_0404,entity_0404,entity_0384,train
pair_006460,demo,entity_0495,entity_0531,0,entity_0495,entity_0531,entity_0531,entity_0495,train
pair_006461,demo,entity_0873,entity_0877,1,entity_0873,entity_0877,entity_0877,entity_0873,train
pair_006462,demo,entity_0392,entity_0393,1,entity_0393,entity_0392,entity_0392,entity_0393,train
pair_006463,query,entity_0353,entity_0502,0,entity_0502,entity_0353,entity_0353,entity_0502,validation
pair_006464,demo,entity_0901,entity_0906,1,entity_0901,entity_0906,entity_0906,entity_0901,train
pair_006465,query,entity_0307,entity_0310,1,entity_0307,entity_0310,entity_0310,entity_0307,test
pair_006466,query,entity_0575,entity_0644,0,entity_0575,entity_0644,entity_0644,entity_0575,validation
pair_006467,query,entity_0223,entity_0536,0,entity_0223,entity_0536,entity_0536,entity_0223,test
pair_006468,query,entity_0655,entity_0656,1,entity_0656,entity_0655,entity_0655,entity_0656,test
pair_006469,demo,entity_0575,entity_0576,1,entity_0575,entity_0576,entity_0576,entity_0575,train
pair_006470,demo,entity_0327,entity_0564,0,entity_0564,entity_0327,entity_0327,entity_0564,train
pair_006471,demo,entity_0651,entity_0656,1,entity_0656,entity_0651,entity_0651,entity_0656,train
pair_006472,demo,entity_0096,entity_0098,1,entity_0098,entity_0096,entity_0096,entity_0098,train
pair_006473,query,entity_0485,entity_0845,0,entity_0485,entity_0845,entity_0845,entity_0485,test
pair_006474,query,entity_0702,entity_0704,1,entity_0702,entity_0704,entity_0704,entity_0702,test
pair_006475,demo,entity_0024,entity_0333,0,entity_0333,entity_0024,entity_0024,entity_0333,train
pair_006476,demo,entity_0312,entity_0503,0,entity_0312,entity_0503,entity_0503,entity_0312,train
pair_006477,demo,entity_0609,entity_0664,0,entity_0664,entity_0609,entity_0609,entity_0664,train
pair_006478,demo,entity_0173,entity_0179,1,entity_0179,entity_0173,entity_0173,entity_0179,train
pair_006479,demo,entity_0325,entity_0330,1,entity_0330,entity_0325,entity_0325,entity_0330,train
pair_006480,query,entity_0935,entity_0938,1,entity_0938,entity_0935,entity_0935,entity_0938,test
pair_006481,demo,entity_0001,entity_0490,0,entity_0001,entity_0490,entity_0490,entity_0001,train
pair_006482,query,entity_0485,entity_0489,1,entity_0489,entity_0485,entity_0485,entity_0489,test
pair_006483,query,entity_0762,entity_0764,1,entity_0762,entity_0764,entity_0764,entity_0762,test
pair_006484,query,entity_0240,entity_0851,0,entity_0851,entity_0240,entity_0240,entity_0851,test
pair_006485,query,entity_0941,entity_0945,1,entity_0945,entity_0941,entity_0941,entity_0945,test
pair_006486,query,entity_0741,entity_0742,1,entity_0742,entity_0741,entity_0741,entity_0742,validation
pair_006487,demo,entity_0260,entity_0283,0,entity_0283,entity_0260,entity_0260,entity_0283,train
pair_006488,query,entity_0463,entity_0466,1,entity_0463,entity_0466,entity_0466,entity_0463,test
pair_006489,demo,entity_0102,entity_0919,0,entity_0102,entity_0919,entity_0919,entity_0102,train
pair_006490,query,entity_0029,entity_0384,0,entity_0029,entity_0384,entity_0384,entity_0029,test
pair_006491,query,entity_0447,entity_0826,0,entity_0826,entity_0447,entity_0447,entity_0826,test
pair_006492,demo,entity_0323,entity_0687,0,entity_0687,entity_0323,entity_0323,entity_0687,train
pair_006493,demo,entity_0127,entity_0864,0,entity_0864,entity_0127,entity_0127,entity_0864,train
pair_006494,query,entity_0743,entity_0784,0,entity_0784,entity_0743,entity_0743,entity_0784,test
pair_006495,demo,entity_0461,entity_0463,1,entity_0463,entity_0461,entity_0461,entity_0463,train
pair_006496,demo,entity_0445,entity_0446,1,entity_0445,entity_0446,entity_0446,entity_0445,train
pair_006497,demo,entity_0134,entity_0649,0,entity_0649,entity_0134,entity_0134,entity_0649,train
pair_006498,query,entity_0072,entity_0075,1,entity_0072,entity_0075,entity_0075,entity_0072,test
pair_006499,demo,entity_0641,entity_0649,1,entity_0649,entity_0641,entity_0641,entity_0649,train
pair_006500,demo,entity_0504,entity_0510,1,entity_0504,entity_0510,entity_0510,entity_0504,train
pair_006501,demo,entity_0136,entity_0139,1,entity_0139,entity_0136,entity_0136,entity_0139,train
pair_006502,demo,entity_0034,entity_0833,0,entity_0034,entity_0833,entity_0833,entity_0034,train
pair_006503,demo,entity_0275,entity_0278,1,entity_0278,entity_0275,entity_0275,entity_0278,train
pair_006504,query,entity_0302,entity_0999,0,entity_0302,entity_0999,entity_0999,entity_0302,test
pair_006505,demo,entity_0342,entity_0346,1,entity_0346,entity_0342,entity_0342,entity_0346,train
pair_006506,query,entity_0961,entity_0963,1,entity_0961,entity_0963,entity_0963,entity_0961,test
pair_006507,query,entity_0047,entity_0517,0,entity_0517,entity_0047,entity_0047,entity_0517,validation
pair_006508,query,entity_0912,entity_0914,1,entity_0912,entity_0914,entity_0914,entity_0912,test
pair_006509,demo,entity_0703,entity_0707,1,entity_0707,entity_0703,entity_0703,entity_0707,train
pair_006510,query,entity_0393,entity_0394,1,entity_0394,entity_0393,entity_0393,entity_0394,test
pair_006511,query,entity_0021,entity_0022,1,entity_0022,entity_0021,entity_0021,entity_0022,test
pair_006512,query,entity_0577,entity_0837,0,entity_0577,entity_0837,entity_0837,entity_0577,test
pair_006513,demo,entity_0663,entity_0666,1,entity_0666,entity_0663,entity_0663,entity_0666,train
pair_006514,query,entity_0874,entity_0878,1,entity_0874,entity_0878,entity_0878,entity_0874,test
pair_006515,demo,entity_0511,entity_0520,1,entity_0520,entity_0511,entity_0511,entity_0520,train
pair_006516,demo,entity_0607,entity_0610,1,entity_0607,entity_0610,entity_0610,entity_0607,train
pair_006517,query,entity_0697,entity_0906,0,entity_0697,entity_0906,entity_0906,entity_0697,test
pair_006518,query,entity_0338,entity_0340,1,entity_0340,entity_0338,entity_0338,entity_0340,test
pair_006519,demo,entity_0344,entity_0397,0,entity_0397,entity_0344,entity_0344,entity_0397,train
pair_006520,demo,entity_0079,entity_0685,0,entity_0685,entity_0079,entity_0079,entity_0685,train
pair_006521,query,entity_0154,entity_0759,0,entity_0759,entity_0154,entity_0154,entity_0759,test
pair_006522,demo,entity_0271,entity_0277,1,entity_0271,entity_0277,entity_0277,entity_0271,train
pair_006523,demo,entity_0438,entity_0699,0,entity_0438,entity_0699,entity_0699,entity_0438,train
pair_006524,query,entity_0961,entity_0969,1,entity_0961,entity_0969,entity_0969,entity_0961,test
pair_006525,demo,entity_0707,entity_0710,1,entity_0707,entity_0710,entity_0710,entity_0707,train
pair_006526,demo,entity_0019,entity_0448,0,entity_0019,entity_0448,entity_0448,entity_0019,train
pair_006527,demo,entity_0270,entity_0454,0,entity_0454,entity_0270,entity_0270,entity_0454,train
pair_006528,demo,entity_0309,entity_0706,0,entity_0706,entity_0309,entity_0309,entity_0706,train
pair_006529,query,entity_0161,entity_0336,0,entity_0336,entity_0161,entity_0161,entity_0336,test
pair_006530,demo,entity_0501,entity_0505,1,entity_0505,entity_0501,entity_0501,entity_0505,train
pair_006531,query,entity_0511,entity_0512,1,entity_0511,entity_0512,entity_0512,entity_0511,validation
pair_006532,query,entity_0414,entity_0420,1,entity_0414,entity_0420,entity_0420,entity_0414,validation
pair_006533,demo,entity_0036,entity_0085,0,entity_0036,entity_0085,entity_0085,entity_0036,train
pair_006534,query,entity_0425,entity_0810,0,entity_0810,entity_0425,entity_0425,entity_0810,test
pair_006535,query,entity_0320,entity_0639,0,entity_0639,entity_0320,entity_0320,entity_0639,test
pair_006536,query,entity_0084,entity_0090,1,entity_0084,entity_0090,entity_0090,entity_0084,validation
pair_006537,demo,entity_0067,entity_0313,0,entity_0067,entity_0313,entity_0313,entity_0067,train
pair_006538,query,entity_0353,entity_0434,0,entity_0353,entity_0434,entity_0434,entity_0353,test
pair_006539,demo,entity_0121,entity_0127,1,entity_0121,entity_0127,entity_0127,entity_0121,train
pair_006540,query,entity_0075,entity_0077,1,entity_0077,entity_0075,entity_0075,entity_0077,test
pair_006541,demo,entity_0485,entity_0932,0,entity_0485,entity_0932,entity_0932,entity_0485,train
pair_006542,query,entity_0997,entity_0998,1,entity_0998,entity_0997,entity_0997,entity_0998,test
pair_006543,demo,entity_0263,entity_0953,0,entity_0953,entity_0263,entity_0263,entity_0953,train
pair_006544,demo,entity_0417,entity_0420,1,entity_0417,entity_0420,entity_0420,entity_0417,train
pair_006545,demo,entity_0908,entity_0910,1,entity_0908,entity_0910,entity_0910,entity_0908,train
pair_006546,demo,entity_0156,entity_0886,0,entity_0156,entity_0886,entity_0886,entity_0156,train
pair_006547,query,entity_0331,entity_0338,1,entity_0331,entity_0338,entity_0338,entity_0331,test
pair_006548,demo,entity_0134,entity_0693,0,entity_0134,entity_0693,entity_0693,entity_0134,train
pair_006549,query,entity_0130,entity_0248,0,entity_0248,entity_0130,entity_0130,entity_0248,test
pair_006550,query,entity_0224,entity_0228,1,entity_0228,entity_0224,entity_0224,entity_0228,validation
pair_006551,demo,entity_0865,entity_0869,1,entity_0865,entity_0869,entity_0869,entity_0865,train
pair_006552,query,entity_0449,entity_0544,0,entity_0544,entity_0449,entity_0449,entity_0544,validation
pair_006553,query,entity_0081,entity_0584,0,entity_0584,entity_0081,entity_0081,entity_0584,validation
pair_006554,query,entity_0537,entity_0858,0,entity_0858,entity_0537,entity_0537,entity_0858,validation
pair_006555,query,entity_0666,entity_0670,1,entity_0666,entity_0670,entity_0670,entity_0666,test
pair_006556,demo,entity_0882,entity_0885,1,entity_0882,entity_0885,entity_0885,entity_0882,train
pair_006557,demo,entity_0460,entity_0913,0,entity_0913,entity_0460,entity_0460,entity_0913,train
pair_006558,query,entity_0367,entity_0369,1,entity_0369,entity_0367,entity_0367,entity_0369,test
pair_006559,demo,entity_0198,entity_0409,0,entity_0198,entity_0409,entity_0409,entity_0198,train
pair_006560,query,entity_0953,entity_0957,1,entity_0957,entity_0953,entity_0953,entity_0957,test
pair_006561,demo,entity_0572,entity_0579,1,entity_0572,entity_0579,entity_0579,entity_0572,train
pair_006562,demo,entity_0651,entity_0660,1,entity_0660,entity_0651,entity_0651,entity_0660,train
pair_006563,demo,entity_0332,entity_0340,1,entity_0340,entity_0332,entity_0332,entity_0340,train
pair_006564,demo,entity_0181,entity_0188,1,entity_0181,entity_0188,entity_0188,entity_0181,train
pair_006565,query,entity_0545,entity_0801,0,entity_0545,entity_0801,entity_0801,entity_0545,test
pair_006566,demo,entity_0963,entity_0964,1,entity_0964,entity_0963,entity_0963,entity_0964,train
pair_006567,query,entity_0254,entity_0260,1,entity_0254,entity_0260,entity_0260,entity_0254,validation
pair_006568,demo,entity_0623,entity_0630,1,entity_0623,entity_0630,entity_0630,entity_0623,train
pair_006569,demo,entity_0021,entity_0452,0,entity_0452,entity_0021,entity_0021,entity_0452,train
pair_006570,demo,entity_0265,entity_0438,0,entity_0438,entity_0265,entity_0265,entity_0438,train
pair_006571,query,entity_0219,entity_0406,0,entity_0219,entity_0406,entity_0406,entity_0219,validation
pair_006572,demo,entity_0594,entity_0599,1,entity_0599,entity_0594,entity_0594,entity_0599,train
pair_006573,demo,entity_0663,entity_0668,1,entity_0663,entity_0668,entity_0668,entity_0663,train
pair_006574,query,entity_0824,entity_0826,1,entity_0826,entity_0824,entity_0824,entity_0826,test
pair_006575,query,entity_0191,entity_0192,1,entity_0192,entity_0191,entity_0191,entity_0192,test
pair_006576,query,entity_0106,entity_0109,1,entity_0109,entity_0106,entity_0106,entity_0109,validation
pair_006577,query,entity_0467,entity_0574,0,entity_0574,entity_0467,entity_0467,entity_0574,test
pair_006578,demo,entity_0987,entity_0989,1,entity_0987,entity_0989,entity_0989,entity_0987,train
pair_006579,demo,entity_0142,entity_0490,0,entity_0142,entity_0490,entity_0490,entity_0142,train
pair_006580,demo,entity_0206,entity_0284,0,entity_0206,entity_0284,entity_0284,entity_0206,train
pair_006581,demo,entity_0382,entity_0434,0,entity_0382,entity_0434,entity_0434,entity_0382,train
pair_006582,query,entity_0068,entity_0593,0,entity_0068,entity_0593,entity_0593,entity_0068,test
pair_006583,demo,entity_0301,entity_0308,1,entity_0301,entity_0308,entity_0308,entity_0301,train
pair_006584,query,entity_0482,entity_0488,1,entity_0482,entity_0488,entity_0488,entity_0482,test
pair_006585,query,entity_0219,entity_0647,0,entity_0219,entity_0647,entity_0647,entity_0219,test
pair_006586,query,entity_0432,entity_0439,1,entity_0432,entity_0439,entity_0439,entity_0432,validation
pair_006587,query,entity_0686,entity_0690,1,entity_0690,entity_0686,entity_0686,entity_0690,test
pair_006588,demo,entity_0321,entity_0325,1,entity_0325,entity_0321,entity_0321,entity_0325,train
pair_006589,query,entity_0446,entity_0996,0,entity_0996,entity_0446,entity_0446,entity_0996,validation
pair_006590,query,entity_0490,entity_0953,0,entity_0953,entity_0490,entity_0490,entity_0953,test
pair_006591,demo,entity_0121,entity_0990,0,entity_0990,entity_0121,entity_0121,entity_0990,train
pair_006592,query,entity_0461,entity_0468,1,entity_0468,entity_0461,entity_0461,entity_0468,test
pair_006593,query,entity_0365,entity_0366,1,entity_0366,entity_0365,entity_0365,entity_0366,test
pair_006594,demo,entity_0772,entity_0778,1,entity_0772,entity_0778,entity_0778,entity_0772,train
pair_006595,demo,entity_0578,entity_0587,0,entity_0587,entity_0578,entity_0578,entity_0587,train
pair_006596,demo,entity_0627,entity_0629,1,entity_0629,entity_0627,entity_0627,entity_0629,train
pair_006597,demo,entity_0974,entity_0979,1,entity_0974,entity_0979,entity_0979,entity_0974,train
pair_006598,demo,entity_0112,entity_0549,0,entity_0112,entity_0549,entity_0549,entity_0112,train
pair_006599,query,entity_0365,entity_0615,0,entity_0365,entity_0615,entity_0615,entity_0365,validation
pair_006600,query,entity_0175,entity_0228,0,entity_0175,entity_0228,entity_0228,entity_0175,test
pair_006601,demo,entity_0081,entity_0669,0,entity_0081,entity_0669,entity_0669,entity_0081,train
pair_006602,demo,entity_0477,entity_0479,1,entity_0479,entity_0477,entity_0477,entity_0479,train
pair_006603,query,entity_0436,entity_0912,0,entity_0436,entity_0912,entity_0912,entity_0436,test
pair_006604,demo,entity_0882,entity_0890,1,entity_0890,entity_0882,entity_0882,entity_0890,train
pair_006605,query,entity_0472,entity_0476,1,entity_0472,entity_0476,entity_0476,entity_0472,test
pair_006606,query,entity_0835,entity_0837,1,entity_0835,entity_0837,entity_0837,entity_0835,test
pair_006607,query,entity_0028,entity_0917,0,entity_0028,entity_0917,entity_0917,entity_0028,test
pair_006608,query,entity_0171,entity_0186,0,entity_0171,entity_0186,entity_0186,entity_0171,test
pair_006609,demo,entity_0418,entity_0907,0,entity_0418,entity_0907,entity_0907,entity_0418,train
pair_006610,query,entity_0951,entity_0957,1,entity_0951,entity_0957,entity_0957,entity_0951,test
pair_006611,demo,entity_0523,entity_0529,1,entity_0529,entity_0523,entity_0523,entity_0529,train
pair_006612,query,entity_0114,entity_0730,0,entity_0114,entity_0730,entity_0730,entity_0114,test
pair_006613,query,entity_0541,entity_0549,1,entity_0549,entity_0541,entity_0541,entity_0549,test
pair_006614,query,entity_0421,entity_0430,1,entity_0421,entity_0430,entity_0430,entity_0421,test
pair_006615,demo,entity_0290,entity_0382,0,entity_0382,entity_0290,entity_0290,entity_0382,train
pair_006616,query,entity_0806,entity_0808,1,entity_0806,entity_0808,entity_0808,entity_0806,validation
pair_006617,query,entity_0331,entity_0337,1,entity_0337,entity_0331,entity_0331,entity_0337,test
pair_006618,query,entity_0431,entity_0938,0,entity_0431,entity_0938,entity_0938,entity_0431,test
pair_006619,demo,entity_0277,entity_0503,0,entity_0277,entity_0503,entity_0503,entity_0277,train
pair_006620,query,entity_0053,entity_0054,1,entity_0054,entity_0053,entity_0053,entity_0054,test
pair_006621,query,entity_0038,entity_0337,0,entity_0038,entity_0337,entity_0337,entity_0038,validation
pair_006622,query,entity_0498,entity_0499,1,entity_0499,entity_0498,entity_0498,entity_0499,test
pair_006623,query,entity_0508,entity_0510,1,entity_0508,entity_0510,entity_0510,entity_0508,test
pair_006624,demo,entity_0013,entity_0014,1,entity_0013,entity_0014,entity_0014,entity_0013,train
pair_006625,demo,entity_0064,entity_0068,1,entity_0064,entity_0068,entity_0068,entity_0064,train
pair_006626,query,entity_0064,entity_0377,0,entity_0064,entity_0377,entity_0377,entity_0064,validation
pair_006627,query,entity_0452,entity_0454,1,entity_0454,entity_0452,entity_0452,entity_0454,test
pair_006628,demo,entity_0404,entity_0409,1,entity_0409,entity_0404,entity_0404,entity_0409,train
pair_006629,query,entity_0862,entity_0870,1,entity_0870,entity_0862,entity_0862,entity_0870,test
pair_006630,query,entity_0077,entity_0078,1,entity_0078,entity_0077,entity_0077,entity_0078,validation
pair_006631,demo,entity_0552,entity_0556,1,entity_0552,entity_0556,entity_0556,entity_0552,train
pair_006632,demo,entity_0921,entity_0929,1,entity_0929,entity_0921,entity_0921,entity_0929,train
pair_006633,query,entity_0692,entity_0693,1,entity_0693,entity_0692,entity_0692,entity_0693,validation
pair_006634,demo,entity_0439,entity_0751,0,entity_0751,entity_0439,entity_0439,entity_0751,train
pair_006635,demo,entity_0962,entity_0970,1,entity_0970,entity_0962,entity_0962,entity_0970,train
pair_006636,demo,entity_0831,entity_0836,1,entity_0836,entity_0831,entity_0831,entity_0836,train
pair_006637,query,entity_0981,entity_0987,1,entity_0987,entity_0981,entity_0981,entity_0987,test
pair_006638,query,entity_0535,entity_0539,1,entity_0535,entity_0539,entity_0539,entity_0535,test
pair_006639,query,entity_0376,entity_0377,1,entity_0376,entity_0377,entity_0377,entity_0376,test
pair_006640,demo,entity_0370,entity_0647,0,entity_0370,entity_0647,entity_0647,entity_0370,train
pair_006641,demo,entity_0522,entity_0803,0,entity_0803,entity_0522,entity_0522,entity_0803,train
pair_006642,demo,entity_0523,entity_0528,1,entity_0523,entity_0528,entity_0528,entity_0523,train
pair_006643,query,entity_0358,entity_0549,0,entity_0358,entity_0549,entity_0549,entity_0358,test
pair_006644,query,entity_0145,entity_0147,1,entity_0147,entity_0145,entity_0145,entity_0147,test
pair_006645,query,entity_0214,entity_0217,1,entity_0217,entity_0214,entity_0214,entity_0217,test
pair_006646,demo,entity_0061,entity_0860,0,entity_0061,entity_0860,entity_0860,entity_0061,train
pair_006647,query,entity_0047,entity_0598,0,entity_0598,entity_0047,entity_0047,entity_0598,test
pair_006648,demo,entity_0243,entity_0246,1,entity_0246,entity_0243,entity_0243,entity_0246,train
pair_006649,query,entity_0508,entity_0972,0,entity_0972,entity_0508,entity_0508,entity_0972,test
pair_006650,query,entity_0471,entity_0477,1,entity_0471,entity_0477,entity_0477,entity_0471,test
pair_006651,query,entity_0013,entity_0635,0,entity_0635,entity_0013,entity_0013,entity_0635,test
pair_006652,demo,entity_0914,entity_0919,1,entity_0919,entity_0914,entity_0914,entity_0919,train
pair_006653,query,entity_0145,entity_0946,0,entity_0946,entity_0145,entity_0145,entity_0946,test
pair_006654,query,entity_0329,entity_0770,0,entity_0329,entity_0770,entity_0770,entity_0329,test
pair_006655,demo,entity_0593,entity_0600,1,entity_0600,entity_0593,entity_0593,entity_0600,train
pair_006656,query,entity_0413,entity_0956,0,entity_0956,entity_0413,entity_0413,entity_0956,test
pair_006657,query,entity_0269,entity_0720,0,entity_0720,entity_0269,entity_0269,entity_0720,test
pair_006658,query,entity_0442,entity_0449,1,entity_0449,entity_0442,entity_0442,entity_0449,test
pair_006659,demo,entity_0471,entity_0473,1,entity_0471,entity_0473,entity_0473,entity_0471,train
pair_006660,demo,entity_0845,entity_0848,1,entity_0848,entity_0845,entity_0845,entity_0848,train
pair_006661,query,entity_0066,entity_0641,0,entity_0066,entity_0641,entity_0641,entity_0066,test
pair_006662,demo,entity_0213,entity_0218,1,entity_0213,entity_0218,entity_0218,entity_0213,train
pair_006663,demo,entity_0533,entity_0539,1,entity_0539,entity_0533,entity_0533,entity_0539,train
pair_006664,demo,entity_0381,entity_0388,1,entity_0381,entity_0388,entity_0388,entity_0381,train
pair_006665,demo,entity_0407,entity_0977,0,entity_0407,entity_0977,entity_0977,entity_0407,train
pair_006666,query,entity_0325,entity_0327,1,entity_0327,entity_0325,entity_0325,entity_0327,test
pair_006667,demo,entity_0169,entity_0445,0,entity_0169,entity_0445,entity_0445,entity_0169,train
pair_006668,demo,entity_0670,entity_0739,0,entity_0670,entity_0739,entity_0739,entity_0670,train
pair_006669,query,entity_0800,entity_0872,0,entity_0800,entity_0872,entity_0872,entity_0800,test
pair_006670,demo,entity_0393,entity_0398,1,entity_0393,entity_0398,entity_0398,entity_0393,train
pair_006671,query,entity_0333,entity_0337,1,entity_0333,entity_0337,entity_0337,entity_0333,test
pair_006672,query,entity_0330,entity_0430,0,entity_0330,entity_0430,entity_0430,entity_0330,test
pair_006673,demo,entity_0122,entity_0127,1,entity_0122,entity_0127,entity_0127,entity_0122,train
pair_006674,query,entity_0253,entity_0256,1,entity_0253,entity_0256,entity_0256,entity_0253,test
pair_006675,demo,entity_0731,entity_0740,1,entity_0740,entity_0731,entity_0731,entity_0740,train
pair_006676,demo,entity_0347,entity_0944,0,entity_0944,entity_0347,entity_0347,entity_0944,train
pair_006677,query,entity_0992,entity_0996,1,entity_0996,entity_0992,entity_0992,entity_0996,test
pair_006678,demo,entity_0594,entity_0871,0,entity_0594,entity_0871,entity_0871,entity_0594,train
pair_006679,demo,entity_0540,entity_0608,0,entity_0540,entity_0608,entity_0608,entity_0540,train
pair_006680,demo,entity_0315,entity_0319,1,entity_0315,entity_0319,entity_0319,entity_0315,train
pair_006681,demo,entity_0402,entity_0406,1,entity_0402,entity_0406,entity_0406,entity_0402,train
pair_006682,demo,entity_0341,entity_0864,0,entity_0864,entity_0341,entity_0341,entity_0864,train
pair_006683,demo,entity_0021,entity_0027,1,entity_0021,entity_0027,entity_0027,entity_0021,train
pair_006684,demo,entity_0102,entity_0205,0,entity_0102,entity_0205,entity_0205,entity_0102,train
pair_006685,query,entity_0061,entity_0557,0,entity_0557,entity_0061,entity_0061,entity_0557,test
pair_006686,query,entity_0875,entity_0876,1,entity_0876,entity_0875,entity_0875,entity_0876,test
pair_006687,demo,entity_0434,entity_0577,0,entity_0577,entity_0434,entity_0434,entity_0577,train
pair_006688,demo,entity_0670,entity_0752,0,entity_0752,entity_0670,entity_0670,entity_0752,train
pair_006689,demo,entity_0541,entity_0987,0,entity_0541,entity_0987,entity_0987,entity_0541,train
pair_006690,query,entity_0087,entity_0415,0,entity_0415,entity_0087,entity_0087,entity_0415,validation
pair_006691,query,entity_0966,entity_0969,1,entity_0966,entity_0969,entity_0969,entity_0966,validation
pair_006692,query,entity_0111,entity_0113,1,entity_0113,entity_0111,entity_0111,entity_0113,test
pair_006693,demo,entity_0878,entity_0953,0,entity_0878,entity_0953,entity_0953,entity_0878,train
pair_006694,demo,entity_0557,entity_0560,1,entity_0557,entity_0560,entity_0560,entity_0557,train
pair_006695,query,entity_0092,entity_0584,0,entity_0584,entity_0092,entity_0092,entity_0584,test
pair_006696,query,entity_0278,entity_0279,1,entity_0279,entity_0278,entity_0278,entity_0279,test
pair_006697,query,entity_0792,entity_0796,1,entity_0792,entity_0796,entity_0796,entity_0792,test
pair_006698,demo,entity_0331,entity_0816,0,entity_0816,entity_0331,entity_0331,entity_0816,train
pair_006699,demo,entity_0677,entity_0882,0,entity_0677,entity_0882,entity_0882,entity_0677,train
pair_006700,query,entity_0241,entity_0717,0,entity_0717,entity_0241,entity_0241,entity_0717,test
pair_006701,demo,entity_0842,entity_0845,1,entity_0842,entity_0845,entity_0845,entity_0842,train
pair_006702,demo,entity_0158,entity_0686,0,entity_0686,entity_0158,entity_0158,entity_0686,train
pair_006703,query,entity_0458,entity_0680,0,entity_0680,entity_0458,entity_0458,entity_0680,test
pair_006704,demo,entity_0472,entity_0654,0,entity_0654,entity_0472,entity_0472,entity_0654,train
pair_006705,demo,entity_0726,entity_0730,1,entity_0730,entity_0726,entity_0726,entity_0730,train
pair_006706,query,entity_0697,entity_0699,1,entity_0699,entity_0697,entity_0697,entity_0699,test
pair_006707,query,entity_0485,entity_0487,1,entity_0487,entity_0485,entity_0485,entity_0487,test
pair_006708,query,entity_0835,entity_0839,1,entity_0835,entity_0839,entity_0839,entity_0835,validation
pair_006709,query,entity_0515,entity_0518,1,entity_0518,entity_0515,entity_0515,entity_0518,test
pair_006710,demo,entity_0452,entity_0455,1,entity_0452,entity_0455,entity_0455,entity_0452,train
pair_006711,demo,entity_0723,entity_0728,1,entity_0728,entity_0723,entity_0723,entity_0728,train
pair_006712,query,entity_0043,entity_0045,1,entity_0043,entity_0045,entity_0045,entity_0043,test
pair_006713,demo,entity_0036,entity_0954,0,entity_0036,entity_0954,entity_0954,entity_0036,train
pair_006714,demo,entity_0113,entity_0856,0,entity_0113,entity_0856,entity_0856,entity_0113,train
pair_006715,demo,entity_0436,entity_0767,0,entity_0436,entity_0767,entity_0767,entity_0436,train
pair_006716,demo,entity_0341,entity_0342,1,entity_0341,entity_0342,entity_0342,entity_0341,train
pair_006717,query,entity_0244,entity_0592,0,entity_0244,entity_0592,entity_0592,entity_0244,validation
pair_006718,query,entity_0096,entity_0801,0,entity_0096,entity_0801,entity_0801,entity_0096,test
pair_006719,query,entity_0225,entity_0341,0,entity_0341,entity_0225,entity_0225,entity_0341,test
pair_006720,query,entity_0581,entity_0584,1,entity_0581,entity_0584,entity_0584,entity_0581,test
pair_006721,query,entity_0956,entity_0959,1,entity_0956,entity_0959,entity_0959,entity_0956,test
pair_006722,query,entity_0732,entity_0740,1,entity_0740,entity_0732,entity_0732,entity_0740,test
pair_006723,demo,entity_0100,entity_0706,0,entity_0706,entity_0100,entity_0100,entity_0706,train
pair_006724,demo,entity_0119,entity_0120,1,entity_0119,entity_0120,entity_0120,entity_0119,train
pair_006725,demo,entity_0263,entity_0428,0,entity_0263,entity_0428,entity_0428,entity_0263,train
pair_006726,demo,entity_0200,entity_0943,0,entity_0943,entity_0200,entity_0200,entity_0943,train
pair_006727,demo,entity_0724,entity_0906,0,entity_0724,entity_0906,entity_0906,entity_0724,train
pair_006728,demo,entity_0067,entity_0861,0,entity_0861,entity_0067,entity_0067,entity_0861,train
pair_006729,query,entity_0710,entity_0954,0,entity_0954,entity_0710,entity_0710,entity_0954,test
pair_006730,demo,entity_0312,entity_0313,1,entity_0312,entity_0313,entity_0313,entity_0312,train
pair_006731,query,entity_0135,entity_0332,0,entity_0332,entity_0135,entity_0135,entity_0332,test
pair_006732,query,entity_0521,entity_0670,0,entity_0670,entity_0521,entity_0521,entity_0670,test
pair_006733,query,entity_0131,entity_0137,1,entity_0131,entity_0137,entity_0137,entity_0131,test
pair_006734,demo,entity_0133,entity_0135,1,entity_0135,entity_0133,entity_0133,entity_0135,train
pair_006735,demo,entity_0112,entity_0720,0,entity_0112,entity_0720,entity_0720,entity_0112,train
pair_006736,demo,entity_0182,entity_0300,0,entity_0300,entity_0182,entity_0182,entity_0300,train
pair_006737,query,entity_0466,entity_0866,0,entity_0866,entity_0466,entity_0466,entity_0866,test
pair_006738,query,entity_0314,entity_0320,1,entity_0320,entity_0314,entity_0314,entity_0320,test
pair_006739,query,entity_0173,entity_0174,1,entity_0174,entity_0173,entity_0173,entity_0174,test
pair_006740,demo,entity_0283,entity_0541,0,entity_0541,entity_0283,entity_0283,entity_0541,train
pair_006741,demo,entity_0713,entity_0771,0,entity_0771,entity_0713,entity_0713,entity_0771,train
pair_006742,demo,entity_0875,entity_0878,1,entity_0875,entity_0878,entity_0878,entity_0875,train
pair_006743,demo,entity_0296,entity_0853,0,entity_0296,entity_0853,entity_0853,entity_0296,train
pair_006744,demo,entity_0297,entity_0593,0,entity_0297,entity_0593,entity_0593,entity_0297,train
pair_006745,query,entity_0602,entity_0843,0,entity_0843,entity_0602,entity_0602,entity_0843,test
pair_006746,demo,entity_0686,entity_0687,1,entity_0686,entity_0687,entity_0687,entity_0686,train
pair_006747,demo,entity_0144,entity_0149,1,entity_0144,entity_0149,entity_0149,entity_0144,train
pair_006748,query,entity_0874,entity_0880,1,entity_0874,entity_0880,entity_0880,entity_0874,test
pair_006749,query,entity_0042,entity_0083,0,entity_0083,entity_0042,entity_0042,entity_0083,test
pair_006750,demo,entity_0226,entity_0227,1,entity_0226,entity_0227,entity_0227,entity_0226,train
pair_006751,demo,entity_0341,entity_0347,1,entity_0347,entity_0341,entity_0341,entity_0347,train
pair_006752,demo,entity_0131,entity_0889,0,entity_0131,entity_0889,entity_0889,entity_0131,train
pair_006753,demo,entity_0877,entity_0879,1,entity_0879,entity_0877,entity_0877,entity_0879,train
pair_006754,demo,entity_0765,entity_0776,0,entity_0765,entity_0776,entity_0776,entity_0765,train
pair_006755,demo,entity_0113,entity_0438,0,entity_0113,entity_0438,entity_0438,entity_0113,train
pair_006756,query,entity_0538,entity_0654,0,entity_0538,entity_0654,entity_0654,entity_0538,validation
pair_006757,query,entity_0496,entity_0692,0,entity_0692,entity_0496,entity_0496,entity_0692,test
pair_006758,query,entity_0439,entity_0890,0,entity_0890,entity_0439,entity_0439,entity_0890,test
pair_006759,query,entity_0033,entity_0036,1,entity_0033,entity_0036,entity_0036,entity_0033,test
pair_006760,demo,entity_0021,entity_0360,0,entity_0360,entity_0021,entity_0021,entity_0360,train
pair_006761,query,entity_0881,entity_0908,0,entity_0908,entity_0881,entity_0881,entity_0908,test
pair_006762,query,entity_0147,entity_0487,0,entity_0147,entity_0487,entity_0487,entity_0147,test
pair_006763,query,entity_0688,entity_0972,0,entity_0972,entity_0688,entity_0688,entity_0972,test
pair_006764,query,entity_0424,entity_0425,1,entity_0425,entity_0424,entity_0424,entity_0425,test
pair_006765,demo,entity_0036,entity_0310,0,entity_0036,entity_0310,entity_0310,entity_0036,train
pair_006766,demo,entity_0101,entity_0352,0,entity_0352,entity_0101,entity_0101,entity_0352,train
pair_006767,demo,entity_0301,entity_0304,1,entity_0304,entity_0301,entity_0301,entity_0304,train
pair_006768,demo,entity_0398,entity_0400,1,entity_0398,entity_0400,entity_0400,entity_0398,train
pair_006769,demo,entity_0881,entity_0888,1,entity_0888,entity_0881,entity_0881,entity_0888,train
pair_006770,query,entity_0113,entity_0118,1,entity_0113,entity_0118,entity_0118,entity_0113,test
pair_006771,query,entity_0401,entity_0405,1,entity_0405,entity_0401,entity_0401,entity_0405,test
pair_006772,query,entity_0544,entity_0548,1,entity_0548,entity_0544,entity_0544,entity_0548,test
pair_006773,query,entity_0003,entity_0043,0,entity_0003,entity_0043,entity_0043,entity_0003,validation
pair_006774,demo,entity_0377,entity_0857,0,entity_0377,entity_0857,entity_0857,entity_0377,train
pair_006775,demo,entity_0436,entity_0437,1,entity_0437,entity_0436,entity_0436,entity_0437,train
pair_006776,demo,entity_0693,entity_0695,1,entity_0695,entity_0693,entity_0693,entity_0695,train
pair_006777,demo,entity_0429,entity_0430,1,entity_0429,entity_0430,entity_0430,entity_0429,train
pair_006778,query,entity_0503,entity_0505,1,entity_0503,entity_0505,entity_0505,entity_0503,test
pair_006779,demo,entity_0790,entity_0821,0,entity_0821,entity_0790,entity_0790,entity_0821,train
pair_006780,query,entity_0195,entity_0507,0,entity_0507,entity_0195,entity_0195,entity_0507,test
pair_006781,demo,entity_0402,entity_0409,1,entity_0402,entity_0409,entity_0409,entity_0402,train
pair_006782,demo,entity_0475,entity_0480,1,entity_0475,entity_0480,entity_0480,entity_0475,train
pair_006783,demo,entity_0196,entity_0296,0,entity_0296,entity_0196,entity_0196,entity_0296,train
pair_006784,demo,entity_0283,entity_0493,0,entity_0493,entity_0283,entity_0283,entity_0493,train
pair_006785,query,entity_0098,entity_0875,0,entity_0098,entity_0875,entity_0875,entity_0098,test
pair_006786,query,entity_0897,entity_0956,0,entity_0897,entity_0956,entity_0956,entity_0897,test
pair_006787,demo,entity_0502,entity_0508,1,entity_0508,entity_0502,entity_0502,entity_0508,train
pair_006788,demo,entity_0783,entity_0790,1,entity_0790,entity_0783,entity_0783,entity_0790,train
pair_006789,demo,entity_0867,entity_0869,1,entity_0869,entity_0867,entity_0867,entity_0869,train
pair_006790,demo,entity_0375,entity_0715,0,entity_0715,entity_0375,entity_0375,entity_0715,train
pair_006791,demo,entity_0348,entity_0349,1,entity_0348,entity_0349,entity_0349,entity_0348,train
pair_006792,demo,entity_0220,entity_0528,0,entity_0528,entity_0220,entity_0220,entity_0528,train
pair_006793,query,entity_0347,entity_0522,0,entity_0522,entity_0347,entity_0347,entity_0522,validation
pair_006794,query,entity_0106,entity_0668,0,entity_0106,entity_0668,entity_0668,entity_0106,test
pair_006795,demo,entity_0386,entity_0664,0,entity_0386,entity_0664,entity_0664,entity_0386,train
pair_006796,demo,entity_0503,entity_0563,0,entity_0563,entity_0503,entity_0503,entity_0563,train
pair_006797,demo,entity_0065,entity_0613,0,entity_0065,entity_0613,entity_0613,entity_0065,train
pair_006798,query,entity_0023,entity_0521,0,entity_0521,entity_0023,entity_0023,entity_0521,test
pair_006799,demo,entity_0815,entity_0820,1,entity_0820,entity_0815,entity_0815,entity_0820,train
pair_006800,query,entity_0769,entity_0938,0,entity_0769,entity_0938,entity_0938,entity_0769,test
pair_006801,query,entity_0148,entity_0150,1,entity_0150,entity_0148,entity_0148,entity_0150,test
pair_006802,demo,entity_0328,entity_0582,0,entity_0328,entity_0582,entity_0582,entity_0328,train
pair_006803,query,entity_0284,entity_0287,1,entity_0287,entity_0284,entity_0284,entity_0287,test
pair_006804,query,entity_0710,entity_0768,0,entity_0768,entity_0710,entity_0710,entity_0768,test
pair_006805,query,entity_0780,entity_0806,0,entity_0780,entity_0806,entity_0806,entity_0780,test
pair_006806,query,entity_0135,entity_0281,0,entity_0281,entity_0135,entity_0135,entity_0281,test
pair_006807,demo,entity_0058,entity_0123,0,entity_0123,entity_0058,entity_0058,entity_0123,train
pair_006808,query,entity_0056,entity_0059,1,entity_0056,entity_0059,entity_0059,entity_0056,test
pair_006809,demo,entity_0597,entity_0835,0,entity_0597,entity_0835,entity_0835,entity_0597,train
pair_006810,demo,entity_0754,entity_0759,1,entity_0754,entity_0759,entity_0759,entity_0754,train
pair_006811,query,entity_0389,entity_0904,0,entity_0389,entity_0904,entity_0904,entity_0389,test
pair_006812,query,entity_0753,entity_0756,1,entity_0753,entity_0756,entity_0756,entity_0753,test
pair_006813,demo,entity_0112,entity_0835,0,entity_0835,entity_0112,entity_0112,entity_0835,train
pair_006814,query,entity_0393,entity_0664,0,entity_0664,entity_0393,entity_0393,entity_0664,test
pair_006815,demo,entity_0022,entity_0030,1,entity_0022,entity_0030,entity_0030,entity_0022,train
pair_006816,demo,entity_0372,entity_0376,1,entity_0376,entity_0372,entity_0372,entity_0376,train
pair_006817,query,entity_0143,entity_0145,1,entity_0145,entity_0143,entity_0143,entity_0145,test
pair_006818,demo,entity_0399,entity_0621,0,entity_0399,entity_0621,entity_0621,entity_0399,train
pair_006819,demo,entity_0028,entity_0441,0,entity_0028,entity_0441,entity_0441,entity_0028,train
pair_006820,query,entity_0223,entity_0227,1,entity_0223,entity_0227,entity_0227,entity_0223,test
pair_006821,query,entity_0241,entity_0248,1,entity_0248,entity_0241,entity_0241,entity_0248,test
pair_006822,demo,entity_0661,entity_0663,1,entity_0663,entity_0661,entity_0661,entity_0663,train
pair_006823,demo,entity_0217,entity_0678,0,entity_0678,entity_0217,entity_0217,entity_0678,train
pair_006824,query,entity_0021,entity_0353,0,entity_0353,entity_0021,entity_0021,entity_0353,test
pair_006825,demo,entity_0657,entity_0658,1,entity_0658,entity_0657,entity_0657,entity_0658,train
pair_006826,demo,entity_0002,entity_0351,0,entity_0002,entity_0351,entity_0351,entity_0002,train
pair_006827,query,entity_0588,entity_0590,1,entity_0590,entity_0588,entity_0588,entity_0590,test
pair_006828,query,entity_0902,entity_0904,1,entity_0902,entity_0904,entity_0904,entity_0902,test
pair_006829,demo,entity_0830,entity_0902,0,entity_0830,entity_0902,entity_0902,entity_0830,train
pair_006830,demo,entity_0933,entity_0938,1,entity_0938,entity_0933,entity_0933,entity_0938,train
pair_006831,query,entity_0213,entity_0744,0,entity_0213,entity_0744,entity_0744,entity_0213,test
pair_006832,demo,entity_0321,entity_0327,1,entity_0327,entity_0321,entity_0321,entity_0327,train
pair_006833,query,entity_0138,entity_0972,0,entity_0972,entity_0138,entity_0138,entity_0972,test
pair_006834,query,entity_0166,entity_0170,1,entity_0170,entity_0166,entity_0166,entity_0170,test
pair_006835,demo,entity_0852,entity_0854,1,entity_0852,entity_0854,entity_0854,entity_0852,train
pair_006836,query,entity_0222,entity_0225,1,entity_0222,entity_0225,entity_0225,entity_0222,validation
pair_006837,demo,entity_0166,entity_0766,0,entity_0766,entity_0166,entity_0166,entity_0766,train
pair_006838,query,entity_0884,entity_0890,1,entity_0884,entity_0890,entity_0890,entity_0884,test
pair_006839,demo,entity_0217,entity_0803,0,entity_0217,entity_0803,entity_0803,entity_0217,train
pair_006840,demo,entity_0043,entity_0421,0,entity_0043,entity_0421,entity_0421,entity_0043,train
pair_006841,demo,entity_0570,entity_0823,0,entity_0570,entity_0823,entity_0823,entity_0570,train
pair_006842,query,entity_0101,entity_0110,1,entity_0101,entity_0110,entity_0110,entity_0101,test
pair_006843,demo,entity_0053,entity_0897,0,entity_0897,entity_0053,entity_0053,entity_0897,train
pair_006844,query,entity_0424,entity_0427,1,entity_0427,entity_0424,entity_0424,entity_0427,test
pair_006845,demo,entity_0112,entity_0671,0,entity_0112,entity_0671,entity_0671,entity_0112,train
pair_006846,query,entity_0735,entity_0766,0,entity_0735,entity_0766,entity_0766,entity_0735,test
pair_006847,query,entity_0374,entity_0720,0,entity_0374,entity_0720,entity_0720,entity_0374,test
pair_006848,demo,entity_0733,entity_0740,1,entity_0733,entity_0740,entity_0740,entity_0733,train
pair_006849,query,entity_0656,entity_0658,1,entity_0656,entity_0658,entity_0658,entity_0656,test
pair_006850,query,entity_0434,entity_0555,0,entity_0555,entity_0434,entity_0434,entity_0555,test
pair_006851,demo,entity_0053,entity_0846,0,entity_0053,entity_0846,entity_0846,entity_0053,train
pair_006852,query,entity_0415,entity_0457,0,entity_0457,entity_0415,entity_0415,entity_0457,validation
pair_006853,query,entity_0777,entity_0802,0,entity_0802,entity_0777,entity_0777,entity_0802,test
pair_006854,query,entity_0652,entity_0653,1,entity_0652,entity_0653,entity_0653,entity_0652,test
pair_006855,query,entity_0643,entity_0717,0,entity_0643,entity_0717,entity_0717,entity_0643,test
pair_006856,query,entity_0955,entity_0960,1,entity_0960,entity_0955,entity_0955,entity_0960,test
pair_006857,demo,entity_0311,entity_0977,0,entity_0977,entity_0311,entity_0311,entity_0977,train
pair_006858,query,entity_0495,entity_0499,1,entity_0499,entity_0495,entity_0495,entity_0499,test
pair_006859,demo,entity_0312,entity_0959,0,entity_0312,entity_0959,entity_0959,entity_0312,train
pair_006860,demo,entity_0561,entity_0570,1,entity_0570,entity_0561,entity_0561,entity_0570,train
pair_006861,demo,entity_0368,entity_0625,0,entity_0625,entity_0368,entity_0368,entity_0625,train
pair_006862,demo,entity_0318,entity_0319,1,entity_0319,entity_0318,entity_0318,entity_0319,train
pair_006863,query,entity_0299,entity_0460,0,entity_0460,entity_0299,entity_0299,entity_0460,test
pair_006864,query,entity_0433,entity_0765,0,entity_0433,entity_0765,entity_0765,entity_0433,test
pair_006865,demo,entity_0199,entity_0200,1,entity_0199,entity_0200,entity_0200,entity_0199,train
pair_006866,query,entity_0512,entity_0516,1,entity_0512,entity_0516,entity_0516,entity_0512,test
pair_006867,query,entity_0792,entity_0800,1,entity_0800,entity_0792,entity_0792,entity_0800,test
pair_006868,query,entity_0691,entity_0695,1,entity_0695,entity_0691,entity_0691,entity_0695,test
pair_006869,query,entity_0154,entity_0194,0,entity_0194,entity_0154,entity_0154,entity_0194,test
pair_006870,demo,entity_0641,entity_0643,1,entity_0641,entity_0643,entity_0643,entity_0641,train
pair_006871,demo,entity_0130,entity_0219,0,entity_0219,entity_0130,entity_0130,entity_0219,train
pair_006872,demo,entity_0723,entity_0726,1,entity_0726,entity_0723,entity_0723,entity_0726,train
pair_006873,demo,entity_0794,entity_0957,0,entity_0794,entity_0957,entity_0957,entity_0794,train
pair_006874,query,entity_0075,entity_0078,1,entity_0075,entity_0078,entity_0078,entity_0075,test
pair_006875,demo,entity_0113,entity_0117,1,entity_0117,entity_0113,entity_0113,entity_0117,train
pair_006876,query,entity_0284,entity_0444,0,entity_0284,entity_0444,entity_0444,entity_0284,test
pair_006877,demo,entity_0881,entity_0882,1,entity_0881,entity_0882,entity_0882,entity_0881,train
pair_006878,query,entity_0614,entity_0795,0,entity_0795,entity_0614,entity_0614,entity_0795,test
pair_006879,demo,entity_0454,entity_0933,0,entity_0933,entity_0454,entity_0454,entity_0933,train
pair_006880,query,entity_0137,entity_0735,0,entity_0137,entity_0735,entity_0735,entity_0137,test
pair_006881,query,entity_0703,entity_0706,1,entity_0706,entity_0703,entity_0703,entity_0706,test
pair_006882,demo,entity_0226,entity_0963,0,entity_0226,entity_0963,entity_0963,entity_0226,train
pair_006883,query,entity_0054,entity_0057,1,entity_0057,entity_0054,entity_0054,entity_0057,test
pair_006884,query,entity_0966,entity_0967,1,entity_0967,entity_0966,entity_0966,entity_0967,test
pair_006885,demo,entity_0501,entity_0902,0,entity_0501,entity_0902,entity_0902,entity_0501,train
pair_006886,query,entity_0622,entity_0624,1,entity_0622,entity_0624,entity_0624,entity_0622,test
pair_006887,query,entity_0671,entity_0673,1,entity_0671,entity_0673,entity_0673,entity_0671,test
pair_006888,query,entity_0883,entity_0889,1,entity_0889,entity_0883,entity_0883,entity_0889,test
pair_006889,demo,entity_0590,entity_0694,0,entity_0590,entity_0694,entity_0694,entity_0590,train
pair_006890,query,entity_0865,entity_0867,1,entity_0867,entity_0865,entity_0865,entity_0867,validation
pair_006891,demo,entity_0389,entity_0390,1,entity_0389,entity_0390,entity_0390,entity_0389,train
pair_006892,query,entity_0541,entity_0958,0,entity_0958,entity_0541,entity_0541,entity_0958,test
pair_006893,demo,entity_0163,entity_0168,1,entity_0163,entity_0168,entity_0168,entity_0163,train
pair_006894,demo,entity_0823,entity_0895,0,entity_0823,entity_0895,entity_0895,entity_0823,train
pair_006895,query,entity_0054,entity_0056,1,entity_0054,entity_0056,entity_0056,entity_0054,test
pair_006896,demo,entity_0888,entity_0890,1,entity_0890,entity_0888,entity_0888,entity_0890,train
pair_006897,demo,entity_0316,entity_0788,0,entity_0788,entity_0316,entity_0316,entity_0788,train
pair_006898,query,entity_0781,entity_0887,0,entity_0781,entity_0887,entity_0887,entity_0781,test
pair_006899,demo,entity_0932,entity_0940,1,entity_0932,entity_0940,entity_0940,entity_0932,train
pair_006900,query,entity_0615,entity_0616,1,entity_0615,entity_0616,entity_0616,entity_0615,test
pair_006901,query,entity_0116,entity_0117,1,entity_0117,entity_0116,entity_0116,entity_0117,test
pair_006902,query,entity_0359,entity_0858,0,entity_0359,entity_0858,entity_0858,entity_0359,test
pair_006903,query,entity_0178,entity_0717,0,entity_0178,entity_0717,entity_0717,entity_0178,test
pair_006904,query,entity_0050,entity_0314,0,entity_0050,entity_0314,entity_0314,entity_0050,test
pair_006905,demo,entity_0667,entity_0670,1,entity_0670,entity_0667,entity_0667,entity_0670,train
pair_006906,query,entity_0153,entity_0290,0,entity_0290,entity_0153,entity_0153,entity_0290,test
pair_006907,demo,entity_0384,entity_0587,0,entity_0587,entity_0384,entity_0384,entity_0587,train
pair_006908,demo,entity_0950,entity_0980,0,entity_0980,entity_0950,entity_0950,entity_0980,train
pair_006909,query,entity_0462,entity_0465,1,entity_0465,entity_0462,entity_0462,entity_0465,test
pair_006910,demo,entity_0016,entity_0020,1,entity_0020,entity_0016,entity_0016,entity_0020,train
pair_006911,query,entity_0681,entity_0968,0,entity_0681,entity_0968,entity_0968,entity_0681,test
pair_006912,demo,entity_0685,entity_0689,1,entity_0685,entity_0689,entity_0689,entity_0685,train
pair_006913,query,entity_0694,entity_0699,1,entity_0699,entity_0694,entity_0694,entity_0699,test
pair_006914,query,entity_0590,entity_0709,0,entity_0590,entity_0709,entity_0709,entity_0590,validation
pair_006915,query,entity_0004,entity_0221,0,entity_0221,entity_0004,entity_0004,entity_0221,test
pair_006916,demo,entity_0043,entity_0309,0,entity_0043,entity_0309,entity_0309,entity_0043,train
pair_006917,query,entity_0341,entity_0524,0,entity_0341,entity_0524,entity_0524,entity_0341,test
pair_006918,demo,entity_0177,entity_0395,0,entity_0177,entity_0395,entity_0395,entity_0177,train
pair_006919,demo,entity_0046,entity_0074,0,entity_0046,entity_0074,entity_0074,entity_0046,train
pair_006920,query,entity_0255,entity_0258,1,entity_0258,entity_0255,entity_0255,entity_0258,test
pair_006921,demo,entity_0842,entity_0850,1,entity_0850,entity_0842,entity_0842,entity_0850,train
pair_006922,demo,entity_0091,entity_0238,0,entity_0091,entity_0238,entity_0238,entity_0091,train
pair_006923,demo,entity_0409,entity_0572,0,entity_0572,entity_0409,entity_0409,entity_0572,train
pair_006924,query,entity_0576,entity_0655,0,entity_0655,entity_0576,entity_0576,entity_0655,test
pair_006925,demo,entity_0532,entity_0535,1,entity_0535,entity_0532,entity_0532,entity_0535,train
pair_006926,demo,entity_0862,entity_0863,1,entity_0862,entity_0863,entity_0863,entity_0862,train
pair_006927,query,entity_0213,entity_0366,0,entity_0213,entity_0366,entity_0366,entity_0213,validation
pair_006928,query,entity_0027,entity_0828,0,entity_0027,entity_0828,entity_0828,entity_0027,test
pair_006929,demo,entity_0777,entity_0794,0,entity_0777,entity_0794,entity_0794,entity_0777,train
pair_006930,query,entity_0796,entity_0797,1,entity_0796,entity_0797,entity_0797,entity_0796,test
pair_006931,query,entity_0070,entity_0534,0,entity_0070,entity_0534,entity_0534,entity_0070,test
pair_006932,demo,entity_0332,entity_0333,1,entity_0333,entity_0332,entity_0332,entity_0333,train
pair_006933,query,entity_0068,entity_0069,1,entity_0069,entity_0068,entity_0068,entity_0069,test
pair_006934,query,entity_0034,entity_0401,0,entity_0034,entity_0401,entity_0401,entity_0034,test
pair_006935,query,entity_0041,entity_0837,0,entity_0041,entity_0837,entity_0837,entity_0041,test
pair_006936,demo,entity_0301,entity_0396,0,entity_0396,entity_0301,entity_0301,entity_0396,train
pair_006937,demo,entity_0731,entity_0734,1,entity_0731,entity_0734,entity_0734,entity_0731,train
pair_006938,query,entity_0223,entity_0532,0,entity_0223,entity_0532,entity_0532,entity_0223,test
pair_006939,query,entity_0312,entity_0318,1,entity_0318,entity_0312,entity_0312,entity_0318,test
pair_006940,demo,entity_0606,entity_0609,1,entity_0609,entity_0606,entity_0606,entity_0609,train
pair_006941,demo,entity_0262,entity_0268,1,entity_0268,entity_0262,entity_0262,entity_0268,train
pair_006942,demo,entity_0563,entity_0570,1,entity_0563,entity_0570,entity_0570,entity_0563,train
pair_006943,demo,entity_0655,entity_0955,0,entity_0655,entity_0955,entity_0955,entity_0655,train
pair_006944,query,entity_0115,entity_0116,1,entity_0116,entity_0115,entity_0115,entity_0116,test
pair_006945,demo,entity_0154,entity_0159,1,entity_0159,entity_0154,entity_0154,entity_0159,train
pair_006946,demo,entity_0091,entity_0100,1,entity_0100,entity_0091,entity_0091,entity_0100,train
pair_006947,demo,entity_0851,entity_0859,1,entity_0851,entity_0859,entity_0859,entity_0851,train
pair_006948,demo,entity_0433,entity_0439,1,entity_0439,entity_0433,entity_0433,entity_0439,train
pair_006949,query,entity_0773,entity_0775,1,entity_0773,entity_0775,entity_0775,entity_0773,test
pair_006950,demo,entity_0111,entity_0114,1,entity_0111,entity_0114,entity_0114,entity_0111,train
pair_006951,demo,entity_0799,entity_0876,0,entity_0799,entity_0876,entity_0876,entity_0799,train
pair_006952,demo,entity_0674,entity_0679,1,entity_0679,entity_0674,entity_0674,entity_0679,train
pair_006953,demo,entity_0384,entity_0387,1,entity_0387,entity_0384,entity_0384,entity_0387,train
pair_006954,demo,entity_0081,entity_0094,0,entity_0081,entity_0094,entity_0094,entity_0081,train
pair_006955,demo,entity_0166,entity_0167,1,entity_0166,entity_0167,entity_0167,entity_0166,train
pair_006956,demo,entity_0288,entity_0494,0,entity_0494,entity_0288,entity_0288,entity_0494,train
pair_006957,query,entity_0832,entity_0838,1,entity_0832,entity_0838,entity_0838,entity_0832,test
pair_006958,query,entity_0072,entity_0832,0,entity_0072,entity_0832,entity_0832,entity_0072,test
pair_006959,demo,entity_0412,entity_0851,0,entity_0412,entity_0851,entity_0851,entity_0412,train
pair_006960,query,entity_0472,entity_0478,1,entity_0472,entity_0478,entity_0478,entity_0472,validation
pair_006961,query,entity_0273,entity_0624,0,entity_0624,entity_0273,entity_0273,entity_0624,validation
pair_006962,query,entity_0114,entity_0117,1,entity_0117,entity_0114,entity_0114,entity_0117,test
pair_006963,demo,entity_0736,entity_0739,1,entity_0736,entity_0739,entity_0739,entity_0736,train
pair_006964,demo,entity_0732,entity_0738,1,entity_0732,entity_0738,entity_0738,entity_0732,train
pair_006965,demo,entity_0605,entity_0954,0,entity_0605,entity_0954,entity_0954,entity_0605,train
pair_006966,demo,entity_0127,entity_0130,1,entity_0130,entity_0127,entity_0127,entity_0130,train
pair_006967,query,entity_0829,entity_0991,0,entity_0829,entity_0991,entity_0991,entity_0829,validation
pair_006968,query,entity_0668,entity_0669,1,entity_0668,entity_0669,entity_0669,entity_0668,validation
pair_006969,query,entity_0434,entity_0435,1,entity_0435,entity_0434,entity_0434,entity_0435,test
pair_006970,query,entity_0901,entity_0904,1,entity_0901,entity_0904,entity_0904,entity_0901,test
pair_006971,query,entity_0240,entity_0660,0,entity_0660,entity_0240,entity_0240,entity_0660,validation
pair_006972,demo,entity_0062,entity_0064,1,entity_0064,entity_0062,entity_0062,entity_0064,train
pair_006973,query,entity_0552,entity_0593,0,entity_0552,entity_0593,entity_0593,entity_0552,test
pair_006974,demo,entity_0036,entity_0996,0,entity_0036,entity_0996,entity_0996,entity_0036,train
pair_006975,demo,entity_0081,entity_0085,1,entity_0085,entity_0081,entity_0081,entity_0085,train
pair_006976,query,entity_0584,entity_0589,1,entity_0589,entity_0584,entity_0584,entity_0589,test
pair_006977,query,entity_0304,entity_0771,0,entity_0304,entity_0771,entity_0771,entity_0304,test
pair_006978,demo,entity_0259,entity_0260,1,entity_0259,entity_0260,entity_0260,entity_0259,train
pair_006979,query,entity_0194,entity_0199,1,entity_0199,entity_0194,entity_0194,entity_0199,test
pair_006980,demo,entity_0646,entity_0649,1,entity_0649,entity_0646,entity_0646,entity_0649,train
pair_006981,query,entity_0551,entity_0555,1,entity_0551,entity_0555,entity_0555,entity_0551,test
pair_006982,demo,entity_0192,entity_0811,0,entity_0811,entity_0192,entity_0192,entity_0811,train
pair_006983,query,entity_0636,entity_0638,1,entity_0636,entity_0638,entity_0638,entity_0636,test
pair_006984,demo,entity_0635,entity_0636,1,entity_0636,entity_0635,entity_0635,entity_0636,train
pair_006985,demo,entity_0138,entity_0879,0,entity_0138,entity_0879,entity_0879,entity_0138,train
pair_006986,demo,entity_0203,entity_0205,1,entity_0203,entity_0205,entity_0205,entity_0203,train
pair_006987,demo,entity_0166,entity_0168,1,entity_0168,entity_0166,entity_0166,entity_0168,train
pair_006988,demo,entity_0394,entity_0714,0,entity_0394,entity_0714,entity_0714,entity_0394,train
pair_006989,demo,entity_0059,entity_0929,0,entity_0059,entity_0929,entity_0929,entity_0059,train
pair_006990,demo,entity_0442,entity_0862,0,entity_0442,entity_0862,entity_0862,entity_0442,train
pair_006991,demo,entity_0094,entity_0097,1,entity_0097,entity_0094,entity_0094,entity_0097,train
pair_006992,demo,entity_0262,entity_0265,1,entity_0265,entity_0262,entity_0262,entity_0265,train
pair_006993,query,entity_0144,entity_0782,0,entity_0144,entity_0782,entity_0782,entity_0144,validation
pair_006994,query,entity_0069,entity_0522,0,entity_0522,entity_0069,entity_0069,entity_0522,test
pair_006995,query,entity_0098,entity_0100,1,entity_0100,entity_0098,entity_0098,entity_0100,test
pair_006996,demo,entity_0305,entity_0309,1,entity_0305,entity_0309,entity_0309,entity_0305,train
pair_006997,query,entity_0279,entity_0474,0,entity_0279,entity_0474,entity_0474,entity_0279,test
pair_006998,demo,entity_0434,entity_0438,1,entity_0434,entity_0438,entity_0438,entity_0434,train
pair_006999,demo,entity_0052,entity_0247,0,entity_0052,entity_0247,entity_0247,entity_0052,train
pair_007000,demo,entity_0103,entity_0855,0,entity_0103,entity_0855,entity_0855,entity_0103,train
pair_007001,query,entity_0891,entity_0896,1,entity_0896,entity_0891,entity_0891,entity_0896,test
pair_007002,demo,entity_0721,entity_0730,1,entity_0730,entity_0721,entity_0721,entity_0730,train
pair_007003,demo,entity_0104,entity_0216,0,entity_0216,entity_0104,entity_0104,entity_0216,train
pair_007004,demo,entity_0790,entity_0808,0,entity_0808,entity_0790,entity_0790,entity_0808,train
pair_007005,demo,entity_0325,entity_0364,0,entity_0325,entity_0364,entity_0364,entity_0325,train
pair_007006,demo,entity_0008,entity_0097,0,entity_0008,entity_0097,entity_0097,entity_0008,train
pair_007007,demo,entity_0321,entity_0324,1,entity_0324,entity_0321,entity_0321,entity_0324,train
pair_007008,demo,entity_0232,entity_0235,1,entity_0235,entity_0232,entity_0232,entity_0235,train
pair_007009,demo,entity_0162,entity_0169,1,entity_0169,entity_0162,entity_0162,entity_0169,train
pair_007010,demo,entity_0072,entity_0073,1,entity_0072,entity_0073,entity_0073,entity_0072,train
pair_007011,demo,entity_0076,entity_0078,1,entity_0076,entity_0078,entity_0078,entity_0076,train
pair_007012,query,entity_0616,entity_0618,1,entity_0616,entity_0618,entity_0618,entity_0616,validation
pair_007013,query,entity_0284,entity_0286,1,entity_0286,entity_0284,entity_0284,entity_0286,test
pair_007014,query,entity_0922,entity_0923,1,entity_0923,entity_0922,entity_0922,entity_0923,test
pair_007015,demo,entity_0385,entity_0388,1,entity_0388,entity_0385,entity_0385,entity_0388,train
pair_007016,demo,entity_0471,entity_0476,1,entity_0476,entity_0471,entity_0471,entity_0476,train
pair_007017,demo,entity_0448,entity_0919,0,entity_0448,entity_0919,entity_0919,entity_0448,train
pair_007018,query,entity_0474,entity_0480,1,entity_0480,entity_0474,entity_0474,entity_0480,test
pair_007019,query,entity_0233,entity_0845,0,entity_0845,entity_0233,entity_0233,entity_0845,test
pair_007020,demo,entity_0359,entity_0360,1,entity_0360,entity_0359,entity_0359,entity_0360,train
pair_007021,query,entity_0637,entity_0688,0,entity_0637,entity_0688,entity_0688,entity_0637,test
pair_007022,demo,entity_0542,entity_0788,0,entity_0542,entity_0788,entity_0788,entity_0542,train
pair_007023,query,entity_0375,entity_0376,1,entity_0376,entity_0375,entity_0375,entity_0376,test
pair_007024,demo,entity_0331,entity_0961,0,entity_0331,entity_0961,entity_0961,entity_0331,train
pair_007025,demo,entity_0237,entity_0590,0,entity_0590,entity_0237,entity_0237,entity_0590,train
pair_007026,demo,entity_0895,entity_0897,1,entity_0897,entity_0895,entity_0895,entity_0897,train
pair_007027,query,entity_0349,entity_0350,1,entity_0350,entity_0349,entity_0349,entity_0350,test
pair_007028,query,entity_0816,entity_0818,1,entity_0816,entity_0818,entity_0818,entity_0816,test
pair_007029,query,entity_0273,entity_0274,1,entity_0273,entity_0274,entity_0274,entity_0273,test
pair_007030,query,entity_0722,entity_0726,1,entity_0726,entity_0722,entity_0722,entity_0726,test
pair_007031,demo,entity_0526,entity_0896,0,entity_0526,entity_0896,entity_0896,entity_0526,train
pair_007032,demo,entity_0477,entity_0480,1,entity_0480,entity_0477,entity_0477,entity_0480,train
pair_007033,query,entity_0238,entity_0240,1,entity_0238,entity_0240,entity_0240,entity_0238,test
pair_007034,demo,entity_0327,entity_0329,1,entity_0329,entity_0327,entity_0327,entity_0329,train
pair_007035,demo,entity_0542,entity_0549,1,entity_0542,entity_0549,entity_0549,entity_0542,train
pair_007036,demo,entity_0738,entity_0974,0,entity_0738,entity_0974,entity_0974,entity_0738,train
pair_007037,query,entity_0829,entity_0945,0,entity_0945,entity_0829,entity_0829,entity_0945,test
pair_007038,query,entity_0404,entity_0760,0,entity_0760,entity_0404,entity_0404,entity_0760,test
pair_007039,query,entity_0349,entity_0671,0,entity_0349,entity_0671,entity_0671,entity_0349,test
pair_007040,demo,entity_0286,entity_0287,1,entity_0286,entity_0287,entity_0287,entity_0286,train
pair_007041,query,entity_0163,entity_0169,1,entity_0169,entity_0163,entity_0163,entity_0169,validation
pair_007042,query,entity_0214,entity_0279,0,entity_0214,entity_0279,entity_0279,entity_0214,test
pair_007043,demo,entity_0506,entity_0883,0,entity_0506,entity_0883,entity_0883,entity_0506,train
pair_007044,query,entity_0452,entity_0453,1,entity_0452,entity_0453,entity_0453,entity_0452,test
pair_007045,query,entity_0383,entity_0384,1,entity_0383,entity_0384,entity_0384,entity_0383,test
pair_007046,demo,entity_0261,entity_0265,1,entity_0261,entity_0265,entity_0265,entity_0261,train
pair_007047,query,entity_0396,entity_0399,1,entity_0396,entity_0399,entity_0399,entity_0396,test
pair_007048,demo,entity_0716,entity_0717,1,entity_0716,entity_0717,entity_0717,entity_0716,train
pair_007049,demo,entity_0404,entity_0406,1,entity_0404,entity_0406,entity_0406,entity_0404,train
pair_007050,demo,entity_0350,entity_0719,0,entity_0350,entity_0719,entity_0719,entity_0350,train
pair_007051,demo,entity_0328,entity_0329,1,entity_0329,entity_0328,entity_0328,entity_0329,train
pair_007052,demo,entity_0251,entity_0755,0,entity_0755,entity_0251,entity_0251,entity_0755,train
pair_007053,query,entity_0457,entity_0759,0,entity_0457,entity_0759,entity_0759,entity_0457,test
pair_007054,demo,entity_0219,entity_0992,0,entity_0992,entity_0219,entity_0219,entity_0992,train
pair_007055,query,entity_0102,entity_0104,1,entity_0104,entity_0102,entity_0102,entity_0104,test
pair_007056,demo,entity_0170,entity_0408,0,entity_0408,entity_0170,entity_0170,entity_0408,train
pair_007057,demo,entity_0801,entity_0806,1,entity_0806,entity_0801,entity_0801,entity_0806,train
pair_007058,query,entity_0361,entity_0362,1,entity_0361,entity_0362,entity_0362,entity_0361,test
pair_007059,demo,entity_0328,entity_0865,0,entity_0865,entity_0328,entity_0328,entity_0865,train
pair_007060,query,entity_0855,entity_0958,0,entity_0958,entity_0855,entity_0855,entity_0958,test
pair_007061,demo,entity_0582,entity_0590,1,entity_0582,entity_0590,entity_0590,entity_0582,train
pair_007062,demo,entity_0433,entity_0440,1,entity_0440,entity_0433,entity_0433,entity_0440,train
pair_007063,demo,entity_0144,entity_0922,0,entity_0144,entity_0922,entity_0922,entity_0144,train
pair_007064,query,entity_0437,entity_0916,0,entity_0437,entity_0916,entity_0916,entity_0437,test
pair_007065,demo,entity_0537,entity_0538,1,entity_0538,entity_0537,entity_0537,entity_0538,train
pair_007066,demo,entity_0047,entity_0476,0,entity_0476,entity_0047,entity_0047,entity_0476,train
pair_007067,query,entity_0146,entity_0149,1,entity_0146,entity_0149,entity_0149,entity_0146,test
pair_007068,query,entity_0278,entity_0689,0,entity_0278,entity_0689,entity_0689,entity_0278,test
pair_007069,query,entity_0713,entity_0986,0,entity_0713,entity_0986,entity_0986,entity_0713,test
pair_007070,query,entity_0099,entity_0826,0,entity_0826,entity_0099,entity_0099,entity_0826,test
pair_007071,demo,entity_0771,entity_0777,1,entity_0777,entity_0771,entity_0771,entity_0777,train
pair_007072,query,entity_0773,entity_0778,1,entity_0778,entity_0773,entity_0773,entity_0778,test
pair_007073,query,entity_0444,entity_0447,1,entity_0447,entity_0444,entity_0444,entity_0447,test
pair_007074,query,entity_0146,entity_0150,1,entity_0150,entity_0146,entity_0146,entity_0150,validation
pair_007075,demo,entity_0002,entity_0696,0,entity_0696,entity_0002,entity_0002,entity_0696,train
pair_007076,demo,entity_0185,entity_0522,0,entity_0522,entity_0185,entity_0185,entity_0522,train
pair_007077,demo,entity_0627,entity_0808,0,entity_0808,entity_0627,entity_0627,entity_0808,train
pair_007078,demo,entity_0053,entity_0055,1,entity_0055,entity_0053,entity_0053,entity_0055,train
pair_007079,query,entity_0284,entity_0288,1,entity_0284,entity_0288,entity_0288,entity_0284,test
pair_007080,demo,entity_0802,entity_0990,0,entity_0802,entity_0990,entity_0990,entity_0802,train
pair_007081,demo,entity_0610,entity_0934,0,entity_0610,entity_0934,entity_0934,entity_0610,train
pair_007082,demo,entity_0717,entity_0982,0,entity_0982,entity_0717,entity_0717,entity_0982,train
pair_007083,demo,entity_0811,entity_0813,1,entity_0811,entity_0813,entity_0813,entity_0811,train
pair_007084,demo,entity_0005,entity_0102,0,entity_0102,entity_0005,entity_0005,entity_0102,train
pair_007085,demo,entity_0212,entity_0215,1,entity_0212,entity_0215,entity_0215,entity_0212,train
pair_007086,demo,entity_0205,entity_0325,0,entity_0205,entity_0325,entity_0325,entity_0205,train
pair_007087,query,entity_0006,entity_0503,0,entity_0006,entity_0503,entity_0503,entity_0006,test
pair_007088,demo,entity_0032,entity_0037,1,entity_0032,entity_0037,entity_0037,entity_0032,train
pair_007089,demo,entity_0345,entity_0368,0,entity_0368,entity_0345,entity_0345,entity_0368,train
pair_007090,demo,entity_0317,entity_0319,1,entity_0317,entity_0319,entity_0319,entity_0317,train
pair_007091,query,entity_0175,entity_0180,1,entity_0175,entity_0180,entity_0180,entity_0175,validation
pair_007092,demo,entity_0598,entity_0600,1,entity_0598,entity_0600,entity_0600,entity_0598,train
pair_007093,demo,entity_0726,entity_0728,1,entity_0728,entity_0726,entity_0726,entity_0728,train
pair_007094,query,entity_0055,entity_0059,1,entity_0055,entity_0059,entity_0059,entity_0055,test
pair_007095,demo,entity_0117,entity_0250,0,entity_0250,entity_0117,entity_0117,entity_0250,train
pair_007096,demo,entity_0419,entity_0420,1,entity_0419,entity_0420,entity_0420,entity_0419,train
pair_007097,query,entity_0115,entity_0221,0,entity_0221,entity_0115,entity_0115,entity_0221,test
pair_007098,query,entity_0211,entity_0220,1,entity_0220,entity_0211,entity_0211,entity_0220,test
pair_007099,demo,entity_0392,entity_0995,0,entity_0995,entity_0392,entity_0392,entity_0995,train
pair_007100,query,entity_0192,entity_0199,1,entity_0192,entity_0199,entity_0199,entity_0192,validation
pair_007101,query,entity_0163,entity_0192,0,entity_0192,entity_0163,entity_0163,entity_0192,validation
pair_007102,query,entity_0203,entity_0208,1,entity_0203,entity_0208,entity_0208,entity_0203,validation
pair_007103,demo,entity_0015,entity_0020,1,entity_0015,entity_0020,entity_0020,entity_0015,train
pair_007104,query,entity_0905,entity_0957,0,entity_0905,entity_0957,entity_0957,entity_0905,test
pair_007105,query,entity_0103,entity_0349,0,entity_0103,entity_0349,entity_0349,entity_0103,test
pair_007106,query,entity_0046,entity_0048,1,entity_0046,entity_0048,entity_0048,entity_0046,test
pair_007107,demo,entity_0912,entity_0913,1,entity_0913,entity_0912,entity_0912,entity_0913,train
pair_007108,demo,entity_0217,entity_0219,1,entity_0217,entity_0219,entity_0219,entity_0217,train
pair_007109,query,entity_0070,entity_0608,0,entity_0070,entity_0608,entity_0608,entity_0070,validation
pair_007110,demo,entity_0902,entity_0925,0,entity_0925,entity_0902,entity_0902,entity_0925,train
pair_007111,demo,entity_0176,entity_0912,0,entity_0912,entity_0176,entity_0176,entity_0912,train
pair_007112,demo,entity_0140,entity_0347,0,entity_0347,entity_0140,entity_0140,entity_0347,train
pair_007113,demo,entity_0323,entity_0408,0,entity_0323,entity_0408,entity_0408,entity_0323,train
pair_007114,demo,entity_0004,entity_0121,0,entity_0121,entity_0004,entity_0004,entity_0121,train
pair_007115,query,entity_0062,entity_0793,0,entity_0062,entity_0793,entity_0793,entity_0062,validation
pair_007116,demo,entity_0931,entity_0939,1,entity_0939,entity_0931,entity_0931,entity_0939,train
pair_007117,demo,entity_0802,entity_0808,1,entity_0802,entity_0808,entity_0808,entity_0802,train
pair_007118,query,entity_0674,entity_0677,1,entity_0677,entity_0674,entity_0674,entity_0677,validation
pair_007119,query,entity_0013,entity_0489,0,entity_0489,entity_0013,entity_0013,entity_0489,test
pair_007120,demo,entity_0023,entity_0773,0,entity_0023,entity_0773,entity_0773,entity_0023,train
pair_007121,query,entity_0056,entity_0761,0,entity_0056,entity_0761,entity_0761,entity_0056,validation
pair_007122,query,entity_0471,entity_0520,0,entity_0471,entity_0520,entity_0520,entity_0471,test
pair_007123,demo,entity_0008,entity_0087,0,entity_0087,entity_0008,entity_0008,entity_0087,train
pair_007124,demo,entity_0811,entity_0817,1,entity_0817,entity_0811,entity_0811,entity_0817,train
pair_007125,query,entity_0157,entity_0159,1,entity_0157,entity_0159,entity_0159,entity_0157,test
pair_007126,query,entity_0038,entity_0722,0,entity_0038,entity_0722,entity_0722,entity_0038,test
pair_007127,demo,entity_0112,entity_0115,1,entity_0115,entity_0112,entity_0112,entity_0115,train
pair_007128,query,entity_0063,entity_0065,1,entity_0063,entity_0065,entity_0065,entity_0063,test
pair_007129,query,entity_0422,entity_0423,1,entity_0422,entity_0423,entity_0423,entity_0422,test
pair_007130,query,entity_0106,entity_0856,0,entity_0856,entity_0106,entity_0106,entity_0856,test
pair_007131,demo,entity_0840,entity_0844,0,entity_0840,entity_0844,entity_0844,entity_0840,train
pair_007132,demo,entity_0596,entity_0600,1,entity_0596,entity_0600,entity_0600,entity_0596,train
pair_007133,demo,entity_0797,entity_0799,1,entity_0799,entity_0797,entity_0797,entity_0799,train
pair_007134,query,entity_0158,entity_0159,1,entity_0158,entity_0159,entity_0159,entity_0158,validation
pair_007135,query,entity_0761,entity_0765,1,entity_0761,entity_0765,entity_0765,entity_0761,test
pair_007136,query,entity_0898,entity_0961,0,entity_0961,entity_0898,entity_0898,entity_0961,test
pair_007137,demo,entity_0481,entity_0513,0,entity_0481,entity_0513,entity_0513,entity_0481,train
pair_007138,demo,entity_0766,entity_0834,0,entity_0766,entity_0834,entity_0834,entity_0766,train
pair_007139,query,entity_0487,entity_0488,1,entity_0487,entity_0488,entity_0488,entity_0487,test
pair_007140,query,entity_0333,entity_0962,0,entity_0962,entity_0333,entity_0333,entity_0962,test
pair_007141,demo,entity_0112,entity_0392,0,entity_0112,entity_0392,entity_0392,entity_0112,train
pair_007142,demo,entity_0045,entity_0795,0,entity_0795,entity_0045,entity_0045,entity_0795,train
pair_007143,query,entity_0902,entity_0907,1,entity_0902,entity_0907,entity_0907,entity_0902,validation
pair_007144,demo,entity_0684,entity_0688,1,entity_0688,entity_0684,entity_0684,entity_0688,train
pair_007145,query,entity_0743,entity_0749,1,entity_0749,entity_0743,entity_0743,entity_0749,test
pair_007146,demo,entity_0373,entity_0377,1,entity_0373,entity_0377,entity_0377,entity_0373,train
pair_007147,demo,entity_0812,entity_0818,1,entity_0812,entity_0818,entity_0818,entity_0812,train
pair_007148,demo,entity_0062,entity_0343,0,entity_0062,entity_0343,entity_0343,entity_0062,train
pair_007149,demo,entity_0054,entity_0773,0,entity_0773,entity_0054,entity_0054,entity_0773,train
pair_007150,query,entity_0083,entity_0687,0,entity_0083,entity_0687,entity_0687,entity_0083,test
pair_007151,demo,entity_0020,entity_0593,0,entity_0020,entity_0593,entity_0593,entity_0020,train
pair_007152,demo,entity_0345,entity_0347,1,entity_0347,entity_0345,entity_0345,entity_0347,train
pair_007153,demo,entity_0671,entity_0676,1,entity_0676,entity_0671,entity_0671,entity_0676,train
pair_007154,demo,entity_0086,entity_0207,0,entity_0207,entity_0086,entity_0086,entity_0207,train
pair_007155,demo,entity_0714,entity_0719,1,entity_0719,entity_0714,entity_0714,entity_0719,train
pair_007156,query,entity_0682,entity_0690,1,entity_0690,entity_0682,entity_0682,entity_0690,test
pair_007157,demo,entity_0150,entity_0577,0,entity_0150,entity_0577,entity_0577,entity_0150,train
pair_007158,query,entity_0282,entity_0289,1,entity_0289,entity_0282,entity_0282,entity_0289,test
pair_007159,query,entity_0266,entity_0734,0,entity_0734,entity_0266,entity_0266,entity_0734,test
pair_007160,demo,entity_0542,entity_0546,1,entity_0546,entity_0542,entity_0542,entity_0546,train
pair_007161,query,entity_0371,entity_0378,1,entity_0378,entity_0371,entity_0371,entity_0378,test
pair_007162,demo,entity_0001,entity_0005,1,entity_0005,entity_0001,entity_0001,entity_0005,train
pair_007163,query,entity_0492,entity_0617,0,entity_0492,entity_0617,entity_0617,entity_0492,test
pair_007164,demo,entity_0681,entity_0690,1,entity_0690,entity_0681,entity_0681,entity_0690,train
pair_007165,demo,entity_0503,entity_0508,1,entity_0508,entity_0503,entity_0503,entity_0508,train
pair_007166,demo,entity_0307,entity_0308,1,entity_0307,entity_0308,entity_0308,entity_0307,train
pair_007167,query,entity_0240,entity_0711,0,entity_0711,entity_0240,entity_0240,entity_0711,test
pair_007168,query,entity_0781,entity_0789,1,entity_0789,entity_0781,entity_0781,entity_0789,test
pair_007169,query,entity_0943,entity_0950,1,entity_0943,entity_0950,entity_0950,entity_0943,test
pair_007170,demo,entity_0681,entity_0743,0,entity_0743,entity_0681,entity_0681,entity_0743,train
pair_007171,demo,entity_0753,entity_0832,0,entity_0753,entity_0832,entity_0832,entity_0753,train
pair_007172,demo,entity_0829,entity_0968,0,entity_0829,entity_0968,entity_0968,entity_0829,train
pair_007173,query,entity_0089,entity_0994,0,entity_0994,entity_0089,entity_0089,entity_0994,test
pair_007174,demo,entity_0985,entity_0986,1,entity_0986,entity_0985,entity_0985,entity_0986,train
pair_007175,demo,entity_0260,entity_0295,0,entity_0260,entity_0295,entity_0295,entity_0260,train
pair_007176,query,entity_0411,entity_0418,1,entity_0418,entity_0411,entity_0411,entity_0418,validation
pair_007177,demo,entity_0312,entity_0822,0,entity_0312,entity_0822,entity_0822,entity_0312,train
pair_007178,demo,entity_0006,entity_0453,0,entity_0453,entity_0006,entity_0006,entity_0453,train
pair_007179,demo,entity_0835,entity_0836,1,entity_0836,entity_0835,entity_0835,entity_0836,train
pair_007180,query,entity_0863,entity_0867,1,entity_0863,entity_0867,entity_0867,entity_0863,validation
pair_007181,query,entity_0153,entity_0682,0,entity_0153,entity_0682,entity_0682,entity_0153,validation
pair_007182,demo,entity_0433,entity_0435,1,entity_0433,entity_0435,entity_0435,entity_0433,train
pair_007183,demo,entity_0654,entity_0660,1,entity_0654,entity_0660,entity_0660,entity_0654,train
pair_007184,demo,entity_0916,entity_0919,1,entity_0916,entity_0919,entity_0919,entity_0916,train
pair_007185,query,entity_0017,entity_0931,0,entity_0931,entity_0017,entity_0017,entity_0931,validation
pair_007186,demo,entity_0498,entity_0909,0,entity_0498,entity_0909,entity_0909,entity_0498,train
pair_007187,query,entity_0681,entity_0683,1,entity_0683,entity_0681,entity_0681,entity_0683,test
pair_007188,query,entity_0783,entity_0787,1,entity_0787,entity_0783,entity_0783,entity_0787,test
pair_007189,query,entity_0461,entity_0470,1,entity_0461,entity_0470,entity_0470,entity_0461,validation
pair_007190,query,entity_0621,entity_0626,1,entity_0626,entity_0621,entity_0621,entity_0626,test
pair_007191,query,entity_0007,entity_0213,0,entity_0213,entity_0007,entity_0007,entity_0213,test
pair_007192,demo,entity_0603,entity_0609,1,entity_0603,entity_0609,entity_0609,entity_0603,train
pair_007193,query,entity_0005,entity_0569,0,entity_0569,entity_0005,entity_0005,entity_0569,test
pair_007194,demo,entity_0861,entity_0865,1,entity_0861,entity_0865,entity_0865,entity_0861,train
pair_007195,query,entity_0982,entity_0984,1,entity_0982,entity_0984,entity_0984,entity_0982,test
pair_007196,query,entity_0592,entity_0593,1,entity_0592,entity_0593,entity_0593,entity_0592,test
pair_007197,query,entity_0599,entity_0600,1,entity_0599,entity_0600,entity_0600,entity_0599,test
pair_007198,demo,entity_0416,entity_0426,0,entity_0426,entity_0416,entity_0416,entity_0426,train
pair_007199,query,entity_0813,entity_0817,1,entity_0813,entity_0817,entity_0817,entity_0813,test
pair_007200,query,entity_0411,entity_0416,1,entity_0416,entity_0411,entity_0411,entity_0416,test
pair_007201,query,entity_0287,entity_0968,0,entity_0968,entity_0287,entity_0287,entity_0968,test
pair_007202,demo,entity_0501,entity_0510,1,entity_0501,entity_0510,entity_0510,entity_0501,train
pair_007203,query,entity_0347,entity_0945,0,entity_0945,entity_0347,entity_0347,entity_0945,test
pair_007204,query,entity_0381,entity_0385,1,entity_0381,entity_0385,entity_0385,entity_0381,test
pair_007205,demo,entity_0104,entity_0106,1,entity_0106,entity_0104,entity_0104,entity_0106,train
pair_007206,query,entity_0582,entity_0585,1,entity_0582,entity_0585,entity_0585,entity_0582,validation
pair_007207,query,entity_0909,entity_0910,1,entity_0910,entity_0909,entity_0909,entity_0910,test
pair_007208,query,entity_0481,entity_0488,1,entity_0488,entity_0481,entity_0481,entity_0488,test
pair_007209,demo,entity_0857,entity_0910,0,entity_0857,entity_0910,entity_0910,entity_0857,train
pair_007210,demo,entity_0711,entity_0718,1,entity_0711,entity_0718,entity_0718,entity_0711,train
pair_007211,query,entity_0043,entity_0674,0,entity_0043,entity_0674,entity_0674,entity_0043,test
pair_007212,demo,entity_0493,entity_0498,1,entity_0498,entity_0493,entity_0493,entity_0498,train
pair_007213,query,entity_0163,entity_0941,0,entity_0163,entity_0941,entity_0941,entity_0163,validation
pair_007214,demo,entity_0087,entity_0089,1,entity_0087,entity_0089,entity_0089,entity_0087,train
pair_007215,demo,entity_0581,entity_0582,1,entity_0581,entity_0582,entity_0582,entity_0581,train
pair_007216,demo,entity_0859,entity_0949,0,entity_0859,entity_0949,entity_0949,entity_0859,train
pair_007217,demo,entity_0607,entity_0609,1,entity_0607,entity_0609,entity_0609,entity_0607,train
pair_007218,demo,entity_0146,entity_0148,1,entity_0148,entity_0146,entity_0146,entity_0148,train
pair_007219,query,entity_0257,entity_0804,0,entity_0257,entity_0804,entity_0804,entity_0257,test
pair_007220,demo,entity_0221,entity_0648,0,entity_0648,entity_0221,entity_0221,entity_0648,train
pair_007221,demo,entity_0207,entity_0598,0,entity_0207,entity_0598,entity_0598,entity_0207,train
pair_007222,demo,entity_0150,entity_0213,0,entity_0213,entity_0150,entity_0150,entity_0213,train
pair_007223,query,entity_0283,entity_0552,0,entity_0283,entity_0552,entity_0552,entity_0283,test
pair_007224,query,entity_0103,entity_0663,0,entity_0103,entity_0663,entity_0663,entity_0103,validation
pair_007225,query,entity_0151,entity_0157,1,entity_0151,entity_0157,entity_0157,entity_0151,validation
pair_007226,query,entity_0953,entity_0956,1,entity_0956,entity_0953,entity_0953,entity_0956,test
pair_007227,demo,entity_0078,entity_0080,1,entity_0078,entity_0080,entity_0080,entity_0078,train
pair_007228,demo,entity_0701,entity_0710,1,entity_0701,entity_0710,entity_0710,entity_0701,train
pair_007229,query,entity_0642,entity_0880,0,entity_0642,entity_0880,entity_0880,entity_0642,test
pair_007230,demo,entity_0427,entity_0923,0,entity_0427,entity_0923,entity_0923,entity_0427,train
pair_007231,query,entity_0036,entity_0417,0,entity_0036,entity_0417,entity_0417,entity_0036,test
pair_007232,query,entity_0073,entity_0075,1,entity_0073,entity_0075,entity_0075,entity_0073,test
pair_007233,query,entity_0492,entity_0496,1,entity_0496,entity_0492,entity_0492,entity_0496,test
pair_007234,query,entity_0371,entity_0646,0,entity_0646,entity_0371,entity_0371,entity_0646,test
pair_007235,demo,entity_0541,entity_0543,1,entity_0543,entity_0541,entity_0541,entity_0543,train
pair_007236,query,entity_0902,entity_0903,1,entity_0902,entity_0903,entity_0903,entity_0902,test
pair_007237,query,entity_0572,entity_0574,1,entity_0574,entity_0572,entity_0572,entity_0574,test
pair_007238,demo,entity_0180,entity_0820,0,entity_0180,entity_0820,entity_0820,entity_0180,train
pair_007239,demo,entity_0705,entity_0707,1,entity_0705,entity_0707,entity_0707,entity_0705,train
pair_007240,demo,entity_0733,entity_0972,0,entity_0733,entity_0972,entity_0972,entity_0733,train
pair_007241,query,entity_0765,entity_0770,1,entity_0770,entity_0765,entity_0765,entity_0770,validation
pair_007242,query,entity_0005,entity_0451,0,entity_0451,entity_0005,entity_0005,entity_0451,test
pair_007243,query,entity_0195,entity_0200,1,entity_0200,entity_0195,entity_0195,entity_0200,test
pair_007244,query,entity_0695,entity_0698,1,entity_0695,entity_0698,entity_0698,entity_0695,test
pair_007245,demo,entity_0714,entity_0720,1,entity_0720,entity_0714,entity_0714,entity_0720,train
pair_007246,query,entity_0418,entity_0419,1,entity_0419,entity_0418,entity_0418,entity_0419,test
pair_007247,demo,entity_0161,entity_0497,0,entity_0161,entity_0497,entity_0497,entity_0161,train
pair_007248,demo,entity_0392,entity_0599,0,entity_0392,entity_0599,entity_0599,entity_0392,train
pair_007249,query,entity_0732,entity_0959,0,entity_0959,entity_0732,entity_0732,entity_0959,test
pair_007250,query,entity_0795,entity_0937,0,entity_0795,entity_0937,entity_0937,entity_0795,test
pair_007251,query,entity_0113,entity_0114,1,entity_0113,entity_0114,entity_0114,entity_0113,test
pair_007252,query,entity_0234,entity_0905,0,entity_0234,entity_0905,entity_0905,entity_0234,test
pair_007253,query,entity_0812,entity_0866,0,entity_0812,entity_0866,entity_0866,entity_0812,validation
pair_007254,demo,entity_0231,entity_0235,1,entity_0235,entity_0231,entity_0231,entity_0235,train
pair_007255,demo,entity_0866,entity_0921,0,entity_0921,entity_0866,entity_0866,entity_0921,train
pair_007256,query,entity_0327,entity_0330,1,entity_0327,entity_0330,entity_0330,entity_0327,test
pair_007257,query,entity_0024,entity_0427,0,entity_0427,entity_0024,entity_0024,entity_0427,test
pair_007258,query,entity_0501,entity_0630,0,entity_0501,entity_0630,entity_0630,entity_0501,test
pair_007259,query,entity_0901,entity_0909,1,entity_0901,entity_0909,entity_0909,entity_0901,validation
pair_007260,demo,entity_0406,entity_0407,1,entity_0407,entity_0406,entity_0406,entity_0407,train
pair_007261,query,entity_0046,entity_0759,0,entity_0759,entity_0046,entity_0046,entity_0759,test
pair_007262,demo,entity_0121,entity_0380,0,entity_0380,entity_0121,entity_0121,entity_0380,train
pair_007263,query,entity_0491,entity_0807,0,entity_0491,entity_0807,entity_0807,entity_0491,test
pair_007264,query,entity_0567,entity_0570,1,entity_0570,entity_0567,entity_0567,entity_0570,test
pair_007265,demo,entity_0096,entity_0768,0,entity_0096,entity_0768,entity_0768,entity_0096,train
pair_007266,query,entity_0224,entity_0532,0,entity_0224,entity_0532,entity_0532,entity_0224,test
pair_007267,demo,entity_0594,entity_0598,1,entity_0594,entity_0598,entity_0598,entity_0594,train
pair_007268,demo,entity_0602,entity_0639,0,entity_0639,entity_0602,entity_0602,entity_0639,train
pair_007269,query,entity_0572,entity_0576,1,entity_0572,entity_0576,entity_0576,entity_0572,validation
pair_007270,demo,entity_0317,entity_0795,0,entity_0317,entity_0795,entity_0795,entity_0317,train
pair_007271,query,entity_0998,entity_1000,1,entity_0998,entity_1000,entity_1000,entity_0998,test
pair_007272,query,entity_0104,entity_0175,0,entity_0175,entity_0104,entity_0104,entity_0175,test
pair_007273,demo,entity_0244,entity_0602,0,entity_0602,entity_0244,entity_0244,entity_0602,train
pair_007274,demo,entity_0124,entity_0125,1,entity_0125,entity_0124,entity_0124,entity_0125,train
pair_007275,demo,entity_0562,entity_0757,0,entity_0757,entity_0562,entity_0562,entity_0757,train
pair_007276,query,entity_0439,entity_0476,0,entity_0439,entity_0476,entity_0476,entity_0439,test
pair_007277,query,entity_0996,entity_0997,1,entity_0996,entity_0997,entity_0997,entity_0996,test
pair_007278,query,entity_0478,entity_0479,1,entity_0478,entity_0479,entity_0479,entity_0478,test
pair_007279,demo,entity_0578,entity_0593,0,entity_0578,entity_0593,entity_0593,entity_0578,train
pair_007280,demo,entity_0044,entity_0776,0,entity_0776,entity_0044,entity_0044,entity_0776,train
pair_007281,query,entity_0563,entity_0659,0,entity_0659,entity_0563,entity_0563,entity_0659,test
pair_007282,demo,entity_0319,entity_0543,0,entity_0543,entity_0319,entity_0319,entity_0543,train
pair_007283,query,entity_0282,entity_0285,1,entity_0282,entity_0285,entity_0285,entity_0282,validation
pair_007284,query,entity_0222,entity_0229,1,entity_0222,entity_0229,entity_0229,entity_0222,test
pair_007285,demo,entity_0054,entity_0175,0,entity_0175,entity_0054,entity_0054,entity_0175,train
pair_007286,query,entity_0582,entity_0587,1,entity_0587,entity_0582,entity_0582,entity_0587,test
pair_007287,demo,entity_0617,entity_0861,0,entity_0617,entity_0861,entity_0861,entity_0617,train
pair_007288,demo,entity_0632,entity_0812,0,entity_0632,entity_0812,entity_0812,entity_0632,train
pair_007289,demo,entity_0330,entity_0728,0,entity_0728,entity_0330,entity_0330,entity_0728,train
pair_007290,query,entity_0008,entity_0742,0,entity_0008,entity_0742,entity_0742,entity_0008,test
pair_007291,demo,entity_0099,entity_0155,0,entity_0099,entity_0155,entity_0155,entity_0099,train
pair_007292,demo,entity_0596,entity_0597,1,entity_0597,entity_0596,entity_0596,entity_0597,train
pair_007293,query,entity_0510,entity_0647,0,entity_0510,entity_0647,entity_0647,entity_0510,test
pair_007294,query,entity_0502,entity_0510,1,entity_0510,entity_0502,entity_0502,entity_0510,test
pair_007295,query,entity_0771,entity_0773,1,entity_0773,entity_0771,entity_0771,entity_0773,test
pair_007296,demo,entity_0832,entity_0898,0,entity_0832,entity_0898,entity_0898,entity_0832,train
pair_007297,query,entity_0458,entity_0710,0,entity_0710,entity_0458,entity_0458,entity_0710,test
pair_007298,query,entity_0273,entity_0811,0,entity_0273,entity_0811,entity_0811,entity_0273,validation
pair_007299,query,entity_0161,entity_0162,1,entity_0162,entity_0161,entity_0161,entity_0162,test
pair_007300,demo,entity_0183,entity_0184,1,entity_0184,entity_0183,entity_0183,entity_0184,train
pair_007301,query,entity_0793,entity_0798,1,entity_0793,entity_0798,entity_0798,entity_0793,test
pair_007302,query,entity_0594,entity_0957,0,entity_0957,entity_0594,entity_0594,entity_0957,test
pair_007303,demo,entity_0582,entity_0588,1,entity_0582,entity_0588,entity_0588,entity_0582,train
pair_007304,demo,entity_0556,entity_0560,1,entity_0560,entity_0556,entity_0556,entity_0560,train
pair_007305,demo,entity_0885,entity_0887,1,entity_0887,entity_0885,entity_0885,entity_0887,train
pair_007306,query,entity_0833,entity_0836,1,entity_0836,entity_0833,entity_0833,entity_0836,test
pair_007307,demo,entity_0806,entity_0807,1,entity_0807,entity_0806,entity_0806,entity_0807,train
pair_007308,query,entity_0729,entity_0768,0,entity_0729,entity_0768,entity_0768,entity_0729,validation
pair_007309,query,entity_0616,entity_0619,1,entity_0619,entity_0616,entity_0616,entity_0619,test
pair_007310,query,entity_0477,entity_0897,0,entity_0897,entity_0477,entity_0477,entity_0897,test
pair_007311,demo,entity_0161,entity_0168,1,entity_0161,entity_0168,entity_0168,entity_0161,train
pair_007312,demo,entity_0097,entity_0288,0,entity_0097,entity_0288,entity_0288,entity_0097,train
pair_007313,demo,entity_0684,entity_0689,1,entity_0684,entity_0689,entity_0689,entity_0684,train
pair_007314,demo,entity_0143,entity_0357,0,entity_0357,entity_0143,entity_0143,entity_0357,train
pair_007315,demo,entity_0168,entity_0526,0,entity_0168,entity_0526,entity_0526,entity_0168,train
pair_007316,query,entity_0194,entity_0614,0,entity_0194,entity_0614,entity_0614,entity_0194,test
pair_007317,demo,entity_0039,entity_0430,0,entity_0039,entity_0430,entity_0430,entity_0039,train
pair_007318,demo,entity_0014,entity_0148,0,entity_0148,entity_0014,entity_0014,entity_0148,train
pair_007319,query,entity_0841,entity_0845,1,entity_0841,entity_0845,entity_0845,entity_0841,test
pair_007320,demo,entity_0498,entity_0888,0,entity_0498,entity_0888,entity_0888,entity_0498,train
pair_007321,query,entity_0358,entity_0591,0,entity_0358,entity_0591,entity_0591,entity_0358,test
pair_007322,demo,entity_0125,entity_0128,1,entity_0128,entity_0125,entity_0125,entity_0128,train
pair_007323,demo,entity_0361,entity_0794,0,entity_0361,entity_0794,entity_0794,entity_0361,train
pair_007324,query,entity_0410,entity_0841,0,entity_0841,entity_0410,entity_0410,entity_0841,test
pair_007325,query,entity_0697,entity_0902,0,entity_0902,entity_0697,entity_0697,entity_0902,test
pair_007326,query,entity_0104,entity_0920,0,entity_0104,entity_0920,entity_0920,entity_0104,validation
pair_007327,query,entity_0879,entity_1000,0,entity_0879,entity_1000,entity_1000,entity_0879,validation
pair_007328,demo,entity_0405,entity_0408,1,entity_0408,entity_0405,entity_0405,entity_0408,train
pair_007329,demo,entity_0316,entity_0849,0,entity_0316,entity_0849,entity_0849,entity_0316,train
pair_007330,query,entity_0375,entity_0379,1,entity_0375,entity_0379,entity_0379,entity_0375,test
pair_007331,query,entity_0227,entity_0691,0,entity_0691,entity_0227,entity_0227,entity_0691,test
pair_007332,demo,entity_0266,entity_0267,1,entity_0266,entity_0267,entity_0267,entity_0266,train
pair_007333,query,entity_0927,entity_0929,1,entity_0927,entity_0929,entity_0929,entity_0927,test
pair_007334,query,entity_0121,entity_0124,1,entity_0124,entity_0121,entity_0121,entity_0124,validation
pair_007335,query,entity_0698,entity_0699,1,entity_0698,entity_0699,entity_0699,entity_0698,test
pair_007336,query,entity_0242,entity_0245,1,entity_0242,entity_0245,entity_0245,entity_0242,test
pair_007337,query,entity_0644,entity_0719,0,entity_0644,entity_0719,entity_0719,entity_0644,test
pair_007338,demo,entity_0296,entity_0768,0,entity_0296,entity_0768,entity_0768,entity_0296,train
pair_007339,query,entity_0617,entity_0783,0,entity_0783,entity_0617,entity_0617,entity_0783,test
pair_007340,query,entity_0264,entity_0267,1,entity_0264,entity_0267,entity_0267,entity_0264,validation
pair_007341,demo,entity_0529,entity_0591,0,entity_0529,entity_0591,entity_0591,entity_0529,train
pair_007342,demo,entity_0158,entity_0780,0,entity_0780,entity_0158,entity_0158,entity_0780,train
pair_007343,query,entity_0481,entity_0482,1,entity_0481,entity_0482,entity_0482,entity_0481,test
pair_007344,demo,entity_0145,entity_0417,0,entity_0145,entity_0417,entity_0417,entity_0145,train
pair_007345,demo,entity_0821,entity_0829,1,entity_0821,entity_0829,entity_0829,entity_0821,train
pair_007346,demo,entity_0403,entity_0528,0,entity_0528,entity_0403,entity_0403,entity_0528,train
pair_007347,demo,entity_0231,entity_0232,1,entity_0232,entity_0231,entity_0231,entity_0232,train
pair_007348,query,entity_0448,entity_0668,0,entity_0448,entity_0668,entity_0668,entity_0448,test
pair_007349,query,entity_0625,entity_0626,1,entity_0625,entity_0626,entity_0626,entity_0625,validation
pair_007350,query,entity_0833,entity_0838,1,entity_0833,entity_0838,entity_0838,entity_0833,test
pair_007351,demo,entity_0448,entity_0918,0,entity_0918,entity_0448,entity_0448,entity_0918,train
pair_007352,demo,entity_0293,entity_0850,0,entity_0850,entity_0293,entity_0293,entity_0850,train
pair_007353,demo,entity_0795,entity_0852,0,entity_0795,entity_0852,entity_0852,entity_0795,train
pair_007354,demo,entity_0080,entity_0701,0,entity_0080,entity_0701,entity_0701,entity_0080,train
pair_007355,query,entity_0391,entity_0394,1,entity_0391,entity_0394,entity_0394,entity_0391,test
pair_007356,query,entity_0458,entity_0459,1,entity_0458,entity_0459,entity_0459,entity_0458,test
pair_007357,demo,entity_0996,entity_1000,1,entity_0996,entity_1000,entity_1000,entity_0996,train
pair_007358,query,entity_0473,entity_0474,1,entity_0474,entity_0473,entity_0473,entity_0474,test
pair_007359,demo,entity_0038,entity_0767,0,entity_0767,entity_0038,entity_0038,entity_0767,train
pair_007360,query,entity_0078,entity_0862,0,entity_0078,entity_0862,entity_0862,entity_0078,test
pair_007361,demo,entity_0030,entity_0761,0,entity_0030,entity_0761,entity_0761,entity_0030,train
pair_007362,demo,entity_0491,entity_0500,1,entity_0500,entity_0491,entity_0491,entity_0500,train
pair_007363,query,entity_0791,entity_0799,1,entity_0799,entity_0791,entity_0791,entity_0799,test
pair_007364,query,entity_0382,entity_0545,0,entity_0545,entity_0382,entity_0382,entity_0545,test
pair_007365,demo,entity_0754,entity_0760,1,entity_0760,entity_0754,entity_0754,entity_0760,train
pair_007366,demo,entity_0797,entity_0798,1,entity_0797,entity_0798,entity_0798,entity_0797,train
pair_007367,query,entity_0854,entity_0855,1,entity_0855,entity_0854,entity_0854,entity_0855,test
pair_007368,query,entity_0237,entity_0240,1,entity_0237,entity_0240,entity_0240,entity_0237,test
pair_007369,demo,entity_0134,entity_0138,1,entity_0138,entity_0134,entity_0134,entity_0138,train
pair_007370,query,entity_0052,entity_0059,1,entity_0052,entity_0059,entity_0059,entity_0052,test
pair_007371,query,entity_0951,entity_0958,1,entity_0951,entity_0958,entity_0958,entity_0951,validation
pair_007372,query,entity_0141,entity_0456,0,entity_0456,entity_0141,entity_0141,entity_0456,test
pair_007373,demo,entity_0377,entity_0379,1,entity_0377,entity_0379,entity_0379,entity_0377,train
pair_007374,query,entity_0173,entity_0799,0,entity_0799,entity_0173,entity_0173,entity_0799,test
pair_007375,query,entity_0001,entity_0648,0,entity_0648,entity_0001,entity_0001,entity_0648,test
pair_007376,demo,entity_0621,entity_0629,1,entity_0621,entity_0629,entity_0629,entity_0621,train
pair_007377,query,entity_0277,entity_0280,1,entity_0277,entity_0280,entity_0280,entity_0277,test
pair_007378,demo,entity_0651,entity_0655,1,entity_0655,entity_0651,entity_0651,entity_0655,train
pair_007379,query,entity_0824,entity_0825,1,entity_0824,entity_0825,entity_0825,entity_0824,validation
pair_007380,demo,entity_0120,entity_0654,0,entity_0654,entity_0120,entity_0120,entity_0654,train
pair_007381,query,entity_0343,entity_0345,1,entity_0343,entity_0345,entity_0345,entity_0343,test
pair_007382,query,entity_0611,entity_0891,0,entity_0891,entity_0611,entity_0611,entity_0891,test
pair_007383,query,entity_0079,entity_0595,0,entity_0595,entity_0079,entity_0079,entity_0595,test
pair_007384,demo,entity_0142,entity_0148,1,entity_0142,entity_0148,entity_0148,entity_0142,train
pair_007385,query,entity_0083,entity_0460,0,entity_0460,entity_0083,entity_0083,entity_0460,test
pair_007386,query,entity_0891,entity_0900,1,entity_0900,entity_0891,entity_0891,entity_0900,validation
pair_007387,demo,entity_0341,entity_0349,1,entity_0349,entity_0341,entity_0341,entity_0349,train
pair_007388,demo,entity_0500,entity_0952,0,entity_0500,entity_0952,entity_0952,entity_0500,train
pair_007389,demo,entity_0428,entity_0430,1,entity_0430,entity_0428,entity_0428,entity_0430,train
pair_007390,demo,entity_0379,entity_0380,1,entity_0380,entity_0379,entity_0379,entity_0380,train
pair_007391,demo,entity_0649,entity_0769,0,entity_0769,entity_0649,entity_0649,entity_0769,train
pair_007392,demo,entity_0305,entity_0469,0,entity_0469,entity_0305,entity_0305,entity_0469,train
pair_007393,demo,entity_0428,entity_0453,0,entity_0428,entity_0453,entity_0453,entity_0428,train
pair_007394,query,entity_0044,entity_0827,0,entity_0827,entity_0044,entity_0044,entity_0827,test
pair_007395,query,entity_0143,entity_0147,1,entity_0143,entity_0147,entity_0147,entity_0143,test
pair_007396,demo,entity_0212,entity_0213,1,entity_0212,entity_0213,entity_0213,entity_0212,train
pair_007397,demo,entity_0256,entity_0320,0,entity_0320,entity_0256,entity_0256,entity_0320,train
pair_007398,query,entity_0421,entity_0749,0,entity_0749,entity_0421,entity_0421,entity_0749,validation
pair_007399,demo,entity_0457,entity_0458,1,entity_0457,entity_0458,entity_0458,entity_0457,train
pair_007400,query,entity_0267,entity_0884,0,entity_0884,entity_0267,entity_0267,entity_0884,validation
pair_007401,query,entity_0132,entity_0395,0,entity_0395,entity_0132,entity_0132,entity_0395,test
pair_007402,demo,entity_0259,entity_0770,0,entity_0259,entity_0770,entity_0770,entity_0259,train
pair_007403,demo,entity_0811,entity_0816,1,entity_0811,entity_0816,entity_0816,entity_0811,train
pair_007404,query,entity_0295,entity_0839,0,entity_0295,entity_0839,entity_0839,entity_0295,test
pair_007405,demo,entity_0091,entity_0678,0,entity_0678,entity_0091,entity_0091,entity_0678,train
pair_007406,query,entity_0258,entity_0492,0,entity_0258,entity_0492,entity_0492,entity_0258,test
pair_007407,demo,entity_0639,entity_0725,0,entity_0725,entity_0639,entity_0639,entity_0725,train
pair_007408,query,entity_0746,entity_0748,1,entity_0748,entity_0746,entity_0746,entity_0748,test
pair_007409,query,entity_0106,entity_0654,0,entity_0654,entity_0106,entity_0106,entity_0654,test
pair_007410,query,entity_0805,entity_0806,1,entity_0806,entity_0805,entity_0805,entity_0806,test
pair_007411,query,entity_0863,entity_0864,1,entity_0863,entity_0864,entity_0864,entity_0863,test
pair_007412,query,entity_0942,entity_0950,1,entity_0942,entity_0950,entity_0950,entity_0942,test
pair_007413,demo,entity_0953,entity_0991,0,entity_0953,entity_0991,entity_0991,entity_0953,train
pair_007414,demo,entity_0445,entity_0449,1,entity_0445,entity_0449,entity_0449,entity_0445,train
pair_007415,demo,entity_0481,entity_0483,1,entity_0483,entity_0481,entity_0481,entity_0483,train
pair_007416,demo,entity_0518,entity_0519,1,entity_0519,entity_0518,entity_0518,entity_0519,train
pair_007417,query,entity_0211,entity_0215,1,entity_0215,entity_0211,entity_0211,entity_0215,test
pair_007418,query,entity_0162,entity_0168,1,entity_0168,entity_0162,entity_0162,entity_0168,validation
pair_007419,demo,entity_0634,entity_0639,1,entity_0634,entity_0639,entity_0639,entity_0634,train
pair_007420,query,entity_0756,entity_0759,1,entity_0759,entity_0756,entity_0756,entity_0759,test
pair_007421,query,entity_0023,entity_0026,1,entity_0023,entity_0026,entity_0026,entity_0023,validation
pair_007422,query,entity_0611,entity_0787,0,entity_0787,entity_0611,entity_0611,entity_0787,test
pair_007423,query,entity_0734,entity_0737,1,entity_0734,entity_0737,entity_0737,entity_0734,test
pair_007424,demo,entity_0322,entity_0330,1,entity_0330,entity_0322,entity_0322,entity_0330,train
pair_007425,demo,entity_0655,entity_0660,1,entity_0655,entity_0660,entity_0660,entity_0655,train
pair_007426,query,entity_0654,entity_0759,0,entity_0654,entity_0759,entity_0759,entity_0654,test
pair_007427,query,entity_0351,entity_0430,0,entity_0430,entity_0351,entity_0351,entity_0430,test
pair_007428,demo,entity_0108,entity_0930,0,entity_0108,entity_0930,entity_0930,entity_0108,train
pair_007429,demo,entity_0281,entity_0286,1,entity_0281,entity_0286,entity_0286,entity_0281,train
pair_007430,demo,entity_0409,entity_0948,0,entity_0948,entity_0409,entity_0409,entity_0948,train
pair_007431,demo,entity_0762,entity_0769,1,entity_0762,entity_0769,entity_0769,entity_0762,train
pair_007432,query,entity_0256,entity_0877,0,entity_0256,entity_0877,entity_0877,entity_0256,test
pair_007433,query,entity_0044,entity_0343,0,entity_0044,entity_0343,entity_0343,entity_0044,test
pair_007434,query,entity_0110,entity_0229,0,entity_0229,entity_0110,entity_0110,entity_0229,test
pair_007435,query,entity_0285,entity_0287,1,entity_0285,entity_0287,entity_0287,entity_0285,test
pair_007436,query,entity_0574,entity_0575,1,entity_0574,entity_0575,entity_0575,entity_0574,test
pair_007437,query,entity_0392,entity_0400,1,entity_0400,entity_0392,entity_0392,entity_0400,validation
pair_007438,demo,entity_0993,entity_0999,1,entity_0993,entity_0999,entity_0999,entity_0993,train
pair_007439,demo,entity_0827,entity_0829,1,entity_0827,entity_0829,entity_0829,entity_0827,train
pair_007440,demo,entity_0183,entity_0907,0,entity_0907,entity_0183,entity_0183,entity_0907,train
pair_007441,query,entity_0688,entity_0690,1,entity_0688,entity_0690,entity_0690,entity_0688,validation
pair_007442,query,entity_0815,entity_0817,1,entity_0815,entity_0817,entity_0817,entity_0815,test
pair_007443,query,entity_0084,entity_0250,0,entity_0084,entity_0250,entity_0250,entity_0084,test
pair_007444,demo,entity_0324,entity_0328,1,entity_0324,entity_0328,entity_0328,entity_0324,train
pair_007445,demo,entity_0501,entity_0686,0,entity_0501,entity_0686,entity_0686,entity_0501,train
pair_007446,demo,entity_0237,entity_0691,0,entity_0237,entity_0691,entity_0691,entity_0237,train
pair_007447,demo,entity_0407,entity_0409,1,entity_0407,entity_0409,entity_0409,entity_0407,train
pair_007448,query,entity_0134,entity_0137,1,entity_0137,entity_0134,entity_0134,entity_0137,test
pair_007449,demo,entity_0685,entity_0687,1,entity_0685,entity_0687,entity_0687,entity_0685,train
pair_007450,query,entity_0051,entity_0056,1,entity_0051,entity_0056,entity_0056,entity_0051,validation
pair_007451,query,entity_0356,entity_0577,0,entity_0577,entity_0356,entity_0356,entity_0577,test
pair_007452,demo,entity_0119,entity_0225,0,entity_0119,entity_0225,entity_0225,entity_0119,train
pair_007453,query,entity_0975,entity_0977,1,entity_0975,entity_0977,entity_0977,entity_0975,validation
pair_007454,query,entity_0583,entity_0587,1,entity_0587,entity_0583,entity_0583,entity_0587,test
pair_007455,query,entity_0044,entity_0050,1,entity_0044,entity_0050,entity_0050,entity_0044,test
pair_007456,query,entity_0683,entity_0987,0,entity_0987,entity_0683,entity_0683,entity_0987,validation
pair_007457,demo,entity_0002,entity_0868,0,entity_0002,entity_0868,entity_0868,entity_0002,train
pair_007458,demo,entity_0352,entity_0356,1,entity_0356,entity_0352,entity_0352,entity_0356,train
pair_007459,demo,entity_0201,entity_0202,1,entity_0201,entity_0202,entity_0202,entity_0201,train
pair_007460,query,entity_0831,entity_0834,1,entity_0831,entity_0834,entity_0834,entity_0831,test
pair_007461,query,entity_0270,entity_0530,0,entity_0270,entity_0530,entity_0530,entity_0270,validation
pair_007462,demo,entity_0247,entity_0456,0,entity_0456,entity_0247,entity_0247,entity_0456,train
pair_007463,query,entity_0774,entity_0778,1,entity_0778,entity_0774,entity_0774,entity_0778,validation
pair_007464,query,entity_0603,entity_0607,1,entity_0607,entity_0603,entity_0603,entity_0607,validation
pair_007465,query,entity_0991,entity_0997,1,entity_0997,entity_0991,entity_0991,entity_0997,test
pair_007466,query,entity_0243,entity_0247,1,entity_0247,entity_0243,entity_0243,entity_0247,validation
pair_007467,demo,entity_0435,entity_0954,0,entity_0435,entity_0954,entity_0954,entity_0435,train
pair_007468,query,entity_0348,entity_0535,0,entity_0535,entity_0348,entity_0348,entity_0535,test
pair_007469,demo,entity_0544,entity_0545,1,entity_0545,entity_0544,entity_0544,entity_0545,train
pair_007470,query,entity_0284,entity_0731,0,entity_0731,entity_0284,entity_0284,entity_0731,test
pair_007471,query,entity_0330,entity_0664,0,entity_0664,entity_0330,entity_0330,entity_0664,test
pair_007472,demo,entity_0001,entity_0808,0,entity_0808,entity_0001,entity_0001,entity_0808,train
pair_007473,query,entity_0313,entity_0864,0,entity_0864,entity_0313,entity_0313,entity_0864,test
pair_007474,query,entity_0086,entity_0088,1,entity_0088,entity_0086,entity_0086,entity_0088,validation
pair_007475,demo,entity_0470,entity_0685,0,entity_0470,entity_0685,entity_0685,entity_0470,train
pair_007476,query,entity_0781,entity_0993,0,entity_0993,entity_0781,entity_0781,entity_0993,validation
pair_007477,demo,entity_0522,entity_0748,0,entity_0522,entity_0748,entity_0748,entity_0522,train
pair_007478,query,entity_0268,entity_0508,0,entity_0508,entity_0268,entity_0268,entity_0508,test
pair_007479,query,entity_0040,entity_0484,0,entity_0484,entity_0040,entity_0040,entity_0484,test
pair_007480,query,entity_0615,entity_0694,0,entity_0694,entity_0615,entity_0615,entity_0694,validation
pair_007481,query,entity_0043,entity_0813,0,entity_0813,entity_0043,entity_0043,entity_0813,test
pair_007482,query,entity_0236,entity_0533,0,entity_0236,entity_0533,entity_0533,entity_0236,test
pair_007483,demo,entity_0183,entity_0781,0,entity_0781,entity_0183,entity_0183,entity_0781,train
pair_007484,query,entity_0711,entity_0716,1,entity_0711,entity_0716,entity_0716,entity_0711,test
pair_007485,demo,entity_0062,entity_0889,0,entity_0889,entity_0062,entity_0062,entity_0889,train
pair_007486,demo,entity_0501,entity_0755,0,entity_0501,entity_0755,entity_0755,entity_0501,train
pair_007487,query,entity_0391,entity_0399,1,entity_0391,entity_0399,entity_0399,entity_0391,test
pair_007488,query,entity_0863,entity_0866,1,entity_0863,entity_0866,entity_0866,entity_0863,validation
pair_007489,query,entity_0586,entity_0702,0,entity_0702,entity_0586,entity_0586,entity_0702,test
pair_007490,demo,entity_0803,entity_0922,0,entity_0922,entity_0803,entity_0803,entity_0922,train
pair_007491,query,entity_0523,entity_0527,1,entity_0527,entity_0523,entity_0523,entity_0527,validation
pair_007492,demo,entity_0642,entity_0721,0,entity_0642,entity_0721,entity_0721,entity_0642,train
pair_007493,query,entity_0025,entity_0932,0,entity_0025,entity_0932,entity_0932,entity_0025,validation
pair_007494,query,entity_0003,entity_0447,0,entity_0447,entity_0003,entity_0003,entity_0447,test
pair_007495,demo,entity_0093,entity_0770,0,entity_0770,entity_0093,entity_0093,entity_0770,train
pair_007496,query,entity_0036,entity_0804,0,entity_0036,entity_0804,entity_0804,entity_0036,test
pair_007497,demo,entity_0249,entity_0824,0,entity_0824,entity_0249,entity_0249,entity_0824,train
pair_007498,query,entity_0483,entity_0967,0,entity_0967,entity_0483,entity_0483,entity_0967,test
pair_007499,demo,entity_0040,entity_0991,0,entity_0991,entity_0040,entity_0040,entity_0991,train
pair_007500,query,entity_0694,entity_0696,1,entity_0694,entity_0696,entity_0696,entity_0694,validation
pair_007501,demo,entity_0089,entity_0551,0,entity_0089,entity_0551,entity_0551,entity_0089,train
pair_007502,demo,entity_0741,entity_0744,1,entity_0744,entity_0741,entity_0741,entity_0744,train
pair_007503,demo,entity_0551,entity_0554,1,entity_0554,entity_0551,entity_0551,entity_0554,train
pair_007504,query,entity_0816,entity_0853,0,entity_0853,entity_0816,entity_0816,entity_0853,test
pair_007505,demo,entity_0570,entity_0687,0,entity_0687,entity_0570,entity_0570,entity_0687,train
pair_007506,demo,entity_0372,entity_0554,0,entity_0554,entity_0372,entity_0372,entity_0554,train
pair_007507,demo,entity_0176,entity_0672,0,entity_0176,entity_0672,entity_0672,entity_0176,train
pair_007508,query,entity_0625,entity_0630,1,entity_0630,entity_0625,entity_0625,entity_0630,test
pair_007509,demo,entity_0183,entity_0186,1,entity_0186,entity_0183,entity_0183,entity_0186,train
pair_007510,demo,entity_0322,entity_0323,1,entity_0323,entity_0322,entity_0322,entity_0323,train
pair_007511,query,entity_0628,entity_0705,0,entity_0705,entity_0628,entity_0628,entity_0705,test
pair_007512,demo,entity_0471,entity_0605,0,entity_0471,entity_0605,entity_0605,entity_0471,train
pair_007513,demo,entity_0184,entity_0605,0,entity_0605,entity_0184,entity_0184,entity_0605,train
pair_007514,demo,entity_0668,entity_0971,0,entity_0971,entity_0668,entity_0668,entity_0971,train
pair_007515,demo,entity_0209,entity_0213,0,entity_0213,entity_0209,entity_0209,entity_0213,train
pair_007516,demo,entity_0013,entity_0016,1,entity_0013,entity_0016,entity_0016,entity_0013,train
pair_007517,query,entity_0415,entity_0783,0,entity_0783,entity_0415,entity_0415,entity_0783,test
pair_007518,demo,entity_0857,entity_0964,0,entity_0857,entity_0964,entity_0964,entity_0857,train
pair_007519,demo,entity_0266,entity_0268,1,entity_0266,entity_0268,entity_0268,entity_0266,train
pair_007520,demo,entity_0691,entity_0700,1,entity_0700,entity_0691,entity_0691,entity_0700,train
pair_007521,query,entity_0189,entity_0582,0,entity_0582,entity_0189,entity_0189,entity_0582,test
pair_007522,demo,entity_0180,entity_0475,0,entity_0475,entity_0180,entity_0180,entity_0475,train
pair_007523,demo,entity_0201,entity_0416,0,entity_0416,entity_0201,entity_0201,entity_0416,train
pair_007524,query,entity_0801,entity_0809,1,entity_0809,entity_0801,entity_0801,entity_0809,test
pair_007525,query,entity_0168,entity_0619,0,entity_0168,entity_0619,entity_0619,entity_0168,test
pair_007526,demo,entity_0701,entity_0709,1,entity_0701,entity_0709,entity_0709,entity_0701,train
pair_007527,query,entity_0306,entity_0310,1,entity_0310,entity_0306,entity_0306,entity_0310,validation
pair_007528,demo,entity_0136,entity_0686,0,entity_0136,entity_0686,entity_0686,entity_0136,train
pair_007529,demo,entity_0525,entity_0527,1,entity_0525,entity_0527,entity_0527,entity_0525,train
pair_007530,demo,entity_0395,entity_0844,0,entity_0844,entity_0395,entity_0395,entity_0844,train
pair_007531,query,entity_0475,entity_0479,1,entity_0479,entity_0475,entity_0475,entity_0479,test
pair_007532,query,entity_0250,entity_0568,0,entity_0568,entity_0250,entity_0250,entity_0568,test
pair_007533,query,entity_0323,entity_0326,1,entity_0326,entity_0323,entity_0323,entity_0326,test
pair_007534,demo,entity_0891,entity_0898,1,entity_0891,entity_0898,entity_0898,entity_0891,train
pair_007535,query,entity_0405,entity_0409,1,entity_0405,entity_0409,entity_0409,entity_0405,test
pair_007536,query,entity_0404,entity_0423,0,entity_0404,entity_0423,entity_0423,entity_0404,test
pair_007537,demo,entity_0571,entity_0575,1,entity_0571,entity_0575,entity_0575,entity_0571,train
pair_007538,query,entity_0012,entity_0015,1,entity_0012,entity_0015,entity_0015,entity_0012,test
pair_007539,query,entity_0453,entity_0681,0,entity_0453,entity_0681,entity_0681,entity_0453,test
pair_007540,query,entity_0471,entity_0893,0,entity_0471,entity_0893,entity_0893,entity_0471,test
pair_007541,query,entity_0803,entity_0809,1,entity_0809,entity_0803,entity_0803,entity_0809,test
pair_007542,demo,entity_0404,entity_0422,0,entity_0404,entity_0422,entity_0422,entity_0404,train
pair_007543,demo,entity_0894,entity_0900,1,entity_0894,entity_0900,entity_0900,entity_0894,train
pair_007544,query,entity_0153,entity_0395,0,entity_0153,entity_0395,entity_0395,entity_0153,validation
pair_007545,demo,entity_0081,entity_0642,0,entity_0081,entity_0642,entity_0642,entity_0081,train
pair_007546,demo,entity_0588,entity_0626,0,entity_0626,entity_0588,entity_0588,entity_0626,train
pair_007547,query,entity_0891,entity_0892,1,entity_0891,entity_0892,entity_0892,entity_0891,test
pair_007548,demo,entity_0213,entity_0219,1,entity_0213,entity_0219,entity_0219,entity_0213,train
pair_007549,demo,entity_0892,entity_0896,1,entity_0892,entity_0896,entity_0896,entity_0892,train
pair_007550,query,entity_0501,entity_0508,1,entity_0501,entity_0508,entity_0508,entity_0501,test
pair_007551,demo,entity_0223,entity_0964,0,entity_0964,entity_0223,entity_0223,entity_0964,train
pair_007552,demo,entity_0743,entity_0746,1,entity_0746,entity_0743,entity_0743,entity_0746,train
pair_007553,demo,entity_0574,entity_0767,0,entity_0574,entity_0767,entity_0767,entity_0574,train
pair_007554,demo,entity_0096,entity_0123,0,entity_0123,entity_0096,entity_0096,entity_0123,train
pair_007555,query,entity_0832,entity_0835,1,entity_0832,entity_0835,entity_0835,entity_0832,test
pair_007556,query,entity_0083,entity_0089,1,entity_0083,entity_0089,entity_0089,entity_0083,test
pair_007557,demo,entity_0491,entity_0498,1,entity_0491,entity_0498,entity_0498,entity_0491,train
pair_007558,demo,entity_0282,entity_0286,1,entity_0282,entity_0286,entity_0286,entity_0282,train
pair_007559,query,entity_0191,entity_0193,1,entity_0191,entity_0193,entity_0193,entity_0191,test
pair_007560,query,entity_0241,entity_0793,0,entity_0793,entity_0241,entity_0241,entity_0793,test
pair_007561,demo,entity_0079,entity_0160,0,entity_0160,entity_0079,entity_0079,entity_0160,train
pair_007562,query,entity_0875,entity_0877,1,entity_0875,entity_0877,entity_0877,entity_0875,validation
pair_007563,demo,entity_0663,entity_0669,1,entity_0669,entity_0663,entity_0663,entity_0669,train
pair_007564,query,entity_0406,entity_0649,0,entity_0406,entity_0649,entity_0649,entity_0406,test
pair_007565,demo,entity_0498,entity_0771,0,entity_0771,entity_0498,entity_0498,entity_0771,train
pair_007566,demo,entity_0202,entity_0207,1,entity_0202,entity_0207,entity_0207,entity_0202,train
pair_007567,query,entity_0658,entity_0665,0,entity_0658,entity_0665,entity_0665,entity_0658,test
pair_007568,query,entity_0083,entity_0090,1,entity_0090,entity_0083,entity_0083,entity_0090,test
pair_007569,query,entity_0078,entity_0638,0,entity_0078,entity_0638,entity_0638,entity_0078,test
pair_007570,demo,entity_0543,entity_0550,1,entity_0550,entity_0543,entity_0543,entity_0550,train
pair_007571,query,entity_0041,entity_0047,1,entity_0041,entity_0047,entity_0047,entity_0041,validation
pair_007572,query,entity_0035,entity_0036,1,entity_0036,entity_0035,entity_0035,entity_0036,test
pair_007573,query,entity_0005,entity_0009,1,entity_0005,entity_0009,entity_0009,entity_0005,validation
pair_007574,query,entity_0722,entity_0786,0,entity_0722,entity_0786,entity_0786,entity_0722,test
pair_007575,demo,entity_0609,entity_0656,0,entity_0609,entity_0656,entity_0656,entity_0609,train
pair_007576,query,entity_0037,entity_0164,0,entity_0164,entity_0037,entity_0037,entity_0164,test
pair_007577,query,entity_0978,entity_0993,0,entity_0978,entity_0993,entity_0993,entity_0978,validation
pair_007578,query,entity_0750,entity_0834,0,entity_0834,entity_0750,entity_0750,entity_0834,test
pair_007579,demo,entity_0009,entity_0084,0,entity_0009,entity_0084,entity_0084,entity_0009,train
pair_007580,query,entity_0872,entity_0875,1,entity_0875,entity_0872,entity_0872,entity_0875,test
pair_007581,query,entity_0337,entity_0436,0,entity_0337,entity_0436,entity_0436,entity_0337,test
pair_007582,query,entity_0185,entity_0187,1,entity_0187,entity_0185,entity_0185,entity_0187,validation
pair_007583,demo,entity_0214,entity_0430,0,entity_0430,entity_0214,entity_0214,entity_0430,train
pair_007584,query,entity_0147,entity_0346,0,entity_0346,entity_0147,entity_0147,entity_0346,validation
pair_007585,demo,entity_0494,entity_0499,1,entity_0499,entity_0494,entity_0494,entity_0499,train
pair_007586,query,entity_0077,entity_0079,1,entity_0077,entity_0079,entity_0079,entity_0077,test
pair_007587,query,entity_0638,entity_0837,0,entity_0837,entity_0638,entity_0638,entity_0837,test
pair_007588,query,entity_0451,entity_0452,1,entity_0451,entity_0452,entity_0452,entity_0451,test
pair_007589,query,entity_0682,entity_0698,0,entity_0698,entity_0682,entity_0682,entity_0698,validation
pair_007590,demo,entity_0742,entity_0745,1,entity_0742,entity_0745,entity_0745,entity_0742,train
pair_007591,demo,entity_0291,entity_0294,1,entity_0294,entity_0291,entity_0291,entity_0294,train
pair_007592,query,entity_0033,entity_0737,0,entity_0033,entity_0737,entity_0737,entity_0033,test
pair_007593,demo,entity_0383,entity_0753,0,entity_0753,entity_0383,entity_0383,entity_0753,train
pair_007594,query,entity_0771,entity_0775,1,entity_0775,entity_0771,entity_0771,entity_0775,validation
pair_007595,demo,entity_0431,entity_0440,1,entity_0431,entity_0440,entity_0440,entity_0431,train
pair_007596,query,entity_0129,entity_0509,0,entity_0129,entity_0509,entity_0509,entity_0129,test
pair_007597,query,entity_0885,entity_0886,1,entity_0885,entity_0886,entity_0886,entity_0885,test
pair_007598,query,entity_0077,entity_0165,0,entity_0077,entity_0165,entity_0165,entity_0077,test
pair_007599,demo,entity_0272,entity_0276,1,entity_0276,entity_0272,entity_0272,entity_0276,train
pair_007600,demo,entity_0162,entity_0166,1,entity_0162,entity_0166,entity_0166,entity_0162,train
pair_007601,demo,entity_0204,entity_0208,1,entity_0204,entity_0208,entity_0208,entity_0204,train
pair_007602,demo,entity_0222,entity_0224,1,entity_0222,entity_0224,entity_0224,entity_0222,train
pair_007603,query,entity_0691,entity_0696,1,entity_0696,entity_0691,entity_0691,entity_0696,test
pair_007604,demo,entity_0942,entity_0945,1,entity_0942,entity_0945,entity_0945,entity_0942,train
pair_007605,demo,entity_0031,entity_0035,1,entity_0035,entity_0031,entity_0031,entity_0035,train
pair_007606,demo,entity_0222,entity_0227,1,entity_0227,entity_0222,entity_0222,entity_0227,train
pair_007607,demo,entity_0991,entity_0995,1,entity_0991,entity_0995,entity_0995,entity_0991,train
pair_007608,query,entity_0644,entity_0646,1,entity_0646,entity_0644,entity_0644,entity_0646,test
pair_007609,demo,entity_0831,entity_0840,1,entity_0831,entity_0840,entity_0840,entity_0831,train
pair_007610,demo,entity_0539,entity_0756,0,entity_0539,entity_0756,entity_0756,entity_0539,train
pair_007611,query,entity_0109,entity_0368,0,entity_0109,entity_0368,entity_0368,entity_0109,test
pair_007612,query,entity_0460,entity_0918,0,entity_0460,entity_0918,entity_0918,entity_0460,test
pair_007613,query,entity_0017,entity_0018,1,entity_0018,entity_0017,entity_0017,entity_0018,validation
pair_007614,query,entity_0981,entity_0988,1,entity_0988,entity_0981,entity_0981,entity_0988,test
pair_007615,demo,entity_0516,entity_0518,1,entity_0516,entity_0518,entity_0518,entity_0516,train
pair_007616,demo,entity_0875,entity_0880,1,entity_0880,entity_0875,entity_0875,entity_0880,train
pair_007617,demo,entity_0011,entity_0487,0,entity_0011,entity_0487,entity_0487,entity_0011,train
pair_007618,demo,entity_0701,entity_0775,0,entity_0701,entity_0775,entity_0775,entity_0701,train
pair_007619,demo,entity_0933,entity_0935,1,entity_0935,entity_0933,entity_0933,entity_0935,train
pair_007620,demo,entity_0633,entity_0634,1,entity_0634,entity_0633,entity_0633,entity_0634,train
pair_007621,demo,entity_0923,entity_0994,0,entity_0923,entity_0994,entity_0994,entity_0923,train
pair_007622,demo,entity_0582,entity_0583,1,entity_0583,entity_0582,entity_0582,entity_0583,train
pair_007623,query,entity_0443,entity_0829,0,entity_0443,entity_0829,entity_0829,entity_0443,test
pair_007624,query,entity_0201,entity_0285,0,entity_0201,entity_0285,entity_0285,entity_0201,validation
pair_007625,query,entity_0210,entity_0435,0,entity_0435,entity_0210,entity_0210,entity_0435,test
pair_007626,demo,entity_0493,entity_0497,1,entity_0497,entity_0493,entity_0493,entity_0497,train
pair_007627,query,entity_0021,entity_0030,1,entity_0030,entity_0021,entity_0021,entity_0030,test
pair_007628,query,entity_0354,entity_0648,0,entity_0648,entity_0354,entity_0354,entity_0648,test
pair_007629,query,entity_0412,entity_0818,0,entity_0818,entity_0412,entity_0412,entity_0818,test
pair_007630,query,entity_0765,entity_0768,1,entity_0768,entity_0765,entity_0765,entity_0768,test
pair_007631,demo,entity_0795,entity_0797,1,entity_0797,entity_0795,entity_0795,entity_0797,train
pair_007632,query,entity_0011,entity_0019,1,entity_0011,entity_0019,entity_0019,entity_0011,test
pair_007633,query,entity_0718,entity_0967,0,entity_0718,entity_0967,entity_0967,entity_0718,test
pair_007634,query,entity_0827,entity_0916,0,entity_0916,entity_0827,entity_0827,entity_0916,test
pair_007635,query,entity_0120,entity_0676,0,entity_0120,entity_0676,entity_0676,entity_0120,test
pair_007636,query,entity_0945,entity_0950,1,entity_0950,entity_0945,entity_0945,entity_0950,test
pair_007637,demo,entity_0580,entity_0596,0,entity_0580,entity_0596,entity_0596,entity_0580,train
pair_007638,demo,entity_0690,entity_0914,0,entity_0914,entity_0690,entity_0690,entity_0914,train
pair_007639,query,entity_0025,entity_0029,1,entity_0025,entity_0029,entity_0029,entity_0025,test
pair_007640,query,entity_0197,entity_0551,0,entity_0551,entity_0197,entity_0197,entity_0551,test
pair_007641,query,entity_0095,entity_0099,1,entity_0095,entity_0099,entity_0099,entity_0095,validation
pair_007642,query,entity_0391,entity_0400,1,entity_0400,entity_0391,entity_0391,entity_0400,test
pair_007643,demo,entity_0526,entity_0528,1,entity_0526,entity_0528,entity_0528,entity_0526,train
pair_007644,query,entity_0427,entity_0430,1,entity_0427,entity_0430,entity_0430,entity_0427,test
pair_007645,query,entity_0068,entity_0925,0,entity_0068,entity_0925,entity_0925,entity_0068,test
pair_007646,query,entity_0273,entity_0280,1,entity_0273,entity_0280,entity_0280,entity_0273,test
pair_007647,demo,entity_0567,entity_0568,1,entity_0568,entity_0567,entity_0567,entity_0568,train
pair_007648,query,entity_0019,entity_0451,0,entity_0019,entity_0451,entity_0451,entity_0019,test
pair_007649,query,entity_0943,entity_0945,1,entity_0943,entity_0945,entity_0945,entity_0943,validation
pair_007650,demo,entity_0566,entity_0570,1,entity_0570,entity_0566,entity_0566,entity_0570,train
pair_007651,demo,entity_0324,entity_0472,0,entity_0472,entity_0324,entity_0324,entity_0472,train
pair_007652,query,entity_0803,entity_0805,1,entity_0803,entity_0805,entity_0805,entity_0803,test
pair_007653,demo,entity_0236,entity_0335,0,entity_0335,entity_0236,entity_0236,entity_0335,train
pair_007654,query,entity_0509,entity_0812,0,entity_0812,entity_0509,entity_0509,entity_0812,test
pair_007655,demo,entity_0017,entity_0248,0,entity_0017,entity_0248,entity_0248,entity_0017,train
pair_007656,demo,entity_0364,entity_0370,1,entity_0370,entity_0364,entity_0364,entity_0370,train
pair_007657,demo,entity_0484,entity_0723,0,entity_0484,entity_0723,entity_0723,entity_0484,train
pair_007658,query,entity_0361,entity_0365,1,entity_0365,entity_0361,entity_0361,entity_0365,test
pair_007659,query,entity_0355,entity_0448,0,entity_0448,entity_0355,entity_0355,entity_0448,test
pair_007660,demo,entity_0482,entity_0490,1,entity_0482,entity_0490,entity_0490,entity_0482,train
pair_007661,demo,entity_0586,entity_0589,1,entity_0589,entity_0586,entity_0586,entity_0589,train
pair_007662,query,entity_0133,entity_0137,1,entity_0133,entity_0137,entity_0137,entity_0133,validation
pair_007663,demo,entity_0971,entity_0979,1,entity_0971,entity_0979,entity_0979,entity_0971,train
pair_007664,demo,entity_0171,entity_0176,1,entity_0171,entity_0176,entity_0176,entity_0171,train
pair_007665,query,entity_0715,entity_0936,0,entity_0936,entity_0715,entity_0715,entity_0936,test
pair_007666,query,entity_0891,entity_0895,1,entity_0891,entity_0895,entity_0895,entity_0891,test
pair_007667,demo,entity_0313,entity_0318,1,entity_0313,entity_0318,entity_0318,entity_0313,train
pair_007668,query,entity_0254,entity_0507,0,entity_0507,entity_0254,entity_0254,entity_0507,test
pair_007669,query,entity_0037,entity_0841,0,entity_0841,entity_0037,entity_0037,entity_0841,test
pair_007670,query,entity_0137,entity_0514,0,entity_0137,entity_0514,entity_0514,entity_0137,test
pair_007671,query,entity_0836,entity_0839,1,entity_0836,entity_0839,entity_0839,entity_0836,test
pair_007672,demo,entity_0561,entity_0888,0,entity_0888,entity_0561,entity_0561,entity_0888,train
pair_007673,query,entity_0249,entity_0250,1,entity_0250,entity_0249,entity_0249,entity_0250,validation
pair_007674,query,entity_0409,entity_0447,0,entity_0447,entity_0409,entity_0409,entity_0447,test
pair_007675,demo,entity_0126,entity_0428,0,entity_0126,entity_0428,entity_0428,entity_0126,train
pair_007676,query,entity_0242,entity_0249,1,entity_0242,entity_0249,entity_0249,entity_0242,test
pair_007677,query,entity_0152,entity_0605,0,entity_0152,entity_0605,entity_0605,entity_0152,validation
pair_007678,demo,entity_0106,entity_0110,1,entity_0106,entity_0110,entity_0110,entity_0106,train
pair_007679,query,entity_0318,entity_0560,0,entity_0318,entity_0560,entity_0560,entity_0318,test
pair_007680,demo,entity_0144,entity_0298,0,entity_0298,entity_0144,entity_0144,entity_0298,train
pair_007681,demo,entity_0764,entity_0770,1,entity_0770,entity_0764,entity_0764,entity_0770,train
pair_007682,query,entity_0655,entity_0657,1,entity_0657,entity_0655,entity_0655,entity_0657,validation
pair_007683,query,entity_0567,entity_0921,0,entity_0921,entity_0567,entity_0567,entity_0921,test
pair_007684,demo,entity_0018,entity_0331,0,entity_0018,entity_0331,entity_0331,entity_0018,train
pair_007685,demo,entity_0446,entity_0450,1,entity_0446,entity_0450,entity_0450,entity_0446,train
pair_007686,query,entity_0261,entity_0268,1,entity_0268,entity_0261,entity_0261,entity_0268,validation
pair_007687,query,entity_0403,entity_0858,0,entity_0403,entity_0858,entity_0858,entity_0403,test
pair_007688,query,entity_0713,entity_0718,1,entity_0718,entity_0713,entity_0713,entity_0718,test
pair_007689,query,entity_0199,entity_0721,0,entity_0721,entity_0199,entity_0199,entity_0721,test
pair_007690,demo,entity_0031,entity_0894,0,entity_0031,entity_0894,entity_0894,entity_0031,train
pair_007691,demo,entity_0362,entity_0365,1,entity_0362,entity_0365,entity_0365,entity_0362,train
pair_007692,demo,entity_0984,entity_0987,1,entity_0987,entity_0984,entity_0984,entity_0987,train
pair_007693,demo,entity_0357,entity_0996,0,entity_0357,entity_0996,entity_0996,entity_0357,train
pair_007694,query,entity_0089,entity_0793,0,entity_0793,entity_0089,entity_0089,entity_0793,test
pair_007695,demo,entity_0166,entity_0858,0,entity_0166,entity_0858,entity_0858,entity_0166,train
pair_007696,demo,entity_0003,entity_0905,0,entity_0905,entity_0003,entity_0003,entity_0905,train
pair_007697,query,entity_0343,entity_0823,0,entity_0823,entity_0343,entity_0343,entity_0823,test
pair_007698,query,entity_0166,entity_0802,0,entity_0802,entity_0166,entity_0166,entity_0802,test
pair_007699,demo,entity_0156,entity_0253,0,entity_0253,entity_0156,entity_0156,entity_0253,train
pair_007700,demo,entity_0058,entity_0060,1,entity_0058,entity_0060,entity_0060,entity_0058,train
pair_007701,demo,entity_0535,entity_0540,1,entity_0540,entity_0535,entity_0535,entity_0540,train
pair_007702,query,entity_0034,entity_0044,0,entity_0044,entity_0034,entity_0034,entity_0044,validation
pair_007703,demo,entity_0851,entity_0858,1,entity_0858,entity_0851,entity_0851,entity_0858,train
pair_007704,demo,entity_0187,entity_0189,1,entity_0189,entity_0187,entity_0187,entity_0189,train
pair_007705,demo,entity_0056,entity_0060,1,entity_0056,entity_0060,entity_0060,entity_0056,train
pair_007706,query,entity_0613,entity_0618,1,entity_0618,entity_0613,entity_0613,entity_0618,test
pair_007707,demo,entity_0324,entity_0330,1,entity_0330,entity_0324,entity_0324,entity_0330,train
pair_007708,demo,entity_0526,entity_0527,1,entity_0526,entity_0527,entity_0527,entity_0526,train
pair_007709,query,entity_0120,entity_0406,0,entity_0120,entity_0406,entity_0406,entity_0120,test
pair_007710,query,entity_0872,entity_0874,1,entity_0872,entity_0874,entity_0874,entity_0872,validation
pair_007711,query,entity_0486,entity_0639,0,entity_0639,entity_0486,entity_0486,entity_0639,test
pair_007712,query,entity_0334,entity_0339,1,entity_0334,entity_0339,entity_0339,entity_0334,test
pair_007713,demo,entity_0358,entity_0999,0,entity_0358,entity_0999,entity_0999,entity_0358,train
pair_007714,demo,entity_0985,entity_0988,1,entity_0988,entity_0985,entity_0985,entity_0988,train
pair_007715,query,entity_0004,entity_0008,1,entity_0008,entity_0004,entity_0004,entity_0008,validation
pair_007716,demo,entity_0424,entity_0428,1,entity_0424,entity_0428,entity_0428,entity_0424,train
pair_007717,query,entity_0282,entity_0353,0,entity_0282,entity_0353,entity_0353,entity_0282,test
pair_007718,demo,entity_0165,entity_0169,1,entity_0165,entity_0169,entity_0169,entity_0165,train
pair_007719,query,entity_0063,entity_0660,0,entity_0660,entity_0063,entity_0063,entity_0660,test
pair_007720,query,entity_0536,entity_0538,1,entity_0536,entity_0538,entity_0538,entity_0536,test
pair_007721,demo,entity_0924,entity_0928,1,entity_0924,entity_0928,entity_0928,entity_0924,train
pair_007722,demo,entity_0861,entity_0867,1,entity_0867,entity_0861,entity_0861,entity_0867,train
pair_007723,query,entity_0245,entity_0593,0,entity_0593,entity_0245,entity_0245,entity_0593,validation
pair_007724,demo,entity_0376,entity_0378,1,entity_0376,entity_0378,entity_0378,entity_0376,train
pair_007725,query,entity_0014,entity_0020,1,entity_0020,entity_0014,entity_0014,entity_0020,test
pair_007726,demo,entity_0255,entity_0483,0,entity_0255,entity_0483,entity_0483,entity_0255,train
pair_007727,query,entity_0081,entity_0514,0,entity_0081,entity_0514,entity_0514,entity_0081,test
pair_007728,query,entity_0931,entity_0936,1,entity_0936,entity_0931,entity_0931,entity_0936,test
pair_007729,query,entity_0771,entity_0774,1,entity_0771,entity_0774,entity_0774,entity_0771,test
pair_007730,query,entity_0065,entity_0626,0,entity_0626,entity_0065,entity_0065,entity_0626,validation
pair_007731,demo,entity_0265,entity_0268,1,entity_0268,entity_0265,entity_0265,entity_0268,train
pair_007732,demo,entity_0532,entity_0571,0,entity_0532,entity_0571,entity_0571,entity_0532,train
pair_007733,query,entity_0702,entity_0739,0,entity_0702,entity_0739,entity_0739,entity_0702,validation
pair_007734,query,entity_0630,entity_0909,0,entity_0630,entity_0909,entity_0909,entity_0630,test
pair_007735,query,entity_0216,entity_0460,0,entity_0216,entity_0460,entity_0460,entity_0216,test
pair_007736,demo,entity_0732,entity_0736,1,entity_0732,entity_0736,entity_0736,entity_0732,train
pair_007737,query,entity_0613,entity_0620,1,entity_0620,entity_0613,entity_0613,entity_0620,test
pair_007738,query,entity_0721,entity_0725,1,entity_0721,entity_0725,entity_0725,entity_0721,test
pair_007739,demo,entity_0707,entity_0708,1,entity_0708,entity_0707,entity_0707,entity_0708,train
pair_007740,query,entity_0256,entity_0259,1,entity_0259,entity_0256,entity_0256,entity_0259,validation
pair_007741,demo,entity_0622,entity_0915,0,entity_0622,entity_0915,entity_0915,entity_0622,train
pair_007742,demo,entity_0113,entity_0119,1,entity_0119,entity_0113,entity_0113,entity_0119,train
pair_007743,demo,entity_0373,entity_0375,1,entity_0373,entity_0375,entity_0375,entity_0373,train
pair_007744,demo,entity_0238,entity_0785,0,entity_0238,entity_0785,entity_0785,entity_0238,train
pair_007745,query,entity_0762,entity_0770,1,entity_0762,entity_0770,entity_0770,entity_0762,test
pair_007746,demo,entity_0701,entity_0708,1,entity_0701,entity_0708,entity_0708,entity_0701,train
pair_007747,demo,entity_0016,entity_0116,0,entity_0116,entity_0016,entity_0016,entity_0116,train
pair_007748,query,entity_0613,entity_0953,0,entity_0953,entity_0613,entity_0613,entity_0953,test
pair_007749,query,entity_0386,entity_0387,1,entity_0387,entity_0386,entity_0386,entity_0387,validation
pair_007750,demo,entity_0561,entity_0563,1,entity_0563,entity_0561,entity_0561,entity_0563,train
pair_007751,demo,entity_0024,entity_0791,0,entity_0791,entity_0024,entity_0024,entity_0791,train
pair_007752,query,entity_0591,entity_0594,1,entity_0591,entity_0594,entity_0594,entity_0591,test
pair_007753,query,entity_0263,entity_0268,1,entity_0263,entity_0268,entity_0268,entity_0263,test
pair_007754,query,entity_0170,entity_0462,0,entity_0170,entity_0462,entity_0462,entity_0170,test
pair_007755,query,entity_0504,entity_0507,1,entity_0507,entity_0504,entity_0504,entity_0507,test
pair_007756,demo,entity_0535,entity_0931,0,entity_0931,entity_0535,entity_0535,entity_0931,train
pair_007757,demo,entity_0533,entity_0537,1,entity_0533,entity_0537,entity_0537,entity_0533,train
pair_007758,query,entity_0435,entity_0932,0,entity_0435,entity_0932,entity_0932,entity_0435,test
pair_007759,demo,entity_0237,entity_0775,0,entity_0775,entity_0237,entity_0237,entity_0775,train
pair_007760,query,entity_0664,entity_0667,1,entity_0664,entity_0667,entity_0667,entity_0664,validation
pair_007761,query,entity_0324,entity_0326,1,entity_0326,entity_0324,entity_0324,entity_0326,test
pair_007762,query,entity_0428,entity_0861,0,entity_0428,entity_0861,entity_0861,entity_0428,validation
pair_007763,query,entity_0711,entity_0908,0,entity_0711,entity_0908,entity_0908,entity_0711,test
pair_007764,demo,entity_0250,entity_0496,0,entity_0496,entity_0250,entity_0250,entity_0496,train
pair_007765,query,entity_0672,entity_0679,1,entity_0672,entity_0679,entity_0679,entity_0672,validation
pair_007766,demo,entity_0496,entity_0558,0,entity_0496,entity_0558,entity_0558,entity_0496,train
pair_007767,demo,entity_0708,entity_0710,1,entity_0708,entity_0710,entity_0710,entity_0708,train
pair_007768,demo,entity_0581,entity_0769,0,entity_0769,entity_0581,entity_0581,entity_0769,train
pair_007769,query,entity_0004,entity_0922,0,entity_0922,entity_0004,entity_0004,entity_0922,test
pair_007770,query,entity_0123,entity_0124,1,entity_0123,entity_0124,entity_0124,entity_0123,test
pair_007771,demo,entity_0117,entity_0845,0,entity_0845,entity_0117,entity_0117,entity_0845,train
pair_007772,query,entity_0871,entity_0877,1,entity_0871,entity_0877,entity_0877,entity_0871,validation
pair_007773,query,entity_0071,entity_0080,1,entity_0080,entity_0071,entity_0071,entity_0080,test
pair_007774,query,entity_0113,entity_0957,0,entity_0957,entity_0113,entity_0113,entity_0957,test
pair_007775,demo,entity_0315,entity_0316,1,entity_0316,entity_0315,entity_0315,entity_0316,train
pair_007776,demo,entity_0192,entity_0194,1,entity_0192,entity_0194,entity_0194,entity_0192,train
pair_007777,demo,entity_0377,entity_0380,1,entity_0377,entity_0380,entity_0380,entity_0377,train
pair_007778,query,entity_0965,entity_0966,1,entity_0965,entity_0966,entity_0966,entity_0965,validation
pair_007779,demo,entity_0868,entity_0869,1,entity_0869,entity_0868,entity_0868,entity_0869,train
pair_007780,query,entity_0755,entity_0759,1,entity_0755,entity_0759,entity_0759,entity_0755,test
pair_007781,query,entity_0753,entity_0759,1,entity_0759,entity_0753,entity_0753,entity_0759,test
pair_007782,demo,entity_0733,entity_0735,1,entity_0735,entity_0733,entity_0733,entity_0735,train
pair_007783,query,entity_0143,entity_0211,0,entity_0211,entity_0143,entity_0143,entity_0211,test
pair_007784,demo,entity_0571,entity_0573,1,entity_0571,entity_0573,entity_0573,entity_0571,train
pair_007785,query,entity_0601,entity_0606,1,entity_0606,entity_0601,entity_0601,entity_0606,test
pair_007786,query,entity_0054,entity_0435,0,entity_0054,entity_0435,entity_0435,entity_0054,test
pair_007787,query,entity_0972,entity_0974,1,entity_0972,entity_0974,entity_0974,entity_0972,validation
pair_007788,query,entity_0586,entity_0587,1,entity_0587,entity_0586,entity_0586,entity_0587,test
pair_007789,query,entity_0021,entity_0580,0,entity_0580,entity_0021,entity_0021,entity_0580,test
pair_007790,query,entity_0921,entity_0923,1,entity_0921,entity_0923,entity_0923,entity_0921,test
pair_007791,query,entity_0564,entity_0568,1,entity_0568,entity_0564,entity_0564,entity_0568,test
pair_007792,demo,entity_0577,entity_0578,1,entity_0577,entity_0578,entity_0578,entity_0577,train
pair_007793,query,entity_0108,entity_0547,0,entity_0547,entity_0108,entity_0108,entity_0547,test
pair_007794,query,entity_0074,entity_0077,1,entity_0077,entity_0074,entity_0074,entity_0077,test
pair_007795,query,entity_0051,entity_0820,0,entity_0820,entity_0051,entity_0051,entity_0820,test
pair_007796,query,entity_0559,entity_0945,0,entity_0559,entity_0945,entity_0945,entity_0559,test
pair_007797,demo,entity_0212,entity_0499,0,entity_0212,entity_0499,entity_0499,entity_0212,train
pair_007798,demo,entity_0775,entity_0780,1,entity_0775,entity_0780,entity_0780,entity_0775,train
pair_007799,demo,entity_0007,entity_0432,0,entity_0007,entity_0432,entity_0432,entity_0007,train
pair_007800,demo,entity_0867,entity_0910,0,entity_0867,entity_0910,entity_0910,entity_0867,train
pair_007801,query,entity_0757,entity_0908,0,entity_0757,entity_0908,entity_0908,entity_0757,test
pair_007802,demo,entity_0103,entity_0765,0,entity_0765,entity_0103,entity_0103,entity_0765,train
pair_007803,demo,entity_0283,entity_0366,0,entity_0366,entity_0283,entity_0283,entity_0366,train
pair_007804,demo,entity_0346,entity_0661,0,entity_0661,entity_0346,entity_0346,entity_0661,train
pair_007805,demo,entity_0301,entity_0310,1,entity_0301,entity_0310,entity_0310,entity_0301,train
pair_007806,query,entity_0615,entity_0698,0,entity_0615,entity_0698,entity_0698,entity_0615,validation
pair_007807,query,entity_0655,entity_0864,0,entity_0864,entity_0655,entity_0655,entity_0864,test
pair_007808,query,entity_0786,entity_0789,1,entity_0789,entity_0786,entity_0786,entity_0789,test
pair_007809,query,entity_0681,entity_0768,0,entity_0768,entity_0681,entity_0681,entity_0768,test
pair_007810,demo,entity_0518,entity_0726,0,entity_0726,entity_0518,entity_0518,entity_0726,train
pair_007811,demo,entity_0784,entity_0786,1,entity_0784,entity_0786,entity_0786,entity_0784,train
pair_007812,query,entity_0367,entity_0488,0,entity_0367,entity_0488,entity_0488,entity_0367,test
pair_007813,query,entity_0710,entity_0940,0,entity_0710,entity_0940,entity_0940,entity_0710,test
pair_007814,query,entity_0492,entity_0909,0,entity_0909,entity_0492,entity_0492,entity_0909,test
pair_007815,demo,entity_0131,entity_0132,1,entity_0131,entity_0132,entity_0132,entity_0131,train
pair_007816,query,entity_0727,entity_0901,0,entity_0901,entity_0727,entity_0727,entity_0901,test
pair_007817,query,entity_0087,entity_0622,0,entity_0622,entity_0087,entity_0087,entity_0622,test
pair_007818,demo,entity_0045,entity_0186,0,entity_0186,entity_0045,entity_0045,entity_0186,train
pair_007819,query,entity_0026,entity_0030,1,entity_0026,entity_0030,entity_0030,entity_0026,test
pair_007820,query,entity_0036,entity_0084,0,entity_0084,entity_0036,entity_0036,entity_0084,test
pair_007821,demo,entity_0733,entity_0792,0,entity_0733,entity_0792,entity_0792,entity_0733,train
pair_007822,query,entity_0446,entity_0936,0,entity_0446,entity_0936,entity_0936,entity_0446,validation
pair_007823,query,entity_0453,entity_0459,1,entity_0453,entity_0459,entity_0459,entity_0453,test
pair_007824,query,entity_0308,entity_0730,0,entity_0730,entity_0308,entity_0308,entity_0730,validation
pair_007825,query,entity_0181,entity_0313,0,entity_0181,entity_0313,entity_0313,entity_0181,test
pair_007826,demo,entity_0440,entity_0600,0,entity_0600,entity_0440,entity_0440,entity_0600,train
pair_007827,demo,entity_0049,entity_0082,0,entity_0082,entity_0049,entity_0049,entity_0082,train
pair_007828,query,entity_0063,entity_0067,1,entity_0067,entity_0063,entity_0063,entity_0067,test
pair_007829,query,entity_0824,entity_0827,1,entity_0827,entity_0824,entity_0824,entity_0827,test
pair_007830,query,entity_0561,entity_0565,1,entity_0565,entity_0561,entity_0561,entity_0565,test
pair_007831,demo,entity_0231,entity_0233,1,entity_0233,entity_0231,entity_0231,entity_0233,train
pair_007832,demo,entity_0480,entity_0515,0,entity_0480,entity_0515,entity_0515,entity_0480,train
pair_007833,query,entity_0084,entity_0085,1,entity_0085,entity_0084,entity_0084,entity_0085,test
pair_007834,demo,entity_0022,entity_0025,1,entity_0025,entity_0022,entity_0022,entity_0025,train
pair_007835,query,entity_0452,entity_0458,1,entity_0458,entity_0452,entity_0452,entity_0458,validation
pair_007836,query,entity_0318,entity_0762,0,entity_0762,entity_0318,entity_0318,entity_0762,test
pair_007837,demo,entity_0123,entity_0125,1,entity_0125,entity_0123,entity_0123,entity_0125,train
pair_007838,demo,entity_0309,entity_0751,0,entity_0309,entity_0751,entity_0751,entity_0309,train
pair_007839,demo,entity_0516,entity_0950,0,entity_0950,entity_0516,entity_0516,entity_0950,train
pair_007840,query,entity_0695,entity_0699,1,entity_0699,entity_0695,entity_0695,entity_0699,validation
pair_007841,query,entity_0532,entity_0539,1,entity_0539,entity_0532,entity_0532,entity_0539,test
pair_007842,demo,entity_0874,entity_0879,1,entity_0879,entity_0874,entity_0874,entity_0879,train
pair_007843,query,entity_0873,entity_0880,1,entity_0880,entity_0873,entity_0873,entity_0880,test
pair_007844,demo,entity_0723,entity_0725,1,entity_0723,entity_0725,entity_0725,entity_0723,train
pair_007845,query,entity_0451,entity_0460,1,entity_0451,entity_0460,entity_0460,entity_0451,test
pair_007846,query,entity_0421,entity_0428,1,entity_0428,entity_0421,entity_0421,entity_0428,test
pair_007847,query,entity_0862,entity_0869,1,entity_0862,entity_0869,entity_0869,entity_0862,test
pair_007848,query,entity_0063,entity_0968,0,entity_0063,entity_0968,entity_0968,entity_0063,test
pair_007849,query,entity_0015,entity_0900,0,entity_0900,entity_0015,entity_0015,entity_0900,test
pair_007850,query,entity_0031,entity_0032,1,entity_0031,entity_0032,entity_0032,entity_0031,test
pair_007851,demo,entity_0633,entity_0637,1,entity_0633,entity_0637,entity_0637,entity_0633,train
pair_007852,demo,entity_0144,entity_0146,1,entity_0144,entity_0146,entity_0146,entity_0144,train
pair_007853,demo,entity_0167,entity_0599,0,entity_0599,entity_0167,entity_0167,entity_0599,train
pair_007854,query,entity_0425,entity_0947,0,entity_0947,entity_0425,entity_0425,entity_0947,test
pair_007855,demo,entity_0304,entity_0717,0,entity_0304,entity_0717,entity_0717,entity_0304,train
pair_007856,demo,entity_0147,entity_0840,0,entity_0147,entity_0840,entity_0840,entity_0147,train
pair_007857,demo,entity_0495,entity_0497,1,entity_0497,entity_0495,entity_0495,entity_0497,train
pair_007858,query,entity_0183,entity_0190,1,entity_0190,entity_0183,entity_0183,entity_0190,test
pair_007859,query,entity_0089,entity_0868,0,entity_0868,entity_0089,entity_0089,entity_0868,test
pair_007860,demo,entity_0028,entity_0207,0,entity_0207,entity_0028,entity_0028,entity_0207,train
pair_007861,demo,entity_0361,entity_0366,1,entity_0366,entity_0361,entity_0361,entity_0366,train
pair_007862,demo,entity_0478,entity_0480,1,entity_0478,entity_0480,entity_0480,entity_0478,train
pair_007863,demo,entity_0872,entity_0877,1,entity_0877,entity_0872,entity_0872,entity_0877,train
pair_007864,query,entity_0834,entity_0896,0,entity_0896,entity_0834,entity_0834,entity_0896,test
pair_007865,demo,entity_0281,entity_0288,1,entity_0281,entity_0288,entity_0288,entity_0281,train
pair_007866,demo,entity_0737,entity_0739,1,entity_0739,entity_0737,entity_0737,entity_0739,train
pair_007867,demo,entity_0087,entity_0316,0,entity_0087,entity_0316,entity_0316,entity_0087,train
pair_007868,demo,entity_0595,entity_0598,1,entity_0595,entity_0598,entity_0598,entity_0595,train
pair_007869,demo,entity_0181,entity_0333,0,entity_0333,entity_0181,entity_0181,entity_0333,train
pair_007870,query,entity_0521,entity_0530,1,entity_0530,entity_0521,entity_0521,entity_0530,test
pair_007871,query,entity_0373,entity_0379,1,entity_0379,entity_0373,entity_0373,entity_0379,test
pair_007872,query,entity_0651,entity_0653,1,entity_0651,entity_0653,entity_0653,entity_0651,test
pair_007873,demo,entity_0713,entity_0719,1,entity_0713,entity_0719,entity_0719,entity_0713,train
pair_007874,query,entity_0588,entity_0849,0,entity_0588,entity_0849,entity_0849,entity_0588,test
pair_007875,demo,entity_0472,entity_0994,0,entity_0994,entity_0472,entity_0472,entity_0994,train
pair_007876,demo,entity_0380,entity_0973,0,entity_0380,entity_0973,entity_0973,entity_0380,train
pair_007877,query,entity_0978,entity_0999,0,entity_0999,entity_0978,entity_0978,entity_0999,test
pair_007878,demo,entity_0627,entity_0628,1,entity_0628,entity_0627,entity_0627,entity_0628,train
pair_007879,demo,entity_0871,entity_0875,1,entity_0875,entity_0871,entity_0871,entity_0875,train
pair_007880,query,entity_0139,entity_0796,0,entity_0139,entity_0796,entity_0796,entity_0139,validation
pair_007881,query,entity_0545,entity_0549,1,entity_0549,entity_0545,entity_0545,entity_0549,test
pair_007882,demo,entity_0571,entity_0913,0,entity_0571,entity_0913,entity_0913,entity_0571,train
pair_007883,demo,entity_0064,entity_0809,0,entity_0064,entity_0809,entity_0809,entity_0064,train
pair_007884,demo,entity_0444,entity_0446,1,entity_0446,entity_0444,entity_0444,entity_0446,train
pair_007885,demo,entity_0314,entity_0319,1,entity_0319,entity_0314,entity_0314,entity_0319,train
pair_007886,demo,entity_0208,entity_0210,1,entity_0210,entity_0208,entity_0208,entity_0210,train
pair_007887,demo,entity_0873,entity_0878,1,entity_0878,entity_0873,entity_0873,entity_0878,train
pair_007888,demo,entity_0202,entity_0758,0,entity_0202,entity_0758,entity_0758,entity_0202,train
pair_007889,demo,entity_0415,entity_0445,0,entity_0415,entity_0445,entity_0445,entity_0415,train
pair_007890,demo,entity_0817,entity_0835,0,entity_0835,entity_0817,entity_0817,entity_0835,train
pair_007891,demo,entity_0170,entity_0219,0,entity_0170,entity_0219,entity_0219,entity_0170,train
pair_007892,query,entity_0439,entity_0952,0,entity_0439,entity_0952,entity_0952,entity_0439,validation
pair_007893,query,entity_0871,entity_0879,1,entity_0879,entity_0871,entity_0871,entity_0879,test
pair_007894,demo,entity_0406,entity_0408,1,entity_0408,entity_0406,entity_0406,entity_0408,train
pair_007895,demo,entity_0737,entity_0810,0,entity_0737,entity_0810,entity_0810,entity_0737,train
pair_007896,demo,entity_0374,entity_0848,0,entity_0374,entity_0848,entity_0848,entity_0374,train
pair_007897,demo,entity_0501,entity_0736,0,entity_0736,entity_0501,entity_0501,entity_0736,train
pair_007898,query,entity_0879,entity_0906,0,entity_0906,entity_0879,entity_0879,entity_0906,validation
pair_007899,demo,entity_0913,entity_0923,0,entity_0913,entity_0923,entity_0923,entity_0913,train
pair_007900,query,entity_0404,entity_0408,1,entity_0408,entity_0404,entity_0404,entity_0408,test
pair_007901,query,entity_0154,entity_0160,1,entity_0154,entity_0160,entity_0160,entity_0154,test
pair_007902,demo,entity_0374,entity_0804,0,entity_0804,entity_0374,entity_0374,entity_0804,train
pair_007903,demo,entity_0305,entity_0525,0,entity_0525,entity_0305,entity_0305,entity_0525,train
pair_007904,demo,entity_0953,entity_0960,1,entity_0953,entity_0960,entity_0960,entity_0953,train
pair_007905,demo,entity_0382,entity_0389,1,entity_0382,entity_0389,entity_0389,entity_0382,train
pair_007906,demo,entity_0537,entity_0539,1,entity_0537,entity_0539,entity_0539,entity_0537,train
pair_007907,query,entity_0223,entity_0453,0,entity_0453,entity_0223,entity_0223,entity_0453,validation
pair_007908,query,entity_0357,entity_0360,1,entity_0357,entity_0360,entity_0360,entity_0357,validation
pair_007909,demo,entity_0008,entity_0010,1,entity_0010,entity_0008,entity_0008,entity_0010,train
pair_007910,query,entity_0893,entity_0896,1,entity_0893,entity_0896,entity_0896,entity_0893,validation
pair_007911,demo,entity_0064,entity_0065,1,entity_0065,entity_0064,entity_0064,entity_0065,train
pair_007912,demo,entity_0584,entity_0586,1,entity_0584,entity_0586,entity_0586,entity_0584,train
pair_007913,demo,entity_0676,entity_0677,1,entity_0676,entity_0677,entity_0677,entity_0676,train
pair_007914,demo,entity_0105,entity_0955,0,entity_0105,entity_0955,entity_0955,entity_0105,train
pair_007915,demo,entity_0385,entity_0964,0,entity_0964,entity_0385,entity_0385,entity_0964,train
pair_007916,query,entity_0004,entity_0018,0,entity_0018,entity_0004,entity_0004,entity_0018,test
pair_007917,demo,entity_0708,entity_0727,0,entity_0708,entity_0727,entity_0727,entity_0708,train
pair_007918,query,entity_0617,entity_0620,1,entity_0617,entity_0620,entity_0620,entity_0617,validation
pair_007919,query,entity_0932,entity_0938,1,entity_0938,entity_0932,entity_0932,entity_0938,validation
pair_007920,demo,entity_0751,entity_0947,0,entity_0947,entity_0751,entity_0751,entity_0947,train
pair_007921,query,entity_0921,entity_0949,0,entity_0921,entity_0949,entity_0949,entity_0921,test
pair_007922,demo,entity_0539,entity_0705,0,entity_0705,entity_0539,entity_0539,entity_0705,train
pair_007923,query,entity_0541,entity_0767,0,entity_0767,entity_0541,entity_0541,entity_0767,test
pair_007924,query,entity_0328,entity_0377,0,entity_0377,entity_0328,entity_0328,entity_0377,test
pair_007925,query,entity_0611,entity_0614,1,entity_0611,entity_0614,entity_0614,entity_0611,validation
pair_007926,demo,entity_0009,entity_0088,0,entity_0088,entity_0009,entity_0009,entity_0088,train
pair_007927,query,entity_0846,entity_0902,0,entity_0846,entity_0902,entity_0902,entity_0846,test
pair_007928,query,entity_0695,entity_0700,1,entity_0695,entity_0700,entity_0700,entity_0695,test
pair_007929,query,entity_0727,entity_0729,1,entity_0729,entity_0727,entity_0727,entity_0729,validation
pair_007930,demo,entity_0111,entity_0781,0,entity_0781,entity_0111,entity_0111,entity_0781,train
pair_007931,query,entity_0271,entity_0272,1,entity_0271,entity_0272,entity_0272,entity_0271,test
pair_007932,demo,entity_0524,entity_0732,0,entity_0524,entity_0732,entity_0732,entity_0524,train
pair_007933,demo,entity_0611,entity_0613,1,entity_0613,entity_0611,entity_0611,entity_0613,train
pair_007934,demo,entity_0820,entity_0980,0,entity_0820,entity_0980,entity_0980,entity_0820,train
pair_007935,demo,entity_0537,entity_0936,0,entity_0936,entity_0537,entity_0537,entity_0936,train
pair_007936,query,entity_0042,entity_0189,0,entity_0189,entity_0042,entity_0042,entity_0189,test
pair_007937,demo,entity_0179,entity_0180,1,entity_0179,entity_0180,entity_0180,entity_0179,train
pair_007938,query,entity_0102,entity_0103,1,entity_0103,entity_0102,entity_0102,entity_0103,test
pair_007939,demo,entity_0310,entity_0678,0,entity_0310,entity_0678,entity_0678,entity_0310,train
pair_007940,query,entity_0736,entity_0770,0,entity_0770,entity_0736,entity_0736,entity_0770,test
pair_007941,demo,entity_0061,entity_0583,0,entity_0061,entity_0583,entity_0583,entity_0061,train
pair_007942,demo,entity_0084,entity_0088,1,entity_0084,entity_0088,entity_0088,entity_0084,train
pair_007943,query,entity_0451,entity_0456,1,entity_0456,entity_0451,entity_0451,entity_0456,test
pair_007944,demo,entity_0198,entity_0540,0,entity_0540,entity_0198,entity_0198,entity_0540,train
pair_007945,query,entity_0492,entity_0495,1,entity_0492,entity_0495,entity_0495,entity_0492,test
pair_007946,demo,entity_0769,entity_0770,1,entity_0769,entity_0770,entity_0770,entity_0769,train
pair_007947,demo,entity_0377,entity_0378,1,entity_0378,entity_0377,entity_0377,entity_0378,train
pair_007948,query,entity_0639,entity_0880,0,entity_0880,entity_0639,entity_0639,entity_0880,test
pair_007949,demo,entity_0289,entity_0520,0,entity_0520,entity_0289,entity_0289,entity_0520,train
pair_007950,demo,entity_0705,entity_0993,0,entity_0993,entity_0705,entity_0705,entity_0993,train
pair_007951,demo,entity_0302,entity_0305,1,entity_0305,entity_0302,entity_0302,entity_0305,train
pair_007952,query,entity_0463,entity_0561,0,entity_0561,entity_0463,entity_0463,entity_0561,validation
pair_007953,demo,entity_0461,entity_0467,1,entity_0461,entity_0467,entity_0467,entity_0461,train
pair_007954,query,entity_0858,entity_0860,1,entity_0860,entity_0858,entity_0858,entity_0860,validation
pair_007955,demo,entity_0051,entity_0107,0,entity_0107,entity_0051,entity_0051,entity_0107,train
pair_007956,demo,entity_0362,entity_0944,0,entity_0944,entity_0362,entity_0362,entity_0944,train
pair_007957,query,entity_0188,entity_0312,0,entity_0188,entity_0312,entity_0312,entity_0188,test
pair_007958,query,entity_0454,entity_0460,1,entity_0454,entity_0460,entity_0460,entity_0454,test
pair_007959,demo,entity_0277,entity_0357,0,entity_0277,entity_0357,entity_0357,entity_0277,train
pair_007960,demo,entity_0015,entity_0040,0,entity_0040,entity_0015,entity_0015,entity_0040,train
pair_007961,demo,entity_0232,entity_0234,1,entity_0232,entity_0234,entity_0234,entity_0232,train
pair_007962,query,entity_0751,entity_0756,1,entity_0751,entity_0756,entity_0756,entity_0751,validation
pair_007963,query,entity_0031,entity_0245,0,entity_0031,entity_0245,entity_0245,entity_0031,test
pair_007964,demo,entity_0215,entity_0794,0,entity_0794,entity_0215,entity_0215,entity_0794,train
pair_007965,query,entity_0888,entity_0916,0,entity_0888,entity_0916,entity_0916,entity_0888,test
pair_007966,demo,entity_0174,entity_0450,0,entity_0174,entity_0450,entity_0450,entity_0174,train
pair_007967,query,entity_0103,entity_0223,0,entity_0223,entity_0103,entity_0103,entity_0223,test
pair_007968,demo,entity_0911,entity_0919,1,entity_0911,entity_0919,entity_0919,entity_0911,train
pair_007969,demo,entity_0380,entity_0573,0,entity_0573,entity_0380,entity_0380,entity_0573,train
pair_007970,query,entity_0051,entity_0060,1,entity_0051,entity_0060,entity_0060,entity_0051,test
pair_007971,demo,entity_0643,entity_0649,1,entity_0649,entity_0643,entity_0643,entity_0649,train
pair_007972,query,entity_0991,entity_0999,1,entity_0991,entity_0999,entity_0999,entity_0991,test
pair_007973,demo,entity_0575,entity_0749,0,entity_0575,entity_0749,entity_0749,entity_0575,train
pair_007974,demo,entity_0122,entity_0825,0,entity_0825,entity_0122,entity_0122,entity_0825,train
pair_007975,demo,entity_0414,entity_0429,0,entity_0429,entity_0414,entity_0414,entity_0429,train
pair_007976,query,entity_0403,entity_0966,0,entity_0403,entity_0966,entity_0966,entity_0403,test
pair_007977,demo,entity_0394,entity_0399,1,entity_0399,entity_0394,entity_0394,entity_0399,train
pair_007978,query,entity_0541,entity_0683,0,entity_0683,entity_0541,entity_0541,entity_0683,test
pair_007979,demo,entity_0352,entity_0646,0,entity_0352,entity_0646,entity_0646,entity_0352,train
pair_007980,query,entity_0921,entity_0925,1,entity_0925,entity_0921,entity_0921,entity_0925,test
pair_007981,query,entity_0186,entity_0953,0,entity_0186,entity_0953,entity_0953,entity_0186,test
pair_007982,query,entity_0092,entity_0123,0,entity_0092,entity_0123,entity_0123,entity_0092,validation
pair_007983,query,entity_0021,entity_0028,1,entity_0028,entity_0021,entity_0021,entity_0028,test
pair_007984,query,entity_0194,entity_0197,1,entity_0194,entity_0197,entity_0197,entity_0194,validation
pair_007985,demo,entity_0080,entity_0396,0,entity_0396,entity_0080,entity_0080,entity_0396,train
pair_007986,demo,entity_0699,entity_0847,0,entity_0699,entity_0847,entity_0847,entity_0699,train
pair_007987,query,entity_0297,entity_0989,0,entity_0989,entity_0297,entity_0297,entity_0989,test
pair_007988,query,entity_0230,entity_0388,0,entity_0230,entity_0388,entity_0388,entity_0230,test
pair_007989,demo,entity_0332,entity_0716,0,entity_0716,entity_0332,entity_0332,entity_0716,train
pair_007990,query,entity_0382,entity_0387,1,entity_0382,entity_0387,entity_0387,entity_0382,test
pair_007991,demo,entity_0054,entity_0502,0,entity_0502,entity_0054,entity_0054,entity_0502,train
pair_007992,demo,entity_0672,entity_0680,1,entity_0680,entity_0672,entity_0672,entity_0680,train
pair_007993,query,entity_0972,entity_0976,1,entity_0972,entity_0976,entity_0976,entity_0972,validation
pair_007994,query,entity_0555,entity_0560,1,entity_0555,entity_0560,entity_0560,entity_0555,validation
pair_007995,demo,entity_0732,entity_0735,1,entity_0735,entity_0732,entity_0732,entity_0735,train
pair_007996,demo,entity_0263,entity_0518,0,entity_0263,entity_0518,entity_0518,entity_0263,train
pair_007997,demo,entity_0645,entity_0648,1,entity_0645,entity_0648,entity_0648,entity_0645,train
pair_007998,demo,entity_0314,entity_0912,0,entity_0912,entity_0314,entity_0314,entity_0912,train
pair_007999,query,entity_0373,entity_0380,1,entity_0373,entity_0380,entity_0380,entity_0373,test
pair_008000,query,entity_0139,entity_0671,0,entity_0139,entity_0671,entity_0671,entity_0139,test
pair_008001,query,entity_0155,entity_0705,0,entity_0155,entity_0705,entity_0705,entity_0155,test
pair_008002,demo,entity_0427,entity_0951,0,entity_0427,entity_0951,entity_0951,entity_0427,train
pair_008003,query,entity_0081,entity_0708,0,entity_0708,entity_0081,entity_0081,entity_0708,test
pair_008004,query,entity_0162,entity_0170,1,entity_0170,entity_0162,entity_0162,entity_0170,test
pair_008005,demo,entity_0500,entity_0764,0,entity_0500,entity_0764,entity_0764,entity_0500,train
pair_008006,demo,entity_0587,entity_0593,0,entity_0593,entity_0587,entity_0587,entity_0593,train
pair_008007,query,entity_0615,entity_0874,0,entity_0874,entity_0615,entity_0615,entity_0874,validation
pair_008008,query,entity_0242,entity_0422,0,entity_0422,entity_0242,entity_0242,entity_0422,test
pair_008009,query,entity_0103,entity_0428,0,entity_0103,entity_0428,entity_0428,entity_0103,validation
pair_008010,query,entity_0432,entity_0500,0,entity_0432,entity_0500,entity_0500,entity_0432,test
pair_008011,demo,entity_0017,entity_0019,1,entity_0019,entity_0017,entity_0017,entity_0019,train
pair_008012,query,entity_0121,entity_0128,1,entity_0121,entity_0128,entity_0128,entity_0121,test
pair_008013,demo,entity_0048,entity_0090,0,entity_0090,entity_0048,entity_0048,entity_0090,train
pair_008014,demo,entity_0443,entity_0447,1,entity_0447,entity_0443,entity_0443,entity_0447,train
pair_008015,demo,entity_0682,entity_0683,1,entity_0683,entity_0682,entity_0682,entity_0683,train
pair_008016,demo,entity_0751,entity_0797,0,entity_0797,entity_0751,entity_0751,entity_0797,train
pair_008017,demo,entity_0646,entity_0868,0,entity_0868,entity_0646,entity_0646,entity_0868,train
pair_008018,query,entity_0504,entity_0586,0,entity_0504,entity_0586,entity_0586,entity_0504,validation
pair_008019,demo,entity_0737,entity_0927,0,entity_0927,entity_0737,entity_0737,entity_0927,train
pair_008020,query,entity_0777,entity_0780,1,entity_0777,entity_0780,entity_0780,entity_0777,test
pair_008021,demo,entity_0959,entity_0960,1,entity_0960,entity_0959,entity_0959,entity_0960,train
pair_008022,demo,entity_0125,entity_0130,1,entity_0125,entity_0130,entity_0130,entity_0125,train
pair_008023,demo,entity_0207,entity_0208,1,entity_0208,entity_0207,entity_0207,entity_0208,train
pair_008024,demo,entity_0412,entity_0906,0,entity_0412,entity_0906,entity_0906,entity_0412,train
pair_008025,query,entity_0056,entity_0373,0,entity_0056,entity_0373,entity_0373,entity_0056,test
pair_008026,demo,entity_0398,entity_0905,0,entity_0398,entity_0905,entity_0905,entity_0398,train
pair_008027,query,entity_0512,entity_0514,1,entity_0512,entity_0514,entity_0514,entity_0512,test
pair_008028,demo,entity_0424,entity_0744,0,entity_0424,entity_0744,entity_0744,entity_0424,train
pair_008029,query,entity_0771,entity_0776,1,entity_0776,entity_0771,entity_0771,entity_0776,test
pair_008030,demo,entity_0974,entity_0976,1,entity_0976,entity_0974,entity_0974,entity_0976,train
pair_008031,query,entity_0257,entity_0746,0,entity_0746,entity_0257,entity_0257,entity_0746,test
pair_008032,demo,entity_0665,entity_0670,1,entity_0670,entity_0665,entity_0665,entity_0670,train
pair_008033,query,entity_0171,entity_0173,1,entity_0171,entity_0173,entity_0173,entity_0171,test
pair_008034,demo,entity_0702,entity_0708,1,entity_0702,entity_0708,entity_0708,entity_0702,train
pair_008035,demo,entity_0782,entity_0788,1,entity_0788,entity_0782,entity_0782,entity_0788,train
pair_008036,query,entity_0424,entity_0430,1,entity_0424,entity_0430,entity_0430,entity_0424,validation
pair_008037,query,entity_0265,entity_0270,1,entity_0265,entity_0270,entity_0270,entity_0265,validation
pair_008038,query,entity_0353,entity_0777,0,entity_0353,entity_0777,entity_0777,entity_0353,test
pair_008039,demo,entity_0386,entity_0852,0,entity_0852,entity_0386,entity_0386,entity_0852,train
pair_008040,demo,entity_0758,entity_0791,0,entity_0791,entity_0758,entity_0758,entity_0791,train
pair_008041,query,entity_0452,entity_0457,1,entity_0457,entity_0452,entity_0452,entity_0457,validation
pair_008042,query,entity_0360,entity_0514,0,entity_0360,entity_0514,entity_0514,entity_0360,test
pair_008043,query,entity_0460,entity_0483,0,entity_0483,entity_0460,entity_0460,entity_0483,test
pair_008044,query,entity_0035,entity_0641,0,entity_0641,entity_0035,entity_0035,entity_0641,test
pair_008045,query,entity_0625,entity_0821,0,entity_0625,entity_0821,entity_0821,entity_0625,test
pair_008046,query,entity_0206,entity_0802,0,entity_0206,entity_0802,entity_0802,entity_0206,test
pair_008047,query,entity_0992,entity_0993,1,entity_0992,entity_0993,entity_0993,entity_0992,test
pair_008048,demo,entity_0652,entity_0656,1,entity_0652,entity_0656,entity_0656,entity_0652,train
pair_008049,demo,entity_0082,entity_0087,1,entity_0082,entity_0087,entity_0087,entity_0082,train
pair_008050,demo,entity_0256,entity_0772,0,entity_0772,entity_0256,entity_0256,entity_0772,train
pair_008051,query,entity_0455,entity_0974,0,entity_0974,entity_0455,entity_0455,entity_0974,test
pair_008052,demo,entity_0483,entity_0485,1,entity_0483,entity_0485,entity_0485,entity_0483,train
pair_008053,query,entity_0094,entity_0100,1,entity_0094,entity_0100,entity_0100,entity_0094,validation
pair_008054,demo,entity_0877,entity_0878,1,entity_0877,entity_0878,entity_0878,entity_0877,train
pair_008055,demo,entity_0275,entity_0280,1,entity_0280,entity_0275,entity_0275,entity_0280,train
pair_008056,query,entity_0554,entity_0560,1,entity_0554,entity_0560,entity_0560,entity_0554,test
pair_008057,demo,entity_0783,entity_0890,0,entity_0783,entity_0890,entity_0890,entity_0783,train
pair_008058,query,entity_0361,entity_0931,0,entity_0361,entity_0931,entity_0931,entity_0361,validation
pair_008059,demo,entity_0163,entity_0690,0,entity_0690,entity_0163,entity_0163,entity_0690,train
pair_008060,demo,entity_0053,entity_0056,1,entity_0053,entity_0056,entity_0056,entity_0053,train
pair_008061,query,entity_0115,entity_0841,0,entity_0841,entity_0115,entity_0115,entity_0841,validation
pair_008062,demo,entity_0013,entity_0217,0,entity_0013,entity_0217,entity_0217,entity_0013,train
pair_008063,query,entity_0061,entity_0745,0,entity_0061,entity_0745,entity_0745,entity_0061,test
pair_008064,demo,entity_0342,entity_0350,1,entity_0350,entity_0342,entity_0342,entity_0350,train
pair_008065,demo,entity_0684,entity_0809,0,entity_0809,entity_0684,entity_0684,entity_0809,train
pair_008066,demo,entity_0423,entity_0430,1,entity_0423,entity_0430,entity_0430,entity_0423,train
pair_008067,demo,entity_0631,entity_0907,0,entity_0907,entity_0631,entity_0631,entity_0907,train
pair_008068,query,entity_0588,entity_0589,1,entity_0588,entity_0589,entity_0589,entity_0588,validation
pair_008069,demo,entity_0380,entity_0704,0,entity_0704,entity_0380,entity_0380,entity_0704,train
pair_008070,query,entity_0344,entity_0349,1,entity_0344,entity_0349,entity_0349,entity_0344,validation
pair_008071,query,entity_0729,entity_0787,0,entity_0729,entity_0787,entity_0787,entity_0729,test
pair_008072,demo,entity_0856,entity_0858,1,entity_0856,entity_0858,entity_0858,entity_0856,train
pair_008073,query,entity_0124,entity_0405,0,entity_0405,entity_0124,entity_0124,entity_0405,test
pair_008074,demo,entity_0994,entity_0997,1,entity_0997,entity_0994,entity_0994,entity_0997,train
pair_008075,query,entity_0269,entity_0849,0,entity_0849,entity_0269,entity_0269,entity_0849,test
pair_008076,query,entity_0506,entity_0808,0,entity_0808,entity_0506,entity_0506,entity_0808,test
pair_008077,query,entity_0894,entity_0895,1,entity_0895,entity_0894,entity_0894,entity_0895,test
pair_008078,query,entity_0212,entity_0217,1,entity_0212,entity_0217,entity_0217,entity_0212,test
pair_008079,demo,entity_0172,entity_0652,0,entity_0172,entity_0652,entity_0652,entity_0172,train
pair_008080,query,entity_0154,entity_0438,0,entity_0154,entity_0438,entity_0438,entity_0154,test
pair_008081,demo,entity_0922,entity_0924,1,entity_0922,entity_0924,entity_0924,entity_0922,train
pair_008082,query,entity_0562,entity_0566,1,entity_0566,entity_0562,entity_0562,entity_0566,validation
pair_008083,demo,entity_0737,entity_0738,1,entity_0738,entity_0737,entity_0737,entity_0738,train
pair_008084,demo,entity_0223,entity_0508,0,entity_0223,entity_0508,entity_0508,entity_0223,train
pair_008085,query,entity_0627,entity_0924,0,entity_0627,entity_0924,entity_0924,entity_0627,test
pair_008086,demo,entity_0676,entity_0678,1,entity_0676,entity_0678,entity_0678,entity_0676,train
pair_008087,demo,entity_0634,entity_0635,1,entity_0635,entity_0634,entity_0634,entity_0635,train
pair_008088,demo,entity_0762,entity_0765,1,entity_0765,entity_0762,entity_0762,entity_0765,train
pair_008089,query,entity_0535,entity_0537,1,entity_0537,entity_0535,entity_0535,entity_0537,validation
pair_008090,query,entity_0513,entity_0515,1,entity_0515,entity_0513,entity_0513,entity_0515,test
pair_008091,query,entity_0431,entity_0438,1,entity_0431,entity_0438,entity_0438,entity_0431,test
pair_008092,query,entity_0303,entity_0656,0,entity_0303,entity_0656,entity_0656,entity_0303,test
pair_008093,demo,entity_0437,entity_0440,1,entity_0437,entity_0440,entity_0440,entity_0437,train
pair_008094,demo,entity_0686,entity_0689,1,entity_0686,entity_0689,entity_0689,entity_0686,train
pair_008095,demo,entity_0075,entity_0592,0,entity_0592,entity_0075,entity_0075,entity_0592,train
pair_008096,query,entity_0475,entity_0636,0,entity_0636,entity_0475,entity_0475,entity_0636,test
pair_008097,demo,entity_0661,entity_0668,1,entity_0668,entity_0661,entity_0661,entity_0668,train
pair_008098,demo,entity_0665,entity_0667,1,entity_0667,entity_0665,entity_0665,entity_0667,train
pair_008099,demo,entity_0981,entity_0986,1,entity_0986,entity_0981,entity_0981,entity_0986,train
pair_008100,demo,entity_0064,entity_0070,1,entity_0064,entity_0070,entity_0070,entity_0064,train
pair_008101,query,entity_0704,entity_0820,0,entity_0704,entity_0820,entity_0820,entity_0704,test
pair_008102,demo,entity_0925,entity_0928,1,entity_0928,entity_0925,entity_0925,entity_0928,train
pair_008103,query,entity_0317,entity_0404,0,entity_0317,entity_0404,entity_0404,entity_0317,test
pair_008104,demo,entity_0254,entity_0256,1,entity_0256,entity_0254,entity_0254,entity_0256,train
pair_008105,query,entity_0471,entity_0480,1,entity_0480,entity_0471,entity_0471,entity_0480,test
pair_008106,query,entity_0001,entity_0003,1,entity_0001,entity_0003,entity_0003,entity_0001,test
pair_008107,demo,entity_0507,entity_0510,1,entity_0510,entity_0507,entity_0507,entity_0510,train
pair_008108,demo,entity_0383,entity_0389,1,entity_0389,entity_0383,entity_0383,entity_0389,train
pair_008109,query,entity_0210,entity_0286,0,entity_0210,entity_0286,entity_0286,entity_0210,test
pair_008110,demo,entity_0362,entity_0639,0,entity_0639,entity_0362,entity_0362,entity_0639,train
pair_008111,query,entity_0150,entity_0769,0,entity_0150,entity_0769,entity_0769,entity_0150,test
pair_008112,query,entity_0079,entity_0509,0,entity_0509,entity_0079,entity_0079,entity_0509,test
pair_008113,query,entity_0168,entity_0780,0,entity_0780,entity_0168,entity_0168,entity_0780,test
pair_008114,demo,entity_0783,entity_0788,1,entity_0783,entity_0788,entity_0788,entity_0783,train
pair_008115,demo,entity_0562,entity_0569,1,entity_0569,entity_0562,entity_0562,entity_0569,train
pair_008116,demo,entity_0456,entity_0609,0,entity_0609,entity_0456,entity_0456,entity_0609,train
pair_008117,query,entity_0941,entity_0942,1,entity_0941,entity_0942,entity_0942,entity_0941,test
pair_008118,demo,entity_0022,entity_0786,0,entity_0022,entity_0786,entity_0786,entity_0022,train
pair_008119,query,entity_0902,entity_0906,1,entity_0902,entity_0906,entity_0906,entity_0902,test
pair_008120,query,entity_0516,entity_0517,1,entity_0516,entity_0517,entity_0517,entity_0516,validation
pair_008121,demo,entity_0838,entity_0840,1,entity_0838,entity_0840,entity_0840,entity_0838,train
pair_008122,demo,entity_0542,entity_0550,1,entity_0542,entity_0550,entity_0550,entity_0542,train
pair_008123,demo,entity_0087,entity_0762,0,entity_0762,entity_0087,entity_0087,entity_0762,train
pair_008124,demo,entity_0591,entity_0857,0,entity_0591,entity_0857,entity_0857,entity_0591,train
pair_008125,query,entity_0144,entity_0705,0,entity_0705,entity_0144,entity_0144,entity_0705,test
pair_008126,demo,entity_0523,entity_0525,1,entity_0525,entity_0523,entity_0523,entity_0525,train
pair_008127,query,entity_0504,entity_0509,1,entity_0504,entity_0509,entity_0509,entity_0504,test
pair_008128,query,entity_0958,entity_0959,1,entity_0958,entity_0959,entity_0959,entity_0958,test
pair_008129,query,entity_0276,entity_0879,0,entity_0276,entity_0879,entity_0879,entity_0276,test
pair_008130,query,entity_0948,entity_0950,1,entity_0948,entity_0950,entity_0950,entity_0948,test
pair_008131,demo,entity_0821,entity_0830,1,entity_0821,entity_0830,entity_0830,entity_0821,train
pair_008132,query,entity_0331,entity_0340,1,entity_0331,entity_0340,entity_0340,entity_0331,test
pair_008133,demo,entity_0149,entity_0657,0,entity_0149,entity_0657,entity_0657,entity_0149,train
pair_008134,demo,entity_0775,entity_0776,1,entity_0776,entity_0775,entity_0775,entity_0776,train
pair_008135,query,entity_0009,entity_0863,0,entity_0863,entity_0009,entity_0009,entity_0863,test
pair_008136,query,entity_0202,entity_0578,0,entity_0578,entity_0202,entity_0202,entity_0578,test
pair_008137,query,entity_0093,entity_0806,0,entity_0806,entity_0093,entity_0093,entity_0806,test
pair_008138,query,entity_0747,entity_0750,1,entity_0747,entity_0750,entity_0750,entity_0747,validation
pair_008139,query,entity_0232,entity_0977,0,entity_0232,entity_0977,entity_0977,entity_0232,test
pair_008140,demo,entity_0134,entity_0806,0,entity_0806,entity_0134,entity_0134,entity_0806,train
pair_008141,demo,entity_0095,entity_0565,0,entity_0565,entity_0095,entity_0095,entity_0565,train
pair_008142,query,entity_0279,entity_0666,0,entity_0279,entity_0666,entity_0666,entity_0279,test
pair_008143,query,entity_0605,entity_0609,1,entity_0605,entity_0609,entity_0609,entity_0605,test
pair_008144,query,entity_0434,entity_0437,1,entity_0437,entity_0434,entity_0434,entity_0437,test
pair_008145,query,entity_0061,entity_0064,1,entity_0064,entity_0061,entity_0061,entity_0064,test
pair_008146,demo,entity_0592,entity_0594,1,entity_0592,entity_0594,entity_0594,entity_0592,train
pair_008147,query,entity_0086,entity_0089,1,entity_0086,entity_0089,entity_0089,entity_0086,test
pair_008148,query,entity_0752,entity_0753,1,entity_0753,entity_0752,entity_0752,entity_0753,validation
pair_008149,query,entity_0442,entity_0446,1,entity_0446,entity_0442,entity_0442,entity_0446,test
pair_008150,demo,entity_0361,entity_0363,1,entity_0361,entity_0363,entity_0363,entity_0361,train
pair_008151,query,entity_0785,entity_0789,1,entity_0789,entity_0785,entity_0785,entity_0789,test
pair_008152,query,entity_0235,entity_0239,1,entity_0235,entity_0239,entity_0239,entity_0235,test
pair_008153,demo,entity_0252,entity_0257,1,entity_0252,entity_0257,entity_0257,entity_0252,train
pair_008154,demo,entity_0664,entity_0686,0,entity_0664,entity_0686,entity_0686,entity_0664,train
pair_008155,demo,entity_0185,entity_0584,0,entity_0584,entity_0185,entity_0185,entity_0584,train
pair_008156,demo,entity_0247,entity_0249,1,entity_0247,entity_0249,entity_0249,entity_0247,train
pair_008157,query,entity_0227,entity_0895,0,entity_0895,entity_0227,entity_0227,entity_0895,test
pair_008158,demo,entity_0888,entity_0938,0,entity_0938,entity_0888,entity_0888,entity_0938,train
pair_008159,query,entity_0520,entity_0745,0,entity_0520,entity_0745,entity_0745,entity_0520,test
pair_008160,demo,entity_0961,entity_0970,1,entity_0970,entity_0961,entity_0961,entity_0970,train
pair_008161,demo,entity_0217,entity_0596,0,entity_0596,entity_0217,entity_0217,entity_0596,train
pair_008162,query,entity_0422,entity_0430,1,entity_0422,entity_0430,entity_0430,entity_0422,test
pair_008163,demo,entity_0541,entity_0545,1,entity_0545,entity_0541,entity_0541,entity_0545,train
pair_008164,demo,entity_0116,entity_0119,1,entity_0119,entity_0116,entity_0116,entity_0119,train
pair_008165,demo,entity_0134,entity_0139,1,entity_0134,entity_0139,entity_0139,entity_0134,train
pair_008166,demo,entity_0299,entity_0845,0,entity_0299,entity_0845,entity_0845,entity_0299,train
pair_008167,demo,entity_0677,entity_0978,0,entity_0978,entity_0677,entity_0677,entity_0978,train
pair_008168,demo,entity_0276,entity_0277,1,entity_0277,entity_0276,entity_0276,entity_0277,train
pair_008169,demo,entity_0045,entity_0049,1,entity_0049,entity_0045,entity_0045,entity_0049,train
pair_008170,demo,entity_0764,entity_0765,1,entity_0764,entity_0765,entity_0765,entity_0764,train
pair_008171,query,entity_0112,entity_0119,1,entity_0112,entity_0119,entity_0119,entity_0112,test
pair_008172,query,entity_0633,entity_0636,1,entity_0636,entity_0633,entity_0633,entity_0636,test
pair_008173,demo,entity_0881,entity_0886,1,entity_0881,entity_0886,entity_0886,entity_0881,train
pair_008174,demo,entity_0057,entity_0058,1,entity_0057,entity_0058,entity_0058,entity_0057,train
pair_008175,demo,entity_0090,entity_0237,0,entity_0090,entity_0237,entity_0237,entity_0090,train
pair_008176,demo,entity_0234,entity_0899,0,entity_0234,entity_0899,entity_0899,entity_0234,train
pair_008177,query,entity_0801,entity_0805,1,entity_0805,entity_0801,entity_0801,entity_0805,validation
pair_008178,demo,entity_0134,entity_0447,0,entity_0134,entity_0447,entity_0447,entity_0134,train
pair_008179,query,entity_0008,entity_0799,0,entity_0008,entity_0799,entity_0799,entity_0008,test
pair_008180,query,entity_0202,entity_0884,0,entity_0202,entity_0884,entity_0884,entity_0202,test
pair_008181,demo,entity_0593,entity_0597,1,entity_0593,entity_0597,entity_0597,entity_0593,train
pair_008182,demo,entity_0338,entity_0737,0,entity_0338,entity_0737,entity_0737,entity_0338,train
pair_008183,query,entity_0899,entity_0900,1,entity_0900,entity_0899,entity_0899,entity_0900,validation
pair_008184,demo,entity_0742,entity_0850,0,entity_0742,entity_0850,entity_0850,entity_0742,train
pair_008185,query,entity_0201,entity_0781,0,entity_0781,entity_0201,entity_0201,entity_0781,test
pair_008186,query,entity_0034,entity_0772,0,entity_0034,entity_0772,entity_0772,entity_0034,validation
pair_008187,query,entity_0330,entity_0667,0,entity_0667,entity_0330,entity_0330,entity_0667,test
pair_008188,demo,entity_0020,entity_0135,0,entity_0135,entity_0020,entity_0020,entity_0135,train
pair_008189,query,entity_0793,entity_0797,1,entity_0797,entity_0793,entity_0793,entity_0797,test
pair_008190,demo,entity_0508,entity_0670,0,entity_0508,entity_0670,entity_0670,entity_0508,train
pair_008191,query,entity_0239,entity_0240,1,entity_0239,entity_0240,entity_0240,entity_0239,test
pair_008192,query,entity_0176,entity_0217,0,entity_0217,entity_0176,entity_0176,entity_0217,test
pair_008193,query,entity_0404,entity_0410,1,entity_0404,entity_0410,entity_0410,entity_0404,test
pair_008194,query,entity_0146,entity_0564,0,entity_0564,entity_0146,entity_0146,entity_0564,validation
pair_008195,demo,entity_0392,entity_0969,0,entity_0392,entity_0969,entity_0969,entity_0392,train
pair_008196,demo,entity_0198,entity_0969,0,entity_0969,entity_0198,entity_0198,entity_0969,train
pair_008197,demo,entity_0953,entity_0954,1,entity_0954,entity_0953,entity_0953,entity_0954,train
pair_008198,query,entity_0309,entity_0310,1,entity_0310,entity_0309,entity_0309,entity_0310,test
pair_008199,demo,entity_0771,entity_0784,0,entity_0784,entity_0771,entity_0771,entity_0784,train
pair_008200,query,entity_0008,entity_0280,0,entity_0008,entity_0280,entity_0280,entity_0008,test
pair_008201,demo,entity_0331,entity_0687,0,entity_0331,entity_0687,entity_0687,entity_0331,train
pair_008202,query,entity_0881,entity_0935,0,entity_0881,entity_0935,entity_0935,entity_0881,test
pair_008203,demo,entity_0298,entity_0338,0,entity_0338,entity_0298,entity_0298,entity_0338,train
pair_008204,demo,entity_0364,entity_0365,1,entity_0364,entity_0365,entity_0365,entity_0364,train
pair_008205,query,entity_0231,entity_0234,1,entity_0231,entity_0234,entity_0234,entity_0231,test
pair_008206,demo,entity_0286,entity_0954,0,entity_0286,entity_0954,entity_0954,entity_0286,train
pair_008207,query,entity_0036,entity_0039,1,entity_0036,entity_0039,entity_0039,entity_0036,test
pair_008208,demo,entity_0755,entity_0760,1,entity_0760,entity_0755,entity_0755,entity_0760,train
pair_008209,demo,entity_0395,entity_0660,0,entity_0395,entity_0660,entity_0660,entity_0395,train
pair_008210,query,entity_0198,entity_0630,0,entity_0198,entity_0630,entity_0630,entity_0198,test
pair_008211,query,entity_0022,entity_0118,0,entity_0022,entity_0118,entity_0118,entity_0022,validation
pair_008212,demo,entity_0865,entity_0870,1,entity_0870,entity_0865,entity_0865,entity_0870,train
pair_008213,demo,entity_0994,entity_0999,1,entity_0994,entity_0999,entity_0999,entity_0994,train
pair_008214,demo,entity_0232,entity_0236,1,entity_0236,entity_0232,entity_0232,entity_0236,train
pair_008215,demo,entity_0218,entity_0924,0,entity_0218,entity_0924,entity_0924,entity_0218,train
pair_008216,query,entity_0611,entity_0618,1,entity_0611,entity_0618,entity_0618,entity_0611,test
pair_008217,query,entity_0204,entity_0630,0,entity_0204,entity_0630,entity_0630,entity_0204,test
pair_008218,query,entity_0463,entity_0464,1,entity_0464,entity_0463,entity_0463,entity_0464,test
pair_008219,demo,entity_0016,entity_0019,1,entity_0016,entity_0019,entity_0019,entity_0016,train
pair_008220,query,entity_0241,entity_0308,0,entity_0308,entity_0241,entity_0241,entity_0308,test
pair_008221,query,entity_0516,entity_0523,0,entity_0516,entity_0523,entity_0523,entity_0516,test
pair_008222,demo,entity_0614,entity_0615,1,entity_0614,entity_0615,entity_0615,entity_0614,train
pair_008223,demo,entity_0521,entity_0735,0,entity_0735,entity_0521,entity_0521,entity_0735,train
pair_008224,demo,entity_0221,entity_0895,0,entity_0895,entity_0221,entity_0221,entity_0895,train
pair_008225,demo,entity_0527,entity_0752,0,entity_0527,entity_0752,entity_0752,entity_0527,train
pair_008226,query,entity_0171,entity_0596,0,entity_0171,entity_0596,entity_0596,entity_0171,validation
pair_008227,query,entity_0853,entity_0855,1,entity_0855,entity_0853,entity_0853,entity_0855,test
pair_008228,query,entity_0070,entity_0849,0,entity_0070,entity_0849,entity_0849,entity_0070,test
pair_008229,demo,entity_0272,entity_0483,0,entity_0483,entity_0272,entity_0272,entity_0483,train
pair_008230,query,entity_0397,entity_0826,0,entity_0826,entity_0397,entity_0397,entity_0826,test
pair_008231,query,entity_0925,entity_0938,0,entity_0925,entity_0938,entity_0938,entity_0925,test
pair_008232,query,entity_0781,entity_0785,1,entity_0785,entity_0781,entity_0781,entity_0785,test
pair_008233,query,entity_0804,entity_0843,0,entity_0804,entity_0843,entity_0843,entity_0804,test
pair_008234,demo,entity_0052,entity_0057,1,entity_0052,entity_0057,entity_0057,entity_0052,train
pair_008235,demo,entity_0642,entity_0783,0,entity_0783,entity_0642,entity_0642,entity_0783,train
pair_008236,query,entity_0105,entity_0107,1,entity_0107,entity_0105,entity_0105,entity_0107,validation
pair_008237,demo,entity_0040,entity_0102,0,entity_0102,entity_0040,entity_0040,entity_0102,train
pair_008238,query,entity_0897,entity_0898,1,entity_0897,entity_0898,entity_0898,entity_0897,test
pair_008239,demo,entity_0002,entity_0007,1,entity_0002,entity_0007,entity_0007,entity_0002,train
pair_008240,query,entity_0047,entity_0062,0,entity_0047,entity_0062,entity_0062,entity_0047,test
pair_008241,query,entity_0631,entity_0981,0,entity_0631,entity_0981,entity_0981,entity_0631,test
pair_008242,demo,entity_0971,entity_0976,1,entity_0971,entity_0976,entity_0976,entity_0971,train
pair_008243,demo,entity_0026,entity_0028,1,entity_0026,entity_0028,entity_0028,entity_0026,train
pair_008244,demo,entity_0911,entity_0917,1,entity_0917,entity_0911,entity_0911,entity_0917,train
pair_008245,demo,entity_0473,entity_0849,0,entity_0849,entity_0473,entity_0473,entity_0849,train
pair_008246,query,entity_0407,entity_0782,0,entity_0407,entity_0782,entity_0782,entity_0407,validation
pair_008247,query,entity_0102,entity_0410,0,entity_0102,entity_0410,entity_0410,entity_0102,test
pair_008248,demo,entity_0532,entity_0586,0,entity_0586,entity_0532,entity_0532,entity_0586,train
pair_008249,query,entity_0521,entity_0607,0,entity_0607,entity_0521,entity_0521,entity_0607,test
pair_008250,query,entity_0381,entity_0387,1,entity_0381,entity_0387,entity_0387,entity_0381,test
pair_008251,demo,entity_0424,entity_0628,0,entity_0628,entity_0424,entity_0424,entity_0628,train
pair_008252,query,entity_0364,entity_0803,0,entity_0364,entity_0803,entity_0803,entity_0364,test
pair_008253,demo,entity_0233,entity_0384,0,entity_0233,entity_0384,entity_0384,entity_0233,train
pair_008254,query,entity_0632,entity_0635,1,entity_0632,entity_0635,entity_0635,entity_0632,validation
pair_008255,demo,entity_0058,entity_0114,0,entity_0114,entity_0058,entity_0058,entity_0114,train
pair_008256,query,entity_0321,entity_0329,1,entity_0321,entity_0329,entity_0329,entity_0321,test
pair_008257,demo,entity_0316,entity_0878,0,entity_0878,entity_0316,entity_0316,entity_0878,train
pair_008258,query,entity_0781,entity_0932,0,entity_0932,entity_0781,entity_0781,entity_0932,validation
pair_008259,query,entity_0371,entity_0421,0,entity_0421,entity_0371,entity_0371,entity_0421,test
pair_008260,query,entity_0419,entity_0685,0,entity_0419,entity_0685,entity_0685,entity_0419,test
pair_008261,demo,entity_0494,entity_0495,1,entity_0494,entity_0495,entity_0495,entity_0494,train
pair_008262,query,entity_0543,entity_0544,1,entity_0543,entity_0544,entity_0544,entity_0543,test
pair_008263,query,entity_0305,entity_0493,0,entity_0305,entity_0493,entity_0493,entity_0305,test
pair_008264,query,entity_0339,entity_0405,0,entity_0339,entity_0405,entity_0405,entity_0339,test
pair_008265,demo,entity_0635,entity_0978,0,entity_0635,entity_0978,entity_0978,entity_0635,train
pair_008266,query,entity_0704,entity_0946,0,entity_0704,entity_0946,entity_0946,entity_0704,test
pair_008267,demo,entity_0304,entity_0573,0,entity_0304,entity_0573,entity_0573,entity_0304,train
pair_008268,demo,entity_0183,entity_0785,0,entity_0183,entity_0785,entity_0785,entity_0183,train
pair_008269,query,entity_0100,entity_0534,0,entity_0100,entity_0534,entity_0534,entity_0100,test
pair_008270,demo,entity_0464,entity_0468,1,entity_0468,entity_0464,entity_0464,entity_0468,train
pair_008271,query,entity_0493,entity_0499,1,entity_0493,entity_0499,entity_0499,entity_0493,test
pair_008272,demo,entity_0422,entity_0654,0,entity_0654,entity_0422,entity_0422,entity_0654,train
pair_008273,demo,entity_0801,entity_0802,1,entity_0801,entity_0802,entity_0802,entity_0801,train
pair_008274,demo,entity_0757,entity_0760,1,entity_0760,entity_0757,entity_0757,entity_0760,train
pair_008275,query,entity_0668,entity_0879,0,entity_0668,entity_0879,entity_0879,entity_0668,validation
pair_008276,demo,entity_0178,entity_0398,0,entity_0178,entity_0398,entity_0398,entity_0178,train
pair_008277,query,entity_0052,entity_0058,1,entity_0052,entity_0058,entity_0058,entity_0052,test
pair_008278,demo,entity_0205,entity_0209,1,entity_0205,entity_0209,entity_0209,entity_0205,train
pair_008279,demo,entity_0903,entity_0910,1,entity_0910,entity_0903,entity_0903,entity_0910,train
pair_008280,query,entity_0778,entity_0780,1,entity_0780,entity_0778,entity_0778,entity_0780,validation
pair_008281,demo,entity_0144,entity_0843,0,entity_0144,entity_0843,entity_0843,entity_0144,train
pair_008282,query,entity_0270,entity_0750,0,entity_0750,entity_0270,entity_0270,entity_0750,test
pair_008283,query,entity_0441,entity_0444,1,entity_0444,entity_0441,entity_0441,entity_0444,test
pair_008284,query,entity_0477,entity_0867,0,entity_0867,entity_0477,entity_0477,entity_0867,test
pair_008285,query,entity_0426,entity_0428,1,entity_0426,entity_0428,entity_0428,entity_0426,test
pair_008286,demo,entity_0251,entity_0470,0,entity_0251,entity_0470,entity_0470,entity_0251,train
pair_008287,demo,entity_0664,entity_0669,1,entity_0669,entity_0664,entity_0664,entity_0669,train
pair_008288,query,entity_0852,entity_0860,1,entity_0852,entity_0860,entity_0860,entity_0852,test
pair_008289,query,entity_0462,entity_0464,1,entity_0462,entity_0464,entity_0464,entity_0462,test
pair_008290,query,entity_0473,entity_0557,0,entity_0473,entity_0557,entity_0557,entity_0473,test
pair_008291,demo,entity_0318,entity_0588,0,entity_0588,entity_0318,entity_0318,entity_0588,train
pair_008292,demo,entity_0527,entity_0529,1,entity_0527,entity_0529,entity_0529,entity_0527,train
pair_008293,query,entity_0781,entity_0782,1,entity_0781,entity_0782,entity_0782,entity_0781,test
pair_008294,demo,entity_0001,entity_0687,0,entity_0001,entity_0687,entity_0687,entity_0001,train
pair_008295,query,entity_0565,entity_0579,0,entity_0579,entity_0565,entity_0565,entity_0579,test
pair_008296,query,entity_0132,entity_0962,0,entity_0962,entity_0132,entity_0132,entity_0962,validation
pair_008297,query,entity_0002,entity_0424,0,entity_0424,entity_0002,entity_0002,entity_0424,test
pair_008298,query,entity_0817,entity_0819,1,entity_0819,entity_0817,entity_0817,entity_0819,test
pair_008299,query,entity_0760,entity_0868,0,entity_0868,entity_0760,entity_0760,entity_0868,test
pair_008300,demo,entity_0321,entity_0856,0,entity_0856,entity_0321,entity_0321,entity_0856,train
pair_008301,demo,entity_0197,entity_0615,0,entity_0197,entity_0615,entity_0615,entity_0197,train
pair_008302,demo,entity_0605,entity_0610,1,entity_0605,entity_0610,entity_0610,entity_0605,train
pair_008303,query,entity_0375,entity_0541,0,entity_0375,entity_0541,entity_0541,entity_0375,test
pair_008304,query,entity_0149,entity_0716,0,entity_0149,entity_0716,entity_0716,entity_0149,test
pair_008305,query,entity_0062,entity_0070,1,entity_0070,entity_0062,entity_0062,entity_0070,validation
pair_008306,query,entity_0249,entity_0908,0,entity_0908,entity_0249,entity_0249,entity_0908,test
pair_008307,demo,entity_0924,entity_0980,0,entity_0980,entity_0924,entity_0924,entity_0980,train
pair_008308,demo,entity_0578,entity_0910,0,entity_0578,entity_0910,entity_0910,entity_0578,train
pair_008309,demo,entity_0107,entity_0175,0,entity_0107,entity_0175,entity_0175,entity_0107,train
pair_008310,demo,entity_0057,entity_0319,0,entity_0319,entity_0057,entity_0057,entity_0319,train
pair_008311,demo,entity_0123,entity_0280,0,entity_0123,entity_0280,entity_0280,entity_0123,train
pair_008312,demo,entity_0813,entity_0818,1,entity_0818,entity_0813,entity_0813,entity_0818,train
pair_008313,query,entity_0642,entity_0979,0,entity_0642,entity_0979,entity_0979,entity_0642,test
pair_008314,demo,entity_0911,entity_0912,1,entity_0912,entity_0911,entity_0911,entity_0912,train
pair_008315,demo,entity_0266,entity_0595,0,entity_0266,entity_0595,entity_0595,entity_0266,train
pair_008316,demo,entity_0393,entity_0399,1,entity_0399,entity_0393,entity_0393,entity_0399,train
pair_008317,query,entity_0946,entity_0947,1,entity_0947,entity_0946,entity_0946,entity_0947,test
pair_008318,query,entity_0095,entity_0097,1,entity_0095,entity_0097,entity_0097,entity_0095,validation
pair_008319,demo,entity_0035,entity_0562,0,entity_0562,entity_0035,entity_0035,entity_0562,train
pair_008320,demo,entity_0161,entity_0534,0,entity_0534,entity_0161,entity_0161,entity_0534,train
pair_008321,query,entity_0263,entity_0429,0,entity_0429,entity_0263,entity_0263,entity_0429,validation
pair_008322,query,entity_0093,entity_0099,1,entity_0099,entity_0093,entity_0093,entity_0099,test
pair_008323,demo,entity_0820,entity_0873,0,entity_0820,entity_0873,entity_0873,entity_0820,train
pair_008324,query,entity_0045,entity_0507,0,entity_0045,entity_0507,entity_0507,entity_0045,test
pair_008325,demo,entity_0206,entity_0677,0,entity_0677,entity_0206,entity_0206,entity_0677,train
pair_008326,demo,entity_0087,entity_0710,0,entity_0710,entity_0087,entity_0087,entity_0710,train
pair_008327,demo,entity_0944,entity_0945,1,entity_0944,entity_0945,entity_0945,entity_0944,train
pair_008328,query,entity_0801,entity_0804,1,entity_0801,entity_0804,entity_0804,entity_0801,test
pair_008329,query,entity_0114,entity_0120,1,entity_0120,entity_0114,entity_0114,entity_0120,test
pair_008330,demo,entity_0367,entity_0423,0,entity_0423,entity_0367,entity_0367,entity_0423,train
pair_008331,demo,entity_0916,entity_0918,1,entity_0918,entity_0916,entity_0916,entity_0918,train
pair_008332,demo,entity_0183,entity_0187,1,entity_0183,entity_0187,entity_0187,entity_0183,train
pair_008333,query,entity_0308,entity_0310,1,entity_0310,entity_0308,entity_0308,entity_0310,test
pair_008334,query,entity_0178,entity_0634,0,entity_0634,entity_0178,entity_0178,entity_0634,test
pair_008335,demo,entity_0062,entity_0562,0,entity_0062,entity_0562,entity_0562,entity_0062,train
pair_008336,query,entity_0492,entity_0675,0,entity_0492,entity_0675,entity_0675,entity_0492,test
pair_008337,query,entity_0271,entity_0274,1,entity_0271,entity_0274,entity_0274,entity_0271,test
pair_008338,query,entity_0761,entity_0770,1,entity_0761,entity_0770,entity_0770,entity_0761,test
pair_008339,query,entity_0506,entity_0509,1,entity_0509,entity_0506,entity_0506,entity_0509,test
pair_008340,demo,entity_0091,entity_0802,0,entity_0091,entity_0802,entity_0802,entity_0091,train
pair_008341,query,entity_0014,entity_0018,1,entity_0018,entity_0014,entity_0014,entity_0018,test
pair_008342,query,entity_0094,entity_0198,0,entity_0198,entity_0094,entity_0094,entity_0198,test
pair_008343,demo,entity_0565,entity_0569,1,entity_0565,entity_0569,entity_0569,entity_0565,train
pair_008344,query,entity_0229,entity_0468,0,entity_0468,entity_0229,entity_0229,entity_0468,test
pair_008345,query,entity_0002,entity_0003,1,entity_0002,entity_0003,entity_0003,entity_0002,test
pair_008346,demo,entity_0413,entity_0419,1,entity_0413,entity_0419,entity_0419,entity_0413,train
pair_008347,query,entity_0301,entity_0303,1,entity_0303,entity_0301,entity_0301,entity_0303,test
pair_008348,demo,entity_0228,entity_0577,0,entity_0577,entity_0228,entity_0228,entity_0577,train
pair_008349,query,entity_0368,entity_0891,0,entity_0891,entity_0368,entity_0368,entity_0891,test
pair_008350,query,entity_0272,entity_0980,0,entity_0272,entity_0980,entity_0980,entity_0272,test
pair_008351,demo,entity_0234,entity_0440,0,entity_0234,entity_0440,entity_0440,entity_0234,train
pair_008352,demo,entity_0346,entity_0742,0,entity_0346,entity_0742,entity_0742,entity_0346,train
pair_008353,query,entity_0206,entity_0569,0,entity_0569,entity_0206,entity_0206,entity_0569,test
pair_008354,query,entity_0369,entity_0426,0,entity_0426,entity_0369,entity_0369,entity_0426,test
pair_008355,query,entity_0154,entity_0923,0,entity_0154,entity_0923,entity_0923,entity_0154,test
pair_008356,query,entity_0194,entity_0200,1,entity_0194,entity_0200,entity_0200,entity_0194,test
pair_008357,query,entity_0826,entity_0827,1,entity_0826,entity_0827,entity_0827,entity_0826,test
pair_008358,query,entity_0247,entity_0895,0,entity_0247,entity_0895,entity_0895,entity_0247,test
pair_008359,demo,entity_0053,entity_0058,1,entity_0058,entity_0053,entity_0053,entity_0058,train
pair_008360,query,entity_0811,entity_0812,1,entity_0811,entity_0812,entity_0812,entity_0811,test
pair_008361,query,entity_0922,entity_0928,1,entity_0922,entity_0928,entity_0928,entity_0922,test
pair_008362,demo,entity_0084,entity_0089,1,entity_0084,entity_0089,entity_0089,entity_0084,train
pair_008363,query,entity_0701,entity_0704,1,entity_0701,entity_0704,entity_0704,entity_0701,test
pair_008364,query,entity_0527,entity_0528,1,entity_0527,entity_0528,entity_0528,entity_0527,test
pair_008365,query,entity_0626,entity_0629,1,entity_0626,entity_0629,entity_0629,entity_0626,test
pair_008366,query,entity_0633,entity_0704,0,entity_0704,entity_0633,entity_0633,entity_0704,validation
pair_008367,query,entity_0742,entity_0746,1,entity_0742,entity_0746,entity_0746,entity_0742,validation
pair_008368,demo,entity_0215,entity_0762,0,entity_0215,entity_0762,entity_0762,entity_0215,train
pair_008369,demo,entity_0678,entity_0679,1,entity_0678,entity_0679,entity_0679,entity_0678,train
pair_008370,query,entity_0951,entity_0955,1,entity_0951,entity_0955,entity_0955,entity_0951,test
pair_008371,query,entity_0653,entity_0721,0,entity_0721,entity_0653,entity_0653,entity_0721,test
pair_008372,demo,entity_0316,entity_0319,1,entity_0316,entity_0319,entity_0319,entity_0316,train
pair_008373,demo,entity_0075,entity_0258,0,entity_0075,entity_0258,entity_0258,entity_0075,train
pair_008374,query,entity_0013,entity_0169,0,entity_0169,entity_0013,entity_0013,entity_0169,validation
pair_008375,demo,entity_0744,entity_0746,1,entity_0744,entity_0746,entity_0746,entity_0744,train
pair_008376,query,entity_0131,entity_0136,1,entity_0131,entity_0136,entity_0136,entity_0131,test
pair_008377,query,entity_0134,entity_0864,0,entity_0134,entity_0864,entity_0864,entity_0134,test
pair_008378,query,entity_0116,entity_0233,0,entity_0233,entity_0116,entity_0116,entity_0233,test
pair_008379,query,entity_0404,entity_0407,1,entity_0404,entity_0407,entity_0407,entity_0404,test
pair_008380,query,entity_0032,entity_0572,0,entity_0032,entity_0572,entity_0572,entity_0032,test
pair_008381,query,entity_0081,entity_0089,1,entity_0081,entity_0089,entity_0089,entity_0081,test
pair_008382,query,entity_0100,entity_0488,0,entity_0100,entity_0488,entity_0488,entity_0100,test
pair_008383,demo,entity_0208,entity_0738,0,entity_0738,entity_0208,entity_0208,entity_0738,train
pair_008384,demo,entity_0441,entity_0448,1,entity_0448,entity_0441,entity_0441,entity_0448,train
pair_008385,demo,entity_0607,entity_0799,0,entity_0607,entity_0799,entity_0799,entity_0607,train
pair_008386,demo,entity_0004,entity_0556,0,entity_0556,entity_0004,entity_0004,entity_0556,train
pair_008387,demo,entity_0846,entity_0848,1,entity_0848,entity_0846,entity_0846,entity_0848,train
pair_008388,demo,entity_0601,entity_0607,1,entity_0601,entity_0607,entity_0607,entity_0601,train
pair_008389,query,entity_0062,entity_0104,0,entity_0104,entity_0062,entity_0062,entity_0104,test
pair_008390,demo,entity_0486,entity_0767,0,entity_0486,entity_0767,entity_0767,entity_0486,train
pair_008391,query,entity_0091,entity_0092,1,entity_0091,entity_0092,entity_0092,entity_0091,test
pair_008392,query,entity_0045,entity_0060,0,entity_0045,entity_0060,entity_0060,entity_0045,test
pair_008393,query,entity_0351,entity_0353,1,entity_0351,entity_0353,entity_0353,entity_0351,test
pair_008394,demo,entity_0223,entity_0593,0,entity_0223,entity_0593,entity_0593,entity_0223,train
pair_008395,query,entity_0585,entity_0586,1,entity_0586,entity_0585,entity_0585,entity_0586,test
pair_008396,query,entity_0831,entity_0837,1,entity_0831,entity_0837,entity_0837,entity_0831,test
pair_008397,query,entity_0121,entity_0125,1,entity_0121,entity_0125,entity_0125,entity_0121,test
pair_008398,query,entity_0388,entity_0519,0,entity_0388,entity_0519,entity_0519,entity_0388,test
pair_008399,demo,entity_0032,entity_0451,0,entity_0032,entity_0451,entity_0451,entity_0032,train
pair_008400,query,entity_0806,entity_0901,0,entity_0806,entity_0901,entity_0901,entity_0806,test
pair_008401,demo,entity_0708,entity_0722,0,entity_0708,entity_0722,entity_0722,entity_0708,train
pair_008402,query,entity_0004,entity_0478,0,entity_0004,entity_0478,entity_0478,entity_0004,test
pair_008403,query,entity_0089,entity_0090,1,entity_0090,entity_0089,entity_0089,entity_0090,validation
pair_008404,query,entity_0770,entity_0975,0,entity_0975,entity_0770,entity_0770,entity_0975,test
pair_008405,demo,entity_0911,entity_0913,1,entity_0913,entity_0911,entity_0911,entity_0913,train
pair_008406,demo,entity_0536,entity_0790,0,entity_0536,entity_0790,entity_0790,entity_0536,train
pair_008407,query,entity_0971,entity_0982,0,entity_0971,entity_0982,entity_0982,entity_0971,test
pair_008408,query,entity_0802,entity_0810,1,entity_0810,entity_0802,entity_0802,entity_0810,test
pair_008409,query,entity_0177,entity_0447,0,entity_0177,entity_0447,entity_0447,entity_0177,test
pair_008410,query,entity_0309,entity_0343,0,entity_0343,entity_0309,entity_0309,entity_0343,test
pair_008411,query,entity_0324,entity_0728,0,entity_0324,entity_0728,entity_0728,entity_0324,test
pair_008412,demo,entity_0431,entity_0435,1,entity_0435,entity_0431,entity_0431,entity_0435,train
pair_008413,demo,entity_0264,entity_0266,1,entity_0266,entity_0264,entity_0264,entity_0266,train
pair_008414,query,entity_0192,entity_0200,1,entity_0192,entity_0200,entity_0200,entity_0192,test
pair_008415,demo,entity_0025,entity_0053,0,entity_0053,entity_0025,entity_0025,entity_0053,train
pair_008416,demo,entity_0209,entity_0210,1,entity_0210,entity_0209,entity_0209,entity_0210,train
pair_008417,query,entity_0622,entity_0626,1,entity_0622,entity_0626,entity_0626,entity_0622,test
pair_008418,query,entity_0734,entity_0736,1,entity_0734,entity_0736,entity_0736,entity_0734,test
pair_008419,demo,entity_0824,entity_0828,1,entity_0828,entity_0824,entity_0824,entity_0828,train
pair_008420,query,entity_0427,entity_0829,0,entity_0427,entity_0829,entity_0829,entity_0427,validation
pair_008421,query,entity_0206,entity_0369,0,entity_0206,entity_0369,entity_0369,entity_0206,test
pair_008422,demo,entity_0552,entity_0553,1,entity_0552,entity_0553,entity_0553,entity_0552,train
pair_008423,demo,entity_0197,entity_0642,0,entity_0197,entity_0642,entity_0642,entity_0197,train
pair_008424,demo,entity_0044,entity_0045,1,entity_0045,entity_0044,entity_0044,entity_0045,train
pair_008425,demo,entity_0493,entity_0755,0,entity_0493,entity_0755,entity_0755,entity_0493,train
pair_008426,query,entity_0165,entity_0503,0,entity_0165,entity_0503,entity_0503,entity_0165,test
pair_008427,demo,entity_0821,entity_0892,0,entity_0892,entity_0821,entity_0821,entity_0892,train
pair_008428,demo,entity_0350,entity_0970,0,entity_0350,entity_0970,entity_0970,entity_0350,train
pair_008429,demo,entity_0624,entity_0629,1,entity_0629,entity_0624,entity_0624,entity_0629,train
pair_008430,query,entity_0213,entity_0214,1,entity_0214,entity_0213,entity_0213,entity_0214,test
pair_008431,demo,entity_0471,entity_0478,1,entity_0471,entity_0478,entity_0478,entity_0471,train
pair_008432,demo,entity_0530,entity_0736,0,entity_0736,entity_0530,entity_0530,entity_0736,train
pair_008433,query,entity_0212,entity_0219,1,entity_0212,entity_0219,entity_0219,entity_0212,test
pair_008434,query,entity_0608,entity_0641,0,entity_0608,entity_0641,entity_0641,entity_0608,test
pair_008435,demo,entity_0139,entity_0726,0,entity_0139,entity_0726,entity_0726,entity_0139,train
pair_008436,query,entity_0146,entity_0482,0,entity_0482,entity_0146,entity_0146,entity_0482,test
pair_008437,query,entity_0271,entity_0422,0,entity_0422,entity_0271,entity_0271,entity_0422,test
pair_008438,demo,entity_0608,entity_0854,0,entity_0854,entity_0608,entity_0608,entity_0854,train
pair_008439,query,entity_0672,entity_0674,1,entity_0672,entity_0674,entity_0674,entity_0672,test
pair_008440,query,entity_0488,entity_0489,1,entity_0489,entity_0488,entity_0488,entity_0489,test
pair_008441,query,entity_0074,entity_0115,0,entity_0074,entity_0115,entity_0115,entity_0074,test
pair_008442,query,entity_0831,entity_0838,1,entity_0838,entity_0831,entity_0831,entity_0838,test
pair_008443,query,entity_0712,entity_0720,1,entity_0720,entity_0712,entity_0712,entity_0720,validation
pair_008444,query,entity_0365,entity_0463,0,entity_0365,entity_0463,entity_0463,entity_0365,test
pair_008445,demo,entity_0741,entity_0745,1,entity_0745,entity_0741,entity_0741,entity_0745,train
pair_008446,demo,entity_0348,entity_0594,0,entity_0348,entity_0594,entity_0594,entity_0348,train
pair_008447,query,entity_0572,entity_0578,1,entity_0572,entity_0578,entity_0578,entity_0572,test
pair_008448,query,entity_0882,entity_0889,1,entity_0889,entity_0882,entity_0882,entity_0889,test
pair_008449,query,entity_0925,entity_0948,0,entity_0948,entity_0925,entity_0925,entity_0948,test
pair_008450,demo,entity_0845,entity_0847,1,entity_0847,entity_0845,entity_0845,entity_0847,train
pair_008451,query,entity_0035,entity_0460,0,entity_0460,entity_0035,entity_0035,entity_0460,validation
pair_008452,query,entity_0833,entity_0839,1,entity_0839,entity_0833,entity_0833,entity_0839,test
pair_008453,query,entity_0252,entity_0408,0,entity_0252,entity_0408,entity_0408,entity_0252,test
pair_008454,demo,entity_0593,entity_0595,1,entity_0595,entity_0593,entity_0593,entity_0595,train
pair_008455,demo,entity_0561,entity_0566,1,entity_0561,entity_0566,entity_0566,entity_0561,train
pair_008456,query,entity_0581,entity_0590,1,entity_0581,entity_0590,entity_0590,entity_0581,test
pair_008457,query,entity_0066,entity_0107,0,entity_0066,entity_0107,entity_0107,entity_0066,test
pair_008458,demo,entity_0671,entity_0996,0,entity_0996,entity_0671,entity_0671,entity_0996,train
pair_008459,query,entity_0390,entity_0436,0,entity_0390,entity_0436,entity_0436,entity_0390,test
pair_008460,query,entity_0748,entity_0964,0,entity_0964,entity_0748,entity_0748,entity_0964,test
pair_008461,demo,entity_0347,entity_0645,0,entity_0645,entity_0347,entity_0347,entity_0645,train
pair_008462,demo,entity_0316,entity_0723,0,entity_0723,entity_0316,entity_0316,entity_0723,train
pair_008463,query,entity_0545,entity_0550,1,entity_0550,entity_0545,entity_0545,entity_0550,test
pair_008464,demo,entity_0248,entity_0511,0,entity_0248,entity_0511,entity_0511,entity_0248,train
pair_008465,query,entity_0053,entity_0265,0,entity_0265,entity_0053,entity_0053,entity_0265,validation
pair_008466,demo,entity_0425,entity_0430,1,entity_0430,entity_0425,entity_0425,entity_0430,train
pair_008467,demo,entity_0317,entity_0320,1,entity_0320,entity_0317,entity_0317,entity_0320,train
pair_008468,query,entity_0510,entity_0669,0,entity_0669,entity_0510,entity_0510,entity_0669,test
pair_008469,query,entity_0561,entity_0848,0,entity_0848,entity_0561,entity_0561,entity_0848,test
pair_008470,demo,entity_0261,entity_0269,1,entity_0269,entity_0261,entity_0261,entity_0269,train
pair_008471,query,entity_0314,entity_0315,1,entity_0314,entity_0315,entity_0315,entity_0314,test
pair_008472,query,entity_0315,entity_0317,1,entity_0317,entity_0315,entity_0315,entity_0317,test
pair_008473,query,entity_0035,entity_0957,0,entity_0957,entity_0035,entity_0035,entity_0957,validation
pair_008474,demo,entity_0112,entity_0773,0,entity_0112,entity_0773,entity_0773,entity_0112,train
pair_008475,query,entity_0440,entity_0844,0,entity_0844,entity_0440,entity_0440,entity_0844,test
pair_008476,demo,entity_0474,entity_0479,1,entity_0474,entity_0479,entity_0479,entity_0474,train
pair_008477,query,entity_0149,entity_0489,0,entity_0149,entity_0489,entity_0489,entity_0149,test
pair_008478,query,entity_0794,entity_0796,1,entity_0794,entity_0796,entity_0796,entity_0794,validation
pair_008479,demo,entity_0436,entity_0438,1,entity_0436,entity_0438,entity_0438,entity_0436,train
pair_008480,demo,entity_0483,entity_0486,1,entity_0483,entity_0486,entity_0486,entity_0483,train
pair_008481,demo,entity_0163,entity_0170,1,entity_0170,entity_0163,entity_0163,entity_0170,train
pair_008482,demo,entity_0021,entity_0271,0,entity_0021,entity_0271,entity_0271,entity_0021,train
pair_008483,query,entity_0131,entity_0214,0,entity_0214,entity_0131,entity_0131,entity_0214,test
pair_008484,demo,entity_0942,entity_0944,1,entity_0944,entity_0942,entity_0942,entity_0944,train
pair_008485,query,entity_0138,entity_0566,0,entity_0138,entity_0566,entity_0566,entity_0138,test
pair_008486,query,entity_0472,entity_0480,1,entity_0472,entity_0480,entity_0480,entity_0472,test
pair_008487,demo,entity_0496,entity_0557,0,entity_0496,entity_0557,entity_0557,entity_0496,train
pair_008488,demo,entity_0009,entity_0815,0,entity_0009,entity_0815,entity_0815,entity_0009,train
pair_008489,demo,entity_0073,entity_0076,1,entity_0076,entity_0073,entity_0073,entity_0076,train
pair_008490,query,entity_0621,entity_0980,0,entity_0980,entity_0621,entity_0621,entity_0980,validation
pair_008491,query,entity_0132,entity_0135,1,entity_0132,entity_0135,entity_0135,entity_0132,test
pair_008492,demo,entity_0077,entity_0898,0,entity_0898,entity_0077,entity_0077,entity_0898,train
pair_008493,query,entity_0964,entity_0970,1,entity_0964,entity_0970,entity_0970,entity_0964,test
pair_008494,query,entity_0412,entity_0464,0,entity_0412,entity_0464,entity_0464,entity_0412,test
pair_008495,demo,entity_0851,entity_0856,1,entity_0856,entity_0851,entity_0851,entity_0856,train
pair_008496,query,entity_0233,entity_0240,1,entity_0233,entity_0240,entity_0240,entity_0233,validation
pair_008497,query,entity_0813,entity_0867,0,entity_0867,entity_0813,entity_0813,entity_0867,test
pair_008498,demo,entity_0091,entity_0112,0,entity_0112,entity_0091,entity_0091,entity_0112,train
pair_008499,demo,entity_0151,entity_0152,1,entity_0151,entity_0152,entity_0152,entity_0151,train
pair_008500,query,entity_0182,entity_0642,0,entity_0642,entity_0182,entity_0182,entity_0642,test
pair_008501,query,entity_0154,entity_0157,1,entity_0157,entity_0154,entity_0154,entity_0157,test
pair_008502,demo,entity_0591,entity_0595,1,entity_0595,entity_0591,entity_0591,entity_0595,train
pair_008503,query,entity_0163,entity_0165,1,entity_0163,entity_0165,entity_0165,entity_0163,test
pair_008504,query,entity_0651,entity_0658,1,entity_0658,entity_0651,entity_0651,entity_0658,test
pair_008505,demo,entity_0422,entity_0427,1,entity_0422,entity_0427,entity_0427,entity_0422,train
pair_008506,query,entity_0468,entity_0596,0,entity_0596,entity_0468,entity_0468,entity_0596,test
pair_008507,query,entity_0101,entity_0106,1,entity_0106,entity_0101,entity_0101,entity_0106,test
pair_008508,demo,entity_0152,entity_0725,0,entity_0152,entity_0725,entity_0725,entity_0152,train
pair_008509,query,entity_0104,entity_0110,1,entity_0104,entity_0110,entity_0110,entity_0104,test
pair_008510,demo,entity_0248,entity_0790,0,entity_0248,entity_0790,entity_0790,entity_0248,train
pair_008511,query,entity_0044,entity_0049,1,entity_0049,entity_0044,entity_0044,entity_0049,test
pair_008512,demo,entity_0444,entity_0654,0,entity_0444,entity_0654,entity_0654,entity_0444,train
pair_008513,demo,entity_0983,entity_0986,1,entity_0983,entity_0986,entity_0986,entity_0983,train
pair_008514,query,entity_0281,entity_0283,1,entity_0283,entity_0281,entity_0281,entity_0283,test
pair_008515,demo,entity_0066,entity_0067,1,entity_0066,entity_0067,entity_0067,entity_0066,train
pair_008516,demo,entity_0102,entity_0693,0,entity_0693,entity_0102,entity_0102,entity_0693,train
pair_008517,query,entity_0453,entity_0458,1,entity_0453,entity_0458,entity_0458,entity_0453,test
pair_008518,demo,entity_0159,entity_0794,0,entity_0159,entity_0794,entity_0794,entity_0159,train
pair_008519,demo,entity_0867,entity_0868,1,entity_0868,entity_0867,entity_0867,entity_0868,train
pair_008520,demo,entity_0529,entity_0530,1,entity_0530,entity_0529,entity_0529,entity_0530,train
pair_008521,demo,entity_0188,entity_0434,0,entity_0434,entity_0188,entity_0188,entity_0434,train
pair_008522,demo,entity_0522,entity_0526,1,entity_0526,entity_0522,entity_0522,entity_0526,train
pair_008523,demo,entity_0593,entity_0997,0,entity_0593,entity_0997,entity_0997,entity_0593,train
pair_008524,demo,entity_0558,entity_0777,0,entity_0558,entity_0777,entity_0777,entity_0558,train
pair_008525,query,entity_0614,entity_0617,1,entity_0617,entity_0614,entity_0614,entity_0617,test
pair_008526,demo,entity_0662,entity_0670,1,entity_0662,entity_0670,entity_0670,entity_0662,train
pair_008527,demo,entity_0156,entity_0157,1,entity_0157,entity_0156,entity_0156,entity_0157,train
pair_008528,query,entity_0937,entity_0938,1,entity_0938,entity_0937,entity_0937,entity_0938,test
pair_008529,query,entity_0167,entity_0505,0,entity_0505,entity_0167,entity_0167,entity_0505,test
pair_008530,demo,entity_0521,entity_0523,1,entity_0523,entity_0521,entity_0521,entity_0523,train
pair_008531,demo,entity_0895,entity_0899,1,entity_0895,entity_0899,entity_0899,entity_0895,train
pair_008532,query,entity_0453,entity_0781,0,entity_0453,entity_0781,entity_0781,entity_0453,test
pair_008533,query,entity_0583,entity_0584,1,entity_0584,entity_0583,entity_0583,entity_0584,test
pair_008534,query,entity_0853,entity_0857,1,entity_0857,entity_0853,entity_0853,entity_0857,test
pair_008535,query,entity_0571,entity_0576,1,entity_0576,entity_0571,entity_0571,entity_0576,test
pair_008536,query,entity_0102,entity_0847,0,entity_0102,entity_0847,entity_0847,entity_0102,validation
pair_008537,demo,entity_0925,entity_0929,1,entity_0929,entity_0925,entity_0925,entity_0929,train
pair_008538,demo,entity_0573,entity_0576,1,entity_0576,entity_0573,entity_0573,entity_0576,train
pair_008539,demo,entity_0410,entity_0931,0,entity_0931,entity_0410,entity_0410,entity_0931,train
pair_008540,query,entity_0484,entity_0487,1,entity_0484,entity_0487,entity_0487,entity_0484,test
pair_008541,query,entity_0115,entity_0117,1,entity_0117,entity_0115,entity_0115,entity_0117,test
pair_008542,demo,entity_0366,entity_0367,1,entity_0366,entity_0367,entity_0367,entity_0366,train
pair_008543,query,entity_0224,entity_0372,0,entity_0224,entity_0372,entity_0372,entity_0224,test
pair_008544,demo,entity_0133,entity_0134,1,entity_0134,entity_0133,entity_0133,entity_0134,train
pair_008545,demo,entity_0303,entity_0304,1,entity_0304,entity_0303,entity_0303,entity_0304,train
pair_008546,query,entity_0549,entity_0550,1,entity_0550,entity_0549,entity_0549,entity_0550,test
pair_008547,query,entity_0513,entity_0894,0,entity_0894,entity_0513,entity_0513,entity_0894,test
pair_008548,demo,entity_0107,entity_0110,1,entity_0110,entity_0107,entity_0107,entity_0110,train
pair_008549,demo,entity_0621,entity_0785,0,entity_0785,entity_0621,entity_0621,entity_0785,train
pair_008550,demo,entity_0194,entity_0568,0,entity_0568,entity_0194,entity_0194,entity_0568,train
pair_008551,query,entity_0986,entity_0988,1,entity_0988,entity_0986,entity_0986,entity_0988,test
pair_008552,query,entity_0195,entity_0197,1,entity_0197,entity_0195,entity_0195,entity_0197,test
pair_008553,query,entity_0289,entity_0995,0,entity_0995,entity_0289,entity_0289,entity_0995,test
pair_008554,query,entity_0363,entity_0365,1,entity_0365,entity_0363,entity_0363,entity_0365,test
pair_008555,demo,entity_0272,entity_0277,1,entity_0277,entity_0272,entity_0272,entity_0277,train
pair_008556,demo,entity_0619,entity_0620,1,entity_0619,entity_0620,entity_0620,entity_0619,train
pair_008557,query,entity_0795,entity_0867,0,entity_0795,entity_0867,entity_0867,entity_0795,test
pair_008558,demo,entity_0333,entity_0340,1,entity_0333,entity_0340,entity_0340,entity_0333,train
pair_008559,demo,entity_0301,entity_0344,0,entity_0301,entity_0344,entity_0344,entity_0301,train
pair_008560,demo,entity_0481,entity_0485,1,entity_0481,entity_0485,entity_0485,entity_0481,train
pair_008561,query,entity_0415,entity_0416,1,entity_0415,entity_0416,entity_0416,entity_0415,test
pair_008562,demo,entity_0439,entity_0758,0,entity_0758,entity_0439,entity_0439,entity_0758,train
pair_008563,query,entity_0074,entity_0076,1,entity_0076,entity_0074,entity_0074,entity_0076,validation
pair_008564,query,entity_0122,entity_0130,1,entity_0122,entity_0130,entity_0130,entity_0122,validation
pair_008565,demo,entity_0771,entity_0778,1,entity_0771,entity_0778,entity_0778,entity_0771,train
pair_008566,demo,entity_0423,entity_0742,0,entity_0742,entity_0423,entity_0423,entity_0742,train
pair_008567,query,entity_0579,entity_0580,1,entity_0579,entity_0580,entity_0580,entity_0579,test
pair_008568,demo,entity_0491,entity_0612,0,entity_0491,entity_0612,entity_0612,entity_0491,train
pair_008569,demo,entity_0476,entity_0477,1,entity_0476,entity_0477,entity_0477,entity_0476,train
pair_008570,demo,entity_0132,entity_0947,0,entity_0132,entity_0947,entity_0947,entity_0132,train
pair_008571,demo,entity_0369,entity_0794,0,entity_0794,entity_0369,entity_0369,entity_0794,train
pair_008572,query,entity_0893,entity_0897,1,entity_0893,entity_0897,entity_0897,entity_0893,test
pair_008573,demo,entity_0673,entity_0680,1,entity_0673,entity_0680,entity_0680,entity_0673,train
pair_008574,demo,entity_0361,entity_0370,1,entity_0361,entity_0370,entity_0370,entity_0361,train
pair_008575,demo,entity_0505,entity_0506,1,entity_0505,entity_0506,entity_0506,entity_0505,train
pair_008576,query,entity_0528,entity_0530,1,entity_0528,entity_0530,entity_0530,entity_0528,test
pair_008577,demo,entity_0368,entity_0472,0,entity_0368,entity_0472,entity_0472,entity_0368,train
pair_008578,query,entity_0234,entity_0237,1,entity_0237,entity_0234,entity_0234,entity_0237,test
pair_008579,demo,entity_0511,entity_0608,0,entity_0511,entity_0608,entity_0608,entity_0511,train
pair_008580,query,entity_0441,entity_0887,0,entity_0441,entity_0887,entity_0887,entity_0441,test
pair_008581,demo,entity_0071,entity_0905,0,entity_0071,entity_0905,entity_0905,entity_0071,train
pair_008582,demo,entity_0664,entity_0666,1,entity_0664,entity_0666,entity_0666,entity_0664,train
pair_008583,demo,entity_0002,entity_0428,0,entity_0428,entity_0002,entity_0002,entity_0428,train
pair_008584,query,entity_0377,entity_0858,0,entity_0377,entity_0858,entity_0858,entity_0377,test
pair_008585,query,entity_0365,entity_0588,0,entity_0365,entity_0588,entity_0588,entity_0365,test
pair_008586,query,entity_0462,entity_0463,1,entity_0462,entity_0463,entity_0463,entity_0462,validation
pair_008587,demo,entity_0291,entity_0907,0,entity_0907,entity_0291,entity_0291,entity_0907,train
pair_008588,query,entity_0094,entity_0659,0,entity_0659,entity_0094,entity_0094,entity_0659,test
pair_008589,demo,entity_0552,entity_0559,1,entity_0559,entity_0552,entity_0552,entity_0559,train
pair_008590,demo,entity_0260,entity_0301,0,entity_0301,entity_0260,entity_0260,entity_0301,train
pair_008591,demo,entity_0342,entity_0344,1,entity_0342,entity_0344,entity_0344,entity_0342,train
pair_008592,demo,entity_0901,entity_0905,1,entity_0905,entity_0901,entity_0901,entity_0905,train
pair_008593,query,entity_0314,entity_0892,0,entity_0892,entity_0314,entity_0314,entity_0892,validation
pair_008594,query,entity_0180,entity_0560,0,entity_0560,entity_0180,entity_0180,entity_0560,validation
pair_008595,query,entity_0124,entity_0129,1,entity_0124,entity_0129,entity_0129,entity_0124,test
pair_008596,query,entity_0962,entity_0969,1,entity_0969,entity_0962,entity_0962,entity_0969,test
pair_008597,demo,entity_0579,entity_0788,0,entity_0579,entity_0788,entity_0788,entity_0579,train
pair_008598,demo,entity_0327,entity_0328,1,entity_0327,entity_0328,entity_0328,entity_0327,train
pair_008599,query,entity_0482,entity_0485,1,entity_0482,entity_0485,entity_0485,entity_0482,test
pair_008600,demo,entity_0652,entity_0658,1,entity_0658,entity_0652,entity_0652,entity_0658,train
pair_008601,demo,entity_0858,entity_0899,0,entity_0858,entity_0899,entity_0899,entity_0858,train
pair_008602,query,entity_0486,entity_0489,1,entity_0489,entity_0486,entity_0486,entity_0489,test
pair_008603,demo,entity_0288,entity_0779,0,entity_0779,entity_0288,entity_0288,entity_0779,train
pair_008604,query,entity_0645,entity_0649,1,entity_0645,entity_0649,entity_0649,entity_0645,test
pair_008605,demo,entity_0864,entity_0866,1,entity_0866,entity_0864,entity_0864,entity_0866,train
pair_008606,query,entity_0221,entity_0222,1,entity_0221,entity_0222,entity_0222,entity_0221,validation
pair_008607,query,entity_0496,entity_0873,0,entity_0496,entity_0873,entity_0873,entity_0496,validation
pair_008608,query,entity_0241,entity_0305,0,entity_0241,entity_0305,entity_0305,entity_0241,validation
pair_008609,demo,entity_0691,entity_0915,0,entity_0915,entity_0691,entity_0691,entity_0915,train
pair_008610,demo,entity_0751,entity_0755,1,entity_0755,entity_0751,entity_0751,entity_0755,train
pair_008611,query,entity_0322,entity_0469,0,entity_0469,entity_0322,entity_0322,entity_0469,test
pair_008612,demo,entity_0100,entity_0795,0,entity_0795,entity_0100,entity_0100,entity_0795,train
pair_008613,query,entity_0735,entity_0739,1,entity_0735,entity_0739,entity_0739,entity_0735,validation
pair_008614,demo,entity_0763,entity_0939,0,entity_0939,entity_0763,entity_0763,entity_0939,train
pair_008615,query,entity_0379,entity_0858,0,entity_0858,entity_0379,entity_0379,entity_0858,test
pair_008616,query,entity_0062,entity_0254,0,entity_0062,entity_0254,entity_0254,entity_0062,test
pair_008617,demo,entity_0335,entity_0337,1,entity_0337,entity_0335,entity_0335,entity_0337,train
pair_008618,query,entity_0118,entity_0799,0,entity_0118,entity_0799,entity_0799,entity_0118,test
pair_008619,demo,entity_0100,entity_0842,0,entity_0842,entity_0100,entity_0100,entity_0842,train
pair_008620,query,entity_0968,entity_0970,1,entity_0970,entity_0968,entity_0968,entity_0970,test
pair_008621,demo,entity_0434,entity_0440,1,entity_0440,entity_0434,entity_0434,entity_0440,train
pair_008622,query,entity_0226,entity_0228,1,entity_0226,entity_0228,entity_0228,entity_0226,test
pair_008623,query,entity_0562,entity_0564,1,entity_0564,entity_0562,entity_0562,entity_0564,validation
pair_008624,demo,entity_0167,entity_0758,0,entity_0167,entity_0758,entity_0758,entity_0167,train
pair_008625,query,entity_0271,entity_0273,1,entity_0271,entity_0273,entity_0273,entity_0271,test
pair_008626,query,entity_0625,entity_0745,0,entity_0745,entity_0625,entity_0625,entity_0745,test
pair_008627,query,entity_0115,entity_0366,0,entity_0115,entity_0366,entity_0366,entity_0115,test
pair_008628,query,entity_0176,entity_0688,0,entity_0688,entity_0176,entity_0176,entity_0688,test
pair_008629,demo,entity_0208,entity_0209,1,entity_0209,entity_0208,entity_0208,entity_0209,train
pair_008630,demo,entity_0093,entity_0100,1,entity_0100,entity_0093,entity_0093,entity_0100,train
pair_008631,query,entity_0099,entity_0410,0,entity_0099,entity_0410,entity_0410,entity_0099,test
pair_008632,query,entity_0767,entity_0768,1,entity_0768,entity_0767,entity_0767,entity_0768,test
pair_008633,demo,entity_0002,entity_0004,1,entity_0002,entity_0004,entity_0004,entity_0002,train
pair_008634,demo,entity_0677,entity_0679,1,entity_0679,entity_0677,entity_0677,entity_0679,train
pair_008635,query,entity_0815,entity_0819,1,entity_0819,entity_0815,entity_0815,entity_0819,test
pair_008636,demo,entity_0246,entity_0248,1,entity_0246,entity_0248,entity_0248,entity_0246,train
pair_008637,query,entity_0282,entity_0288,1,entity_0288,entity_0282,entity_0282,entity_0288,test
pair_008638,demo,entity_0168,entity_0805,0,entity_0168,entity_0805,entity_0805,entity_0168,train
pair_008639,query,entity_0348,entity_0708,0,entity_0348,entity_0708,entity_0708,entity_0348,test
pair_008640,demo,entity_0085,entity_0518,0,entity_0085,entity_0518,entity_0518,entity_0085,train
pair_008641,demo,entity_0632,entity_0639,1,entity_0639,entity_0632,entity_0632,entity_0639,train
pair_008642,demo,entity_0489,entity_0577,0,entity_0577,entity_0489,entity_0489,entity_0577,train
pair_008643,demo,entity_0917,entity_0989,0,entity_0917,entity_0989,entity_0989,entity_0917,train
pair_008644,query,entity_0092,entity_0098,1,entity_0092,entity_0098,entity_0098,entity_0092,test
pair_008645,query,entity_0371,entity_0379,1,entity_0379,entity_0371,entity_0371,entity_0379,validation
pair_008646,query,entity_0038,entity_0388,0,entity_0038,entity_0388,entity_0388,entity_0038,test
pair_008647,query,entity_0516,entity_0519,1,entity_0516,entity_0519,entity_0519,entity_0516,test
pair_008648,demo,entity_0191,entity_0595,0,entity_0595,entity_0191,entity_0191,entity_0595,train
pair_008649,query,entity_0075,entity_0076,1,entity_0076,entity_0075,entity_0075,entity_0076,test
pair_008650,demo,entity_0416,entity_0651,0,entity_0416,entity_0651,entity_0651,entity_0416,train
pair_008651,query,entity_0519,entity_0936,0,entity_0519,entity_0936,entity_0936,entity_0519,test
pair_008652,demo,entity_0065,entity_0888,0,entity_0065,entity_0888,entity_0888,entity_0065,train
pair_008653,demo,entity_0182,entity_0185,1,entity_0185,entity_0182,entity_0182,entity_0185,train
pair_008654,demo,entity_0104,entity_0804,0,entity_0804,entity_0104,entity_0104,entity_0804,train
pair_008655,demo,entity_0588,entity_0706,0,entity_0588,entity_0706,entity_0706,entity_0588,train
pair_008656,demo,entity_0864,entity_0868,1,entity_0864,entity_0868,entity_0868,entity_0864,train
pair_008657,demo,entity_0004,entity_0278,0,entity_0278,entity_0004,entity_0004,entity_0278,train
pair_008658,query,entity_0182,entity_0184,1,entity_0184,entity_0182,entity_0182,entity_0184,test
pair_008659,demo,entity_0183,entity_0191,0,entity_0183,entity_0191,entity_0191,entity_0183,train
pair_008660,demo,entity_0774,entity_0775,1,entity_0774,entity_0775,entity_0775,entity_0774,train
pair_008661,demo,entity_0945,entity_0948,1,entity_0948,entity_0945,entity_0945,entity_0948,train
pair_008662,query,entity_0632,entity_0634,1,entity_0632,entity_0634,entity_0634,entity_0632,test
pair_008663,demo,entity_0346,entity_0455,0,entity_0455,entity_0346,entity_0346,entity_0455,train
pair_008664,demo,entity_0450,entity_0612,0,entity_0450,entity_0612,entity_0612,entity_0450,train
pair_008665,query,entity_0409,entity_0506,0,entity_0409,entity_0506,entity_0506,entity_0409,validation
pair_008666,demo,entity_0115,entity_0120,1,entity_0115,entity_0120,entity_0120,entity_0115,train
pair_008667,demo,entity_0029,entity_0739,0,entity_0739,entity_0029,entity_0029,entity_0739,train
pair_008668,demo,entity_0317,entity_0370,0,entity_0370,entity_0317,entity_0317,entity_0370,train
pair_008669,query,entity_0316,entity_0838,0,entity_0838,entity_0316,entity_0316,entity_0838,test
pair_008670,query,entity_0074,entity_0078,1,entity_0074,entity_0078,entity_0078,entity_0074,validation
pair_008671,query,entity_0884,entity_0887,1,entity_0887,entity_0884,entity_0884,entity_0887,test
pair_008672,query,entity_0171,entity_0174,1,entity_0174,entity_0171,entity_0171,entity_0174,test
pair_008673,query,entity_0350,entity_0398,0,entity_0398,entity_0350,entity_0350,entity_0398,test
pair_008674,demo,entity_0294,entity_0299,1,entity_0299,entity_0294,entity_0294,entity_0299,train
pair_008675,query,entity_0095,entity_0991,0,entity_0095,entity_0991,entity_0991,entity_0095,test
pair_008676,query,entity_0804,entity_0805,1,entity_0804,entity_0805,entity_0805,entity_0804,test
pair_008677,query,entity_0444,entity_0449,1,entity_0444,entity_0449,entity_0449,entity_0444,test
pair_008678,query,entity_0653,entity_0656,1,entity_0656,entity_0653,entity_0653,entity_0656,validation
pair_008679,demo,entity_0051,entity_0481,0,entity_0051,entity_0481,entity_0481,entity_0051,train
pair_008680,demo,entity_0125,entity_0906,0,entity_0125,entity_0906,entity_0906,entity_0125,train
pair_008681,demo,entity_0065,entity_0376,0,entity_0065,entity_0376,entity_0376,entity_0065,train
pair_008682,demo,entity_0425,entity_0489,0,entity_0425,entity_0489,entity_0489,entity_0425,train
pair_008683,query,entity_0646,entity_0993,0,entity_0993,entity_0646,entity_0646,entity_0993,validation
pair_008684,demo,entity_0292,entity_0297,1,entity_0292,entity_0297,entity_0297,entity_0292,train
pair_008685,demo,entity_0116,entity_0685,0,entity_0116,entity_0685,entity_0685,entity_0116,train
pair_008686,demo,entity_0587,entity_0678,0,entity_0587,entity_0678,entity_0678,entity_0587,train
pair_008687,demo,entity_0136,entity_0359,0,entity_0136,entity_0359,entity_0359,entity_0136,train
pair_008688,demo,entity_0823,entity_0824,1,entity_0824,entity_0823,entity_0823,entity_0824,train
pair_008689,demo,entity_0272,entity_0273,1,entity_0273,entity_0272,entity_0272,entity_0273,train
pair_008690,query,entity_0942,entity_0946,1,entity_0942,entity_0946,entity_0946,entity_0942,test
pair_008691,query,entity_0206,entity_0209,1,entity_0206,entity_0209,entity_0209,entity_0206,test
pair_008692,query,entity_0344,entity_0345,1,entity_0344,entity_0345,entity_0345,entity_0344,test
pair_008693,demo,entity_0468,entity_0631,0,entity_0631,entity_0468,entity_0468,entity_0631,train
pair_008694,demo,entity_0071,entity_0073,1,entity_0073,entity_0071,entity_0071,entity_0073,train
pair_008695,demo,entity_0299,entity_0300,1,entity_0300,entity_0299,entity_0299,entity_0300,train
pair_008696,demo,entity_0167,entity_0169,1,entity_0169,entity_0167,entity_0167,entity_0169,train
pair_008697,query,entity_0206,entity_0345,0,entity_0345,entity_0206,entity_0206,entity_0345,test
pair_008698,query,entity_0854,entity_0858,1,entity_0858,entity_0854,entity_0854,entity_0858,test
pair_008699,query,entity_0185,entity_0852,0,entity_0185,entity_0852,entity_0852,entity_0185,test
pair_008700,demo,entity_0151,entity_0156,1,entity_0151,entity_0156,entity_0156,entity_0151,train
pair_008701,query,entity_0686,entity_0998,0,entity_0998,entity_0686,entity_0686,entity_0998,test
pair_008702,demo,entity_0923,entity_0928,1,entity_0928,entity_0923,entity_0923,entity_0928,train
pair_008703,query,entity_0859,entity_0860,1,entity_0860,entity_0859,entity_0859,entity_0860,validation
pair_008704,demo,entity_0678,entity_0680,1,entity_0678,entity_0680,entity_0680,entity_0678,train
pair_008705,demo,entity_0375,entity_0378,1,entity_0378,entity_0375,entity_0375,entity_0378,train
pair_008706,query,entity_0683,entity_0687,1,entity_0683,entity_0687,entity_0687,entity_0683,test
pair_008707,demo,entity_0548,entity_0550,1,entity_0548,entity_0550,entity_0550,entity_0548,train
pair_008708,demo,entity_0180,entity_0981,0,entity_0180,entity_0981,entity_0981,entity_0180,train
pair_008709,demo,entity_0113,entity_0644,0,entity_0644,entity_0113,entity_0113,entity_0644,train
pair_008710,query,entity_0784,entity_0787,1,entity_0787,entity_0784,entity_0784,entity_0787,test
pair_008711,query,entity_0066,entity_0294,0,entity_0294,entity_0066,entity_0066,entity_0294,validation
pair_008712,demo,entity_0331,entity_0931,0,entity_0931,entity_0331,entity_0331,entity_0931,train
pair_008713,demo,entity_0324,entity_0490,0,entity_0490,entity_0324,entity_0324,entity_0490,train
pair_008714,demo,entity_0474,entity_0630,0,entity_0474,entity_0630,entity_0630,entity_0474,train
pair_008715,demo,entity_0562,entity_0568,1,entity_0562,entity_0568,entity_0568,entity_0562,train
pair_008716,query,entity_0306,entity_0926,0,entity_0306,entity_0926,entity_0926,entity_0306,test
pair_008717,query,entity_0044,entity_0901,0,entity_0901,entity_0044,entity_0044,entity_0901,validation
pair_008718,demo,entity_0403,entity_0408,1,entity_0408,entity_0403,entity_0403,entity_0408,train
pair_008719,query,entity_0224,entity_0225,1,entity_0225,entity_0224,entity_0224,entity_0225,test
pair_008720,demo,entity_0264,entity_0270,1,entity_0264,entity_0270,entity_0270,entity_0264,train
pair_008721,demo,entity_0112,entity_0120,1,entity_0120,entity_0112,entity_0112,entity_0120,train
pair_008722,demo,entity_0388,entity_0759,0,entity_0759,entity_0388,entity_0388,entity_0759,train
pair_008723,query,entity_0707,entity_0767,0,entity_0767,entity_0707,entity_0707,entity_0767,test
pair_008724,query,entity_0123,entity_0765,0,entity_0123,entity_0765,entity_0765,entity_0123,test
pair_008725,demo,entity_0526,entity_0993,0,entity_0526,entity_0993,entity_0993,entity_0526,train
pair_008726,demo,entity_0446,entity_0982,0,entity_0446,entity_0982,entity_0982,entity_0446,train
pair_008727,query,entity_0295,entity_0306,0,entity_0306,entity_0295,entity_0295,entity_0306,test
pair_008728,query,entity_0672,entity_0907,0,entity_0907,entity_0672,entity_0672,entity_0907,test
pair_008729,query,entity_0541,entity_0972,0,entity_0972,entity_0541,entity_0541,entity_0972,test
pair_008730,demo,entity_0354,entity_0801,0,entity_0354,entity_0801,entity_0801,entity_0354,train
pair_008731,demo,entity_0381,entity_0942,0,entity_0942,entity_0381,entity_0381,entity_0942,train
pair_008732,query,entity_0401,entity_0406,1,entity_0406,entity_0401,entity_0401,entity_0406,validation
pair_008733,demo,entity_0134,entity_0140,1,entity_0134,entity_0140,entity_0140,entity_0134,train
pair_008734,demo,entity_0034,entity_0423,0,entity_0423,entity_0034,entity_0034,entity_0423,train
pair_008735,query,entity_0206,entity_0295,0,entity_0206,entity_0295,entity_0295,entity_0206,test
pair_008736,query,entity_0857,entity_0859,1,entity_0859,entity_0857,entity_0857,entity_0859,validation
pair_008737,demo,entity_0553,entity_0557,1,entity_0557,entity_0553,entity_0553,entity_0557,train
pair_008738,query,entity_0142,entity_0150,1,entity_0142,entity_0150,entity_0150,entity_0142,test
pair_008739,query,entity_0721,entity_0722,1,entity_0721,entity_0722,entity_0722,entity_0721,test
pair_008740,query,entity_0122,entity_0125,1,entity_0122,entity_0125,entity_0125,entity_0122,test
pair_008741,query,entity_0444,entity_0445,1,entity_0445,entity_0444,entity_0444,entity_0445,test
pair_008742,query,entity_0411,entity_0419,1,entity_0419,entity_0411,entity_0411,entity_0419,test
pair_008743,demo,entity_0333,entity_0338,1,entity_0333,entity_0338,entity_0338,entity_0333,train
pair_008744,demo,entity_0012,entity_0382,0,entity_0012,entity_0382,entity_0382,entity_0012,train
pair_008745,query,entity_0466,entity_0785,0,entity_0785,entity_0466,entity_0466,entity_0785,test
pair_008746,query,entity_0114,entity_0115,1,entity_0114,entity_0115,entity_0115,entity_0114,test
pair_008747,demo,entity_0012,entity_0882,0,entity_0882,entity_0012,entity_0012,entity_0882,train
pair_008748,demo,entity_0643,entity_0764,0,entity_0764,entity_0643,entity_0643,entity_0764,train
pair_008749,demo,entity_0357,entity_0538,0,entity_0357,entity_0538,entity_0538,entity_0357,train
pair_008750,demo,entity_0076,entity_0079,1,entity_0076,entity_0079,entity_0079,entity_0076,train
pair_008751,query,entity_0045,entity_0645,0,entity_0045,entity_0645,entity_0645,entity_0045,validation
pair_008752,demo,entity_0265,entity_0664,0,entity_0265,entity_0664,entity_0664,entity_0265,train
pair_008753,query,entity_0003,entity_0005,1,entity_0005,entity_0003,entity_0003,entity_0005,test
pair_008754,query,entity_0301,entity_0306,1,entity_0301,entity_0306,entity_0306,entity_0301,test
pair_008755,demo,entity_0182,entity_0189,1,entity_0182,entity_0189,entity_0189,entity_0182,train
pair_008756,demo,entity_0951,entity_0953,1,entity_0951,entity_0953,entity_0953,entity_0951,train
pair_008757,query,entity_0968,entity_0969,1,entity_0968,entity_0969,entity_0969,entity_0968,validation
pair_008758,query,entity_0686,entity_0705,0,entity_0705,entity_0686,entity_0686,entity_0705,test
pair_008759,query,entity_0056,entity_0853,0,entity_0056,entity_0853,entity_0853,entity_0056,test
pair_008760,query,entity_0377,entity_0715,0,entity_0377,entity_0715,entity_0715,entity_0377,test
pair_008761,query,entity_0706,entity_0896,0,entity_0706,entity_0896,entity_0896,entity_0706,validation
pair_008762,demo,entity_0186,entity_0474,0,entity_0474,entity_0186,entity_0186,entity_0474,train
pair_008763,demo,entity_0251,entity_0257,1,entity_0251,entity_0257,entity_0257,entity_0251,train
pair_008764,demo,entity_0414,entity_0416,1,entity_0416,entity_0414,entity_0414,entity_0416,train
pair_008765,demo,entity_0891,entity_0894,1,entity_0894,entity_0891,entity_0891,entity_0894,train
pair_008766,query,entity_0753,entity_0758,1,entity_0758,entity_0753,entity_0753,entity_0758,validation
pair_008767,query,entity_0222,entity_0228,1,entity_0228,entity_0222,entity_0222,entity_0228,test
pair_008768,query,entity_0841,entity_0844,1,entity_0844,entity_0841,entity_0841,entity_0844,test
pair_008769,demo,entity_0405,entity_0780,0,entity_0780,entity_0405,entity_0405,entity_0780,train
pair_008770,query,entity_0394,entity_0482,0,entity_0482,entity_0394,entity_0394,entity_0482,validation
pair_008771,query,entity_0734,entity_0847,0,entity_0847,entity_0734,entity_0734,entity_0847,test
pair_008772,demo,entity_0548,entity_0586,0,entity_0548,entity_0586,entity_0586,entity_0548,train
pair_008773,query,entity_0151,entity_0680,0,entity_0680,entity_0151,entity_0151,entity_0680,test
pair_008774,demo,entity_0774,entity_0888,0,entity_0774,entity_0888,entity_0888,entity_0774,train
pair_008775,query,entity_0803,entity_0806,1,entity_0803,entity_0806,entity_0806,entity_0803,validation
pair_008776,query,entity_0933,entity_0937,1,entity_0933,entity_0937,entity_0937,entity_0933,test
pair_008777,demo,entity_0224,entity_0230,1,entity_0224,entity_0230,entity_0230,entity_0224,train
pair_008778,demo,entity_0823,entity_0829,1,entity_0829,entity_0823,entity_0823,entity_0829,train
pair_008779,demo,entity_0603,entity_0859,0,entity_0859,entity_0603,entity_0603,entity_0859,train
pair_008780,demo,entity_0105,entity_0898,0,entity_0105,entity_0898,entity_0898,entity_0105,train
pair_008781,demo,entity_0822,entity_0826,1,entity_0826,entity_0822,entity_0822,entity_0826,train
pair_008782,demo,entity_0415,entity_0943,0,entity_0415,entity_0943,entity_0943,entity_0415,train
pair_008783,query,entity_0636,entity_0744,0,entity_0744,entity_0636,entity_0636,entity_0744,test
pair_008784,query,entity_0501,entity_0503,1,entity_0503,entity_0501,entity_0501,entity_0503,validation
pair_008785,demo,entity_0126,entity_0130,1,entity_0126,entity_0130,entity_0130,entity_0126,train
pair_008786,demo,entity_0321,entity_0330,1,entity_0321,entity_0330,entity_0330,entity_0321,train
pair_008787,demo,entity_0607,entity_0963,0,entity_0607,entity_0963,entity_0963,entity_0607,train
pair_008788,demo,entity_0427,entity_0429,1,entity_0429,entity_0427,entity_0427,entity_0429,train
pair_008789,query,entity_0009,entity_0487,0,entity_0487,entity_0009,entity_0009,entity_0487,test
pair_008790,demo,entity_0341,entity_0463,0,entity_0463,entity_0341,entity_0341,entity_0463,train
pair_008791,query,entity_0674,entity_0675,1,entity_0675,entity_0674,entity_0674,entity_0675,test
pair_008792,query,entity_0234,entity_0639,0,entity_0639,entity_0234,entity_0234,entity_0639,test
pair_008793,query,entity_0198,entity_0333,0,entity_0333,entity_0198,entity_0198,entity_0333,test
pair_008794,demo,entity_0180,entity_0485,0,entity_0485,entity_0180,entity_0180,entity_0485,train
pair_008795,query,entity_0021,entity_0694,0,entity_0021,entity_0694,entity_0694,entity_0021,test
pair_008796,query,entity_0001,entity_0006,1,entity_0001,entity_0006,entity_0006,entity_0001,test
pair_008797,demo,entity_0331,entity_0607,0,entity_0607,entity_0331,entity_0331,entity_0607,train
pair_008798,query,entity_0302,entity_0310,1,entity_0310,entity_0302,entity_0302,entity_0310,validation
pair_008799,query,entity_0443,entity_0450,1,entity_0450,entity_0443,entity_0443,entity_0450,test
pair_008800,demo,entity_0151,entity_0388,0,entity_0388,entity_0151,entity_0151,entity_0388,train
pair_008801,query,entity_0143,entity_0346,0,entity_0346,entity_0143,entity_0143,entity_0346,test
pair_008802,query,entity_0334,entity_0340,1,entity_0334,entity_0340,entity_0340,entity_0334,test
pair_008803,demo,entity_0285,entity_0286,1,entity_0286,entity_0285,entity_0285,entity_0286,train
pair_008804,query,entity_0127,entity_0567,0,entity_0127,entity_0567,entity_0567,entity_0127,test
pair_008805,demo,entity_0103,entity_0105,1,entity_0103,entity_0105,entity_0105,entity_0103,train
pair_008806,query,entity_0581,entity_0586,1,entity_0586,entity_0581,entity_0581,entity_0586,test
pair_008807,demo,entity_0250,entity_0935,0,entity_0250,entity_0935,entity_0935,entity_0250,train
pair_008808,query,entity_0101,entity_0286,0,entity_0101,entity_0286,entity_0286,entity_0101,test
pair_008809,query,entity_0067,entity_0566,0,entity_0566,entity_0067,entity_0067,entity_0566,test
pair_008810,demo,entity_0545,entity_0547,1,entity_0545,entity_0547,entity_0547,entity_0545,train
pair_008811,query,entity_0023,entity_0029,1,entity_0029,entity_0023,entity_0023,entity_0029,validation
pair_008812,query,entity_0483,entity_0567,0,entity_0567,entity_0483,entity_0483,entity_0567,test
pair_008813,demo,entity_0264,entity_0265,1,entity_0265,entity_0264,entity_0264,entity_0265,train
pair_008814,query,entity_0122,entity_0373,0,entity_0373,entity_0122,entity_0122,entity_0373,test
pair_008815,query,entity_0294,entity_0296,1,entity_0296,entity_0294,entity_0294,entity_0296,test
pair_008816,query,entity_0037,entity_0587,0,entity_0037,entity_0587,entity_0587,entity_0037,test
pair_008817,demo,entity_0791,entity_0800,1,entity_0800,entity_0791,entity_0791,entity_0800,train
pair_008818,demo,entity_0946,entity_0950,1,entity_0946,entity_0950,entity_0950,entity_0946,train
pair_008819,query,entity_0006,entity_0008,1,entity_0008,entity_0006,entity_0006,entity_0008,test
pair_008820,demo,entity_0020,entity_0523,0,entity_0523,entity_0020,entity_0020,entity_0523,train
pair_008821,query,entity_0385,entity_0389,1,entity_0385,entity_0389,entity_0389,entity_0385,test
pair_008822,demo,entity_0293,entity_0300,1,entity_0293,entity_0300,entity_0300,entity_0293,train
pair_008823,query,entity_0723,entity_0724,1,entity_0724,entity_0723,entity_0723,entity_0724,test
pair_008824,query,entity_0357,entity_0502,0,entity_0502,entity_0357,entity_0357,entity_0502,test
pair_008825,query,entity_0594,entity_0595,1,entity_0595,entity_0594,entity_0594,entity_0595,test
pair_008826,query,entity_0447,entity_0763,0,entity_0447,entity_0763,entity_0763,entity_0447,validation
pair_008827,query,entity_0563,entity_0567,1,entity_0563,entity_0567,entity_0567,entity_0563,test
pair_008828,demo,entity_0356,entity_0358,1,entity_0358,entity_0356,entity_0356,entity_0358,train
pair_008829,demo,entity_0803,entity_0846,0,entity_0846,entity_0803,entity_0803,entity_0846,train
pair_008830,query,entity_0348,entity_0516,0,entity_0516,entity_0348,entity_0348,entity_0516,test
pair_008831,query,entity_0062,entity_0813,0,entity_0813,entity_0062,entity_0062,entity_0813,test
pair_008832,demo,entity_0307,entity_0645,0,entity_0645,entity_0307,entity_0307,entity_0645,train
pair_008833,query,entity_0771,entity_0780,1,entity_0780,entity_0771,entity_0771,entity_0780,validation
pair_008834,query,entity_0159,entity_0710,0,entity_0159,entity_0710,entity_0710,entity_0159,validation
pair_008835,demo,entity_0177,entity_0178,1,entity_0177,entity_0178,entity_0178,entity_0177,train
pair_008836,query,entity_0030,entity_0059,0,entity_0030,entity_0059,entity_0059,entity_0030,test
pair_008837,demo,entity_0961,entity_0962,1,entity_0962,entity_0961,entity_0961,entity_0962,train
pair_008838,demo,entity_0574,entity_0578,1,entity_0578,entity_0574,entity_0574,entity_0578,train
pair_008839,demo,entity_0048,entity_0299,0,entity_0048,entity_0299,entity_0299,entity_0048,train
pair_008840,query,entity_0106,entity_0320,0,entity_0106,entity_0320,entity_0320,entity_0106,test
pair_008841,query,entity_0685,entity_0896,0,entity_0896,entity_0685,entity_0685,entity_0896,test
pair_008842,query,entity_0404,entity_0649,0,entity_0649,entity_0404,entity_0404,entity_0649,validation
pair_008843,query,entity_0002,entity_0009,1,entity_0009,entity_0002,entity_0002,entity_0009,validation
pair_008844,query,entity_0512,entity_0525,0,entity_0525,entity_0512,entity_0512,entity_0525,test
pair_008845,query,entity_0082,entity_0089,1,entity_0089,entity_0082,entity_0082,entity_0089,test
pair_008846,demo,entity_0177,entity_0180,1,entity_0177,entity_0180,entity_0180,entity_0177,train
pair_008847,demo,entity_0683,entity_0736,0,entity_0683,entity_0736,entity_0736,entity_0683,train
pair_008848,query,entity_0822,entity_0825,1,entity_0825,entity_0822,entity_0822,entity_0825,test
pair_008849,demo,entity_0139,entity_0498,0,entity_0139,entity_0498,entity_0498,entity_0139,train
pair_008850,query,entity_0425,entity_0899,0,entity_0899,entity_0425,entity_0425,entity_0899,validation
pair_008851,demo,entity_0099,entity_0666,0,entity_0666,entity_0099,entity_0099,entity_0666,train
pair_008852,demo,entity_0272,entity_0881,0,entity_0881,entity_0272,entity_0272,entity_0881,train
pair_008853,query,entity_0085,entity_0363,0,entity_0363,entity_0085,entity_0085,entity_0363,test
pair_008854,query,entity_0042,entity_0632,0,entity_0632,entity_0042,entity_0042,entity_0632,test
pair_008855,demo,entity_0226,entity_0612,0,entity_0612,entity_0226,entity_0226,entity_0612,train
pair_008856,query,entity_0397,entity_0692,0,entity_0692,entity_0397,entity_0397,entity_0692,validation
pair_008857,demo,entity_0709,entity_0710,1,entity_0709,entity_0710,entity_0710,entity_0709,train
pair_008858,query,entity_0574,entity_0577,1,entity_0574,entity_0577,entity_0577,entity_0574,test
pair_008859,demo,entity_0412,entity_0419,1,entity_0412,entity_0419,entity_0419,entity_0412,train
pair_008860,query,entity_0648,entity_0925,0,entity_0925,entity_0648,entity_0648,entity_0925,validation
pair_008861,demo,entity_0203,entity_0207,1,entity_0207,entity_0203,entity_0203,entity_0207,train
pair_008862,demo,entity_0443,entity_0445,1,entity_0445,entity_0443,entity_0443,entity_0445,train
pair_008863,demo,entity_0164,entity_0170,1,entity_0164,entity_0170,entity_0170,entity_0164,train
pair_008864,query,entity_0819,entity_0986,0,entity_0986,entity_0819,entity_0819,entity_0986,validation
pair_008865,query,entity_0052,entity_0060,1,entity_0052,entity_0060,entity_0060,entity_0052,test
pair_008866,demo,entity_0725,entity_0726,1,entity_0725,entity_0726,entity_0726,entity_0725,train
pair_008867,query,entity_0537,entity_0995,0,entity_0537,entity_0995,entity_0995,entity_0537,test
pair_008868,query,entity_0382,entity_0384,1,entity_0382,entity_0384,entity_0384,entity_0382,test
pair_008869,query,entity_0182,entity_0186,1,entity_0182,entity_0186,entity_0186,entity_0182,validation
pair_008870,demo,entity_0265,entity_0613,0,entity_0265,entity_0613,entity_0613,entity_0265,train
pair_008871,demo,entity_0174,entity_0177,1,entity_0174,entity_0177,entity_0177,entity_0174,train
pair_008872,query,entity_0094,entity_0096,1,entity_0096,entity_0094,entity_0094,entity_0096,test
pair_008873,demo,entity_0319,entity_0982,0,entity_0319,entity_0982,entity_0982,entity_0319,train
pair_008874,query,entity_0233,entity_0239,1,entity_0239,entity_0233,entity_0233,entity_0239,test
pair_008875,query,entity_0011,entity_0110,0,entity_0110,entity_0011,entity_0011,entity_0110,test
pair_008876,demo,entity_0296,entity_0300,1,entity_0300,entity_0296,entity_0296,entity_0300,train
pair_008877,demo,entity_0398,entity_0670,0,entity_0670,entity_0398,entity_0398,entity_0670,train
pair_008878,demo,entity_0043,entity_0280,0,entity_0280,entity_0043,entity_0043,entity_0280,train
pair_008879,demo,entity_0265,entity_0825,0,entity_0825,entity_0265,entity_0265,entity_0825,train
pair_008880,demo,entity_0723,entity_0729,1,entity_0723,entity_0729,entity_0729,entity_0723,train
pair_008881,demo,entity_0241,entity_0250,1,entity_0250,entity_0241,entity_0241,entity_0250,train
pair_008882,query,entity_0332,entity_0400,0,entity_0332,entity_0400,entity_0400,entity_0332,validation
pair_008883,demo,entity_0291,entity_0300,1,entity_0300,entity_0291,entity_0291,entity_0300,train
pair_008884,query,entity_0213,entity_0595,0,entity_0213,entity_0595,entity_0595,entity_0213,validation
pair_008885,demo,entity_0184,entity_0185,1,entity_0185,entity_0184,entity_0184,entity_0185,train
pair_008886,query,entity_0308,entity_0587,0,entity_0308,entity_0587,entity_0587,entity_0308,test
pair_008887,query,entity_0070,entity_0689,0,entity_0070,entity_0689,entity_0689,entity_0070,test
pair_008888,query,entity_0718,entity_0940,0,entity_0940,entity_0718,entity_0718,entity_0940,test
pair_008889,query,entity_0073,entity_0078,1,entity_0073,entity_0078,entity_0078,entity_0073,test
pair_008890,demo,entity_0196,entity_0200,1,entity_0196,entity_0200,entity_0200,entity_0196,train
pair_008891,query,entity_0037,entity_0569,0,entity_0037,entity_0569,entity_0569,entity_0037,test
pair_008892,demo,entity_0053,entity_0197,0,entity_0197,entity_0053,entity_0053,entity_0197,train
pair_008893,query,entity_0215,entity_0731,0,entity_0731,entity_0215,entity_0215,entity_0731,test
pair_008894,query,entity_0187,entity_0188,1,entity_0188,entity_0187,entity_0187,entity_0188,test
pair_008895,query,entity_0712,entity_0718,1,entity_0718,entity_0712,entity_0712,entity_0718,test
pair_008896,demo,entity_0496,entity_0499,1,entity_0496,entity_0499,entity_0499,entity_0496,train
pair_008897,query,entity_0907,entity_0949,0,entity_0949,entity_0907,entity_0907,entity_0949,test
pair_008898,query,entity_0434,entity_0647,0,entity_0434,entity_0647,entity_0647,entity_0434,test
pair_008899,demo,entity_0007,entity_0009,1,entity_0007,entity_0009,entity_0009,entity_0007,train
pair_008900,demo,entity_0140,entity_0824,0,entity_0824,entity_0140,entity_0140,entity_0824,train
pair_008901,demo,entity_0932,entity_0939,1,entity_0932,entity_0939,entity_0939,entity_0932,train
pair_008902,query,entity_0226,entity_0816,0,entity_0226,entity_0816,entity_0816,entity_0226,test
pair_008903,query,entity_0569,entity_0666,0,entity_0666,entity_0569,entity_0569,entity_0666,test
pair_008904,query,entity_0212,entity_0218,1,entity_0212,entity_0218,entity_0218,entity_0212,test
pair_008905,query,entity_0654,entity_0655,1,entity_0655,entity_0654,entity_0654,entity_0655,validation
pair_008906,query,entity_0102,entity_0955,0,entity_0955,entity_0102,entity_0102,entity_0955,test
pair_008907,demo,entity_0228,entity_0902,0,entity_0902,entity_0228,entity_0228,entity_0902,train
pair_008908,query,entity_0761,entity_0766,1,entity_0766,entity_0761,entity_0761,entity_0766,test
pair_008909,query,entity_0609,entity_0726,0,entity_0726,entity_0609,entity_0609,entity_0726,validation
pair_008910,demo,entity_0271,entity_0275,1,entity_0275,entity_0271,entity_0271,entity_0275,train
pair_008911,demo,entity_0006,entity_0238,0,entity_0006,entity_0238,entity_0238,entity_0006,train
pair_008912,demo,entity_0249,entity_0794,0,entity_0794,entity_0249,entity_0249,entity_0794,train
pair_008913,query,entity_0350,entity_0353,0,entity_0353,entity_0350,entity_0350,entity_0353,test
pair_008914,demo,entity_0285,entity_0289,1,entity_0289,entity_0285,entity_0285,entity_0289,train
pair_008915,query,entity_0781,entity_0784,1,entity_0784,entity_0781,entity_0781,entity_0784,test
pair_008916,query,entity_0324,entity_0570,0,entity_0324,entity_0570,entity_0570,entity_0324,validation
pair_008917,demo,entity_0501,entity_0589,0,entity_0589,entity_0501,entity_0501,entity_0589,train
pair_008918,demo,entity_0986,entity_0987,1,entity_0987,entity_0986,entity_0986,entity_0987,train
pair_008919,demo,entity_0418,entity_1000,0,entity_0418,entity_1000,entity_1000,entity_0418,train
pair_008920,demo,entity_0779,entity_0841,0,entity_0779,entity_0841,entity_0841,entity_0779,train
pair_008921,demo,entity_0612,entity_0617,1,entity_0617,entity_0612,entity_0612,entity_0617,train
pair_008922,demo,entity_0141,entity_0149,1,entity_0149,entity_0141,entity_0141,entity_0149,train
pair_008923,demo,entity_0703,entity_0709,1,entity_0703,entity_0709,entity_0709,entity_0703,train
pair_008924,query,entity_0772,entity_0774,1,entity_0772,entity_0774,entity_0774,entity_0772,test
pair_008925,demo,entity_0013,entity_0342,0,entity_0013,entity_0342,entity_0342,entity_0013,train
pair_008926,demo,entity_0546,entity_0864,0,entity_0864,entity_0546,entity_0546,entity_0864,train
pair_008927,demo,entity_0044,entity_0740,0,entity_0044,entity_0740,entity_0740,entity_0044,train
pair_008928,demo,entity_0433,entity_0658,0,entity_0433,entity_0658,entity_0658,entity_0433,train
pair_008929,query,entity_0162,entity_0164,1,entity_0164,entity_0162,entity_0162,entity_0164,test
pair_008930,query,entity_0437,entity_0438,1,entity_0437,entity_0438,entity_0438,entity_0437,test
pair_008931,demo,entity_0872,entity_0878,1,entity_0878,entity_0872,entity_0872,entity_0878,train
pair_008932,query,entity_0045,entity_0805,0,entity_0045,entity_0805,entity_0805,entity_0045,test
pair_008933,demo,entity_0694,entity_0695,1,entity_0695,entity_0694,entity_0694,entity_0695,train
pair_008934,query,entity_0263,entity_0835,0,entity_0835,entity_0263,entity_0263,entity_0835,validation
pair_008935,demo,entity_0846,entity_0850,1,entity_0850,entity_0846,entity_0846,entity_0850,train
pair_008936,demo,entity_0201,entity_0208,1,entity_0201,entity_0208,entity_0208,entity_0201,train
pair_008937,demo,entity_0154,entity_0821,0,entity_0154,entity_0821,entity_0821,entity_0154,train
pair_008938,demo,entity_0034,entity_0128,0,entity_0128,entity_0034,entity_0034,entity_0128,train
pair_008939,demo,entity_0696,entity_0698,1,entity_0698,entity_0696,entity_0696,entity_0698,train
pair_008940,demo,entity_0191,entity_0417,0,entity_0191,entity_0417,entity_0417,entity_0191,train
pair_008941,demo,entity_0761,entity_0768,1,entity_0768,entity_0761,entity_0761,entity_0768,train
pair_008942,query,entity_0119,entity_0473,0,entity_0119,entity_0473,entity_0473,entity_0119,test
pair_008943,demo,entity_0273,entity_0817,0,entity_0273,entity_0817,entity_0817,entity_0273,train
pair_008944,query,entity_0531,entity_0534,1,entity_0534,entity_0531,entity_0531,entity_0534,test
pair_008945,demo,entity_0964,entity_0968,1,entity_0968,entity_0964,entity_0964,entity_0968,train
pair_008946,query,entity_0607,entity_0865,0,entity_0865,entity_0607,entity_0607,entity_0865,test
pair_008947,query,entity_0003,entity_0309,0,entity_0003,entity_0309,entity_0309,entity_0003,test
pair_008948,query,entity_0591,entity_0710,0,entity_0591,entity_0710,entity_0710,entity_0591,test
pair_008949,demo,entity_0363,entity_0366,1,entity_0363,entity_0366,entity_0366,entity_0363,train
pair_008950,query,entity_0561,entity_0564,1,entity_0564,entity_0561,entity_0561,entity_0564,test
pair_008951,demo,entity_0337,entity_0385,0,entity_0385,entity_0337,entity_0337,entity_0385,train
pair_008952,demo,entity_0365,entity_0369,1,entity_0369,entity_0365,entity_0365,entity_0369,train
pair_008953,demo,entity_0225,entity_0270,0,entity_0225,entity_0270,entity_0270,entity_0225,train
pair_008954,demo,entity_0745,entity_0750,1,entity_0750,entity_0745,entity_0745,entity_0750,train
pair_008955,demo,entity_0817,entity_0820,1,entity_0820,entity_0817,entity_0817,entity_0820,train
pair_008956,query,entity_0078,entity_0199,0,entity_0078,entity_0199,entity_0199,entity_0078,test
pair_008957,query,entity_0653,entity_0808,0,entity_0808,entity_0653,entity_0653,entity_0808,test
pair_008958,demo,entity_0516,entity_0593,0,entity_0516,entity_0593,entity_0593,entity_0516,train
pair_008959,query,entity_0556,entity_0559,1,entity_0559,entity_0556,entity_0556,entity_0559,validation
pair_008960,query,entity_0269,entity_0270,1,entity_0269,entity_0270,entity_0270,entity_0269,test
pair_008961,demo,entity_0006,entity_0007,1,entity_0007,entity_0006,entity_0006,entity_0007,train
pair_008962,demo,entity_0443,entity_0986,0,entity_0443,entity_0986,entity_0986,entity_0443,train
pair_008963,demo,entity_0625,entity_0629,1,entity_0629,entity_0625,entity_0625,entity_0629,train
pair_008964,query,entity_0010,entity_0482,0,entity_0482,entity_0010,entity_0010,entity_0482,test
pair_008965,demo,entity_0877,entity_0880,1,entity_0880,entity_0877,entity_0877,entity_0880,train
pair_008966,demo,entity_0023,entity_0120,0,entity_0023,entity_0120,entity_0120,entity_0023,train
pair_008967,demo,entity_0107,entity_0699,0,entity_0107,entity_0699,entity_0699,entity_0107,train
pair_008968,demo,entity_0728,entity_0841,0,entity_0728,entity_0841,entity_0841,entity_0728,train
pair_008969,demo,entity_0062,entity_0069,1,entity_0062,entity_0069,entity_0069,entity_0062,train
pair_008970,query,entity_0151,entity_0681,0,entity_0681,entity_0151,entity_0151,entity_0681,test
pair_008971,demo,entity_0023,entity_0671,0,entity_0023,entity_0671,entity_0671,entity_0023,train
pair_008972,query,entity_0422,entity_0665,0,entity_0665,entity_0422,entity_0422,entity_0665,test
pair_008973,demo,entity_0401,entity_0402,1,entity_0402,entity_0401,entity_0401,entity_0402,train
pair_008974,query,entity_0143,entity_0763,0,entity_0763,entity_0143,entity_0143,entity_0763,validation
pair_008975,query,entity_0751,entity_0760,1,entity_0760,entity_0751,entity_0751,entity_0760,test
pair_008976,query,entity_0114,entity_0116,1,entity_0114,entity_0116,entity_0116,entity_0114,test
pair_008977,demo,entity_0485,entity_0488,1,entity_0488,entity_0485,entity_0485,entity_0488,train
pair_008978,demo,entity_0671,entity_0675,1,entity_0675,entity_0671,entity_0671,entity_0675,train
pair_008979,demo,entity_0642,entity_0646,1,entity_0642,entity_0646,entity_0646,entity_0642,train
pair_008980,query,entity_0554,entity_0556,1,entity_0554,entity_0556,entity_0556,entity_0554,test
pair_008981,query,entity_0614,entity_0618,1,entity_0618,entity_0614,entity_0614,entity_0618,test
pair_008982,demo,entity_0351,entity_0451,0,entity_0351,entity_0451,entity_0451,entity_0351,train
pair_008983,query,entity_0848,entity_0849,1,entity_0849,entity_0848,entity_0848,entity_0849,test
pair_008984,query,entity_0881,entity_0890,1,entity_0890,entity_0881,entity_0881,entity_0890,test
pair_008985,demo,entity_0431,entity_0434,1,entity_0431,entity_0434,entity_0434,entity_0431,train
pair_008986,demo,entity_0717,entity_0718,1,entity_0718,entity_0717,entity_0717,entity_0718,train
pair_008987,demo,entity_0163,entity_0164,1,entity_0163,entity_0164,entity_0164,entity_0163,train
pair_008988,query,entity_0326,entity_0330,1,entity_0330,entity_0326,entity_0326,entity_0330,test
pair_008989,query,entity_0307,entity_0373,0,entity_0307,entity_0373,entity_0373,entity_0307,test
pair_008990,demo,entity_0023,entity_0024,1,entity_0024,entity_0023,entity_0023,entity_0024,train
pair_008991,query,entity_0882,entity_0886,1,entity_0882,entity_0886,entity_0886,entity_0882,test
pair_008992,demo,entity_0360,entity_0914,0,entity_0360,entity_0914,entity_0914,entity_0360,train
pair_008993,demo,entity_0061,entity_0960,0,entity_0960,entity_0061,entity_0061,entity_0960,train
pair_008994,query,entity_0031,entity_0038,1,entity_0038,entity_0031,entity_0031,entity_0038,test
pair_008995,query,entity_0731,entity_0736,1,entity_0736,entity_0731,entity_0731,entity_0736,test
pair_008996,query,entity_0497,entity_0965,0,entity_0965,entity_0497,entity_0497,entity_0965,test
pair_008997,query,entity_0351,entity_0354,1,entity_0354,entity_0351,entity_0351,entity_0354,test
pair_008998,demo,entity_0630,entity_0950,0,entity_0630,entity_0950,entity_0950,entity_0630,train
pair_008999,demo,entity_0083,entity_0746,0,entity_0083,entity_0746,entity_0746,entity_0083,train
pair_009000,demo,entity_0312,entity_0460,0,entity_0312,entity_0460,entity_0460,entity_0312,train
