entity_1,entity_2,label,model,positive_proba,prediction
entity_0270,entity_0973,0,tabpfn,1.84774046374514e-06,0
entity_0989,entity_0981,1,tabpfn,0.9904686212539673,1
entity_0370,entity_0365,1,tabpfn,0.9950412511825562,1
entity_0672,entity_0074,0,tabpfn,2.6822019663086394e-06,0
entity_0656,entity_0659,1,tabpfn,0.9984599351882935,1
entity_0681,entity_0284,0,tabpfn,3.874287358485162e-06,0
entity_0959,entity_0111,0,tabpfn,1.7881361600302625e-06,0
entity_0654,entity_0635,0,tabpfn,0.004962523467838764,0
entity_0280,entity_0178,0,tabpfn,4.529932539298898e-06,0
entity_0793,entity_0239,0,tabpfn,2.741806156336679e-06,0
entity_0148,entity_0143,1,tabpfn,0.9927287697792053,1
entity_0512,entity_0923,0,tabpfn,1.490113959334849e-06,0
entity_0131,entity_0139,1,tabpfn,0.9581247568130493,1
entity_0525,entity_0716,0,tabpfn,2.384180106673739e-06,0
entity_0787,entity_0786,1,tabpfn,0.9923275709152222,1
entity_0977,entity_0972,1,tabpfn,0.9974026083946228,1
entity_0044,entity_0996,0,tabpfn,1.8000278942054138e-05,0
entity_0583,entity_0863,0,tabpfn,1.84774046374514e-06,0
entity_0710,entity_0702,1,tabpfn,0.9833834171295166,1
entity_0083,entity_0085,1,tabpfn,0.994742751121521,1
entity_0970,entity_0555,0,tabpfn,1.907344994833693e-06,0
entity_0120,entity_0118,1,tabpfn,0.9973347187042236,1
entity_0862,entity_0865,1,tabpfn,0.9974444508552551,1
entity_0150,entity_0143,1,tabpfn,0.9826167821884155,1
entity_0530,entity_0526,1,tabpfn,0.9976251721382141,1
entity_0321,entity_0877,0,tabpfn,2.384180106673739e-06,0
entity_0611,entity_0619,1,tabpfn,0.978276789188385,1
entity_0313,entity_0062,0,tabpfn,4.231911589158699e-06,0
entity_0549,entity_0548,1,tabpfn,0.9990062713623047,1
entity_0029,entity_0024,1,tabpfn,0.984224796295166,1
entity_0594,entity_0586,0,tabpfn,0.9696525931358337,1
entity_0187,entity_0186,1,tabpfn,0.99525386095047,1
entity_0250,entity_0248,1,tabpfn,0.9950222969055176,1
entity_0066,entity_0936,0,tabpfn,2.384180106673739e-06,0
entity_0175,entity_0172,1,tabpfn,0.9942771792411804,1
entity_0372,entity_0373,1,tabpfn,0.9986599087715149,1
entity_0231,entity_0239,1,tabpfn,0.9190014004707336,1
entity_0282,entity_0284,1,tabpfn,0.9982496500015259,1
entity_0643,entity_0194,0,tabpfn,4.768348844663706e-06,0
entity_0493,entity_0500,1,tabpfn,0.9819485545158386,1
entity_0057,entity_0059,1,tabpfn,0.9929330348968506,1
entity_0037,entity_0035,1,tabpfn,0.9934710264205933,1
entity_0023,entity_0877,0,tabpfn,4.11270366384997e-06,0
entity_0153,entity_0157,1,tabpfn,0.9957898855209351,1
entity_0442,entity_0450,1,tabpfn,0.9553914666175842,1
entity_0611,entity_0844,0,tabpfn,1.728531856315385e-06,0
entity_0882,entity_0924,0,tabpfn,1.7940677935257554e-05,0
entity_0966,entity_0970,1,tabpfn,0.9940609931945801,1
entity_0443,entity_0442,1,tabpfn,0.9993064999580383,1
entity_0246,entity_0412,0,tabpfn,3.7550782963080565e-06,0
entity_0284,entity_0646,0,tabpfn,2.503388714103494e-06,0
entity_0060,entity_0054,1,tabpfn,0.982661783695221,1
entity_0554,entity_0552,1,tabpfn,0.9989853501319885,1
entity_0534,entity_0537,1,tabpfn,0.9984161257743835,1
entity_0947,entity_0949,1,tabpfn,0.9949995279312134,1
entity_0221,entity_0564,0,tabpfn,2.086158019665163e-06,0
entity_0332,entity_0335,1,tabpfn,0.9987671971321106,1
entity_0698,entity_0697,1,tabpfn,0.997535765171051,1
entity_0346,entity_0350,1,tabpfn,0.9971235394477844,1
entity_0012,entity_0957,0,tabpfn,7.390921382466331e-06,0
entity_0887,entity_0882,1,tabpfn,0.9961735606193542,1
entity_0768,entity_0764,1,tabpfn,0.9934369325637817,1
entity_0340,entity_0339,1,tabpfn,0.9986570477485657,1
entity_0422,entity_0063,0,tabpfn,2.2649712718703086e-06,0
entity_0125,entity_0401,0,tabpfn,2.5629929041315336e-06,0
entity_0869,entity_0590,0,tabpfn,2.1457626644405536e-06,0
entity_0587,entity_0516,0,tabpfn,8.284976502181962e-06,0
entity_0659,entity_0651,1,tabpfn,0.9639260172843933,1
entity_0262,entity_0263,1,tabpfn,0.9975833296775818,1
entity_0108,entity_0105,1,tabpfn,0.9959684014320374,1
entity_0828,entity_0830,1,tabpfn,0.9980840086936951,1
entity_0007,entity_0004,1,tabpfn,0.9845402240753174,1
entity_0210,entity_0204,1,tabpfn,0.9887016415596008,1
entity_0899,entity_0891,1,tabpfn,0.9844050407409668,1
entity_0317,entity_0541,0,tabpfn,7.867751264711842e-06,0
entity_0346,entity_0349,1,tabpfn,0.9978508353233337,1
entity_0776,entity_0779,1,tabpfn,0.99072265625,1
entity_0926,entity_0921,1,tabpfn,0.9921193718910217,1
entity_0291,entity_0293,1,tabpfn,0.9984742403030396,1
entity_0005,entity_0010,1,tabpfn,0.9471499919891357,1
entity_0225,entity_0226,1,tabpfn,0.9959759712219238,1
entity_0676,entity_0755,0,tabpfn,8.582995178585406e-06,0
entity_0304,entity_0054,0,tabpfn,2.1457626644405536e-06,0
entity_0482,entity_0400,0,tabpfn,9.834669981501065e-06,0
entity_0335,entity_0338,1,tabpfn,0.9976004362106323,1
entity_0730,entity_0729,1,tabpfn,0.9981011152267456,1
entity_0843,entity_0848,1,tabpfn,0.9973803758621216,1
entity_0764,entity_0763,1,tabpfn,0.9958733916282654,1
entity_0165,entity_0361,0,tabpfn,4.529932539298898e-06,0
entity_0193,entity_0107,0,tabpfn,6.85448685544543e-06,0
entity_0186,entity_0070,0,tabpfn,3.635870370999328e-06,0
entity_0321,entity_0692,0,tabpfn,1.907344994833693e-06,0
entity_0321,entity_0892,0,tabpfn,1.7881361600302625e-06,0
entity_0575,entity_0646,0,tabpfn,3.933891093765851e-06,0
entity_0950,entity_0949,1,tabpfn,0.9972453117370605,1
entity_0397,entity_0509,0,tabpfn,7.510128853027709e-06,0
entity_0110,entity_0109,1,tabpfn,0.9979764223098755,1
entity_0182,entity_0190,1,tabpfn,0.9841797947883606,1
entity_0016,entity_0011,1,tabpfn,0.9666199088096619,1
entity_0024,entity_0545,0,tabpfn,7.6293363235890865e-06,0
entity_0670,entity_0661,1,tabpfn,0.9770954847335815,1
entity_0652,entity_0533,0,tabpfn,4.351120423962129e-06,0
entity_0557,entity_0555,1,tabpfn,0.9982467889785767,1
entity_0722,entity_0727,1,tabpfn,0.9907982349395752,1
entity_0425,entity_0428,1,tabpfn,0.9984275698661804,1
entity_0302,entity_0647,0,tabpfn,2.1457626644405536e-06,0
entity_0021,entity_0026,1,tabpfn,0.989310622215271,1
entity_0545,entity_0714,0,tabpfn,5.0663693400565535e-06,0
entity_0759,entity_0118,0,tabpfn,2.384180106673739e-06,0
entity_0162,entity_0163,1,tabpfn,0.9964109659194946,1
entity_0394,entity_0392,1,tabpfn,0.9968858957290649,1
entity_0336,entity_0141,0,tabpfn,2.622597548906924e-06,0
entity_0073,entity_0079,1,tabpfn,0.984525203704834,1
entity_0809,entity_0807,1,tabpfn,0.9951779246330261,1
entity_0577,entity_0140,0,tabpfn,3.695474333653692e-06,0
entity_0196,entity_0194,1,tabpfn,0.9957860708236694,1
entity_0183,entity_0182,1,tabpfn,0.99365234375,1
entity_0302,entity_0307,1,tabpfn,0.9973518252372742,1
entity_0044,entity_0043,1,tabpfn,0.9933193922042847,1
entity_0080,entity_0594,0,tabpfn,3.3974533835134935e-06,0
entity_0879,entity_0876,1,tabpfn,0.998356282711029,1
entity_0381,entity_0694,0,tabpfn,1.7881361600302625e-06,0
entity_0095,entity_0332,0,tabpfn,4.053099473821931e-06,0
entity_0098,entity_0097,1,tabpfn,0.9953677654266357,1
entity_0919,entity_0913,1,tabpfn,0.9827752113342285,1
entity_0399,entity_0397,1,tabpfn,0.9981953501701355,1
entity_0983,entity_0401,0,tabpfn,6.4968644437612966e-06,0
entity_0278,entity_0434,0,tabpfn,4.768348844663706e-06,0
entity_0455,entity_0093,0,tabpfn,2.5629929041315336e-06,0
entity_0786,entity_0911,0,tabpfn,1.6689273252268322e-06,0
entity_0341,entity_0432,0,tabpfn,3.8146827137097716e-06,0
entity_0811,entity_0820,1,tabpfn,0.865128755569458,1
entity_0213,entity_0950,0,tabpfn,2.3245756892720237e-06,0
entity_0692,entity_0604,0,tabpfn,1.674862505751662e-05,0
entity_0062,entity_0103,0,tabpfn,0.0004039562481921166,0
entity_0012,entity_0019,1,tabpfn,0.87109375,1
entity_0835,entity_0831,1,tabpfn,0.9973892569541931,1
entity_0090,entity_0085,1,tabpfn,0.9926795959472656,1
entity_0907,entity_0904,1,tabpfn,0.9948515295982361,1
entity_0736,entity_0322,0,tabpfn,3.0398275612242287e-06,0
entity_0102,entity_0106,1,tabpfn,0.9966561794281006,1
entity_0126,entity_0124,1,tabpfn,0.9967527985572815,1
entity_0204,entity_0386,0,tabpfn,3.5166615361958975e-06,0
entity_0060,entity_0059,1,tabpfn,0.9939283132553101,1
entity_0853,entity_0858,1,tabpfn,0.9976385235786438,1
entity_0024,entity_0279,0,tabpfn,2.9206191811681492e-06,0
entity_0894,entity_0888,0,tabpfn,0.9936864376068115,1
entity_0008,entity_0609,0,tabpfn,8.463787708024029e-06,0
entity_0901,entity_0877,0,tabpfn,0.0004205988661851734,0
entity_0024,entity_0416,0,tabpfn,4.17230785387801e-06,0
entity_0164,entity_0111,0,tabpfn,2.5808147256611846e-05,0
entity_0086,entity_0269,0,tabpfn,2.384180106673739e-06,0
entity_0950,entity_0082,0,tabpfn,2.2649712718703086e-06,0
entity_0280,entity_0271,1,tabpfn,0.9255552887916565,1
entity_0641,entity_0647,1,tabpfn,0.9899322986602783,1
entity_0921,entity_0704,0,tabpfn,1.7881361600302625e-06,0
entity_0649,entity_0028,0,tabpfn,3.933891093765851e-06,0
entity_0408,entity_0409,1,tabpfn,0.997968852519989,1
entity_0503,entity_0510,1,tabpfn,0.9916689395904541,1
entity_0014,entity_0019,1,tabpfn,0.953125,1
entity_0876,entity_0027,0,tabpfn,3.4570573461678578e-06,0
entity_0207,entity_0204,1,tabpfn,0.9907000064849854,1
entity_0386,entity_0607,0,tabpfn,2.6822019663086394e-06,0
entity_0003,entity_0228,0,tabpfn,6.377656063705217e-06,0
entity_0625,entity_0624,1,tabpfn,0.9974127411842346,1
entity_0123,entity_0129,1,tabpfn,0.9972966909408569,1
entity_0999,entity_0310,0,tabpfn,6.437260253733257e-06,0
entity_0880,entity_0878,1,tabpfn,0.9973480701446533,1
entity_0628,entity_0623,1,tabpfn,0.9939737915992737,1
entity_0172,entity_0398,0,tabpfn,3.4570573461678578e-06,0
entity_0906,entity_0021,0,tabpfn,4.589536729326937e-06,0
entity_0983,entity_0989,1,tabpfn,0.9886186718940735,1
entity_0891,entity_0046,0,tabpfn,3.099431978625944e-06,0
entity_0848,entity_0172,0,tabpfn,2.622597548906924e-06,0
entity_0375,entity_0839,0,tabpfn,1.072882469088654e-06,0
entity_0724,entity_0721,1,tabpfn,0.9958202242851257,1
entity_0512,entity_0227,0,tabpfn,2.861014763766434e-06,0
entity_0752,entity_0805,0,tabpfn,1.090752994059585e-05,0
entity_0958,entity_0370,0,tabpfn,2.384180106673739e-06,0
entity_0911,entity_0243,0,tabpfn,2.086158019665163e-06,0
entity_0586,entity_0801,0,tabpfn,1.907344994833693e-06,0
entity_0773,entity_0823,0,tabpfn,1.4424115761357825e-05,0
entity_0601,entity_0604,1,tabpfn,0.9914302825927734,1
entity_0256,entity_0251,1,tabpfn,0.9907453060150146,1
entity_0712,entity_0717,1,tabpfn,0.9934406876564026,1
entity_0754,entity_0751,1,tabpfn,0.9970950484275818,1
entity_0320,entity_0489,0,tabpfn,4.529932539298898e-06,0
entity_0065,entity_0699,0,tabpfn,2.503388714103494e-06,0
entity_0032,entity_0402,0,tabpfn,3.5166615361958975e-06,0
entity_0832,entity_0840,1,tabpfn,0.991487443447113,1
entity_0840,entity_0681,0,tabpfn,1.1920915312657598e-06,0
entity_0527,entity_0530,1,tabpfn,0.9971520900726318,1
entity_0755,entity_0549,0,tabpfn,1.9669496396090835e-06,0
entity_0768,entity_0769,1,tabpfn,0.9936220049858093,1
entity_0519,entity_0618,0,tabpfn,4.351120423962129e-06,0
entity_0830,entity_0823,1,tabpfn,0.9935500025749207,1
entity_0314,entity_0407,0,tabpfn,6.079636932554422e-06,0
entity_0751,entity_0759,1,tabpfn,0.8820512890815735,1
entity_0315,entity_0313,1,tabpfn,0.9979707598686218,1
entity_0943,entity_0948,1,tabpfn,0.9918959736824036,1
entity_0422,entity_0421,1,tabpfn,0.9982439279556274,1
entity_0751,entity_0753,1,tabpfn,0.9956282377243042,1
entity_0643,entity_0989,0,tabpfn,2.086158019665163e-06,0
entity_0434,entity_0439,1,tabpfn,0.9980801939964294,1
entity_0101,entity_0681,0,tabpfn,2.0265538296371233e-06,0
entity_0999,entity_0026,0,tabpfn,7.396389992209151e-05,0
entity_0273,entity_0275,1,tabpfn,0.9976080656051636,1
entity_0171,entity_0711,0,tabpfn,2.622597548906924e-06,0
entity_0374,entity_0373,1,tabpfn,0.9983751773834229,1
entity_0978,entity_0979,1,tabpfn,0.995677649974823,1
entity_0410,entity_0441,0,tabpfn,3.611910869949497e-05,0
entity_0856,entity_0859,1,tabpfn,0.9982820153236389,1
entity_0348,entity_0494,0,tabpfn,8.82140921021346e-06,0
entity_0548,entity_0546,1,tabpfn,0.9991563558578491,1
entity_0973,entity_0978,1,tabpfn,0.9932966828346252,1
entity_0070,entity_0068,1,tabpfn,0.9959341883659363,1
entity_0361,entity_0046,0,tabpfn,3.2186403586820234e-06,0
entity_0638,entity_0435,0,tabpfn,3.0398275612242287e-06,0
entity_0534,entity_0548,0,tabpfn,0.267578125,0
entity_0926,entity_0927,1,tabpfn,0.9957670569419861,1
entity_0769,entity_0844,0,tabpfn,4.351120423962129e-06,0
entity_0661,entity_0775,0,tabpfn,3.695474333653692e-06,0
entity_0969,entity_0766,0,tabpfn,1.2516960623543127e-06,0
entity_0434,entity_0004,0,tabpfn,2.5331333745270967e-05,0
entity_0112,entity_0253,0,tabpfn,2.622597548906924e-06,0
entity_0097,entity_0647,0,tabpfn,1.84774046374514e-06,0
entity_0849,entity_0847,1,tabpfn,0.9984142184257507,1
entity_0295,entity_0021,0,tabpfn,3.2186403586820234e-06,0
entity_0367,entity_0361,1,tabpfn,0.9940041303634644,1
entity_0083,entity_0679,0,tabpfn,2.3245756892720237e-06,0
entity_0043,entity_0938,0,tabpfn,2.503388714103494e-06,0
entity_0372,entity_0740,0,tabpfn,1.311300479756028e-06,0
entity_0419,entity_0417,1,tabpfn,0.9987589716911316,1
entity_0334,entity_0336,1,tabpfn,0.998826265335083,1
entity_0497,entity_0496,1,tabpfn,0.9984932541847229,1
entity_0555,entity_0240,0,tabpfn,2.980223371196189e-06,0
entity_0264,entity_0268,1,tabpfn,0.9963521957397461,1
entity_0412,entity_0108,0,tabpfn,2.980223371196189e-06,0
entity_0666,entity_0668,1,tabpfn,0.9986862540245056,1
entity_0047,entity_0046,1,tabpfn,0.9925735592842102,1
entity_1000,entity_0997,1,tabpfn,0.9971691966056824,1
entity_0577,entity_0571,1,tabpfn,0.986012876033783,1
entity_0942,entity_0948,1,tabpfn,0.9934824109077454,1
entity_0920,entity_0690,0,tabpfn,1.430509428246296e-06,0
entity_0575,entity_0630,0,tabpfn,4.231911589158699e-06,0
entity_0755,entity_0339,0,tabpfn,2.086158019665163e-06,0
entity_0182,entity_0739,0,tabpfn,1.6093226804514416e-06,0
entity_0526,entity_0066,0,tabpfn,2.384180106673739e-06,0
entity_0531,entity_0537,1,tabpfn,0.9946213364601135,1
entity_0221,entity_0197,0,tabpfn,0.0007121063536033034,0
entity_0729,entity_0775,0,tabpfn,6.359411054290831e-05,0
entity_0629,entity_0743,0,tabpfn,4.053099473821931e-06,0
entity_0563,entity_0568,1,tabpfn,0.9979307651519775,1
entity_0348,entity_0350,1,tabpfn,0.9984228014945984,1
entity_0523,entity_0992,0,tabpfn,3.2186403586820234e-06,0
entity_0171,entity_0175,1,tabpfn,0.9917522072792053,1
entity_0220,entity_0212,1,tabpfn,0.8053691387176514,1
entity_0564,entity_0563,1,tabpfn,0.9983856678009033,1
entity_0024,entity_0028,1,tabpfn,0.9903854727745056,1
entity_0067,entity_0846,0,tabpfn,4.11270366384997e-06,0
entity_0691,entity_0692,1,tabpfn,0.9985998868942261,1
entity_0605,entity_0601,1,tabpfn,0.991347074508667,1
entity_0841,entity_0514,0,tabpfn,2.503388714103494e-06,0
entity_0046,entity_0043,1,tabpfn,0.9918581247329712,1
entity_0062,entity_0136,0,tabpfn,2.765579120023176e-05,0
entity_0487,entity_0029,0,tabpfn,1.3768482858722564e-05,0
entity_0569,entity_0566,1,tabpfn,0.9988919496536255,1
entity_0829,entity_0826,1,tabpfn,0.9968896508216858,1
entity_0558,entity_0372,0,tabpfn,4.410724159242818e-06,0
entity_0111,entity_0115,1,tabpfn,0.9970664978027344,1
entity_0279,entity_0273,1,tabpfn,0.9926871657371521,1
entity_0960,entity_0956,1,tabpfn,0.9925962686538696,1
entity_0752,entity_0941,0,tabpfn,1.1324868864903692e-06,0
entity_0020,entity_0803,0,tabpfn,2.6822019663086394e-06,0
entity_0839,entity_0193,0,tabpfn,3.099431978625944e-06,0
entity_0369,entity_0818,0,tabpfn,1.7881361600302625e-06,0
entity_0197,entity_0603,0,tabpfn,1.907344994833693e-06,0
entity_0807,entity_0802,1,tabpfn,0.9952310919761658,1
entity_0706,entity_0708,1,tabpfn,0.9959114193916321,1
entity_0510,entity_0751,0,tabpfn,1.430509428246296e-06,0
entity_0278,entity_0543,0,tabpfn,3.3974533835134935e-06,0
entity_0186,entity_0189,1,tabpfn,0.9932246804237366,1
entity_0483,entity_0414,0,tabpfn,1.72850486706011e-05,0
entity_0294,entity_0915,0,tabpfn,1.728531856315385e-06,0
entity_0520,entity_0515,1,tabpfn,0.9962324500083923,1
entity_0659,entity_0300,0,tabpfn,3.099431978625944e-06,0
entity_0376,entity_0789,0,tabpfn,1.9669496396090835e-06,0
entity_0950,entity_0987,0,tabpfn,0.00015721232921350747,0
entity_0215,entity_0517,0,tabpfn,3.2186403586820234e-06,0
entity_0796,entity_0405,0,tabpfn,1.7881361600302625e-06,0
entity_0412,entity_0133,0,tabpfn,2.622597548906924e-06,0
entity_0716,entity_0213,0,tabpfn,3.3974533835134935e-06,0
entity_0930,entity_0515,0,tabpfn,1.728531856315385e-06,0
entity_0044,entity_0041,1,tabpfn,0.9906168580055237,1
entity_0011,entity_0018,1,tabpfn,0.9627143740653992,1
entity_0882,entity_0541,0,tabpfn,2.0265538296371233e-06,0
entity_0782,entity_0786,1,tabpfn,0.9878607988357544,1
entity_0955,entity_0954,1,tabpfn,0.9983096718788147,1
entity_0730,entity_0725,1,tabpfn,0.992592453956604,1
entity_0648,entity_0641,1,tabpfn,0.9962400794029236,1
entity_0364,entity_0078,0,tabpfn,1.6093226804514416e-06,0
entity_0922,entity_0423,0,tabpfn,1.84774046374514e-06,0
entity_0681,entity_0688,1,tabpfn,0.9902117252349854,1
entity_0318,entity_0317,1,tabpfn,0.9985751509666443,1
entity_0418,entity_0420,1,tabpfn,0.9986332654953003,1
entity_0633,entity_0713,0,tabpfn,6.914091045473469e-06,0
entity_0275,entity_0764,0,tabpfn,1.7881361600302625e-06,0
entity_0086,entity_0081,1,tabpfn,0.9926114082336426,1
entity_0495,entity_0496,1,tabpfn,0.9989863038063049,1
entity_0833,entity_0945,0,tabpfn,5.722013156628236e-06,0
entity_0446,entity_0447,1,tabpfn,0.9992792010307312,1
entity_0328,entity_0671,0,tabpfn,1.1920915312657598e-06,0
entity_0773,entity_0719,0,tabpfn,1.156316739070462e-05,0
entity_0165,entity_0807,0,tabpfn,1.7881361600302625e-06,0
entity_0929,entity_0928,1,tabpfn,0.9937509298324585,1
entity_0098,entity_0772,0,tabpfn,2.384180106673739e-06,0
entity_0795,entity_0785,0,tabpfn,0.7247863411903381,1
entity_0389,entity_0943,0,tabpfn,2.3245756892720237e-06,0
entity_0606,entity_0376,0,tabpfn,2.980223371196189e-06,0
entity_0145,entity_0149,1,tabpfn,0.9953829646110535,1
entity_0791,entity_0124,0,tabpfn,3.159036396027659e-06,0
entity_0170,entity_0751,0,tabpfn,1.6689273252268322e-06,0
entity_0607,entity_0604,1,tabpfn,0.9960329532623291,1
entity_0940,entity_0937,1,tabpfn,0.9959835410118103,1
entity_0226,entity_0221,1,tabpfn,0.9794025421142578,1
entity_0198,entity_0191,1,tabpfn,0.9784708619117737,1
entity_0303,entity_0306,1,tabpfn,0.9977393746376038,1
entity_0068,entity_0063,1,tabpfn,0.9878833889961243,1
entity_0415,entity_0223,0,tabpfn,2.205367081842269e-06,0
entity_0799,entity_0135,0,tabpfn,2.503388714103494e-06,0
entity_0274,entity_0882,0,tabpfn,2.0265538296371233e-06,0
entity_0444,entity_0442,1,tabpfn,0.9992912411689758,1
entity_0557,entity_0554,1,tabpfn,0.998965322971344,1
entity_0562,entity_0075,0,tabpfn,3.4570573461678578e-06,0
entity_0704,entity_0710,1,tabpfn,0.992910623550415,1
entity_0502,entity_0389,0,tabpfn,6.675675649603363e-06,0
entity_0368,entity_0366,1,tabpfn,0.9978527426719666,1
entity_0905,entity_0036,0,tabpfn,3.3378489661117783e-06,0
entity_0370,entity_0279,0,tabpfn,1.6927431715885177e-05,0
entity_0349,entity_0941,0,tabpfn,3.278244548710063e-06,0
entity_0692,entity_0593,0,tabpfn,1.9669496396090835e-06,0
entity_0783,entity_0781,1,tabpfn,0.985464334487915,1
entity_0223,entity_0229,1,tabpfn,0.9299712777137756,1
entity_0145,entity_0148,1,tabpfn,0.9974977374076843,1
entity_0307,entity_0306,1,tabpfn,0.9990062713623047,1
entity_0218,entity_0928,0,tabpfn,1.9669496396090835e-06,0
entity_0306,entity_0999,0,tabpfn,3.2186403586820234e-06,0
entity_0749,entity_0744,1,tabpfn,0.992513120174408,1
entity_0239,entity_0152,0,tabpfn,6.079636932554422e-06,0
entity_0693,entity_0691,1,tabpfn,0.998669445514679,1
entity_0273,entity_0650,0,tabpfn,1.728531856315385e-06,0
entity_0383,entity_0390,1,tabpfn,0.8587818741798401,1
entity_0529,entity_0674,0,tabpfn,4.17230785387801e-06,0
entity_0028,entity_0246,0,tabpfn,2.861014763766434e-06,0
entity_0647,entity_0648,1,tabpfn,0.9990129470825195,1
entity_0640,entity_0635,1,tabpfn,0.9985179901123047,1
entity_0701,entity_0505,0,tabpfn,4.470327894523507e-06,0
entity_0113,entity_0115,1,tabpfn,0.9962077736854553,1
entity_0379,entity_0376,1,tabpfn,0.9980677962303162,1
entity_0156,entity_0154,1,tabpfn,0.995533287525177,1
entity_0847,entity_0634,0,tabpfn,1.549718376736564e-06,0
entity_0598,entity_0436,0,tabpfn,4.708744654635666e-06,0
entity_0126,entity_0122,1,tabpfn,0.9962153434753418,1
entity_0918,entity_0912,1,tabpfn,0.9799655079841614,1
entity_0775,entity_0779,1,tabpfn,0.99177485704422,1
entity_0423,entity_0884,0,tabpfn,1.430509428246296e-06,0
entity_0578,entity_0575,1,tabpfn,0.9978318214416504,1
entity_0177,entity_0173,1,tabpfn,0.9917597770690918,1
entity_0120,entity_0757,0,tabpfn,1.907344994833693e-06,0
entity_0748,entity_0749,1,tabpfn,0.9952006936073303,1
entity_0074,entity_0788,0,tabpfn,1.907344994833693e-06,0
entity_0401,entity_0662,0,tabpfn,2.0265538296371233e-06,0
entity_0965,entity_0970,1,tabpfn,0.9933990240097046,1
entity_0836,entity_0451,0,tabpfn,1.549718376736564e-06,0
entity_0800,entity_0799,1,tabpfn,0.9964033961296082,1
entity_0724,entity_0726,1,tabpfn,0.9963673949241638,1
entity_0509,entity_0505,1,tabpfn,0.9977260828018188,1
entity_0600,entity_0776,0,tabpfn,2.6822019663086394e-06,0
entity_0954,entity_0956,1,tabpfn,0.9980392456054688,1
entity_0770,entity_0767,1,tabpfn,0.9941178560256958,1
entity_0888,entity_0423,0,tabpfn,1.430509428246296e-06,0
entity_0437,entity_0431,1,tabpfn,0.9966485500335693,1
entity_0237,entity_0235,1,tabpfn,0.9933080673217773,1
entity_0819,entity_0136,0,tabpfn,2.1457626644405536e-06,0
entity_0999,entity_0992,1,tabpfn,0.9955902695655823,1
entity_0582,entity_0584,1,tabpfn,0.9976213574409485,1
entity_0348,entity_0714,0,tabpfn,1.6093226804514416e-06,0
entity_0358,entity_0996,0,tabpfn,3.099431978625944e-06,0
entity_0358,entity_0865,0,tabpfn,3.278244548710063e-06,0
entity_0680,entity_0552,0,tabpfn,3.5166615361958975e-06,0
entity_0636,entity_0637,1,tabpfn,0.99910968542099,1
entity_0294,entity_0292,1,tabpfn,0.998318076133728,1
entity_0973,entity_0724,0,tabpfn,1.0132780516869389e-06,0
entity_0631,entity_0640,1,tabpfn,0.9343101382255554,1
entity_0361,entity_0723,0,tabpfn,9.536734069115482e-07,0
entity_0670,entity_0663,1,tabpfn,0.9966542720794678,1
entity_0831,entity_0257,0,tabpfn,2.0265538296371233e-06,0
entity_0376,entity_0373,1,tabpfn,0.9980906844139099,1
entity_0504,entity_0852,0,tabpfn,1.1324868864903692e-06,0
entity_0357,entity_0159,0,tabpfn,4.2915162339340895e-06,0
entity_0515,entity_0069,0,tabpfn,2.622597548906924e-06,0
entity_0370,entity_0240,0,tabpfn,2.6822019663086394e-06,0
entity_0553,entity_0556,1,tabpfn,0.9986703991889954,1
entity_0459,entity_0454,1,tabpfn,0.9978402853012085,1
entity_0553,entity_0987,0,tabpfn,3.2186403586820234e-06,0
entity_0313,entity_0311,1,tabpfn,0.9978109002113342,1
entity_0626,entity_0837,0,tabpfn,1.549718376736564e-06,0
entity_0342,entity_0348,1,tabpfn,0.996236264705658,1
entity_0627,entity_0695,0,tabpfn,4.529932539298898e-06,0
entity_0296,entity_0295,1,tabpfn,0.9986065626144409,1
entity_0904,entity_0905,1,tabpfn,0.9949578046798706,1
entity_0245,entity_0241,1,tabpfn,0.9939472675323486,1
entity_0380,entity_0943,0,tabpfn,1.84774046374514e-06,0
entity_0653,entity_0655,1,tabpfn,0.9980621337890625,1
entity_0361,entity_0912,0,tabpfn,1.6093226804514416e-06,0
entity_0140,entity_0639,0,tabpfn,2.9206191811681492e-06,0
entity_0086,entity_0872,0,tabpfn,2.205367081842269e-06,0
entity_0834,entity_0909,0,tabpfn,3.8146827137097716e-06,0
entity_0600,entity_0718,0,tabpfn,3.159036396027659e-06,0
entity_0429,entity_0428,1,tabpfn,0.9985751509666443,1
entity_0570,entity_0191,0,tabpfn,3.2186403586820234e-06,0
entity_0730,entity_0335,0,tabpfn,3.0398275612242287e-06,0
entity_0742,entity_0744,1,tabpfn,0.9960709810256958,1
entity_0418,entity_0413,1,tabpfn,0.9930883049964905,1
entity_0176,entity_0819,0,tabpfn,1.907344994833693e-06,0
entity_0286,entity_0197,0,tabpfn,6.1988448578631505e-06,0
entity_0308,entity_0130,0,tabpfn,4.053099473821931e-06,0
entity_0166,entity_0237,0,tabpfn,6.616071459575323e-06,0
entity_0066,entity_0042,0,tabpfn,0.0009727515280246735,0
entity_0793,entity_0489,0,tabpfn,1.9669496396090835e-06,0
entity_0200,entity_0583,0,tabpfn,3.0398275612242287e-06,0
entity_0534,entity_0526,0,tabpfn,0.9656435251235962,1
entity_0519,entity_0515,1,tabpfn,0.9978013634681702,1
entity_0562,entity_0384,0,tabpfn,4.708744654635666e-06,0
entity_0266,entity_0261,1,tabpfn,0.9895422458648682,1
entity_0748,entity_0903,0,tabpfn,1.549718376736564e-06,0
entity_0905,entity_0910,1,tabpfn,0.988822340965271,1
entity_0837,entity_0834,1,tabpfn,0.9983468055725098,1
entity_0197,entity_0193,1,tabpfn,0.9935083389282227,1
entity_0524,entity_0043,0,tabpfn,3.278244548710063e-06,0
entity_0813,entity_0089,0,tabpfn,2.980223371196189e-06,0
entity_0909,entity_0903,1,tabpfn,0.9913697838783264,1
entity_0240,entity_0235,1,tabpfn,0.9799505472183228,1
entity_0224,entity_0630,0,tabpfn,2.6822019663086394e-06,0
entity_0260,entity_0251,1,tabpfn,0.6866911053657532,1
entity_0229,entity_0224,1,tabpfn,0.9889635443687439,1
entity_0392,entity_0064,0,tabpfn,2.5629929041315336e-06,0
entity_0469,entity_0461,1,tabpfn,0.9248611330986023,1
entity_0809,entity_0100,0,tabpfn,3.159036396027659e-06,0
entity_0315,entity_0358,0,tabpfn,2.6761770641314797e-05,0
entity_0107,entity_0109,1,tabpfn,0.9964206218719482,1
entity_0662,entity_0664,1,tabpfn,0.9987491369247437,1
entity_0885,entity_0881,1,tabpfn,0.9956852197647095,1
entity_0635,entity_0639,1,tabpfn,0.995827853679657,1
entity_0613,entity_0614,1,tabpfn,0.9987719655036926,1
entity_0094,entity_0093,1,tabpfn,0.9965174198150635,1
entity_0066,entity_0062,1,tabpfn,0.9914000034332275,1
entity_0679,entity_0848,0,tabpfn,1.9669496396090835e-06,0
entity_0684,entity_0681,1,tabpfn,0.9986437559127808,1
entity_0266,entity_0270,1,tabpfn,0.9966637492179871,1
entity_0247,entity_0241,1,tabpfn,0.981903612613678,1
entity_0766,entity_0867,0,tabpfn,2.9206191811681492e-06,0
entity_0106,entity_0103,1,tabpfn,0.995877206325531,1
entity_0686,entity_0688,1,tabpfn,0.998502790927887,1
entity_0677,entity_0210,0,tabpfn,3.5166615361958975e-06,0
entity_0535,entity_0531,1,tabpfn,0.9986589550971985,1
entity_0903,entity_0904,1,tabpfn,0.9952766299247742,1
entity_0396,entity_0165,0,tabpfn,1.728531856315385e-06,0
entity_0334,entity_0742,0,tabpfn,9.536734069115482e-07,0
entity_0631,entity_0663,0,tabpfn,2.366248554608319e-05,0
entity_0812,entity_0794,0,tabpfn,0.02602536976337433,0
entity_0035,entity_0325,0,tabpfn,2.086158019665163e-06,0
entity_0538,entity_0818,0,tabpfn,2.622597548906924e-06,0
entity_0722,entity_0665,0,tabpfn,2.2410844394471496e-05,0
entity_0707,entity_0706,1,tabpfn,0.9969049096107483,1
entity_0443,entity_0508,0,tabpfn,2.1457211914821528e-05,0
entity_0144,entity_0073,0,tabpfn,3.1708666938357055e-05,0
entity_0100,entity_0690,0,tabpfn,2.0265538296371233e-06,0
entity_0102,entity_0107,1,tabpfn,0.9951779246330261,1
entity_0756,entity_0754,1,tabpfn,0.996863067150116,1
entity_0398,entity_0600,0,tabpfn,2.741806156336679e-06,0
entity_0286,entity_0199,0,tabpfn,7.152506441343576e-06,0
entity_0719,entity_0698,0,tabpfn,0.004565408919006586,0
entity_0432,entity_0437,1,tabpfn,0.9977176785469055,1
entity_0732,entity_0443,0,tabpfn,2.2649712718703086e-06,0
entity_0974,entity_0977,1,tabpfn,0.9979174733161926,1
entity_0234,entity_0203,0,tabpfn,6.96133793098852e-05,0
entity_0437,entity_0439,1,tabpfn,0.9982734322547913,1
entity_0472,entity_0477,1,tabpfn,0.9941178560256958,1
entity_0485,entity_0581,0,tabpfn,4.231911589158699e-06,0
entity_0966,entity_0962,1,tabpfn,0.9955713152885437,1
entity_0507,entity_0501,1,tabpfn,0.9948338270187378,1
entity_0507,entity_0655,0,tabpfn,6.616071459575323e-06,0
entity_0249,entity_0059,0,tabpfn,2.980223371196189e-06,0
entity_0693,entity_0535,0,tabpfn,2.861014763766434e-06,0
entity_0286,entity_0317,0,tabpfn,0.00010143681720364839,0
entity_0324,entity_0322,1,tabpfn,0.99809730052948,1
entity_0254,entity_0255,1,tabpfn,0.9970284700393677,1
entity_0043,entity_0910,0,tabpfn,4.768348844663706e-06,0
entity_0253,entity_0258,1,tabpfn,0.9933383464813232,1
entity_0648,entity_0811,0,tabpfn,3.3378489661117783e-06,0
entity_0183,entity_0189,1,tabpfn,0.9847055673599243,1
entity_0931,entity_0185,0,tabpfn,1.6689273252268322e-06,0
entity_0045,entity_0046,1,tabpfn,0.9920966625213623,1
entity_0165,entity_0162,1,tabpfn,0.9922707676887512,1
entity_0475,entity_0792,0,tabpfn,1.311300479756028e-06,0
entity_0391,entity_0398,1,tabpfn,0.9210671186447144,1
entity_0774,entity_0779,1,tabpfn,0.9668263792991638,1
entity_0924,entity_0107,0,tabpfn,2.205367081842269e-06,0
entity_0987,entity_0982,1,tabpfn,0.9966067671775818,1
entity_0429,entity_0551,0,tabpfn,9.655858775658999e-06,0
entity_0724,entity_0722,1,tabpfn,0.9969923496246338,1
entity_0287,entity_0015,0,tabpfn,2.384180106673739e-06,0
entity_0321,entity_0323,1,tabpfn,0.998717725276947,1
entity_0428,entity_0575,0,tabpfn,1.0669116818462498e-05,0
entity_0524,entity_0523,1,tabpfn,0.9988424777984619,1
entity_0458,entity_0212,0,tabpfn,3.5166615361958975e-06,0
entity_0576,entity_0579,1,tabpfn,0.9967493414878845,1
entity_0975,entity_0784,0,tabpfn,1.072882469088654e-06,0
entity_0569,entity_0932,0,tabpfn,3.5762659535976127e-06,0
entity_0253,entity_0255,1,tabpfn,0.9971235394477844,1
entity_1000,entity_0112,0,tabpfn,2.2172436729306355e-05,0
entity_0789,entity_0782,1,tabpfn,0.9599316716194153,1
entity_0173,entity_0095,0,tabpfn,9.059824151336215e-06,0
entity_0825,entity_0828,1,tabpfn,0.9976023435592651,1
entity_0296,entity_0057,0,tabpfn,1.84774046374514e-06,0
entity_0364,entity_0368,1,tabpfn,0.9966542720794678,1
entity_0010,entity_0133,0,tabpfn,2.568893978605047e-05,0
entity_0312,entity_0314,1,tabpfn,0.9988272190093994,1
entity_0099,entity_0092,1,tabpfn,0.9727601408958435,1
entity_0460,entity_0696,0,tabpfn,1.311300479756028e-06,0
entity_0763,entity_0762,1,tabpfn,0.9960595369338989,1
entity_0514,entity_0513,1,tabpfn,0.9986017942428589,1
entity_0555,entity_0932,0,tabpfn,1.7881361600302625e-06,0
entity_0511,entity_0942,0,tabpfn,1.3709048971577431e-06,0
entity_0996,entity_0369,0,tabpfn,4.053099473821931e-06,0
entity_0392,entity_0908,0,tabpfn,2.3245756892720237e-06,0
entity_0397,entity_0521,0,tabpfn,7.450525572494371e-06,0
entity_0327,entity_0326,1,tabpfn,0.9988986253738403,1
entity_0955,entity_0760,0,tabpfn,1.072882469088654e-06,0
entity_0776,entity_0957,0,tabpfn,1.2516960623543127e-06,0
entity_0490,entity_0483,1,tabpfn,0.9797613024711609,1
entity_0158,entity_0152,1,tabpfn,0.9933118224143982,1
entity_0636,entity_0530,0,tabpfn,3.099431978625944e-06,0
entity_0500,entity_0495,1,tabpfn,0.995926558971405,1
entity_0321,entity_0428,0,tabpfn,7.569732133561047e-06,0
entity_0913,entity_0915,1,tabpfn,0.9930693507194519,1
entity_0818,entity_0811,1,tabpfn,0.9929330348968506,1
entity_0770,entity_0766,1,tabpfn,0.992997407913208,1
entity_0715,entity_0719,1,tabpfn,0.9956928491592407,1
entity_0462,entity_0696,0,tabpfn,1.7881361600302625e-06,0
entity_0960,entity_0571,0,tabpfn,2.384180106673739e-06,0
entity_0874,entity_0833,0,tabpfn,5.983948358334601e-05,0
entity_0517,entity_0929,0,tabpfn,2.0265538296371233e-06,0
entity_0711,entity_0360,0,tabpfn,2.741806156336679e-06,0
entity_0741,entity_0314,0,tabpfn,2.741806156336679e-06,0
entity_0766,entity_0765,1,tabpfn,0.9960671663284302,1
entity_0870,entity_0863,1,tabpfn,0.9852989315986633,1
entity_0135,entity_0554,0,tabpfn,3.933891093765851e-06,0
entity_0516,entity_0513,1,tabpfn,0.9980030655860901,1
entity_0067,entity_0069,1,tabpfn,0.9929898381233215,1
entity_0669,entity_0662,1,tabpfn,0.9869444370269775,1
entity_0580,entity_0195,0,tabpfn,3.5762659535976127e-06,0
entity_0242,entity_0244,1,tabpfn,0.9966580867767334,1
entity_0917,entity_0915,1,tabpfn,0.9943681955337524,1
entity_0231,entity_0602,0,tabpfn,1.7881361600302625e-06,0
entity_0437,entity_0265,0,tabpfn,3.5762659535976127e-06,0
entity_0263,entity_0278,0,tabpfn,0.15419362485408783,0
entity_0179,entity_0172,1,tabpfn,0.9546772241592407,1
entity_0292,entity_0211,0,tabpfn,9.894272807287052e-06,0
entity_0643,entity_0650,1,tabpfn,0.9848407506942749,1
entity_0320,entity_0656,0,tabpfn,2.2649712718703086e-06,0
entity_0732,entity_0209,0,tabpfn,2.741806156336679e-06,0
entity_0391,entity_0397,1,tabpfn,0.9698301553726196,1
entity_0944,entity_0042,0,tabpfn,3.933891093765851e-06,0
entity_0596,entity_0784,0,tabpfn,2.443784524075454e-06,0
entity_0170,entity_0870,0,tabpfn,2.2649712718703086e-06,0
entity_0808,entity_0809,1,tabpfn,0.9970855116844177,1
entity_0727,entity_0724,1,tabpfn,0.9974558353424072,1
entity_0493,entity_0528,0,tabpfn,3.0397444788832217e-05,0
entity_0522,entity_0528,1,tabpfn,0.9951627254486084,1
entity_0425,entity_0427,1,tabpfn,0.9982818961143494,1
entity_0071,entity_0078,1,tabpfn,0.94775390625,1
entity_0401,entity_0719,0,tabpfn,1.1920915312657598e-06,0
entity_0077,entity_0080,1,tabpfn,0.992577314376831,1
entity_0866,entity_0861,1,tabpfn,0.9961127638816833,1
entity_0101,entity_0107,1,tabpfn,0.9938153624534607,1
entity_0179,entity_0176,1,tabpfn,0.9930693507194519,1
entity_0126,entity_0123,1,tabpfn,0.9973328113555908,1
entity_0806,entity_0226,0,tabpfn,2.205367081842269e-06,0
entity_0176,entity_0725,0,tabpfn,2.9206191811681492e-06,0
entity_0671,entity_0216,0,tabpfn,3.7550782963080565e-06,0
entity_0534,entity_0320,0,tabpfn,2.861014763766434e-06,0
entity_0188,entity_0183,1,tabpfn,0.9885075092315674,1
entity_0990,entity_0964,0,tabpfn,0.008489896543323994,0
entity_0616,entity_0668,0,tabpfn,1.3232055607659277e-05,0
entity_0036,entity_0800,0,tabpfn,2.2649712718703086e-06,0
entity_0454,entity_0453,1,tabpfn,0.9984104037284851,1
entity_0061,entity_0564,0,tabpfn,2.622597548906924e-06,0
entity_0168,entity_0170,1,tabpfn,0.9969182014465332,1
entity_0521,entity_0526,1,tabpfn,0.9955788850784302,1
entity_0237,entity_0167,0,tabpfn,1.102673832065193e-05,0
entity_0210,entity_0278,0,tabpfn,7.569732133561047e-06,0
entity_0796,entity_0793,1,tabpfn,0.9945985674858093,1
entity_0654,entity_0539,0,tabpfn,3.2186403586820234e-06,0
entity_0467,entity_0463,1,tabpfn,0.9984570741653442,1
entity_0100,entity_0745,0,tabpfn,1.728531856315385e-06,0
entity_0033,entity_0032,1,tabpfn,0.9940003156661987,1
entity_0937,entity_0538,0,tabpfn,1.84774046374514e-06,0
entity_0504,entity_0074,0,tabpfn,2.3245756892720237e-06,0
entity_0846,entity_0841,1,tabpfn,0.9972643256187439,1
entity_0096,entity_0092,1,tabpfn,0.992448627948761,1
entity_0747,entity_0741,1,tabpfn,0.9873272776603699,1
entity_0372,entity_0378,1,tabpfn,0.9952994585037231,1
entity_0722,entity_0963,0,tabpfn,8.940688189795765e-07,0
entity_0148,entity_0149,1,tabpfn,0.9954307675361633,1
entity_0772,entity_0561,0,tabpfn,2.0265538296371233e-06,0
entity_0335,entity_0331,1,tabpfn,0.9972224831581116,1
entity_0444,entity_0226,0,tabpfn,3.278244548710063e-06,0
entity_0587,entity_0843,0,tabpfn,1.907344994833693e-06,0
entity_0867,entity_0789,0,tabpfn,4.17230785387801e-06,0
entity_0106,entity_0195,0,tabpfn,4.053099473821931e-06,0
entity_0663,entity_0667,1,tabpfn,0.9969239234924316,1
entity_0065,entity_0068,1,tabpfn,0.9962723851203918,1
entity_0058,entity_0313,0,tabpfn,1.907344994833693e-06,0
entity_0797,entity_0794,1,tabpfn,0.9941520094871521,1
entity_0739,entity_0733,1,tabpfn,0.9938874244689941,1
entity_0222,entity_0377,0,tabpfn,4.17230785387801e-06,0
entity_0092,entity_0202,0,tabpfn,2.503388714103494e-06,0
entity_0353,entity_0355,1,tabpfn,0.9985989332199097,1
entity_0641,entity_0646,1,tabpfn,0.9964851140975952,1
entity_0712,entity_0122,0,tabpfn,3.933891093765851e-06,0
entity_0813,entity_0815,1,tabpfn,0.9960139393806458,1
entity_0944,entity_0946,1,tabpfn,0.9976556301116943,1
entity_0965,entity_0143,0,tabpfn,2.801410346364719e-06,0
entity_0588,entity_0481,0,tabpfn,4.529932539298898e-06,0
entity_0262,entity_0270,1,tabpfn,0.9376717209815979,1
entity_0054,entity_0059,1,tabpfn,0.976976215839386,1
entity_0982,entity_0986,1,tabpfn,0.9979497790336609,1
entity_0833,entity_0835,1,tabpfn,0.9984237551689148,1
entity_0860,entity_0678,0,tabpfn,1.1920915312657598e-06,0
entity_0787,entity_0017,0,tabpfn,7.092901796568185e-06,0
entity_0800,entity_0794,1,tabpfn,0.9832034111022949,1
entity_0876,entity_0874,1,tabpfn,0.9978432059288025,1
entity_0291,entity_0790,0,tabpfn,1.907344994833693e-06,0
entity_0902,entity_0016,0,tabpfn,6.4968644437612966e-06,0
entity_0357,entity_0355,1,tabpfn,0.9979441165924072,1
entity_0760,entity_0775,0,tabpfn,0.016616567969322205,0
entity_0661,entity_0193,0,tabpfn,3.099431978625944e-06,0
entity_0489,entity_0753,0,tabpfn,2.741806156336679e-06,0
entity_0169,entity_0168,1,tabpfn,0.9972719550132751,1
entity_0245,entity_0244,1,tabpfn,0.9960709810256958,1
entity_0126,entity_0129,1,tabpfn,0.9974862933158875,1
entity_0116,entity_0113,1,tabpfn,0.9977537989616394,1
entity_0891,entity_0703,0,tabpfn,1.0132780516869389e-06,0
entity_0091,entity_0835,0,tabpfn,1.84774046374514e-06,0
entity_0764,entity_0279,0,tabpfn,3.5762659535976127e-06,0
entity_0365,entity_0841,0,tabpfn,1.728531856315385e-06,0
entity_0169,entity_0139,0,tabpfn,0.00012056565174134448,0
entity_0016,entity_0018,1,tabpfn,0.9899122714996338,1
entity_0810,entity_0487,0,tabpfn,3.4570573461678578e-06,0
entity_0648,entity_0131,0,tabpfn,2.1457626644405536e-06,0
entity_0894,entity_0899,1,tabpfn,0.9913092851638794,1
entity_0701,entity_0707,1,tabpfn,0.985794723033905,1
entity_0402,entity_0408,1,tabpfn,0.9896177649497986,1
entity_0421,entity_0977,0,tabpfn,1.7881361600302625e-06,0
entity_0779,entity_0777,1,tabpfn,0.9938988089561462,1
entity_0525,entity_0526,1,tabpfn,0.9985322952270508,1
entity_0041,entity_0042,1,tabpfn,0.9933232069015503,1
entity_0920,entity_0863,0,tabpfn,1.0967134585371241e-05,0
entity_0699,entity_0116,0,tabpfn,3.5762659535976127e-06,0
entity_0209,entity_0541,0,tabpfn,2.0265538296371233e-06,0
entity_0302,entity_0301,1,tabpfn,0.9979802370071411,1
entity_0332,entity_0338,1,tabpfn,0.9952310919761658,1
entity_0026,entity_0024,1,tabpfn,0.9937433004379272,1
entity_0563,entity_0719,0,tabpfn,3.635870370999328e-06,0
entity_0667,entity_0666,1,tabpfn,0.9990763068199158,1
entity_0690,entity_0139,0,tabpfn,2.5629929041315336e-06,0
entity_0019,entity_0020,1,tabpfn,0.9848407506942749,1
entity_0524,entity_0526,1,tabpfn,0.9983458518981934,1
entity_0023,entity_0028,1,tabpfn,0.9896705746650696,1
entity_0715,entity_0720,1,tabpfn,0.9936220049858093,1
entity_0196,entity_0198,1,tabpfn,0.9943644404411316,1
entity_0633,entity_0969,0,tabpfn,5.36438938070205e-06,0
entity_0536,entity_0539,1,tabpfn,0.9978051781654358,1
entity_0980,entity_0978,1,tabpfn,0.9985998868942261,1
entity_0379,entity_0863,0,tabpfn,1.6689273252268322e-06,0
entity_0385,entity_0530,0,tabpfn,6.25844904789119e-06,0
entity_0939,entity_0935,1,tabpfn,0.9937698841094971,1
entity_0736,entity_0233,0,tabpfn,2.2649712718703086e-06,0
entity_0469,entity_0188,0,tabpfn,2.5629929041315336e-06,0
entity_0910,entity_0527,0,tabpfn,2.9206191811681492e-06,0
entity_0545,entity_0334,0,tabpfn,4.708744654635666e-06,0
entity_0385,entity_0262,0,tabpfn,3.2186403586820234e-06,0
entity_0971,entity_0978,1,tabpfn,0.9911807179450989,1
entity_0038,entity_0541,0,tabpfn,1.4900939277140424e-05,0
entity_0816,entity_0815,1,tabpfn,0.9965440034866333,1
entity_0497,entity_0499,1,tabpfn,0.998024046421051,1
entity_0499,entity_0833,0,tabpfn,1.1324868864903692e-06,0
entity_0731,entity_0738,1,tabpfn,0.9763274788856506,1
entity_0663,entity_0945,0,tabpfn,9.536734069115482e-07,0
entity_0376,entity_0371,1,tabpfn,0.996942937374115,1
entity_0091,entity_0886,0,tabpfn,2.503388714103494e-06,0
entity_0626,entity_0917,0,tabpfn,1.072882469088654e-06,0
entity_0602,entity_0601,1,tabpfn,0.996699869632721,1
entity_0401,entity_0892,0,tabpfn,2.443784524075454e-06,0
entity_0260,entity_0256,1,tabpfn,0.9930201172828674,1
entity_0288,entity_0285,1,tabpfn,0.9978041052818298,1
entity_0577,entity_0576,1,tabpfn,0.9974520802497864,1
entity_0484,entity_0656,0,tabpfn,3.8146827137097716e-06,0
entity_0813,entity_0887,0,tabpfn,3.4570573461678578e-06,0
entity_0590,entity_0565,0,tabpfn,0.0008950963383540511,0
entity_0568,entity_0700,0,tabpfn,4.11270366384997e-06,0
entity_0771,entity_0156,0,tabpfn,2.980223371196189e-06,0
entity_0488,entity_0486,1,tabpfn,0.9969752430915833,1
entity_0849,entity_0718,0,tabpfn,1.1920915312657598e-06,0
entity_0323,entity_0012,0,tabpfn,4.351120423962129e-06,0
entity_0219,entity_0216,1,tabpfn,0.9906319379806519,1
entity_0902,entity_0909,1,tabpfn,0.9873498678207397,1
entity_0679,entity_0680,1,tabpfn,0.9986824989318848,1
entity_0848,entity_0535,0,tabpfn,2.443784524075454e-06,0
entity_0946,entity_0542,0,tabpfn,1.7881361600302625e-06,0
entity_0011,entity_0863,0,tabpfn,2.861014763766434e-06,0
entity_0243,entity_0756,0,tabpfn,2.3245756892720237e-06,0
entity_0655,entity_0222,0,tabpfn,2.980223371196189e-06,0
entity_0876,entity_0880,1,tabpfn,0.9946744441986084,1
entity_0899,entity_0892,1,tabpfn,0.9850358963012695,1
entity_0615,entity_0620,1,tabpfn,0.9953145980834961,1
entity_0722,entity_0522,0,tabpfn,3.0398275612242287e-06,0
entity_0545,entity_0543,1,tabpfn,0.9988148212432861,1
entity_0405,entity_0404,1,tabpfn,0.9986084699630737,1
entity_0678,entity_0153,0,tabpfn,3.8146827137097716e-06,0
entity_0502,entity_0228,0,tabpfn,2.1457626644405536e-06,0
entity_0893,entity_0894,1,tabpfn,0.9952994585037231,1
entity_0919,entity_0918,1,tabpfn,0.9945719838142395,1
entity_0384,entity_0381,1,tabpfn,0.99638831615448,1
entity_0178,entity_0180,1,tabpfn,0.9963749051094055,1
entity_0727,entity_0728,1,tabpfn,0.9970664978027344,1
entity_0403,entity_0401,1,tabpfn,0.9981667995452881,1
entity_0951,entity_0952,1,tabpfn,0.9979022145271301,1
entity_0046,entity_0502,0,tabpfn,3.933891093765851e-06,0
entity_0413,entity_0415,1,tabpfn,0.9974064230918884,1
entity_0795,entity_0279,0,tabpfn,2.861014763766434e-06,0
entity_0429,entity_0967,0,tabpfn,2.2649712718703086e-06,0
entity_0871,entity_0874,1,tabpfn,0.9971083402633667,1
entity_0223,entity_0225,1,tabpfn,0.9934937953948975,1
entity_0910,entity_0617,0,tabpfn,1.1920915312657598e-06,0
entity_0805,entity_0810,1,tabpfn,0.9935197234153748,1
entity_0326,entity_0328,1,tabpfn,0.9984142184257507,1
entity_0152,entity_0350,0,tabpfn,2.622597548906924e-06,0
entity_0616,entity_0633,0,tabpfn,0.0272398479282856,0
entity_0972,entity_0660,0,tabpfn,2.1457626644405536e-06,0
entity_0208,entity_0464,0,tabpfn,4.529932539298898e-06,0
entity_0832,entity_0207,0,tabpfn,2.741806156336679e-06,0
entity_0923,entity_0321,0,tabpfn,1.7881361600302625e-06,0
entity_0477,entity_0698,0,tabpfn,3.4570573461678578e-06,0
entity_0098,entity_0091,1,tabpfn,0.9853515625,1
entity_0914,entity_0917,1,tabpfn,0.9925205707550049,1
entity_0981,entity_0619,0,tabpfn,5.602805231319508e-06,0
entity_0842,entity_0471,0,tabpfn,2.086158019665163e-06,0
entity_0690,entity_0684,1,tabpfn,0.9950261116027832,1
entity_0105,entity_0102,1,tabpfn,0.9943341016769409,1
entity_0003,entity_0408,0,tabpfn,7.98695873527322e-06,0
entity_0172,entity_0453,0,tabpfn,4.708744654635666e-06,0
entity_0959,entity_0755,0,tabpfn,1.1920915312657598e-06,0
entity_0836,entity_0090,0,tabpfn,2.1457626644405536e-06,0
entity_0336,entity_0338,1,tabpfn,0.9985646605491638,1
entity_0300,entity_0294,1,tabpfn,0.9923161864280701,1
entity_0543,entity_0547,1,tabpfn,0.996910572052002,1
entity_0631,entity_0388,0,tabpfn,2.980223371196189e-06,0
entity_0613,entity_0616,1,tabpfn,0.9961336255073547,1
entity_0336,entity_0335,1,tabpfn,0.9984351992607117,1
entity_0859,entity_0852,1,tabpfn,0.995749831199646,1
entity_0163,entity_0161,1,tabpfn,0.9970760345458984,1
entity_0167,entity_0798,0,tabpfn,2.0265538296371233e-06,0
entity_0374,entity_0201,0,tabpfn,2.384180106673739e-06,0
entity_0016,entity_0178,0,tabpfn,3.5166615361958975e-06,0
entity_0334,entity_0338,1,tabpfn,0.9973664879798889,1
entity_0671,entity_0793,0,tabpfn,2.503388714103494e-06,0
entity_0563,entity_0724,0,tabpfn,1.2755231182381976e-05,0
entity_0623,entity_0626,1,tabpfn,0.9979212284088135,1
entity_0316,entity_0320,1,tabpfn,0.9973118901252747,1
entity_0470,entity_0464,1,tabpfn,0.9929860234260559,1
entity_0331,entity_0648,0,tabpfn,1.430509428246296e-06,0
entity_0218,entity_0214,1,tabpfn,0.9949160218238831,1
entity_0993,entity_1000,1,tabpfn,0.9917370676994324,1
entity_0921,entity_0930,1,tabpfn,0.845599889755249,1
entity_0809,entity_0804,1,tabpfn,0.9958696365356445,1
entity_0940,entity_0934,1,tabpfn,0.9836085438728333,1
entity_0363,entity_0368,1,tabpfn,0.9965858459472656,1
entity_0787,entity_0328,0,tabpfn,2.980223371196189e-06,0
entity_0311,entity_0319,1,tabpfn,0.9930844902992249,1
entity_0358,entity_0351,1,tabpfn,0.9949919581413269,1
entity_0885,entity_0726,0,tabpfn,1.1920915312657598e-06,0
entity_0738,entity_0542,0,tabpfn,2.205367081842269e-06,0
entity_0613,entity_0617,1,tabpfn,0.9928575754165649,1
entity_0211,entity_0214,1,tabpfn,0.9926303625106812,1
entity_0529,entity_0240,0,tabpfn,2.384180106673739e-06,0
entity_0039,entity_0919,0,tabpfn,2.741806156336679e-06,0
entity_0730,entity_0055,0,tabpfn,2.861014763766434e-06,0
entity_0393,entity_0391,1,tabpfn,0.9987434148788452,1
entity_0922,entity_0356,0,tabpfn,1.6689273252268322e-06,0
entity_0643,entity_0058,0,tabpfn,3.278244548710063e-06,0
entity_0646,entity_0778,0,tabpfn,2.861014763766434e-06,0
entity_0531,entity_0746,0,tabpfn,1.907344994833693e-06,0
entity_0802,entity_0214,0,tabpfn,2.861014763766434e-06,0
entity_0721,entity_0002,0,tabpfn,2.437770672258921e-05,0
entity_0740,entity_0742,0,tabpfn,0.996840238571167,1
entity_0322,entity_0328,1,tabpfn,0.9971007704734802,1
entity_0886,entity_0364,0,tabpfn,1.907344994833693e-06,0
entity_0594,entity_0600,1,tabpfn,0.9753329157829285,1
entity_0530,entity_0435,0,tabpfn,7.033298516034847e-06,0
entity_0215,entity_0220,1,tabpfn,0.994953989982605,1
entity_0976,entity_0643,0,tabpfn,1.2516960623543127e-06,0
entity_0704,entity_0955,0,tabpfn,1.0132780516869389e-06,0
entity_0642,entity_0057,0,tabpfn,3.695474333653692e-06,0
entity_0275,entity_0276,1,tabpfn,0.9980811476707458,1
entity_0738,entity_0029,0,tabpfn,3.099431978625944e-06,0
entity_0587,entity_0589,1,tabpfn,0.9959076046943665,1
entity_0930,entity_0926,1,tabpfn,0.9791784286499023,1
entity_0278,entity_0280,1,tabpfn,0.9981592297554016,1
entity_0544,entity_0221,0,tabpfn,3.099431978625944e-06,0
entity_0637,entity_0160,0,tabpfn,2.1457626644405536e-06,0
entity_0755,entity_0465,0,tabpfn,2.503388714103494e-06,0
entity_0319,entity_0768,0,tabpfn,1.7881361600302625e-06,0
entity_0991,entity_0455,0,tabpfn,3.635870370999328e-06,0
entity_0434,entity_0889,0,tabpfn,1.072882469088654e-06,0
entity_0890,entity_0237,0,tabpfn,1.907344994833693e-06,0
entity_0597,entity_0060,0,tabpfn,3.3378489661117783e-06,0
entity_0784,entity_0534,0,tabpfn,3.7550782963080565e-06,0
entity_0623,entity_0627,1,tabpfn,0.997590959072113,1
entity_0788,entity_0595,0,tabpfn,1.907344994833693e-06,0
entity_0804,entity_0350,0,tabpfn,1.9669496396090835e-06,0
entity_0453,entity_0451,1,tabpfn,0.9989957809448242,1
entity_0354,entity_0131,0,tabpfn,3.5166615361958975e-06,0
entity_0584,entity_0588,1,tabpfn,0.9947047829627991,1
entity_0594,entity_0596,1,tabpfn,0.9961982369422913,1
entity_0203,entity_0202,1,tabpfn,0.9930276870727539,1
entity_0544,entity_0109,0,tabpfn,2.0265538296371233e-06,0
entity_0724,entity_0173,0,tabpfn,3.7550782963080565e-06,0
entity_0601,entity_0609,1,tabpfn,0.8958867192268372,1
entity_0764,entity_0063,0,tabpfn,3.5166615361958975e-06,0
entity_0185,entity_0183,1,tabpfn,0.9926076531410217,1
entity_0947,entity_0943,1,tabpfn,0.9957518577575684,1
entity_0815,entity_0329,0,tabpfn,1.7881361600302625e-06,0
entity_0454,entity_0128,0,tabpfn,1.907344994833693e-06,0
entity_0098,entity_0867,0,tabpfn,2.443784524075454e-06,0
entity_0397,entity_0208,0,tabpfn,2.384180106673739e-06,0
entity_0589,entity_0582,1,tabpfn,0.9762645959854126,1
entity_0358,entity_0041,0,tabpfn,2.1457626644405536e-06,0
entity_0415,entity_0417,1,tabpfn,0.9974368214607239,1
entity_0292,entity_0491,0,tabpfn,4.231911589158699e-06,0
entity_0078,entity_0483,0,tabpfn,4.768348844663706e-06,0
entity_0713,entity_0716,1,tabpfn,0.9950109124183655,1
entity_0085,entity_0100,0,tabpfn,0.13508236408233643,0
entity_0517,entity_0133,0,tabpfn,3.099431978625944e-06,0
entity_0549,entity_0757,0,tabpfn,1.9669496396090835e-06,0
entity_0778,entity_0779,1,tabpfn,0.993943452835083,1
entity_0371,entity_0373,1,tabpfn,0.997812807559967,1
entity_0930,entity_0924,1,tabpfn,0.9827452301979065,1
entity_0587,entity_0581,1,tabpfn,0.9921950697898865,1
entity_0292,entity_0342,0,tabpfn,2.1338008082238957e-05,0
entity_0722,entity_0728,1,tabpfn,0.9854568243026733,1
entity_0640,entity_0632,1,tabpfn,0.9900379776954651,1
entity_0630,entity_0627,1,tabpfn,0.9989729523658752,1
entity_0740,entity_0129,0,tabpfn,2.741806156336679e-06,0
entity_0985,entity_0916,0,tabpfn,5.7991957874037325e-05,0
entity_0247,entity_0250,1,tabpfn,0.9942354559898376,1
entity_0905,entity_0110,0,tabpfn,2.3245756892720237e-06,0
entity_0188,entity_0185,1,tabpfn,0.9930049777030945,1
entity_0386,entity_0388,1,tabpfn,0.9977755546569824,1
entity_0690,entity_0685,1,tabpfn,0.9943833947181702,1
entity_0473,entity_0813,0,tabpfn,1.9669496396090835e-06,0
entity_0011,entity_0646,0,tabpfn,5.781617346656276e-06,0
entity_0533,entity_0540,1,tabpfn,0.9911202192306519,1
entity_0738,entity_0734,1,tabpfn,0.9975014925003052,1
entity_0920,entity_0913,1,tabpfn,0.9496490955352783,1
entity_0219,entity_0220,1,tabpfn,0.9954817295074463,1
entity_0742,entity_0748,1,tabpfn,0.9909765720367432,1
entity_0376,entity_0374,1,tabpfn,0.9984161257743835,1
entity_0755,entity_0756,1,tabpfn,0.9970436692237854,1
entity_0450,entity_0449,1,tabpfn,0.99922776222229,1
entity_0931,entity_0935,1,tabpfn,0.9915933012962341,1
entity_0541,entity_0550,1,tabpfn,0.9438764452934265,1
entity_0003,entity_0725,0,tabpfn,4.887556769972434e-06,0
entity_0680,entity_0671,1,tabpfn,0.9468351602554321,1
entity_0992,entity_0998,1,tabpfn,0.9907982349395752,1
entity_0575,entity_0580,1,tabpfn,0.9894163608551025,1
entity_0206,entity_0202,1,tabpfn,0.9876196384429932,1
entity_0422,entity_0429,1,tabpfn,0.9816849827766418,1
entity_0643,entity_0231,0,tabpfn,2.0265538296371233e-06,0
entity_0104,entity_0109,1,tabpfn,0.9967132210731506,1
entity_0337,entity_0334,1,tabpfn,0.9978603720664978,1
entity_0292,entity_0295,1,tabpfn,0.9982563257217407,1
entity_0486,entity_0298,0,tabpfn,3.4570573461678578e-06,0
entity_0547,entity_0548,1,tabpfn,0.9986475110054016,1
entity_0916,entity_0248,0,tabpfn,1.9669496396090835e-06,0
entity_0877,entity_0183,0,tabpfn,2.2649712718703086e-06,0
entity_0400,entity_0396,1,tabpfn,0.9949691891670227,1
entity_0516,entity_0515,1,tabpfn,0.9988367557525635,1
entity_0157,entity_0800,0,tabpfn,1.907344994833693e-06,0
entity_0999,entity_0168,0,tabpfn,4.5893470087321475e-05,0
entity_0760,entity_0756,1,tabpfn,0.9957346320152283,1
entity_0888,entity_0884,1,tabpfn,0.9975110292434692,1
entity_0781,entity_0788,1,tabpfn,0.9234525561332703,1
entity_0359,entity_0945,0,tabpfn,2.2649712718703086e-06,0
entity_0665,entity_0937,0,tabpfn,1.2516960623543127e-06,0
entity_0342,entity_0343,1,tabpfn,0.9984132647514343,1
entity_0171,entity_0904,0,tabpfn,1.7881361600302625e-06,0
entity_0306,entity_0541,0,tabpfn,3.933891093765851e-06,0
entity_0973,entity_0571,0,tabpfn,1.6689273252268322e-06,0
entity_0400,entity_0397,1,tabpfn,0.9977290630340576,1
entity_0720,entity_0718,1,tabpfn,0.9961298704147339,1
entity_0564,entity_0570,1,tabpfn,0.9931716322898865,1
entity_0640,entity_0132,0,tabpfn,2.503388714103494e-06,0
entity_0126,entity_0121,1,tabpfn,0.9956130385398865,1
entity_0733,entity_0222,0,tabpfn,3.2186403586820234e-06,0
entity_0125,entity_0129,1,tabpfn,0.9978983998298645,1
entity_0224,entity_0221,1,tabpfn,0.9901437163352966,1
entity_0312,entity_0946,0,tabpfn,2.0265538296371233e-06,0
entity_0179,entity_0072,0,tabpfn,3.933891093765851e-06,0
entity_0770,entity_0339,0,tabpfn,1.7881361600302625e-06,0
entity_0203,entity_0210,1,tabpfn,0.89453125,1
entity_0255,entity_0260,1,tabpfn,0.9946250915527344,1
entity_0416,entity_0420,1,tabpfn,0.9960994720458984,1
entity_0792,entity_0794,1,tabpfn,0.9850885272026062,1
entity_0777,entity_0774,1,tabpfn,0.9942847490310669,1
entity_0986,entity_0989,1,tabpfn,0.9973118901252747,1
entity_0621,entity_0976,0,tabpfn,1.6093226804514416e-06,0
entity_0786,entity_0164,0,tabpfn,3.099431978625944e-06,0
entity_0451,entity_0641,0,tabpfn,3.5166615361958975e-06,0
entity_0731,entity_0735,1,tabpfn,0.9931754469871521,1
entity_0008,entity_0560,0,tabpfn,6.318052328424528e-06,0
entity_0468,entity_0466,1,tabpfn,0.9991058707237244,1
entity_0671,entity_0627,0,tabpfn,1.954994149855338e-05,0
entity_0118,entity_0116,1,tabpfn,0.9978402853012085,1
entity_0653,entity_0657,1,tabpfn,0.9974786639213562,1
entity_0253,entity_0257,1,tabpfn,0.9939813613891602,1
entity_0916,entity_0301,0,tabpfn,1.728531856315385e-06,0
entity_0992,entity_0296,0,tabpfn,9.95387563307304e-06,0
entity_0039,entity_0005,0,tabpfn,0.0007173491758294404,0
entity_0530,entity_0600,0,tabpfn,4.470327894523507e-06,0
entity_0256,entity_0250,0,tabpfn,0.990007758140564,1
entity_0437,entity_0183,0,tabpfn,2.3245756892720237e-06,0
entity_0556,entity_0551,1,tabpfn,0.9987167716026306,1
entity_0900,entity_0617,0,tabpfn,1.311300479756028e-06,0
entity_0733,entity_0732,1,tabpfn,0.9982163310050964,1
entity_0709,entity_0482,0,tabpfn,3.0398275612242287e-06,0
entity_0957,entity_0946,0,tabpfn,0.8648516535758972,1
entity_0990,entity_0986,1,tabpfn,0.9974273443222046,1
entity_0423,entity_0892,0,tabpfn,1.6689273252268322e-06,0
entity_0766,entity_0763,1,tabpfn,0.9894163608551025,1
entity_0280,entity_0828,0,tabpfn,1.6689273252268322e-06,0
entity_0754,entity_0752,1,tabpfn,0.9930163025856018,1
entity_0241,entity_0249,1,tabpfn,0.7919921875,1
entity_0560,entity_0307,0,tabpfn,2.6822019663086394e-06,0
entity_0902,entity_0895,0,tabpfn,0.9866141676902771,1
entity_0964,entity_0969,1,tabpfn,0.994742751121521,1
entity_0733,entity_0153,0,tabpfn,2.6822019663086394e-06,0
entity_0047,entity_0479,0,tabpfn,5.0663693400565535e-06,0
entity_0544,entity_0550,1,tabpfn,0.9934325218200684,1
entity_0178,entity_0789,0,tabpfn,2.443784524075454e-06,0
entity_0799,entity_0098,0,tabpfn,3.874287358485162e-06,0
entity_0274,entity_0278,1,tabpfn,0.9964832067489624,1
entity_0735,entity_0563,0,tabpfn,2.205367081842269e-06,0
entity_0860,entity_0856,1,tabpfn,0.9977565407752991,1
entity_0681,entity_0687,1,tabpfn,0.9909841418266296,1
entity_0560,entity_0558,1,tabpfn,0.998816728591919,1
entity_0797,entity_0791,1,tabpfn,0.983991801738739,1
entity_0752,entity_0963,0,tabpfn,1.6689273252268322e-06,0
entity_0171,entity_0932,0,tabpfn,3.874287358485162e-06,0
entity_0808,entity_0807,1,tabpfn,0.9971254467964172,1
entity_0029,entity_0516,0,tabpfn,6.735279839631403e-06,0
entity_0288,entity_0896,0,tabpfn,1.7881361600302625e-06,0
entity_0682,entity_0758,0,tabpfn,5.006765150028514e-06,0
entity_0701,entity_0821,0,tabpfn,3.3378489661117783e-06,0
entity_0380,entity_0088,0,tabpfn,1.6689273252268322e-06,0
entity_0969,entity_0965,1,tabpfn,0.9823319315910339,1
entity_0183,entity_0367,0,tabpfn,3.278244548710063e-06,0
entity_0457,entity_0456,1,tabpfn,0.9994025826454163,1
entity_0199,entity_0193,1,tabpfn,0.9896479249000549,1
entity_0053,entity_0410,0,tabpfn,3.3378489661117783e-06,0
entity_0105,entity_0106,1,tabpfn,0.9970570206642151,1
entity_0420,entity_0838,0,tabpfn,1.3709048971577431e-06,0
entity_0124,entity_0199,0,tabpfn,5.36438938070205e-06,0
entity_0313,entity_0557,0,tabpfn,4.947160960000474e-06,0
entity_0276,entity_0971,0,tabpfn,1.907344994833693e-06,0
entity_0959,entity_0606,0,tabpfn,2.622597548906924e-06,0
entity_0506,entity_0510,1,tabpfn,0.9985646605491638,1
entity_0024,entity_0742,0,tabpfn,2.622597548906924e-06,0
entity_0494,entity_0679,0,tabpfn,4.231911589158699e-06,0
entity_0668,entity_0446,0,tabpfn,2.741806156336679e-06,0
entity_0816,entity_0812,1,tabpfn,0.997535765171051,1
entity_0564,entity_0025,0,tabpfn,4.649140464607626e-06,0
entity_0179,entity_0174,1,tabpfn,0.9938600659370422,1
entity_0896,entity_0040,0,tabpfn,2.741806156336679e-06,0
entity_0689,entity_0687,1,tabpfn,0.997737467288971,1
entity_0522,entity_0989,0,tabpfn,6.437260253733257e-06,0
entity_0330,entity_0962,0,tabpfn,2.503388714103494e-06,0
entity_0846,entity_0286,0,tabpfn,1.6689273252268322e-06,0
entity_0553,entity_0505,0,tabpfn,1.8834713046089746e-05,0
entity_0170,entity_0688,0,tabpfn,2.5629929041315336e-06,0
entity_0086,entity_0451,0,tabpfn,5.602805231319508e-06,0
entity_0077,entity_0875,0,tabpfn,2.741806156336679e-06,0
entity_0913,entity_0016,0,tabpfn,5.245181455393322e-06,0
entity_0713,entity_0495,0,tabpfn,3.2186403586820234e-06,0
entity_0984,entity_0790,0,tabpfn,1.072882469088654e-06,0
entity_0190,entity_0188,1,tabpfn,0.9941102862358093,1
entity_0324,entity_0325,1,tabpfn,0.9985523223876953,1
entity_0108,entity_0109,1,tabpfn,0.9981573224067688,1
entity_0997,entity_0398,0,tabpfn,5.125973075337242e-06,0
entity_0198,entity_0195,1,tabpfn,0.9935159087181091,1
entity_0621,entity_0628,1,tabpfn,0.9763390421867371,1
entity_0357,entity_0354,1,tabpfn,0.9979060292243958,1
entity_0147,entity_0715,0,tabpfn,2.801410346364719e-06,0
entity_0582,entity_0120,0,tabpfn,2.2649712718703086e-06,0
entity_0872,entity_0868,0,tabpfn,0.996405303478241,1
entity_0088,entity_0090,1,tabpfn,0.9944137334823608,1
entity_0034,entity_0145,0,tabpfn,2.861014763766434e-06,0
entity_0831,entity_0832,1,tabpfn,0.9982886910438538,1
entity_0858,entity_0282,0,tabpfn,1.907344994833693e-06,0
entity_0534,entity_0102,0,tabpfn,2.2649712718703086e-06,0
entity_0904,entity_0642,0,tabpfn,1.84774046374514e-06,0
entity_0099,entity_0094,1,tabpfn,0.9903703927993774,1
entity_0406,entity_0163,0,tabpfn,1.6093226804514416e-06,0
entity_0857,entity_0852,1,tabpfn,0.9968878030776978,1
entity_0281,entity_0289,1,tabpfn,0.9823769330978394,1
entity_0181,entity_0182,1,tabpfn,0.9945871829986572,1
entity_0719,entity_0117,0,tabpfn,2.6822019663086394e-06,0
entity_0384,entity_0389,1,tabpfn,0.9952652454376221,1
entity_0759,entity_0757,1,tabpfn,0.9970607757568359,1
entity_0682,entity_0689,1,tabpfn,0.9847730994224548,1
entity_0204,entity_0206,1,tabpfn,0.9931451082229614,1
entity_0982,entity_0981,1,tabpfn,0.9970360994338989,1
entity_0521,entity_0353,0,tabpfn,4.231911589158699e-06,0
entity_0472,entity_0473,1,tabpfn,0.9991992712020874,1
entity_0746,entity_0747,1,tabpfn,0.9977595210075378,1
entity_0216,entity_0736,0,tabpfn,1.7881361600302625e-06,0
entity_0645,entity_0923,0,tabpfn,1.549718376736564e-06,0
entity_0906,entity_0654,0,tabpfn,2.0265538296371233e-06,0
entity_0528,entity_0924,0,tabpfn,1.311300479756028e-06,0
entity_0178,entity_0758,0,tabpfn,1.907344994833693e-06,0
entity_0837,entity_0464,0,tabpfn,1.7881361600302625e-06,0
entity_0208,entity_0964,0,tabpfn,2.384180106673739e-06,0
entity_0933,entity_0939,1,tabpfn,0.9902721643447876,1
entity_0548,entity_0646,0,tabpfn,3.635870370999328e-06,0
entity_0709,entity_0702,1,tabpfn,0.9748027324676514,1
entity_0633,entity_0639,1,tabpfn,0.9947124123573303,1
entity_0243,entity_0242,1,tabpfn,0.9947187304496765,1
entity_0716,entity_0715,1,tabpfn,0.996792733669281,1
entity_0136,entity_0133,1,tabpfn,0.9950336813926697,1
entity_0343,entity_0348,1,tabpfn,0.9975795149803162,1
entity_0344,entity_0044,0,tabpfn,4.053099473821931e-06,0
entity_0611,entity_0507,0,tabpfn,4.2915162339340895e-06,0
entity_0770,entity_0796,0,tabpfn,0.00022859114687889814,0
entity_0100,entity_0014,0,tabpfn,7.438106695190072e-05,0
entity_0812,entity_0546,0,tabpfn,1.6689273252268322e-06,0
entity_0847,entity_0850,1,tabpfn,0.9983162879943848,1
entity_0633,entity_0458,0,tabpfn,3.5762659535976127e-06,0
entity_0115,entity_0119,1,tabpfn,0.9974767565727234,1
entity_0508,entity_0355,0,tabpfn,3.99349482904654e-06,0
entity_0818,entity_0242,0,tabpfn,2.741806156336679e-06,0
entity_0514,entity_0450,0,tabpfn,1.656981658015866e-05,0
entity_0633,entity_0189,0,tabpfn,2.9206191811681492e-06,0
entity_0224,entity_0223,1,tabpfn,0.9945568442344666,1
entity_0565,entity_0839,0,tabpfn,2.1457626644405536e-06,0
entity_0221,entity_0540,0,tabpfn,2.622597548906924e-06,0
entity_0392,entity_0395,1,tabpfn,0.9978109002113342,1
entity_0717,entity_0676,0,tabpfn,1.6450610928586684e-05,0
entity_0695,entity_0665,0,tabpfn,0.00022156097111292183,0
entity_0407,entity_0401,1,tabpfn,0.9769166111946106,1
entity_0161,entity_0166,1,tabpfn,0.9957574009895325,1
entity_0331,entity_0334,1,tabpfn,0.9986960887908936,1
entity_0488,entity_0483,1,tabpfn,0.9956130385398865,1
entity_0553,entity_0427,0,tabpfn,1.9490338672767393e-05,0
entity_0915,entity_0911,1,tabpfn,0.9953374266624451,1
entity_0144,entity_0185,0,tabpfn,8.36183171486482e-05,0
entity_0810,entity_0803,1,tabpfn,0.9885131120681763,1
entity_0419,entity_0216,0,tabpfn,2.384180106673739e-06,0
entity_0052,entity_0051,1,tabpfn,0.9929670691490173,1
entity_0308,entity_0897,0,tabpfn,1.430509428246296e-06,0
entity_0533,entity_0661,0,tabpfn,5.960429007245693e-06,0
entity_0683,entity_0688,1,tabpfn,0.9941709637641907,1
entity_0541,entity_0544,1,tabpfn,0.9987434148788452,1
entity_0814,entity_0816,1,tabpfn,0.9957746863365173,1
entity_0593,entity_0594,1,tabpfn,0.9971977472305298,1
entity_0012,entity_0199,0,tabpfn,2.861014763766434e-06,0
entity_0119,entity_0442,0,tabpfn,5.185576810617931e-06,0
entity_0479,entity_0476,1,tabpfn,0.9979079365730286,1
entity_0258,entity_0252,1,tabpfn,0.9837966561317444,1
entity_0838,entity_0678,0,tabpfn,1.1324868864903692e-06,0
entity_0881,entity_0889,1,tabpfn,0.9899322986602783,1
entity_0968,entity_0946,0,tabpfn,0.008285649120807648,0
entity_0696,entity_0039,0,tabpfn,4.529932539298898e-06,0
entity_0833,entity_0837,1,tabpfn,0.9974882006645203,1
entity_0099,entity_0286,0,tabpfn,3.159036396027659e-06,0
entity_0867,entity_0392,0,tabpfn,1.6689273252268322e-06,0
entity_0140,entity_0138,1,tabpfn,0.9972224831581116,1
entity_0153,entity_0151,1,tabpfn,0.996141254901886,1
entity_0128,entity_0124,1,tabpfn,0.9924449324607849,1
entity_0252,entity_0476,0,tabpfn,3.695474333653692e-06,0
entity_0229,entity_0322,0,tabpfn,5.722013156628236e-06,0
entity_0498,entity_0971,0,tabpfn,1.7881361600302625e-06,0
entity_0282,entity_0166,0,tabpfn,2.980223371196189e-06,0
entity_0570,entity_0569,1,tabpfn,0.9983782172203064,1
entity_0107,entity_0103,1,tabpfn,0.9910295009613037,1
entity_0581,entity_0942,0,tabpfn,1.6093226804514416e-06,0
entity_0766,entity_0762,1,tabpfn,0.9942999482154846,1
entity_0841,entity_0848,1,tabpfn,0.9920209646224976,1
entity_0300,entity_0758,0,tabpfn,1.1920915312657598e-06,0
entity_0128,entity_0312,0,tabpfn,3.159036396027659e-06,0
entity_0793,entity_0116,0,tabpfn,2.443784524075454e-06,0
entity_0241,entity_0246,1,tabpfn,0.9945530295372009,1
entity_0910,entity_0904,1,tabpfn,0.9780572056770325,1
entity_0049,entity_0139,0,tabpfn,6.1988448578631505e-06,0
entity_0479,entity_0485,0,tabpfn,0.9906697273254395,1
entity_0264,entity_0441,0,tabpfn,5.125973075337242e-06,0
entity_0019,entity_0018,1,tabpfn,0.9840446710586548,1
entity_0892,entity_0893,1,tabpfn,0.9964926838874817,1
entity_0956,entity_0492,0,tabpfn,2.1457626644405536e-06,0
entity_0617,entity_0611,1,tabpfn,0.9945909380912781,1
entity_0157,entity_0976,0,tabpfn,4.649140464607626e-06,0
entity_0996,entity_0884,0,tabpfn,2.312606738996692e-05,0
entity_0208,entity_0149,0,tabpfn,1.5020144928712398e-05,0
entity_0512,entity_0519,1,tabpfn,0.9854793548583984,1
entity_0810,entity_0516,0,tabpfn,2.6822019663086394e-06,0
entity_0174,entity_0172,1,tabpfn,0.9939101338386536,1
entity_0863,entity_0865,1,tabpfn,0.998286783695221,1
entity_0352,entity_0644,0,tabpfn,1.6689273252268322e-06,0
entity_0675,entity_0680,1,tabpfn,0.9947541356086731,1
entity_0218,entity_0801,0,tabpfn,1.549718376736564e-06,0
entity_0542,entity_0547,1,tabpfn,0.9983713626861572,1
entity_0367,entity_0955,0,tabpfn,2.2649712718703086e-06,0
entity_0305,entity_0304,1,tabpfn,0.9982886910438538,1
entity_0447,entity_0470,0,tabpfn,0.0001421964552719146,0
entity_0414,entity_0418,1,tabpfn,0.9969391226768494,1
entity_0469,entity_0712,0,tabpfn,2.622597548906924e-06,0
entity_0829,entity_0546,0,tabpfn,2.1457626644405536e-06,0
entity_0603,entity_0605,1,tabpfn,0.9982020258903503,1
entity_0236,entity_0656,0,tabpfn,2.443784524075454e-06,0
entity_0802,entity_0360,0,tabpfn,1.9669496396090835e-06,0
entity_0541,entity_0548,1,tabpfn,0.9866131544113159,1
entity_0666,entity_0661,1,tabpfn,0.9966447353363037,1
entity_0853,entity_0428,0,tabpfn,2.086158019665163e-06,0
entity_0015,entity_0019,1,tabpfn,0.9866518378257751,1
entity_0229,entity_0170,0,tabpfn,2.7834592401632108e-05,0
entity_0935,entity_0710,0,tabpfn,1.311300479756028e-06,0
entity_0225,entity_0888,0,tabpfn,1.9669496396090835e-06,0
entity_0767,entity_0894,0,tabpfn,2.086158019665163e-06,0
entity_0738,entity_0409,0,tabpfn,1.9669496396090835e-06,0
entity_0832,entity_0347,0,tabpfn,1.549718376736564e-06,0
entity_0596,entity_0599,1,tabpfn,0.9960063695907593,1
entity_0758,entity_0751,1,tabpfn,0.9836085438728333,1
entity_0359,entity_0358,1,tabpfn,0.9987627863883972,1
entity_0450,entity_0448,1,tabpfn,0.9992426037788391,1
entity_0622,entity_0628,1,tabpfn,0.9830151796340942,1
entity_0312,entity_0315,1,tabpfn,0.9986770749092102,1
entity_0233,entity_0232,1,tabpfn,0.9957839846611023,1
entity_0396,entity_0395,1,tabpfn,0.9979231357574463,1
entity_0725,entity_0128,0,tabpfn,2.980223371196189e-06,0
entity_0891,entity_0418,0,tabpfn,1.84774046374514e-06,0
entity_0480,entity_0473,1,tabpfn,0.9740616679191589,1
entity_0568,entity_0566,1,tabpfn,0.9991496801376343,1
entity_0049,entity_0266,0,tabpfn,2.086158019665163e-06,0
entity_0576,entity_0578,1,tabpfn,0.9949160218238831,1
entity_0137,entity_0262,0,tabpfn,3.3378489661117783e-06,0
entity_0072,entity_0080,1,tabpfn,0.9793577194213867,1
entity_0265,entity_0441,0,tabpfn,4.470327894523507e-06,0
entity_0941,entity_0946,1,tabpfn,0.9914908409118652,1
entity_0383,entity_0266,0,tabpfn,4.053099473821931e-06,0
entity_0660,entity_0658,1,tabpfn,0.9982818961143494,1
entity_0767,entity_0766,1,tabpfn,0.9959417581558228,1
entity_0640,entity_0470,0,tabpfn,5.0663693400565535e-06,0
entity_0699,entity_0152,0,tabpfn,4.410724159242818e-06,0
entity_0385,entity_0538,0,tabpfn,5.3047856454213616e-06,0
entity_0177,entity_0317,0,tabpfn,3.695474333653692e-06,0
entity_0541,entity_0024,0,tabpfn,4.410724159242818e-06,0
entity_0229,entity_0415,0,tabpfn,3.8146827137097716e-06,0
entity_0132,entity_0353,0,tabpfn,2.2649712718703086e-06,0
entity_0600,entity_0595,1,tabpfn,0.9945985674858093,1
entity_0040,entity_0209,0,tabpfn,2.503388714103494e-06,0
entity_0383,entity_0729,0,tabpfn,1.311300479756028e-06,0
entity_0926,entity_0922,1,tabpfn,0.9771104454994202,1
entity_0602,entity_0617,0,tabpfn,0.1708984375,0
entity_0526,entity_0558,0,tabpfn,6.573959399247542e-05,0
entity_0760,entity_0753,1,tabpfn,0.9843449592590332,1
entity_0703,entity_0705,1,tabpfn,0.9973423480987549,1
entity_0767,entity_0382,0,tabpfn,2.384180106673739e-06,0
entity_0438,entity_0435,1,tabpfn,0.9984647035598755,1
entity_0927,entity_0924,1,tabpfn,0.986778736114502,1
entity_0972,entity_0975,1,tabpfn,0.994825005531311,1
entity_0209,entity_0202,1,tabpfn,0.96044921875,1
entity_0823,entity_0827,1,tabpfn,0.9973874092102051,1
entity_0558,entity_0698,0,tabpfn,4.529932539298898e-06,0
entity_0927,entity_0966,0,tabpfn,0.0014257988659664989,0
entity_0801,entity_0803,1,tabpfn,0.9954953193664551,1
entity_0871,entity_0050,0,tabpfn,2.622597548906924e-06,0
entity_0955,entity_0294,0,tabpfn,2.6822019663086394e-06,0
entity_0460,entity_0970,0,tabpfn,2.503388714103494e-06,0
entity_0770,entity_0768,1,tabpfn,0.9952614307403564,1
entity_0147,entity_0148,1,tabpfn,0.9967585206031799,1
entity_0374,entity_0371,1,tabpfn,0.9984075427055359,1
entity_0784,entity_0782,1,tabpfn,0.9940799474716187,1
entity_0578,entity_0272,0,tabpfn,2.3245756892720237e-06,0
entity_0388,entity_0455,0,tabpfn,9.775066246220376e-06,0
entity_0689,entity_0683,1,tabpfn,0.9964470863342285,1
entity_0609,entity_0608,1,tabpfn,0.9973176121711731,1
entity_0061,entity_0615,0,tabpfn,2.1457626644405536e-06,0
entity_0419,entity_0094,0,tabpfn,2.801410346364719e-06,0
entity_0457,entity_0150,0,tabpfn,3.278244548710063e-06,0
entity_0477,entity_0356,0,tabpfn,8.88101385498885e-06,0
entity_0935,entity_0932,1,tabpfn,0.9921875,1
entity_0217,entity_0575,0,tabpfn,2.801410346364719e-06,0
entity_0704,entity_0841,0,tabpfn,1.6093226804514416e-06,0
entity_0793,entity_0008,0,tabpfn,6.85448685544543e-06,0
entity_0993,entity_0996,1,tabpfn,0.9980687499046326,1
entity_0413,entity_0544,0,tabpfn,5.960429007245693e-06,0
entity_0870,entity_0861,1,tabpfn,0.9844951629638672,1
entity_0233,entity_0238,1,tabpfn,0.9943189024925232,1
entity_0531,entity_0538,1,tabpfn,0.9941709637641907,1
entity_0501,entity_0502,1,tabpfn,0.9990243911743164,1
entity_0388,entity_0128,0,tabpfn,2.086158019665163e-06,0
entity_0624,entity_0630,1,tabpfn,0.9861475825309753,1
entity_0605,entity_0841,0,tabpfn,1.490113959334849e-06,0
entity_0387,entity_0383,1,tabpfn,0.9955067038536072,1
entity_0396,entity_0392,1,tabpfn,0.9973042607307434,1
entity_0797,entity_0737,0,tabpfn,5.722013156628236e-06,0
entity_0141,entity_0066,0,tabpfn,1.2159199286543299e-05,0
entity_0965,entity_0488,0,tabpfn,6.675675649603363e-06,0
entity_0522,entity_0521,1,tabpfn,0.9984532594680786,1
entity_0655,entity_0658,1,tabpfn,0.9971920251846313,1
entity_0637,entity_0639,1,tabpfn,0.9986456036567688,1
entity_0199,entity_0507,0,tabpfn,3.2186403586820234e-06,0
entity_0933,entity_0932,1,tabpfn,0.9955902695655823,1
entity_0678,entity_0675,1,tabpfn,0.9990034103393555,1
entity_0039,entity_0765,0,tabpfn,3.2186403586820234e-06,0
entity_0118,entity_0117,1,tabpfn,0.9975852370262146,1
entity_0617,entity_0731,0,tabpfn,3.099431978625944e-06,0
entity_0145,entity_0144,1,tabpfn,0.9976385235786438,1
entity_0596,entity_0629,0,tabpfn,1.9609544324339367e-05,0
entity_0442,entity_0445,1,tabpfn,0.9985427856445312,1
entity_0358,entity_0615,0,tabpfn,2.205367081842269e-06,0
entity_0973,entity_0972,1,tabpfn,0.9943254590034485,1
entity_0134,entity_0500,0,tabpfn,5.125973075337242e-06,0
entity_0261,entity_0267,1,tabpfn,0.993107259273529,1
entity_0042,entity_0045,1,tabpfn,0.9936751127243042,1
entity_0685,entity_0683,1,tabpfn,0.9985066056251526,1
entity_0585,entity_0584,1,tabpfn,0.9983382225036621,1
entity_0218,entity_0220,1,tabpfn,0.9967360496520996,1
entity_0280,entity_0242,0,tabpfn,0.00014708262460771948,0
entity_0396,entity_0029,0,tabpfn,6.5564677242946345e-06,0
entity_0297,entity_0291,1,tabpfn,0.9870486259460449,1
entity_0534,entity_0533,1,tabpfn,0.9990406036376953,1
entity_0666,entity_0377,0,tabpfn,2.503388714103494e-06,0
entity_0188,entity_0182,1,tabpfn,0.9886488318443298,1
entity_0659,entity_0178,0,tabpfn,2.9206191811681492e-06,0
entity_0596,entity_0866,0,tabpfn,1.728531856315385e-06,0
entity_0048,entity_0041,1,tabpfn,0.9257247447967529,1
entity_0506,entity_0501,1,tabpfn,0.9943150877952576,1
entity_0247,entity_0246,1,tabpfn,0.9963389039039612,1
entity_0218,entity_0211,1,tabpfn,0.9229642152786255,1
entity_0749,entity_0741,1,tabpfn,0.9820234775543213,1
entity_0822,entity_0557,0,tabpfn,2.3245756892720237e-06,0
entity_0808,entity_0805,1,tabpfn,0.994678258895874,1
entity_0592,entity_0596,1,tabpfn,0.9902872443199158,1
entity_0177,entity_0678,0,tabpfn,2.980223371196189e-06,0
entity_0195,entity_0999,0,tabpfn,9.179030712402891e-06,0
entity_0552,entity_0937,0,tabpfn,1.549718376736564e-06,0
entity_0099,entity_0098,1,tabpfn,0.9975871443748474,1
entity_0098,entity_0657,0,tabpfn,2.861014763766434e-06,0
entity_0152,entity_0156,1,tabpfn,0.9962533712387085,1
entity_0580,entity_0573,1,tabpfn,0.97385573387146,1
entity_0248,entity_0207,0,tabpfn,3.2483476388733834e-05,0
entity_0935,entity_0423,0,tabpfn,1.549718376736564e-06,0
entity_0286,entity_0833,0,tabpfn,1.311300479756028e-06,0
entity_0032,entity_0036,1,tabpfn,0.9805285930633545,1
entity_0111,entity_0656,0,tabpfn,2.503388714103494e-06,0
entity_0580,entity_0577,1,tabpfn,0.9978089928627014,1
entity_0679,entity_0072,0,tabpfn,3.0398275612242287e-06,0
entity_0561,entity_0200,0,tabpfn,1.9669496396090835e-06,0
entity_0043,entity_0049,1,tabpfn,0.969918966293335,1
entity_0437,entity_0721,0,tabpfn,1.549718376736564e-06,0
entity_0517,entity_0511,1,tabpfn,0.9953601956367493,1
entity_0517,entity_0513,1,tabpfn,0.9970075488090515,1
entity_0865,entity_0864,1,tabpfn,0.998155415058136,1
entity_0551,entity_0652,0,tabpfn,3.695474333653692e-06,0
entity_0858,entity_0573,0,tabpfn,2.3245756892720237e-06,0
entity_0052,entity_0053,1,tabpfn,0.9957708716392517,1
entity_0108,entity_0900,0,tabpfn,2.503388714103494e-06,0
entity_0920,entity_0918,1,tabpfn,0.9957460165023804,1
entity_0107,entity_0108,1,tabpfn,0.9973176121711731,1
entity_0133,entity_0131,1,tabpfn,0.9962780475616455,1
entity_0732,entity_0405,0,tabpfn,2.086158019665163e-06,0
entity_0771,entity_0611,0,tabpfn,1.728531856315385e-06,0
entity_0132,entity_0140,1,tabpfn,0.9943681955337524,1
entity_0073,entity_0074,1,tabpfn,0.9971901178359985,1
entity_0464,entity_0465,1,tabpfn,0.9993550777435303,1
entity_0413,entity_0681,0,tabpfn,1.728531856315385e-06,0
entity_0086,entity_0971,0,tabpfn,2.801410346364719e-06,0
entity_0147,entity_0803,0,tabpfn,2.384180106673739e-06,0
entity_0037,entity_0685,0,tabpfn,2.801410346364719e-06,0
entity_0201,entity_0210,1,tabpfn,0.932503342628479,1
entity_0181,entity_0654,0,tabpfn,1.7881361600302625e-06,0
entity_0721,entity_0030,0,tabpfn,4.11270366384997e-06,0
entity_0596,entity_0469,0,tabpfn,5.483597306010779e-06,0
entity_0306,entity_0177,0,tabpfn,2.861014763766434e-06,0
entity_0831,entity_0839,1,tabpfn,0.9856894612312317,1
entity_0910,entity_0901,1,tabpfn,0.9266446828842163,1
entity_0894,entity_0167,0,tabpfn,2.503388714103494e-06,0
entity_0670,entity_0668,1,tabpfn,0.9969790577888489,1
entity_0234,entity_0235,1,tabpfn,0.9970551133155823,1
entity_0172,entity_0125,0,tabpfn,3.337748785270378e-05,0
entity_0837,entity_0767,0,tabpfn,4.2915162339340895e-06,0
entity_0268,entity_0270,1,tabpfn,0.9972034692764282,1
entity_0037,entity_0548,0,tabpfn,4.887556769972434e-06,0
entity_0300,entity_0295,1,tabpfn,0.9943416714668274,1
entity_0654,entity_0652,1,tabpfn,0.9984779953956604,1
entity_0089,entity_0085,1,tabpfn,0.9910521507263184,1
entity_0654,entity_0481,0,tabpfn,3.3378489661117783e-06,0
entity_0853,entity_0852,1,tabpfn,0.9983504414558411,1
entity_0519,entity_0680,0,tabpfn,4.649140464607626e-06,0
entity_0492,entity_0800,0,tabpfn,2.3245756892720237e-06,0
entity_0860,entity_0854,1,tabpfn,0.9946630597114563,1
entity_0125,entity_0455,0,tabpfn,2.980223371196189e-06,0
entity_0433,entity_0907,0,tabpfn,1.728531856315385e-06,0
entity_0622,entity_0623,1,tabpfn,0.9988672137260437,1
entity_0983,entity_0496,0,tabpfn,2.443784524075454e-06,0
entity_0405,entity_0403,1,tabpfn,0.9969410300254822,1
entity_0963,entity_0965,1,tabpfn,0.9980982542037964,1
entity_0961,entity_0275,0,tabpfn,2.1457626644405536e-06,0
entity_0327,entity_0323,1,tabpfn,0.997691810131073,1
entity_0859,entity_0858,1,tabpfn,0.9981001615524292,1
entity_0010,entity_0006,1,tabpfn,0.9856969714164734,1
entity_0855,entity_0856,1,tabpfn,0.9983325004577637,1
entity_0578,entity_0643,0,tabpfn,4.053099473821931e-06,0
entity_0564,entity_0566,1,tabpfn,0.999144434928894,1
entity_0674,entity_0892,0,tabpfn,1.072882469088654e-06,0
entity_0015,entity_0721,0,tabpfn,3.635870370999328e-06,0
entity_0769,entity_0825,0,tabpfn,8.046561561059207e-06,0
entity_0539,entity_0540,1,tabpfn,0.999203085899353,1
entity_0668,entity_0221,0,tabpfn,3.4570573461678578e-06,0
entity_0871,entity_0408,0,tabpfn,1.311300479756028e-06,0
entity_0603,entity_0602,1,tabpfn,0.9967965483665466,1
entity_0695,entity_0320,0,tabpfn,3.3974533835134935e-06,0
entity_0529,entity_0950,0,tabpfn,2.741806156336679e-06,0
entity_0435,entity_0219,0,tabpfn,2.0265538296371233e-06,0
entity_0585,entity_0917,0,tabpfn,1.1920915312657598e-06,0
entity_0971,entity_0972,1,tabpfn,0.9980487823486328,1
entity_0555,entity_0853,0,tabpfn,2.086158019665163e-06,0
entity_0984,entity_0986,1,tabpfn,0.9968459606170654,1
entity_0120,entity_0117,1,tabpfn,0.9967226982116699,1
entity_0811,entity_0815,1,tabpfn,0.9963104128837585,1
entity_0552,entity_0560,1,tabpfn,0.9898442625999451,1
entity_0730,entity_0727,1,tabpfn,0.9976213574409485,1
entity_0812,entity_0813,1,tabpfn,0.9975243210792542,1
entity_0697,entity_0367,0,tabpfn,2.443784524075454e-06,0
entity_0340,entity_0336,1,tabpfn,0.9970075488090515,1
entity_0852,entity_0141,0,tabpfn,2.205367081842269e-06,0
entity_0288,entity_0741,0,tabpfn,2.086158019665163e-06,0
entity_0057,entity_0196,0,tabpfn,2.622597548906924e-06,0
entity_0892,entity_0897,1,tabpfn,0.9945226907730103,1
entity_0288,entity_0287,1,tabpfn,0.9981791973114014,1
entity_0252,entity_0532,0,tabpfn,3.7550782963080565e-06,0
entity_0784,entity_0357,0,tabpfn,1.728531856315385e-06,0
entity_0941,entity_0949,1,tabpfn,0.9806932210922241,1
entity_0288,entity_0922,0,tabpfn,1.728531856315385e-06,0
entity_0447,entity_0450,1,tabpfn,0.9993303418159485,1
entity_0599,entity_0593,1,tabpfn,0.9943985939025879,1
entity_0509,entity_0501,1,tabpfn,0.83251953125,1
entity_0493,entity_0944,0,tabpfn,1.728531856315385e-06,0
entity_0732,entity_0146,0,tabpfn,4.053099473821931e-06,0
entity_0087,entity_0381,0,tabpfn,2.384180106673739e-06,0
entity_0588,entity_0392,0,tabpfn,3.4570573461678578e-06,0
entity_0948,entity_0823,0,tabpfn,1.549718376736564e-06,0
entity_0256,entity_0255,1,tabpfn,0.9963729977607727,1
entity_0661,entity_0662,1,tabpfn,0.9986656308174133,1
entity_0199,entity_0195,1,tabpfn,0.9939358830451965,1
entity_0758,entity_0285,0,tabpfn,2.384180106673739e-06,0
entity_0495,entity_0521,0,tabpfn,0.00014100471162237227,0
entity_0878,entity_0410,0,tabpfn,1.84774046374514e-06,0
entity_0104,entity_0107,1,tabpfn,0.9973118901252747,1
entity_0410,entity_0522,0,tabpfn,6.437260253733257e-06,0
entity_0641,entity_0644,1,tabpfn,0.9981306195259094,1
entity_0745,entity_0241,0,tabpfn,3.3378489661117783e-06,0
entity_0222,entity_0230,1,tabpfn,0.72607421875,1
entity_0723,entity_0755,0,tabpfn,0.00020857274648733437,0
entity_0985,entity_0984,1,tabpfn,0.9987795948982239,1
entity_0020,entity_0668,0,tabpfn,2.980223371196189e-06,0
entity_0365,entity_0368,1,tabpfn,0.9981868267059326,1
entity_0939,entity_0936,1,tabpfn,0.9957422018051147,1
entity_0669,entity_0062,0,tabpfn,3.5762659535976127e-06,0
entity_0025,entity_0021,1,tabpfn,0.9913924932479858,1
entity_0440,entity_0436,1,tabpfn,0.9986580014228821,1
entity_0045,entity_0700,0,tabpfn,2.1457626644405536e-06,0
entity_0465,entity_0461,1,tabpfn,0.9979003071784973,1
entity_0052,entity_0979,0,tabpfn,6.616071459575323e-06,0
entity_0885,entity_0889,1,tabpfn,0.9963560104370117,1
entity_0294,entity_0560,0,tabpfn,3.4570573461678578e-06,0
entity_0768,entity_0024,0,tabpfn,3.695474333653692e-06,0
entity_0392,entity_0162,0,tabpfn,6.437260253733257e-06,0
entity_0782,entity_0785,1,tabpfn,0.9911580085754395,1
entity_0484,entity_0490,1,tabpfn,0.982421875,1
entity_0557,entity_0513,0,tabpfn,3.290067979833111e-05,0
entity_0158,entity_0592,0,tabpfn,2.086158019665163e-06,0
entity_0027,entity_0025,1,tabpfn,0.9930239319801331,1
entity_0794,entity_0798,1,tabpfn,0.9894390106201172,1
entity_0389,entity_0125,0,tabpfn,2.2649712718703086e-06,0
entity_0805,entity_0809,1,tabpfn,0.994807243347168,1
entity_0074,entity_0734,0,tabpfn,1.7881361600302625e-06,0
entity_0781,entity_0790,1,tabpfn,0.8556776642799377,1
entity_0369,entity_0362,1,tabpfn,0.9842698574066162,1
entity_0769,entity_0821,0,tabpfn,1.0132686838915106e-05,0
entity_0087,entity_0090,1,tabpfn,0.9971121549606323,1
entity_0190,entity_0167,0,tabpfn,0.0008369661518372595,0
entity_0858,entity_0714,0,tabpfn,1.2516960623543127e-06,0
entity_0031,entity_0439,0,tabpfn,6.020033197273733e-06,0
entity_0384,entity_0042,0,tabpfn,4.708744654635666e-06,0
entity_0390,entity_0679,0,tabpfn,1.9669496396090835e-06,0
entity_0902,entity_0734,0,tabpfn,1.1920915312657598e-06,0
entity_0406,entity_0307,0,tabpfn,5.0663693400565535e-06,0
entity_0493,entity_0494,1,tabpfn,0.9986780285835266,1
entity_0992,entity_0651,0,tabpfn,2.980223371196189e-06,0
entity_0298,entity_0933,0,tabpfn,2.086158019665163e-06,0
entity_0062,entity_0318,0,tabpfn,1.7881361600302625e-06,0
entity_0742,entity_0739,0,tabpfn,0.996534526348114,1
entity_0323,entity_0588,0,tabpfn,2.741806156336679e-06,0
entity_0124,entity_0503,0,tabpfn,4.231911589158699e-06,0
entity_0809,entity_0802,1,tabpfn,0.9829551577568054,1
entity_0191,entity_0195,1,tabpfn,0.9940420389175415,1
entity_0915,entity_0912,1,tabpfn,0.9925054311752319,1
entity_0985,entity_0925,0,tabpfn,1.59141854965128e-05,0
entity_0391,entity_0532,0,tabpfn,7.092901796568185e-06,0
entity_0344,entity_0346,1,tabpfn,0.9982182383537292,1
entity_0682,entity_0189,0,tabpfn,2.1457626644405536e-06,0
entity_0132,entity_0008,0,tabpfn,1.555657036078628e-05,0
entity_0957,entity_0473,0,tabpfn,2.3245756892720237e-06,0
entity_0542,entity_0544,1,tabpfn,0.9979422092437744,1
entity_0977,entity_0798,0,tabpfn,2.741806156336679e-06,0
entity_0394,entity_0395,1,tabpfn,0.9990296363830566,1
entity_0623,entity_0629,1,tabpfn,0.9913395047187805,1
entity_0717,entity_0223,0,tabpfn,2.861014763766434e-06,0
entity_0121,entity_0798,0,tabpfn,2.3245756892720237e-06,0
entity_0512,entity_0517,1,tabpfn,0.9968744516372681,1
entity_0947,entity_0942,1,tabpfn,0.9960633516311646,1
entity_0851,entity_0855,1,tabpfn,0.9978222846984863,1
entity_0506,entity_0502,1,tabpfn,0.9976270794868469,1
entity_0094,entity_0091,1,tabpfn,0.996392011642456,1
entity_0647,entity_0781,0,tabpfn,2.503388714103494e-06,0
entity_0174,entity_0175,1,tabpfn,0.9949350357055664,1
entity_0959,entity_0954,1,tabpfn,0.9834134578704834,1
entity_0099,entity_0045,0,tabpfn,2.5510136765660718e-05,0
entity_0070,entity_0343,0,tabpfn,3.8146827137097716e-06,0
entity_0554,entity_0702,0,tabpfn,3.874287358485162e-06,0
entity_0197,entity_0191,1,tabpfn,0.9766221046447754,1
entity_0219,entity_0218,1,tabpfn,0.9954209923744202,1
entity_0167,entity_0164,1,tabpfn,0.9953222274780273,1
entity_0759,entity_0752,1,tabpfn,0.9756008386611938,1
entity_0265,entity_0239,0,tabpfn,0.0002621916646603495,0
entity_0744,entity_0747,1,tabpfn,0.996487021446228,1
entity_0053,entity_0386,0,tabpfn,3.4570573461678578e-06,0
entity_0004,entity_0366,0,tabpfn,5.841221081936965e-06,0
entity_0494,entity_0491,1,tabpfn,0.9977622032165527,1
entity_0161,entity_0170,1,tabpfn,0.9678030014038086,1
entity_0602,entity_0606,1,tabpfn,0.9947503209114075,1
entity_0668,entity_0256,0,tabpfn,2.801410346364719e-06,0
entity_0066,entity_0068,1,tabpfn,0.99560546875,1
entity_0427,entity_0426,1,tabpfn,0.9990444183349609,1
entity_0450,entity_0441,1,tabpfn,0.732731282711029,1
entity_0375,entity_0684,0,tabpfn,2.384180106673739e-06,0
entity_0817,entity_0427,0,tabpfn,2.0265538296371233e-06,0
entity_0315,entity_0268,0,tabpfn,1.4185704458213877e-05,0
entity_0735,entity_0312,0,tabpfn,2.5629929041315336e-06,0
entity_0614,entity_0620,1,tabpfn,0.9871691465377808,1
entity_0235,entity_0388,0,tabpfn,4.053099473821931e-06,0
entity_0549,entity_0546,1,tabpfn,0.9989186525344849,1
entity_0347,entity_0344,1,tabpfn,0.9983896613121033,1
entity_0499,entity_0492,1,tabpfn,0.9824968576431274,1
entity_0857,entity_0205,0,tabpfn,2.503388714103494e-06,0
entity_0807,entity_0235,0,tabpfn,2.1457626644405536e-06,0
entity_0608,entity_0602,1,tabpfn,0.9921269416809082,1
entity_0347,entity_0343,1,tabpfn,0.9977222681045532,1
entity_0196,entity_0199,1,tabpfn,0.9970018267631531,1
entity_0406,entity_0240,0,tabpfn,2.6822019663086394e-06,0
entity_0977,entity_0069,0,tabpfn,4.470327894523507e-06,0
entity_0387,entity_0505,0,tabpfn,7.748543794150464e-06,0
entity_0308,entity_0306,1,tabpfn,0.9982353448867798,1
entity_0847,entity_0843,1,tabpfn,0.9981392025947571,1
entity_0599,entity_0319,0,tabpfn,3.278244548710063e-06,0
entity_0837,entity_0634,0,tabpfn,1.549718376736564e-06,0
entity_0373,entity_0733,0,tabpfn,8.940688189795765e-07,0
entity_0898,entity_0900,1,tabpfn,0.9963788390159607,1
entity_0004,entity_0001,1,tabpfn,0.9894012212753296,1
entity_0830,entity_0461,0,tabpfn,2.384180106673739e-06,0
entity_0168,entity_0315,0,tabpfn,3.8146827137097716e-06,0
entity_0802,entity_0594,0,tabpfn,2.2649712718703086e-06,0
entity_0561,entity_0568,1,tabpfn,0.9799505472183228,1
entity_0206,entity_0203,1,tabpfn,0.9946820139884949,1
entity_0421,entity_0735,0,tabpfn,1.7881361600302625e-06,0
entity_0867,entity_0988,0,tabpfn,7.390921382466331e-06,0
entity_0228,entity_0479,0,tabpfn,3.0398275612242287e-06,0
entity_0104,entity_0105,1,tabpfn,0.9971407055854797,1
entity_0748,entity_0273,0,tabpfn,3.695474333653692e-06,0
entity_0494,entity_0403,0,tabpfn,9.477048479311634e-06,0
entity_0496,entity_0767,0,tabpfn,1.1324868864903692e-06,0
entity_0525,entity_0529,1,tabpfn,0.9966504573822021,1
entity_0249,entity_0246,1,tabpfn,0.9959532022476196,1
entity_0368,entity_0367,1,tabpfn,0.9986132383346558,1
entity_0604,entity_0605,1,tabpfn,0.9963331818580627,1
entity_0428,entity_0423,1,tabpfn,0.9981268048286438,1
entity_0570,entity_0763,0,tabpfn,2.205367081842269e-06,0
entity_0134,entity_0022,0,tabpfn,9.357841918244958e-06,0
entity_0659,entity_0653,1,tabpfn,0.9980221390724182,1
entity_0454,entity_0458,1,tabpfn,0.9990624785423279,1
entity_0782,entity_0787,1,tabpfn,0.9871013760566711,1
entity_0847,entity_0844,1,tabpfn,0.9978508353233337,1
entity_0861,entity_0311,0,tabpfn,1.6689273252268322e-06,0
entity_0761,entity_0141,0,tabpfn,3.159036396027659e-06,0
entity_0031,entity_0034,1,tabpfn,0.9888374209403992,1
entity_0918,entity_0609,0,tabpfn,2.1457626644405536e-06,0
entity_0607,entity_0984,0,tabpfn,2.6822019663086394e-06,0
entity_0243,entity_0241,1,tabpfn,0.9938600659370422,1
entity_0510,entity_0898,0,tabpfn,1.1920915312657598e-06,0
entity_0564,entity_0251,0,tabpfn,1.907344994833693e-06,0
entity_0050,entity_0042,1,tabpfn,0.9242035746574402,1
entity_0816,entity_0784,0,tabpfn,7.676488894503564e-05,0
entity_0768,entity_0763,1,tabpfn,0.992785632610321,1
entity_0702,entity_0706,1,tabpfn,0.9933307766914368,1
entity_0975,entity_0676,0,tabpfn,2.3245756892720237e-06,0
entity_0887,entity_0889,1,tabpfn,0.9965193271636963,1
entity_0638,entity_0490,0,tabpfn,5.006765150028514e-06,0
entity_0847,entity_0965,0,tabpfn,3.933891093765851e-06,0
entity_0302,entity_0200,0,tabpfn,4.649140464607626e-06,0
entity_0321,entity_0274,0,tabpfn,1.4006894161866512e-05,0
entity_0971,entity_0974,1,tabpfn,0.997936487197876,1
entity_0873,entity_0875,1,tabpfn,0.9963293671607971,1
entity_0807,entity_0213,0,tabpfn,3.3378489661117783e-06,0
entity_0829,entity_0786,0,tabpfn,3.2602674764348194e-05,0
entity_0517,entity_0518,1,tabpfn,0.9984390139579773,1
entity_0663,entity_0002,0,tabpfn,1.3530070646083914e-05,0
entity_0999,entity_1000,1,tabpfn,0.9990786910057068,1
entity_0178,entity_0176,1,tabpfn,0.9951854944229126,1
entity_0797,entity_0436,0,tabpfn,1.6689273252268322e-06,0
entity_0027,entity_0024,1,tabpfn,0.9858774542808533,1
entity_0149,entity_0143,1,tabpfn,0.9841347336769104,1
entity_0101,entity_0105,1,tabpfn,0.9971806406974792,1
entity_0120,entity_0766,0,tabpfn,1.7881361600302625e-06,0
entity_0840,entity_0839,1,tabpfn,0.9984028339385986,1
entity_0056,entity_0193,0,tabpfn,2.384180106673739e-06,0
entity_0620,entity_0982,0,tabpfn,1.728531856315385e-06,0
entity_0803,entity_0685,0,tabpfn,1.549718376736564e-06,0
entity_0466,entity_0464,1,tabpfn,0.9991816282272339,1
entity_0886,entity_0889,1,tabpfn,0.995533287525177,1
entity_0576,entity_0623,0,tabpfn,7.748543794150464e-06,0
entity_0506,entity_0394,0,tabpfn,6.675675649603363e-06,0
entity_0446,entity_0291,0,tabpfn,4.053099473821931e-06,0
entity_0090,entity_0435,0,tabpfn,4.887556769972434e-06,0
entity_0055,entity_0168,0,tabpfn,3.278244548710063e-06,0
entity_0332,entity_0999,0,tabpfn,7.390921382466331e-06,0
entity_0037,entity_0040,1,tabpfn,0.9855244755744934,1
entity_0910,entity_0651,0,tabpfn,1.1324868864903692e-06,0
entity_0327,entity_0324,1,tabpfn,0.9983237981796265,1
entity_0866,entity_0868,1,tabpfn,0.9975186586380005,1
entity_0025,entity_0676,0,tabpfn,1.245721614395734e-05,0
entity_0589,entity_0583,1,tabpfn,0.9897611737251282,1
entity_0581,entity_0842,0,tabpfn,1.311300479756028e-06,0
entity_0422,entity_0732,0,tabpfn,1.072882469088654e-06,0
entity_0523,entity_0522,1,tabpfn,0.9988405704498291,1
entity_0398,entity_0392,1,tabpfn,0.9902570247650146,1
entity_0668,entity_0664,1,tabpfn,0.9989824891090393,1
entity_0206,entity_0820,0,tabpfn,1.6093226804514416e-06,0
entity_0084,entity_0773,0,tabpfn,2.1457626644405536e-06,0
entity_0730,entity_0165,0,tabpfn,3.5762659535976127e-06,0
entity_0313,entity_0165,0,tabpfn,5.900824817217654e-06,0
entity_0901,entity_0907,1,tabpfn,0.9838566780090332,1
entity_0853,entity_0489,0,tabpfn,1.84774046374514e-06,0
entity_0127,entity_0233,0,tabpfn,3.278244548710063e-06,0
entity_0694,entity_0689,0,tabpfn,0.9962210655212402,1
entity_0046,entity_0044,1,tabpfn,0.9933307766914368,1
entity_0748,entity_0750,1,tabpfn,0.9898216128349304,1
entity_0696,entity_0699,1,tabpfn,0.9975186586380005,1
entity_0292,entity_0478,0,tabpfn,4.887556769972434e-06,0
entity_0370,entity_0368,1,tabpfn,0.9984380602836609,1
entity_0490,entity_0377,0,tabpfn,6.020033197273733e-06,0
entity_0638,entity_0442,0,tabpfn,3.3974533835134935e-06,0
entity_0248,entity_0244,1,tabpfn,0.9912562966346741,1
entity_0610,entity_0963,0,tabpfn,2.086158019665163e-06,0
entity_0257,entity_0256,1,tabpfn,0.9964736700057983,1
entity_0612,entity_0530,0,tabpfn,1.1801580512837972e-05,0
entity_0049,entity_0007,0,tabpfn,0.0008765144739300013,0
entity_0933,entity_0823,0,tabpfn,1.430509428246296e-06,0
entity_0159,entity_0156,1,tabpfn,0.9954133629798889,1
entity_0136,entity_0140,1,tabpfn,0.9969068169593811,1
entity_0627,entity_0622,1,tabpfn,0.9968212246894836,1
entity_0872,entity_0277,0,tabpfn,1.6689273252268322e-06,0
entity_0043,entity_0275,0,tabpfn,2.861014763766434e-06,0
entity_0966,entity_0297,0,tabpfn,2.503388714103494e-06,0
entity_0117,entity_0119,1,tabpfn,0.9974717497825623,1
entity_0729,entity_0728,1,tabpfn,0.9975281357765198,1
entity_0872,entity_0757,0,tabpfn,1.6689273252268322e-06,0
entity_0292,entity_0627,0,tabpfn,1.728531856315385e-06,0
entity_0342,entity_0439,0,tabpfn,9.119427886616904e-06,0
entity_0390,entity_0388,1,tabpfn,0.9984503984451294,1
entity_0052,entity_0054,1,tabpfn,0.9910143613815308,1
entity_0339,entity_0303,0,tabpfn,5.7693967391969636e-05,0
entity_0625,entity_0622,1,tabpfn,0.9979535937309265,1
entity_0089,entity_0088,1,tabpfn,0.9953336119651794,1
entity_0052,entity_0721,0,tabpfn,2.6822019663086394e-06,0
entity_0852,entity_0851,1,tabpfn,0.9985037446022034,1
entity_0759,entity_0956,0,tabpfn,1.072882469088654e-06,0
entity_0244,entity_0241,1,tabpfn,0.9942468404769897,1
entity_0176,entity_0173,1,tabpfn,0.99440997838974,1
entity_0297,entity_0769,0,tabpfn,1.0132780516869389e-06,0
entity_0268,entity_0936,0,tabpfn,2.384180106673739e-06,0
entity_0699,entity_0140,0,tabpfn,3.3974533835134935e-06,0
entity_0223,entity_0523,0,tabpfn,3.4570573461678578e-06,0
entity_0240,entity_0836,0,tabpfn,1.7881361600302625e-06,0
entity_0656,entity_0352,0,tabpfn,2.801410346364719e-06,0
entity_0848,entity_0518,0,tabpfn,2.205367081842269e-06,0
entity_0027,entity_0023,1,tabpfn,0.9828951358795166,1
entity_0015,entity_0014,1,tabpfn,0.99169921875,1
entity_0553,entity_0558,1,tabpfn,0.9958810210227966,1
entity_0001,entity_0010,1,tabpfn,0.8308518528938293,1
entity_0734,entity_0517,0,tabpfn,2.861014763766434e-06,0
entity_0861,entity_0774,0,tabpfn,2.384180106673739e-06,0
entity_0957,entity_0868,0,tabpfn,4.947160960000474e-06,0
entity_0539,entity_0259,0,tabpfn,4.947160960000474e-06,0
entity_0259,entity_0254,1,tabpfn,0.9928838014602661,1
entity_0743,entity_0364,0,tabpfn,3.5166615361958975e-06,0
entity_0861,entity_0287,0,tabpfn,1.6093226804514416e-06,0
entity_0197,entity_0655,0,tabpfn,1.7881361600302625e-06,0
entity_0335,entity_0606,0,tabpfn,2.1457626644405536e-06,0
entity_0234,entity_0238,1,tabpfn,0.9950602650642395,1
entity_0510,entity_0261,0,tabpfn,2.503388714103494e-06,0
entity_0657,entity_0651,1,tabpfn,0.9886337518692017,1
entity_0055,entity_0056,1,tabpfn,0.9928045272827148,1
entity_0519,entity_0511,1,tabpfn,0.9831134080886841,1
entity_0995,entity_0998,1,tabpfn,0.9973137974739075,1
entity_0310,entity_0304,1,tabpfn,0.9896404147148132,1
entity_0793,entity_0799,1,tabpfn,0.9765028953552246,1
entity_0648,entity_0856,0,tabpfn,1.907344994833693e-06,0
entity_0395,entity_0399,1,tabpfn,0.9974730014801025,1
entity_0995,entity_0999,1,tabpfn,0.9978013634681702,1
entity_0866,entity_0862,1,tabpfn,0.997363269329071,1
entity_0978,entity_0975,1,tabpfn,0.9977431893348694,1
entity_0058,entity_0426,0,tabpfn,5.125973075337242e-06,0
entity_0468,entity_0644,0,tabpfn,5.245181455393322e-06,0
entity_0872,entity_0257,0,tabpfn,2.861014763766434e-06,0
entity_0997,entity_0993,1,tabpfn,0.9984865784645081,1
entity_0218,entity_0215,1,tabpfn,0.9901512861251831,1
entity_0644,entity_0147,0,tabpfn,2.1457626644405536e-06,0
entity_0665,entity_0662,1,tabpfn,0.9980602264404297,1
entity_0332,entity_0334,1,tabpfn,0.9988548159599304,1
entity_0600,entity_0299,0,tabpfn,4.470327894523507e-06,0
entity_0498,entity_0497,1,tabpfn,0.9986065626144409,1
entity_0122,entity_0884,0,tabpfn,2.205367081842269e-06,0
entity_0974,entity_0975,1,tabpfn,0.9985741972923279,1
entity_0028,entity_0888,0,tabpfn,2.503388714103494e-06,0
entity_0636,entity_0464,0,tabpfn,4.649140464607626e-06,0
entity_0692,entity_0506,0,tabpfn,3.2186403586820234e-06,0
entity_0404,entity_0512,0,tabpfn,8.284976502181962e-06,0
entity_0278,entity_0069,0,tabpfn,2.741806156336679e-06,0
entity_0052,entity_0055,1,tabpfn,0.9881153702735901,1
entity_0066,entity_0064,1,tabpfn,0.9936826825141907,1
entity_0741,entity_0748,1,tabpfn,0.981265664100647,1
entity_0459,entity_0451,1,tabpfn,0.989927351474762,1
entity_0614,entity_0270,0,tabpfn,2.086158019665163e-06,0
entity_0632,entity_0633,1,tabpfn,0.997150182723999,1
entity_0264,entity_0269,1,tabpfn,0.9927969574928284,1
entity_0519,entity_0517,1,tabpfn,0.998826265335083,1
entity_0329,entity_0649,0,tabpfn,2.5629929041315336e-06,0
entity_0753,entity_0775,0,tabpfn,0.004943545907735825,0
entity_0510,entity_0807,0,tabpfn,1.490113959334849e-06,0
entity_0769,entity_0767,1,tabpfn,0.9878984689712524,1
entity_0581,entity_0588,1,tabpfn,0.9771513938903809,1
entity_0525,entity_0469,0,tabpfn,1.4066497897147201e-05,0
entity_0543,entity_0138,0,tabpfn,3.5166615361958975e-06,0
entity_0345,entity_0346,1,tabpfn,0.9985865950584412,1
entity_0524,entity_0529,1,tabpfn,0.9962685704231262,1
entity_0698,entity_0968,0,tabpfn,8.940688189795765e-07,0
entity_0411,entity_0414,1,tabpfn,0.9982182383537292,1
entity_0761,entity_0764,1,tabpfn,0.9909085631370544,1
entity_0013,entity_0020,1,tabpfn,0.85888671875,1
entity_0413,entity_0417,1,tabpfn,0.9944695830345154,1
entity_0830,entity_0826,1,tabpfn,0.9970893263816833,1
entity_0312,entity_0088,0,tabpfn,4.470327894523507e-06,0
entity_0778,entity_0476,0,tabpfn,2.205367081842269e-06,0
entity_0365,entity_0036,0,tabpfn,3.99349482904654e-06,0
entity_0303,entity_0981,0,tabpfn,2.1457626644405536e-06,0
entity_0474,entity_0441,0,tabpfn,2.413929905742407e-05,0
entity_0106,entity_0108,1,tabpfn,0.9980897307395935,1
entity_0329,entity_0582,0,tabpfn,2.861014763766434e-06,0
entity_0138,entity_0390,0,tabpfn,2.3245756892720237e-06,0
entity_0283,entity_0290,1,tabpfn,0.9888600707054138,1
entity_0068,entity_0062,1,tabpfn,0.984667956829071,1
entity_0308,entity_0302,1,tabpfn,0.9922745823860168,1
entity_0185,entity_0983,0,tabpfn,3.278244548710063e-06,0
entity_0179,entity_0175,1,tabpfn,0.9950868487358093,1
entity_0834,entity_0431,0,tabpfn,3.099431978625944e-06,0
entity_0742,entity_0732,0,tabpfn,0.906516969203949,1
entity_0285,entity_0258,0,tabpfn,0.00015947659267112613,0
entity_0477,entity_0634,0,tabpfn,5.245181455393322e-06,0
entity_0611,entity_0616,1,tabpfn,0.9930087327957153,1
entity_0272,entity_0279,1,tabpfn,0.9940685629844666,1
entity_0969,entity_0473,0,tabpfn,2.0265538296371233e-06,0
entity_0775,entity_0317,0,tabpfn,2.205367081842269e-06,0
entity_0336,entity_0890,0,tabpfn,1.84774046374514e-06,0
entity_0960,entity_0145,0,tabpfn,2.2649712718703086e-06,0
entity_0741,entity_0097,0,tabpfn,3.099431978625944e-06,0
entity_0951,entity_0960,1,tabpfn,0.9660266637802124,1
entity_0223,entity_0226,1,tabpfn,0.9961811304092407,1
entity_0498,entity_0141,0,tabpfn,3.3974533835134935e-06,0
entity_0425,entity_0429,1,tabpfn,0.9967303276062012,1
entity_0772,entity_0332,0,tabpfn,2.0265538296371233e-06,0
entity_0990,entity_0479,0,tabpfn,3.4570573461678578e-06,0
entity_0386,entity_0383,1,tabpfn,0.9975091218948364,1
entity_0883,entity_0523,0,tabpfn,2.741806156336679e-06,0
entity_0676,entity_0675,1,tabpfn,0.9990391731262207,1
entity_0746,entity_0938,0,tabpfn,1.430509428246296e-06,0
entity_0011,entity_0012,1,tabpfn,0.9854793548583984,1
entity_0406,entity_0335,0,tabpfn,1.0490307431609835e-05,0
entity_0283,entity_0445,0,tabpfn,9.596255949873012e-06,0
entity_0817,entity_0818,1,tabpfn,0.9975490570068359,1
entity_0473,entity_0477,1,tabpfn,0.998507559299469,1
entity_0035,entity_0902,0,tabpfn,2.1457626644405536e-06,0
entity_0100,entity_0092,1,tabpfn,0.9709401726722717,1
entity_0117,entity_0479,0,tabpfn,5.722013156628236e-06,0
entity_0323,entity_0678,0,tabpfn,1.728531856315385e-06,0
entity_0619,entity_0987,0,tabpfn,3.159036396027659e-06,0
entity_0293,entity_0292,1,tabpfn,0.9987285137176514,1
entity_0329,entity_0550,0,tabpfn,4.231911589158699e-06,0
entity_0061,entity_0069,1,tabpfn,0.93798828125,1
entity_0588,entity_0002,0,tabpfn,1.0967134585371241e-05,0
entity_0165,entity_0167,1,tabpfn,0.9971197843551636,1
entity_0415,entity_0420,1,tabpfn,0.9932625889778137,1
entity_0775,entity_0957,0,tabpfn,1.7881361600302625e-06,0
entity_0575,entity_0742,0,tabpfn,3.8146827137097716e-06,0
entity_0913,entity_0914,1,tabpfn,0.9947566986083984,1
entity_0940,entity_0939,1,tabpfn,0.9934255480766296,1
entity_0410,entity_0998,0,tabpfn,3.874287358485162e-06,0
entity_0949,entity_0282,0,tabpfn,2.384180106673739e-06,0
entity_0887,entity_0537,0,tabpfn,3.099431978625944e-06,0
entity_0042,entity_0618,0,tabpfn,2.9206191811681492e-06,0
entity_0673,entity_0598,0,tabpfn,2.443784524075454e-06,0
entity_0455,entity_0118,0,tabpfn,3.8146827137097716e-06,0
entity_0093,entity_0388,0,tabpfn,2.622597548906924e-06,0
entity_0101,entity_0103,1,tabpfn,0.998014509677887,1
entity_0114,entity_0151,0,tabpfn,0.00024372358166147023,0
entity_0909,entity_0904,1,tabpfn,0.973915159702301,1
entity_0686,entity_0683,1,tabpfn,0.998557984828949,1
entity_0068,entity_0424,0,tabpfn,2.980223371196189e-06,0
entity_0276,entity_0254,0,tabpfn,0.0024090593215078115,0
entity_0979,entity_0858,0,tabpfn,7.510128853027709e-06,0
entity_0493,entity_0491,1,tabpfn,0.9985808730125427,1
entity_0129,entity_0072,0,tabpfn,1.186118333862396e-05,0
entity_0107,entity_0178,0,tabpfn,1.3649278116645291e-05,0
entity_0843,entity_0096,0,tabpfn,2.503388714103494e-06,0
entity_0292,entity_0296,1,tabpfn,0.9978508353233337,1
entity_0539,entity_0650,0,tabpfn,4.529932539298898e-06,0
entity_0505,entity_0986,0,tabpfn,2.9206191811681492e-06,0
entity_0930,entity_0922,1,tabpfn,0.8068376183509827,1
entity_0666,entity_0250,0,tabpfn,2.980223371196189e-06,0
entity_0027,entity_0420,0,tabpfn,8.940616680774838e-06,0
entity_0124,entity_0468,0,tabpfn,3.5166615361958975e-06,0
entity_0411,entity_0420,1,tabpfn,0.7838926315307617,1
entity_0813,entity_0204,0,tabpfn,2.1457626644405536e-06,0
entity_0643,entity_0776,0,tabpfn,1.0311498044757172e-05,0
entity_0043,entity_0047,1,tabpfn,0.9852764010429382,1
entity_0775,entity_0762,0,tabpfn,0.091796875,0
entity_0492,entity_0498,1,tabpfn,0.9956016540527344,1
entity_0216,entity_0078,0,tabpfn,2.5629929041315336e-06,0
entity_0029,entity_0030,1,tabpfn,0.9921988844871521,1
entity_0601,entity_0435,0,tabpfn,6.13924021308776e-06,0
entity_0401,entity_0408,1,tabpfn,0.9794623255729675,1
entity_0695,entity_0664,0,tabpfn,8.808790153125301e-05,0
entity_0782,entity_0473,0,tabpfn,2.443784524075454e-06,0
entity_0248,entity_0245,1,tabpfn,0.9946137070655823,1
entity_0013,entity_0019,1,tabpfn,0.96826171875,1
entity_0345,entity_0348,1,tabpfn,0.9985904097557068,1
entity_0996,entity_0991,1,tabpfn,0.9950526356697083,1
entity_0768,entity_0766,1,tabpfn,0.9955713152885437,1
entity_0367,entity_0370,1,tabpfn,0.997599720954895,1
entity_0340,entity_0894,0,tabpfn,1.1920915312657598e-06,0
entity_0850,entity_0841,1,tabpfn,0.9811816215515137,1
entity_0009,entity_0003,1,tabpfn,0.9770656824111938,1
entity_0567,entity_0566,1,tabpfn,0.9991554021835327,1
entity_0888,entity_0023,0,tabpfn,3.5166615361958975e-06,0
entity_0072,entity_0076,1,tabpfn,0.9959037899971008,1
entity_0078,entity_0884,0,tabpfn,2.1457626644405536e-06,0
entity_0248,entity_0565,0,tabpfn,3.3974533835134935e-06,0
entity_0683,entity_0462,0,tabpfn,3.3378489661117783e-06,0
entity_0804,entity_0802,1,tabpfn,0.9961469769477844,1
entity_0197,entity_0093,0,tabpfn,4.410724159242818e-06,0
entity_0303,entity_0689,0,tabpfn,1.072882469088654e-06,0
entity_0352,entity_0204,0,tabpfn,2.801410346364719e-06,0
entity_0712,entity_0159,0,tabpfn,2.3245756892720237e-06,0
entity_0358,entity_0620,0,tabpfn,3.5762659535976127e-06,0
entity_0686,entity_0240,0,tabpfn,2.6822019663086394e-06,0
entity_0162,entity_0167,1,tabpfn,0.9971045255661011,1
entity_0988,entity_0984,1,tabpfn,0.9969276785850525,1
entity_0069,entity_0070,1,tabpfn,0.9943909645080566,1
entity_0759,entity_0726,0,tabpfn,5.364130265661515e-05,0
entity_0186,entity_0373,0,tabpfn,3.695474333653692e-06,0
entity_0800,entity_0793,1,tabpfn,0.9690904021263123,1
entity_1000,entity_0915,0,tabpfn,0.00012396229431033134,0
entity_0713,entity_0557,0,tabpfn,2.384180106673739e-06,0
entity_0605,entity_0236,0,tabpfn,2.086158019665163e-06,0
entity_0935,entity_0937,1,tabpfn,0.9965078830718994,1
entity_0574,entity_0576,1,tabpfn,0.9965401887893677,1
entity_0203,entity_0204,1,tabpfn,0.9940799474716187,1
entity_0786,entity_0783,1,tabpfn,0.9925093054771423,1
entity_0453,entity_0460,1,tabpfn,0.9970551133155823,1
entity_0617,entity_0145,0,tabpfn,4.11270366384997e-06,0
entity_0657,entity_0993,0,tabpfn,2.384180106673739e-06,0
entity_0822,entity_0381,0,tabpfn,1.430509428246296e-06,0
entity_0412,entity_0420,1,tabpfn,0.9304937124252319,1
entity_0915,entity_0920,1,tabpfn,0.9855470657348633,1
entity_0272,entity_0107,0,tabpfn,2.443784524075454e-06,0
entity_0588,entity_0583,1,tabpfn,0.9900984168052673,1
entity_0575,entity_0096,0,tabpfn,3.933891093765851e-06,0
entity_0362,entity_0908,0,tabpfn,1.490113959334849e-06,0
entity_0908,entity_0903,1,tabpfn,0.9753208756446838,1
entity_0700,entity_0698,1,tabpfn,0.9958581924438477,1
entity_0897,entity_0896,1,tabpfn,0.9965364336967468,1
entity_0268,entity_0979,0,tabpfn,2.443784524075454e-06,0
entity_0364,entity_0366,1,tabpfn,0.9978870153427124,1
entity_0734,entity_0740,1,tabpfn,0.9904384016990662,1
entity_0273,entity_0548,0,tabpfn,3.5762659535976127e-06,0
entity_0373,entity_0810,0,tabpfn,8.344643447344424e-07,0
entity_0351,entity_0359,1,tabpfn,0.9138951897621155,1
entity_0855,entity_0857,1,tabpfn,0.9987084865570068,1
entity_0582,entity_0586,1,tabpfn,0.9955371022224426,1
entity_0864,entity_0028,0,tabpfn,2.861014763766434e-06,0
entity_0624,entity_0623,1,tabpfn,0.9989491105079651,1
entity_0755,entity_0792,0,tabpfn,4.631066622096114e-05,0
entity_0630,entity_0621,1,tabpfn,0.9289944171905518,1
entity_0906,entity_0909,1,tabpfn,0.9944657683372498,1
entity_0718,entity_0726,0,tabpfn,0.938936173915863,1
entity_0028,entity_0027,1,tabpfn,0.9944278597831726,1
entity_0295,entity_0293,1,tabpfn,0.9984113574028015,1
entity_0273,entity_0278,1,tabpfn,0.9964434504508972,1
entity_0445,entity_0448,1,tabpfn,0.9990367889404297,1
entity_0177,entity_0924,0,tabpfn,2.0265538296371233e-06,0
entity_0537,entity_0727,0,tabpfn,6.4968644437612966e-06,0
entity_0617,entity_0222,0,tabpfn,2.086158019665163e-06,0
entity_0173,entity_0175,1,tabpfn,0.9967623353004456,1
entity_0873,entity_0367,0,tabpfn,1.907344994833693e-06,0
entity_0486,entity_0485,1,tabpfn,0.9988662600517273,1
entity_0368,entity_0369,1,tabpfn,0.997480571269989,1
entity_0356,entity_0357,1,tabpfn,0.9979441165924072,1
entity_0506,entity_0125,0,tabpfn,3.2186403586820234e-06,0
entity_0768,entity_0556,0,tabpfn,1.9669496396090835e-06,0
entity_0122,entity_0312,0,tabpfn,3.099431978625944e-06,0
entity_0929,entity_0122,0,tabpfn,2.861014763766434e-06,0
entity_0457,entity_0857,0,tabpfn,9.536734069115482e-07,0
entity_0266,entity_0018,0,tabpfn,3.278244548710063e-06,0
entity_0737,entity_0665,0,tabpfn,8.940616680774838e-06,0
entity_0146,entity_0147,1,tabpfn,0.99609375,1
entity_0976,entity_0980,1,tabpfn,0.9950488805770874,1
entity_0396,entity_0991,0,tabpfn,5.245181455393322e-06,0
entity_0363,entity_0370,1,tabpfn,0.99128657579422,1
entity_0650,entity_0648,1,tabpfn,0.9993227124214172,1
entity_0830,entity_0947,0,tabpfn,3.099431978625944e-06,0
entity_0069,entity_0726,0,tabpfn,2.443784524075454e-06,0
entity_0360,entity_0353,1,tabpfn,0.991684079170227,1
entity_0339,entity_0104,0,tabpfn,2.622597548906924e-06,0
entity_0639,entity_0561,0,tabpfn,3.695474333653692e-06,0
entity_0755,entity_0754,1,tabpfn,0.9968592524528503,1
entity_0425,entity_0120,0,tabpfn,1.907344994833693e-06,0
entity_0773,entity_0780,1,tabpfn,0.9198657274246216,1
entity_0769,entity_0766,1,tabpfn,0.9932398200035095,1
entity_0533,entity_0572,0,tabpfn,6.550121179316193e-05,0
entity_0872,entity_0016,0,tabpfn,3.933891093765851e-06,0
entity_0898,entity_0860,0,tabpfn,0.00010936255421256647,0
entity_0004,entity_0708,0,tabpfn,4.708744654635666e-06,0
entity_0204,entity_0201,1,tabpfn,0.9908133745193481,1
entity_0550,entity_0592,0,tabpfn,7.867751264711842e-06,0
entity_0967,entity_0963,1,tabpfn,0.9846153855323792,1
entity_0659,entity_0655,1,tabpfn,0.9975624084472656,1
entity_0151,entity_0382,0,tabpfn,4.589536729326937e-06,0
entity_0232,entity_0702,0,tabpfn,1.907344994833693e-06,0
entity_0180,entity_0255,0,tabpfn,3.874287358485162e-06,0
entity_0320,entity_0313,1,tabpfn,0.9941785335540771,1
entity_0585,entity_0992,0,tabpfn,3.08146518364083e-05,0
entity_0558,entity_0679,0,tabpfn,3.933891093765851e-06,0
entity_0965,entity_0961,1,tabpfn,0.996141254901886,1
entity_0053,entity_0057,1,tabpfn,0.9877477288246155,1
entity_0710,entity_0703,1,tabpfn,0.9886186718940735,1
entity_0792,entity_0799,1,tabpfn,0.90771484375,1
entity_0596,entity_0091,0,tabpfn,2.205367081842269e-06,0
entity_0356,entity_0353,1,tabpfn,0.99712735414505,1
entity_0137,entity_0132,1,tabpfn,0.9950070977210999,1
entity_0999,entity_0998,1,tabpfn,0.9992035627365112,1
entity_0882,entity_0184,0,tabpfn,2.384180106673739e-06,0
entity_0646,entity_0643,1,tabpfn,0.9989767670631409,1
entity_0229,entity_0225,1,tabpfn,0.9906772971153259,1
entity_0168,entity_0841,0,tabpfn,1.430509428246296e-06,0
entity_0818,entity_0815,1,tabpfn,0.9977450966835022,1
entity_0049,entity_0607,0,tabpfn,4.649140464607626e-06,0
entity_0615,entity_0226,0,tabpfn,3.4570573461678578e-06,0
entity_0446,entity_0449,1,tabpfn,0.9991816282272339,1
entity_0310,entity_0303,1,tabpfn,0.9913924932479858,1
entity_0505,entity_0504,1,tabpfn,0.9981991648674011,1
entity_0956,entity_0603,0,tabpfn,2.384180106673739e-06,0
entity_0236,entity_0235,1,tabpfn,0.9959455728530884,1
entity_0364,entity_0361,1,tabpfn,0.9971711039543152,1
entity_0166,entity_0163,1,tabpfn,0.9938343167304993,1
entity_0743,entity_0742,1,tabpfn,0.9967585206031799,1
entity_0181,entity_0185,1,tabpfn,0.9966409802436829,1
entity_0876,entity_0411,0,tabpfn,2.2649712718703086e-06,0
entity_0828,entity_0827,1,tabpfn,0.9980202317237854,1
entity_0812,entity_0482,0,tabpfn,2.2649712718703086e-06,0
entity_0389,entity_0955,0,tabpfn,1.549718376736564e-06,0
entity_0953,entity_0952,1,tabpfn,0.9974977374076843,1
entity_0046,entity_0169,0,tabpfn,2.5629929041315336e-06,0
entity_0195,entity_0193,1,tabpfn,0.9924827218055725,1
entity_0437,entity_0268,0,tabpfn,3.2186403586820234e-06,0
entity_0714,entity_0712,1,tabpfn,0.9970265626907349,1
entity_0999,entity_0744,0,tabpfn,2.622597548906924e-06,0
entity_0225,entity_0048,0,tabpfn,2.741806156336679e-06,0
entity_0744,entity_0689,0,tabpfn,1.877511022030376e-05,0
entity_0661,entity_0667,1,tabpfn,0.9928762316703796,1
entity_0763,entity_0622,0,tabpfn,2.980223371196189e-06,0
entity_0750,entity_0742,1,tabpfn,0.9840596914291382,1
entity_0028,entity_0025,1,tabpfn,0.9876648783683777,1
entity_0259,entity_0258,1,tabpfn,0.9961241483688354,1
entity_0195,entity_0076,0,tabpfn,3.159036396027659e-06,0
entity_0378,entity_0984,0,tabpfn,3.159036396027659e-06,0
entity_0982,entity_0983,1,tabpfn,0.9963731169700623,1
entity_0190,entity_0193,0,tabpfn,0.9960025548934937,1
entity_0492,entity_0494,1,tabpfn,0.9984094500541687,1
entity_0210,entity_0887,0,tabpfn,1.9669496396090835e-06,0
entity_0401,entity_0410,1,tabpfn,0.684891402721405,1
entity_0831,entity_0703,0,tabpfn,1.1920915312657598e-06,0
entity_0181,entity_0183,1,tabpfn,0.9957194328308105,1
entity_0443,entity_0468,0,tabpfn,8.183048339560628e-05,0
entity_0621,entity_0627,1,tabpfn,0.9906244277954102,1
entity_0356,entity_0359,1,tabpfn,0.9975433945655823,1
entity_0138,entity_0321,0,tabpfn,2.5629929041315336e-06,0
entity_0736,entity_0225,0,tabpfn,2.384180106673739e-06,0
entity_0971,entity_0980,1,tabpfn,0.9476093053817749,1
entity_0718,entity_0715,1,tabpfn,0.9972700476646423,1
entity_0499,entity_0441,0,tabpfn,1.1384357094357256e-05,0
entity_0318,entity_0315,1,tabpfn,0.9986475110054016,1
entity_0272,entity_0275,1,tabpfn,0.9974920153617859,1
entity_0530,entity_0457,0,tabpfn,1.3887690329283942e-05,0
entity_0262,entity_0266,1,tabpfn,0.9969942569732666,1
entity_0125,entity_0127,1,tabpfn,0.9984228014945984,1
entity_0934,entity_0936,1,tabpfn,0.9924752116203308,1
entity_0398,entity_0742,0,tabpfn,8.940688189795765e-07,0
entity_0088,entity_0081,1,tabpfn,0.9801449775695801,1
entity_0693,entity_0698,1,tabpfn,0.9950222969055176,1
entity_0314,entity_0384,0,tabpfn,5.3047856454213616e-06,0
entity_0960,entity_0958,1,tabpfn,0.9948186278343201,1
entity_0637,entity_0513,0,tabpfn,5.36438938070205e-06,0
entity_0957,entity_0955,1,tabpfn,0.997150182723999,1
entity_0817,entity_0739,0,tabpfn,2.980223371196189e-06,0
entity_0205,entity_0282,0,tabpfn,8.523391443304718e-06,0
entity_0231,entity_0200,0,tabpfn,0.001558158197440207,0
entity_0776,entity_0780,1,tabpfn,0.9874477982521057,1
entity_0610,entity_0602,1,tabpfn,0.933276355266571,1
entity_0686,entity_0684,1,tabpfn,0.998763382434845,1
entity_0456,entity_0458,1,tabpfn,0.9992526173591614,1
entity_0837,entity_0357,0,tabpfn,1.9669496396090835e-06,0
entity_0152,entity_0155,1,tabpfn,0.9969600439071655,1
entity_0557,entity_0164,0,tabpfn,3.159036396027659e-06,0
entity_0733,entity_0736,1,tabpfn,0.9961982369422913,1
entity_0922,entity_0680,0,tabpfn,1.2516960623543127e-06,0
entity_0248,entity_0176,0,tabpfn,9.298238182964269e-06,0
entity_0618,entity_0412,0,tabpfn,5.602805231319508e-06,0
entity_0438,entity_0302,0,tabpfn,4.17230785387801e-06,0
entity_0579,entity_0577,1,tabpfn,0.9976613521575928,1
entity_0238,entity_0004,0,tabpfn,1.4662527973996475e-05,0
entity_0779,entity_0772,1,tabpfn,0.936206579208374,1
entity_0464,entity_0328,0,tabpfn,7.152506441343576e-06,0
entity_0772,entity_0773,1,tabpfn,0.994550347328186,1
entity_0546,entity_0416,0,tabpfn,7.152506441343576e-06,0
entity_0299,entity_0297,1,tabpfn,0.9983780384063721,1
entity_0342,entity_0655,0,tabpfn,2.443784524075454e-06,0
entity_0711,entity_0713,1,tabpfn,0.9954004287719727,1
entity_0053,entity_0675,0,tabpfn,2.1457626644405536e-06,0
entity_0967,entity_0932,0,tabpfn,0.00018807688320521265,0
entity_0394,entity_0531,0,tabpfn,9.417444744030945e-06,0
entity_0028,entity_0022,1,tabpfn,0.9769911766052246,1
entity_0689,entity_0751,0,tabpfn,5.602805231319508e-06,0
entity_0166,entity_0813,0,tabpfn,2.443784524075454e-06,0
entity_0013,entity_0017,1,tabpfn,0.9692234992980957,1
entity_0353,entity_0932,0,tabpfn,2.622597548906924e-06,0
entity_0474,entity_0476,1,tabpfn,0.9988176822662354,1
entity_0370,entity_0740,0,tabpfn,2.861014763766434e-06,0
entity_0161,entity_0112,0,tabpfn,3.862231824314222e-05,0
entity_0889,entity_0890,1,tabpfn,0.9965420961380005,1
entity_0584,entity_0590,1,tabpfn,0.9788545370101929,1
entity_0946,entity_0948,1,tabpfn,0.9976937174797058,1
entity_0805,entity_0802,1,tabpfn,0.9961051344871521,1
entity_0094,entity_0899,0,tabpfn,2.384180106673739e-06,0
entity_0951,entity_0542,0,tabpfn,1.907344994833693e-06,0
entity_0243,entity_0250,1,tabpfn,0.9782618880271912,1
entity_0704,entity_0707,1,tabpfn,0.9966961145401001,1
entity_0236,entity_0362,0,tabpfn,4.529932539298898e-06,0
entity_0649,entity_0112,0,tabpfn,2.861014763766434e-06,0
entity_0348,entity_0346,1,tabpfn,0.9984456300735474,1
entity_0409,entity_0410,1,tabpfn,0.9975053071975708,1
entity_0682,entity_0688,1,tabpfn,0.994231641292572,1
entity_0917,entity_0567,0,tabpfn,2.086158019665163e-06,0
entity_0083,entity_0653,0,tabpfn,2.980223371196189e-06,0
entity_0348,entity_0241,0,tabpfn,3.635870370999328e-06,0
entity_0348,entity_0883,0,tabpfn,1.1920915312657598e-06,0
entity_0641,entity_0455,0,tabpfn,3.5762659535976127e-06,0
entity_0632,entity_0631,1,tabpfn,0.9991344213485718,1
entity_0460,entity_0456,1,tabpfn,0.9969030022621155,1
entity_0869,entity_0618,0,tabpfn,1.907344994833693e-06,0
entity_0597,entity_0731,0,tabpfn,3.4570573461678578e-06,0
entity_0220,entity_0216,1,tabpfn,0.9931337833404541,1
entity_0763,entity_0203,0,tabpfn,2.622597548906924e-06,0
entity_0908,entity_0427,0,tabpfn,1.6689273252268322e-06,0
entity_0169,entity_0161,1,tabpfn,0.9589258432388306,1
entity_0292,entity_0298,1,tabpfn,0.9943264722824097,1
entity_0828,entity_0822,1,tabpfn,0.9958392381668091,1
entity_0171,entity_0996,0,tabpfn,1.9132725356030278e-05,0
entity_0869,entity_0991,0,tabpfn,7.390921382466331e-06,0
entity_0572,entity_0555,0,tabpfn,0.04431693255901337,0
entity_0787,entity_0790,1,tabpfn,0.9899926781654358,1
entity_0689,entity_0688,1,tabpfn,0.9981182813644409,1
entity_0699,entity_0327,0,tabpfn,3.4570573461678578e-06,0
entity_0861,entity_0862,1,tabpfn,0.9980126023292542,1
entity_0018,entity_0013,1,tabpfn,0.9758657217025757,1
entity_0700,entity_0696,1,tabpfn,0.9981972575187683,1
entity_0952,entity_0959,1,tabpfn,0.97802734375,1
entity_0652,entity_0077,0,tabpfn,3.4570573461678578e-06,0
entity_0752,entity_0932,0,tabpfn,1.430509428246296e-06,0
entity_0626,entity_0482,0,tabpfn,4.768348844663706e-06,0
entity_0378,entity_0289,0,tabpfn,4.589536729326937e-06,0
entity_0862,entity_0035,0,tabpfn,2.3245756892720237e-06,0
entity_0042,entity_0044,1,tabpfn,0.9918278455734253,1
entity_0796,entity_0798,1,tabpfn,0.9950109124183655,1
entity_0167,entity_0163,1,tabpfn,0.9943644404411316,1
entity_0301,entity_0451,0,tabpfn,5.006765150028514e-06,0
entity_0763,entity_0872,0,tabpfn,2.086158019665163e-06,0
entity_0380,entity_0527,0,tabpfn,6.735279839631403e-06,0
entity_0757,entity_0751,1,tabpfn,0.97833651304245,1
entity_0663,entity_0410,0,tabpfn,2.503388714103494e-06,0
entity_0400,entity_0399,1,tabpfn,0.9981963038444519,1
entity_0366,entity_0362,1,tabpfn,0.9976061582565308,1
entity_0480,entity_0479,1,tabpfn,0.9985722899436951,1
entity_0638,entity_0637,1,tabpfn,0.9993460178375244,1
entity_0936,entity_0938,1,tabpfn,0.9966105222702026,1
entity_0918,entity_0383,0,tabpfn,1.9669496396090835e-06,0
entity_0220,entity_0213,1,tabpfn,0.9601953625679016,1
entity_0086,entity_0084,1,tabpfn,0.994841456413269,1
entity_0581,entity_0632,0,tabpfn,7.271713911904953e-06,0
entity_0176,entity_0934,0,tabpfn,2.0265538296371233e-06,0
entity_0047,entity_0042,1,tabpfn,0.9884905219078064,1
entity_0542,entity_0548,1,tabpfn,0.994205117225647,1
entity_0930,entity_0831,0,tabpfn,1.907344994833693e-06,0
entity_0351,entity_0360,1,tabpfn,0.9561130404472351,1
entity_0141,entity_0145,1,tabpfn,0.9960063695907593,1
entity_0289,entity_0140,0,tabpfn,3.2186403586820234e-06,0
entity_0125,entity_0126,1,tabpfn,0.9971197843551636,1
entity_0910,entity_0546,0,tabpfn,2.3245756892720237e-06,0
entity_0339,entity_0338,1,tabpfn,0.9988691210746765,1
entity_0569,entity_0788,0,tabpfn,1.9669496396090835e-06,0
entity_0828,entity_0919,0,tabpfn,2.1457626644405536e-06,0
entity_0556,entity_0962,0,tabpfn,9.894272807287052e-06,0
entity_0832,entity_0836,1,tabpfn,0.9971939325332642,1
entity_0359,entity_0731,0,tabpfn,1.549718376736564e-06,0
entity_0012,entity_0018,1,tabpfn,0.9217062592506409,1
entity_0846,entity_0845,1,tabpfn,0.9983353614807129,1
entity_0210,entity_0207,1,tabpfn,0.9929481744766235,1
entity_0826,entity_0956,0,tabpfn,2.801410346364719e-06,0
entity_0648,entity_0649,1,tabpfn,0.9982818961143494,1
entity_0098,entity_0095,1,tabpfn,0.9947882890701294,1
entity_0921,entity_0922,1,tabpfn,0.9955826997756958,1
entity_0064,entity_0157,0,tabpfn,9.23863444768358e-06,0
entity_0330,entity_0388,0,tabpfn,1.4185704458213877e-05,0
entity_0254,entity_0257,1,tabpfn,0.996769905090332,1
entity_0225,entity_0474,0,tabpfn,3.8146827137097716e-06,0
entity_0905,entity_0906,1,tabpfn,0.9950222969055176,1
entity_0821,entity_0828,1,tabpfn,0.9886735081672668,1
entity_0613,entity_0612,1,tabpfn,0.998768150806427,1
entity_0006,entity_0046,0,tabpfn,0.000497336674015969,0
entity_0390,entity_0773,0,tabpfn,9.536734069115482e-07,0
entity_0296,entity_0299,1,tabpfn,0.9983363151550293,1
entity_0081,entity_0087,1,tabpfn,0.9949957132339478,1
entity_0508,entity_0507,1,tabpfn,0.9986141920089722,1
entity_0755,entity_0871,0,tabpfn,4.17230785387801e-06,0
entity_0565,entity_0329,0,tabpfn,2.622597548906924e-06,0
entity_0273,entity_0592,0,tabpfn,2.741806156336679e-06,0
entity_0406,entity_0987,0,tabpfn,4.17230785387801e-06,0
entity_0328,entity_0325,1,tabpfn,0.9981058835983276,1
entity_0042,entity_0607,0,tabpfn,5.36438938070205e-06,0
entity_0316,entity_0318,1,tabpfn,0.998557984828949,1
entity_0834,entity_0929,0,tabpfn,2.503388714103494e-06,0
entity_0152,entity_0160,1,tabpfn,0.9861927032470703,1
entity_0370,entity_0927,0,tabpfn,1.430509428246296e-06,0
entity_0997,entity_0806,0,tabpfn,6.424968159990385e-05,0
entity_0363,entity_0278,0,tabpfn,5.483597306010779e-06,0
entity_0640,entity_0092,0,tabpfn,2.622597548906924e-06,0
entity_0349,entity_0801,0,tabpfn,9.536734069115482e-07,0
entity_0522,entity_0527,1,tabpfn,0.9969714283943176,1
entity_0217,entity_0195,0,tabpfn,0.001371511840261519,0
entity_0610,entity_0718,0,tabpfn,2.801410346364719e-06,0
entity_0207,entity_0205,1,tabpfn,0.9964128732681274,1
entity_0879,entity_0210,0,tabpfn,2.086158019665163e-06,0
entity_0777,entity_0775,1,tabpfn,0.9938646554946899,1
entity_0230,entity_0226,1,tabpfn,0.9874553680419922,1
entity_0158,entity_0157,1,tabpfn,0.9966086149215698,1
entity_0438,entity_0808,0,tabpfn,9.536734069115482e-07,0
entity_0919,entity_0912,1,tabpfn,0.9879587888717651,1
entity_0099,entity_0096,1,tabpfn,0.9945048093795776,1
entity_0325,entity_0857,0,tabpfn,2.086158019665163e-06,0
entity_0492,entity_0497,1,tabpfn,0.9967740774154663,1
entity_0783,entity_0789,1,tabpfn,0.9538977742195129,1
entity_0764,entity_0767,1,tabpfn,0.9950374960899353,1
entity_0044,entity_0529,0,tabpfn,7.808146619936451e-06,0
entity_0017,entity_0749,0,tabpfn,2.980223371196189e-06,0
entity_0709,entity_0704,1,tabpfn,0.9940230846405029,1
entity_0466,entity_0467,1,tabpfn,0.9992035627365112,1
entity_0239,entity_0234,1,tabpfn,0.9809121489524841,1
entity_0169,entity_0170,1,tabpfn,0.9958847761154175,1
entity_0686,entity_0597,0,tabpfn,2.2649712718703086e-06,0
entity_0990,entity_0984,1,tabpfn,0.996477484703064,1
entity_0155,entity_0156,1,tabpfn,0.9979764223098755,1
entity_0087,entity_0252,0,tabpfn,3.874287358485162e-06,0
entity_0443,entity_0448,1,tabpfn,0.9931526780128479,1
entity_0650,entity_0642,1,tabpfn,0.9691643118858337,1
entity_0097,entity_0091,1,tabpfn,0.9837286472320557,1
entity_0586,entity_0588,1,tabpfn,0.9969353079795837,1
entity_0809,entity_0810,1,tabpfn,0.9968288540840149,1
entity_0749,entity_0769,0,tabpfn,0.004069614224135876,0
entity_0173,entity_0642,0,tabpfn,1.84774046374514e-06,0
entity_0733,entity_0734,1,tabpfn,0.9963406920433044,1
entity_0201,entity_0062,0,tabpfn,2.9206191811681492e-06,0
entity_0743,entity_0747,1,tabpfn,0.9946213364601135,1
entity_0381,entity_0383,1,tabpfn,0.9977271556854248,1
entity_0264,entity_0861,0,tabpfn,2.503388714103494e-06,0
entity_0767,entity_0762,1,tabpfn,0.992774248123169,1
entity_0059,entity_0413,0,tabpfn,2.980223371196189e-06,0
entity_0453,entity_0457,1,tabpfn,0.9991673231124878,1
entity_0819,entity_0001,0,tabpfn,7.98695873527322e-06,0
entity_0934,entity_0716,0,tabpfn,1.1324868864903692e-06,0
entity_0167,entity_0049,0,tabpfn,5.006765150028514e-06,0
entity_0446,entity_0215,0,tabpfn,2.205367081842269e-06,0
entity_0064,entity_0426,0,tabpfn,4.947160960000474e-06,0
entity_0013,entity_0012,1,tabpfn,0.984743058681488,1
entity_0595,entity_0599,1,tabpfn,0.994905948638916,1
entity_0142,entity_0141,1,tabpfn,0.9976004362106323,1
entity_0653,entity_0277,0,tabpfn,3.3974533835134935e-06,0
entity_0132,entity_0956,0,tabpfn,3.3378489661117783e-06,0
entity_0365,entity_0563,0,tabpfn,3.2186403586820234e-06,0
entity_0888,entity_0889,1,tabpfn,0.9971064329147339,1
entity_0657,entity_0660,1,tabpfn,0.9977766275405884,1
entity_0344,entity_0350,1,tabpfn,0.9957442879676819,1
entity_0672,entity_0676,1,tabpfn,0.9967375993728638,1
entity_0352,entity_0354,1,tabpfn,0.997714638710022,1
entity_0199,entity_0197,1,tabpfn,0.9929181933403015,1
entity_0291,entity_0838,0,tabpfn,1.7881361600302625e-06,0
entity_0598,entity_0597,1,tabpfn,0.9974197149276733,1
entity_0227,entity_0225,1,tabpfn,0.9932398200035095,1
entity_0380,entity_0375,1,tabpfn,0.995483934879303,1
entity_0955,entity_0062,0,tabpfn,2.2649712718703086e-06,0
entity_0886,entity_0908,0,tabpfn,0.0015353072667494416,0
entity_0643,entity_0155,0,tabpfn,2.384180106673739e-06,0
entity_0094,entity_0095,1,tabpfn,0.9978755712509155,1
entity_0132,entity_0134,1,tabpfn,0.9972262978553772,1
entity_0989,entity_0868,0,tabpfn,6.5564677242946345e-06,0
entity_0912,entity_0941,0,tabpfn,0.00024622573982924223,0
entity_0412,entity_0413,1,tabpfn,0.9973480701446533,1
entity_0285,entity_0508,0,tabpfn,4.17230785387801e-06,0
entity_0062,entity_0065,1,tabpfn,0.9918127059936523,1
entity_0403,entity_0404,1,tabpfn,0.9979821443557739,1
entity_0718,entity_0719,1,tabpfn,0.9964413642883301,1
entity_0887,entity_0888,1,tabpfn,0.9963293671607971,1
entity_0746,entity_0696,0,tabpfn,3.510590613586828e-05,0
entity_0002,entity_0143,0,tabpfn,1.245721614395734e-05,0
entity_0626,entity_0630,1,tabpfn,0.9966162443161011,1
entity_0557,entity_0558,1,tabpfn,0.9989576935768127,1
entity_0662,entity_0964,0,tabpfn,1.1324868864903692e-06,0
entity_0659,entity_0599,0,tabpfn,8.225373676395975e-06,0
entity_0248,entity_0243,1,tabpfn,0.9895347356796265,1
entity_0147,entity_0150,1,tabpfn,0.9981706142425537,1
entity_0914,entity_0077,0,tabpfn,2.205367081842269e-06,0
entity_0475,entity_0471,1,tabpfn,0.9965003132820129,1
entity_0418,entity_0145,0,tabpfn,1.6689273252268322e-06,0
entity_0888,entity_0619,0,tabpfn,1.311300479756028e-06,0
entity_0240,entity_0234,1,tabpfn,0.9859225749969482,1
entity_0714,entity_0034,0,tabpfn,3.8146827137097716e-06,0
entity_0395,entity_0063,0,tabpfn,4.2915162339340895e-06,0
entity_0975,entity_0973,1,tabpfn,0.9956320524215698,1
entity_0323,entity_0324,1,tabpfn,0.9986323118209839,1
entity_0597,entity_0042,0,tabpfn,2.5629929041315336e-06,0
entity_0376,entity_0004,0,tabpfn,7.569732133561047e-06,0
entity_0849,entity_0484,0,tabpfn,2.503388714103494e-06,0
entity_0141,entity_0049,0,tabpfn,5.602805231319508e-06,0
entity_0834,entity_0836,1,tabpfn,0.9984228014945984,1
entity_0601,entity_0608,1,tabpfn,0.964873194694519,1
entity_0061,entity_0602,0,tabpfn,3.2186403586820234e-06,0
entity_0519,entity_0513,1,tabpfn,0.9958126544952393,1
entity_0613,entity_0295,0,tabpfn,2.443784524075454e-06,0
entity_0982,entity_0990,1,tabpfn,0.9880475401878357,1
entity_0479,entity_0730,0,tabpfn,2.384180106673739e-06,0
entity_0624,entity_0626,1,tabpfn,0.9983963370323181,1
entity_0292,entity_0688,0,tabpfn,2.1457626644405536e-06,0
entity_0903,entity_0901,1,tabpfn,0.9960101842880249,1
entity_0415,entity_0414,1,tabpfn,0.998308539390564,1
entity_0716,entity_0714,1,tabpfn,0.9977842569351196,1
entity_0558,entity_0341,0,tabpfn,4.11270366384997e-06,0
entity_0046,entity_0565,0,tabpfn,1.925192918861285e-05,0
entity_0106,entity_0169,0,tabpfn,1.9311532014398836e-05,0
entity_0532,entity_0534,1,tabpfn,0.9991558790206909,1
entity_0113,entity_0678,0,tabpfn,3.0398275612242287e-06,0
entity_0559,entity_0560,1,tabpfn,0.9993674755096436,1
entity_0231,entity_0786,0,tabpfn,2.384180106673739e-06,0
entity_0906,entity_0728,0,tabpfn,1.2516960623543127e-06,0
entity_0750,entity_0743,1,tabpfn,0.9870185256004333,1
entity_0303,entity_0500,0,tabpfn,4.053099473821931e-06,0
entity_0291,entity_0298,1,tabpfn,0.9933459758758545,1
entity_0424,entity_0421,1,tabpfn,0.998426616191864,1
entity_0719,entity_0712,1,tabpfn,0.9774048328399658,1
entity_0873,entity_0872,1,tabpfn,0.9979669451713562,1
entity_0158,entity_0917,0,tabpfn,2.0265538296371233e-06,0
entity_0280,entity_0812,0,tabpfn,1.6689273252268322e-06,0
entity_0884,entity_0147,0,tabpfn,1.907344994833693e-06,0
entity_0259,entity_0579,0,tabpfn,3.635870370999328e-06,0
entity_0551,entity_0553,1,tabpfn,0.9984827637672424,1
entity_0828,entity_0394,0,tabpfn,2.0265538296371233e-06,0
entity_0894,entity_0008,0,tabpfn,5.125973075337242e-06,0
entity_0564,entity_0989,0,tabpfn,6.5564677242946345e-06,0
entity_0002,entity_0536,0,tabpfn,1.6450610928586684e-05,0
entity_0692,entity_0110,0,tabpfn,3.278244548710063e-06,0
entity_0744,entity_0233,0,tabpfn,3.099431978625944e-06,0
entity_0889,entity_0793,0,tabpfn,5.185576810617931e-06,0
entity_0564,entity_0783,0,tabpfn,2.0265538296371233e-06,0
entity_0316,entity_0791,0,tabpfn,1.9669496396090835e-06,0
entity_0990,entity_0983,1,tabpfn,0.9737516641616821,1
entity_0112,entity_0117,1,tabpfn,0.9968063831329346,1
entity_0062,entity_0375,0,tabpfn,4.17230785387801e-06,0
entity_0588,entity_0800,0,tabpfn,2.0265538296371233e-06,0
entity_0598,entity_0829,0,tabpfn,2.205367081842269e-06,0
entity_0051,entity_0055,1,tabpfn,0.9828201532363892,1
entity_0555,entity_0206,0,tabpfn,1.907344994833693e-06,0
entity_0470,entity_0812,0,tabpfn,1.072882469088654e-06,0
entity_0127,entity_0129,1,tabpfn,0.9972566962242126,1
entity_0184,entity_0352,0,tabpfn,3.4570573461678578e-06,0
entity_0611,entity_0620,1,tabpfn,0.9037534594535828,1
entity_0597,entity_0600,1,tabpfn,0.9963085055351257,1
entity_0393,entity_0395,1,tabpfn,0.9984132647514343,1
entity_0776,entity_0179,0,tabpfn,3.278244548710063e-06,0
entity_0554,entity_0558,1,tabpfn,0.9975338578224182,1
entity_0493,entity_0492,1,tabpfn,0.9988919496536255,1
entity_0298,entity_0663,0,tabpfn,2.384180106673739e-06,0
entity_0654,entity_0657,1,tabpfn,0.9984332919120789,1
entity_0789,entity_0784,1,tabpfn,0.9916538000106812,1
entity_0735,entity_0734,1,tabpfn,0.998046875,1
entity_0309,entity_0306,1,tabpfn,0.9973874092102051,1
entity_0518,entity_0453,0,tabpfn,1.2576420886034612e-05,0
entity_0949,entity_0943,1,tabpfn,0.9708660840988159,1
entity_0995,entity_0193,0,tabpfn,6.914091045473469e-06,0
entity_0390,entity_0384,1,tabpfn,0.9926530718803406,1
entity_0122,entity_0298,0,tabpfn,3.3378489661117783e-06,0
entity_0642,entity_0885,0,tabpfn,1.549718376736564e-06,0
entity_0892,entity_0894,1,tabpfn,0.9958733916282654,1
entity_0938,entity_0931,1,tabpfn,0.991271436214447,1
entity_0291,entity_0502,0,tabpfn,5.722013156628236e-06,0
entity_0480,entity_0407,0,tabpfn,1.2159199286543299e-05,0
entity_0696,entity_0958,0,tabpfn,8.344643447344424e-07,0
entity_0099,entity_0914,0,tabpfn,2.9206191811681492e-06,0
entity_0147,entity_0264,0,tabpfn,3.099431978625944e-06,0
entity_0898,entity_0894,1,tabpfn,0.995018482208252,1
entity_0225,entity_0228,1,tabpfn,0.9962419867515564,1
entity_0958,entity_0315,0,tabpfn,2.503388714103494e-06,0
entity_0767,entity_0842,0,tabpfn,3.4570573461678578e-06,0
entity_0151,entity_0155,1,tabpfn,0.9964016079902649,1
entity_0217,entity_0218,1,tabpfn,0.9941216707229614,1
entity_0393,entity_0903,0,tabpfn,1.430509428246296e-06,0
entity_0165,entity_0844,0,tabpfn,2.384180106673739e-06,0
entity_0067,entity_0394,0,tabpfn,3.933891093765851e-06,0
entity_0432,entity_0367,0,tabpfn,2.819220389937982e-05,0
entity_0252,entity_0594,0,tabpfn,2.2649712718703086e-06,0
entity_0403,entity_0407,1,tabpfn,0.9968459606170654,1
entity_0843,entity_0229,0,tabpfn,2.0265538296371233e-06,0
entity_0219,entity_0215,1,tabpfn,0.9941633939743042,1
entity_0108,entity_0110,1,tabpfn,0.9963483810424805,1
entity_0464,entity_0882,0,tabpfn,1.84774046374514e-06,0
entity_0395,entity_0397,1,tabpfn,0.9983533024787903,1
entity_0216,entity_0657,0,tabpfn,2.205367081842269e-06,0
entity_0266,entity_0080,0,tabpfn,2.503388714103494e-06,0
entity_0683,entity_0706,0,tabpfn,0.0004499131173361093,0
entity_0372,entity_0973,0,tabpfn,1.907344994833693e-06,0
entity_0336,entity_0050,0,tabpfn,2.861014763766434e-06,0
entity_0172,entity_0012,0,tabpfn,4.589536729326937e-06,0
entity_0031,entity_0142,0,tabpfn,3.695474333653692e-06,0
entity_0363,entity_0367,1,tabpfn,0.9948781132698059,1
entity_0209,entity_0203,1,tabpfn,0.9747580885887146,1
entity_0566,entity_0730,0,tabpfn,3.2186403586820234e-06,0
entity_0282,entity_0290,1,tabpfn,0.9890842437744141,1
entity_0207,entity_0424,0,tabpfn,5.36438938070205e-06,0
entity_0817,entity_0783,0,tabpfn,7.807598740328103e-05,0
entity_0757,entity_0168,0,tabpfn,3.3974533835134935e-06,0
entity_0276,entity_0491,0,tabpfn,4.768348844663706e-06,0
entity_0849,entity_0841,1,tabpfn,0.9863958358764648,1
entity_0612,entity_0618,1,tabpfn,0.9866292476654053,1
entity_0340,entity_0335,1,tabpfn,0.9969637989997864,1
entity_0779,entity_0773,1,tabpfn,0.9874628782272339,1
entity_0133,entity_0139,1,tabpfn,0.9973987936973572,1
entity_0902,entity_0070,0,tabpfn,1.907344994833693e-06,0
entity_0258,entity_0254,1,tabpfn,0.9935954809188843,1
entity_0414,entity_0548,0,tabpfn,9.119427886616904e-06,0
entity_0496,entity_0494,1,tabpfn,0.9982010722160339,1
entity_0443,entity_0449,1,tabpfn,0.9973289966583252,1
entity_0743,entity_0744,1,tabpfn,0.9957974553108215,1
entity_0888,entity_0058,0,tabpfn,2.443784524075454e-06,0
entity_0992,entity_0927,0,tabpfn,3.0516646802425385e-05,0
entity_0137,entity_0140,1,tabpfn,0.9957194328308105,1
entity_0386,entity_0381,1,tabpfn,0.9963805675506592,1
entity_0863,entity_0085,0,tabpfn,2.384180106673739e-06,0
entity_0154,entity_0155,1,tabpfn,0.9969657063484192,1
entity_0726,entity_0729,1,tabpfn,0.9959341883659363,1
entity_0478,entity_0474,1,tabpfn,0.997503399848938,1
entity_0070,entity_0417,0,tabpfn,4.410724159242818e-06,0
entity_0136,entity_0920,0,tabpfn,2.980223371196189e-06,0
entity_0374,entity_0375,1,tabpfn,0.9984418153762817,1
entity_0370,entity_0357,0,tabpfn,0.17901159822940826,0
entity_0170,entity_0711,0,tabpfn,1.6689273252268322e-06,0
entity_0977,entity_0442,0,tabpfn,3.99349482904654e-06,0
entity_0007,entity_0897,0,tabpfn,6.4968644437612966e-06,0
entity_0636,entity_0330,0,tabpfn,3.099431978625944e-06,0
entity_0431,entity_0143,0,tabpfn,2.980223371196189e-06,0
entity_0300,entity_0831,0,tabpfn,1.490113959334849e-06,0
entity_0616,entity_0319,0,tabpfn,2.384180106673739e-06,0
entity_0456,entity_0132,0,tabpfn,2.6822019663086394e-06,0
entity_0463,entity_0465,1,tabpfn,0.9982220530509949,1
entity_0738,entity_0156,0,tabpfn,2.384180106673739e-06,0
entity_0530,entity_0524,1,tabpfn,0.9916613698005676,1
entity_0172,entity_0178,1,tabpfn,0.9909645915031433,1
entity_0763,entity_0770,1,tabpfn,0.9583206176757812,1
entity_0730,entity_0722,1,tabpfn,0.9604785442352295,1
entity_0666,entity_0662,1,tabpfn,0.9961032271385193,1
entity_0508,entity_0506,1,tabpfn,0.9976099729537964,1
entity_0618,entity_0905,0,tabpfn,1.2516960623543127e-06,0
entity_0601,entity_0962,0,tabpfn,1.430509428246296e-06,0
entity_0296,entity_0293,1,tabpfn,0.9982448816299438,1
entity_0701,entity_0703,1,tabpfn,0.9982134699821472,1
entity_0350,entity_0990,0,tabpfn,3.099431978625944e-06,0
entity_0963,entity_0129,0,tabpfn,2.384180106673739e-06,0
entity_0534,entity_0313,0,tabpfn,3.8146827137097716e-06,0
entity_0642,entity_0644,1,tabpfn,0.9987929463386536,1
entity_0158,entity_0156,1,tabpfn,0.9937243461608887,1
entity_0112,entity_0118,1,tabpfn,0.9962533712387085,1
entity_0615,entity_0617,1,tabpfn,0.996405303478241,1
entity_0271,entity_0127,0,tabpfn,3.2186403586820234e-06,0
entity_0712,entity_0780,0,tabpfn,3.5762659535976127e-06,0
entity_0913,entity_0916,1,tabpfn,0.9936940670013428,1
entity_0245,entity_0249,1,tabpfn,0.9941178560256958,1
entity_0880,entity_0879,1,tabpfn,0.9980506896972656,1
entity_0985,entity_0298,0,tabpfn,2.9206191811681492e-06,0
entity_0405,entity_0729,0,tabpfn,2.443784524075454e-06,0
entity_0993,entity_0995,1,tabpfn,0.9973721504211426,1
entity_0538,entity_0534,1,tabpfn,0.9981449246406555,1
entity_0216,entity_0215,1,tabpfn,0.9937888383865356,1
entity_0625,entity_0621,1,tabpfn,0.996477484703064,1
entity_0796,entity_0800,1,tabpfn,0.9900908470153809,1
entity_0205,entity_0411,0,tabpfn,3.0398275612242287e-06,0
entity_0331,entity_0333,1,tabpfn,0.998598039150238,1
entity_0489,entity_0484,1,tabpfn,0.99609375,1
entity_0070,entity_0066,1,tabpfn,0.9920019507408142,1
entity_0638,entity_0640,1,tabpfn,0.997173011302948,1
entity_0121,entity_0053,0,tabpfn,3.9873921195976436e-05,0
entity_0234,entity_0821,0,tabpfn,2.443784524075454e-06,0
entity_0503,entity_0504,1,tabpfn,0.9987958073616028,1
entity_0843,entity_0955,0,tabpfn,4.947160960000474e-06,0
entity_0121,entity_0129,1,tabpfn,0.9963331818580627,1
entity_0853,entity_0851,1,tabpfn,0.9984647035598755,1
entity_0727,entity_0725,1,tabpfn,0.996118426322937,1
entity_0088,entity_0085,1,tabpfn,0.9938002228736877,1
entity_0342,entity_0935,0,tabpfn,1.728531856315385e-06,0
entity_0306,entity_0685,0,tabpfn,1.9669496396090835e-06,0
entity_0140,entity_0909,0,tabpfn,2.2649712718703086e-06,0
entity_0513,entity_0448,0,tabpfn,1.478173362556845e-05,0
entity_0181,entity_0519,0,tabpfn,6.1988448578631505e-06,0
entity_0384,entity_0431,0,tabpfn,1.9490338672767393e-05,0
entity_0987,entity_0067,0,tabpfn,6.973695235501509e-06,0
entity_0493,entity_0496,1,tabpfn,0.998046875,1
entity_0836,entity_0018,0,tabpfn,3.4570573461678578e-06,0
entity_0757,entity_0208,0,tabpfn,2.2649712718703086e-06,0
entity_0677,entity_0454,0,tabpfn,2.980223371196189e-06,0
entity_0633,entity_0767,0,tabpfn,2.741806156336679e-06,0
entity_0019,entity_0798,0,tabpfn,4.470327894523507e-06,0
entity_0202,entity_0677,0,tabpfn,4.470327894523507e-06,0
entity_0244,entity_0249,1,tabpfn,0.9948136210441589,1
entity_0291,entity_0292,1,tabpfn,0.9983020424842834,1
entity_0854,entity_0894,0,tabpfn,7.885072409408167e-05,0
entity_0949,entity_0946,1,tabpfn,0.991918683052063,1
entity_0806,entity_0809,1,tabpfn,0.9926227927207947,1
entity_0206,entity_0207,1,tabpfn,0.9944289326667786,1
entity_0994,entity_0481,0,tabpfn,1.3708880032936577e-05,0
entity_0225,entity_0230,1,tabpfn,0.991089940071106,1
entity_0328,entity_0323,1,tabpfn,0.9957080483436584,1
entity_0152,entity_0157,1,tabpfn,0.9946023225784302,1
entity_0246,entity_0242,1,tabpfn,0.9945340752601624,1
entity_0864,entity_0869,1,tabpfn,0.9926114082336426,1
entity_0577,entity_0192,0,tabpfn,3.159036396027659e-06,0
entity_0973,entity_0971,1,tabpfn,0.9938904047012329,1
entity_0734,entity_0218,0,tabpfn,3.278244548710063e-06,0
entity_0358,entity_0352,1,tabpfn,0.9897687435150146,1
entity_0400,entity_0393,1,tabpfn,0.9654961824417114,1
entity_0374,entity_0372,1,tabpfn,0.9986913800239563,1
entity_0784,entity_0877,0,tabpfn,3.159036396027659e-06,0
entity_0562,entity_0796,0,tabpfn,1.7881361600302625e-06,0
entity_0886,entity_0117,0,tabpfn,1.728531856315385e-06,0
entity_0197,entity_0320,0,tabpfn,3.2186403586820234e-06,0
entity_0333,entity_0950,0,tabpfn,1.907344994833693e-06,0
entity_0469,entity_0019,0,tabpfn,5.006765150028514e-06,0
entity_0553,entity_0559,1,tabpfn,0.9934406876564026,1
entity_0181,entity_0376,0,tabpfn,3.2186403586820234e-06,0
entity_0096,entity_0613,0,tabpfn,2.503388714103494e-06,0
entity_0659,entity_0658,1,tabpfn,0.9977975487709045,1
entity_0766,entity_0658,0,tabpfn,1.7881361600302625e-06,0
entity_0651,entity_0926,0,tabpfn,1.311300479756028e-06,0
entity_0031,entity_0033,1,tabpfn,0.992577314376831,1
entity_0236,entity_0233,1,tabpfn,0.9937660694122314,1
entity_0468,entity_0462,1,tabpfn,0.995204508304596,1
entity_0300,entity_0297,1,tabpfn,0.9977450966835022,1
entity_0460,entity_0827,0,tabpfn,1.728531856315385e-06,0
entity_0895,entity_0868,0,tabpfn,0.0013229342876002192,0
entity_0237,entity_0712,0,tabpfn,2.861014763766434e-06,0
entity_0073,entity_0077,1,tabpfn,0.9941595792770386,1
entity_0596,entity_0427,0,tabpfn,4.708744654635666e-06,0
entity_0724,entity_0381,0,tabpfn,3.695474333653692e-06,0
entity_0535,entity_0538,1,tabpfn,0.9982762336730957,1
entity_0486,entity_0481,1,tabpfn,0.9944392442703247,1
entity_0263,entity_0641,0,tabpfn,1.549718376736564e-06,0
entity_0803,entity_0615,0,tabpfn,1.549718376736564e-06,0
entity_0978,entity_0976,1,tabpfn,0.9937509298324585,1
entity_0791,entity_0792,1,tabpfn,0.9865313172340393,1
entity_0850,entity_0848,1,tabpfn,0.9983657002449036,1
entity_0050,entity_0045,1,tabpfn,0.9839996099472046,1
entity_0082,entity_0088,1,tabpfn,0.9950868487358093,1
entity_0490,entity_0579,0,tabpfn,3.99349482904654e-06,0
entity_0450,entity_0745,0,tabpfn,1.430509428246296e-06,0
entity_0075,entity_0839,0,tabpfn,1.907344994833693e-06,0
entity_0660,entity_0656,1,tabpfn,0.9987262487411499,1
entity_0139,entity_0160,0,tabpfn,0.015008965507149696,0
entity_0563,entity_0495,0,tabpfn,5.602805231319508e-06,0
entity_0476,entity_0473,1,tabpfn,0.9975300431251526,1
entity_0459,entity_0452,1,tabpfn,0.9877628087997437,1
entity_0534,entity_0437,0,tabpfn,7.98695873527322e-06,0
entity_0891,entity_0166,0,tabpfn,1.6689273252268322e-06,0
entity_0359,entity_0910,0,tabpfn,1.6689273252268322e-06,0
entity_0201,entity_0145,0,tabpfn,1.8000278942054138e-05,0
entity_0893,entity_0891,1,tabpfn,0.9973721504211426,1
entity_0873,entity_0884,0,tabpfn,0.9015873074531555,1
entity_0462,entity_0466,1,tabpfn,0.9985265731811523,1
entity_0652,entity_0655,1,tabpfn,0.998475193977356,1
entity_0127,entity_0370,0,tabpfn,4.649140464607626e-06,0
entity_0337,entity_0336,1,tabpfn,0.9986847043037415,1
entity_0975,entity_0971,1,tabpfn,0.9915135502815247,1
entity_0229,entity_0227,1,tabpfn,0.9945530295372009,1
entity_0156,entity_0660,0,tabpfn,1.84774046374514e-06,0
entity_0566,entity_0668,0,tabpfn,3.4570573461678578e-06,0
entity_0044,entity_0048,1,tabpfn,0.984450101852417,1
entity_0807,entity_0378,0,tabpfn,1.549718376736564e-06,0
entity_0205,entity_0206,1,tabpfn,0.9943150877952576,1
entity_0491,entity_0459,0,tabpfn,2.7178979507880285e-05,0
entity_0685,entity_0008,0,tabpfn,5.543201496038819e-06,0
entity_0738,entity_0662,0,tabpfn,4.887556769972434e-06,0
entity_0070,entity_0673,0,tabpfn,2.384180106673739e-06,0
entity_0487,entity_0481,1,tabpfn,0.9910067915916443,1
entity_0652,entity_0751,0,tabpfn,3.5166615361958975e-06,0
entity_0622,entity_0246,0,tabpfn,3.278244548710063e-06,0
entity_0408,entity_0407,1,tabpfn,0.9977461695671082,1
entity_0686,entity_0018,0,tabpfn,3.8146827137097716e-06,0
entity_0547,entity_0027,0,tabpfn,4.17230785387801e-06,0
entity_0513,entity_0512,1,tabpfn,0.9989138841629028,1
entity_0161,entity_0784,0,tabpfn,2.622597548906924e-06,0
entity_0254,entity_0252,1,tabpfn,0.9956016540527344,1
entity_0547,entity_0549,1,tabpfn,0.998588502407074,1
entity_0677,entity_0678,1,tabpfn,0.9990139007568359,1
entity_0340,entity_0845,0,tabpfn,1.1920915312657598e-06,0
entity_0474,entity_0452,0,tabpfn,0.00019308176706545055,0
entity_0898,entity_0139,0,tabpfn,2.0265538296371233e-06,0
entity_0227,entity_0230,1,tabpfn,0.9916311502456665,1
entity_0513,entity_0520,1,tabpfn,0.9922102093696594,1
entity_0001,entity_0002,1,tabpfn,0.9879361987113953,1
entity_0060,entity_0055,1,tabpfn,0.984375,1
entity_0439,entity_0435,1,tabpfn,0.9978641867637634,1
entity_0414,entity_0543,0,tabpfn,6.675675649603363e-06,0
entity_0813,entity_0182,0,tabpfn,3.2186403586820234e-06,0
entity_0044,entity_0742,0,tabpfn,5.0663693400565535e-06,0
entity_0289,entity_0286,1,tabpfn,0.9975395798683167,1
entity_0704,entity_0708,1,tabpfn,0.9938381314277649,1
entity_0459,entity_0058,0,tabpfn,5.125973075337242e-06,0
entity_0804,entity_0480,0,tabpfn,2.741806156336679e-06,0
entity_0719,entity_0387,0,tabpfn,2.5629929041315336e-06,0
entity_0405,entity_0406,1,tabpfn,0.9988358020782471,1
entity_0684,entity_0611,0,tabpfn,2.622597548906924e-06,0
entity_0078,entity_0527,0,tabpfn,4.589536729326937e-06,0
entity_0390,entity_0387,1,tabpfn,0.9986199140548706,1
entity_0211,entity_0217,1,tabpfn,0.9638671875,1
entity_0244,entity_0247,1,tabpfn,0.9952310919761658,1
entity_0849,entity_0964,0,tabpfn,3.2186403586820234e-06,0
entity_0673,entity_0677,1,tabpfn,0.9974920153617859,1
entity_0908,entity_0605,0,tabpfn,4.11270366384997e-06,0
entity_0348,entity_0081,0,tabpfn,1.728531856315385e-06,0
entity_0314,entity_0317,1,tabpfn,0.9981953501701355,1
entity_0887,entity_0572,0,tabpfn,2.503388714103494e-06,0
entity_0117,entity_0111,1,tabpfn,0.9948338270187378,1
entity_0338,entity_0337,1,tabpfn,0.9991978406906128,1
entity_0345,entity_0349,1,tabpfn,0.9971007704734802,1
entity_0457,entity_0451,1,tabpfn,0.9960595369338989,1
entity_0060,entity_0126,0,tabpfn,1.3053246220806614e-05,0
entity_0990,entity_0988,1,tabpfn,0.9978070855140686,1
entity_0063,entity_0724,0,tabpfn,2.0265538296371233e-06,0
entity_0538,entity_0540,1,tabpfn,0.9991544485092163,1
entity_0962,entity_0963,1,tabpfn,0.9977222681045532,1
entity_0378,entity_0664,0,tabpfn,2.2649712718703086e-06,0
entity_0415,entity_0391,0,tabpfn,0.0003365337324794382,0
entity_0652,entity_0660,1,tabpfn,0.9854418039321899,1
entity_0095,entity_0962,0,tabpfn,2.622597548906924e-06,0
entity_0531,entity_0533,1,tabpfn,0.9989767670631409,1
entity_0437,entity_0284,0,tabpfn,4.11270366384997e-06,0
entity_0916,entity_0544,0,tabpfn,1.907344994833693e-06,0
entity_0579,entity_0022,0,tabpfn,6.437260253733257e-06,0
entity_0753,entity_0757,1,tabpfn,0.9932550191879272,1
entity_0598,entity_0502,0,tabpfn,5.245181455393322e-06,0
entity_0393,entity_0237,0,tabpfn,3.159036396027659e-06,0
entity_0676,entity_0674,1,tabpfn,0.9985923171043396,1
entity_0416,entity_0104,0,tabpfn,3.278244548710063e-06,0
entity_0619,entity_0615,1,tabpfn,0.9983162879943848,1
entity_0058,entity_0055,1,tabpfn,0.9902872443199158,1
entity_0362,entity_0363,1,tabpfn,0.9986141920089722,1
entity_0781,entity_0787,1,tabpfn,0.9814902544021606,1
entity_0583,entity_0099,0,tabpfn,3.4570573461678578e-06,0
entity_0347,entity_0349,1,tabpfn,0.9986691474914551,1
entity_0114,entity_0112,1,tabpfn,0.9980677962303162,1
entity_0239,entity_0236,1,tabpfn,0.9950070977210999,1
entity_0005,entity_0260,0,tabpfn,3.99349482904654e-06,0
entity_0892,entity_0161,0,tabpfn,1.6689273252268322e-06,0
entity_0031,entity_0037,1,tabpfn,0.9655256867408752,1
entity_0115,entity_0813,0,tabpfn,2.0265538296371233e-06,0
entity_0165,entity_0166,1,tabpfn,0.9959607720375061,1
entity_0818,entity_0943,0,tabpfn,1.7881361600302625e-06,0
entity_0583,entity_0799,0,tabpfn,1.84774046374514e-06,0
entity_0305,entity_0310,1,tabpfn,0.9965763092041016,1
entity_0285,entity_0810,0,tabpfn,1.490113959334849e-06,0
entity_0729,entity_0636,0,tabpfn,4.053099473821931e-06,0
entity_0939,entity_0132,0,tabpfn,2.0265538296371233e-06,0
entity_0873,entity_0874,1,tabpfn,0.9979897737503052,1
entity_0775,entity_0747,0,tabpfn,0.00011043521953979507,0
entity_0292,entity_0391,0,tabpfn,5.36438938070205e-06,0
entity_0845,entity_0844,1,tabpfn,0.9985370635986328,1
entity_0156,entity_0009,0,tabpfn,1.9311532014398836e-05,0
entity_0950,entity_0155,0,tabpfn,1.7881361600302625e-06,0
entity_0395,entity_0398,1,tabpfn,0.996686577796936,1
entity_0409,entity_0334,0,tabpfn,9.179030712402891e-06,0
entity_0871,entity_0872,1,tabpfn,0.9979574084281921,1
entity_0250,entity_0381,0,tabpfn,4.887556769972434e-06,0
entity_0377,entity_0847,0,tabpfn,2.5629929041315336e-06,0
entity_0911,entity_0725,0,tabpfn,1.549718376736564e-06,0
entity_0963,entity_0968,1,tabpfn,0.9959797859191895,1
entity_0681,entity_0383,0,tabpfn,2.503388714103494e-06,0
entity_0934,entity_0937,1,tabpfn,0.9948704838752747,1
entity_0205,entity_0095,0,tabpfn,3.695474333653692e-06,0
entity_0318,entity_0314,1,tabpfn,0.9981725215911865,1
entity_0719,entity_0590,0,tabpfn,3.7550782963080565e-06,0
entity_0358,entity_0353,1,tabpfn,0.9979612231254578,1
entity_0584,entity_0766,0,tabpfn,4.827953034691745e-06,0
entity_0974,entity_0980,1,tabpfn,0.9934520721435547,1
entity_0857,entity_0854,1,tabpfn,0.9977442622184753,1
entity_0112,entity_0116,1,tabpfn,0.9974178075790405,1
entity_0816,entity_0817,1,tabpfn,0.9976347088813782,1
entity_0057,entity_0863,0,tabpfn,2.384180106673739e-06,0
entity_0361,entity_0368,1,tabpfn,0.9905412793159485,1
entity_0015,entity_0016,1,tabpfn,0.9835785627365112,1
entity_0749,entity_0036,0,tabpfn,2.622597548906924e-06,0
entity_0008,entity_0407,0,tabpfn,6.318052328424528e-06,0
entity_0274,entity_0280,1,tabpfn,0.9945947527885437,1
entity_0595,entity_0016,0,tabpfn,3.7550782963080565e-06,0
entity_0612,entity_0611,1,tabpfn,0.9984456300735474,1
entity_0213,entity_0211,1,tabpfn,0.9933648705482483,1
entity_0366,entity_0370,1,tabpfn,0.9968763589859009,1
entity_0591,entity_0593,1,tabpfn,0.9971635341644287,1
entity_0553,entity_0264,0,tabpfn,2.3245756892720237e-06,0
entity_0280,entity_0279,1,tabpfn,0.9978774785995483,1
entity_0674,entity_0321,0,tabpfn,2.801410346364719e-06,0
entity_0799,entity_0732,0,tabpfn,1.0549911166890524e-05,0
entity_0790,entity_0035,0,tabpfn,2.9206191811681492e-06,0
entity_0822,entity_0896,0,tabpfn,4.351120423962129e-06,0
entity_0691,entity_0499,0,tabpfn,3.7550782963080565e-06,0
entity_0310,entity_0307,1,tabpfn,0.9972566962242126,1
entity_0536,entity_0223,0,tabpfn,2.0265538296371233e-06,0
entity_0655,entity_0656,1,tabpfn,0.99809730052948,1
entity_0845,entity_0485,0,tabpfn,1.7881361600302625e-06,0
entity_0704,entity_0702,1,tabpfn,0.9980087876319885,1
entity_0935,entity_0938,1,tabpfn,0.9940951466560364,1
entity_0485,entity_0489,1,tabpfn,0.9972852468490601,1
entity_0764,entity_0762,1,tabpfn,0.9942430257797241,1
entity_0240,entity_0851,0,tabpfn,2.384180106673739e-06,0
entity_0941,entity_0945,1,tabpfn,0.9938828349113464,1
entity_0466,entity_0463,1,tabpfn,0.9989576935768127,1
entity_0384,entity_0029,0,tabpfn,2.5629929041315336e-06,0
entity_0447,entity_0826,0,tabpfn,1.6689273252268322e-06,0
entity_0743,entity_0784,0,tabpfn,1.7881073290482163e-05,0
entity_0075,entity_0072,1,tabpfn,0.9955257177352905,1
entity_0999,entity_0302,0,tabpfn,4.2915162339340895e-06,0
entity_0963,entity_0961,1,tabpfn,0.9978983998298645,1
entity_0914,entity_0912,1,tabpfn,0.9956168532371521,1
entity_0393,entity_0394,1,tabpfn,0.9986453652381897,1
entity_0021,entity_0022,1,tabpfn,0.9857119917869568,1
entity_0837,entity_0577,0,tabpfn,2.1457626644405536e-06,0
entity_0878,entity_0874,1,tabpfn,0.9967036843299866,1
entity_0906,entity_0697,0,tabpfn,1.430509428246296e-06,0
entity_0338,entity_0340,1,tabpfn,0.9985332489013672,1
entity_0154,entity_0759,0,tabpfn,2.6822019663086394e-06,0
entity_0969,entity_0961,1,tabpfn,0.9510557651519775,1
entity_0161,entity_0336,0,tabpfn,3.874287358485162e-06,0
entity_0425,entity_0810,0,tabpfn,1.1324868864903692e-06,0
entity_0320,entity_0639,0,tabpfn,1.6689273252268322e-06,0
entity_0434,entity_0353,0,tabpfn,6.85448685544543e-06,0
entity_0075,entity_0077,1,tabpfn,0.9952614307403564,1
entity_0997,entity_0998,1,tabpfn,0.9992778897285461,1
entity_0338,entity_0331,1,tabpfn,0.9882737398147583,1
entity_0130,entity_0248,0,tabpfn,2.980223371196189e-06,0
entity_0670,entity_0666,1,tabpfn,0.9963311553001404,1
entity_0367,entity_0369,1,tabpfn,0.996999979019165,1
entity_0953,entity_0957,1,tabpfn,0.9946175217628479,1
entity_0801,entity_0545,0,tabpfn,2.801410346364719e-06,0
entity_0824,entity_0826,1,tabpfn,0.9980916380882263,1
entity_0191,entity_0192,1,tabpfn,0.9941937327384949,1
entity_0467,entity_0574,0,tabpfn,6.5564677242946345e-06,0
entity_0593,entity_0068,0,tabpfn,3.7550782963080565e-06,0
entity_0488,entity_0482,1,tabpfn,0.9917067885398865,1
entity_0647,entity_0219,0,tabpfn,2.5629929041315336e-06,0
entity_0686,entity_0690,1,tabpfn,0.9957974553108215,1
entity_0490,entity_0953,0,tabpfn,4.2915162339340895e-06,0
entity_0461,entity_0468,1,tabpfn,0.9964584708213806,1
entity_0365,entity_0366,1,tabpfn,0.9980677962303162,1
entity_0228,entity_0175,0,tabpfn,1.805987994885072e-05,0
entity_0912,entity_0436,0,tabpfn,1.7881361600302625e-06,0
entity_0476,entity_0472,1,tabpfn,0.9960861802101135,1
entity_0837,entity_0835,1,tabpfn,0.998399019241333,1
entity_0917,entity_0028,0,tabpfn,4.768348844663706e-06,0
entity_0186,entity_0171,0,tabpfn,0.07438823580741882,0
entity_0957,entity_0951,1,tabpfn,0.9896630644798279,1
entity_0730,entity_0114,0,tabpfn,2.503388714103494e-06,0
entity_0541,entity_0549,1,tabpfn,0.9845327138900757,1
entity_0430,entity_0421,1,tabpfn,0.8592700958251953,1
entity_0331,entity_0337,1,tabpfn,0.9969828128814697,1
entity_0938,entity_0431,0,tabpfn,1.430509428246296e-06,0
entity_0053,entity_0054,1,tabpfn,0.9940875172615051,1
entity_0498,entity_0499,1,tabpfn,0.9987167716026306,1
entity_0510,entity_0508,1,tabpfn,0.9983610510826111,1
entity_0452,entity_0454,1,tabpfn,0.9993734955787659,1
entity_0862,entity_0870,1,tabpfn,0.9929935932159424,1
entity_0981,entity_0987,1,tabpfn,0.9880852699279785,1
entity_0539,entity_0535,1,tabpfn,0.9990024566650391,1
entity_0377,entity_0376,1,tabpfn,0.9986979961395264,1
entity_0549,entity_0358,0,tabpfn,4.589536729326937e-06,0
entity_0145,entity_0147,1,tabpfn,0.9955940842628479,1
entity_0214,entity_0217,1,tabpfn,0.9952804446220398,1
entity_0047,entity_0598,0,tabpfn,7.98695873527322e-06,0
entity_0508,entity_0972,0,tabpfn,2.503388714103494e-06,0
entity_0477,entity_0471,1,tabpfn,0.9915479421615601,1
entity_0013,entity_0635,0,tabpfn,7.6293363235890865e-06,0
entity_0145,entity_0946,0,tabpfn,5.006765150028514e-06,0
entity_0770,entity_0329,0,tabpfn,2.2649712718703086e-06,0
entity_0413,entity_0956,0,tabpfn,2.861014763766434e-06,0
entity_0269,entity_0720,0,tabpfn,1.7881361600302625e-06,0
entity_0442,entity_0449,1,tabpfn,0.9959417581558228,1
entity_0641,entity_0066,0,tabpfn,2.5629929041315336e-06,0
entity_0325,entity_0327,1,tabpfn,0.9987795948982239,1
entity_0872,entity_0800,0,tabpfn,3.7550782963080565e-06,0
entity_0337,entity_0333,1,tabpfn,0.9975928664207458,1
entity_0430,entity_0330,0,tabpfn,8.225373676395975e-06,0
entity_0256,entity_0253,1,tabpfn,0.9948300123214722,1
entity_0992,entity_0996,1,tabpfn,0.9986599087715149,1
entity_0061,entity_0557,0,tabpfn,3.635870370999328e-06,0
entity_0875,entity_0876,1,tabpfn,0.9977880716323853,1
entity_0111,entity_0113,1,tabpfn,0.9975700378417969,1
entity_0092,entity_0584,0,tabpfn,3.278244548710063e-06,0
entity_0278,entity_0279,1,tabpfn,0.9973366260528564,1
entity_0796,entity_0792,1,tabpfn,0.9935803413391113,1
entity_0241,entity_0717,0,tabpfn,2.503388714103494e-06,0
entity_0458,entity_0680,0,tabpfn,2.6822019663086394e-06,0
entity_0697,entity_0699,1,tabpfn,0.9960823655128479,1
entity_0485,entity_0487,1,tabpfn,0.9985008835792542,1
entity_0515,entity_0518,1,tabpfn,0.9978565573692322,1
entity_0045,entity_0043,1,tabpfn,0.992490291595459,1
entity_0801,entity_0096,0,tabpfn,4.768348844663706e-06,0
entity_0225,entity_0341,0,tabpfn,3.4570573461678578e-06,0
entity_0584,entity_0581,1,tabpfn,0.994499921798706,1
entity_0959,entity_0956,1,tabpfn,0.9980821013450623,1
entity_0732,entity_0740,1,tabpfn,0.9595897793769836,1
entity_0710,entity_0954,0,tabpfn,8.344643447344424e-07,0
entity_0135,entity_0332,0,tabpfn,3.933891093765851e-06,0
entity_0521,entity_0670,0,tabpfn,5.125973075337242e-06,0
entity_0137,entity_0131,1,tabpfn,0.9881380200386047,1
entity_0466,entity_0866,0,tabpfn,1.2516960623543127e-06,0
entity_0314,entity_0320,1,tabpfn,0.9952614307403564,1
entity_0173,entity_0174,1,tabpfn,0.9966713786125183,1
entity_0602,entity_0843,0,tabpfn,1.907344994833693e-06,0
entity_0880,entity_0874,1,tabpfn,0.9962248802185059,1
entity_0042,entity_0083,0,tabpfn,0.0003848474007099867,0
entity_0496,entity_0692,0,tabpfn,2.1457626644405536e-06,0
entity_0439,entity_0890,0,tabpfn,1.2516960623543127e-06,0
entity_0036,entity_0033,1,tabpfn,0.9913773536682129,1
entity_0881,entity_0908,0,tabpfn,0.000318342907121405,0
entity_0487,entity_0147,0,tabpfn,2.9206191811681492e-06,0
entity_0688,entity_0972,0,tabpfn,2.1457626644405536e-06,0
entity_0424,entity_0425,1,tabpfn,0.9988148212432861,1
entity_0118,entity_0113,1,tabpfn,0.9964491724967957,1
entity_0401,entity_0405,1,tabpfn,0.9972262978553772,1
entity_0544,entity_0548,1,tabpfn,0.9974634647369385,1
entity_0505,entity_0503,1,tabpfn,0.9982544183731079,1
entity_0195,entity_0507,0,tabpfn,3.0398275612242287e-06,0
entity_0875,entity_0098,0,tabpfn,3.0398275612242287e-06,0
entity_0956,entity_0897,0,tabpfn,2.515252708690241e-05,0
entity_0668,entity_0106,0,tabpfn,3.099431978625944e-06,0
entity_0023,entity_0521,0,tabpfn,9.952984692063183e-05,0
entity_0938,entity_0769,0,tabpfn,1.1324868864903692e-06,0
entity_0148,entity_0150,1,tabpfn,0.9974368214607239,1
entity_0284,entity_0287,1,tabpfn,0.9980164170265198,1
entity_0710,entity_0768,0,tabpfn,1.555657036078628e-05,0
entity_0806,entity_0780,0,tabpfn,0.0009556016884744167,0
entity_0135,entity_0281,0,tabpfn,3.2186403586820234e-06,0
entity_0059,entity_0056,1,tabpfn,0.9917824268341064,1
entity_0904,entity_0389,0,tabpfn,1.490113959334849e-06,0
entity_0756,entity_0753,1,tabpfn,0.996213436126709,1
entity_0393,entity_0664,0,tabpfn,1.6093226804514416e-06,0
entity_0143,entity_0145,1,tabpfn,0.9970855116844177,1
entity_0227,entity_0223,1,tabpfn,0.9929330348968506,1
entity_0241,entity_0248,1,tabpfn,0.9849684834480286,1
entity_0021,entity_0353,0,tabpfn,3.5166615361958975e-06,0
entity_0588,entity_0590,1,tabpfn,0.9972566962242126,1
entity_0904,entity_0902,1,tabpfn,0.9921269416809082,1
entity_0744,entity_0213,0,tabpfn,3.2186403586820234e-06,0
entity_0138,entity_0972,0,tabpfn,4.410724159242818e-06,0
entity_0166,entity_0170,1,tabpfn,0.9944392442703247,1
entity_0890,entity_0884,1,tabpfn,0.9929633140563965,1
entity_0110,entity_0101,1,tabpfn,0.9661906361579895,1
entity_0424,entity_0427,1,tabpfn,0.9983991980552673,1
entity_0766,entity_0735,0,tabpfn,6.4845648012124e-05,0
entity_0720,entity_0374,0,tabpfn,2.443784524075454e-06,0
entity_0658,entity_0656,1,tabpfn,0.99884432554245,1
entity_0434,entity_0555,0,tabpfn,1.0251893399981782e-05,0
entity_0777,entity_0802,0,tabpfn,0.0008040862740017474,0
entity_0653,entity_0652,1,tabpfn,0.9991211295127869,1
entity_0717,entity_0643,0,tabpfn,1.5020144928712398e-05,0
entity_0955,entity_0960,1,tabpfn,0.996487021446228,1
entity_0495,entity_0499,1,tabpfn,0.998024046421051,1
entity_0299,entity_0460,0,tabpfn,5.483597306010779e-06,0
entity_0765,entity_0433,0,tabpfn,2.741806156336679e-06,0
entity_0516,entity_0512,1,tabpfn,0.9975757002830505,1
entity_0792,entity_0800,1,tabpfn,0.8935001492500305,1
entity_0691,entity_0695,1,tabpfn,0.9965440034866333,1
entity_0154,entity_0194,0,tabpfn,9.053125540958717e-05,0
entity_0078,entity_0075,1,tabpfn,0.9953297972679138,1
entity_0444,entity_0284,0,tabpfn,3.99349482904654e-06,0
entity_0614,entity_0795,0,tabpfn,2.443784524075454e-06,0
entity_0735,entity_0137,0,tabpfn,3.159036396027659e-06,0
entity_0703,entity_0706,1,tabpfn,0.9963293671607971,1
entity_0054,entity_0057,1,tabpfn,0.9941785335540771,1
entity_0966,entity_0967,1,tabpfn,0.9983877539634705,1
entity_0624,entity_0622,1,tabpfn,0.9988633990287781,1
entity_0673,entity_0671,1,tabpfn,0.99884432554245,1
entity_0883,entity_0889,1,tabpfn,0.9937433004379272,1
entity_0541,entity_0958,0,tabpfn,4.231911589158699e-06,0
entity_0056,entity_0054,1,tabpfn,0.9930201172828674,1
entity_0887,entity_0781,0,tabpfn,1.7881361600302625e-06,0
entity_0616,entity_0615,1,tabpfn,0.9989567399024963,1
entity_0116,entity_0117,1,tabpfn,0.9983896613121033,1
entity_0858,entity_0359,0,tabpfn,1.430509428246296e-06,0
entity_0717,entity_0178,0,tabpfn,3.99349482904654e-06,0
entity_0314,entity_0050,0,tabpfn,1.7881361600302625e-06,0
entity_0153,entity_0290,0,tabpfn,2.861014763766434e-06,0
entity_0462,entity_0465,1,tabpfn,0.9975852370262146,1
entity_0968,entity_0681,0,tabpfn,1.430509428246296e-06,0
entity_0694,entity_0699,1,tabpfn,0.9945113062858582,1
entity_0004,entity_0221,0,tabpfn,2.2232039555092342e-05,0
entity_0524,entity_0341,0,tabpfn,4.053099473821931e-06,0
entity_0255,entity_0258,1,tabpfn,0.9966713786125183,1
entity_0576,entity_0655,0,tabpfn,4.053099473821931e-06,0
entity_0828,entity_0027,0,tabpfn,4.053099473821931e-06,0
entity_0797,entity_0796,1,tabpfn,0.9956016540527344,1
entity_0534,entity_0070,0,tabpfn,2.9206191811681492e-06,0
entity_0068,entity_0069,1,tabpfn,0.9949464201927185,1
entity_0401,entity_0034,0,tabpfn,5.3047856454213616e-06,0
entity_0837,entity_0041,0,tabpfn,2.503388714103494e-06,0
entity_0532,entity_0223,0,tabpfn,2.980223371196189e-06,0
entity_0312,entity_0318,1,tabpfn,0.9966447353363037,1
entity_0115,entity_0116,1,tabpfn,0.9977994561195374,1
entity_0775,entity_0773,1,tabpfn,0.9953700304031372,1
entity_0838,entity_0832,1,tabpfn,0.9966428875923157,1
entity_0832,entity_0072,0,tabpfn,3.695474333653692e-06,0
entity_0114,entity_0117,1,tabpfn,0.9954270124435425,1
entity_0434,entity_0435,1,tabpfn,0.9988529086112976,1
entity_0904,entity_0901,1,tabpfn,0.994889497756958,1
entity_0593,entity_0552,0,tabpfn,3.0516646802425385e-05,0
entity_0584,entity_0589,1,tabpfn,0.9875759482383728,1
entity_0771,entity_0304,0,tabpfn,2.2649712718703086e-06,0
entity_0194,entity_0199,1,tabpfn,0.9898643493652344,1
entity_0555,entity_0551,1,tabpfn,0.999142050743103,1
entity_0638,entity_0636,1,tabpfn,0.9987910389900208,1
entity_0069,entity_0522,0,tabpfn,4.410724159242818e-06,0
entity_0098,entity_0100,1,tabpfn,0.9972205758094788,1
entity_0474,entity_0279,0,tabpfn,7.748543794150464e-06,0
entity_0891,entity_0896,1,tabpfn,0.9961982369422913,1
entity_0284,entity_0286,1,tabpfn,0.9982125163078308,1
entity_0922,entity_0923,1,tabpfn,0.9929519295692444,1
entity_0474,entity_0480,1,tabpfn,0.9957746863365173,1
entity_0233,entity_0845,0,tabpfn,1.6689273252268322e-06,0
entity_0688,entity_0637,0,tabpfn,2.682137164811138e-05,0
entity_0375,entity_0376,1,tabpfn,0.9982982277870178,1
entity_0349,entity_0350,1,tabpfn,0.9982315897941589,1
entity_0818,entity_0816,1,tabpfn,0.9971311688423157,1
entity_0274,entity_0273,1,tabpfn,0.9976632595062256,1
entity_0722,entity_0726,1,tabpfn,0.993039071559906,1
entity_0240,entity_0238,1,tabpfn,0.9945682287216187,1
entity_0829,entity_0945,0,tabpfn,1.7881361600302625e-06,0
entity_0404,entity_0760,0,tabpfn,1.430509428246296e-06,0
entity_0671,entity_0349,0,tabpfn,2.443784524075454e-06,0
entity_0279,entity_0214,0,tabpfn,1.9907554815290496e-05,0
entity_0453,entity_0452,1,tabpfn,0.9992168545722961,1
entity_0384,entity_0383,1,tabpfn,0.9982658624649048,1
entity_0399,entity_0396,1,tabpfn,0.9984647035598755,1
entity_0759,entity_0457,0,tabpfn,2.2649712718703086e-06,0
entity_0102,entity_0104,1,tabpfn,0.9980221390724182,1
entity_0362,entity_0361,1,tabpfn,0.9984456300735474,1
entity_0855,entity_0958,0,tabpfn,3.2186403586820234e-06,0
entity_0916,entity_0437,0,tabpfn,2.0265538296371233e-06,0
entity_0149,entity_0146,1,tabpfn,0.994205117225647,1
entity_0689,entity_0278,0,tabpfn,3.5762659535976127e-06,0
entity_0986,entity_0713,0,tabpfn,1.1920915312657598e-06,0
entity_0099,entity_0826,0,tabpfn,2.205367081842269e-06,0
entity_0773,entity_0778,1,tabpfn,0.9658792614936829,1
entity_0444,entity_0447,1,tabpfn,0.9990339279174805,1
entity_0288,entity_0284,1,tabpfn,0.9964489936828613,1
entity_0503,entity_0006,0,tabpfn,2.1218802430666983e-05,0
entity_0059,entity_0055,1,tabpfn,0.9906546473503113,1
entity_0115,entity_0221,0,tabpfn,2.741806156336679e-06,0
entity_0211,entity_0220,1,tabpfn,0.9158479571342468,1
entity_0957,entity_0905,0,tabpfn,1.1682373951771297e-05,0
entity_0349,entity_0103,0,tabpfn,2.1457626644405536e-06,0
entity_0048,entity_0046,1,tabpfn,0.9921118021011353,1
entity_0013,entity_0489,0,tabpfn,7.450525572494371e-06,0
entity_0520,entity_0471,0,tabpfn,2.8609410946955904e-05,0
entity_0159,entity_0157,1,tabpfn,0.9952766299247742,1
entity_0722,entity_0038,0,tabpfn,3.5762659535976127e-06,0
entity_0065,entity_0063,1,tabpfn,0.9948515295982361,1
entity_0423,entity_0422,1,tabpfn,0.9986218214035034,1
entity_0106,entity_0856,0,tabpfn,1.7881361600302625e-06,0
entity_0765,entity_0761,1,tabpfn,0.9861776232719421,1
entity_0898,entity_0961,0,tabpfn,7.033298516034847e-06,0
entity_0488,entity_0487,1,tabpfn,0.998821496963501,1
entity_0333,entity_0962,0,tabpfn,1.907344994833693e-06,0
entity_0743,entity_0749,1,tabpfn,0.97833651304245,1
entity_0687,entity_0083,0,tabpfn,3.3378489661117783e-06,0
entity_0682,entity_0690,1,tabpfn,0.9837216138839722,1
entity_0282,entity_0289,1,tabpfn,0.993380069732666,1
entity_0266,entity_0734,0,tabpfn,1.549718376736564e-06,0
entity_0371,entity_0378,1,tabpfn,0.9785007238388062,1
entity_0617,entity_0492,0,tabpfn,4.768348844663706e-06,0
entity_0240,entity_0711,0,tabpfn,2.5629929041315336e-06,0
entity_0781,entity_0789,1,tabpfn,0.84326171875,1
entity_0950,entity_0943,1,tabpfn,0.9881304502487183,1
entity_0089,entity_0994,0,tabpfn,6.1988448578631505e-06,0
entity_0681,entity_0683,1,tabpfn,0.9981449246406555,1
entity_0783,entity_0787,1,tabpfn,0.9904535412788391,1
entity_0621,entity_0626,1,tabpfn,0.9914647340774536,1
entity_0007,entity_0213,0,tabpfn,4.231911589158699e-06,0
entity_0005,entity_0569,0,tabpfn,2.866901377274189e-05,0
entity_0984,entity_0982,1,tabpfn,0.9988767504692078,1
entity_0593,entity_0592,1,tabpfn,0.9966371655464172,1
entity_0600,entity_0599,1,tabpfn,0.9941937327384949,1
entity_0817,entity_0813,1,tabpfn,0.9973366260528564,1
entity_0411,entity_0416,1,tabpfn,0.9957346320152283,1
entity_0287,entity_0968,0,tabpfn,7.867751264711842e-06,0
entity_0347,entity_0945,0,tabpfn,1.9669496396090835e-06,0
entity_0385,entity_0381,1,tabpfn,0.9987996220588684,1
entity_0909,entity_0910,1,tabpfn,0.9970893263816833,1
entity_0481,entity_0488,1,tabpfn,0.9928838014602661,1
entity_0674,entity_0043,0,tabpfn,5.423993115982739e-06,0
entity_0804,entity_0257,0,tabpfn,2.741806156336679e-06,0
entity_0552,entity_0283,0,tabpfn,3.874287358485162e-06,0
entity_0953,entity_0956,1,tabpfn,0.9975966215133667,1
entity_0880,entity_0642,0,tabpfn,1.6689273252268322e-06,0
entity_0417,entity_0036,0,tabpfn,5.3047856454213616e-06,0
entity_0075,entity_0073,1,tabpfn,0.9961583614349365,1
entity_0492,entity_0496,1,tabpfn,0.9968725442886353,1
entity_0371,entity_0646,0,tabpfn,1.6689273252268322e-06,0
entity_0903,entity_0902,1,tabpfn,0.9946327209472656,1
entity_0572,entity_0574,1,tabpfn,0.9975547790527344,1
entity_0005,entity_0451,0,tabpfn,8.88101385498885e-06,0
entity_0195,entity_0200,1,tabpfn,0.9887092113494873,1
entity_0698,entity_0695,1,tabpfn,0.9964185953140259,1
entity_0418,entity_0419,1,tabpfn,0.9987662434577942,1
entity_0732,entity_0959,0,tabpfn,7.748598136458895e-07,0
entity_0937,entity_0795,0,tabpfn,9.536734069115482e-07,0
entity_0114,entity_0113,1,tabpfn,0.9970018267631531,1
entity_0905,entity_0234,0,tabpfn,1.6689273252268322e-06,0
entity_0330,entity_0327,1,tabpfn,0.9973816871643066,1
entity_0024,entity_0427,0,tabpfn,6.377656063705217e-06,0
entity_0630,entity_0501,0,tabpfn,5.543201496038819e-06,0
entity_0046,entity_0759,0,tabpfn,2.503388714103494e-06,0
entity_0807,entity_0491,0,tabpfn,1.7881361600302625e-06,0
entity_0567,entity_0570,1,tabpfn,0.9982010722160339,1
entity_0532,entity_0224,0,tabpfn,3.99349482904654e-06,0
entity_1000,entity_0998,1,tabpfn,0.998732328414917,1
entity_0104,entity_0175,0,tabpfn,7.033298516034847e-06,0
entity_0476,entity_0439,0,tabpfn,4.2734707676572725e-05,0
entity_0997,entity_0996,1,tabpfn,0.9985684752464294,1
entity_0479,entity_0478,1,tabpfn,0.9983953833580017,1
entity_0563,entity_0659,0,tabpfn,3.099431978625944e-06,0
entity_0229,entity_0222,1,tabpfn,0.9782469272613525,1
entity_0582,entity_0587,1,tabpfn,0.9934969544410706,1
entity_0742,entity_0008,0,tabpfn,2.2470447220257483e-05,0
entity_0647,entity_0510,0,tabpfn,5.125973075337242e-06,0
entity_0502,entity_0510,1,tabpfn,0.9778375029563904,1
entity_0771,entity_0773,1,tabpfn,0.9943872094154358,1
entity_0458,entity_0710,0,tabpfn,2.3245756892720237e-06,0
entity_0161,entity_0162,1,tabpfn,0.9976613521575928,1
entity_0798,entity_0793,1,tabpfn,0.9899322986602783,1
entity_0594,entity_0957,0,tabpfn,1.430509428246296e-06,0
entity_0833,entity_0836,1,tabpfn,0.9979422092437744,1
entity_0616,entity_0619,1,tabpfn,0.9979060292243958,1
entity_0477,entity_0897,0,tabpfn,1.7881361600302625e-06,0
entity_0614,entity_0194,0,tabpfn,3.933891093765851e-06,0
entity_0845,entity_0841,1,tabpfn,0.9981096982955933,1
entity_0591,entity_0358,0,tabpfn,3.2186403586820234e-06,0
entity_0410,entity_0841,0,tabpfn,1.1920915312657598e-06,0
entity_0697,entity_0902,0,tabpfn,1.1920915312657598e-06,0
entity_0379,entity_0375,1,tabpfn,0.9974862933158875,1
entity_0227,entity_0691,0,tabpfn,1.6093226804514416e-06,0
entity_0929,entity_0927,1,tabpfn,0.9905941486358643,1
entity_0699,entity_0698,1,tabpfn,0.9985989332199097,1
entity_0245,entity_0242,1,tabpfn,0.9939662218093872,1
entity_0719,entity_0644,0,tabpfn,4.11270366384997e-06,0
entity_0617,entity_0783,0,tabpfn,2.503388714103494e-06,0
entity_0482,entity_0481,1,tabpfn,0.9989519715309143,1
entity_0668,entity_0448,0,tabpfn,2.741806156336679e-06,0
entity_0838,entity_0833,1,tabpfn,0.9968915581703186,1
entity_0394,entity_0391,1,tabpfn,0.9978945851325989,1
entity_0459,entity_0458,1,tabpfn,0.9994745254516602,1
entity_0473,entity_0474,1,tabpfn,0.9986218214035034,1
entity_0862,entity_0078,0,tabpfn,2.384180106673739e-06,0
entity_0791,entity_0799,1,tabpfn,0.9376144409179688,1
entity_0382,entity_0545,0,tabpfn,6.020033197273733e-06,0
entity_0854,entity_0855,1,tabpfn,0.9984132647514343,1
entity_0240,entity_0237,1,tabpfn,0.9951854944229126,1
entity_0059,entity_0052,1,tabpfn,0.9644143581390381,1
entity_0141,entity_0456,0,tabpfn,3.874287358485162e-06,0
entity_0173,entity_0799,0,tabpfn,1.907344994833693e-06,0
entity_0001,entity_0648,0,tabpfn,3.594030567910522e-05,0
entity_0280,entity_0277,1,tabpfn,0.9954725503921509,1
entity_0345,entity_0343,1,tabpfn,0.9987561106681824,1
entity_0611,entity_0891,0,tabpfn,1.907344994833693e-06,0
entity_0079,entity_0595,0,tabpfn,5.185576810617931e-06,0
entity_0083,entity_0460,0,tabpfn,4.11270366384997e-06,0
entity_0044,entity_0827,0,tabpfn,2.622597548906924e-06,0
entity_0147,entity_0143,1,tabpfn,0.9927666783332825,1
entity_0132,entity_0395,0,tabpfn,2.861014763766434e-06,0
entity_0839,entity_0295,0,tabpfn,1.6093226804514416e-06,0
entity_0492,entity_0258,0,tabpfn,3.2186403586820234e-06,0
entity_0746,entity_0748,1,tabpfn,0.9966428875923157,1
entity_0106,entity_0654,0,tabpfn,2.741806156336679e-06,0
entity_0805,entity_0806,1,tabpfn,0.9968535304069519,1
entity_0864,entity_0863,1,tabpfn,0.9972808957099915,1
entity_0950,entity_0942,1,tabpfn,0.9612014889717102,1
entity_0211,entity_0215,1,tabpfn,0.9933686852455139,1
entity_0756,entity_0759,1,tabpfn,0.9929519295692444,1
entity_0611,entity_0787,0,tabpfn,2.443784524075454e-06,0
entity_0737,entity_0734,1,tabpfn,0.9976118803024292,1
entity_0759,entity_0654,0,tabpfn,1.7881361600302625e-06,0
entity_0351,entity_0430,0,tabpfn,4.649140464607626e-06,0
entity_0877,entity_0256,0,tabpfn,2.1457626644405536e-06,0
entity_0343,entity_0044,0,tabpfn,2.2649712718703086e-06,0
entity_0110,entity_0229,0,tabpfn,2.2649712718703086e-06,0
entity_0287,entity_0285,1,tabpfn,0.9978964924812317,1
entity_0575,entity_0574,1,tabpfn,0.9979764223098755,1
entity_0817,entity_0815,1,tabpfn,0.9978412985801697,1
entity_0250,entity_0084,0,tabpfn,2.741806156336679e-06,0
entity_0134,entity_0137,1,tabpfn,0.9974101781845093,1
entity_0356,entity_0577,0,tabpfn,3.4570573461678578e-06,0
entity_0583,entity_0587,1,tabpfn,0.9945416450500488,1
entity_0050,entity_0044,1,tabpfn,0.9742971658706665,1
entity_0834,entity_0831,1,tabpfn,0.9974958300590515,1
entity_0991,entity_0997,1,tabpfn,0.9943709373474121,1
entity_0348,entity_0535,0,tabpfn,5.006765150028514e-06,0
entity_0284,entity_0731,0,tabpfn,2.0265538296371233e-06,0
entity_0330,entity_0664,0,tabpfn,1.3709048971577431e-06,0
entity_0313,entity_0864,0,tabpfn,1.7881361600302625e-06,0
entity_0268,entity_0508,0,tabpfn,3.3974533835134935e-06,0
entity_0040,entity_0484,0,tabpfn,4.2915162339340895e-06,0
entity_0043,entity_0813,0,tabpfn,2.503388714103494e-06,0
entity_0533,entity_0236,0,tabpfn,2.622597548906924e-06,0
entity_0716,entity_0711,1,tabpfn,0.9934059977531433,1
entity_0399,entity_0391,1,tabpfn,0.9623436331748962,1
entity_0586,entity_0702,0,tabpfn,3.099431978625944e-06,0
entity_0003,entity_0447,0,tabpfn,1.0311498044757172e-05,0
entity_0804,entity_0036,0,tabpfn,3.0398275612242287e-06,0
entity_0483,entity_0967,0,tabpfn,2.741806156336679e-06,0
entity_0816,entity_0853,0,tabpfn,8.457183139398694e-05,0
entity_0625,entity_0630,1,tabpfn,0.9925282597541809,1
entity_0628,entity_0705,0,tabpfn,6.1988448578631505e-06,0
entity_0415,entity_0783,0,tabpfn,1.84774046374514e-06,0
entity_0189,entity_0582,0,tabpfn,2.5629929041315336e-06,0
entity_0801,entity_0809,1,tabpfn,0.8968631625175476,1
entity_0619,entity_0168,0,tabpfn,4.053099473821931e-06,0
entity_0475,entity_0479,1,tabpfn,0.9968763589859009,1
entity_0250,entity_0568,0,tabpfn,3.3378489661117783e-06,0
entity_0323,entity_0326,1,tabpfn,0.9982886910438538,1
entity_0409,entity_0405,1,tabpfn,0.9935462474822998,1
entity_0423,entity_0404,0,tabpfn,0.0003303389821667224,0
entity_0015,entity_0012,1,tabpfn,0.980094850063324,1
entity_0681,entity_0453,0,tabpfn,3.099431978625944e-06,0
entity_0893,entity_0471,0,tabpfn,1.430509428246296e-06,0
entity_0803,entity_0809,1,tabpfn,0.9922102093696594,1
entity_0892,entity_0891,1,tabpfn,0.9971407055854797,1
entity_0508,entity_0501,1,tabpfn,0.977199912071228,1
entity_0835,entity_0832,1,tabpfn,0.9979041218757629,1
entity_0089,entity_0083,1,tabpfn,0.9886055588722229,1
entity_0193,entity_0191,1,tabpfn,0.9915211200714111,1
entity_0241,entity_0793,0,tabpfn,3.5762659535976127e-06,0
entity_0649,entity_0406,0,tabpfn,2.622597548906924e-06,0
entity_0665,entity_0658,0,tabpfn,0.9954817295074463,1
entity_0083,entity_0090,1,tabpfn,0.9801995158195496,1
entity_0638,entity_0078,0,tabpfn,2.6822019663086394e-06,0
entity_0035,entity_0036,1,tabpfn,0.9942165017127991,1
entity_0786,entity_0722,0,tabpfn,4.887556769972434e-06,0
entity_0037,entity_0164,0,tabpfn,2.801410346364719e-06,0
entity_0750,entity_0834,0,tabpfn,3.3378489661117783e-06,0
entity_0872,entity_0875,1,tabpfn,0.9975167512893677,1
entity_0436,entity_0337,0,tabpfn,5.781617346656276e-06,0
entity_0079,entity_0077,1,tabpfn,0.9943758249282837,1
entity_0638,entity_0837,0,tabpfn,2.086158019665163e-06,0
entity_0452,entity_0451,1,tabpfn,0.9991968870162964,1
entity_0737,entity_0033,0,tabpfn,3.7550782963080565e-06,0
entity_0509,entity_0129,0,tabpfn,3.635870370999328e-06,0
entity_0886,entity_0885,1,tabpfn,0.997858464717865,1
entity_0165,entity_0077,0,tabpfn,8.940616680774838e-06,0
entity_0691,entity_0696,1,tabpfn,0.9931830167770386,1
entity_0644,entity_0646,1,tabpfn,0.9978641867637634,1
entity_0368,entity_0109,0,tabpfn,2.205367081842269e-06,0
entity_0918,entity_0460,0,tabpfn,2.2649712718703086e-06,0
entity_0981,entity_0988,1,tabpfn,0.9846304059028625,1
entity_0829,entity_0443,0,tabpfn,1.549718376736564e-06,0
entity_0210,entity_0435,0,tabpfn,3.874287358485162e-06,0
entity_0021,entity_0030,1,tabpfn,0.856340765953064,1
entity_0354,entity_0648,0,tabpfn,1.9669496396090835e-06,0
entity_0412,entity_0818,0,tabpfn,1.7881361600302625e-06,0
entity_0765,entity_0768,1,tabpfn,0.9940875172615051,1
entity_0019,entity_0011,1,tabpfn,0.7548828125,1
entity_0967,entity_0718,0,tabpfn,1.6689273252268322e-06,0
entity_0827,entity_0916,0,tabpfn,2.2649712718703086e-06,0
entity_0676,entity_0120,0,tabpfn,3.8146827137097716e-06,0
entity_0945,entity_0950,1,tabpfn,0.9957936406135559,1
entity_0029,entity_0025,1,tabpfn,0.9863883256912231,1
entity_0197,entity_0551,0,tabpfn,3.4570573461678578e-06,0
entity_0391,entity_0400,1,tabpfn,0.7119140625,1
entity_0430,entity_0427,1,tabpfn,0.9986624717712402,1
entity_0925,entity_0068,0,tabpfn,1.907344994833693e-06,0
entity_0280,entity_0273,1,tabpfn,0.9730257391929626,1
entity_0451,entity_0019,0,tabpfn,7.688940968364477e-06,0
entity_0805,entity_0803,1,tabpfn,0.9953943490982056,1
entity_0509,entity_0812,0,tabpfn,1.3709048971577431e-06,0
entity_0361,entity_0365,1,tabpfn,0.9974045157432556,1
entity_0355,entity_0448,0,tabpfn,5.006765150028514e-06,0
entity_0715,entity_0936,0,tabpfn,1.311300479756028e-06,0
entity_0895,entity_0891,1,tabpfn,0.9916916489601135,1
entity_0254,entity_0507,0,tabpfn,3.933891093765851e-06,0
entity_0037,entity_0841,0,tabpfn,2.5629929041315336e-06,0
entity_0514,entity_0137,0,tabpfn,2.1457626644405536e-06,0
entity_0839,entity_0836,1,tabpfn,0.9978280067443848,1
entity_0409,entity_0447,0,tabpfn,1.4900939277140424e-05,0
entity_0249,entity_0242,1,tabpfn,0.9510267376899719,1
entity_0560,entity_0318,0,tabpfn,2.801410346364719e-06,0
entity_0567,entity_0921,0,tabpfn,1.9669496396090835e-06,0
entity_0858,entity_0403,0,tabpfn,1.549718376736564e-06,0
entity_0713,entity_0718,1,tabpfn,0.9916538000106812,1
entity_0199,entity_0721,0,tabpfn,2.443784524075454e-06,0
entity_0089,entity_0793,0,tabpfn,1.6689273252268322e-06,0
entity_0343,entity_0823,0,tabpfn,1.549718376736564e-06,0
entity_0166,entity_0802,0,tabpfn,2.5629929041315336e-06,0
entity_0613,entity_0618,1,tabpfn,0.9960899353027344,1
entity_0406,entity_0120,0,tabpfn,2.3245756892720237e-06,0
entity_0486,entity_0639,0,tabpfn,4.708744654635666e-06,0
entity_0339,entity_0334,1,tabpfn,0.9955029487609863,1
entity_0353,entity_0282,0,tabpfn,1.5258556231856346e-05,0
entity_0063,entity_0660,0,tabpfn,3.5166615361958975e-06,0
entity_0538,entity_0536,1,tabpfn,0.9993725419044495,1
entity_0014,entity_0020,1,tabpfn,0.9358896017074585,1
entity_0514,entity_0081,0,tabpfn,2.801410346364719e-06,0
entity_0931,entity_0936,1,tabpfn,0.9918959736824036,1
entity_0774,entity_0771,1,tabpfn,0.9932815432548523,1
entity_0909,entity_0630,0,tabpfn,2.086158019665163e-06,0
entity_0460,entity_0216,0,tabpfn,3.0398275612242287e-06,0
entity_0613,entity_0620,1,tabpfn,0.9876874685287476,1
entity_0725,entity_0721,1,tabpfn,0.9962001442909241,1
entity_0770,entity_0762,1,tabpfn,0.9667673707008362,1
entity_0613,entity_0953,0,tabpfn,1.490113959334849e-06,0
entity_0594,entity_0591,1,tabpfn,0.9940382242202759,1
entity_0268,entity_0263,1,tabpfn,0.993380069732666,1
entity_0462,entity_0170,0,tabpfn,4.529932539298898e-06,0
entity_0504,entity_0507,1,tabpfn,0.9988186359405518,1
entity_0932,entity_0435,0,tabpfn,1.907344994833693e-06,0
entity_0324,entity_0326,1,tabpfn,0.9986957907676697,1
entity_0908,entity_0711,0,tabpfn,1.1920915312657598e-06,0
entity_0004,entity_0922,0,tabpfn,1.59141854965128e-05,0
entity_0124,entity_0123,1,tabpfn,0.9981077909469604,1
entity_0071,entity_0080,1,tabpfn,0.9603126049041748,1
entity_0113,entity_0957,0,tabpfn,5.245181455393322e-06,0
entity_0759,entity_0755,1,tabpfn,0.9954361319541931,1
entity_0753,entity_0759,1,tabpfn,0.9904581904411316,1
entity_0143,entity_0211,0,tabpfn,7.6293363235890865e-06,0
entity_0601,entity_0606,1,tabpfn,0.993220865726471,1
entity_0435,entity_0054,0,tabpfn,3.3378489661117783e-06,0
entity_0586,entity_0587,1,tabpfn,0.9968231320381165,1
entity_0021,entity_0580,0,tabpfn,5.960429007245693e-06,0
entity_0923,entity_0921,1,tabpfn,0.9947844743728638,1
entity_0564,entity_0568,1,tabpfn,0.998562753200531,1
entity_0108,entity_0547,0,tabpfn,2.741806156336679e-06,0
entity_0074,entity_0077,1,tabpfn,0.9964945912361145,1
entity_0051,entity_0820,0,tabpfn,2.1457626644405536e-06,0
entity_0945,entity_0559,0,tabpfn,1.7881361600302625e-06,0
entity_0908,entity_0757,0,tabpfn,1.072882469088654e-06,0
entity_0655,entity_0864,0,tabpfn,1.311300479756028e-06,0
entity_0786,entity_0789,1,tabpfn,0.9859827756881714,1
entity_0681,entity_0768,0,tabpfn,3.3378489661117783e-06,0
entity_0488,entity_0367,0,tabpfn,6.25844904789119e-06,0
entity_0940,entity_0710,0,tabpfn,1.2516960623543127e-06,0
entity_0492,entity_0909,0,tabpfn,1.2516960623543127e-06,0
entity_0727,entity_0901,0,tabpfn,1.311300479756028e-06,0
entity_0087,entity_0622,0,tabpfn,3.2186403586820234e-06,0
entity_0030,entity_0026,1,tabpfn,0.9918202757835388,1
entity_0036,entity_0084,0,tabpfn,6.544161442434415e-05,0
entity_0459,entity_0453,1,tabpfn,0.992970883846283,1
entity_0313,entity_0181,0,tabpfn,4.768348844663706e-06,0
entity_0063,entity_0067,1,tabpfn,0.9895498156547546,1
entity_0824,entity_0827,1,tabpfn,0.9979859590530396,1
entity_0561,entity_0565,1,tabpfn,0.9973518252372742,1
entity_0084,entity_0085,1,tabpfn,0.9953905940055847,1
entity_0318,entity_0762,0,tabpfn,1.7881361600302625e-06,0
entity_0532,entity_0539,1,tabpfn,0.9877477288246155,1
entity_0873,entity_0880,1,tabpfn,0.9921913146972656,1
entity_0460,entity_0451,1,tabpfn,0.944997251033783,1
entity_0421,entity_0428,1,tabpfn,0.9876136183738708,1
entity_0869,entity_0862,1,tabpfn,0.9950222969055176,1
entity_0968,entity_0063,0,tabpfn,5.0663693400565535e-06,0
entity_0015,entity_0900,0,tabpfn,4.529932539298898e-06,0
entity_0032,entity_0031,1,tabpfn,0.994296133518219,1
entity_0425,entity_0947,0,tabpfn,1.728531856315385e-06,0
entity_0183,entity_0190,1,tabpfn,0.9790188670158386,1
entity_0089,entity_0868,0,tabpfn,2.384180106673739e-06,0
entity_0834,entity_0896,0,tabpfn,2.741806156336679e-06,0
entity_0521,entity_0530,1,tabpfn,0.9019655585289001,1
entity_0373,entity_0379,1,tabpfn,0.9951703548431396,1
entity_0653,entity_0651,1,tabpfn,0.9984970688819885,1
entity_0849,entity_0588,0,tabpfn,2.384180106673739e-06,0
entity_0978,entity_0999,0,tabpfn,0.02536088228225708,0
entity_0545,entity_0549,1,tabpfn,0.9977595210075378,1
entity_0871,entity_0879,1,tabpfn,0.98046875,1
entity_0404,entity_0408,1,tabpfn,0.995519757270813,1
entity_0160,entity_0154,1,tabpfn,0.9839767813682556,1
entity_0004,entity_0018,0,tabpfn,0.42236328125,0
entity_0949,entity_0921,0,tabpfn,0.00017770945851225406,0
entity_0541,entity_0767,0,tabpfn,2.2649712718703086e-06,0
entity_0328,entity_0377,0,tabpfn,3.325828583911061e-05,0
entity_0902,entity_0846,0,tabpfn,1.746385714795906e-05,0
entity_0700,entity_0695,1,tabpfn,0.99378502368927,1
entity_0272,entity_0271,1,tabpfn,0.9980782866477966,1
entity_0042,entity_0189,0,tabpfn,2.2649712718703086e-06,0
entity_0102,entity_0103,1,tabpfn,0.9978489279747009,1
entity_0736,entity_0770,0,tabpfn,5.173415411263704e-05,0
entity_0451,entity_0456,1,tabpfn,0.9929594993591309,1
entity_0495,entity_0492,1,tabpfn,0.9954741597175598,1
entity_0639,entity_0880,0,tabpfn,1.549718376736564e-06,0
entity_0312,entity_0188,0,tabpfn,2.5629929041315336e-06,0
entity_0460,entity_0454,1,tabpfn,0.9946327209472656,1
entity_0245,entity_0031,0,tabpfn,1.9669496396090835e-06,0
entity_0916,entity_0888,0,tabpfn,0.0002831610618159175,0
entity_0103,entity_0223,0,tabpfn,2.622597548906924e-06,0
entity_0060,entity_0051,1,tabpfn,0.8726651072502136,1
entity_0999,entity_0991,1,tabpfn,0.9971197843551636,1
entity_0966,entity_0403,0,tabpfn,1.9669496396090835e-06,0
entity_0541,entity_0683,0,tabpfn,3.933891093765851e-06,0
entity_0921,entity_0925,1,tabpfn,0.992456316947937,1
entity_0953,entity_0186,0,tabpfn,1.7881361600302625e-06,0
entity_0021,entity_0028,1,tabpfn,0.9321858286857605,1
entity_0297,entity_0989,0,tabpfn,2.0265538296371233e-06,0
entity_0388,entity_0230,0,tabpfn,2.2649712718703086e-06,0
entity_0387,entity_0382,1,tabpfn,0.9954763650894165,1
entity_0380,entity_0373,1,tabpfn,0.9897763133049011,1
entity_0671,entity_0139,0,tabpfn,2.443784524075454e-06,0
entity_0705,entity_0155,0,tabpfn,3.874287358485162e-06,0
entity_0081,entity_0708,0,tabpfn,1.907344994833693e-06,0
entity_0162,entity_0170,1,tabpfn,0.9591600298881531,1
entity_0242,entity_0422,0,tabpfn,4.410724159242818e-06,0
entity_0500,entity_0432,0,tabpfn,1.2159199286543299e-05,0
entity_0128,entity_0121,1,tabpfn,0.991226077079773,1
entity_0780,entity_0777,1,tabpfn,0.9864335060119629,1
entity_0373,entity_0056,0,tabpfn,3.099431978625944e-06,0
entity_0514,entity_0512,1,tabpfn,0.9986608624458313,1
entity_0771,entity_0776,1,tabpfn,0.9780422449111938,1
entity_0257,entity_0746,0,tabpfn,2.2649712718703086e-06,0
entity_0173,entity_0171,1,tabpfn,0.9945074915885925,1
entity_0777,entity_0353,0,tabpfn,2.086158019665163e-06,0
entity_0514,entity_0360,0,tabpfn,4.947160960000474e-06,0
entity_0460,entity_0483,0,tabpfn,0.00016674598737154156,0
entity_0035,entity_0641,0,tabpfn,1.0669116818462498e-05,0
entity_0821,entity_0625,0,tabpfn,1.311300479756028e-06,0
entity_0802,entity_0206,0,tabpfn,2.980223371196189e-06,0
entity_0993,entity_0992,1,tabpfn,0.9978832006454468,1
entity_0455,entity_0974,0,tabpfn,2.205367081842269e-06,0
entity_0560,entity_0554,1,tabpfn,0.9938381314277649,1
entity_0745,entity_0061,0,tabpfn,3.3974533835134935e-06,0
entity_0787,entity_0729,0,tabpfn,8.940616680774838e-06,0
entity_0124,entity_0405,0,tabpfn,2.5629929041315336e-06,0
entity_0269,entity_0849,0,tabpfn,1.549718376736564e-06,0
entity_0506,entity_0808,0,tabpfn,3.159036396027659e-06,0
entity_0894,entity_0895,1,tabpfn,0.995326042175293,1
entity_0217,entity_0212,1,tabpfn,0.9927666783332825,1
entity_0438,entity_0154,0,tabpfn,1.907344994833693e-06,0
entity_0924,entity_0627,0,tabpfn,1.728531856315385e-06,0
entity_0513,entity_0515,1,tabpfn,0.9990139007568359,1
entity_0438,entity_0431,1,tabpfn,0.9861174821853638,1
entity_0656,entity_0303,0,tabpfn,3.8146827137097716e-06,0
entity_0475,entity_0636,0,tabpfn,5.36438938070205e-06,0
entity_0820,entity_0704,0,tabpfn,1.490113959334849e-06,0
entity_0404,entity_0317,0,tabpfn,5.841221081936965e-06,0
entity_0471,entity_0480,1,tabpfn,0.9683799147605896,1
entity_0003,entity_0001,1,tabpfn,0.9889861941337585,1
entity_0286,entity_0210,0,tabpfn,1.1145943972223904e-05,0
entity_0769,entity_0150,0,tabpfn,3.933891093765851e-06,0
entity_0079,entity_0509,0,tabpfn,3.3378489661117783e-06,0
entity_0168,entity_0780,0,tabpfn,2.503388714103494e-06,0
entity_0942,entity_0941,1,tabpfn,0.997604250907898,1
entity_0906,entity_0902,1,tabpfn,0.9915211200714111,1
entity_0144,entity_0705,0,tabpfn,1.6689273252268322e-06,0
entity_0509,entity_0504,1,tabpfn,0.9969600439071655,1
entity_0959,entity_0958,1,tabpfn,0.9982544183731079,1
entity_0879,entity_0276,0,tabpfn,2.3245756892720237e-06,0
entity_0950,entity_0948,1,tabpfn,0.9979516863822937,1
entity_0340,entity_0331,1,tabpfn,0.9769315123558044,1
entity_0009,entity_0863,0,tabpfn,3.2186403586820234e-06,0
entity_0202,entity_0578,0,tabpfn,3.0398275612242287e-06,0
entity_0093,entity_0806,0,tabpfn,1.907344994833693e-06,0
entity_0977,entity_0232,0,tabpfn,3.2186403586820234e-06,0
entity_0666,entity_0279,0,tabpfn,3.2186403586820234e-06,0
entity_0609,entity_0605,1,tabpfn,0.9966124296188354,1
entity_0434,entity_0437,1,tabpfn,0.998567521572113,1
entity_0061,entity_0064,1,tabpfn,0.9959949851036072,1
entity_0089,entity_0086,1,tabpfn,0.9934596419334412,1
entity_0442,entity_0446,1,tabpfn,0.9986577033996582,1
entity_0785,entity_0789,1,tabpfn,0.988716721534729,1
entity_0239,entity_0235,1,tabpfn,0.9925811290740967,1
entity_0227,entity_0895,0,tabpfn,2.443784524075454e-06,0
entity_0745,entity_0520,0,tabpfn,2.1457626644405536e-06,0
entity_0430,entity_0422,1,tabpfn,0.9918429851531982,1
entity_0119,entity_0112,1,tabpfn,0.9904913306236267,1
entity_0633,entity_0636,1,tabpfn,0.9965059757232666,1
entity_0799,entity_0008,0,tabpfn,7.867751264711842e-06,0
entity_0884,entity_0202,0,tabpfn,2.2649712718703086e-06,0
entity_0201,entity_0781,0,tabpfn,1.7881361600302625e-06,0
entity_0330,entity_0667,0,tabpfn,1.907344994833693e-06,0
entity_0793,entity_0797,1,tabpfn,0.9858699440956116,1
entity_0240,entity_0239,1,tabpfn,0.9964242577552795,1
entity_0176,entity_0217,0,tabpfn,7.223561260616407e-05,0
entity_0410,entity_0404,1,tabpfn,0.9934104084968567,1
entity_0309,entity_0310,1,tabpfn,0.9988071918487549,1
entity_0280,entity_0008,0,tabpfn,6.794883120164741e-06,0
entity_0935,entity_0881,0,tabpfn,8.702202649146784e-06,0
entity_0234,entity_0231,1,tabpfn,0.9956987500190735,1
entity_0039,entity_0036,1,tabpfn,0.9925621747970581,1
entity_0630,entity_0198,0,tabpfn,2.861014763766434e-06,0
entity_0618,entity_0611,1,tabpfn,0.9754371047019958,1
entity_0630,entity_0204,0,tabpfn,3.5762659535976127e-06,0
entity_0463,entity_0464,1,tabpfn,0.9991558790206909,1
entity_0241,entity_0308,0,tabpfn,4.470327894523507e-06,0
entity_0523,entity_0516,0,tabpfn,0.9817987680435181,1
entity_0853,entity_0855,1,tabpfn,0.9983829855918884,1
entity_0849,entity_0070,0,tabpfn,2.443784524075454e-06,0
entity_0397,entity_0826,0,tabpfn,1.1324868864903692e-06,0
entity_0938,entity_0925,0,tabpfn,0.28173828125,0
entity_0781,entity_0785,1,tabpfn,0.9880475401878357,1
entity_0843,entity_0804,0,tabpfn,0.00023121254344005138,0
entity_0898,entity_0897,1,tabpfn,0.99609375,1
entity_0062,entity_0047,0,tabpfn,0.18290598690509796,0
entity_0981,entity_0631,0,tabpfn,1.549718376736564e-06,0
entity_0410,entity_0102,0,tabpfn,4.649140464607626e-06,0
entity_0521,entity_0607,0,tabpfn,3.635870370999328e-06,0
entity_0387,entity_0381,1,tabpfn,0.9953222274780273,1
entity_0803,entity_0364,0,tabpfn,1.549718376736564e-06,0
entity_0329,entity_0321,1,tabpfn,0.9706142544746399,1
entity_0371,entity_0421,0,tabpfn,1.686782889009919e-05,0
entity_0685,entity_0419,0,tabpfn,2.741806156336679e-06,0
entity_0544,entity_0543,1,tabpfn,0.9992648959159851,1
entity_0493,entity_0305,0,tabpfn,2.861014763766434e-06,0
entity_0405,entity_0339,0,tabpfn,1.0609513992676511e-05,0
entity_0946,entity_0704,0,tabpfn,9.536734069115482e-07,0
entity_0534,entity_0100,0,tabpfn,2.2649712718703086e-06,0
entity_0499,entity_0493,1,tabpfn,0.9935727715492249,1
entity_0058,entity_0052,1,tabpfn,0.9789441823959351,1
entity_0270,entity_0750,0,tabpfn,2.0265538296371233e-06,0
entity_0441,entity_0444,1,tabpfn,0.9984228014945984,1
entity_0477,entity_0867,0,tabpfn,1.430509428246296e-06,0
entity_0428,entity_0426,1,tabpfn,0.9981201887130737,1
entity_0860,entity_0852,1,tabpfn,0.9936751127243042,1
entity_0464,entity_0462,1,tabpfn,0.99922114610672,1
entity_0557,entity_0473,0,tabpfn,8.463787708024029e-06,0
entity_0782,entity_0781,1,tabpfn,0.9944175481796265,1
entity_0565,entity_0579,0,tabpfn,0.07780557870864868,0
entity_0002,entity_0424,0,tabpfn,1.1801580512837972e-05,0
entity_0817,entity_0819,1,tabpfn,0.9974901080131531,1
entity_0760,entity_0868,0,tabpfn,2.861014763766434e-06,0
entity_0541,entity_0375,0,tabpfn,4.053099473821931e-06,0
entity_0716,entity_0149,0,tabpfn,3.635870370999328e-06,0
entity_0249,entity_0908,0,tabpfn,1.6689273252268322e-06,0
entity_0979,entity_0642,0,tabpfn,2.1457626644405536e-06,0
entity_0946,entity_0947,1,tabpfn,0.9973651766777039,1
entity_0093,entity_0099,1,tabpfn,0.9918621182441711,1
entity_0507,entity_0045,0,tabpfn,4.17230785387801e-06,0
entity_0804,entity_0801,1,tabpfn,0.9945833683013916,1
entity_0114,entity_0120,1,tabpfn,0.9964736700057983,1
entity_0308,entity_0310,1,tabpfn,0.9983124732971191,1
entity_0178,entity_0634,0,tabpfn,3.278244548710063e-06,0
entity_0675,entity_0492,0,tabpfn,4.053099473821931e-06,0
entity_0274,entity_0271,1,tabpfn,0.997835636138916,1
entity_0770,entity_0761,1,tabpfn,0.8879662752151489,1
entity_0506,entity_0509,1,tabpfn,0.9984399080276489,1
entity_0014,entity_0018,1,tabpfn,0.986328125,1
entity_0094,entity_0198,0,tabpfn,2.741806156336679e-06,0
entity_0229,entity_0468,0,tabpfn,4.351120423962129e-06,0
entity_0003,entity_0002,1,tabpfn,0.9897536635398865,1
entity_0301,entity_0303,1,tabpfn,0.998650074005127,1
entity_0368,entity_0891,0,tabpfn,1.490113959334849e-06,0
entity_0980,entity_0272,0,tabpfn,2.980223371196189e-06,0
entity_0206,entity_0569,0,tabpfn,2.6822019663086394e-06,0
entity_0369,entity_0426,0,tabpfn,2.407969623163808e-05,0
entity_0923,entity_0154,0,tabpfn,1.549718376736564e-06,0
entity_0200,entity_0194,1,tabpfn,0.9888805747032166,1
entity_0827,entity_0826,1,tabpfn,0.9982448816299438,1
entity_0895,entity_0247,0,tabpfn,2.2649712718703086e-06,0
entity_0812,entity_0811,1,tabpfn,0.9962096810340881,1
entity_0928,entity_0922,1,tabpfn,0.9919756054878235,1
entity_0704,entity_0701,1,tabpfn,0.9954763650894165,1
entity_0528,entity_0527,1,tabpfn,0.999079167842865,1
entity_0629,entity_0626,1,tabpfn,0.9983713626861572,1
entity_0955,entity_0951,1,tabpfn,0.9890012741088867,1
entity_0653,entity_0721,0,tabpfn,3.8146827137097716e-06,0
entity_0136,entity_0131,1,tabpfn,0.9963256120681763,1
entity_0864,entity_0134,0,tabpfn,1.7881361600302625e-06,0
entity_0116,entity_0233,0,tabpfn,2.205367081842269e-06,0
entity_0407,entity_0404,1,tabpfn,0.9978375434875488,1
entity_0572,entity_0032,0,tabpfn,2.9206191811681492e-06,0
entity_0089,entity_0081,1,tabpfn,0.9708216190338135,1
entity_0488,entity_0100,0,tabpfn,3.99349482904654e-06,0
entity_0062,entity_0104,0,tabpfn,9.291500464314595e-05,0
entity_0092,entity_0091,1,tabpfn,0.9953145980834961,1
entity_0060,entity_0045,0,tabpfn,0.1376953125,0
entity_0353,entity_0351,1,tabpfn,0.9980849623680115,1
entity_0585,entity_0586,1,tabpfn,0.9981249570846558,1
entity_0837,entity_0831,1,tabpfn,0.9956814050674438,1
entity_0125,entity_0121,1,tabpfn,0.9957383871078491,1
entity_0519,entity_0388,0,tabpfn,6.377656063705217e-06,0
entity_0901,entity_0806,0,tabpfn,1.6689273252268322e-06,0
entity_0478,entity_0004,0,tabpfn,1.2278405847609974e-05,0
entity_0770,entity_0975,0,tabpfn,9.536734069115482e-07,0
entity_0982,entity_0971,0,tabpfn,0.69482421875,1
entity_0802,entity_0810,1,tabpfn,0.9733951687812805,1
entity_0447,entity_0177,0,tabpfn,3.5166615361958975e-06,0
entity_0309,entity_0343,0,tabpfn,6.049505100236274e-05,0
entity_0728,entity_0324,0,tabpfn,2.503388714103494e-06,0
entity_0200,entity_0192,1,tabpfn,0.9673146605491638,1
entity_0626,entity_0622,1,tabpfn,0.9960519671440125,1
entity_0736,entity_0734,1,tabpfn,0.9971711039543152,1
entity_0369,entity_0206,0,tabpfn,2.741806156336679e-06,0
entity_0503,entity_0165,0,tabpfn,2.622597548906924e-06,0
entity_0213,entity_0214,1,tabpfn,0.9966219663619995,1
entity_0219,entity_0212,1,tabpfn,0.9723014831542969,1
entity_0641,entity_0608,0,tabpfn,3.069544618483633e-05,0
entity_0146,entity_0482,0,tabpfn,4.17230785387801e-06,0
entity_0271,entity_0422,0,tabpfn,4.768348844663706e-06,0
entity_0674,entity_0672,1,tabpfn,0.9981392025947571,1
entity_0488,entity_0489,1,tabpfn,0.9967721700668335,1
entity_0115,entity_0074,0,tabpfn,6.019706779625267e-05,0
entity_0831,entity_0838,1,tabpfn,0.9870486259460449,1
entity_0463,entity_0365,0,tabpfn,7.98695873527322e-06,0
entity_0578,entity_0572,1,tabpfn,0.98388671875,1
entity_0882,entity_0889,1,tabpfn,0.9928651452064514,1
entity_0925,entity_0948,0,tabpfn,0.0009232060401700437,0
entity_0833,entity_0839,1,tabpfn,0.9883566498756409,1
entity_0408,entity_0252,0,tabpfn,4.053099473821931e-06,0
entity_0590,entity_0581,1,tabpfn,0.9117880463600159,1
entity_0107,entity_0066,0,tabpfn,7.9029516200535e-05,0
entity_0436,entity_0390,0,tabpfn,1.764266380632762e-05,0
entity_0748,entity_0964,0,tabpfn,1.1920915312657598e-06,0
entity_0545,entity_0550,1,tabpfn,0.9952766299247742,1
entity_0510,entity_0669,0,tabpfn,3.635870370999328e-06,0
entity_0561,entity_0848,0,tabpfn,1.84774046374514e-06,0
entity_0315,entity_0314,1,tabpfn,0.9983077645301819,1
entity_0315,entity_0317,1,tabpfn,0.9988729357719421,1
entity_0440,entity_0844,0,tabpfn,1.84774046374514e-06,0
entity_0489,entity_0149,0,tabpfn,1.7881361600302625e-06,0
entity_0131,entity_0214,0,tabpfn,5.483597306010779e-06,0
entity_0566,entity_0138,0,tabpfn,2.503388714103494e-06,0
entity_0480,entity_0472,1,tabpfn,0.9730851650238037,1
entity_0135,entity_0132,1,tabpfn,0.9952310919761658,1
entity_0970,entity_0964,1,tabpfn,0.9886413216590881,1
entity_0464,entity_0412,0,tabpfn,1.4960541193431709e-05,0
entity_0813,entity_0867,0,tabpfn,7.2121106313716155e-06,0
entity_0182,entity_0642,0,tabpfn,2.622597548906924e-06,0
entity_0154,entity_0157,1,tabpfn,0.9960063695907593,1
entity_0165,entity_0163,1,tabpfn,0.9943302869796753,1
entity_0651,entity_0658,1,tabpfn,0.9923124313354492,1
entity_0468,entity_0596,0,tabpfn,4.351120423962129e-06,0
entity_0101,entity_0106,1,tabpfn,0.9950412511825562,1
entity_0110,entity_0104,1,tabpfn,0.9872896075248718,1
entity_0044,entity_0049,1,tabpfn,0.9894238710403442,1
entity_0281,entity_0283,1,tabpfn,0.998286783695221,1
entity_0458,entity_0453,1,tabpfn,0.9977298378944397,1
entity_0614,entity_0617,1,tabpfn,0.9955219030380249,1
entity_0937,entity_0938,1,tabpfn,0.9945340752601624,1
entity_0167,entity_0505,0,tabpfn,3.5166615361958975e-06,0
entity_0781,entity_0453,0,tabpfn,5.722013156628236e-06,0
entity_0583,entity_0584,1,tabpfn,0.9948110580444336,1
entity_0853,entity_0857,1,tabpfn,0.9974767565727234,1
entity_0571,entity_0576,1,tabpfn,0.9958258271217346,1
entity_0487,entity_0484,1,tabpfn,0.998155415058136,1
entity_0115,entity_0117,1,tabpfn,0.9987910389900208,1
entity_0372,entity_0224,0,tabpfn,6.25844904789119e-06,0
entity_0549,entity_0550,1,tabpfn,0.9993358850479126,1
entity_0513,entity_0894,0,tabpfn,2.0265538296371233e-06,0
entity_0986,entity_0988,1,tabpfn,0.9986399412155151,1
entity_0195,entity_0197,1,tabpfn,0.9942999482154846,1
entity_0289,entity_0995,0,tabpfn,2.5629929041315336e-06,0
entity_0363,entity_0365,1,tabpfn,0.9978375434875488,1
entity_0867,entity_0795,0,tabpfn,3.874287358485162e-06,0
entity_0416,entity_0415,1,tabpfn,0.9981201887130737,1
entity_0580,entity_0579,1,tabpfn,0.9969866275787354,1
entity_0897,entity_0893,1,tabpfn,0.9909992218017578,1
entity_0530,entity_0528,1,tabpfn,0.9990530014038086,1
entity_0234,entity_0237,1,tabpfn,0.9932284951210022,1
entity_0887,entity_0441,0,tabpfn,1.907344994833693e-06,0
entity_0858,entity_0377,0,tabpfn,1.549718376736564e-06,0
entity_0588,entity_0365,0,tabpfn,3.159036396027659e-06,0
entity_0094,entity_0659,0,tabpfn,2.503388714103494e-06,0
entity_0129,entity_0124,1,tabpfn,0.9937433004379272,1
entity_0962,entity_0969,1,tabpfn,0.9905564188957214,1
entity_0485,entity_0482,1,tabpfn,0.9977983832359314,1
entity_0486,entity_0489,1,tabpfn,0.9981116056442261,1
entity_0649,entity_0645,1,tabpfn,0.9981249570846558,1
entity_0322,entity_0469,0,tabpfn,1.6450610928586684e-05,0
entity_0379,entity_0858,0,tabpfn,1.072882469088654e-06,0
entity_0254,entity_0062,0,tabpfn,2.384180106673739e-06,0
entity_0799,entity_0118,0,tabpfn,3.3974533835134935e-06,0
entity_0968,entity_0970,1,tabpfn,0.9960899353027344,1
entity_0228,entity_0226,1,tabpfn,0.9934520721435547,1
entity_0273,entity_0271,1,tabpfn,0.9973360300064087,1
entity_0625,entity_0745,0,tabpfn,3.5166615361958975e-06,0
entity_0366,entity_0115,0,tabpfn,1.549718376736564e-06,0
entity_0176,entity_0688,0,tabpfn,2.384180106673739e-06,0
entity_0410,entity_0099,0,tabpfn,4.887556769972434e-06,0
entity_0767,entity_0768,1,tabpfn,0.9953700304031372,1
entity_0815,entity_0819,1,tabpfn,0.9967512488365173,1
entity_0282,entity_0288,1,tabpfn,0.9955409169197083,1
entity_0708,entity_0348,0,tabpfn,2.503388714103494e-06,0
entity_0098,entity_0092,1,tabpfn,0.9878909587860107,1
entity_0388,entity_0038,0,tabpfn,5.36438938070205e-06,0
entity_0519,entity_0516,1,tabpfn,0.9982839226722717,1
entity_0075,entity_0076,1,tabpfn,0.9965174198150635,1
entity_0936,entity_0519,0,tabpfn,2.2649712718703086e-06,0
entity_0182,entity_0184,1,tabpfn,0.9959684014320374,1
entity_0634,entity_0632,1,tabpfn,0.9988853335380554,1
entity_0316,entity_0838,0,tabpfn,2.205367081842269e-06,0
entity_0884,entity_0887,1,tabpfn,0.9961583614349365,1
entity_0171,entity_0174,1,tabpfn,0.9963237047195435,1
entity_0350,entity_0398,0,tabpfn,1.9430735846981406e-05,0
entity_0991,entity_0095,0,tabpfn,5.960429007245693e-06,0
entity_0805,entity_0804,1,tabpfn,0.9964280724525452,1
entity_0449,entity_0444,1,tabpfn,0.9980611801147461,1
entity_0946,entity_0942,1,tabpfn,0.9881078600883484,1
entity_0209,entity_0206,1,tabpfn,0.9935386180877686,1
entity_0345,entity_0344,1,tabpfn,0.9984894394874573,1
entity_0206,entity_0345,0,tabpfn,4.17230785387801e-06,0
entity_0854,entity_0858,1,tabpfn,0.9972338676452637,1
entity_0852,entity_0185,0,tabpfn,1.907344994833693e-06,0
entity_0686,entity_0998,0,tabpfn,4.17230785387801e-06,0
entity_0687,entity_0683,1,tabpfn,0.9985846877098083,1
entity_0784,entity_0787,1,tabpfn,0.9874628782272339,1
entity_0926,entity_0306,0,tabpfn,1.728531856315385e-06,0
entity_0224,entity_0225,1,tabpfn,0.9973461627960205,1
entity_0707,entity_0767,0,tabpfn,5.36438938070205e-06,0
entity_0765,entity_0123,0,tabpfn,3.3378489661117783e-06,0
entity_0295,entity_0306,0,tabpfn,0.897132396697998,1
entity_0672,entity_0907,0,tabpfn,1.311300479756028e-06,0
entity_0541,entity_0972,0,tabpfn,2.861014763766434e-06,0
entity_0295,entity_0206,0,tabpfn,5.0663693400565535e-06,0
entity_0150,entity_0142,1,tabpfn,0.9706142544746399,1
entity_0722,entity_0721,1,tabpfn,0.9970626831054688,1
entity_0125,entity_0122,1,tabpfn,0.9971007704734802,1
entity_0444,entity_0445,1,tabpfn,0.9987671971321106,1
entity_0411,entity_0419,1,tabpfn,0.9469796419143677,1
entity_0466,entity_0785,0,tabpfn,1.549718376736564e-06,0
entity_0115,entity_0114,1,tabpfn,0.9960747361183167,1
entity_0003,entity_0005,1,tabpfn,0.9903552532196045,1
entity_0306,entity_0301,1,tabpfn,0.9933838248252869,1
entity_0686,entity_0705,0,tabpfn,0.005863167345523834,0
entity_0853,entity_0056,0,tabpfn,2.622597548906924e-06,0
entity_0715,entity_0377,0,tabpfn,2.0265538296371233e-06,0
entity_0222,entity_0228,1,tabpfn,0.9922518730163574,1
entity_0841,entity_0844,1,tabpfn,0.9984846711158752,1
entity_0734,entity_0847,0,tabpfn,3.099431978625944e-06,0
entity_0151,entity_0680,0,tabpfn,2.384180106673739e-06,0
entity_0937,entity_0933,1,tabpfn,0.988190770149231,1
entity_0636,entity_0744,0,tabpfn,2.6822019663086394e-06,0
entity_0009,entity_0487,0,tabpfn,1.5496967535000294e-05,0
entity_0674,entity_0675,1,tabpfn,0.9989110231399536,1
entity_0234,entity_0639,0,tabpfn,1.6689273252268322e-06,0
entity_0198,entity_0333,0,tabpfn,3.3974533835134935e-06,0
entity_0694,entity_0021,0,tabpfn,3.099431978625944e-06,0
entity_0006,entity_0001,1,tabpfn,0.9819485545158386,1
entity_0443,entity_0450,1,tabpfn,0.9939624071121216,1
entity_0143,entity_0346,0,tabpfn,3.2186403586820234e-06,0
entity_0340,entity_0334,1,tabpfn,0.9958354234695435,1
entity_0567,entity_0127,0,tabpfn,2.622597548906924e-06,0
entity_0581,entity_0586,1,tabpfn,0.990053117275238,1
entity_0286,entity_0101,0,tabpfn,2.503388714103494e-06,0
entity_0067,entity_0566,0,tabpfn,2.9206191811681492e-06,0
entity_0483,entity_0567,0,tabpfn,6.675675649603363e-06,0
entity_0122,entity_0373,0,tabpfn,4.947160960000474e-06,0
entity_0294,entity_0296,1,tabpfn,0.9979821443557739,1
entity_0587,entity_0037,0,tabpfn,3.159036396027659e-06,0
entity_0006,entity_0008,1,tabpfn,0.9894390106201172,1
entity_0389,entity_0385,1,tabpfn,0.9973137974739075,1
entity_0723,entity_0724,1,tabpfn,0.9978375434875488,1
entity_0357,entity_0502,0,tabpfn,7.092901796568185e-06,0
entity_0594,entity_0595,1,tabpfn,0.9970360994338989,1
entity_0567,entity_0563,1,tabpfn,0.9976270794868469,1
entity_0348,entity_0516,0,tabpfn,5.0663693400565535e-06,0
entity_0062,entity_0813,0,tabpfn,1.907344994833693e-06,0
entity_0059,entity_0030,0,tabpfn,0.00033979694126173854,0
entity_0320,entity_0106,0,tabpfn,2.622597548906924e-06,0
entity_0685,entity_0896,0,tabpfn,1.430509428246296e-06,0
entity_0512,entity_0525,0,tabpfn,0.3235653340816498,0
entity_0082,entity_0089,1,tabpfn,0.9793577194213867,1
entity_0822,entity_0825,1,tabpfn,0.9978660345077515,1
entity_0085,entity_0363,0,tabpfn,2.086158019665163e-06,0
entity_0042,entity_0632,0,tabpfn,3.278244548710063e-06,0
entity_0577,entity_0574,1,tabpfn,0.9984084963798523,1
entity_0060,entity_0052,1,tabpfn,0.9390221834182739,1
entity_0995,entity_0537,0,tabpfn,2.9622633519466035e-05,0
entity_0384,entity_0382,1,tabpfn,0.9985142350196838,1
entity_0094,entity_0096,1,tabpfn,0.9977880716323853,1
entity_0233,entity_0239,1,tabpfn,0.961260199546814,1
entity_0011,entity_0110,0,tabpfn,1.3112849956087302e-05,0
entity_0587,entity_0308,0,tabpfn,3.4570573461678578e-06,0
entity_0689,entity_0070,0,tabpfn,3.2186403586820234e-06,0
entity_0718,entity_0940,0,tabpfn,8.940688189795765e-07,0
entity_0078,entity_0073,1,tabpfn,0.9899122714996338,1
entity_0569,entity_0037,0,tabpfn,3.8146827137097716e-06,0
entity_0215,entity_0731,0,tabpfn,2.0265538296371233e-06,0
entity_0187,entity_0188,1,tabpfn,0.9966504573822021,1
entity_0712,entity_0718,1,tabpfn,0.9881983399391174,1
entity_0907,entity_0949,0,tabpfn,2.7178979507880285e-05,0
entity_0647,entity_0434,0,tabpfn,2.980223371196189e-06,0
entity_0816,entity_0226,0,tabpfn,2.503388714103494e-06,0
entity_0569,entity_0666,0,tabpfn,6.4968644437612966e-06,0
entity_0218,entity_0212,1,tabpfn,0.9749488830566406,1
entity_0102,entity_0955,0,tabpfn,3.2186403586820234e-06,0
entity_0761,entity_0766,1,tabpfn,0.9797014594078064,1
entity_0350,entity_0353,0,tabpfn,0.9974406361579895,1
entity_0781,entity_0784,1,tabpfn,0.9926568269729614,1
entity_0774,entity_0772,1,tabpfn,0.9896857142448425,1
entity_0162,entity_0164,1,tabpfn,0.9971140623092651,1
entity_0438,entity_0437,1,tabpfn,0.999116837978363,1
entity_0805,entity_0045,0,tabpfn,2.980223371196189e-06,0
entity_0473,entity_0119,0,tabpfn,3.99349482904654e-06,0
entity_0531,entity_0534,1,tabpfn,0.9987262487411499,1
entity_0607,entity_0865,0,tabpfn,1.6689273252268322e-06,0
entity_0309,entity_0003,0,tabpfn,3.8146827137097716e-06,0
entity_0710,entity_0591,0,tabpfn,3.7550782963080565e-06,0
entity_0561,entity_0564,1,tabpfn,0.9979383945465088,1
entity_0199,entity_0078,0,tabpfn,3.2186403586820234e-06,0
entity_0653,entity_0808,0,tabpfn,2.622597548906924e-06,0
entity_0270,entity_0269,1,tabpfn,0.997173011302948,1
entity_0010,entity_0482,0,tabpfn,1.0192289664701093e-05,0
entity_0151,entity_0681,0,tabpfn,1.84774046374514e-06,0
entity_0422,entity_0665,0,tabpfn,2.2649712718703086e-06,0
entity_0751,entity_0760,1,tabpfn,0.9331624507904053,1
entity_0116,entity_0114,1,tabpfn,0.9977070093154907,1
entity_0556,entity_0554,1,tabpfn,0.9994397759437561,1
entity_0614,entity_0618,1,tabpfn,0.9960063695907593,1
entity_0848,entity_0849,1,tabpfn,0.99853515625,1
entity_0881,entity_0890,1,tabpfn,0.9723150134086609,1
entity_0326,entity_0330,1,tabpfn,0.9978698492050171,1
entity_0373,entity_0307,0,tabpfn,7.390921382466331e-06,0
entity_0886,entity_0882,1,tabpfn,0.9964033961296082,1
entity_0031,entity_0038,1,tabpfn,0.9087468981742859,1
entity_0731,entity_0736,1,tabpfn,0.9921118021011353,1
entity_0497,entity_0965,0,tabpfn,2.086158019665163e-06,0
entity_0351,entity_0354,1,tabpfn,0.9976176023483276,1
entity_0270,entity_0973,0,tabicl,6.109387413744116e-07,0
entity_0989,entity_0981,1,tabicl,0.9862664937973022,1
entity_0370,entity_0365,1,tabicl,0.9922093152999878,1
entity_0672,entity_0074,0,tabicl,6.848501357126224e-07,0
entity_0656,entity_0659,1,tabicl,0.9975524544715881,1
entity_0681,entity_0284,0,tabicl,8.522169423486048e-07,0
entity_0959,entity_0111,0,tabicl,8.032267828639306e-07,0
entity_0654,entity_0635,0,tabicl,2.1579446183750406e-05,0
entity_0280,entity_0178,0,tabicl,1.377536250402045e-06,0
entity_0793,entity_0239,0,tabicl,7.124208423192613e-07,0
entity_0148,entity_0143,1,tabicl,0.9961239099502563,1
entity_0512,entity_0923,0,tabicl,6.027084396009741e-07,0
entity_0131,entity_0139,1,tabicl,0.9680942296981812,1
entity_0525,entity_0716,0,tabicl,7.375928703368118e-07,0
entity_0787,entity_0786,1,tabicl,0.998956561088562,1
entity_0977,entity_0972,1,tabicl,0.998013973236084,1
entity_0044,entity_0996,0,tabicl,1.608973775546474e-06,0
entity_0583,entity_0863,0,tabicl,5.94346886373387e-07,0
entity_0710,entity_0702,1,tabicl,0.9811227321624756,1
entity_0083,entity_0085,1,tabicl,0.997688889503479,1
entity_0970,entity_0555,0,tabicl,7.851843975004158e-07,0
entity_0120,entity_0118,1,tabicl,0.9991599321365356,1
entity_0862,entity_0865,1,tabicl,0.9976383447647095,1
entity_0150,entity_0143,1,tabicl,0.9889634251594543,1
entity_0530,entity_0526,1,tabicl,0.9987670183181763,1
entity_0321,entity_0877,0,tabicl,5.635714046547946e-07,0
entity_0611,entity_0619,1,tabicl,0.9716717004776001,1
entity_0313,entity_0062,0,tabicl,8.37777292872488e-07,0
entity_0549,entity_0548,1,tabicl,0.999165415763855,1
entity_0029,entity_0024,1,tabicl,0.992633581161499,1
entity_0594,entity_0586,0,tabicl,0.9882549047470093,1
entity_0187,entity_0186,1,tabicl,0.9983868598937988,1
entity_0250,entity_0248,1,tabicl,0.9977723956108093,1
entity_0066,entity_0936,0,tabicl,7.159079586926964e-07,0
entity_0175,entity_0172,1,tabicl,0.9977236390113831,1
entity_0372,entity_0373,1,tabicl,0.9974134564399719,1
entity_0231,entity_0239,1,tabicl,0.967073380947113,1
entity_0282,entity_0284,1,tabicl,0.9983425736427307,1
entity_0643,entity_0194,0,tabicl,8.072684067883529e-07,0
entity_0493,entity_0500,1,tabicl,0.9941950440406799,1
entity_0057,entity_0059,1,tabicl,0.9983172416687012,1
entity_0037,entity_0035,1,tabicl,0.9983710646629333,1
entity_0023,entity_0877,0,tabicl,8.422201176472299e-07,0
entity_0153,entity_0157,1,tabicl,0.9974023103713989,1
entity_0442,entity_0450,1,tabicl,0.9812828302383423,1
entity_0611,entity_0844,0,tabicl,6.116850386206352e-07,0
entity_0882,entity_0924,0,tabicl,3.975712388637476e-06,0
entity_0966,entity_0970,1,tabicl,0.9984982013702393,1
entity_0443,entity_0442,1,tabicl,0.9994314312934875,1
entity_0246,entity_0412,0,tabicl,1.0109079084941186e-06,0
entity_0284,entity_0646,0,tabicl,6.885758239150164e-07,0
entity_0060,entity_0054,1,tabicl,0.9873939752578735,1
entity_0554,entity_0552,1,tabicl,0.9990296363830566,1
entity_0534,entity_0537,1,tabicl,0.9983099699020386,1
entity_0947,entity_0949,1,tabicl,0.9989067316055298,1
entity_0221,entity_0564,0,tabicl,7.295338946278207e-07,0
entity_0332,entity_0335,1,tabicl,0.9973077774047852,1
entity_0698,entity_0697,1,tabicl,0.9984094500541687,1
entity_0346,entity_0350,1,tabicl,0.9956582188606262,1
entity_0012,entity_0957,0,tabicl,2.472089818184031e-06,0
entity_0887,entity_0882,1,tabicl,0.9965059757232666,1
entity_0768,entity_0764,1,tabicl,0.9978575706481934,1
entity_0340,entity_0339,1,tabicl,0.9980395436286926,1
entity_0422,entity_0063,0,tabicl,7.931046184239676e-07,0
entity_0125,entity_0401,0,tabicl,6.357066695272806e-07,0
entity_0869,entity_0590,0,tabicl,6.488602934950904e-07,0
entity_0587,entity_0516,0,tabicl,1.390111947330297e-06,0
entity_0659,entity_0651,1,tabicl,0.9878450036048889,1
entity_0262,entity_0263,1,tabicl,0.9974688291549683,1
entity_0108,entity_0105,1,tabicl,0.9992735385894775,1
entity_0828,entity_0830,1,tabicl,0.9978130459785461,1
entity_0007,entity_0004,1,tabicl,0.993198037147522,1
entity_0210,entity_0204,1,tabicl,0.989046037197113,1
entity_0899,entity_0891,1,tabicl,0.989128053188324,1
entity_0317,entity_0541,0,tabicl,7.33352976567403e-07,0
entity_0346,entity_0349,1,tabicl,0.9968197345733643,1
entity_0776,entity_0779,1,tabicl,0.998428225517273,1
entity_0926,entity_0921,1,tabicl,0.9976357221603394,1
entity_0291,entity_0293,1,tabicl,0.9988129138946533,1
entity_0005,entity_0010,1,tabicl,0.981793999671936,1
entity_0225,entity_0226,1,tabicl,0.9972608089447021,1
entity_0676,entity_0755,0,tabicl,1.6460709275634144e-06,0
entity_0304,entity_0054,0,tabicl,8.678477456669498e-07,0
entity_0482,entity_0400,0,tabicl,1.963192289622384e-06,0
entity_0335,entity_0338,1,tabicl,0.9973938465118408,1
entity_0730,entity_0729,1,tabicl,0.997089684009552,1
entity_0843,entity_0848,1,tabicl,0.9957510232925415,1
entity_0764,entity_0763,1,tabicl,0.9983479976654053,1
entity_0165,entity_0361,0,tabicl,8.388566357098171e-07,0
entity_0193,entity_0107,0,tabicl,1.2469598686948302e-06,0
entity_0186,entity_0070,0,tabicl,1.1952104159718147e-06,0
entity_0321,entity_0692,0,tabicl,6.631860287598101e-07,0
entity_0321,entity_0892,0,tabicl,6.245958275030716e-07,0
entity_0575,entity_0646,0,tabicl,1.7448262497055111e-06,0
entity_0950,entity_0949,1,tabicl,0.9991489052772522,1
entity_0397,entity_0509,0,tabicl,1.7179521591970115e-06,0
entity_0110,entity_0109,1,tabicl,0.99941486120224,1
entity_0182,entity_0190,1,tabicl,0.9856507182121277,1
entity_0016,entity_0011,1,tabicl,0.9900014996528625,1
entity_0024,entity_0545,0,tabicl,7.595209012833948e-07,0
entity_0670,entity_0661,1,tabicl,0.9644556045532227,1
entity_0652,entity_0533,0,tabicl,1.3229898740974022e-06,0
entity_0557,entity_0555,1,tabicl,0.9990748167037964,1
entity_0722,entity_0727,1,tabicl,0.993912935256958,1
entity_0425,entity_0428,1,tabicl,0.9987816214561462,1
entity_0302,entity_0647,0,tabicl,7.030144502095936e-07,0
entity_0021,entity_0026,1,tabicl,0.9816577434539795,1
entity_0545,entity_0714,0,tabicl,8.719775337340252e-07,0
entity_0759,entity_0118,0,tabicl,7.697890964664111e-07,0
entity_0162,entity_0163,1,tabicl,0.9986727237701416,1
entity_0394,entity_0392,1,tabicl,0.9983281493186951,1
entity_0336,entity_0141,0,tabicl,9.453290203964571e-07,0
entity_0073,entity_0079,1,tabicl,0.9884795546531677,1
entity_0809,entity_0807,1,tabicl,0.998284101486206,1
entity_0577,entity_0140,0,tabicl,8.999737133308372e-07,0
entity_0196,entity_0194,1,tabicl,0.9965622425079346,1
entity_0183,entity_0182,1,tabicl,0.9981104731559753,1
entity_0302,entity_0307,1,tabicl,0.9975337982177734,1
entity_0044,entity_0043,1,tabicl,0.9971147775650024,1
entity_0080,entity_0594,0,tabicl,9.96950916487549e-07,0
entity_0879,entity_0876,1,tabicl,0.9982023239135742,1
entity_0381,entity_0694,0,tabicl,5.475234274854301e-07,0
entity_0095,entity_0332,0,tabicl,8.14029931461846e-07,0
entity_0098,entity_0097,1,tabicl,0.9987481236457825,1
entity_0919,entity_0913,1,tabicl,0.9965435862541199,1
entity_0399,entity_0397,1,tabicl,0.9984619617462158,1
entity_0983,entity_0401,0,tabicl,1.1757955462599057e-06,0
entity_0278,entity_0434,0,tabicl,9.490552770330396e-07,0
entity_0455,entity_0093,0,tabicl,7.595216970912588e-07,0
entity_0786,entity_0911,0,tabicl,1.1341307981638238e-06,0
entity_0341,entity_0432,0,tabicl,1.5903424355201423e-06,0
entity_0811,entity_0820,1,tabicl,0.9693112969398499,1
entity_0213,entity_0950,0,tabicl,6.372605980686785e-07,0
entity_0692,entity_0604,0,tabicl,1.3207271649662289e-06,0
entity_0062,entity_0103,0,tabicl,4.675100171880331e-06,0
entity_0012,entity_0019,1,tabicl,0.9741302728652954,1
entity_0835,entity_0831,1,tabicl,0.9970131516456604,1
entity_0090,entity_0085,1,tabicl,0.9961862564086914,1
entity_0907,entity_0904,1,tabicl,0.9982197284698486,1
entity_0736,entity_0322,0,tabicl,7.247012945299502e-07,0
entity_0102,entity_0106,1,tabicl,0.9980289340019226,1
entity_0126,entity_0124,1,tabicl,0.9991599321365356,1
entity_0204,entity_0386,0,tabicl,8.937104780670779e-07,0
entity_0060,entity_0059,1,tabicl,0.9977432489395142,1
entity_0853,entity_0858,1,tabicl,0.9955345392227173,1
entity_0024,entity_0279,0,tabicl,9.62993567554804e-07,0
entity_0894,entity_0888,0,tabicl,0.9959130883216858,1
entity_0008,entity_0609,0,tabicl,1.1420017926866421e-06,0
entity_0901,entity_0877,0,tabicl,1.4488063243334182e-05,0
entity_0024,entity_0416,0,tabicl,9.557720659358893e-07,0
entity_0164,entity_0111,0,tabicl,2.4300345558003755e-06,0
entity_0086,entity_0269,0,tabicl,9.66985908235074e-07,0
entity_0950,entity_0082,0,tabicl,1.002935732685728e-06,0
entity_0280,entity_0271,1,tabicl,0.9552542567253113,1
entity_0641,entity_0647,1,tabicl,0.9914538860321045,1
entity_0921,entity_0704,0,tabicl,6.693302907478937e-07,0
entity_0649,entity_0028,0,tabicl,8.901412797968078e-07,0
entity_0408,entity_0409,1,tabicl,0.9993207454681396,1
entity_0503,entity_0510,1,tabicl,0.9928678274154663,1
entity_0014,entity_0019,1,tabicl,0.9873805046081543,1
entity_0876,entity_0027,0,tabicl,9.905481874739053e-07,0
entity_0207,entity_0204,1,tabicl,0.9963158965110779,1
entity_0386,entity_0607,0,tabicl,6.365693252519122e-07,0
entity_0003,entity_0228,0,tabicl,1.586222424521111e-06,0
entity_0625,entity_0624,1,tabicl,0.9988545775413513,1
entity_0123,entity_0129,1,tabicl,0.9964488744735718,1
entity_0999,entity_0310,0,tabicl,1.8144236264561187e-06,0
entity_0880,entity_0878,1,tabicl,0.9984384179115295,1
entity_0628,entity_0623,1,tabicl,0.9972009062767029,1
entity_0172,entity_0398,0,tabicl,6.293583396654867e-07,0
entity_0906,entity_0021,0,tabicl,1.1549310556802084e-06,0
entity_0983,entity_0989,1,tabicl,0.9940813183784485,1
entity_0891,entity_0046,0,tabicl,1.0260345106871682e-06,0
entity_0848,entity_0172,0,tabicl,7.075107077980647e-07,0
entity_0375,entity_0839,0,tabicl,5.357692316465545e-07,0
entity_0724,entity_0721,1,tabicl,0.9965622425079346,1
entity_0512,entity_0227,0,tabicl,8.684364161126723e-07,0
entity_0752,entity_0805,0,tabicl,2.308158627783996e-06,0
entity_0958,entity_0370,0,tabicl,5.538718710340618e-07,0
entity_0911,entity_0243,0,tabicl,6.214693257788895e-07,0
entity_0586,entity_0801,0,tabicl,5.992849878566631e-07,0
entity_0773,entity_0823,0,tabicl,2.5907349936460378e-06,0
entity_0601,entity_0604,1,tabicl,0.9980031847953796,1
entity_0256,entity_0251,1,tabicl,0.9953019618988037,1
entity_0712,entity_0717,1,tabicl,0.9958686828613281,1
entity_0754,entity_0751,1,tabicl,0.997477114200592,1
entity_0320,entity_0489,0,tabicl,7.608621785948344e-07,0
entity_0065,entity_0699,0,tabicl,9.358245733892545e-07,0
entity_0032,entity_0402,0,tabicl,7.536722250733874e-07,0
entity_0832,entity_0840,1,tabicl,0.9825537800788879,1
entity_0840,entity_0681,0,tabicl,8.91833110472362e-07,0
entity_0527,entity_0530,1,tabicl,0.9986509680747986,1
entity_0755,entity_0549,0,tabicl,8.136992732943327e-07,0
entity_0768,entity_0769,1,tabicl,0.9987829327583313,1
entity_0519,entity_0618,0,tabicl,1.4674891417598701e-06,0
entity_0830,entity_0823,1,tabicl,0.9926810264587402,1
entity_0314,entity_0407,0,tabicl,1.5073568420120864e-06,0
entity_0751,entity_0759,1,tabicl,0.9875949621200562,1
entity_0315,entity_0313,1,tabicl,0.9989243745803833,1
entity_0943,entity_0948,1,tabicl,0.9971241354942322,1
entity_0422,entity_0421,1,tabicl,0.9993922114372253,1
entity_0751,entity_0753,1,tabicl,0.9979057312011719,1
entity_0643,entity_0989,0,tabicl,9.250973675989371e-07,0
entity_0434,entity_0439,1,tabicl,0.9974743723869324,1
entity_0101,entity_0681,0,tabicl,8.757703540140938e-07,0
entity_0999,entity_0026,0,tabicl,8.073716344370041e-06,0
entity_0273,entity_0275,1,tabicl,0.99764084815979,1
entity_0171,entity_0711,0,tabicl,6.862446184641158e-07,0
entity_0374,entity_0373,1,tabicl,0.997287392616272,1
entity_0978,entity_0979,1,tabicl,0.999139666557312,1
entity_0410,entity_0441,0,tabicl,6.6320203586656135e-06,0
entity_0856,entity_0859,1,tabicl,0.9973338842391968,1
entity_0348,entity_0494,0,tabicl,9.068359645425517e-07,0
entity_0548,entity_0546,1,tabicl,0.9991377592086792,1
entity_0973,entity_0978,1,tabicl,0.9977113008499146,1
entity_0070,entity_0068,1,tabicl,0.9964180588722229,1
entity_0361,entity_0046,0,tabicl,7.610682359882048e-07,0
entity_0638,entity_0435,0,tabicl,8.810723670649168e-07,0
entity_0534,entity_0548,0,tabicl,0.0031155492179095745,0
entity_0926,entity_0927,1,tabicl,0.9991635680198669,1
entity_0769,entity_0844,0,tabicl,1.4638576431025285e-06,0
entity_0661,entity_0775,0,tabicl,1.091347826331912e-06,0
entity_0969,entity_0766,0,tabicl,1.1240994126637815e-06,0
entity_0434,entity_0004,0,tabicl,1.1730871847248636e-06,0
entity_0112,entity_0253,0,tabicl,1.0708937452363898e-06,0
entity_0097,entity_0647,0,tabicl,8.677302503201645e-07,0
entity_0849,entity_0847,1,tabicl,0.9979572296142578,1
entity_0295,entity_0021,0,tabicl,8.266029567494115e-07,0
entity_0367,entity_0361,1,tabicl,0.9881156086921692,1
entity_0083,entity_0679,0,tabicl,7.991519623828935e-07,0
entity_0043,entity_0938,0,tabicl,7.99803160589363e-07,0
entity_0372,entity_0740,0,tabicl,5.650260277434427e-07,0
entity_0419,entity_0417,1,tabicl,0.9994393587112427,1
entity_0334,entity_0336,1,tabicl,0.9980732798576355,1
entity_0497,entity_0496,1,tabicl,0.9992813467979431,1
entity_0555,entity_0240,0,tabicl,6.616585324081825e-07,0
entity_0264,entity_0268,1,tabicl,0.9967886209487915,1
entity_0412,entity_0108,0,tabicl,8.409648444285267e-07,0
entity_0666,entity_0668,1,tabicl,0.9980225563049316,1
entity_0047,entity_0046,1,tabicl,0.9974468946456909,1
entity_1000,entity_0997,1,tabicl,0.9970517158508301,1
entity_0577,entity_0571,1,tabicl,0.9962149858474731,1
entity_0942,entity_0948,1,tabicl,0.9953874945640564,1
entity_0920,entity_0690,0,tabicl,6.121827595961804e-07,0
entity_0575,entity_0630,0,tabicl,2.4162729914678494e-06,0
entity_0755,entity_0339,0,tabicl,6.312391747087531e-07,0
entity_0182,entity_0739,0,tabicl,7.345975063799415e-07,0
entity_0526,entity_0066,0,tabicl,7.657276910322253e-07,0
entity_0531,entity_0537,1,tabicl,0.9940876960754395,1
entity_0221,entity_0197,0,tabicl,1.1813776836788747e-05,0
entity_0729,entity_0775,0,tabicl,2.7979756396234734e-06,0
entity_0629,entity_0743,0,tabicl,1.1291609780528233e-06,0
entity_0563,entity_0568,1,tabicl,0.9946521520614624,1
entity_0348,entity_0350,1,tabicl,0.9967254996299744,1
entity_0523,entity_0992,0,tabicl,8.109445275295002e-07,0
entity_0171,entity_0175,1,tabicl,0.997379720211029,1
entity_0220,entity_0212,1,tabicl,0.9347931146621704,1
entity_0564,entity_0563,1,tabicl,0.9991752505302429,1
entity_0024,entity_0028,1,tabicl,0.9916985034942627,1
entity_0067,entity_0846,0,tabicl,6.50447020689171e-07,0
entity_0691,entity_0692,1,tabicl,0.9983081221580505,1
entity_0605,entity_0601,1,tabicl,0.9984752535820007,1
entity_0841,entity_0514,0,tabicl,5.745311568716716e-07,0
entity_0046,entity_0043,1,tabicl,0.9959875345230103,1
entity_0062,entity_0136,0,tabicl,2.6839061320060864e-06,0
entity_0487,entity_0029,0,tabicl,8.062289680310641e-07,0
entity_0569,entity_0566,1,tabicl,0.9985540509223938,1
entity_0829,entity_0826,1,tabicl,0.9976586699485779,1
entity_0558,entity_0372,0,tabicl,1.0119371154360124e-06,0
entity_0111,entity_0115,1,tabicl,0.9983868598937988,1
entity_0279,entity_0273,1,tabicl,0.9944880604743958,1
entity_0960,entity_0956,1,tabicl,0.9983886480331421,1
entity_0752,entity_0941,0,tabicl,9.134403740063135e-07,0
entity_0020,entity_0803,0,tabicl,8.28847248612874e-07,0
entity_0839,entity_0193,0,tabicl,7.064554665703326e-07,0
entity_0369,entity_0818,0,tabicl,5.298435326039908e-07,0
entity_0197,entity_0603,0,tabicl,7.952594387461431e-07,0
entity_0807,entity_0802,1,tabicl,0.996547281742096,1
entity_0706,entity_0708,1,tabicl,0.9980670213699341,1
entity_0510,entity_0751,0,tabicl,5.974987971057999e-07,0
entity_0278,entity_0543,0,tabicl,5.945078669356008e-07,0
entity_0186,entity_0189,1,tabicl,0.9978668093681335,1
entity_0483,entity_0414,0,tabicl,2.1931750779913273e-06,0
entity_0294,entity_0915,0,tabicl,6.404665668924281e-07,0
entity_0520,entity_0515,1,tabicl,0.9978436231613159,1
entity_0659,entity_0300,0,tabicl,7.345975063799415e-07,0
entity_0376,entity_0789,0,tabicl,4.7176430939543934e-07,0
entity_0950,entity_0987,0,tabicl,7.268627086887136e-06,0
entity_0215,entity_0517,0,tabicl,6.135124408501724e-07,0
entity_0796,entity_0405,0,tabicl,5.9137181551705e-07,0
entity_0412,entity_0133,0,tabicl,8.355073646271194e-07,0
entity_0716,entity_0213,0,tabicl,7.767113174850238e-07,0
entity_0930,entity_0515,0,tabicl,6.587038683392166e-07,0
entity_0044,entity_0041,1,tabicl,0.9958418607711792,1
entity_0011,entity_0018,1,tabicl,0.9746447801589966,1
entity_0882,entity_0541,0,tabicl,5.893696766179346e-07,0
entity_0782,entity_0786,1,tabicl,0.9978852272033691,1
entity_0955,entity_0954,1,tabicl,0.9993035793304443,1
entity_0730,entity_0725,1,tabicl,0.9950786828994751,1
entity_0648,entity_0641,1,tabicl,0.991608738899231,1
entity_0364,entity_0078,0,tabicl,7.03777175203868e-07,0
entity_0922,entity_0423,0,tabicl,6.212168841557286e-07,0
entity_0681,entity_0688,1,tabicl,0.9912773370742798,1
entity_0318,entity_0317,1,tabicl,0.9988960027694702,1
entity_0418,entity_0420,1,tabicl,0.999206006526947,1
entity_0633,entity_0713,0,tabicl,1.557442146804533e-06,0
entity_0275,entity_0764,0,tabicl,6.738848128406971e-07,0
entity_0086,entity_0081,1,tabicl,0.9939587116241455,1
entity_0495,entity_0496,1,tabicl,0.9993471503257751,1
entity_0833,entity_0945,0,tabicl,1.3828711189489695e-06,0
entity_0446,entity_0447,1,tabicl,0.9992632269859314,1
entity_0328,entity_0671,0,tabicl,6.505350143015676e-07,0
entity_0773,entity_0719,0,tabicl,1.1511781394801801e-06,0
entity_0165,entity_0807,0,tabicl,6.625564310525078e-07,0
entity_0929,entity_0928,1,tabicl,0.9990867972373962,1
entity_0098,entity_0772,0,tabicl,6.829026801824511e-07,0
entity_0795,entity_0785,0,tabicl,0.9042192101478577,1
entity_0389,entity_0943,0,tabicl,8.019753749977099e-07,0
entity_0606,entity_0376,0,tabicl,7.500011065530998e-07,0
entity_0145,entity_0149,1,tabicl,0.9980711340904236,1
entity_0791,entity_0124,0,tabicl,6.500060862890678e-07,0
entity_0170,entity_0751,0,tabicl,7.022525210231834e-07,0
entity_0607,entity_0604,1,tabicl,0.9988730549812317,1
entity_0940,entity_0937,1,tabicl,0.9984350800514221,1
entity_0226,entity_0221,1,tabicl,0.9932564496994019,1
entity_0198,entity_0191,1,tabicl,0.9843531250953674,1
entity_0303,entity_0306,1,tabicl,0.9983850717544556,1
entity_0068,entity_0063,1,tabicl,0.9940685033798218,1
entity_0415,entity_0223,0,tabicl,1.095797983907687e-06,0
entity_0799,entity_0135,0,tabicl,6.976000577196828e-07,0
entity_0274,entity_0882,0,tabicl,5.289816726872232e-07,0
entity_0444,entity_0442,1,tabicl,0.9993338584899902,1
entity_0557,entity_0554,1,tabicl,0.9990019202232361,1
entity_0562,entity_0075,0,tabicl,9.310149380326038e-07,0
entity_0704,entity_0710,1,tabicl,0.9946751594543457,1
entity_0502,entity_0389,0,tabicl,1.3304930917001911e-06,0
entity_0368,entity_0366,1,tabicl,0.9959307312965393,1
entity_0905,entity_0036,0,tabicl,9.934419722412713e-07,0
entity_0370,entity_0279,0,tabicl,1.1664440080494387e-06,0
entity_0349,entity_0941,0,tabicl,5.542480607800826e-07,0
entity_0692,entity_0593,0,tabicl,1.3195185601944104e-06,0
entity_0783,entity_0781,1,tabicl,0.9989185333251953,1
entity_0223,entity_0229,1,tabicl,0.9917696714401245,1
entity_0145,entity_0148,1,tabicl,0.9982081651687622,1
entity_0307,entity_0306,1,tabicl,0.999002993106842,1
entity_0218,entity_0928,0,tabicl,5.940245273450273e-07,0
entity_0306,entity_0999,0,tabicl,1.5904228121144115e-06,0
entity_0749,entity_0744,1,tabicl,0.9952201247215271,1
entity_0239,entity_0152,0,tabicl,1.500009034316463e-06,0
entity_0693,entity_0691,1,tabicl,0.9984179735183716,1
entity_0273,entity_0650,0,tabicl,8.158539230862516e-07,0
entity_0383,entity_0390,1,tabicl,0.9898499846458435,1
entity_0529,entity_0674,0,tabicl,9.496347388449067e-07,0
entity_0028,entity_0246,0,tabicl,1.029518898576498e-06,0
entity_0647,entity_0648,1,tabicl,0.998344361782074,1
entity_0640,entity_0635,1,tabicl,0.9970548748970032,1
entity_0701,entity_0505,0,tabicl,9.487339980296383e-07,0
entity_0113,entity_0115,1,tabicl,0.999240517616272,1
entity_0379,entity_0376,1,tabicl,0.9959087371826172,1
entity_0156,entity_0154,1,tabicl,0.9983208775520325,1
entity_0847,entity_0634,0,tabicl,7.17269244887575e-07,0
entity_0598,entity_0436,0,tabicl,1.2307608585615526e-06,0
entity_0126,entity_0122,1,tabicl,0.9986509680747986,1
entity_0918,entity_0912,1,tabicl,0.9964141845703125,1
entity_0775,entity_0779,1,tabicl,0.9981288313865662,1
entity_0423,entity_0884,0,tabicl,6.274831321206875e-07,0
entity_0578,entity_0575,1,tabicl,0.9985650181770325,1
entity_0177,entity_0173,1,tabicl,0.9968777298927307,1
entity_0120,entity_0757,0,tabicl,6.779185923733166e-07,0
entity_0748,entity_0749,1,tabicl,0.9978966116905212,1
entity_0074,entity_0788,0,tabicl,9.515683814242948e-07,0
entity_0401,entity_0662,0,tabicl,6.152631613076665e-07,0
entity_0965,entity_0970,1,tabicl,0.9983007311820984,1
entity_0836,entity_0451,0,tabicl,5.822978437208803e-07,0
entity_0800,entity_0799,1,tabicl,0.9987081289291382,1
entity_0724,entity_0726,1,tabicl,0.9966174960136414,1
entity_0509,entity_0505,1,tabicl,0.9984536170959473,1
entity_0600,entity_0776,0,tabicl,8.103947948256973e-07,0
entity_0954,entity_0956,1,tabicl,0.9991990923881531,1
entity_0770,entity_0767,1,tabicl,0.9984367489814758,1
entity_0888,entity_0423,0,tabicl,8.893564995560155e-07,0
entity_0437,entity_0431,1,tabicl,0.9965097904205322,1
entity_0237,entity_0235,1,tabicl,0.9961985945701599,1
entity_0819,entity_0136,0,tabicl,7.254875526996329e-07,0
entity_0999,entity_0992,1,tabicl,0.9916627407073975,1
entity_0582,entity_0584,1,tabicl,0.9987467527389526,1
entity_0348,entity_0714,0,tabicl,6.511533001685166e-07,0
entity_0358,entity_0996,0,tabicl,1.1073771020164713e-06,0
entity_0358,entity_0865,0,tabicl,5.386104362514743e-07,0
entity_0680,entity_0552,0,tabicl,1.1105361181762419e-06,0
entity_0636,entity_0637,1,tabicl,0.9986479878425598,1
entity_0294,entity_0292,1,tabicl,0.9988570809364319,1
entity_0973,entity_0724,0,tabicl,8.864063261171395e-07,0
entity_0631,entity_0640,1,tabicl,0.9518433809280396,1
entity_0361,entity_0723,0,tabicl,5.874545081496763e-07,0
entity_0670,entity_0663,1,tabicl,0.9913427829742432,1
entity_0831,entity_0257,0,tabicl,6.746165013282734e-07,0
entity_0376,entity_0373,1,tabicl,0.9955441355705261,1
entity_0504,entity_0852,0,tabicl,5.009114829590544e-07,0
entity_0357,entity_0159,0,tabicl,1.1209402828171733e-06,0
entity_0515,entity_0069,0,tabicl,6.789311441934842e-07,0
entity_0370,entity_0240,0,tabicl,1.3905812465964118e-06,0
entity_0553,entity_0556,1,tabicl,0.9968060255050659,1
entity_0459,entity_0454,1,tabicl,0.9971734881401062,1
entity_0553,entity_0987,0,tabicl,8.016488663997734e-07,0
entity_0313,entity_0311,1,tabicl,0.9989067316055298,1
entity_0626,entity_0837,0,tabicl,6.430781240851502e-07,0
entity_0342,entity_0348,1,tabicl,0.9938336610794067,1
entity_0627,entity_0695,0,tabicl,2.0293871330068214e-06,0
entity_0296,entity_0295,1,tabicl,0.9990390539169312,1
entity_0904,entity_0905,1,tabicl,0.9988231062889099,1
entity_0245,entity_0241,1,tabicl,0.9953774809837341,1
entity_0380,entity_0943,0,tabicl,5.659465500684746e-07,0
entity_0653,entity_0655,1,tabicl,0.997977077960968,1
entity_0361,entity_0912,0,tabicl,5.873743589290825e-07,0
entity_0140,entity_0639,0,tabicl,8.975360401564103e-07,0
entity_0086,entity_0872,0,tabicl,5.771869950876862e-07,0
entity_0834,entity_0909,0,tabicl,1.7838609664977412e-06,0
entity_0600,entity_0718,0,tabicl,1.146853037425899e-06,0
entity_0429,entity_0428,1,tabicl,0.9992313981056213,1
entity_0570,entity_0191,0,tabicl,7.878509791225952e-07,0
entity_0730,entity_0335,0,tabicl,7.691623977734707e-07,0
entity_0742,entity_0744,1,tabicl,0.9970388412475586,1
entity_0418,entity_0413,1,tabicl,0.9987683296203613,1
entity_0176,entity_0819,0,tabicl,6.218066346264095e-07,0
entity_0286,entity_0197,0,tabicl,1.6588342077739071e-06,0
entity_0308,entity_0130,0,tabicl,9.406607546225132e-07,0
entity_0166,entity_0237,0,tabicl,1.927767243614653e-06,0
entity_0066,entity_0042,0,tabicl,1.6689640688127838e-05,0
entity_0793,entity_0489,0,tabicl,5.189615421841154e-07,0
entity_0200,entity_0583,0,tabicl,8.355073646271194e-07,0
entity_0534,entity_0526,0,tabicl,0.988711953163147,1
entity_0519,entity_0515,1,tabicl,0.9982446432113647,1
entity_0562,entity_0384,0,tabicl,1.179189098365896e-06,0
entity_0266,entity_0261,1,tabicl,0.9952045679092407,1
entity_0748,entity_0903,0,tabicl,1.07016671790916e-06,0
entity_0905,entity_0910,1,tabicl,0.9962839484214783,1
entity_0837,entity_0834,1,tabicl,0.9971303343772888,1
entity_0197,entity_0193,1,tabicl,0.9939911961555481,1
entity_0524,entity_0043,0,tabicl,6.851290095255536e-07,0
entity_0813,entity_0089,0,tabicl,8.667890369906672e-07,0
entity_0909,entity_0903,1,tabicl,0.9962999820709229,1
entity_0240,entity_0235,1,tabicl,0.9933143854141235,1
entity_0224,entity_0630,0,tabicl,7.400985282401962e-07,0
entity_0260,entity_0251,1,tabicl,0.945956826210022,1
entity_0229,entity_0224,1,tabicl,0.9935826659202576,1
entity_0392,entity_0064,0,tabicl,8.269389013548789e-07,0
entity_0469,entity_0461,1,tabicl,0.9800276160240173,1
entity_0809,entity_0100,0,tabicl,7.457410333699954e-07,0
entity_0315,entity_0358,0,tabicl,5.876651812286582e-06,0
entity_0107,entity_0109,1,tabicl,0.9992094039916992,1
entity_0662,entity_0664,1,tabicl,0.9977675676345825,1
entity_0885,entity_0881,1,tabicl,0.9975970387458801,1
entity_0635,entity_0639,1,tabicl,0.9961155652999878,1
entity_0613,entity_0614,1,tabicl,0.9984982013702393,1
entity_0094,entity_0093,1,tabicl,0.9992033839225769,1
entity_0066,entity_0062,1,tabicl,0.9948503971099854,1
entity_0679,entity_0848,0,tabicl,8.635036010673502e-07,0
entity_0684,entity_0681,1,tabicl,0.9982484579086304,1
entity_0266,entity_0270,1,tabicl,0.9965059757232666,1
entity_0247,entity_0241,1,tabicl,0.9913334846496582,1
entity_0766,entity_0867,0,tabicl,1.349976628262084e-06,0
entity_0106,entity_0103,1,tabicl,0.9990545511245728,1
entity_0686,entity_0688,1,tabicl,0.9980031847953796,1
entity_0677,entity_0210,0,tabicl,8.250349310401361e-07,0
entity_0535,entity_0531,1,tabicl,0.9987067580223083,1
entity_0903,entity_0904,1,tabicl,0.9988089799880981,1
entity_0396,entity_0165,0,tabicl,8.956515102909179e-07,0
entity_0334,entity_0742,0,tabicl,7.271625008797855e-07,0
entity_0631,entity_0663,0,tabicl,4.295268354326254e-06,0
entity_0812,entity_0794,0,tabicl,7.946579717099667e-05,0
entity_0035,entity_0325,0,tabicl,7.679113878111821e-07,0
entity_0538,entity_0818,0,tabicl,5.062383365839196e-07,0
entity_0722,entity_0665,0,tabicl,1.3286330613482278e-06,0
entity_0707,entity_0706,1,tabicl,0.9985063076019287,1
entity_0443,entity_0508,0,tabicl,2.6099339720531134e-06,0
entity_0144,entity_0073,0,tabicl,2.185379116781405e-06,0
entity_0100,entity_0690,0,tabicl,8.232453296841413e-07,0
entity_0102,entity_0107,1,tabicl,0.9974218606948853,1
entity_0756,entity_0754,1,tabicl,0.9978783130645752,1
entity_0398,entity_0600,0,tabicl,7.779761403980956e-07,0
entity_0286,entity_0199,0,tabicl,1.6449426993858651e-06,0
entity_0719,entity_0698,0,tabicl,7.573556558782002e-06,0
entity_0432,entity_0437,1,tabicl,0.9973165392875671,1
entity_0732,entity_0443,0,tabicl,5.799336122436216e-07,0
entity_0974,entity_0977,1,tabicl,0.998824417591095,1
entity_0234,entity_0203,0,tabicl,4.92421804665355e-06,0
entity_0437,entity_0439,1,tabicl,0.9989996552467346,1
entity_0472,entity_0477,1,tabicl,0.9981807470321655,1
entity_0485,entity_0581,0,tabicl,1.6768742625572486e-06,0
entity_0966,entity_0962,1,tabicl,0.9986727237701416,1
entity_0507,entity_0501,1,tabicl,0.9962759017944336,1
entity_0507,entity_0655,0,tabicl,9.415547310709371e-07,0
entity_0249,entity_0059,0,tabicl,8.681424787937431e-07,0
entity_0693,entity_0535,0,tabicl,1.2155232980148867e-06,0
entity_0286,entity_0317,0,tabicl,1.786920074664522e-05,0
entity_0324,entity_0322,1,tabicl,0.998491644859314,1
entity_0254,entity_0255,1,tabicl,0.9980395436286926,1
entity_0043,entity_0910,0,tabicl,7.745019843241607e-07,0
entity_0253,entity_0258,1,tabicl,0.9952918291091919,1
entity_0648,entity_0811,0,tabicl,9.642360510042636e-07,0
entity_0183,entity_0189,1,tabicl,0.9953524470329285,1
entity_0931,entity_0185,0,tabicl,6.704214570163458e-07,0
entity_0045,entity_0046,1,tabicl,0.9966719746589661,1
entity_0165,entity_0162,1,tabicl,0.997901201248169,1
entity_0475,entity_0792,0,tabicl,4.4636624352278886e-07,0
entity_0391,entity_0398,1,tabicl,0.9916985034942627,1
entity_0774,entity_0779,1,tabicl,0.997520387172699,1
entity_0924,entity_0107,0,tabicl,7.152296461754304e-07,0
entity_0987,entity_0982,1,tabicl,0.9969741106033325,1
entity_0429,entity_0551,0,tabicl,1.484011477259628e-06,0
entity_0724,entity_0722,1,tabicl,0.9968540072441101,1
entity_0287,entity_0015,0,tabicl,8.547638685740822e-07,0
entity_0321,entity_0323,1,tabicl,0.9983886480331421,1
entity_0428,entity_0575,0,tabicl,1.1561852488739532e-06,0
entity_0524,entity_0523,1,tabicl,0.999355137348175,1
entity_0458,entity_0212,0,tabicl,8.504276820531231e-07,0
entity_0576,entity_0579,1,tabicl,0.9981308579444885,1
entity_0975,entity_0784,0,tabicl,1.4476203205049387e-06,0
entity_0569,entity_0932,0,tabicl,5.224924279900733e-07,0
entity_0253,entity_0255,1,tabicl,0.9978130459785461,1
entity_1000,entity_0112,0,tabicl,3.460394964349689e-06,0
entity_0789,entity_0782,1,tabicl,0.9961531162261963,1
entity_0173,entity_0095,0,tabicl,1.5905850432318402e-06,0
entity_0825,entity_0828,1,tabicl,0.9974688291549683,1
entity_0296,entity_0057,0,tabicl,8.844844501254556e-07,0
entity_0364,entity_0368,1,tabicl,0.9935131669044495,1
entity_0010,entity_0133,0,tabicl,2.2614433419221314e-06,0
entity_0312,entity_0314,1,tabicl,0.9986509680747986,1
entity_0099,entity_0092,1,tabicl,0.9900014996528625,1
entity_0460,entity_0696,0,tabicl,5.494572405950748e-07,0
entity_0763,entity_0762,1,tabicl,0.9983099699020386,1
entity_0514,entity_0513,1,tabicl,0.9993035793304443,1
entity_0555,entity_0932,0,tabicl,4.827681436836428e-07,0
entity_0511,entity_0942,0,tabicl,6.829952212683565e-07,0
entity_0996,entity_0369,0,tabicl,1.0887614507737453e-06,0
entity_0392,entity_0908,0,tabicl,7.607591214764398e-07,0
entity_0397,entity_0521,0,tabicl,1.4126195537755848e-06,0
entity_0327,entity_0326,1,tabicl,0.9985462427139282,1
entity_0955,entity_0760,0,tabicl,9.796589210964157e-07,0
entity_0776,entity_0957,0,tabicl,1.1377501323295292e-06,0
entity_0490,entity_0483,1,tabicl,0.9953524470329285,1
entity_0158,entity_0152,1,tabicl,0.9931760430335999,1
entity_0636,entity_0530,0,tabicl,1.3797346127830679e-06,0
entity_0500,entity_0495,1,tabicl,0.9975284934043884,1
entity_0321,entity_0428,0,tabicl,1.4855379504297161e-06,0
entity_0913,entity_0915,1,tabicl,0.9988508224487305,1
entity_0818,entity_0811,1,tabicl,0.9931095838546753,1
entity_0770,entity_0766,1,tabicl,0.9979506134986877,1
entity_0715,entity_0719,1,tabicl,0.9959263801574707,1
entity_0462,entity_0696,0,tabicl,6.086231110202789e-07,0
entity_0960,entity_0571,0,tabicl,7.318131451938825e-07,0
entity_0874,entity_0833,0,tabicl,1.974807901206077e-06,0
entity_0517,entity_0929,0,tabicl,6.116021609159361e-07,0
entity_0711,entity_0360,0,tabicl,6.730633117513207e-07,0
entity_0741,entity_0314,0,tabicl,8.062828555921442e-07,0
entity_0766,entity_0765,1,tabicl,0.9986332654953003,1
entity_0870,entity_0863,1,tabicl,0.9920653700828552,1
entity_0135,entity_0554,0,tabicl,8.046988568821689e-07,0
entity_0516,entity_0513,1,tabicl,0.9987868666648865,1
entity_0067,entity_0069,1,tabicl,0.9968811273574829,1
entity_0669,entity_0662,1,tabicl,0.9904734492301941,1
entity_0580,entity_0195,0,tabicl,7.804067081451649e-07,0
entity_0242,entity_0244,1,tabicl,0.9977748394012451,1
entity_0917,entity_0915,1,tabicl,0.9988742470741272,1
entity_0231,entity_0602,0,tabicl,8.033899803194799e-07,0
entity_0437,entity_0265,0,tabicl,1.130061605181254e-06,0
entity_0263,entity_0278,0,tabicl,0.07034637778997421,0
entity_0179,entity_0172,1,tabicl,0.9884423613548279,1
entity_0292,entity_0211,0,tabicl,1.8060766251437599e-06,0
entity_0643,entity_0650,1,tabicl,0.9869822859764099,1
entity_0320,entity_0656,0,tabicl,6.744338634234737e-07,0
entity_0732,entity_0209,0,tabicl,7.905281904641015e-07,0
entity_0391,entity_0397,1,tabicl,0.9945295453071594,1
entity_0944,entity_0042,0,tabicl,1.002918565973232e-06,0
entity_0596,entity_0784,0,tabicl,7.572579079351272e-07,0
entity_0170,entity_0870,0,tabicl,5.500539259628567e-07,0
entity_0808,entity_0809,1,tabicl,0.9985383152961731,1
entity_0727,entity_0724,1,tabicl,0.9969806671142578,1
entity_0493,entity_0528,0,tabicl,4.387530680105556e-06,0
entity_0522,entity_0528,1,tabicl,0.9952968955039978,1
entity_0425,entity_0427,1,tabicl,0.9990484118461609,1
entity_0071,entity_0078,1,tabicl,0.9797065258026123,1
entity_0401,entity_0719,0,tabicl,4.428689805990871e-07,0
entity_0077,entity_0080,1,tabicl,0.9971427321434021,1
entity_0866,entity_0861,1,tabicl,0.9965059757232666,1
entity_0101,entity_0107,1,tabicl,0.9962718486785889,1
entity_0179,entity_0176,1,tabicl,0.9974274635314941,1
entity_0126,entity_0123,1,tabicl,0.9988077282905579,1
entity_0806,entity_0226,0,tabicl,7.438218858624168e-07,0
entity_0176,entity_0725,0,tabicl,7.662989673917764e-07,0
entity_0671,entity_0216,0,tabicl,8.835250469019229e-07,0
entity_0534,entity_0320,0,tabicl,8.186801210285921e-07,0
entity_0188,entity_0183,1,tabicl,0.99543696641922,1
entity_0990,entity_0964,0,tabicl,5.1514820370357484e-05,0
entity_0616,entity_0668,0,tabicl,2.4295015919051366e-06,0
entity_0036,entity_0800,0,tabicl,7.129047503440233e-07,0
entity_0454,entity_0453,1,tabicl,0.9992998242378235,1
entity_0061,entity_0564,0,tabicl,7.071261620694713e-07,0
entity_0168,entity_0170,1,tabicl,0.9982389211654663,1
entity_0521,entity_0526,1,tabicl,0.9969544410705566,1
entity_0237,entity_0167,0,tabicl,1.7226195723196724e-06,0
entity_0210,entity_0278,0,tabicl,2.4290059172926703e-06,0
entity_0796,entity_0793,1,tabicl,0.9982896447181702,1
entity_0654,entity_0539,0,tabicl,1.3457721479426255e-06,0
entity_0467,entity_0463,1,tabicl,0.9979102611541748,1
entity_0100,entity_0745,0,tabicl,7.139688591450977e-07,0
entity_0033,entity_0032,1,tabicl,0.9977186918258667,1
entity_0937,entity_0538,0,tabicl,6.19113166067109e-07,0
entity_0504,entity_0074,0,tabicl,7.941816875245422e-07,0
entity_0846,entity_0841,1,tabicl,0.9964219331741333,1
entity_0096,entity_0092,1,tabicl,0.9980310797691345,1
entity_0747,entity_0741,1,tabicl,0.9938932657241821,1
entity_0372,entity_0378,1,tabicl,0.9929670095443726,1
entity_0722,entity_0963,0,tabicl,7.032048756627773e-07,0
entity_0148,entity_0149,1,tabicl,0.9987289905548096,1
entity_0772,entity_0561,0,tabicl,7.721942552052496e-07,0
entity_0335,entity_0331,1,tabicl,0.9953973889350891,1
entity_0444,entity_0226,0,tabicl,9.990494618250523e-07,0
entity_0587,entity_0843,0,tabicl,5.54398184249294e-07,0
entity_0867,entity_0789,0,tabicl,9.232184083884931e-07,0
entity_0106,entity_0195,0,tabicl,1.6209128261834849e-06,0
entity_0663,entity_0667,1,tabicl,0.9967042207717896,1
entity_0065,entity_0068,1,tabicl,0.997016429901123,1
entity_0058,entity_0313,0,tabicl,8.734573384572286e-07,0
entity_0797,entity_0794,1,tabicl,0.9983515739440918,1
entity_0739,entity_0733,1,tabicl,0.9944402575492859,1
entity_0222,entity_0377,0,tabicl,1.0332083775210776e-06,0
entity_0092,entity_0202,0,tabicl,1.3968920029583387e-06,0
entity_0353,entity_0355,1,tabicl,0.9952918291091919,1
entity_0641,entity_0646,1,tabicl,0.993726372718811,1
entity_0712,entity_0122,0,tabicl,8.830465958453715e-07,0
entity_0813,entity_0815,1,tabicl,0.998223602771759,1
entity_0944,entity_0946,1,tabicl,0.9988521337509155,1
entity_0965,entity_0143,0,tabicl,8.761562639847398e-07,0
entity_0588,entity_0481,0,tabicl,1.2999548744119238e-06,0
entity_0262,entity_0270,1,tabicl,0.9832288026809692,1
entity_0054,entity_0059,1,tabicl,0.9950037598609924,1
entity_0982,entity_0986,1,tabicl,0.9976357221603394,1
entity_0833,entity_0835,1,tabicl,0.9976280331611633,1
entity_0860,entity_0678,0,tabicl,7.478677161998348e-07,0
entity_0787,entity_0017,0,tabicl,7.310193836929102e-07,0
entity_0800,entity_0794,1,tabicl,0.9966467022895813,1
entity_0876,entity_0874,1,tabicl,0.9984949231147766,1
entity_0291,entity_0790,0,tabicl,6.993532224441878e-07,0
entity_0902,entity_0016,0,tabicl,1.1452605122030945e-06,0
entity_0357,entity_0355,1,tabicl,0.9939261078834534,1
entity_0760,entity_0775,0,tabicl,0.00034938575117848814,0
entity_0661,entity_0193,0,tabicl,7.123243790374545e-07,0
entity_0489,entity_0753,0,tabicl,5.280497816784191e-07,0
entity_0169,entity_0168,1,tabicl,0.9985835552215576,1
entity_0245,entity_0244,1,tabicl,0.9980416893959045,1
entity_0126,entity_0129,1,tabicl,0.9986406564712524,1
entity_0116,entity_0113,1,tabicl,0.9992890954017639,1
entity_0891,entity_0703,0,tabicl,7.872103537920339e-07,0
entity_0091,entity_0835,0,tabicl,5.593072387455322e-07,0
entity_0764,entity_0279,0,tabicl,9.10472067516821e-07,0
entity_0365,entity_0841,0,tabicl,5.198770054448687e-07,0
entity_0169,entity_0139,0,tabicl,6.861472229502397e-06,0
entity_0016,entity_0018,1,tabicl,0.9943373799324036,1
entity_0810,entity_0487,0,tabicl,6.334686872833117e-07,0
entity_0648,entity_0131,0,tabicl,1.0382132131780963e-06,0
entity_0894,entity_0899,1,tabicl,0.9948113560676575,1
entity_0701,entity_0707,1,tabicl,0.9947209358215332,1
entity_0402,entity_0408,1,tabicl,0.994640588760376,1
entity_0421,entity_0977,0,tabicl,9.368406495013915e-07,0
entity_0779,entity_0777,1,tabicl,0.9989733695983887,1
entity_0525,entity_0526,1,tabicl,0.9992890954017639,1
entity_0041,entity_0042,1,tabicl,0.9970034956932068,1
entity_0920,entity_0863,0,tabicl,1.7170348201034358e-06,0
entity_0699,entity_0116,0,tabicl,1.0967461321342853e-06,0
entity_0209,entity_0541,0,tabicl,6.302977340055804e-07,0
entity_0302,entity_0301,1,tabicl,0.9989744424819946,1
entity_0332,entity_0338,1,tabicl,0.9940748810768127,1
entity_0026,entity_0024,1,tabicl,0.9953524470329285,1
entity_0563,entity_0719,0,tabicl,1.0430125030325144e-06,0
entity_0667,entity_0666,1,tabicl,0.9985665678977966,1
entity_0690,entity_0139,0,tabicl,8.48353977289662e-07,0
entity_0019,entity_0020,1,tabicl,0.994306743144989,1
entity_0524,entity_0526,1,tabicl,0.9991024732589722,1
entity_0023,entity_0028,1,tabicl,0.9855583310127258,1
entity_0715,entity_0720,1,tabicl,0.9948946237564087,1
entity_0196,entity_0198,1,tabicl,0.9975444674491882,1
entity_0633,entity_0969,0,tabicl,6.363108013829333e-07,0
entity_0536,entity_0539,1,tabicl,0.9979901313781738,1
entity_0980,entity_0978,1,tabicl,0.9989833235740662,1
entity_0379,entity_0863,0,tabicl,5.043200417276239e-07,0
entity_0385,entity_0530,0,tabicl,1.2317448181420332e-06,0
entity_0939,entity_0935,1,tabicl,0.9979147911071777,1
entity_0736,entity_0233,0,tabicl,7.354948365900782e-07,0
entity_0469,entity_0188,0,tabicl,7.544905997747264e-07,0
entity_0910,entity_0527,0,tabicl,6.045914915375761e-07,0
entity_0545,entity_0334,0,tabicl,7.95582536738948e-07,0
entity_0385,entity_0262,0,tabicl,1.3204589777160436e-06,0
entity_0971,entity_0978,1,tabicl,0.9957141280174255,1
entity_0038,entity_0541,0,tabicl,6.710579327773303e-07,0
entity_0816,entity_0815,1,tabicl,0.998473584651947,1
entity_0497,entity_0499,1,tabicl,0.9991349577903748,1
entity_0499,entity_0833,0,tabicl,5.16223508384428e-07,0
entity_0731,entity_0738,1,tabicl,0.990370512008667,1
entity_0663,entity_0945,0,tabicl,5.893696766179346e-07,0
entity_0376,entity_0371,1,tabicl,0.9925538301467896,1
entity_0091,entity_0886,0,tabicl,6.534530712087872e-07,0
entity_0626,entity_0917,0,tabicl,5.776566922577331e-07,0
entity_0602,entity_0601,1,tabicl,0.9991264939308167,1
entity_0401,entity_0892,0,tabicl,6.321814112197899e-07,0
entity_0260,entity_0256,1,tabicl,0.9952406883239746,1
entity_0288,entity_0285,1,tabicl,0.9984982013702393,1
entity_0577,entity_0576,1,tabicl,0.9991320967674255,1
entity_0484,entity_0656,0,tabicl,8.229666832448856e-07,0
entity_0813,entity_0887,0,tabicl,1.5802899042682839e-06,0
entity_0590,entity_0565,0,tabicl,6.933037184353452e-06,0
entity_0568,entity_0700,0,tabicl,1.2197036767247482e-06,0
entity_0771,entity_0156,0,tabicl,7.071269010339165e-07,0
entity_0488,entity_0486,1,tabicl,0.999092698097229,1
entity_0849,entity_0718,0,tabicl,1.0524616982365842e-06,0
entity_0323,entity_0012,0,tabicl,8.283983561341302e-07,0
entity_0219,entity_0216,1,tabicl,0.9919968247413635,1
entity_0902,entity_0909,1,tabicl,0.9885779619216919,1
entity_0679,entity_0680,1,tabicl,0.9984652996063232,1
entity_0848,entity_0535,0,tabicl,5.3034654001749e-07,0
entity_0946,entity_0542,0,tabicl,6.541626476064266e-07,0
entity_0011,entity_0863,0,tabicl,9.798587825571303e-07,0
entity_0243,entity_0756,0,tabicl,6.656185860265396e-07,0
entity_0655,entity_0222,0,tabicl,8.277800134237623e-07,0
entity_0876,entity_0880,1,tabicl,0.9963119626045227,1
entity_0899,entity_0892,1,tabicl,0.9944402575492859,1
entity_0615,entity_0620,1,tabicl,0.9940299987792969,1
entity_0722,entity_0522,0,tabicl,9.419373441232892e-07,0
entity_0545,entity_0543,1,tabicl,0.9991489052772522,1
entity_0405,entity_0404,1,tabicl,0.998931348323822,1
entity_0678,entity_0153,0,tabicl,7.403986046483624e-07,0
entity_0502,entity_0228,0,tabicl,7.71147028899577e-07,0
entity_0893,entity_0894,1,tabicl,0.9986770153045654,1
entity_0919,entity_0918,1,tabicl,0.9989877343177795,1
entity_0384,entity_0381,1,tabicl,0.9957555532455444,1
entity_0178,entity_0180,1,tabicl,0.9982465505599976,1
entity_0727,entity_0728,1,tabicl,0.996924638748169,1
entity_0403,entity_0401,1,tabicl,0.9983780980110168,1
entity_0951,entity_0952,1,tabicl,0.9992535710334778,1
entity_0046,entity_0502,0,tabicl,6.345872520796547e-07,0
entity_0413,entity_0415,1,tabicl,0.9993324279785156,1
entity_0795,entity_0279,0,tabicl,7.068389891173865e-07,0
entity_0429,entity_0967,0,tabicl,7.549000997641997e-07,0
entity_0871,entity_0874,1,tabicl,0.9976586699485779,1
entity_0223,entity_0225,1,tabicl,0.9967148303985596,1
entity_0910,entity_0617,0,tabicl,6.384717607943458e-07,0
entity_0805,entity_0810,1,tabicl,0.99669349193573,1
entity_0326,entity_0328,1,tabicl,0.9982003569602966,1
entity_0152,entity_0350,0,tabicl,7.575670224468922e-07,0
entity_0616,entity_0633,0,tabicl,0.00024853041395545006,0
entity_0972,entity_0660,0,tabicl,7.799840773259348e-07,0
entity_0208,entity_0464,0,tabicl,6.036898412276059e-07,0
entity_0832,entity_0207,0,tabicl,8.310991574944637e-07,0
entity_0923,entity_0321,0,tabicl,6.223126547411084e-07,0
entity_0477,entity_0698,0,tabicl,5.71190412301803e-07,0
entity_0098,entity_0091,1,tabicl,0.9911735653877258,1
entity_0914,entity_0917,1,tabicl,0.9986093640327454,1
entity_0981,entity_0619,0,tabicl,9.421286222277558e-07,0
entity_0842,entity_0471,0,tabicl,6.71967939069873e-07,0
entity_0690,entity_0684,1,tabicl,0.9956955909729004,1
entity_0105,entity_0102,1,tabicl,0.9991311430931091,1
entity_0003,entity_0408,0,tabicl,1.9536948911991203e-06,0
entity_0172,entity_0453,0,tabicl,7.036817919470195e-07,0
entity_0959,entity_0755,0,tabicl,9.524727033749514e-07,0
entity_0836,entity_0090,0,tabicl,8.755915814617765e-07,0
entity_0336,entity_0338,1,tabicl,0.9982427358627319,1
entity_0300,entity_0294,1,tabicl,0.9968945384025574,1
entity_0543,entity_0547,1,tabicl,0.995886504650116,1
entity_0631,entity_0388,0,tabicl,6.712396611874283e-07,0
entity_0613,entity_0616,1,tabicl,0.9969046115875244,1
entity_0336,entity_0335,1,tabicl,0.997998833656311,1
entity_0859,entity_0852,1,tabicl,0.9873126745223999,1
entity_0163,entity_0161,1,tabicl,0.9983497858047485,1
entity_0167,entity_0798,0,tabicl,6.312385494311457e-07,0
entity_0374,entity_0201,0,tabicl,1.3053451084488188e-06,0
entity_0016,entity_0178,0,tabicl,1.5613817367921001e-06,0
entity_0334,entity_0338,1,tabicl,0.9968574047088623,1
entity_0671,entity_0793,0,tabicl,1.1379444231351954e-06,0
entity_0563,entity_0724,0,tabicl,8.771971806709189e-07,0
entity_0623,entity_0626,1,tabicl,0.9973540306091309,1
entity_0316,entity_0320,1,tabicl,0.99764084815979,1
entity_0470,entity_0464,1,tabicl,0.9953070282936096,1
entity_0331,entity_0648,0,tabicl,6.022183356435562e-07,0
entity_0218,entity_0214,1,tabicl,0.9893360733985901,1
entity_0993,entity_1000,1,tabicl,0.9856507182121277,1
entity_0921,entity_0930,1,tabicl,0.980961263179779,1
entity_0809,entity_0804,1,tabicl,0.9965807795524597,1
entity_0940,entity_0934,1,tabicl,0.9960306286811829,1
entity_0363,entity_0368,1,tabicl,0.9918665289878845,1
entity_0787,entity_0328,0,tabicl,6.217224495230766e-07,0
entity_0311,entity_0319,1,tabicl,0.9901824593544006,1
entity_0358,entity_0351,1,tabicl,0.986354410648346,1
entity_0885,entity_0726,0,tabicl,9.339227631244285e-07,0
entity_0738,entity_0542,0,tabicl,9.370318707624392e-07,0
entity_0613,entity_0617,1,tabicl,0.9953774809837341,1
entity_0211,entity_0214,1,tabicl,0.9968811273574829,1
entity_0529,entity_0240,0,tabicl,8.362438848052989e-07,0
entity_0039,entity_0919,0,tabicl,8.00887789864646e-07,0
entity_0730,entity_0055,0,tabicl,9.28870463212661e-07,0
entity_0393,entity_0391,1,tabicl,0.9984485507011414,1
entity_0922,entity_0356,0,tabicl,6.329535722215951e-07,0
entity_0643,entity_0058,0,tabicl,7.375921882157854e-07,0
entity_0646,entity_0778,0,tabicl,9.911528877637465e-07,0
entity_0531,entity_0746,0,tabicl,6.470151561188686e-07,0
entity_0802,entity_0214,0,tabicl,7.873169352023979e-07,0
entity_0721,entity_0002,0,tabicl,1.3196531654102728e-06,0
entity_0740,entity_0742,0,tabicl,0.9968777298927307,1
entity_0322,entity_0328,1,tabicl,0.9958057403564453,1
entity_0886,entity_0364,0,tabicl,6.622866521865944e-07,0
entity_0594,entity_0600,1,tabicl,0.9956908822059631,1
entity_0530,entity_0435,0,tabicl,1.934660758706741e-06,0
entity_0215,entity_0220,1,tabicl,0.992408037185669,1
entity_0976,entity_0643,0,tabicl,8.509460371897148e-07,0
entity_0704,entity_0955,0,tabicl,6.557617098224e-07,0
entity_0642,entity_0057,0,tabicl,8.972921250460786e-07,0
entity_0275,entity_0276,1,tabicl,0.9982331991195679,1
entity_0738,entity_0029,0,tabicl,8.489868719152582e-07,0
entity_0587,entity_0589,1,tabicl,0.9985880851745605,1
entity_0930,entity_0926,1,tabicl,0.9981509447097778,1
entity_0278,entity_0280,1,tabicl,0.9981226921081543,1
entity_0544,entity_0221,0,tabicl,6.642659400313278e-07,0
entity_0637,entity_0160,0,tabicl,9.334793844573142e-07,0
entity_0755,entity_0465,0,tabicl,5.167840413378144e-07,0
entity_0319,entity_0768,0,tabicl,7.279027727236098e-07,0
entity_0991,entity_0455,0,tabicl,1.0372976930739242e-06,0
entity_0434,entity_0889,0,tabicl,6.791150894969178e-07,0
entity_0890,entity_0237,0,tabicl,5.488612373483193e-07,0
entity_0597,entity_0060,0,tabicl,7.470564469258534e-07,0
entity_0784,entity_0534,0,tabicl,6.63545449697267e-07,0
entity_0623,entity_0627,1,tabicl,0.9953874945640564,1
entity_0788,entity_0595,0,tabicl,8.577836752010626e-07,0
entity_0804,entity_0350,0,tabicl,6.123491971266048e-07,0
entity_0453,entity_0451,1,tabicl,0.9992535710334778,1
entity_0354,entity_0131,0,tabicl,8.925588872443768e-07,0
entity_0584,entity_0588,1,tabicl,0.9973195195198059,1
entity_0594,entity_0596,1,tabicl,0.9986697435379028,1
entity_0203,entity_0202,1,tabicl,0.9974934458732605,1
entity_0544,entity_0109,0,tabicl,7.894560098975489e-07,0
entity_0724,entity_0173,0,tabicl,8.028461593312386e-07,0
entity_0601,entity_0609,1,tabicl,0.9813424944877625,1
entity_0764,entity_0063,0,tabicl,1.0033950275101233e-06,0
entity_0185,entity_0183,1,tabicl,0.9981268048286438,1
entity_0947,entity_0943,1,tabicl,0.9979372024536133,1
entity_0815,entity_0329,0,tabicl,6.559394023497589e-07,0
entity_0454,entity_0128,0,tabicl,8.484114459861303e-07,0
entity_0098,entity_0867,0,tabicl,5.923347430325521e-07,0
entity_0397,entity_0208,0,tabicl,1.091273929887393e-06,0
entity_0589,entity_0582,1,tabicl,0.9951890110969543,1
entity_0358,entity_0041,0,tabicl,7.650014595128596e-07,0
entity_0415,entity_0417,1,tabicl,0.9992955923080444,1
entity_0292,entity_0491,0,tabicl,7.367929129031836e-07,0
entity_0078,entity_0483,0,tabicl,5.83721202929155e-07,0
entity_0713,entity_0716,1,tabicl,0.9972009062767029,1
entity_0085,entity_0100,0,tabicl,0.032892122864723206,0
entity_0517,entity_0133,0,tabicl,7.136781619010435e-07,0
entity_0549,entity_0757,0,tabicl,7.507138661821955e-07,0
entity_0778,entity_0779,1,tabicl,0.9989598989486694,1
entity_0371,entity_0373,1,tabicl,0.9968335032463074,1
entity_0930,entity_0924,1,tabicl,0.9970325231552124,1
entity_0587,entity_0581,1,tabicl,0.9969146251678467,1
entity_0292,entity_0342,0,tabicl,4.988919499737676e-06,0
entity_0722,entity_0728,1,tabicl,0.9914630055427551,1
entity_0640,entity_0632,1,tabicl,0.9900656938552856,1
entity_0630,entity_0627,1,tabicl,0.9985079169273376,1
entity_0740,entity_0129,0,tabicl,9.393859841111407e-07,0
entity_0985,entity_0916,0,tabicl,2.8071483484382043e-06,0
entity_0247,entity_0250,1,tabicl,0.9975761771202087,1
entity_0905,entity_0110,0,tabicl,6.990212000346219e-07,0
entity_0188,entity_0185,1,tabicl,0.9972844123840332,1
entity_0386,entity_0388,1,tabicl,0.9983099699020386,1
entity_0690,entity_0685,1,tabicl,0.9970771074295044,1
entity_0473,entity_0813,0,tabicl,4.792451591129065e-07,0
entity_0011,entity_0646,0,tabicl,1.2211422699692775e-06,0
entity_0533,entity_0540,1,tabicl,0.9874613285064697,1
entity_0738,entity_0734,1,tabicl,0.9962718486785889,1
entity_0920,entity_0913,1,tabicl,0.9948946237564087,1
entity_0219,entity_0220,1,tabicl,0.996487021446228,1
entity_0742,entity_0748,1,tabicl,0.9945589900016785,1
entity_0376,entity_0374,1,tabicl,0.9966719746589661,1
entity_0755,entity_0756,1,tabicl,0.9982560276985168,1
entity_0450,entity_0449,1,tabicl,0.9993839263916016,1
entity_0931,entity_0935,1,tabicl,0.9981328845024109,1
entity_0541,entity_0550,1,tabicl,0.9257238507270813,1
entity_0003,entity_0725,0,tabicl,1.2100953199478681e-06,0
entity_0680,entity_0671,1,tabicl,0.9687906503677368,1
entity_0992,entity_0998,1,tabicl,0.9927359819412231,1
entity_0575,entity_0580,1,tabicl,0.9961985945701599,1
entity_0206,entity_0202,1,tabicl,0.9951682090759277,1
entity_0422,entity_0429,1,tabicl,0.9954172372817993,1
entity_0643,entity_0231,0,tabicl,8.622157565696398e-07,0
entity_0104,entity_0109,1,tabicl,0.9973483085632324,1
entity_0337,entity_0334,1,tabicl,0.9967077374458313,1
entity_0292,entity_0295,1,tabicl,0.9984350800514221,1
entity_0486,entity_0298,0,tabicl,8.240277225013415e-07,0
entity_0547,entity_0548,1,tabicl,0.9987829327583313,1
entity_0916,entity_0248,0,tabicl,6.714221285619715e-07,0
entity_0877,entity_0183,0,tabicl,6.715131348755676e-07,0
entity_0400,entity_0396,1,tabicl,0.9971857070922852,1
entity_0516,entity_0515,1,tabicl,0.9992495179176331,1
entity_0157,entity_0800,0,tabicl,7.204378675851331e-07,0
entity_0999,entity_0168,0,tabicl,2.1457647108036326e-06,0
entity_0760,entity_0756,1,tabicl,0.9969741106033325,1
entity_0888,entity_0884,1,tabicl,0.9976100325584412,1
entity_0781,entity_0788,1,tabicl,0.9894612431526184,1
entity_0359,entity_0945,0,tabicl,5.290533522384067e-07,0
entity_0665,entity_0937,0,tabicl,6.059046313566796e-07,0
entity_0342,entity_0343,1,tabicl,0.9982446432113647,1
entity_0171,entity_0904,0,tabicl,6.388182782757212e-07,0
entity_0306,entity_0541,0,tabicl,6.142623760752031e-07,0
entity_0973,entity_0571,0,tabicl,8.50139826980012e-07,0
entity_0400,entity_0397,1,tabicl,0.9976203441619873,1
entity_0720,entity_0718,1,tabicl,0.99733966588974,1
entity_0564,entity_0570,1,tabicl,0.9919363260269165,1
entity_0640,entity_0132,0,tabicl,1.2137937801526277e-06,0
entity_0126,entity_0121,1,tabicl,0.9978482723236084,1
entity_0733,entity_0222,0,tabicl,7.162965403040289e-07,0
entity_0125,entity_0129,1,tabicl,0.9984619617462158,1
entity_0224,entity_0221,1,tabicl,0.9959263801574707,1
entity_0312,entity_0946,0,tabicl,5.417611532720912e-07,0
entity_0179,entity_0072,0,tabicl,1.2542949434646289e-06,0
entity_0770,entity_0339,0,tabicl,6.280787943069299e-07,0
entity_0203,entity_0210,1,tabicl,0.9920653700828552,1
entity_0255,entity_0260,1,tabicl,0.9948392510414124,1
entity_0416,entity_0420,1,tabicl,0.9987816214561462,1
entity_0792,entity_0794,1,tabicl,0.9985835552215576,1
entity_0777,entity_0774,1,tabicl,0.9987881779670715,1
entity_0986,entity_0989,1,tabicl,0.9980586171150208,1
entity_0621,entity_0976,0,tabicl,6.524785476358375e-07,0
entity_0786,entity_0164,0,tabicl,7.416056178044528e-07,0
entity_0451,entity_0641,0,tabicl,7.10876861376164e-07,0
entity_0731,entity_0735,1,tabicl,0.9959918856620789,1
entity_0008,entity_0560,0,tabicl,1.0899436801992124e-06,0
entity_0468,entity_0466,1,tabicl,0.9990494251251221,1
entity_0671,entity_0627,0,tabicl,1.9041196992475307e-06,0
entity_0118,entity_0116,1,tabicl,0.9993174076080322,1
entity_0653,entity_0657,1,tabicl,0.9966139197349548,1
entity_0253,entity_0257,1,tabicl,0.996539831161499,1
entity_0916,entity_0301,0,tabicl,6.054939944988291e-07,0
entity_0992,entity_0296,0,tabicl,1.087284886125417e-06,0
entity_0039,entity_0005,0,tabicl,1.2797136150766164e-05,0
entity_0530,entity_0600,0,tabicl,1.784677806426771e-06,0
entity_0256,entity_0250,0,tabicl,0.9915634393692017,1
entity_0437,entity_0183,0,tabicl,9.261646027880488e-07,0
entity_0556,entity_0551,1,tabicl,0.997296154499054,1
entity_0900,entity_0617,0,tabicl,6.491246153927932e-07,0
entity_0733,entity_0732,1,tabicl,0.99733966588974,1
entity_0709,entity_0482,0,tabicl,7.334026008720684e-07,0
entity_0957,entity_0946,0,tabicl,0.7332715392112732,1
entity_0990,entity_0986,1,tabicl,0.9972756505012512,1
entity_0423,entity_0892,0,tabicl,6.730627433171321e-07,0
entity_0766,entity_0763,1,tabicl,0.9981104731559753,1
entity_0280,entity_0828,0,tabicl,6.004239594403771e-07,0
entity_0754,entity_0752,1,tabicl,0.9978852272033691,1
entity_0241,entity_0249,1,tabicl,0.9850716590881348,1
entity_0560,entity_0307,0,tabicl,7.544905997747264e-07,0
entity_0902,entity_0895,0,tabicl,0.9940235614776611,1
entity_0964,entity_0969,1,tabicl,0.9979147911071777,1
entity_0733,entity_0153,0,tabicl,8.421052939411311e-07,0
entity_0047,entity_0479,0,tabicl,6.660707185801584e-07,0
entity_0544,entity_0550,1,tabicl,0.9895513653755188,1
entity_0178,entity_0789,0,tabicl,6.250194246604224e-07,0
entity_0799,entity_0098,0,tabicl,7.088546567501908e-07,0
entity_0274,entity_0278,1,tabicl,0.9970292448997498,1
entity_0735,entity_0563,0,tabicl,1.0446399301144993e-06,0
entity_0860,entity_0856,1,tabicl,0.9963396787643433,1
entity_0681,entity_0687,1,tabicl,0.9928984642028809,1
entity_0560,entity_0558,1,tabicl,0.999157190322876,1
entity_0797,entity_0791,1,tabicl,0.9958012104034424,1
entity_0752,entity_0963,0,tabicl,8.733981644581945e-07,0
entity_0171,entity_0932,0,tabicl,6.604027475987095e-07,0
entity_0808,entity_0807,1,tabicl,0.9984752535820007,1
entity_0029,entity_0516,0,tabicl,8.202367780540953e-07,0
entity_0288,entity_0896,0,tabicl,6.590607313228247e-07,0
entity_0682,entity_0758,0,tabicl,1.7642507827986265e-06,0
entity_0701,entity_0821,0,tabicl,1.1685616527756792e-06,0
entity_0380,entity_0088,0,tabicl,7.241119988066202e-07,0
entity_0969,entity_0965,1,tabicl,0.9987642765045166,1
entity_0183,entity_0367,0,tabicl,8.746727075958916e-07,0
entity_0457,entity_0456,1,tabicl,0.9992305636405945,1
entity_0199,entity_0193,1,tabicl,0.991379976272583,1
entity_0053,entity_0410,0,tabicl,7.294350439224218e-07,0
entity_0105,entity_0106,1,tabicl,0.9992535710334778,1
entity_0420,entity_0838,0,tabicl,5.562809519688017e-07,0
entity_0124,entity_0199,0,tabicl,1.734179363666044e-06,0
entity_0313,entity_0557,0,tabicl,7.101064056769246e-07,0
entity_0276,entity_0971,0,tabicl,6.030350050423294e-07,0
entity_0959,entity_0606,0,tabicl,7.337013698816008e-07,0
entity_0506,entity_0510,1,tabicl,0.998524010181427,1
entity_0024,entity_0742,0,tabicl,8.895370910977363e-07,0
entity_0494,entity_0679,0,tabicl,7.303252687052009e-07,0
entity_0668,entity_0446,0,tabicl,6.604027475987095e-07,0
entity_0816,entity_0812,1,tabicl,0.997515082359314,1
entity_0564,entity_0025,0,tabicl,7.16102533715457e-07,0
entity_0179,entity_0174,1,tabicl,0.9951525330543518,1
entity_0896,entity_0040,0,tabicl,1.1222718967474066e-06,0
entity_0689,entity_0687,1,tabicl,0.9984652996063232,1
entity_0522,entity_0989,0,tabicl,7.457402944055502e-07,0
entity_0330,entity_0962,0,tabicl,4.810690370504744e-07,0
entity_0846,entity_0286,0,tabicl,5.331596071300737e-07,0
entity_0553,entity_0505,0,tabicl,2.2562539925274905e-06,0
entity_0170,entity_0688,0,tabicl,7.217094548650493e-07,0
entity_0086,entity_0451,0,tabicl,6.62826323605259e-07,0
entity_0077,entity_0875,0,tabicl,7.151805334615347e-07,0
entity_0913,entity_0016,0,tabicl,1.2121488452976337e-06,0
entity_0713,entity_0495,0,tabicl,7.956911076689721e-07,0
entity_0984,entity_0790,0,tabicl,1.8373930288362317e-06,0
entity_0190,entity_0188,1,tabicl,0.9974880218505859,1
entity_0324,entity_0325,1,tabicl,0.9986741542816162,1
entity_0108,entity_0109,1,tabicl,0.9993792176246643,1
entity_0997,entity_0398,0,tabicl,1.6359300616386463e-06,0
entity_0198,entity_0195,1,tabicl,0.9957141280174255,1
entity_0621,entity_0628,1,tabicl,0.9822537302970886,1
entity_0357,entity_0354,1,tabicl,0.9925457835197449,1
entity_0147,entity_0715,0,tabicl,7.002541906331317e-07,0
entity_0582,entity_0120,0,tabicl,1.0043476095233927e-06,0
entity_0872,entity_0868,0,tabicl,0.9973077774047852,1
entity_0088,entity_0090,1,tabicl,0.9988025426864624,1
entity_0034,entity_0145,0,tabicl,1.6709421970517724e-06,0
entity_0831,entity_0832,1,tabicl,0.9979349374771118,1
entity_0858,entity_0282,0,tabicl,5.735189461120171e-07,0
entity_0534,entity_0102,0,tabicl,8.19958415831934e-07,0
entity_0904,entity_0642,0,tabicl,6.538078309858975e-07,0
entity_0099,entity_0094,1,tabicl,0.9961113333702087,1
entity_0406,entity_0163,0,tabicl,9.450091624785273e-07,0
entity_0857,entity_0852,1,tabicl,0.9948169589042664,1
entity_0281,entity_0289,1,tabicl,0.9882297515869141,1
entity_0181,entity_0182,1,tabicl,0.998344361782074,1
entity_0719,entity_0117,0,tabicl,8.797590567155567e-07,0
entity_0384,entity_0389,1,tabicl,0.9957048296928406,1
entity_0759,entity_0757,1,tabicl,0.998013973236084,1
entity_0682,entity_0689,1,tabicl,0.9900229573249817,1
entity_0204,entity_0206,1,tabicl,0.9978805780410767,1
entity_0982,entity_0981,1,tabicl,0.998956561088562,1
entity_0521,entity_0353,0,tabicl,9.186277907247131e-07,0
entity_0472,entity_0473,1,tabicl,0.9993909001350403,1
entity_0746,entity_0747,1,tabicl,0.9978412389755249,1
entity_0216,entity_0736,0,tabicl,6.983574962760031e-07,0
entity_0645,entity_0923,0,tabicl,5.641069833473011e-07,0
entity_0906,entity_0654,0,tabicl,6.911020591360284e-07,0
entity_0528,entity_0924,0,tabicl,5.823772539770289e-07,0
entity_0178,entity_0758,0,tabicl,6.474540441558929e-07,0
entity_0837,entity_0464,0,tabicl,6.950500051061681e-07,0
entity_0208,entity_0964,0,tabicl,7.033000883893692e-07,0
entity_0933,entity_0939,1,tabicl,0.9958909749984741,1
entity_0548,entity_0646,0,tabicl,1.3866758763469988e-06,0
entity_0709,entity_0702,1,tabicl,0.9918402433395386,1
entity_0633,entity_0639,1,tabicl,0.9917696714401245,1
entity_0243,entity_0242,1,tabicl,0.9976229071617126,1
entity_0716,entity_0715,1,tabicl,0.9982216954231262,1
entity_0136,entity_0133,1,tabicl,0.9977211952209473,1
entity_0343,entity_0348,1,tabicl,0.995427131652832,1
entity_0344,entity_0044,0,tabicl,8.084186333690013e-07,0
entity_0611,entity_0507,0,tabicl,1.3889801948607783e-06,0
entity_0770,entity_0796,0,tabicl,8.577479093219154e-06,0
entity_0100,entity_0014,0,tabicl,2.8152023787697544e-06,0
entity_0812,entity_0546,0,tabicl,6.238344099074311e-07,0
entity_0847,entity_0850,1,tabicl,0.9973252415657043,1
entity_0633,entity_0458,0,tabicl,9.725765721668722e-07,0
entity_0115,entity_0119,1,tabicl,0.9980711340904236,1
entity_0508,entity_0355,0,tabicl,9.531350428915175e-07,0
entity_0818,entity_0242,0,tabicl,6.66883579469868e-07,0
entity_0514,entity_0450,0,tabicl,1.8684399947233032e-06,0
entity_0633,entity_0189,0,tabicl,8.41534415485512e-07,0
entity_0224,entity_0223,1,tabicl,0.9972844123840332,1
entity_0565,entity_0839,0,tabicl,5.745311568716716e-07,0
entity_0221,entity_0540,0,tabicl,6.832726739958161e-07,0
entity_0392,entity_0395,1,tabicl,0.9981145858764648,1
entity_0717,entity_0676,0,tabicl,2.2068252292228863e-06,0
entity_0695,entity_0665,0,tabicl,3.0670894375361968e-06,0
entity_0407,entity_0401,1,tabicl,0.9944702386856079,1
entity_0161,entity_0166,1,tabicl,0.9960392117500305,1
entity_0331,entity_0334,1,tabicl,0.997368335723877,1
entity_0488,entity_0483,1,tabicl,0.9976637363433838,1
entity_0553,entity_0427,0,tabicl,1.5024643289507367e-06,0
entity_0915,entity_0911,1,tabicl,0.9981449842453003,1
entity_0144,entity_0185,0,tabicl,4.497059762798017e-06,0
entity_0810,entity_0803,1,tabicl,0.9933431148529053,1
entity_0419,entity_0216,0,tabicl,1.0476899205968948e-06,0
entity_0052,entity_0051,1,tabicl,0.9981186389923096,1
entity_0308,entity_0897,0,tabicl,6.922274451426347e-07,0
entity_0533,entity_0661,0,tabicl,1.0279138678015443e-06,0
entity_0683,entity_0688,1,tabicl,0.9951682090759277,1
entity_0541,entity_0544,1,tabicl,0.997520387172699,1
entity_0814,entity_0816,1,tabicl,0.9982465505599976,1
entity_0593,entity_0594,1,tabicl,0.9989975690841675,1
entity_0012,entity_0199,0,tabicl,1.2677215863732272e-06,0
entity_0119,entity_0442,0,tabicl,5.975802537250274e-07,0
entity_0479,entity_0476,1,tabicl,0.9988269209861755,1
entity_0258,entity_0252,1,tabicl,0.9920054078102112,1
entity_0838,entity_0678,0,tabicl,9.075748153009044e-07,0
entity_0881,entity_0889,1,tabicl,0.9704522490501404,1
entity_0968,entity_0946,0,tabicl,2.0326553567429073e-05,0
entity_0696,entity_0039,0,tabicl,7.419076268888602e-07,0
entity_0833,entity_0837,1,tabicl,0.9955681562423706,1
entity_0099,entity_0286,0,tabicl,9.005240144688287e-07,0
entity_0867,entity_0392,0,tabicl,6.382124411175027e-07,0
entity_0140,entity_0138,1,tabicl,0.9980438351631165,1
entity_0153,entity_0151,1,tabicl,0.998293399810791,1
entity_0128,entity_0124,1,tabicl,0.9986697435379028,1
entity_0252,entity_0476,0,tabicl,7.578749432468612e-07,0
entity_0229,entity_0322,0,tabicl,1.918312818816048e-06,0
entity_0498,entity_0971,0,tabicl,6.914771688570909e-07,0
entity_0282,entity_0166,0,tabicl,1.2014686490147142e-06,0
entity_0570,entity_0569,1,tabicl,0.9990515112876892,1
entity_0107,entity_0103,1,tabicl,0.9987908005714417,1
entity_0581,entity_0942,0,tabicl,5.580189395004709e-07,0
entity_0766,entity_0762,1,tabicl,0.9976738095283508,1
entity_0841,entity_0848,1,tabicl,0.9900336861610413,1
entity_0300,entity_0758,0,tabicl,6.570970185748592e-07,0
entity_0128,entity_0312,0,tabicl,8.6081411154737e-07,0
entity_0793,entity_0116,0,tabicl,7.168316074057657e-07,0
entity_0241,entity_0246,1,tabicl,0.9952252507209778,1
entity_0910,entity_0904,1,tabicl,0.9957141280174255,1
entity_0049,entity_0139,0,tabicl,2.1676673895854037e-06,0
entity_0479,entity_0485,0,tabicl,0.9976280331611633,1
entity_0264,entity_0441,0,tabicl,9.07512514913833e-07,0
entity_0019,entity_0018,1,tabicl,0.9954419136047363,1
entity_0892,entity_0893,1,tabicl,0.9985602498054504,1
entity_0956,entity_0492,0,tabicl,7.040637797217641e-07,0
entity_0617,entity_0611,1,tabicl,0.9966467022895813,1
entity_0157,entity_0976,0,tabicl,7.861967787903268e-07,0
entity_0996,entity_0884,0,tabicl,5.100267117086332e-06,0
entity_0208,entity_0149,0,tabicl,1.972726067833719e-06,0
entity_0512,entity_0519,1,tabicl,0.9927282333374023,1
entity_0810,entity_0516,0,tabicl,5.487126486514171e-07,0
entity_0174,entity_0172,1,tabicl,0.9980395436286926,1
entity_0863,entity_0865,1,tabicl,0.9981609582901001,1
entity_0352,entity_0644,0,tabicl,6.225661195458088e-07,0
entity_0675,entity_0680,1,tabicl,0.9954664707183838,1
entity_0218,entity_0801,0,tabicl,6.409009642993624e-07,0
entity_0542,entity_0547,1,tabicl,0.9943617582321167,1
entity_0367,entity_0955,0,tabicl,5.445603505904728e-07,0
entity_0305,entity_0304,1,tabicl,0.9989451766014099,1
entity_0447,entity_0470,0,tabicl,1.3279855920700356e-05,0
entity_0414,entity_0418,1,tabicl,0.9988395571708679,1
entity_0469,entity_0712,0,tabicl,5.450041271615191e-07,0
entity_0829,entity_0546,0,tabicl,6.084576966713939e-07,0
entity_0603,entity_0605,1,tabicl,0.998668372631073,1
entity_0236,entity_0656,0,tabicl,8.763643677411892e-07,0
entity_0802,entity_0360,0,tabicl,5.8721531104311e-07,0
entity_0541,entity_0548,1,tabicl,0.9799424409866333,1
entity_0666,entity_0661,1,tabicl,0.9967219233512878,1
entity_0853,entity_0428,0,tabicl,7.511213198085898e-07,0
entity_0015,entity_0019,1,tabicl,0.9894158840179443,1
entity_0229,entity_0170,0,tabicl,1.9872013581334613e-06,0
entity_0935,entity_0710,0,tabicl,6.985473532949982e-07,0
entity_0225,entity_0888,0,tabicl,5.997720791128813e-07,0
entity_0767,entity_0894,0,tabicl,1.1497736522869673e-06,0
entity_0738,entity_0409,0,tabicl,5.816667680846876e-07,0
entity_0832,entity_0347,0,tabicl,5.946689611846523e-07,0
entity_0596,entity_0599,1,tabicl,0.9983851313591003,1
entity_0758,entity_0751,1,tabicl,0.9921756982803345,1
entity_0359,entity_0358,1,tabicl,0.9945058822631836,1
entity_0450,entity_0448,1,tabicl,0.9993081092834473,1
entity_0622,entity_0628,1,tabicl,0.9893131852149963,1
entity_0312,entity_0315,1,tabicl,0.9981945157051086,1
entity_0233,entity_0232,1,tabicl,0.9963358044624329,1
entity_0396,entity_0395,1,tabicl,0.9987372756004333,1
entity_0725,entity_0128,0,tabicl,9.069595989785739e-07,0
entity_0891,entity_0418,0,tabicl,7.88278612162685e-07,0
entity_0480,entity_0473,1,tabicl,0.9955489635467529,1
entity_0568,entity_0566,1,tabicl,0.9988803267478943,1
entity_0049,entity_0266,0,tabicl,9.320249887423415e-07,0
entity_0576,entity_0578,1,tabicl,0.9987164735794067,1
entity_0137,entity_0262,0,tabicl,1.3275183619043673e-06,0
entity_0072,entity_0080,1,tabicl,0.9612357020378113,1
entity_0265,entity_0441,0,tabicl,9.831198894971749e-07,0
entity_0941,entity_0946,1,tabicl,0.9968094229698181,1
entity_0383,entity_0266,0,tabicl,1.2313971637922805e-06,0
entity_0660,entity_0658,1,tabicl,0.998481810092926,1
entity_0767,entity_0766,1,tabicl,0.9986523985862732,1
entity_0640,entity_0470,0,tabicl,9.904149465000955e-07,0
entity_0699,entity_0152,0,tabicl,8.605801440353389e-07,0
entity_0385,entity_0538,0,tabicl,1.1379823945389944e-06,0
entity_0177,entity_0317,0,tabicl,1.057739268617297e-06,0
entity_0541,entity_0024,0,tabicl,7.367929129031836e-07,0
entity_0229,entity_0415,0,tabicl,8.887536182555777e-07,0
entity_0132,entity_0353,0,tabicl,7.377934139185527e-07,0
entity_0600,entity_0595,1,tabicl,0.9980815649032593,1
entity_0040,entity_0209,0,tabicl,1.2952895076523419e-06,0
entity_0383,entity_0729,0,tabicl,4.763939784879767e-07,0
entity_0926,entity_0922,1,tabicl,0.9982672929763794,1
entity_0602,entity_0617,0,tabicl,0.0013883732026442885,0
entity_0526,entity_0558,0,tabicl,5.582734502240783e-06,0
entity_0760,entity_0753,1,tabicl,0.9926888942718506,1
entity_0703,entity_0705,1,tabicl,0.997998833656311,1
entity_0767,entity_0382,0,tabicl,6.291872978181345e-07,0
entity_0438,entity_0435,1,tabicl,0.9990285634994507,1
entity_0927,entity_0924,1,tabicl,0.9986391663551331,1
entity_0972,entity_0975,1,tabicl,0.9988583326339722,1
entity_0209,entity_0202,1,tabicl,0.9832646250724792,1
entity_0823,entity_0827,1,tabicl,0.9969046115875244,1
entity_0558,entity_0698,0,tabicl,1.0334359785701963e-06,0
entity_0927,entity_0966,0,tabicl,4.858126885665115e-06,0
entity_0801,entity_0803,1,tabicl,0.9986199140548706,1
entity_0871,entity_0050,0,tabicl,9.627328836359084e-07,0
entity_0955,entity_0294,0,tabicl,6.76082379413856e-07,0
entity_0460,entity_0970,0,tabicl,5.91852483466937e-07,0
entity_0770,entity_0768,1,tabicl,0.9986169338226318,1
entity_0147,entity_0148,1,tabicl,0.9988458752632141,1
entity_0374,entity_0371,1,tabicl,0.9957510232925415,1
entity_0784,entity_0782,1,tabicl,0.9988767504692078,1
entity_0578,entity_0272,0,tabicl,7.253900093928678e-07,0
entity_0388,entity_0455,0,tabicl,2.775627535811509e-06,0
entity_0689,entity_0683,1,tabicl,0.9964718818664551,1
entity_0609,entity_0608,1,tabicl,0.9990975856781006,1
entity_0061,entity_0615,0,tabicl,7.554114063168527e-07,0
entity_0419,entity_0094,0,tabicl,7.360933977906825e-07,0
entity_0457,entity_0150,0,tabicl,8.356770422324189e-07,0
entity_0477,entity_0356,0,tabicl,1.1634209613475832e-06,0
entity_0935,entity_0932,1,tabicl,0.9985865354537964,1
entity_0217,entity_0575,0,tabicl,8.471469072901527e-07,0
entity_0704,entity_0841,0,tabicl,1.1817907079603174e-06,0
entity_0793,entity_0008,0,tabicl,9.388764397044724e-07,0
entity_0993,entity_0996,1,tabicl,0.9975470900535583,1
entity_0413,entity_0544,0,tabicl,1.3143854857844417e-06,0
entity_0870,entity_0861,1,tabicl,0.9693435430526733,1
entity_0233,entity_0238,1,tabicl,0.9911735653877258,1
entity_0531,entity_0538,1,tabicl,0.9894272685050964,1
entity_0501,entity_0502,1,tabicl,0.9993392825126648,1
entity_0388,entity_0128,0,tabicl,7.986103014445689e-07,0
entity_0624,entity_0630,1,tabicl,0.9893131852149963,1
entity_0605,entity_0841,0,tabicl,5.991221314616269e-07,0
entity_0387,entity_0383,1,tabicl,0.9954419136047363,1
entity_0396,entity_0392,1,tabicl,0.9968675971031189,1
entity_0797,entity_0737,0,tabicl,1.1423893511164351e-06,0
entity_0141,entity_0066,0,tabicl,2.0148042949585943e-06,0
entity_0965,entity_0488,0,tabicl,7.55104565541842e-07,0
entity_0522,entity_0521,1,tabicl,0.9993140697479248,1
entity_0655,entity_0658,1,tabicl,0.9972220659255981,1
entity_0637,entity_0639,1,tabicl,0.9980010390281677,1
entity_0199,entity_0507,0,tabicl,6.350171020130801e-07,0
entity_0933,entity_0932,1,tabicl,0.9991716146469116,1
entity_0678,entity_0675,1,tabicl,0.9982061982154846,1
entity_0039,entity_0765,0,tabicl,6.811451953581127e-07,0
entity_0118,entity_0117,1,tabicl,0.9993475079536438,1
entity_0617,entity_0731,0,tabicl,1.1845293101941934e-06,0
entity_0145,entity_0144,1,tabicl,0.9988307356834412,1
entity_0596,entity_0629,0,tabicl,4.178000835963758e-06,0
entity_0442,entity_0445,1,tabicl,0.9983834028244019,1
entity_0358,entity_0615,0,tabicl,6.051654395378137e-07,0
entity_0973,entity_0972,1,tabicl,0.9993288516998291,1
entity_0134,entity_0500,0,tabicl,6.803135761401791e-07,0
entity_0261,entity_0267,1,tabicl,0.9915725588798523,1
entity_0042,entity_0045,1,tabicl,0.9957048296928406,1
entity_0685,entity_0683,1,tabicl,0.9986108541488647,1
entity_0585,entity_0584,1,tabicl,0.9991236329078674,1
entity_0218,entity_0220,1,tabicl,0.9962026476860046,1
entity_0280,entity_0242,0,tabicl,4.805124262929894e-06,0
entity_0396,entity_0029,0,tabicl,8.410787017965049e-07,0
entity_0297,entity_0291,1,tabicl,0.9962839484214783,1
entity_0534,entity_0533,1,tabicl,0.9994100332260132,1
entity_0666,entity_0377,0,tabicl,6.829944823039114e-07,0
entity_0188,entity_0182,1,tabicl,0.993880033493042,1
entity_0659,entity_0178,0,tabicl,7.663508654331963e-07,0
entity_0596,entity_0866,0,tabicl,5.498299628925452e-07,0
entity_0048,entity_0041,1,tabicl,0.9851829409599304,1
entity_0506,entity_0501,1,tabicl,0.9974385499954224,1
entity_0247,entity_0246,1,tabicl,0.9981389045715332,1
entity_0218,entity_0211,1,tabicl,0.9710376858711243,1
entity_0749,entity_0741,1,tabicl,0.9853718280792236,1
entity_0822,entity_0557,0,tabicl,6.165159902593587e-07,0
entity_0808,entity_0805,1,tabicl,0.9979416728019714,1
entity_0592,entity_0596,1,tabicl,0.9978805780410767,1
entity_0177,entity_0678,0,tabicl,6.547843440785073e-07,0
entity_0195,entity_0999,0,tabicl,1.6359315395675367e-06,0
entity_0552,entity_0937,0,tabicl,5.068571908850572e-07,0
entity_0099,entity_0098,1,tabicl,0.9988521337509155,1
entity_0098,entity_0657,0,tabicl,8.164626024154131e-07,0
entity_0152,entity_0156,1,tabicl,0.9974798560142517,1
entity_0580,entity_0573,1,tabicl,0.9944761395454407,1
entity_0248,entity_0207,0,tabicl,4.519390131463297e-06,0
entity_0935,entity_0423,0,tabicl,6.847573672530416e-07,0
entity_0286,entity_0833,0,tabicl,6.320095735645737e-07,0
entity_0032,entity_0036,1,tabicl,0.9951104521751404,1
entity_0111,entity_0656,0,tabicl,8.439358794021246e-07,0
entity_0580,entity_0577,1,tabicl,0.9986798763275146,1
entity_0679,entity_0072,0,tabicl,6.863375574539532e-07,0
entity_0561,entity_0200,0,tabicl,6.921343356225407e-07,0
entity_0043,entity_0049,1,tabicl,0.9924569725990295,1
entity_0437,entity_0721,0,tabicl,4.535679920536495e-07,0
entity_0517,entity_0511,1,tabicl,0.9964756369590759,1
entity_0517,entity_0513,1,tabicl,0.9981964230537415,1
entity_0865,entity_0864,1,tabicl,0.9985319375991821,1
entity_0551,entity_0652,0,tabicl,1.5497510048589902e-06,0
entity_0858,entity_0573,0,tabicl,6.048371687938925e-07,0
entity_0052,entity_0053,1,tabicl,0.9981549382209778,1
entity_0108,entity_0900,0,tabicl,5.297718530528073e-07,0
entity_0920,entity_0918,1,tabicl,0.9988458752632141,1
entity_0107,entity_0108,1,tabicl,0.999315619468689,1
entity_0133,entity_0131,1,tabicl,0.9982408285140991,1
entity_0732,entity_0405,0,tabicl,5.983101232232002e-07,0
entity_0771,entity_0611,0,tabicl,9.974244221666595e-07,0
entity_0132,entity_0140,1,tabicl,0.9759515523910522,1
entity_0073,entity_0074,1,tabicl,0.9979305267333984,1
entity_0464,entity_0465,1,tabicl,0.9992719292640686,1
entity_0413,entity_0681,0,tabicl,5.983101232232002e-07,0
entity_0086,entity_0971,0,tabicl,9.94924903352512e-07,0
entity_0147,entity_0803,0,tabicl,5.728974201701931e-07,0
entity_0037,entity_0685,0,tabicl,8.555761041861842e-07,0
entity_0201,entity_0210,1,tabicl,0.9600876569747925,1
entity_0181,entity_0654,0,tabicl,6.872696189930139e-07,0
entity_0721,entity_0030,0,tabicl,9.110279393098608e-07,0
entity_0596,entity_0469,0,tabicl,1.2822466715078917e-06,0
entity_0306,entity_0177,0,tabicl,1.1911449746548897e-06,0
entity_0831,entity_0839,1,tabicl,0.9754888415336609,1
entity_0910,entity_0901,1,tabicl,0.9719984531402588,1
entity_0894,entity_0167,0,tabicl,7.561292250102269e-07,0
entity_0670,entity_0668,1,tabicl,0.9985014200210571,1
entity_0234,entity_0235,1,tabicl,0.9963790774345398,1
entity_0172,entity_0125,0,tabicl,3.033216216863366e-06,0
entity_0837,entity_0767,0,tabicl,8.417632670898456e-07,0
entity_0268,entity_0270,1,tabicl,0.997460663318634,1
entity_0037,entity_0548,0,tabicl,6.453500986935978e-07,0
entity_0300,entity_0295,1,tabicl,0.9978622198104858,1
entity_0654,entity_0652,1,tabicl,0.9985865354537964,1
entity_0089,entity_0085,1,tabicl,0.9975069165229797,1
entity_0654,entity_0481,0,tabicl,9.523428161628544e-07,0
entity_0853,entity_0852,1,tabicl,0.9981206655502319,1
entity_0519,entity_0680,0,tabicl,8.32001546768879e-07,0
entity_0492,entity_0800,0,tabicl,4.930919317303051e-07,0
entity_0860,entity_0854,1,tabicl,0.9934921264648438,1
entity_0125,entity_0455,0,tabicl,5.937022251600865e-07,0
entity_0433,entity_0907,0,tabicl,6.010753850205219e-07,0
entity_0622,entity_0623,1,tabicl,0.9986108541488647,1
entity_0983,entity_0496,0,tabicl,8.149138466251316e-07,0
entity_0405,entity_0403,1,tabicl,0.9987109899520874,1
entity_0963,entity_0965,1,tabicl,0.999182403087616,1
entity_0961,entity_0275,0,tabicl,6.17520470314048e-07,0
entity_0327,entity_0323,1,tabicl,0.9974191188812256,1
entity_0859,entity_0858,1,tabicl,0.9981609582901001,1
entity_0010,entity_0006,1,tabicl,0.9910781383514404,1
entity_0855,entity_0856,1,tabicl,0.9981787204742432,1
entity_0578,entity_0643,0,tabicl,1.8969658412970603e-06,0
entity_0564,entity_0566,1,tabicl,0.9982427358627319,1
entity_0674,entity_0892,0,tabicl,7.765002578707936e-07,0
entity_0015,entity_0721,0,tabicl,8.874881700648984e-07,0
entity_0769,entity_0825,0,tabicl,2.2183696728461655e-06,0
entity_0539,entity_0540,1,tabicl,0.9989821910858154,1
entity_0668,entity_0221,0,tabicl,8.10724884559022e-07,0
entity_0871,entity_0408,0,tabicl,7.688500431868306e-07,0
entity_0603,entity_0602,1,tabicl,0.9991589784622192,1
entity_0695,entity_0320,0,tabicl,7.212690320557158e-07,0
entity_0529,entity_0950,0,tabicl,6.644465315730486e-07,0
entity_0435,entity_0219,0,tabicl,1.0731470183600322e-06,0
entity_0585,entity_0917,0,tabicl,5.027492875342432e-07,0
entity_0971,entity_0972,1,tabicl,0.9992766976356506,1
entity_0555,entity_0853,0,tabicl,6.310676212706312e-07,0
entity_0984,entity_0986,1,tabicl,0.9987894892692566,1
entity_0120,entity_0117,1,tabicl,0.9990828037261963,1
entity_0811,entity_0815,1,tabicl,0.9970612525939941,1
entity_0552,entity_0560,1,tabicl,0.9684277176856995,1
entity_0730,entity_0727,1,tabicl,0.9966285228729248,1
entity_0812,entity_0813,1,tabicl,0.9985191822052002,1
entity_0697,entity_0367,0,tabicl,5.766395929640566e-07,0
entity_0340,entity_0336,1,tabicl,0.9960306286811829,1
entity_0852,entity_0141,0,tabicl,7.199008109637361e-07,0
entity_0288,entity_0741,0,tabicl,8.521600420863251e-07,0
entity_0057,entity_0196,0,tabicl,1.3539942074203282e-06,0
entity_0892,entity_0897,1,tabicl,0.9942759871482849,1
entity_0288,entity_0287,1,tabicl,0.9989031553268433,1
entity_0252,entity_0532,0,tabicl,6.742512823620928e-07,0
entity_0784,entity_0357,0,tabicl,5.89129797390342e-07,0
entity_0941,entity_0949,1,tabicl,0.9879229664802551,1
entity_0288,entity_0922,0,tabicl,6.293577712312981e-07,0
entity_0447,entity_0450,1,tabicl,0.9985207915306091,1
entity_0599,entity_0593,1,tabicl,0.9965733885765076,1
entity_0509,entity_0501,1,tabicl,0.9900870323181152,1
entity_0493,entity_0944,0,tabicl,6.933552185728331e-07,0
entity_0732,entity_0146,0,tabicl,9.381764698446204e-07,0
entity_0087,entity_0381,0,tabicl,6.678797035419848e-07,0
entity_0588,entity_0392,0,tabicl,9.787296448848792e-07,0
entity_0948,entity_0823,0,tabicl,1.111893539018638e-06,0
entity_0256,entity_0255,1,tabicl,0.9979079961776733,1
entity_0661,entity_0662,1,tabicl,0.9983245134353638,1
entity_0199,entity_0195,1,tabicl,0.9951682090759277,1
entity_0758,entity_0285,0,tabicl,9.753667882250738e-07,0
entity_0495,entity_0521,0,tabicl,1.0549171747697983e-05,0
entity_0878,entity_0410,0,tabicl,7.028233426353836e-07,0
entity_0104,entity_0107,1,tabicl,0.9988307356834412,1
entity_0410,entity_0522,0,tabicl,1.7984674514082144e-06,0
entity_0641,entity_0644,1,tabicl,0.996843695640564,1
entity_0745,entity_0241,0,tabicl,8.05190097707964e-07,0
entity_0222,entity_0230,1,tabicl,0.9764556884765625,1
entity_0723,entity_0755,0,tabicl,4.0473923945683055e-06,0
entity_0985,entity_0984,1,tabicl,0.9990857839584351,1
entity_0020,entity_0668,0,tabicl,7.919225595287571e-07,0
entity_0365,entity_0368,1,tabicl,0.9951367974281311,1
entity_0939,entity_0936,1,tabicl,0.9984785318374634,1
entity_0669,entity_0062,0,tabicl,7.187297796917846e-07,0
entity_0025,entity_0021,1,tabicl,0.99411940574646,1
entity_0440,entity_0436,1,tabicl,0.9987548589706421,1
entity_0045,entity_0700,0,tabicl,8.003449352145253e-07,0
entity_0465,entity_0461,1,tabicl,0.997784435749054,1
entity_0052,entity_0979,0,tabicl,1.0940896117972443e-06,0
entity_0885,entity_0889,1,tabicl,0.99595707654953,1
entity_0294,entity_0560,0,tabicl,7.135338933039748e-07,0
entity_0768,entity_0024,0,tabicl,8.974145657703048e-07,0
entity_0392,entity_0162,0,tabicl,9.068982080862042e-07,0
entity_0782,entity_0785,1,tabicl,0.9984111189842224,1
entity_0484,entity_0490,1,tabicl,0.9970928430557251,1
entity_0557,entity_0513,0,tabicl,2.147730128854164e-06,0
entity_0158,entity_0592,0,tabicl,8.77315983416338e-07,0
entity_0027,entity_0025,1,tabicl,0.9957875609397888,1
entity_0794,entity_0798,1,tabicl,0.997688889503479,1
entity_0389,entity_0125,0,tabicl,8.402801654483483e-07,0
entity_0805,entity_0809,1,tabicl,0.9976434111595154,1
entity_0074,entity_0734,0,tabicl,1.1663039458653657e-06,0
entity_0781,entity_0790,1,tabicl,0.9106866717338562,1
entity_0369,entity_0362,1,tabicl,0.985293447971344,1
entity_0769,entity_0821,0,tabicl,2.3346849502559053e-06,0
entity_0087,entity_0090,1,tabicl,0.9982989430427551,1
entity_0190,entity_0167,0,tabicl,1.5052929484227207e-05,0
entity_0858,entity_0714,0,tabicl,1.0397637879577815e-06,0
entity_0031,entity_0439,0,tabicl,7.638605552529043e-07,0
entity_0384,entity_0042,0,tabicl,7.473607297470153e-07,0
entity_0390,entity_0679,0,tabicl,5.280497816784191e-07,0
entity_0902,entity_0734,0,tabicl,9.027855867316248e-07,0
entity_0406,entity_0307,0,tabicl,1.1108559192507528e-06,0
entity_0493,entity_0494,1,tabicl,0.9992914199829102,1
entity_0992,entity_0651,0,tabicl,1.2997578551221523e-06,0
entity_0298,entity_0933,0,tabicl,5.99935162881593e-07,0
entity_0062,entity_0318,0,tabicl,8.919232641346753e-07,0
entity_0742,entity_0739,0,tabicl,0.9967886209487915,1
entity_0323,entity_0588,0,tabicl,6.769082006030658e-07,0
entity_0124,entity_0503,0,tabicl,6.686955202894751e-07,0
entity_0809,entity_0802,1,tabicl,0.9940813183784485,1
entity_0191,entity_0195,1,tabicl,0.9962354302406311,1
entity_0915,entity_0912,1,tabicl,0.9985207915306091,1
entity_0985,entity_0925,0,tabicl,2.9374393761827378e-06,0
entity_0391,entity_0532,0,tabicl,1.2456488320822245e-06,0
entity_0344,entity_0346,1,tabicl,0.9978575706481934,1
entity_0682,entity_0189,0,tabicl,8.08637651061872e-07,0
entity_0132,entity_0008,0,tabicl,1.8309560800844338e-06,0
entity_0957,entity_0473,0,tabicl,7.502043217755272e-07,0
entity_0542,entity_0544,1,tabicl,0.998490035533905,1
entity_0977,entity_0798,0,tabicl,1.6400476852140855e-06,0
entity_0394,entity_0395,1,tabicl,0.9988129138946533,1
entity_0623,entity_0629,1,tabicl,0.988528847694397,1
entity_0717,entity_0223,0,tabicl,7.449320946761873e-07,0
entity_0121,entity_0798,0,tabicl,5.194542609388009e-07,0
entity_0512,entity_0517,1,tabicl,0.9975257515907288,1
entity_0947,entity_0942,1,tabicl,0.9971179366111755,1
entity_0851,entity_0855,1,tabicl,0.996487021446228,1
entity_0506,entity_0502,1,tabicl,0.9981268048286438,1
entity_0094,entity_0091,1,tabicl,0.9985742568969727,1
entity_0647,entity_0781,0,tabicl,1.0319656666979427e-06,0
entity_0174,entity_0175,1,tabicl,0.9986273050308228,1
entity_0959,entity_0954,1,tabicl,0.9978575706481934,1
entity_0099,entity_0045,0,tabicl,3.346843641338637e-06,0
entity_0070,entity_0343,0,tabicl,6.559399707839475e-07,0
entity_0554,entity_0702,0,tabicl,9.921629953169031e-07,0
entity_0197,entity_0191,1,tabicl,0.9901189208030701,1
entity_0219,entity_0218,1,tabicl,0.9957921504974365,1
entity_0167,entity_0164,1,tabicl,0.9978011846542358,1
entity_0759,entity_0752,1,tabicl,0.9923916459083557,1
entity_0265,entity_0239,0,tabicl,9.39560413826257e-06,0
entity_0744,entity_0747,1,tabicl,0.9972756505012512,1
entity_0053,entity_0386,0,tabicl,6.538963361890637e-07,0
entity_0004,entity_0366,0,tabicl,1.1937933095396147e-06,0
entity_0494,entity_0491,1,tabicl,0.9986611604690552,1
entity_0161,entity_0170,1,tabicl,0.9518433809280396,1
entity_0602,entity_0606,1,tabicl,0.9970421195030212,1
entity_0668,entity_0256,0,tabicl,8.555761041861842e-07,0
entity_0066,entity_0068,1,tabicl,0.9965510368347168,1
entity_0427,entity_0426,1,tabicl,0.9992921948432922,1
entity_0450,entity_0441,1,tabicl,0.9726697206497192,1
entity_0375,entity_0684,0,tabicl,4.839486678065441e-07,0
entity_0817,entity_0427,0,tabicl,5.62884338251024e-07,0
entity_0315,entity_0268,0,tabicl,2.4483133529429324e-06,0
entity_0735,entity_0312,0,tabicl,8.644412332614593e-07,0
entity_0614,entity_0620,1,tabicl,0.9903082251548767,1
entity_0235,entity_0388,0,tabicl,1.1515678579598898e-06,0
entity_0549,entity_0546,1,tabicl,0.9990008473396301,1
entity_0347,entity_0344,1,tabicl,0.9967990517616272,1
entity_0499,entity_0492,1,tabicl,0.9941447377204895,1
entity_0857,entity_0205,0,tabicl,6.49388937290496e-07,0
entity_0807,entity_0235,0,tabicl,7.433169457726763e-07,0
entity_0608,entity_0602,1,tabicl,0.9969937205314636,1
entity_0347,entity_0343,1,tabicl,0.9960648417472839,1
entity_0196,entity_0199,1,tabicl,0.9969937205314636,1
entity_0406,entity_0240,0,tabicl,1.2075532822564128e-06,0
entity_0977,entity_0069,0,tabicl,1.224915536113258e-06,0
entity_0387,entity_0505,0,tabicl,1.576397608005209e-06,0
entity_0308,entity_0306,1,tabicl,0.9987789392471313,1
entity_0847,entity_0843,1,tabicl,0.9971210360527039,1
entity_0599,entity_0319,0,tabicl,8.419341952503601e-07,0
entity_0837,entity_0634,0,tabicl,6.994946488703135e-07,0
entity_0373,entity_0733,0,tabicl,6.016466045366542e-07,0
entity_0898,entity_0900,1,tabicl,0.9982970356941223,1
entity_0004,entity_0001,1,tabicl,0.9867289662361145,1
entity_0830,entity_0461,0,tabicl,6.255287416934152e-07,0
entity_0168,entity_0315,0,tabicl,1.0679605111363344e-06,0
entity_0802,entity_0594,0,tabicl,8.155777777574258e-07,0
entity_0561,entity_0568,1,tabicl,0.9871072173118591,1
entity_0206,entity_0203,1,tabicl,0.9963039755821228,1
entity_0421,entity_0735,0,tabicl,4.5307604068511864e-07,0
entity_0867,entity_0988,0,tabicl,2.3455954760720488e-06,0
entity_0228,entity_0479,0,tabicl,6.634555802520481e-07,0
entity_0104,entity_0105,1,tabicl,0.9990985989570618,1
entity_0748,entity_0273,0,tabicl,7.765002578707936e-07,0
entity_0494,entity_0403,0,tabicl,2.0157056042080512e-06,0
entity_0496,entity_0767,0,tabicl,5.597623840003507e-07,0
entity_0525,entity_0529,1,tabicl,0.998100221157074,1
entity_0249,entity_0246,1,tabicl,0.997215986251831,1
entity_0368,entity_0367,1,tabicl,0.9965659976005554,1
entity_0604,entity_0605,1,tabicl,0.9989439845085144,1
entity_0428,entity_0423,1,tabicl,0.998555600643158,1
entity_0570,entity_0763,0,tabicl,7.464490181519068e-07,0
entity_0134,entity_0022,0,tabicl,1.6447198731839308e-06,0
entity_0659,entity_0653,1,tabicl,0.9952867031097412,1
entity_0454,entity_0458,1,tabicl,0.9978668093681335,1
entity_0782,entity_0787,1,tabicl,0.9968335032463074,1
entity_0847,entity_0844,1,tabicl,0.9974579215049744,1
entity_0861,entity_0311,0,tabicl,5.888101100026688e-07,0
entity_0761,entity_0141,0,tabicl,7.157140657909622e-07,0
entity_0031,entity_0034,1,tabicl,0.9954073429107666,1
entity_0918,entity_0609,0,tabicl,6.213850838321378e-07,0
entity_0607,entity_0984,0,tabicl,9.115215675592481e-07,0
entity_0243,entity_0241,1,tabicl,0.9971857070922852,1
entity_0510,entity_0898,0,tabicl,5.681767447640595e-07,0
entity_0564,entity_0251,0,tabicl,6.802214329582057e-07,0
entity_0050,entity_0042,1,tabicl,0.972145676612854,1
entity_0816,entity_0784,0,tabicl,2.691015879463521e-06,0
entity_0768,entity_0763,1,tabicl,0.9973598122596741,1
entity_0702,entity_0706,1,tabicl,0.9969146251678467,1
entity_0975,entity_0676,0,tabicl,8.286227739517926e-07,0
entity_0887,entity_0889,1,tabicl,0.998013973236084,1
entity_0638,entity_0490,0,tabicl,1.143242911894049e-06,0
entity_0847,entity_0965,0,tabicl,1.7132272205344634e-06,0
entity_0302,entity_0200,0,tabicl,1.1978474958596053e-06,0
entity_0321,entity_0274,0,tabicl,2.5684075808385387e-06,0
entity_0971,entity_0974,1,tabicl,0.9987385869026184,1
entity_0873,entity_0875,1,tabicl,0.9981328845024109,1
entity_0807,entity_0213,0,tabicl,8.383447038795566e-07,0
entity_0829,entity_0786,0,tabicl,1.6917807670324692e-06,0
entity_0517,entity_0518,1,tabicl,0.9993302822113037,1
entity_0663,entity_0002,0,tabicl,1.6098471178338514e-06,0
entity_0999,entity_1000,1,tabicl,0.9972578883171082,1
entity_0178,entity_0176,1,tabicl,0.998013973236084,1
entity_0797,entity_0436,0,tabicl,6.201223641255638e-07,0
entity_0027,entity_0024,1,tabicl,0.995250940322876,1
entity_0149,entity_0143,1,tabicl,0.9945118427276611,1
entity_0101,entity_0105,1,tabicl,0.9978529214859009,1
entity_0120,entity_0766,0,tabicl,5.699519647350826e-07,0
entity_0840,entity_0839,1,tabicl,0.9980395436286926,1
entity_0056,entity_0193,0,tabicl,1.3331234640645562e-06,0
entity_0620,entity_0982,0,tabicl,7.719843893028155e-07,0
entity_0803,entity_0685,0,tabicl,9.453290203964571e-07,0
entity_0466,entity_0464,1,tabicl,0.9991207718849182,1
entity_0886,entity_0889,1,tabicl,0.9969146251678467,1
entity_0576,entity_0623,0,tabicl,2.885658886953024e-06,0
entity_0506,entity_0394,0,tabicl,1.369386609439971e-06,0
entity_0446,entity_0291,0,tabicl,1.1050519788113888e-06,0
entity_0090,entity_0435,0,tabicl,6.128475433797576e-07,0
entity_0055,entity_0168,0,tabicl,1.5401506061607506e-06,0
entity_0332,entity_0999,0,tabicl,1.5938801425363636e-06,0
entity_0037,entity_0040,1,tabicl,0.9956063032150269,1
entity_0910,entity_0651,0,tabicl,6.337266995615209e-07,0
entity_0327,entity_0324,1,tabicl,0.9979147911071777,1
entity_0866,entity_0868,1,tabicl,0.9981348514556885,1
entity_0025,entity_0676,0,tabicl,8.014316676963062e-07,0
entity_0589,entity_0583,1,tabicl,0.9972099661827087,1
entity_0581,entity_0842,0,tabicl,5.786762358184205e-07,0
entity_0422,entity_0732,0,tabicl,4.37021185462072e-07,0
entity_0523,entity_0522,1,tabicl,0.9993035793304443,1
entity_0398,entity_0392,1,tabicl,0.9945295453071594,1
entity_0668,entity_0664,1,tabicl,0.9973136782646179,1
entity_0206,entity_0820,0,tabicl,7.251928764162585e-07,0
entity_0084,entity_0773,0,tabicl,7.830569757061312e-07,0
entity_0730,entity_0165,0,tabicl,8.156882813636912e-07,0
entity_0313,entity_0165,0,tabicl,1.377909484290285e-06,0
entity_0901,entity_0907,1,tabicl,0.9941321611404419,1
entity_0853,entity_0489,0,tabicl,6.243421353246958e-07,0
entity_0127,entity_0233,0,tabicl,1.479454340369557e-06,0
entity_0694,entity_0689,0,tabicl,0.9970928430557251,1
entity_0046,entity_0044,1,tabicl,0.9973540306091309,1
entity_0748,entity_0750,1,tabicl,0.9977505803108215,1
entity_0696,entity_0699,1,tabicl,0.99720698595047,1
entity_0292,entity_0478,0,tabicl,7.049237069622905e-07,0
entity_0370,entity_0368,1,tabicl,0.9964450597763062,1
entity_0490,entity_0377,0,tabicl,1.2472333992263884e-06,0
entity_0638,entity_0442,0,tabicl,8.994863378575246e-07,0
entity_0248,entity_0244,1,tabicl,0.9963908195495605,1
entity_0610,entity_0963,0,tabicl,5.282648203319695e-07,0
entity_0257,entity_0256,1,tabicl,0.9977772235870361,1
entity_0612,entity_0530,0,tabicl,1.403562009727466e-06,0
entity_0049,entity_0007,0,tabicl,6.837322871433571e-06,0
entity_0933,entity_0823,0,tabicl,9.83853283287317e-07,0
entity_0159,entity_0156,1,tabicl,0.9973511695861816,1
entity_0136,entity_0140,1,tabicl,0.9963198900222778,1
entity_0627,entity_0622,1,tabicl,0.9973049163818359,1
entity_0872,entity_0277,0,tabicl,5.500539259628567e-07,0
entity_0043,entity_0275,0,tabicl,9.611026143829804e-07,0
entity_0966,entity_0297,0,tabicl,7.980682426023122e-07,0
entity_0117,entity_0119,1,tabicl,0.9989942908287048,1
entity_0729,entity_0728,1,tabicl,0.9972190260887146,1
entity_0872,entity_0757,0,tabicl,1.0989239171976806e-06,0
entity_0292,entity_0627,0,tabicl,6.507993930426892e-07,0
entity_0342,entity_0439,0,tabicl,1.6051468492150889e-06,0
entity_0390,entity_0388,1,tabicl,0.9980753660202026,1
entity_0052,entity_0054,1,tabicl,0.9981846809387207,1
entity_0339,entity_0303,0,tabicl,4.646417437470518e-06,0
entity_0625,entity_0622,1,tabicl,0.9985143542289734,1
entity_0089,entity_0088,1,tabicl,0.9990748167037964,1
entity_0052,entity_0721,0,tabicl,8.403948186241905e-07,0
entity_0852,entity_0851,1,tabicl,0.9980981945991516,1
entity_0759,entity_0956,0,tabicl,9.183475526697293e-07,0
entity_0244,entity_0241,1,tabicl,0.9967747330665588,1
entity_0176,entity_0173,1,tabicl,0.9974662065505981,1
entity_0297,entity_0769,0,tabicl,6.527449727400381e-07,0
entity_0268,entity_0936,0,tabicl,6.571859785253764e-07,0
entity_0699,entity_0140,0,tabicl,8.566792075725971e-07,0
entity_0223,entity_0523,0,tabicl,6.116021609159361e-07,0
entity_0240,entity_0836,0,tabicl,7.02251838902157e-07,0
entity_0656,entity_0352,0,tabicl,7.306227871595183e-07,0
entity_0848,entity_0518,0,tabicl,5.864195031790587e-07,0
entity_0027,entity_0023,1,tabicl,0.9929670095443726,1
entity_0015,entity_0014,1,tabicl,0.9955729246139526,1
entity_0553,entity_0558,1,tabicl,0.9934710264205933,1
entity_0001,entity_0010,1,tabicl,0.8954210877418518,1
entity_0734,entity_0517,0,tabicl,7.977440077411302e-07,0
entity_0861,entity_0774,0,tabicl,9.510521863376198e-07,0
entity_0957,entity_0868,0,tabicl,1.511586219749006e-06,0
entity_0539,entity_0259,0,tabicl,6.842932407380431e-07,0
entity_0259,entity_0254,1,tabicl,0.9928601384162903,1
entity_0743,entity_0364,0,tabicl,6.014016094013641e-07,0
entity_0861,entity_0287,0,tabicl,5.993661602587963e-07,0
entity_0197,entity_0655,0,tabicl,7.467530167559744e-07,0
entity_0335,entity_0606,0,tabicl,6.038538913344382e-07,0
entity_0234,entity_0238,1,tabicl,0.993813693523407,1
entity_0510,entity_0261,0,tabicl,8.085829108495091e-07,0
entity_0657,entity_0651,1,tabicl,0.9956015348434448,1
entity_0055,entity_0056,1,tabicl,0.9987179040908813,1
entity_0519,entity_0511,1,tabicl,0.9861928224563599,1
entity_0995,entity_0998,1,tabicl,0.9969445466995239,1
entity_0310,entity_0304,1,tabicl,0.9964063763618469,1
entity_0793,entity_0799,1,tabicl,0.9942759871482849,1
entity_0648,entity_0856,0,tabicl,6.192814794303558e-07,0
entity_0395,entity_0399,1,tabicl,0.9974163174629211,1
entity_0995,entity_0999,1,tabicl,0.9959130883216858,1
entity_0866,entity_0862,1,tabicl,0.9973626732826233,1
entity_0978,entity_0975,1,tabicl,0.9989150166511536,1
entity_0058,entity_0426,0,tabicl,7.176585654633527e-07,0
entity_0468,entity_0644,0,tabicl,8.02138288236165e-07,0
entity_0872,entity_0257,0,tabicl,6.334686872833117e-07,0
entity_0997,entity_0993,1,tabicl,0.9975096583366394,1
entity_0218,entity_0215,1,tabicl,0.9922177195549011,1
entity_0644,entity_0147,0,tabicl,8.727462841306988e-07,0
entity_0665,entity_0662,1,tabicl,0.9982138872146606,1
entity_0332,entity_0334,1,tabicl,0.9979079961776733,1
entity_0600,entity_0299,0,tabicl,8.182367992048967e-07,0
entity_0498,entity_0497,1,tabicl,0.9993244409561157,1
entity_0122,entity_0884,0,tabicl,4.863169920099608e-07,0
entity_0974,entity_0975,1,tabicl,0.999289870262146,1
entity_0028,entity_0888,0,tabicl,7.866775035836326e-07,0
entity_0636,entity_0464,0,tabicl,1.0032590580522083e-06,0
entity_0692,entity_0506,0,tabicl,9.84789267022279e-07,0
entity_0404,entity_0512,0,tabicl,1.8870330222853227e-06,0
entity_0278,entity_0069,0,tabicl,8.34714057873498e-07,0
entity_0052,entity_0055,1,tabicl,0.9975866079330444,1
entity_0066,entity_0064,1,tabicl,0.9971116781234741,1
entity_0741,entity_0748,1,tabicl,0.9917163848876953,1
entity_0459,entity_0451,1,tabicl,0.9820635318756104,1
entity_0614,entity_0270,0,tabicl,8.135332336678402e-07,0
entity_0632,entity_0633,1,tabicl,0.9985711574554443,1
entity_0264,entity_0269,1,tabicl,0.9955054521560669,1
entity_0519,entity_0517,1,tabicl,0.9991415143013,1
entity_0329,entity_0649,0,tabicl,6.296140782069415e-07,0
entity_0753,entity_0775,0,tabicl,1.558901021780912e-05,0
entity_0510,entity_0807,0,tabicl,4.6314150381476793e-07,0
entity_0769,entity_0767,1,tabicl,0.9985727071762085,1
entity_0581,entity_0588,1,tabicl,0.9917961955070496,1
entity_0525,entity_0469,0,tabicl,2.6660386538424063e-06,0
entity_0543,entity_0138,0,tabicl,8.813108820504567e-07,0
entity_0345,entity_0346,1,tabicl,0.9980204105377197,1
entity_0524,entity_0529,1,tabicl,0.9966394305229187,1
entity_0698,entity_0968,0,tabicl,6.561176633113064e-07,0
entity_0411,entity_0414,1,tabicl,0.9990400671958923,1
entity_0761,entity_0764,1,tabicl,0.9979125261306763,1
entity_0013,entity_0020,1,tabicl,0.9663047194480896,1
entity_0413,entity_0417,1,tabicl,0.9988294839859009,1
entity_0830,entity_0826,1,tabicl,0.9968369007110596,1
entity_0312,entity_0088,0,tabicl,8.312116506203893e-07,0
entity_0778,entity_0476,0,tabicl,5.312101620802423e-07,0
entity_0365,entity_0036,0,tabicl,7.100096581780235e-07,0
entity_0303,entity_0981,0,tabicl,6.476294629464974e-07,0
entity_0474,entity_0441,0,tabicl,3.510359647407313e-06,0
entity_0106,entity_0108,1,tabicl,0.999092698097229,1
entity_0329,entity_0582,0,tabicl,6.413357027668098e-07,0
entity_0138,entity_0390,0,tabicl,6.434271995203744e-07,0
entity_0283,entity_0290,1,tabicl,0.9929972290992737,1
entity_0068,entity_0062,1,tabicl,0.9914169907569885,1
entity_0308,entity_0302,1,tabicl,0.9961531162261963,1
entity_0185,entity_0983,0,tabicl,6.580778517673025e-07,0
entity_0179,entity_0175,1,tabicl,0.9963908195495605,1
entity_0834,entity_0431,0,tabicl,6.309821287686646e-07,0
entity_0742,entity_0732,0,tabicl,0.9002962112426758,1
entity_0285,entity_0258,0,tabicl,1.014814006339293e-05,0
entity_0477,entity_0634,0,tabicl,9.559015552440542e-07,0
entity_0611,entity_0616,1,tabicl,0.9933503270149231,1
entity_0272,entity_0279,1,tabicl,0.9925618171691895,1
entity_0969,entity_0473,0,tabicl,7.293356247828342e-07,0
entity_0775,entity_0317,0,tabicl,6.009939852447133e-07,0
entity_0336,entity_0890,0,tabicl,6.314956522146531e-07,0
entity_0960,entity_0145,0,tabicl,8.106692348519573e-07,0
entity_0741,entity_0097,0,tabicl,9.723446510179201e-07,0
entity_0951,entity_0960,1,tabicl,0.967004120349884,1
entity_0223,entity_0226,1,tabicl,0.9963790774345398,1
entity_0498,entity_0141,0,tabicl,6.901648248458514e-07,0
entity_0425,entity_0429,1,tabicl,0.9984367489814758,1
entity_0772,entity_0332,0,tabicl,5.822190018989204e-07,0
entity_0990,entity_0479,0,tabicl,9.277372896576708e-07,0
entity_0386,entity_0383,1,tabicl,0.9962798953056335,1
entity_0883,entity_0523,0,tabicl,6.105246939114295e-07,0
entity_0676,entity_0675,1,tabicl,0.9986968636512756,1
entity_0746,entity_0938,0,tabicl,8.662013897264842e-07,0
entity_0011,entity_0012,1,tabicl,0.9900122284889221,1
entity_0406,entity_0335,0,tabicl,1.5597296396663296e-06,0
entity_0283,entity_0445,0,tabicl,9.755780183695606e-07,0
entity_0817,entity_0818,1,tabicl,0.9984769225120544,1
entity_0473,entity_0477,1,tabicl,0.9989243745803833,1
entity_0035,entity_0902,0,tabicl,7.383931688309531e-07,0
entity_0100,entity_0092,1,tabicl,0.9759261012077332,1
entity_0117,entity_0479,0,tabicl,6.047552574273141e-07,0
entity_0323,entity_0678,0,tabicl,6.191976353875361e-07,0
entity_0619,entity_0987,0,tabicl,8.52679534091294e-07,0
entity_0293,entity_0292,1,tabicl,0.9989067316055298,1
entity_0329,entity_0550,0,tabicl,7.533143389082397e-07,0
entity_0061,entity_0069,1,tabicl,0.950380265712738,1
entity_0588,entity_0002,0,tabicl,1.6225612853304483e-06,0
entity_0165,entity_0167,1,tabicl,0.9984883666038513,1
entity_0415,entity_0420,1,tabicl,0.9981964230537415,1
entity_0775,entity_0957,0,tabicl,1.0546048088144744e-06,0
entity_0575,entity_0742,0,tabicl,9.469974884268595e-07,0
entity_0913,entity_0914,1,tabicl,0.9990647435188293,1
entity_0940,entity_0939,1,tabicl,0.9991015195846558,1
entity_0410,entity_0998,0,tabicl,1.6344891946573625e-06,0
entity_0949,entity_0282,0,tabicl,6.722422654092952e-07,0
entity_0887,entity_0537,0,tabicl,5.742195412494766e-07,0
entity_0042,entity_0618,0,tabicl,9.070815849554492e-07,0
entity_0673,entity_0598,0,tabicl,1.3265629377201549e-06,0
entity_0455,entity_0118,0,tabicl,7.61274407068413e-07,0
entity_0093,entity_0388,0,tabicl,7.05784771071194e-07,0
entity_0101,entity_0103,1,tabicl,0.9988154172897339,1
entity_0114,entity_0151,0,tabicl,7.556869149993872e-06,0
entity_0909,entity_0904,1,tabicl,0.9972220659255981,1
entity_0686,entity_0683,1,tabicl,0.9982408285140991,1
entity_0068,entity_0424,0,tabicl,7.419069447678339e-07,0
entity_0276,entity_0254,0,tabicl,5.874203270650469e-05,0
entity_0979,entity_0858,0,tabicl,2.1612086129607633e-06,0
entity_0493,entity_0491,1,tabicl,0.9990514516830444,1
entity_0129,entity_0072,0,tabicl,2.2617107333644526e-06,0
entity_0107,entity_0178,0,tabicl,2.179865305151907e-06,0
entity_0843,entity_0096,0,tabicl,7.06646858361637e-07,0
entity_0292,entity_0296,1,tabicl,0.9981768131256104,1
entity_0539,entity_0650,0,tabicl,1.3207045412855223e-06,0
entity_0505,entity_0986,0,tabicl,7.199008109637361e-07,0
entity_0930,entity_0922,1,tabicl,0.9898934960365295,1
entity_0666,entity_0250,0,tabicl,8.387997922909562e-07,0
entity_0027,entity_0420,0,tabicl,8.915915827856224e-07,0
entity_0124,entity_0468,0,tabicl,6.503589133899368e-07,0
entity_0411,entity_0420,1,tabicl,0.9695684313774109,1
entity_0813,entity_0204,0,tabicl,7.443256322403613e-07,0
entity_0643,entity_0776,0,tabicl,9.98846644506557e-07,0
entity_0043,entity_0047,1,tabicl,0.9952097535133362,1
entity_0775,entity_0762,0,tabicl,0.043691061437129974,0
entity_0492,entity_0498,1,tabicl,0.9964063763618469,1
entity_0216,entity_0078,0,tabicl,1.025755636874237e-06,0
entity_0029,entity_0030,1,tabicl,0.997520387172699,1
entity_0601,entity_0435,0,tabicl,1.2907318023280823e-06,0
entity_0401,entity_0408,1,tabicl,0.9876612424850464,1
entity_0695,entity_0664,0,tabicl,3.09207371174125e-06,0
entity_0782,entity_0473,0,tabicl,5.464103196572978e-07,0
entity_0248,entity_0245,1,tabicl,0.996931254863739,1
entity_0013,entity_0019,1,tabicl,0.9806137084960938,1
entity_0345,entity_0348,1,tabicl,0.9970067143440247,1
entity_0996,entity_0991,1,tabicl,0.9956488013267517,1
entity_0768,entity_0766,1,tabicl,0.9985525012016296,1
entity_0367,entity_0370,1,tabicl,0.9955633878707886,1
entity_0340,entity_0894,0,tabicl,6.879226930323057e-07,0
entity_0850,entity_0841,1,tabicl,0.9755924344062805,1
entity_0009,entity_0003,1,tabicl,0.98725825548172,1
entity_0567,entity_0566,1,tabicl,0.9990857839584351,1
entity_0888,entity_0023,0,tabicl,1.0744577139121247e-06,0
entity_0072,entity_0076,1,tabicl,0.9950627684593201,1
entity_0078,entity_0884,0,tabicl,6.359649660225841e-07,0
entity_0248,entity_0565,0,tabicl,6.473663347605907e-07,0
entity_0683,entity_0462,0,tabicl,7.363931331383355e-07,0
entity_0804,entity_0802,1,tabicl,0.9985319375991821,1
entity_0197,entity_0093,0,tabicl,1.048116587298864e-06,0
entity_0303,entity_0689,0,tabicl,7.253401577145269e-07,0
entity_0352,entity_0204,0,tabicl,1.4147808542475104e-06,0
entity_0712,entity_0159,0,tabicl,8.537210192116618e-07,0
entity_0358,entity_0620,0,tabicl,5.708031949325232e-07,0
entity_0686,entity_0240,0,tabicl,8.890545473150269e-07,0
entity_0162,entity_0167,1,tabicl,0.9954023361206055,1
entity_0988,entity_0984,1,tabicl,0.9977651834487915,1
entity_0069,entity_0070,1,tabicl,0.9973598122596741,1
entity_0759,entity_0726,0,tabicl,2.232794258816284e-06,0
entity_0186,entity_0373,0,tabicl,8.529113415534084e-07,0
entity_0800,entity_0793,1,tabicl,0.993952214717865,1
entity_1000,entity_0915,0,tabicl,8.505359801347367e-06,0
entity_0713,entity_0557,0,tabicl,1.2679366818701965e-06,0
entity_0605,entity_0236,0,tabicl,7.660388519070693e-07,0
entity_0935,entity_0937,1,tabicl,0.9990327954292297,1
entity_0574,entity_0576,1,tabicl,0.9985835552215576,1
entity_0203,entity_0204,1,tabicl,0.9978271722793579,1
entity_0786,entity_0783,1,tabicl,0.9987999200820923,1
entity_0453,entity_0460,1,tabicl,0.9937533736228943,1
entity_0617,entity_0145,0,tabicl,8.451956432509178e-07,0
entity_0657,entity_0993,0,tabicl,1.012829216051614e-06,0
entity_0822,entity_0381,0,tabicl,5.568095957642072e-07,0
entity_0412,entity_0420,1,tabicl,0.988342821598053,1
entity_0915,entity_0920,1,tabicl,0.9972039461135864,1
entity_0272,entity_0107,0,tabicl,9.354444046039134e-07,0
entity_0588,entity_0583,1,tabicl,0.9977892637252808,1
entity_0575,entity_0096,0,tabicl,8.381177849514643e-07,0
entity_0362,entity_0908,0,tabicl,6.194498496370215e-07,0
entity_0908,entity_0903,1,tabicl,0.9965807795524597,1
entity_0700,entity_0698,1,tabicl,0.9983190298080444,1
entity_0897,entity_0896,1,tabicl,0.9988282322883606,1
entity_0268,entity_0979,0,tabicl,8.977183938441158e-07,0
entity_0364,entity_0366,1,tabicl,0.9951890110969543,1
entity_0734,entity_0740,1,tabicl,0.9934145212173462,1
entity_0273,entity_0548,0,tabicl,6.223126547411084e-07,0
entity_0373,entity_0810,0,tabicl,5.299871190800332e-07,0
entity_0351,entity_0359,1,tabicl,0.9758238792419434,1
entity_0855,entity_0857,1,tabicl,0.9978645443916321,1
entity_0582,entity_0586,1,tabicl,0.9975576996803284,1
entity_0864,entity_0028,0,tabicl,1.0889825716731139e-06,0
entity_0624,entity_0623,1,tabicl,0.9989114999771118,1
entity_0755,entity_0792,0,tabicl,3.7554952996288193e-06,0
entity_0630,entity_0621,1,tabicl,0.9621549844741821,1
entity_0906,entity_0909,1,tabicl,0.9982654452323914,1
entity_0718,entity_0726,0,tabicl,0.9782788753509521,1
entity_0028,entity_0027,1,tabicl,0.9971241354942322,1
entity_0295,entity_0293,1,tabicl,0.9988632202148438,1
entity_0273,entity_0278,1,tabicl,0.9965696334838867,1
entity_0445,entity_0448,1,tabicl,0.998558759689331,1
entity_0177,entity_0924,0,tabicl,6.258676421566634e-07,0
entity_0537,entity_0727,0,tabicl,7.660388519070693e-07,0
entity_0617,entity_0222,0,tabicl,8.507731763529591e-07,0
entity_0173,entity_0175,1,tabicl,0.9983550906181335,1
entity_0873,entity_0367,0,tabicl,6.240879883989692e-07,0
entity_0486,entity_0485,1,tabicl,0.9993720650672913,1
entity_0368,entity_0369,1,tabicl,0.9967361092567444,1
entity_0356,entity_0357,1,tabicl,0.9952201247215271,1
entity_0506,entity_0125,0,tabicl,7.452355248460663e-07,0
entity_0768,entity_0556,0,tabicl,7.77448747157905e-07,0
entity_0122,entity_0312,0,tabicl,8.403370657106279e-07,0
entity_0929,entity_0122,0,tabicl,7.695279009567457e-07,0
entity_0457,entity_0857,0,tabicl,5.841171173415205e-07,0
entity_0266,entity_0018,0,tabicl,8.8520425833849e-07,0
entity_0737,entity_0665,0,tabicl,1.0895736295424285e-06,0
entity_0146,entity_0147,1,tabicl,0.9986213445663452,1
entity_0976,entity_0980,1,tabicl,0.9981846809387207,1
entity_0396,entity_0991,0,tabicl,9.773361853149254e-07,0
entity_0363,entity_0370,1,tabicl,0.9835829734802246,1
entity_0650,entity_0648,1,tabicl,0.9982710480690002,1
entity_0830,entity_0947,0,tabicl,1.4118936633167323e-06,0
entity_0069,entity_0726,0,tabicl,1.0603420150800957e-06,0
entity_0360,entity_0353,1,tabicl,0.9862812161445618,1
entity_0339,entity_0104,0,tabicl,7.873169352023979e-07,0
entity_0639,entity_0561,0,tabicl,1.3651200561071164e-06,0
entity_0755,entity_0754,1,tabicl,0.997970461845398,1
entity_0425,entity_0120,0,tabicl,8.131469826366811e-07,0
entity_0773,entity_0780,1,tabicl,0.9908350706100464,1
entity_0769,entity_0766,1,tabicl,0.998295247554779,1
entity_0533,entity_0572,0,tabicl,3.0989992865215754e-06,0
entity_0872,entity_0016,0,tabicl,1.0802299357237644e-06,0
entity_0898,entity_0860,0,tabicl,2.638997329995618e-06,0
entity_0004,entity_0708,0,tabicl,1.1659490155579988e-06,0
entity_0204,entity_0201,1,tabicl,0.9961029291152954,1
entity_0550,entity_0592,0,tabicl,2.873668563552201e-06,0
entity_0967,entity_0963,1,tabicl,0.9985650181770325,1
entity_0659,entity_0655,1,tabicl,0.9977138042449951,1
entity_0151,entity_0382,0,tabicl,6.712396611874283e-07,0
entity_0232,entity_0702,0,tabicl,8.241401587838482e-07,0
entity_0180,entity_0255,0,tabicl,1.8591758816910442e-06,0
entity_0320,entity_0313,1,tabicl,0.9928678274154663,1
entity_0585,entity_0992,0,tabicl,1.0668336472008377e-06,0
entity_0558,entity_0679,0,tabicl,1.282551238546148e-06,0
entity_0965,entity_0961,1,tabicl,0.9985445737838745,1
entity_0053,entity_0057,1,tabicl,0.9968403577804565,1
entity_0710,entity_0703,1,tabicl,0.9926810264587402,1
entity_0792,entity_0799,1,tabicl,0.9907159805297852,1
entity_0596,entity_0091,0,tabicl,9.96748326542729e-07,0
entity_0356,entity_0353,1,tabicl,0.9926018118858337,1
entity_0137,entity_0132,1,tabicl,0.9945765733718872,1
entity_0999,entity_0998,1,tabicl,0.9982138872146606,1
entity_0882,entity_0184,0,tabicl,6.555835057042714e-07,0
entity_0646,entity_0643,1,tabicl,0.9980711340904236,1
entity_0229,entity_0225,1,tabicl,0.9951052069664001,1
entity_0168,entity_0841,0,tabicl,5.542480607800826e-07,0
entity_0818,entity_0815,1,tabicl,0.9979125261306763,1
entity_0049,entity_0607,0,tabicl,7.457410333699954e-07,0
entity_0615,entity_0226,0,tabicl,7.569503281956713e-07,0
entity_0446,entity_0449,1,tabicl,0.998539924621582,1
entity_0310,entity_0303,1,tabicl,0.9935270547866821,1
entity_0505,entity_0504,1,tabicl,0.9993399977684021,1
entity_0956,entity_0603,0,tabicl,6.514178494398948e-07,0
entity_0236,entity_0235,1,tabicl,0.99664306640625,1
entity_0364,entity_0361,1,tabicl,0.993057370185852,1
entity_0166,entity_0163,1,tabicl,0.9980732798576355,1
entity_0743,entity_0742,1,tabicl,0.9973453879356384,1
entity_0181,entity_0185,1,tabicl,0.9972549080848694,1
entity_0876,entity_0411,0,tabicl,7.786092055539484e-07,0
entity_0828,entity_0827,1,tabicl,0.9981945157051086,1
entity_0812,entity_0482,0,tabicl,6.339848255265679e-07,0
entity_0389,entity_0955,0,tabicl,6.321814112197899e-07,0
entity_0953,entity_0952,1,tabicl,0.9992527365684509,1
entity_0046,entity_0169,0,tabicl,1.4154975360725075e-06,0
entity_0195,entity_0193,1,tabicl,0.9968060255050659,1
entity_0437,entity_0268,0,tabicl,1.2337940233919653e-06,0
entity_0714,entity_0712,1,tabicl,0.9981489181518555,1
entity_0999,entity_0744,0,tabicl,2.934116309916135e-06,0
entity_0225,entity_0048,0,tabicl,9.558367537465529e-07,0
entity_0744,entity_0689,0,tabicl,1.5149125829339027e-06,0
entity_0661,entity_0667,1,tabicl,0.9919536113739014,1
entity_0763,entity_0622,0,tabicl,1.014238478092011e-06,0
entity_0750,entity_0742,1,tabicl,0.9843363761901855,1
entity_0028,entity_0025,1,tabicl,0.9954221844673157,1
entity_0259,entity_0258,1,tabicl,0.9975417852401733,1
entity_0195,entity_0076,0,tabicl,1.0690977205740637e-06,0
entity_0378,entity_0984,0,tabicl,8.585988098275266e-07,0
entity_0982,entity_0983,1,tabicl,0.9990137219429016,1
entity_0190,entity_0193,0,tabicl,0.9971427321434021,1
entity_0492,entity_0494,1,tabicl,0.9991743564605713,1
entity_0210,entity_0887,0,tabicl,5.610546622847323e-07,0
entity_0401,entity_0410,1,tabicl,0.9483993649482727,1
entity_0831,entity_0703,0,tabicl,9.64955461313366e-07,0
entity_0181,entity_0183,1,tabicl,0.9981589913368225,1
entity_0443,entity_0468,0,tabicl,9.566068911226466e-06,0
entity_0621,entity_0627,1,tabicl,0.9904323220252991,1
entity_0356,entity_0359,1,tabicl,0.993678867816925,1
entity_0138,entity_0321,0,tabicl,9.142152066488052e-07,0
entity_0736,entity_0225,0,tabicl,7.77448747157905e-07,0
entity_0971,entity_0980,1,tabicl,0.9891746044158936,1
entity_0718,entity_0715,1,tabicl,0.9975918531417847,1
entity_0499,entity_0441,0,tabicl,2.742416654655244e-06,0
entity_0318,entity_0315,1,tabicl,0.998568058013916,1
entity_0272,entity_0275,1,tabicl,0.9972637891769409,1
entity_0530,entity_0457,0,tabicl,1.7206789379997645e-06,0
entity_0262,entity_0266,1,tabicl,0.9955633878707886,1
entity_0125,entity_0127,1,tabicl,0.9991015195846558,1
entity_0934,entity_0936,1,tabicl,0.999107301235199,1
entity_0398,entity_0742,0,tabicl,5.061012302576273e-07,0
entity_0088,entity_0081,1,tabicl,0.9848465919494629,1
entity_0693,entity_0698,1,tabicl,0.9953524470329285,1
entity_0314,entity_0384,0,tabicl,2.6430875550431665e-06,0
entity_0960,entity_0958,1,tabicl,0.9991517066955566,1
entity_0637,entity_0513,0,tabicl,1.2898348131784587e-06,0
entity_0957,entity_0955,1,tabicl,0.9992339015007019,1
entity_0817,entity_0739,0,tabicl,8.940129987422551e-07,0
entity_0205,entity_0282,0,tabicl,1.945901885846979e-06,0
entity_0231,entity_0200,0,tabicl,4.48093305749353e-06,0
entity_0776,entity_0780,1,tabicl,0.9980649352073669,1
entity_0610,entity_0602,1,tabicl,0.9907060265541077,1
entity_0686,entity_0684,1,tabicl,0.9985143542289734,1
entity_0456,entity_0458,1,tabicl,0.9987816214561462,1
entity_0837,entity_0357,0,tabicl,5.772651547886198e-07,0
entity_0152,entity_0155,1,tabicl,0.9980837106704712,1
entity_0557,entity_0164,0,tabicl,8.305357823701343e-07,0
entity_0733,entity_0736,1,tabicl,0.9965211153030396,1
entity_0922,entity_0680,0,tabicl,6.068096922717814e-07,0
entity_0248,entity_0176,0,tabicl,1.8648868262971519e-06,0
entity_0618,entity_0412,0,tabicl,8.474911510347738e-07,0
entity_0438,entity_0302,0,tabicl,1.1560683788047754e-06,0
entity_0579,entity_0577,1,tabicl,0.9990083575248718,1
entity_0238,entity_0004,0,tabicl,1.2740993042825721e-06,0
entity_0779,entity_0772,1,tabicl,0.9958731532096863,1
entity_0464,entity_0328,0,tabicl,1.0535683259149664e-06,0
entity_0772,entity_0773,1,tabicl,0.9989197254180908,1
entity_0546,entity_0416,0,tabicl,1.4041404483577935e-06,0
entity_0299,entity_0297,1,tabicl,0.9989666938781738,1
entity_0342,entity_0655,0,tabicl,6.066447326702473e-07,0
entity_0711,entity_0713,1,tabicl,0.9977481961250305,1
entity_0053,entity_0675,0,tabicl,8.094061172414513e-07,0
entity_0967,entity_0932,0,tabicl,3.6761864521395182e-06,0
entity_0394,entity_0531,0,tabicl,1.3325528698260314e-06,0
entity_0028,entity_0022,1,tabicl,0.9896407723426819,1
entity_0689,entity_0751,0,tabicl,2.117826852554572e-06,0
entity_0166,entity_0813,0,tabicl,6.298704988694226e-07,0
entity_0013,entity_0017,1,tabicl,0.9918840527534485,1
entity_0353,entity_0932,0,tabicl,5.701063514607085e-07,0
entity_0474,entity_0476,1,tabicl,0.9993218779563904,1
entity_0370,entity_0740,0,tabicl,5.30274292032118e-07,0
entity_0161,entity_0112,0,tabicl,2.751221018115757e-06,0
entity_0889,entity_0890,1,tabicl,0.9983990788459778,1
entity_0584,entity_0590,1,tabicl,0.9946289658546448,1
entity_0946,entity_0948,1,tabicl,0.9989371299743652,1
entity_0805,entity_0802,1,tabicl,0.9980161190032959,1
entity_0094,entity_0899,0,tabicl,5.931385658186628e-07,0
entity_0951,entity_0542,0,tabicl,6.804985446251521e-07,0
entity_0243,entity_0250,1,tabicl,0.9912303686141968,1
entity_0704,entity_0707,1,tabicl,0.9975069165229797,1
entity_0236,entity_0362,0,tabicl,1.5228721395033062e-06,0
entity_0649,entity_0112,0,tabicl,8.577836752010626e-07,0
entity_0348,entity_0346,1,tabicl,0.9967955946922302,1
entity_0409,entity_0410,1,tabicl,0.999311089515686,1
entity_0682,entity_0688,1,tabicl,0.993034839630127,1
entity_0917,entity_0567,0,tabicl,5.854661822013441e-07,0
entity_0083,entity_0653,0,tabicl,7.727180104666331e-07,0
entity_0348,entity_0241,0,tabicl,1.3161001106709591e-06,0
entity_0348,entity_0883,0,tabicl,6.436886224037153e-07,0
entity_0641,entity_0455,0,tabicl,1.016545070342545e-06,0
entity_0632,entity_0631,1,tabicl,0.9988483786582947,1
entity_0460,entity_0456,1,tabicl,0.9976229071617126,1
entity_0869,entity_0618,0,tabicl,6.397718834705302e-07,0
entity_0597,entity_0731,0,tabicl,1.1967924820055487e-06,0
entity_0220,entity_0216,1,tabicl,0.9886268973350525,1
entity_0763,entity_0203,0,tabicl,7.464490181519068e-07,0
entity_0908,entity_0427,0,tabicl,7.400978461191698e-07,0
entity_0169,entity_0161,1,tabicl,0.9813424944877625,1
entity_0292,entity_0298,1,tabicl,0.9969146251678467,1
entity_0828,entity_0822,1,tabicl,0.9951786398887634,1
entity_0171,entity_0996,0,tabicl,1.079937305803469e-06,0
entity_0869,entity_0991,0,tabicl,2.6869129214901477e-06,0
entity_0572,entity_0555,0,tabicl,4.121334131923504e-05,0
entity_0787,entity_0790,1,tabicl,0.9983780980110168,1
entity_0689,entity_0688,1,tabicl,0.9985727071762085,1
entity_0699,entity_0327,0,tabicl,8.378332267966471e-07,0
entity_0861,entity_0862,1,tabicl,0.9983868598937988,1
entity_0018,entity_0013,1,tabicl,0.9936583638191223,1
entity_0700,entity_0696,1,tabicl,0.9975391626358032,1
entity_0952,entity_0959,1,tabicl,0.9941762685775757,1
entity_0652,entity_0077,0,tabicl,7.885997206358297e-07,0
entity_0752,entity_0932,0,tabicl,9.467410109209595e-07,0
entity_0626,entity_0482,0,tabicl,1.1118925158370985e-06,0
entity_0378,entity_0289,0,tabicl,1.1457652817625785e-06,0
entity_0862,entity_0035,0,tabicl,9.819879096539808e-07,0
entity_0042,entity_0044,1,tabicl,0.9968844652175903,1
entity_0796,entity_0798,1,tabicl,0.998577356338501,1
entity_0167,entity_0163,1,tabicl,0.9970834255218506,1
entity_0301,entity_0451,0,tabicl,8.975360401564103e-07,0
entity_0763,entity_0872,0,tabicl,1.2379014151520096e-06,0
entity_0380,entity_0527,0,tabicl,1.1709011005223147e-06,0
entity_0757,entity_0751,1,tabicl,0.9952355027198792,1
entity_0663,entity_0410,0,tabicl,6.436014814426017e-07,0
entity_0400,entity_0399,1,tabicl,0.9984214305877686,1
entity_0366,entity_0362,1,tabicl,0.9917163848876953,1
entity_0480,entity_0479,1,tabicl,0.9993425011634827,1
entity_0638,entity_0637,1,tabicl,0.9988681077957153,1
entity_0936,entity_0938,1,tabicl,0.9990296363830566,1
entity_0918,entity_0383,0,tabicl,8.91832314664498e-07,0
entity_0220,entity_0213,1,tabicl,0.963322639465332,1
entity_0086,entity_0084,1,tabicl,0.9976561069488525,1
entity_0581,entity_0632,0,tabicl,2.4316643703059526e-06,0
entity_0176,entity_0934,0,tabicl,7.275571647369361e-07,0
entity_0047,entity_0042,1,tabicl,0.9939194917678833,1
entity_0542,entity_0548,1,tabicl,0.9886876344680786,1
entity_0930,entity_0831,0,tabicl,1.0023065897257766e-06,0
entity_0351,entity_0360,1,tabicl,0.9571177959442139,1
entity_0141,entity_0145,1,tabicl,0.9975123405456543,1
entity_0289,entity_0140,0,tabicl,1.1237187891310896e-06,0
entity_0125,entity_0126,1,tabicl,0.9991999268531799,1
entity_0910,entity_0546,0,tabicl,6.005053023727669e-07,0
entity_0339,entity_0338,1,tabicl,0.9981728792190552,1
entity_0569,entity_0788,0,tabicl,6.53187669286126e-07,0
entity_0828,entity_0919,0,tabicl,1.3922823427492403e-06,0
entity_0556,entity_0962,0,tabicl,5.582462563324952e-07,0
entity_0832,entity_0836,1,tabicl,0.9963634610176086,1
entity_0359,entity_0731,0,tabicl,4.946995773025264e-07,0
entity_0012,entity_0018,1,tabicl,0.982683539390564,1
entity_0846,entity_0845,1,tabicl,0.9981409311294556,1
entity_0210,entity_0207,1,tabicl,0.995412290096283,1
entity_0826,entity_0956,0,tabicl,1.3379009260461316e-06,0
entity_0648,entity_0649,1,tabicl,0.9984128475189209,1
entity_0098,entity_0095,1,tabicl,0.9983745813369751,1
entity_0921,entity_0922,1,tabicl,0.9990857839584351,1
entity_0064,entity_0157,0,tabicl,1.9891904230462387e-06,0
entity_0330,entity_0388,0,tabicl,3.6550550248648506e-06,0
entity_0254,entity_0257,1,tabicl,0.9970067143440247,1
entity_0225,entity_0474,0,tabicl,8.877667028173164e-07,0
entity_0905,entity_0906,1,tabicl,0.9988269209861755,1
entity_0821,entity_0828,1,tabicl,0.9903082251548767,1
entity_0613,entity_0612,1,tabicl,0.999005138874054,1
entity_0006,entity_0046,0,tabicl,1.0116532394022215e-05,0
entity_0390,entity_0773,0,tabicl,4.818523393623764e-07,0
entity_0296,entity_0299,1,tabicl,0.998719334602356,1
entity_0081,entity_0087,1,tabicl,0.9898934960365295,1
entity_0508,entity_0507,1,tabicl,0.9993645548820496,1
entity_0755,entity_0871,0,tabicl,1.31086676447012e-06,0
entity_0565,entity_0329,0,tabicl,8.132577704600408e-07,0
entity_0273,entity_0592,0,tabicl,7.585951493638277e-07,0
entity_0406,entity_0987,0,tabicl,9.368416158395121e-07,0
entity_0328,entity_0325,1,tabicl,0.9978271722793579,1
entity_0042,entity_0607,0,tabicl,7.270639912348997e-07,0
entity_0316,entity_0318,1,tabicl,0.9983657598495483,1
entity_0834,entity_0929,0,tabicl,1.3620692698168568e-06,0
entity_0152,entity_0160,1,tabicl,0.980385422706604,1
entity_0370,entity_0927,0,tabicl,5.969320682197576e-07,0
entity_0997,entity_0806,0,tabicl,3.4083391255990136e-06,0
entity_0363,entity_0278,0,tabicl,1.3037415556027554e-06,0
entity_0640,entity_0092,0,tabicl,8.0743171793074e-07,0
entity_0349,entity_0801,0,tabicl,5.372242526391346e-07,0
entity_0522,entity_0527,1,tabicl,0.9970676302909851,1
entity_0217,entity_0195,0,tabicl,2.4913455490604974e-05,0
entity_0610,entity_0718,0,tabicl,1.2122507087042322e-06,0
entity_0207,entity_0205,1,tabicl,0.9967537522315979,1
entity_0879,entity_0210,0,tabicl,7.775540211696352e-07,0
entity_0777,entity_0775,1,tabicl,0.9989301562309265,1
entity_0230,entity_0226,1,tabicl,0.9950839877128601,1
entity_0158,entity_0157,1,tabicl,0.9982672929763794,1
entity_0438,entity_0808,0,tabicl,5.151042614670587e-07,0
entity_0919,entity_0912,1,tabicl,0.9947152733802795,1
entity_0099,entity_0096,1,tabicl,0.9976662397384644,1
entity_0325,entity_0857,0,tabicl,5.66868095575046e-07,0
entity_0492,entity_0497,1,tabicl,0.9976357221603394,1
entity_0783,entity_0789,1,tabicl,0.9952612519264221,1
entity_0764,entity_0767,1,tabicl,0.998254120349884,1
entity_0044,entity_0529,0,tabicl,7.846522862564598e-07,0
entity_0017,entity_0749,0,tabicl,7.923524094621825e-07,0
entity_0709,entity_0704,1,tabicl,0.9969046115875244,1
entity_0466,entity_0467,1,tabicl,0.9992495179176331,1
entity_0239,entity_0234,1,tabicl,0.992775022983551,1
entity_0169,entity_0170,1,tabicl,0.9985926747322083,1
entity_0686,entity_0597,0,tabicl,1.3620692698168568e-06,0
entity_0990,entity_0984,1,tabicl,0.9940876960754395,1
entity_0155,entity_0156,1,tabicl,0.998428225517273,1
entity_0087,entity_0252,0,tabicl,1.1723312809408526e-06,0
entity_0443,entity_0448,1,tabicl,0.9968403577804565,1
entity_0650,entity_0642,1,tabicl,0.9829219579696655,1
entity_0097,entity_0091,1,tabicl,0.9948225021362305,1
entity_0586,entity_0588,1,tabicl,0.998675525188446,1
entity_0809,entity_0810,1,tabicl,0.9984452128410339,1
entity_0749,entity_0769,0,tabicl,2.767569458228536e-05,0
entity_0173,entity_0642,0,tabicl,7.113596893759677e-07,0
entity_0733,entity_0734,1,tabicl,0.9971520304679871,1
entity_0201,entity_0062,0,tabicl,1.084155883290805e-06,0
entity_0743,entity_0747,1,tabicl,0.9968709349632263,1
entity_0381,entity_0383,1,tabicl,0.9977285861968994,1
entity_0264,entity_0861,0,tabicl,5.44634190191573e-07,0
entity_0767,entity_0762,1,tabicl,0.9972039461135864,1
entity_0059,entity_0413,0,tabicl,6.87362671669689e-07,0
entity_0453,entity_0457,1,tabicl,0.9980649352073669,1
entity_0819,entity_0001,0,tabicl,1.4036584161658539e-06,0
entity_0934,entity_0716,0,tabicl,6.99969803008571e-07,0
entity_0167,entity_0049,0,tabicl,1.2856432931585005e-06,0
entity_0446,entity_0215,0,tabicl,9.586942724126857e-07,0
entity_0064,entity_0426,0,tabicl,6.926975402166136e-07,0
entity_0013,entity_0012,1,tabicl,0.9932346343994141,1
entity_0595,entity_0599,1,tabicl,0.9977916479110718,1
entity_0142,entity_0141,1,tabicl,0.9986124038696289,1
entity_0653,entity_0277,0,tabicl,7.49798061860929e-07,0
entity_0132,entity_0956,0,tabicl,6.494774993370811e-07,0
entity_0365,entity_0563,0,tabicl,7.809360340615967e-07,0
entity_0888,entity_0889,1,tabicl,0.9984883666038513,1
entity_0657,entity_0660,1,tabicl,0.9974163174629211,1
entity_0344,entity_0350,1,tabicl,0.9932637214660645,1
entity_0672,entity_0676,1,tabicl,0.9963555335998535,1
entity_0352,entity_0354,1,tabicl,0.9956393837928772,1
entity_0199,entity_0197,1,tabicl,0.9969969987869263,1
entity_0291,entity_0838,0,tabicl,6.881090826027503e-07,0
entity_0598,entity_0597,1,tabicl,0.9991303086280823,1
entity_0227,entity_0225,1,tabicl,0.9971147775650024,1
entity_0380,entity_0375,1,tabicl,0.9926018118858337,1
entity_0955,entity_0062,0,tabicl,9.398958127349033e-07,0
entity_0886,entity_0908,0,tabicl,3.072650360991247e-05,0
entity_0643,entity_0155,0,tabicl,7.977440077411302e-07,0
entity_0094,entity_0095,1,tabicl,0.9992297291755676,1
entity_0132,entity_0134,1,tabicl,0.9981748461723328,1
entity_0989,entity_0868,0,tabicl,2.965057774417801e-06,0
entity_0912,entity_0941,0,tabicl,6.163553280202905e-06,0
entity_0412,entity_0413,1,tabicl,0.999408483505249,1
entity_0285,entity_0508,0,tabicl,6.252740831769188e-07,0
entity_0062,entity_0065,1,tabicl,0.9962759017944336,1
entity_0403,entity_0404,1,tabicl,0.9986926913261414,1
entity_0718,entity_0719,1,tabicl,0.9975096583366394,1
entity_0887,entity_0888,1,tabicl,0.9983136057853699,1
entity_0746,entity_0696,0,tabicl,1.8051277947961353e-06,0
entity_0002,entity_0143,0,tabicl,2.6346770027885213e-06,0
entity_0626,entity_0630,1,tabicl,0.9948392510414124,1
entity_0557,entity_0558,1,tabicl,0.998840868473053,1
entity_0662,entity_0964,0,tabicl,6.573646373908559e-07,0
entity_0659,entity_0599,0,tabicl,1.4465907725025318e-06,0
entity_0248,entity_0243,1,tabicl,0.9946057796478271,1
entity_0147,entity_0150,1,tabicl,0.9978875517845154,1
entity_0914,entity_0077,0,tabicl,8.52679534091294e-07,0
entity_0475,entity_0471,1,tabicl,0.9982370138168335,1
entity_0418,entity_0145,0,tabicl,9.007069365907228e-07,0
entity_0888,entity_0619,0,tabicl,6.861516794742784e-07,0
entity_0240,entity_0234,1,tabicl,0.9883802533149719,1
entity_0714,entity_0034,0,tabicl,8.233575954363914e-07,0
entity_0395,entity_0063,0,tabicl,8.592967333242996e-07,0
entity_0975,entity_0973,1,tabicl,0.9992413520812988,1
entity_0323,entity_0324,1,tabicl,0.9987248778343201,1
entity_0597,entity_0042,0,tabicl,7.418065024467069e-07,0
entity_0376,entity_0004,0,tabicl,1.1387543281671242e-06,0
entity_0849,entity_0484,0,tabicl,6.885758239150164e-07,0
entity_0141,entity_0049,0,tabicl,1.4012335896040895e-06,0
entity_0834,entity_0836,1,tabicl,0.9976738095283508,1
entity_0601,entity_0608,1,tabicl,0.9892325401306152,1
entity_0061,entity_0602,0,tabicl,6.170183155518316e-07,0
entity_0519,entity_0513,1,tabicl,0.9964180588722229,1
entity_0613,entity_0295,0,tabicl,8.166846328094834e-07,0
entity_0982,entity_0990,1,tabicl,0.9869124293327332,1
entity_0479,entity_0730,0,tabicl,6.160141197142366e-07,0
entity_0624,entity_0626,1,tabicl,0.9979215264320374,1
entity_0292,entity_0688,0,tabicl,6.979787485761335e-07,0
entity_0903,entity_0901,1,tabicl,0.9987562894821167,1
entity_0415,entity_0414,1,tabicl,0.9994964599609375,1
entity_0716,entity_0714,1,tabicl,0.9981268048286438,1
entity_0558,entity_0341,0,tabicl,8.254820613728953e-07,0
entity_0046,entity_0565,0,tabicl,6.503589133899368e-07,0
entity_0106,entity_0169,0,tabicl,2.6770017029775772e-06,0
entity_0532,entity_0534,1,tabicl,0.998957633972168,1
entity_0113,entity_0678,0,tabicl,9.462265211368504e-07,0
entity_0559,entity_0560,1,tabicl,0.9988983869552612,1
entity_0231,entity_0786,0,tabicl,7.426119736919645e-07,0
entity_0906,entity_0728,0,tabicl,8.572013712182525e-07,0
entity_0750,entity_0743,1,tabicl,0.9916806817054749,1
entity_0303,entity_0500,0,tabicl,6.828095706623571e-07,0
entity_0291,entity_0298,1,tabicl,0.9955345392227173,1
entity_0424,entity_0421,1,tabicl,0.9991894364356995,1
entity_0719,entity_0712,1,tabicl,0.9918928146362305,1
entity_0873,entity_0872,1,tabicl,0.9985191822052002,1
entity_0158,entity_0917,0,tabicl,7.673132245145098e-07,0
entity_0280,entity_0812,0,tabicl,6.050016168046568e-07,0
entity_0884,entity_0147,0,tabicl,6.927914455445716e-07,0
entity_0259,entity_0579,0,tabicl,8.135882012538787e-07,0
entity_0551,entity_0553,1,tabicl,0.9982293248176575,1
entity_0828,entity_0394,0,tabicl,5.940245273450273e-07,0
entity_0894,entity_0008,0,tabicl,1.2452260307327379e-06,0
entity_0564,entity_0989,0,tabicl,8.8149084831457e-07,0
entity_0002,entity_0536,0,tabicl,1.4915954125171993e-06,0
entity_0692,entity_0110,0,tabicl,8.718586741451873e-07,0
entity_0744,entity_0233,0,tabicl,6.99969803008571e-07,0
entity_0889,entity_0793,0,tabicl,9.245964065485168e-07,0
entity_0564,entity_0783,0,tabicl,7.003497444202367e-07,0
entity_0316,entity_0791,0,tabicl,5.970943561806052e-07,0
entity_0990,entity_0983,1,tabicl,0.9908350706100464,1
entity_0112,entity_0117,1,tabicl,0.9978271722793579,1
entity_0062,entity_0375,0,tabicl,6.38731819435634e-07,0
entity_0588,entity_0800,0,tabicl,6.755326467100531e-07,0
entity_0598,entity_0829,0,tabicl,5.628075996355619e-07,0
entity_0051,entity_0055,1,tabicl,0.9967607855796814,1
entity_0555,entity_0206,0,tabicl,6.647165378126374e-07,0
entity_0470,entity_0812,0,tabicl,5.055527481090394e-07,0
entity_0127,entity_0129,1,tabicl,0.9988779425621033,1
entity_0184,entity_0352,0,tabicl,8.94255208550021e-07,0
entity_0611,entity_0620,1,tabicl,0.9516939520835876,1
entity_0597,entity_0600,1,tabicl,0.9984636306762695,1
entity_0393,entity_0395,1,tabicl,0.998645007610321,1
entity_0776,entity_0179,0,tabicl,8.279489520646166e-07,0
entity_0554,entity_0558,1,tabicl,0.9962394833564758,1
entity_0493,entity_0492,1,tabicl,0.9993306398391724,1
entity_0298,entity_0663,0,tabicl,6.483326728812244e-07,0
entity_0654,entity_0657,1,tabicl,0.9976459741592407,1
entity_0789,entity_0784,1,tabicl,0.9979394674301147,1
entity_0735,entity_0734,1,tabicl,0.997287392616272,1
entity_0309,entity_0306,1,tabicl,0.9987025260925293,1
entity_0518,entity_0453,0,tabicl,1.8768121208267985e-06,0
entity_0949,entity_0943,1,tabicl,0.9959961771965027,1
entity_0995,entity_0193,0,tabicl,1.1959801895500277e-06,0
entity_0390,entity_0384,1,tabicl,0.9914905428886414,1
entity_0122,entity_0298,0,tabicl,8.32509613246657e-07,0
entity_0642,entity_0885,0,tabicl,6.372605980686785e-07,0
entity_0892,entity_0894,1,tabicl,0.9981688857078552,1
entity_0938,entity_0931,1,tabicl,0.9944462776184082,1
entity_0291,entity_0502,0,tabicl,6.886690471219481e-07,0
entity_0480,entity_0407,0,tabicl,2.09618019653135e-06,0
entity_0696,entity_0958,0,tabicl,6.142623760752031e-07,0
entity_0099,entity_0914,0,tabicl,5.422020308287756e-07,0
entity_0147,entity_0264,0,tabicl,1.3462163224176038e-06,0
entity_0898,entity_0894,1,tabicl,0.9981206655502319,1
entity_0225,entity_0228,1,tabicl,0.9961197376251221,1
entity_0958,entity_0315,0,tabicl,5.224221695243614e-07,0
entity_0767,entity_0842,0,tabicl,1.5424376442751964e-06,0
entity_0151,entity_0155,1,tabicl,0.9973767995834351,1
entity_0217,entity_0218,1,tabicl,0.9957601428031921,1
entity_0393,entity_0903,0,tabicl,7.310193836929102e-07,0
entity_0165,entity_0844,0,tabicl,5.615879103970656e-07,0
entity_0067,entity_0394,0,tabicl,7.177071665864787e-07,0
entity_0432,entity_0367,0,tabicl,1.918402631417848e-06,0
entity_0252,entity_0594,0,tabicl,7.506114911848272e-07,0
entity_0403,entity_0407,1,tabicl,0.9972902536392212,1
entity_0843,entity_0229,0,tabicl,7.245050142046239e-07,0
entity_0219,entity_0215,1,tabicl,0.9897733330726624,1
entity_0108,entity_0110,1,tabicl,0.9990818500518799,1
entity_0464,entity_0882,0,tabicl,6.56206452731567e-07,0
entity_0395,entity_0397,1,tabicl,0.9985957741737366,1
entity_0216,entity_0657,0,tabicl,7.458420441253111e-07,0
entity_0266,entity_0080,0,tabicl,8.988766921902425e-07,0
entity_0683,entity_0706,0,tabicl,1.220797548739938e-05,0
entity_0372,entity_0973,0,tabicl,5.760920771535893e-07,0
entity_0336,entity_0050,0,tabicl,8.101753792288946e-07,0
entity_0172,entity_0012,0,tabicl,1.1664228622976225e-06,0
entity_0031,entity_0142,0,tabicl,1.7430814978069975e-06,0
entity_0363,entity_0367,1,tabicl,0.9933717846870422,1
entity_0209,entity_0203,1,tabicl,0.9911450743675232,1
entity_0566,entity_0730,0,tabicl,9.196559744850674e-07,0
entity_0282,entity_0290,1,tabicl,0.989046037197113,1
entity_0207,entity_0424,0,tabicl,7.084708499860426e-07,0
entity_0817,entity_0783,0,tabicl,2.4282646791107254e-06,0
entity_0757,entity_0168,0,tabicl,8.451948474430537e-07,0
entity_0276,entity_0491,0,tabicl,6.696935770378332e-07,0
entity_0849,entity_0841,1,tabicl,0.9820444583892822,1
entity_0612,entity_0618,1,tabicl,0.989540159702301,1
entity_0340,entity_0335,1,tabicl,0.9950413703918457,1
entity_0779,entity_0773,1,tabicl,0.9973483085632324,1
entity_0133,entity_0139,1,tabicl,0.9936515092849731,1
entity_0902,entity_0070,0,tabicl,9.125113251684525e-07,0
entity_0258,entity_0254,1,tabicl,0.9953824877738953,1
entity_0414,entity_0548,0,tabicl,1.341080405836692e-06,0
entity_0496,entity_0494,1,tabicl,0.9990452527999878,1
entity_0443,entity_0449,1,tabicl,0.9944880604743958,1
entity_0743,entity_0744,1,tabicl,0.9974961280822754,1
entity_0888,entity_0058,0,tabicl,9.610366760171019e-07,0
entity_0992,entity_0927,0,tabicl,3.830412879324285e-06,0
entity_0137,entity_0140,1,tabicl,0.996924638748169,1
entity_0386,entity_0381,1,tabicl,0.992617666721344,1
entity_0863,entity_0085,0,tabicl,8.5685320527773e-07,0
entity_0154,entity_0155,1,tabicl,0.9985711574554443,1
entity_0726,entity_0729,1,tabicl,0.9962678551673889,1
entity_0478,entity_0474,1,tabicl,0.9985880851745605,1
entity_0070,entity_0417,0,tabicl,6.53187669286126e-07,0
entity_0136,entity_0920,0,tabicl,5.400006557465531e-07,0
entity_0374,entity_0375,1,tabicl,0.9975069165229797,1
entity_0370,entity_0357,0,tabicl,0.14530393481254578,0
entity_0170,entity_0711,0,tabicl,8.705592335900292e-07,0
entity_0977,entity_0442,0,tabicl,8.439350835942605e-07,0
entity_0007,entity_0897,0,tabicl,1.125700919146766e-06,0
entity_0636,entity_0330,0,tabicl,7.768158525323088e-07,0
entity_0431,entity_0143,0,tabicl,8.737539474168443e-07,0
entity_0300,entity_0831,0,tabicl,7.076537826833373e-07,0
entity_0616,entity_0319,0,tabicl,8.074324568951852e-07,0
entity_0456,entity_0132,0,tabicl,8.140306704262912e-07,0
entity_0463,entity_0465,1,tabicl,0.9990484118461609,1
entity_0738,entity_0156,0,tabicl,8.324523719238641e-07,0
entity_0530,entity_0524,1,tabicl,0.9973019957542419,1
entity_0172,entity_0178,1,tabicl,0.9957784414291382,1
entity_0763,entity_0770,1,tabicl,0.9919102191925049,1
entity_0730,entity_0722,1,tabicl,0.9833002686500549,1
entity_0666,entity_0662,1,tabicl,0.9974579215049744,1
entity_0508,entity_0506,1,tabicl,0.9991929531097412,1
entity_0618,entity_0905,0,tabicl,5.583223696703499e-07,0
entity_0601,entity_0962,0,tabicl,5.261908313514141e-07,0
entity_0296,entity_0293,1,tabicl,0.9986855387687683,1
entity_0701,entity_0703,1,tabicl,0.9978247880935669,1
entity_0350,entity_0990,0,tabicl,9.008289794110169e-07,0
entity_0963,entity_0129,0,tabicl,8.173773267117213e-07,0
entity_0534,entity_0313,0,tabicl,7.104911787791934e-07,0
entity_0642,entity_0644,1,tabicl,0.9977432489395142,1
entity_0158,entity_0156,1,tabicl,0.9980161190032959,1
entity_0112,entity_0118,1,tabicl,0.9960477948188782,1
entity_0615,entity_0617,1,tabicl,0.998100221157074,1
entity_0271,entity_0127,0,tabicl,1.0505724503673264e-06,0
entity_0712,entity_0780,0,tabicl,1.948865929080057e-06,0
entity_0913,entity_0916,1,tabicl,0.9985942244529724,1
entity_0245,entity_0249,1,tabicl,0.9973767995834351,1
entity_0880,entity_0879,1,tabicl,0.9985540509223938,1
entity_0985,entity_0298,0,tabicl,1.00584668416559e-06,0
entity_0405,entity_0729,0,tabicl,4.5430698492054944e-07,0
entity_0993,entity_0995,1,tabicl,0.9983586668968201,1
entity_0538,entity_0534,1,tabicl,0.9988012313842773,1
entity_0216,entity_0215,1,tabicl,0.995653510093689,1
entity_0625,entity_0621,1,tabicl,0.9979439377784729,1
entity_0796,entity_0800,1,tabicl,0.9977408647537231,1
entity_0205,entity_0411,0,tabicl,7.341989771703084e-07,0
entity_0331,entity_0333,1,tabicl,0.9980416893959045,1
entity_0489,entity_0484,1,tabicl,0.9977627396583557,1
entity_0070,entity_0066,1,tabicl,0.994594156742096,1
entity_0638,entity_0640,1,tabicl,0.9980543851852417,1
entity_0121,entity_0053,0,tabicl,2.260138671772438e-06,0
entity_0234,entity_0821,0,tabicl,6.456123173848027e-07,0
entity_0503,entity_0504,1,tabicl,0.9993403553962708,1
entity_0843,entity_0955,0,tabicl,1.7708889572531916e-06,0
entity_0121,entity_0129,1,tabicl,0.988711953163147,1
entity_0853,entity_0851,1,tabicl,0.9980795383453369,1
entity_0727,entity_0725,1,tabicl,0.9970644116401672,1
entity_0088,entity_0085,1,tabicl,0.997977077960968,1
entity_0342,entity_0935,0,tabicl,5.211483085076907e-07,0
entity_0306,entity_0685,0,tabicl,8.308177825711027e-07,0
entity_0140,entity_0909,0,tabicl,5.473005444400769e-07,0
entity_0513,entity_0448,0,tabicl,1.9815201994788367e-06,0
entity_0181,entity_0519,0,tabicl,6.096141191846982e-07,0
entity_0384,entity_0431,0,tabicl,3.257136995671317e-06,0
entity_0987,entity_0067,0,tabicl,1.4199836186890025e-06,0
entity_0493,entity_0496,1,tabicl,0.9987095594406128,1
entity_0836,entity_0018,0,tabicl,1.1942784112761728e-06,0
entity_0757,entity_0208,0,tabicl,7.600368689963943e-07,0
entity_0677,entity_0454,0,tabicl,6.749826866325748e-07,0
entity_0633,entity_0767,0,tabicl,1.0571110351520474e-06,0
entity_0019,entity_0798,0,tabicl,7.329055620175495e-07,0
entity_0202,entity_0677,0,tabicl,7.911171451269183e-07,0
entity_0244,entity_0249,1,tabicl,0.9963634610176086,1
entity_0291,entity_0292,1,tabicl,0.9989043474197388,1
entity_0854,entity_0894,0,tabicl,3.5199836929677986e-06,0
entity_0949,entity_0946,1,tabicl,0.9986063838005066,1
entity_0806,entity_0809,1,tabicl,0.998091995716095,1
entity_0206,entity_0207,1,tabicl,0.9978920817375183,1
entity_0994,entity_0481,0,tabicl,1.1111388857898419e-06,0
entity_0225,entity_0230,1,tabicl,0.9927905797958374,1
entity_0328,entity_0323,1,tabicl,0.9959701299667358,1
entity_0152,entity_0157,1,tabicl,0.9962959885597229,1
entity_0246,entity_0242,1,tabicl,0.9961903691291809,1
entity_0864,entity_0869,1,tabicl,0.9952816367149353,1
entity_0577,entity_0192,0,tabicl,8.187917615032347e-07,0
entity_0973,entity_0971,1,tabicl,0.9992711544036865,1
entity_0734,entity_0218,0,tabicl,7.47766364384006e-07,0
entity_0358,entity_0352,1,tabicl,0.9881664514541626,1
entity_0400,entity_0393,1,tabicl,0.9926573634147644,1
entity_0374,entity_0372,1,tabicl,0.9967148303985596,1
entity_0784,entity_0877,0,tabicl,1.3543893828682485e-06,0
entity_0562,entity_0796,0,tabicl,6.180230229801964e-07,0
entity_0886,entity_0117,0,tabicl,6.807757131355174e-07,0
entity_0197,entity_0320,0,tabicl,1.1369410231054644e-06,0
entity_0333,entity_0950,0,tabicl,5.095456003800791e-07,0
entity_0469,entity_0019,0,tabicl,8.665542736707721e-07,0
entity_0553,entity_0559,1,tabicl,0.990245521068573,1
entity_0181,entity_0376,0,tabicl,8.091313361546781e-07,0
entity_0096,entity_0613,0,tabicl,1.2767155794790597e-06,0
entity_0659,entity_0658,1,tabicl,0.9986997246742249,1
entity_0766,entity_0658,0,tabicl,1.133938326347561e-06,0
entity_0651,entity_0926,0,tabicl,5.590043770098418e-07,0
entity_0031,entity_0033,1,tabicl,0.9964025020599365,1
entity_0236,entity_0233,1,tabicl,0.9952045679092407,1
entity_0468,entity_0462,1,tabicl,0.9952097535133362,1
entity_0300,entity_0297,1,tabicl,0.9985014200210571,1
entity_0460,entity_0827,0,tabicl,5.318595412973082e-07,0
entity_0895,entity_0868,0,tabicl,6.8554286372091155e-06,0
entity_0237,entity_0712,0,tabicl,7.30721751551755e-07,0
entity_0073,entity_0077,1,tabicl,0.9955441355705261,1
entity_0596,entity_0427,0,tabicl,1.1782694855355658e-06,0
entity_0724,entity_0381,0,tabicl,6.068096922717814e-07,0
entity_0535,entity_0538,1,tabicl,0.9982859492301941,1
entity_0486,entity_0481,1,tabicl,0.9976963996887207,1
entity_0263,entity_0641,0,tabicl,7.622566045029089e-07,0
entity_0803,entity_0615,0,tabicl,8.262665573965933e-07,0
entity_0978,entity_0976,1,tabicl,0.9991121888160706,1
entity_0791,entity_0792,1,tabicl,0.9987710118293762,1
entity_0850,entity_0848,1,tabicl,0.9977940320968628,1
entity_0050,entity_0045,1,tabicl,0.9929972290992737,1
entity_0082,entity_0088,1,tabicl,0.9930946826934814,1
entity_0490,entity_0579,0,tabicl,1.6351516478607664e-06,0
entity_0450,entity_0745,0,tabicl,5.301307055560756e-07,0
entity_0075,entity_0839,0,tabicl,6.344142207126424e-07,0
entity_0660,entity_0656,1,tabicl,0.9974825978279114,1
entity_0139,entity_0160,0,tabicl,0.00016836017312016338,0
entity_0563,entity_0495,0,tabicl,1.497676294093253e-06,0
entity_0476,entity_0473,1,tabicl,0.9989055395126343,1
entity_0459,entity_0452,1,tabicl,0.9920910596847534,1
entity_0534,entity_0437,0,tabicl,1.9939102458010893e-06,0
entity_0891,entity_0166,0,tabicl,8.053537499108643e-07,0
entity_0359,entity_0910,0,tabicl,7.27754866147734e-07,0
entity_0201,entity_0145,0,tabicl,2.0505947304627625e-06,0
entity_0893,entity_0891,1,tabicl,0.9986640214920044,1
entity_0873,entity_0884,0,tabicl,0.807932436466217,1
entity_0462,entity_0466,1,tabicl,0.9984669089317322,1
entity_0652,entity_0655,1,tabicl,0.9973711967468262,1
entity_0127,entity_0370,0,tabicl,6.67064909976034e-07,0
entity_0337,entity_0336,1,tabicl,0.9979439377784729,1
entity_0975,entity_0971,1,tabicl,0.9987207055091858,1
entity_0229,entity_0227,1,tabicl,0.9969642758369446,1
entity_0156,entity_0660,0,tabicl,6.92885237185692e-07,0
entity_0566,entity_0668,0,tabicl,1.4435781849897467e-06,0
entity_0044,entity_0048,1,tabicl,0.9952252507209778,1
entity_0807,entity_0378,0,tabicl,5.94991718116944e-07,0
entity_0205,entity_0206,1,tabicl,0.9978760480880737,1
entity_0491,entity_0459,0,tabicl,2.7805735953734256e-06,0
entity_0685,entity_0008,0,tabicl,1.2336270174273523e-06,0
entity_0738,entity_0662,0,tabicl,1.2126010915380903e-06,0
entity_0070,entity_0673,0,tabicl,6.791157147745253e-07,0
entity_0487,entity_0481,1,tabicl,0.9966791868209839,1
entity_0652,entity_0751,0,tabicl,1.293799300583487e-06,0
entity_0622,entity_0246,0,tabicl,7.95151663623983e-07,0
entity_0408,entity_0407,1,tabicl,0.9992952346801758,1
entity_0686,entity_0018,0,tabicl,8.6690715761506e-07,0
entity_0547,entity_0027,0,tabicl,6.807757131355174e-07,0
entity_0513,entity_0512,1,tabicl,0.9993230104446411,1
entity_0161,entity_0784,0,tabicl,6.60313958178449e-07,0
entity_0254,entity_0252,1,tabicl,0.9979528188705444,1
entity_0547,entity_0549,1,tabicl,0.9983281493186951,1
entity_0677,entity_0678,1,tabicl,0.9986169338226318,1
entity_0340,entity_0845,0,tabicl,5.65179050227016e-07,0
entity_0474,entity_0452,0,tabicl,8.540765520592686e-06,0
entity_0898,entity_0139,0,tabicl,6.715131348755676e-07,0
entity_0227,entity_0230,1,tabicl,0.9952149391174316,1
entity_0513,entity_0520,1,tabicl,0.9930872321128845,1
entity_0001,entity_0002,1,tabicl,0.9878840446472168,1
entity_0060,entity_0055,1,tabicl,0.9924812316894531,1
entity_0439,entity_0435,1,tabicl,0.9986567497253418,1
entity_0414,entity_0543,0,tabicl,1.3737461586060817e-06,0
entity_0813,entity_0182,0,tabicl,7.093354952303343e-07,0
entity_0044,entity_0742,0,tabicl,7.731367190899618e-07,0
entity_0289,entity_0286,1,tabicl,0.9985191822052002,1
entity_0704,entity_0708,1,tabicl,0.9970357418060303,1
entity_0459,entity_0058,0,tabicl,8.32001546768879e-07,0
entity_0804,entity_0480,0,tabicl,5.926568178438174e-07,0
entity_0719,entity_0387,0,tabicl,5.902494422116433e-07,0
entity_0405,entity_0406,1,tabicl,0.9990717768669128,1
entity_0684,entity_0611,0,tabicl,1.1361324823155883e-06,0
entity_0078,entity_0527,0,tabicl,5.200183750275755e-07,0
entity_0390,entity_0387,1,tabicl,0.9973483085632324,1
entity_0211,entity_0217,1,tabicl,0.9931318163871765,1
entity_0244,entity_0247,1,tabicl,0.9976229071617126,1
entity_0849,entity_0964,0,tabicl,1.825199433369562e-06,0
entity_0673,entity_0677,1,tabicl,0.996367335319519,1
entity_0908,entity_0605,0,tabicl,6.290169380918087e-07,0
entity_0348,entity_0081,0,tabicl,7.049237069622905e-07,0
entity_0314,entity_0317,1,tabicl,0.998204231262207,1
entity_0887,entity_0572,0,tabicl,6.407274213415803e-07,0
entity_0117,entity_0111,1,tabicl,0.9979416728019714,1
entity_0338,entity_0337,1,tabicl,0.99764084815979,1
entity_0345,entity_0349,1,tabicl,0.996052086353302,1
entity_0457,entity_0451,1,tabicl,0.9955920577049255,1
entity_0060,entity_0126,0,tabicl,3.0779488042753655e-06,0
entity_0990,entity_0988,1,tabicl,0.9985880851745605,1
entity_0063,entity_0724,0,tabicl,1.0645215979820932e-06,0
entity_0538,entity_0540,1,tabicl,0.998577356338501,1
entity_0962,entity_0963,1,tabicl,0.9992664456367493,1
entity_0378,entity_0664,0,tabicl,5.865789489689632e-07,0
entity_0415,entity_0391,0,tabicl,1.262912428501295e-05,0
entity_0652,entity_0660,1,tabicl,0.9853405356407166,1
entity_0095,entity_0962,0,tabicl,7.45690556414047e-07,0
entity_0531,entity_0533,1,tabicl,0.9989921450614929,1
entity_0437,entity_0284,0,tabicl,1.1423121577536222e-06,0
entity_0916,entity_0544,0,tabicl,5.762481691817811e-07,0
entity_0579,entity_0022,0,tabicl,9.592137075742357e-07,0
entity_0753,entity_0757,1,tabicl,0.9971765279769897,1
entity_0598,entity_0502,0,tabicl,1.3606385209641303e-06,0
entity_0393,entity_0237,0,tabicl,1.3683304587175371e-06,0
entity_0676,entity_0674,1,tabicl,0.9986855387687683,1
entity_0416,entity_0104,0,tabicl,8.038268788368441e-07,0
entity_0619,entity_0615,1,tabicl,0.9982616305351257,1
entity_0058,entity_0055,1,tabicl,0.9965696334838867,1
entity_0362,entity_0363,1,tabicl,0.99411940574646,1
entity_0781,entity_0787,1,tabicl,0.9946463704109192,1
entity_0583,entity_0099,0,tabicl,8.726281066628871e-07,0
entity_0347,entity_0349,1,tabicl,0.9970580339431763,1
entity_0114,entity_0112,1,tabicl,0.9993958473205566,1
entity_0239,entity_0236,1,tabicl,0.9952252507209778,1
entity_0005,entity_0260,0,tabicl,1.2976435073142056e-06,0
entity_0892,entity_0161,0,tabicl,6.801287213420437e-07,0
entity_0031,entity_0037,1,tabicl,0.9878450036048889,1
entity_0115,entity_0813,0,tabicl,5.366416075958114e-07,0
entity_0165,entity_0166,1,tabicl,0.9987234473228455,1
entity_0818,entity_0943,0,tabicl,1.2758283673974802e-06,0
entity_0583,entity_0799,0,tabicl,6.217224495230766e-07,0
entity_0305,entity_0310,1,tabicl,0.9973107576370239,1
entity_0285,entity_0810,0,tabicl,5.94185962654592e-07,0
entity_0729,entity_0636,0,tabicl,1.2807704479200765e-06,0
entity_0939,entity_0132,0,tabicl,7.543372930740588e-07,0
entity_0873,entity_0874,1,tabicl,0.9983798265457153,1
entity_0775,entity_0747,0,tabicl,3.236792281313683e-06,0
entity_0292,entity_0391,0,tabicl,1.6058129403972998e-06,0
entity_0845,entity_0844,1,tabicl,0.9981629252433777,1
entity_0156,entity_0009,0,tabicl,1.4055632391318795e-06,0
entity_0950,entity_0155,0,tabicl,8.683776400175702e-07,0
entity_0395,entity_0398,1,tabicl,0.9983371496200562,1
entity_0409,entity_0334,0,tabicl,1.518256681265484e-06,0
entity_0871,entity_0872,1,tabicl,0.9984485507011414,1
entity_0250,entity_0381,0,tabicl,1.4933149259377387e-06,0
entity_0377,entity_0847,0,tabicl,5.392687967287202e-07,0
entity_0911,entity_0725,0,tabicl,7.830577715139952e-07,0
entity_0963,entity_0968,1,tabicl,0.9981429576873779,1
entity_0681,entity_0383,0,tabicl,5.945884709035454e-07,0
entity_0934,entity_0937,1,tabicl,0.9988307356834412,1
entity_0205,entity_0095,0,tabicl,1.0806688806042075e-06,0
entity_0318,entity_0314,1,tabicl,0.9983154535293579,1
entity_0719,entity_0590,0,tabicl,1.22321341677889e-06,0
entity_0358,entity_0353,1,tabicl,0.9898717999458313,1
entity_0584,entity_0766,0,tabicl,8.240277225013415e-07,0
entity_0974,entity_0980,1,tabicl,0.9968844652175903,1
entity_0857,entity_0854,1,tabicl,0.9974988698959351,1
entity_0112,entity_0116,1,tabicl,0.9987025260925293,1
entity_0816,entity_0817,1,tabicl,0.9984452128410339,1
entity_0057,entity_0863,0,tabicl,7.717230801063124e-07,0
entity_0361,entity_0368,1,tabicl,0.9858337044715881,1
entity_0015,entity_0016,1,tabicl,0.9959395527839661,1
entity_0749,entity_0036,0,tabicl,9.55707264438388e-07,0
entity_0008,entity_0407,0,tabicl,1.495013293606462e-06,0
entity_0274,entity_0280,1,tabicl,0.9942821264266968,1
entity_0595,entity_0016,0,tabicl,9.446243325328396e-07,0
entity_0612,entity_0611,1,tabicl,0.9990758299827576,1
entity_0213,entity_0211,1,tabicl,0.9963039755821228,1
entity_0366,entity_0370,1,tabicl,0.9940493106842041,1
entity_0591,entity_0593,1,tabicl,0.9986567497253418,1
entity_0553,entity_0264,0,tabicl,6.756241077710001e-07,0
entity_0280,entity_0279,1,tabicl,0.9983335137367249,1
entity_0674,entity_0321,0,tabicl,7.59624526835978e-07,0
entity_0799,entity_0732,0,tabicl,9.156102578344871e-07,0
entity_0790,entity_0035,0,tabicl,7.960151151564787e-07,0
entity_0822,entity_0896,0,tabicl,1.6331600818375591e-06,0
entity_0691,entity_0499,0,tabicl,9.064667665370507e-07,0
entity_0310,entity_0307,1,tabicl,0.9985191822052002,1
entity_0536,entity_0223,0,tabicl,7.137754778341332e-07,0
entity_0655,entity_0656,1,tabicl,0.9984042048454285,1
entity_0845,entity_0485,0,tabicl,6.360517090797657e-07,0
entity_0704,entity_0702,1,tabicl,0.998223602771759,1
entity_0935,entity_0938,1,tabicl,0.9987481236457825,1
entity_0485,entity_0489,1,tabicl,0.9985540509223938,1
entity_0764,entity_0762,1,tabicl,0.998293399810791,1
entity_0240,entity_0851,0,tabicl,6.76082379413856e-07,0
entity_0941,entity_0945,1,tabicl,0.9979945421218872,1
entity_0466,entity_0463,1,tabicl,0.9985414743423462,1
entity_0384,entity_0029,0,tabicl,7.725088266852254e-07,0
entity_0447,entity_0826,0,tabicl,4.92958406539401e-07,0
entity_0743,entity_0784,0,tabicl,3.402265974727925e-06,0
entity_0075,entity_0072,1,tabicl,0.9968675971031189,1
entity_0999,entity_0302,0,tabicl,1.960929921551724e-06,0
entity_0963,entity_0961,1,tabicl,0.9991207718849182,1
entity_0914,entity_0912,1,tabicl,0.9989497065544128,1
entity_0393,entity_0394,1,tabicl,0.998816728591919,1
entity_0021,entity_0022,1,tabicl,0.9951472878456116,1
entity_0837,entity_0577,0,tabicl,5.996103027428035e-07,0
entity_0878,entity_0874,1,tabicl,0.9979879856109619,1
entity_0906,entity_0697,0,tabicl,6.676077646261547e-07,0
entity_0338,entity_0340,1,tabicl,0.9981569647789001,1
entity_0154,entity_0759,0,tabicl,6.848501357126224e-07,0
entity_0969,entity_0961,1,tabicl,0.9916716814041138,1
entity_0161,entity_0336,0,tabicl,9.483874805482628e-07,0
entity_0425,entity_0810,0,tabicl,5.844341899319261e-07,0
entity_0320,entity_0639,0,tabicl,6.159307304187678e-07,0
entity_0434,entity_0353,0,tabicl,1.2612891850949381e-06,0
entity_0075,entity_0077,1,tabicl,0.9977675676345825,1
entity_0997,entity_0998,1,tabicl,0.9982178211212158,1
entity_0338,entity_0331,1,tabicl,0.9893703460693359,1
entity_0130,entity_0248,0,tabicl,1.3552796644944465e-06,0
entity_0670,entity_0666,1,tabicl,0.99764084815979,1
entity_0367,entity_0369,1,tabicl,0.9961780309677124,1
entity_0953,entity_0957,1,tabicl,0.9983515739440918,1
entity_0801,entity_0545,0,tabicl,5.970128995613777e-07,0
entity_0824,entity_0826,1,tabicl,0.9979439377784729,1
entity_0191,entity_0192,1,tabicl,0.9978575706481934,1
entity_0467,entity_0574,0,tabicl,1.6041400385802262e-06,0
entity_0593,entity_0068,0,tabicl,7.702062134740117e-07,0
entity_0488,entity_0482,1,tabicl,0.9964565634727478,1
entity_0647,entity_0219,0,tabicl,9.06774573650182e-07,0
entity_0686,entity_0690,1,tabicl,0.9962798953056335,1
entity_0490,entity_0953,0,tabicl,6.642659400313278e-07,0
entity_0461,entity_0468,1,tabicl,0.9954023361206055,1
entity_0365,entity_0366,1,tabicl,0.9962596893310547,1
entity_0228,entity_0175,0,tabicl,2.201668621637509e-06,0
entity_0912,entity_0436,0,tabicl,6.74159309710376e-07,0
entity_0476,entity_0472,1,tabicl,0.9982522130012512,1
entity_0837,entity_0835,1,tabicl,0.9976100325584412,1
entity_0917,entity_0028,0,tabicl,1.0969125696647097e-06,0
entity_0186,entity_0171,0,tabicl,0.008750827051699162,0
entity_0957,entity_0951,1,tabicl,0.9961029291152954,1
entity_0730,entity_0114,0,tabicl,8.534898370271549e-07,0
entity_0541,entity_0549,1,tabicl,0.965082585811615,1
entity_0430,entity_0421,1,tabicl,0.9789151549339294,1
entity_0331,entity_0337,1,tabicl,0.9932126998901367,1
entity_0938,entity_0431,0,tabicl,6.520369311147078e-07,0
entity_0053,entity_0054,1,tabicl,0.9984367489814758,1
entity_0498,entity_0499,1,tabicl,0.9992711544036865,1
entity_0510,entity_0508,1,tabicl,0.9991761445999146,1
entity_0452,entity_0454,1,tabicl,0.9989932179450989,1
entity_0862,entity_0870,1,tabicl,0.9810219407081604,1
entity_0981,entity_0987,1,tabicl,0.9946463704109192,1
entity_0539,entity_0535,1,tabicl,0.9986435770988464,1
entity_0377,entity_0376,1,tabicl,0.9972667694091797,1
entity_0549,entity_0358,0,tabicl,1.121350805988186e-06,0
entity_0145,entity_0147,1,tabicl,0.998665452003479,1
entity_0214,entity_0217,1,tabicl,0.9960263967514038,1
entity_0047,entity_0598,0,tabicl,6.649872261732526e-07,0
entity_0508,entity_0972,0,tabicl,6.591506007680437e-07,0
entity_0477,entity_0471,1,tabicl,0.9964103102684021,1
entity_0013,entity_0635,0,tabicl,1.094387016564724e-06,0
entity_0145,entity_0946,0,tabicl,7.629802780684258e-07,0
entity_0770,entity_0329,0,tabicl,6.150127092041657e-07,0
entity_0413,entity_0956,0,tabicl,6.941081096556445e-07,0
entity_0269,entity_0720,0,tabicl,8.300289664475713e-07,0
entity_0442,entity_0449,1,tabicl,0.9910010695457458,1
entity_0641,entity_0066,0,tabicl,7.183399475252372e-07,0
entity_0325,entity_0327,1,tabicl,0.9984785318374634,1
entity_0872,entity_0800,0,tabicl,9.700736427475931e-07,0
entity_0337,entity_0333,1,tabicl,0.995886504650116,1
entity_0430,entity_0330,0,tabicl,1.069949462362274e-06,0
entity_0256,entity_0253,1,tabicl,0.9974662065505981,1
entity_0992,entity_0996,1,tabicl,0.9962839484214783,1
entity_0061,entity_0557,0,tabicl,7.090474127835478e-07,0
entity_0875,entity_0876,1,tabicl,0.9984636306762695,1
entity_0111,entity_0113,1,tabicl,0.9991039633750916,1
entity_0092,entity_0584,0,tabicl,1.0490405202290276e-06,0
entity_0278,entity_0279,1,tabicl,0.9983044266700745,1
entity_0796,entity_0792,1,tabicl,0.9977940320968628,1
entity_0241,entity_0717,0,tabicl,7.249964824040944e-07,0
entity_0458,entity_0680,0,tabicl,6.546064241774729e-07,0
entity_0697,entity_0699,1,tabicl,0.9978130459785461,1
entity_0485,entity_0487,1,tabicl,0.999242901802063,1
entity_0515,entity_0518,1,tabicl,0.9989325404167175,1
entity_0045,entity_0043,1,tabicl,0.9967290759086609,1
entity_0801,entity_0096,0,tabicl,6.938261662980949e-07,0
entity_0225,entity_0341,0,tabicl,1.4498073142021894e-06,0
entity_0584,entity_0581,1,tabicl,0.9986841082572937,1
entity_0959,entity_0956,1,tabicl,0.9989417195320129,1
entity_0732,entity_0740,1,tabicl,0.9833358526229858,1
entity_0710,entity_0954,0,tabicl,6.758992867617053e-07,0
entity_0135,entity_0332,0,tabicl,8.066381269600242e-07,0
entity_0521,entity_0670,0,tabicl,9.024188329931349e-07,0
entity_0137,entity_0131,1,tabicl,0.9910877346992493,1
entity_0466,entity_0866,0,tabicl,5.775784757133806e-07,0
entity_0314,entity_0320,1,tabicl,0.9954664707183838,1
entity_0173,entity_0174,1,tabicl,0.9986855387687683,1
entity_0602,entity_0843,0,tabicl,6.106900514168956e-07,0
entity_0880,entity_0874,1,tabicl,0.9957647323608398,1
entity_0042,entity_0083,0,tabicl,5.59617865292239e-06,0
entity_0496,entity_0692,0,tabicl,6.462258284045674e-07,0
entity_0439,entity_0890,0,tabicl,7.114560389709368e-07,0
entity_0036,entity_0033,1,tabicl,0.9972220659255981,1
entity_0881,entity_0908,0,tabicl,9.06183231563773e-06,0
entity_0487,entity_0147,0,tabicl,7.806189046277723e-07,0
entity_0688,entity_0972,0,tabicl,6.131802479103499e-07,0
entity_0424,entity_0425,1,tabicl,0.9993066191673279,1
entity_0118,entity_0113,1,tabicl,0.9981728792190552,1
entity_0401,entity_0405,1,tabicl,0.9968945384025574,1
entity_0544,entity_0548,1,tabicl,0.9962272644042969,1
entity_0505,entity_0503,1,tabicl,0.9991092681884766,1
entity_0195,entity_0507,0,tabicl,6.699669370391348e-07,0
entity_0875,entity_0098,0,tabicl,7.768158525323088e-07,0
entity_0956,entity_0897,0,tabicl,2.196670948251267e-06,0
entity_0668,entity_0106,0,tabicl,8.045899448916316e-07,0
entity_0023,entity_0521,0,tabicl,8.101753792288946e-07,0
entity_0938,entity_0769,0,tabicl,9.607765605323948e-07,0
entity_0148,entity_0150,1,tabicl,0.9982197284698486,1
entity_0284,entity_0287,1,tabicl,0.9981589913368225,1
entity_0710,entity_0768,0,tabicl,2.095254785672296e-06,0
entity_0806,entity_0780,0,tabicl,4.566567440633662e-06,0
entity_0135,entity_0281,0,tabicl,1.0962610303977272e-06,0
entity_0059,entity_0056,1,tabicl,0.9967886209487915,1
entity_0904,entity_0389,0,tabicl,7.171721563281608e-07,0
entity_0756,entity_0753,1,tabicl,0.9977261424064636,1
entity_0393,entity_0664,0,tabicl,4.936943014399731e-07,0
entity_0143,entity_0145,1,tabicl,0.9987137317657471,1
entity_0227,entity_0223,1,tabicl,0.9957326054573059,1
entity_0241,entity_0248,1,tabicl,0.9898172616958618,1
entity_0021,entity_0353,0,tabicl,7.084708499860426e-07,0
entity_0588,entity_0590,1,tabicl,0.9986183643341064,1
entity_0904,entity_0902,1,tabicl,0.9984769225120544,1
entity_0744,entity_0213,0,tabicl,7.702062134740117e-07,0
entity_0138,entity_0972,0,tabicl,6.729716233166982e-07,0
entity_0166,entity_0170,1,tabicl,0.9972459077835083,1
entity_0890,entity_0884,1,tabicl,0.995653510093689,1
entity_0110,entity_0101,1,tabicl,0.9756182432174683,1
entity_0424,entity_0427,1,tabicl,0.9988840222358704,1
entity_0766,entity_0735,0,tabicl,2.426782884867862e-06,0
entity_0720,entity_0374,0,tabicl,5.990410159029125e-07,0
entity_0658,entity_0656,1,tabicl,0.9984197616577148,1
entity_0434,entity_0555,0,tabicl,1.4914687653799774e-06,0
entity_0777,entity_0802,0,tabicl,9.850140486378223e-06,0
entity_0653,entity_0652,1,tabicl,0.9985414743423462,1
entity_0717,entity_0643,0,tabicl,1.1903171071026009e-06,0
entity_0955,entity_0960,1,tabicl,0.9972608089447021,1
entity_0495,entity_0499,1,tabicl,0.9984998106956482,1
entity_0299,entity_0460,0,tabicl,9.201244210998993e-07,0
entity_0765,entity_0433,0,tabicl,5.344628561942955e-07,0
entity_0516,entity_0512,1,tabicl,0.998192548751831,1
entity_0792,entity_0800,1,tabicl,0.978140115737915,1
entity_0691,entity_0695,1,tabicl,0.9956205487251282,1
entity_0154,entity_0194,0,tabicl,4.361145329312421e-06,0
entity_0078,entity_0075,1,tabicl,0.9976688027381897,1
entity_0444,entity_0284,0,tabicl,1.1132515282952227e-06,0
entity_0614,entity_0795,0,tabicl,7.458420441253111e-07,0
entity_0735,entity_0137,0,tabicl,8.696148938724946e-07,0
entity_0703,entity_0706,1,tabicl,0.9974023103713989,1
entity_0054,entity_0057,1,tabicl,0.9978875517845154,1
entity_0966,entity_0967,1,tabicl,0.9992758631706238,1
entity_0624,entity_0622,1,tabicl,0.9987921118736267,1
entity_0673,entity_0671,1,tabicl,0.998473584651947,1
entity_0883,entity_0889,1,tabicl,0.9890224933624268,1
entity_0541,entity_0958,0,tabicl,6.229040536709363e-07,0
entity_0056,entity_0054,1,tabicl,0.9976763129234314,1
entity_0887,entity_0781,0,tabicl,9.59669364419824e-07,0
entity_0616,entity_0615,1,tabicl,0.9989996552467346,1
entity_0116,entity_0117,1,tabicl,0.9993399977684021,1
entity_0858,entity_0359,0,tabicl,6.186097607496777e-07,0
entity_0717,entity_0178,0,tabicl,8.029005584830884e-07,0
entity_0314,entity_0050,0,tabicl,8.84364624198497e-07,0
entity_0153,entity_0290,0,tabicl,1.2509930229498423e-06,0
entity_0462,entity_0465,1,tabicl,0.9987776279449463,1
entity_0968,entity_0681,0,tabicl,7.293362500604417e-07,0
entity_0694,entity_0699,1,tabicl,0.9952303767204285,1
entity_0004,entity_0221,0,tabicl,1.4094761127125821e-06,0
entity_0524,entity_0341,0,tabicl,9.611184168534237e-07,0
entity_0255,entity_0258,1,tabicl,0.9969839453697205,1
entity_0576,entity_0655,0,tabicl,1.5476448425033595e-06,0
entity_0828,entity_0027,0,tabicl,9.5908376351872e-07,0
entity_0797,entity_0796,1,tabicl,0.9986640214920044,1
entity_0534,entity_0070,0,tabicl,6.488609187726979e-07,0
entity_0068,entity_0069,1,tabicl,0.9972814917564392,1
entity_0401,entity_0034,0,tabicl,8.36584433727694e-07,0
entity_0837,entity_0041,0,tabicl,8.831661943986546e-07,0
entity_0532,entity_0223,0,tabicl,8.686724299877824e-07,0
entity_0312,entity_0318,1,tabicl,0.9957739114761353,1
entity_0115,entity_0116,1,tabicl,0.9993534684181213,1
entity_0775,entity_0773,1,tabicl,0.9988815784454346,1
entity_0838,entity_0832,1,tabicl,0.993678867816925,1
entity_0832,entity_0072,0,tabicl,8.325666840391932e-07,0
entity_0114,entity_0117,1,tabicl,0.9988828301429749,1
entity_0434,entity_0435,1,tabicl,0.9992246627807617,1
entity_0904,entity_0901,1,tabicl,0.9983622431755066,1
entity_0593,entity_0552,0,tabicl,1.8757314137474168e-06,0
entity_0584,entity_0589,1,tabicl,0.996547281742096,1
entity_0771,entity_0304,0,tabicl,6.485967105618329e-07,0
entity_0194,entity_0199,1,tabicl,0.9939261078834534,1
entity_0555,entity_0551,1,tabicl,0.9983425736427307,1
entity_0638,entity_0636,1,tabicl,0.9987683296203613,1
entity_0069,entity_0522,0,tabicl,5.387568648984598e-07,0
entity_0098,entity_0100,1,tabicl,0.998675525188446,1
entity_0474,entity_0279,0,tabicl,9.444324291507655e-07,0
entity_0891,entity_0896,1,tabicl,0.9951733946800232,1
entity_0284,entity_0286,1,tabicl,0.9986377358436584,1
entity_0922,entity_0923,1,tabicl,0.9990717768669128,1
entity_0474,entity_0480,1,tabicl,0.9979857802391052,1
entity_0233,entity_0845,0,tabicl,6.101107601352851e-07,0
entity_0688,entity_0637,0,tabicl,1.6098747437354177e-06,0
entity_0375,entity_0376,1,tabicl,0.9976280331611633,1
entity_0349,entity_0350,1,tabicl,0.9969379305839539,1
entity_0818,entity_0816,1,tabicl,0.9983568787574768,1
entity_0274,entity_0273,1,tabicl,0.9981226921081543,1
entity_0722,entity_0726,1,tabicl,0.9951525330543518,1
entity_0240,entity_0238,1,tabicl,0.9965547323226929,1
entity_0829,entity_0945,0,tabicl,1.3614226190838963e-06,0
entity_0404,entity_0760,0,tabicl,4.5851641061744886e-07,0
entity_0671,entity_0349,0,tabicl,6.952382705094351e-07,0
entity_0279,entity_0214,0,tabicl,1.909486172735342e-06,0
entity_0453,entity_0452,1,tabicl,0.9993446469306946,1
entity_0384,entity_0383,1,tabicl,0.9977651834487915,1
entity_0399,entity_0396,1,tabicl,0.9980310797691345,1
entity_0759,entity_0457,0,tabicl,5.335212449608662e-07,0
entity_0102,entity_0104,1,tabicl,0.9987137317657471,1
entity_0362,entity_0361,1,tabicl,0.994428277015686,1
entity_0855,entity_0958,0,tabicl,1.8751752577372827e-06,0
entity_0916,entity_0437,0,tabicl,7.183399475252372e-07,0
entity_0149,entity_0146,1,tabicl,0.997970461845398,1
entity_0689,entity_0278,0,tabicl,7.935351504784194e-07,0
entity_0986,entity_0713,0,tabicl,1.1993919315500534e-06,0
entity_0099,entity_0826,0,tabicl,5.309943844622467e-07,0
entity_0773,entity_0778,1,tabicl,0.9972099661827087,1
entity_0444,entity_0447,1,tabicl,0.9984636306762695,1
entity_0288,entity_0284,1,tabicl,0.9982178211212158,1
entity_0503,entity_0006,0,tabicl,1.0239483572149766e-06,0
entity_0059,entity_0055,1,tabicl,0.9950680732727051,1
entity_0115,entity_0221,0,tabicl,1.4070183169678785e-06,0
entity_0211,entity_0220,1,tabicl,0.967451274394989,1
entity_0957,entity_0905,0,tabicl,2.600061179691693e-06,0
entity_0349,entity_0103,0,tabicl,7.841204023861792e-07,0
entity_0048,entity_0046,1,tabicl,0.9970771074295044,1
entity_0013,entity_0489,0,tabicl,7.813600291228795e-07,0
entity_0520,entity_0471,0,tabicl,2.687653250177391e-06,0
entity_0159,entity_0157,1,tabicl,0.9980267882347107,1
entity_0722,entity_0038,0,tabicl,8.517546348230098e-07,0
entity_0065,entity_0063,1,tabicl,0.9972370266914368,1
entity_0423,entity_0422,1,tabicl,0.9993680119514465,1
entity_0106,entity_0856,0,tabicl,5.710351729248941e-07,0
entity_0765,entity_0761,1,tabicl,0.9975839853286743,1
entity_0898,entity_0961,0,tabicl,3.7062247884023236e-06,0
entity_0488,entity_0487,1,tabicl,0.9993711113929749,1
entity_0333,entity_0962,0,tabicl,5.275484227240668e-07,0
entity_0743,entity_0749,1,tabicl,0.9949495196342468,1
entity_0687,entity_0083,0,tabicl,7.77132243001688e-07,0
entity_0682,entity_0690,1,tabicl,0.9800699949264526,1
entity_0282,entity_0289,1,tabicl,0.9935270547866821,1
entity_0266,entity_0734,0,tabicl,7.416048788400076e-07,0
entity_0371,entity_0378,1,tabicl,0.9899043440818787,1
entity_0617,entity_0492,0,tabicl,1.277430556001491e-06,0
entity_0240,entity_0711,0,tabicl,7.393958867396577e-07,0
entity_0781,entity_0789,1,tabicl,0.9784168004989624,1
entity_0950,entity_0943,1,tabicl,0.9931613206863403,1
entity_0089,entity_0994,0,tabicl,1.3404884384726756e-06,0
entity_0681,entity_0683,1,tabicl,0.9980182647705078,1
entity_0783,entity_0787,1,tabicl,0.997928261756897,1
entity_0621,entity_0626,1,tabicl,0.9941574335098267,1
entity_0007,entity_0213,0,tabicl,1.2589830475917552e-06,0
entity_0005,entity_0569,0,tabicl,1.0511777190913563e-06,0
entity_0984,entity_0982,1,tabicl,0.9988754987716675,1
entity_0593,entity_0592,1,tabicl,0.9990788102149963,1
entity_0600,entity_0599,1,tabicl,0.9991452097892761,1
entity_0817,entity_0813,1,tabicl,0.9973909854888916,1
entity_0411,entity_0416,1,tabicl,0.9979660511016846,1
entity_0287,entity_0968,0,tabicl,6.027900667504582e-07,0
entity_0347,entity_0945,0,tabicl,5.927365123170603e-07,0
entity_0385,entity_0381,1,tabicl,0.9952612519264221,1
entity_0909,entity_0910,1,tabicl,0.9989711046218872,1
entity_0481,entity_0488,1,tabicl,0.9959614276885986,1
entity_0674,entity_0043,0,tabicl,7.911714305919304e-07,0
entity_0804,entity_0257,0,tabicl,7.836418944862089e-07,0
entity_0552,entity_0283,0,tabicl,7.159086408137227e-07,0
entity_0953,entity_0956,1,tabicl,0.9988545775413513,1
entity_0880,entity_0642,0,tabicl,6.299558208411327e-07,0
entity_0417,entity_0036,0,tabicl,7.849718031138764e-07,0
entity_0075,entity_0073,1,tabicl,0.9976938962936401,1
entity_0492,entity_0496,1,tabicl,0.9986406564712524,1
entity_0371,entity_0646,0,tabicl,5.92977983160381e-07,0
entity_0903,entity_0902,1,tabicl,0.9987358450889587,1
entity_0572,entity_0574,1,tabicl,0.9984519481658936,1
entity_0005,entity_0451,0,tabicl,9.628631687519373e-07,0
entity_0195,entity_0200,1,tabicl,0.9943799376487732,1
entity_0698,entity_0695,1,tabicl,0.9979372024536133,1
entity_0418,entity_0419,1,tabicl,0.9993621706962585,1
entity_0732,entity_0959,0,tabicl,8.033899803194799e-07,0
entity_0937,entity_0795,0,tabicl,9.94722768155043e-07,0
entity_0114,entity_0113,1,tabicl,0.9994378685951233,1
entity_0905,entity_0234,0,tabicl,5.941049039392965e-07,0
entity_0330,entity_0327,1,tabicl,0.9972902536392212,1
entity_0024,entity_0427,0,tabicl,1.0411738458060427e-06,0
entity_0630,entity_0501,0,tabicl,1.199798020934395e-06,0
entity_0046,entity_0759,0,tabicl,7.880651651248627e-07,0
entity_0807,entity_0491,0,tabicl,5.322202696333989e-07,0
entity_0567,entity_0570,1,tabicl,0.9976738095283508,1
entity_0532,entity_0224,0,tabicl,7.786098876749747e-07,0
entity_1000,entity_0998,1,tabicl,0.9973540306091309,1
entity_0104,entity_0175,0,tabicl,2.3200848318083445e-06,0
entity_0476,entity_0439,0,tabicl,3.7292309116310207e-06,0
entity_0997,entity_0996,1,tabicl,0.9983798265457153,1
entity_0479,entity_0478,1,tabicl,0.9993951320648193,1
entity_0563,entity_0659,0,tabicl,1.5682537650718587e-06,0
entity_0229,entity_0222,1,tabicl,0.9851670861244202,1
entity_0582,entity_0587,1,tabicl,0.9970292448997498,1
entity_0742,entity_0008,0,tabicl,9.277372896576708e-07,0
entity_0647,entity_0510,0,tabicl,1.1241753554713796e-06,0
entity_0502,entity_0510,1,tabicl,0.987621545791626,1
entity_0771,entity_0773,1,tabicl,0.9987934231758118,1
entity_0458,entity_0710,0,tabicl,5.714225039810117e-07,0
entity_0161,entity_0162,1,tabicl,0.9985742568969727,1
entity_0798,entity_0793,1,tabicl,0.9975630044937134,1
entity_0594,entity_0957,0,tabicl,5.197362042963505e-07,0
entity_0833,entity_0836,1,tabicl,0.9968231916427612,1
entity_0616,entity_0619,1,tabicl,0.9971796274185181,1
entity_0477,entity_0897,0,tabicl,7.274585414052126e-07,0
entity_0614,entity_0194,0,tabicl,8.111640568131406e-07,0
entity_0845,entity_0841,1,tabicl,0.99720698595047,1
entity_0591,entity_0358,0,tabicl,7.805131758686912e-07,0
entity_0410,entity_0841,0,tabicl,5.531961164706445e-07,0
entity_0697,entity_0902,0,tabicl,8.236921757998061e-07,0
entity_0379,entity_0375,1,tabicl,0.993554949760437,1
entity_0227,entity_0691,0,tabicl,7.942892352730269e-07,0
entity_0929,entity_0927,1,tabicl,0.9989405870437622,1
entity_0699,entity_0698,1,tabicl,0.9984042048454285,1
entity_0245,entity_0242,1,tabicl,0.9967361092567444,1
entity_0719,entity_0644,0,tabicl,1.176154341919755e-06,0
entity_0617,entity_0783,0,tabicl,9.310149380326038e-07,0
entity_0482,entity_0481,1,tabicl,0.999279797077179,1
entity_0668,entity_0448,0,tabicl,6.680606361442187e-07,0
entity_0838,entity_0833,1,tabicl,0.9955248832702637,1
entity_0394,entity_0391,1,tabicl,0.9973881840705872,1
entity_0459,entity_0458,1,tabicl,0.9992297291755676,1
entity_0473,entity_0474,1,tabicl,0.9993798732757568,1
entity_0862,entity_0078,0,tabicl,9.506006222181895e-07,0
entity_0791,entity_0799,1,tabicl,0.9737446904182434,1
entity_0382,entity_0545,0,tabicl,1.084229324987973e-06,0
entity_0854,entity_0855,1,tabicl,0.9980837106704712,1
entity_0240,entity_0237,1,tabicl,0.9960648417472839,1
entity_0059,entity_0052,1,tabicl,0.9846182465553284,1
entity_0141,entity_0456,0,tabicl,6.468399647019396e-07,0
entity_0173,entity_0799,0,tabicl,6.165159902593587e-07,0
entity_0001,entity_0648,0,tabicl,2.008302999456646e-06,0
entity_0280,entity_0277,1,tabicl,0.9979125261306763,1
entity_0345,entity_0343,1,tabicl,0.997477114200592,1
entity_0611,entity_0891,0,tabicl,5.475976081470435e-07,0
entity_0079,entity_0595,0,tabicl,9.533769116387703e-07,0
entity_0083,entity_0460,0,tabicl,6.123485718489974e-07,0
entity_0044,entity_0827,0,tabicl,7.057853963488014e-07,0
entity_0147,entity_0143,1,tabicl,0.9980815649032593,1
entity_0132,entity_0395,0,tabicl,6.349310979203437e-07,0
entity_0839,entity_0295,0,tabicl,5.508009053301066e-07,0
entity_0492,entity_0258,0,tabicl,8.235807058554201e-07,0
entity_0746,entity_0748,1,tabicl,0.9976838827133179,1
entity_0106,entity_0654,0,tabicl,8.561564754927531e-07,0
entity_0805,entity_0806,1,tabicl,0.9986538290977478,1
entity_0864,entity_0863,1,tabicl,0.998295247554779,1
entity_0950,entity_0942,1,tabicl,0.9881537556648254,1
entity_0211,entity_0215,1,tabicl,0.9961239099502563,1
entity_0756,entity_0759,1,tabicl,0.9975524544715881,1
entity_0611,entity_0787,0,tabicl,8.149138466251316e-07,0
entity_0737,entity_0734,1,tabicl,0.9968945384025574,1
entity_0759,entity_0654,0,tabicl,1.1602699032664532e-06,0
entity_0351,entity_0430,0,tabicl,1.7391313349435222e-06,0
entity_0877,entity_0256,0,tabicl,5.874539397154876e-07,0
entity_0343,entity_0044,0,tabicl,7.995857345122204e-07,0
entity_0110,entity_0229,0,tabicl,1.281286017729144e-06,0
entity_0287,entity_0285,1,tabicl,0.9987696409225464,1
entity_0575,entity_0574,1,tabicl,0.9990777969360352,1
entity_0817,entity_0815,1,tabicl,0.9981288313865662,1
entity_0250,entity_0084,0,tabicl,9.503431783741689e-07,0
entity_0134,entity_0137,1,tabicl,0.9978966116905212,1
entity_0356,entity_0577,0,tabicl,7.303252687052009e-07,0
entity_0583,entity_0587,1,tabicl,0.9976688027381897,1
entity_0050,entity_0044,1,tabicl,0.988832414150238,1
entity_0834,entity_0831,1,tabicl,0.9975417852401733,1
entity_0991,entity_0997,1,tabicl,0.9908939599990845,1
entity_0348,entity_0535,0,tabicl,9.091757533497002e-07,0
entity_0284,entity_0731,0,tabicl,8.217401159527071e-07,0
entity_0330,entity_0664,0,tabicl,6.338124762805819e-07,0
entity_0313,entity_0864,0,tabicl,5.134303364684456e-07,0
entity_0268,entity_0508,0,tabicl,7.393958867396577e-07,0
entity_0040,entity_0484,0,tabicl,7.158110406635387e-07,0
entity_0043,entity_0813,0,tabicl,7.656233265151968e-07,0
entity_0533,entity_0236,0,tabicl,7.467530167559744e-07,0
entity_0716,entity_0711,1,tabicl,0.9964219331741333,1
entity_0399,entity_0391,1,tabicl,0.9835829734802246,1
entity_0586,entity_0702,0,tabicl,1.2444662615962443e-06,0
entity_0003,entity_0447,0,tabicl,1.2056719924657955e-06,0
entity_0804,entity_0036,0,tabicl,8.057909326453228e-07,0
entity_0483,entity_0967,0,tabicl,6.397724519047188e-07,0
entity_0816,entity_0853,0,tabicl,3.4799272725649644e-06,0
entity_0625,entity_0630,1,tabicl,0.9932637214660645,1
entity_0628,entity_0705,0,tabicl,1.6640169633319601e-06,0
entity_0415,entity_0783,0,tabicl,4.4359052253639675e-07,0
entity_0189,entity_0582,0,tabicl,8.46399871079484e-07,0
entity_0801,entity_0809,1,tabicl,0.9852619767189026,1
entity_0619,entity_0168,0,tabicl,8.929828823056596e-07,0
entity_0475,entity_0479,1,tabicl,0.9989161491394043,1
entity_0250,entity_0568,0,tabicl,7.701027584516851e-07,0
entity_0323,entity_0326,1,tabicl,0.9981509447097778,1
entity_0409,entity_0405,1,tabicl,0.9982293248176575,1
entity_0423,entity_0404,0,tabicl,4.330490992288105e-05,0
entity_0015,entity_0012,1,tabicl,0.9943556785583496,1
entity_0681,entity_0453,0,tabicl,6.61298940940469e-07,0
entity_0893,entity_0471,0,tabicl,6.97884217970568e-07,0
entity_0803,entity_0809,1,tabicl,0.9955393671989441,1
entity_0892,entity_0891,1,tabicl,0.998731791973114,1
entity_0508,entity_0501,1,tabicl,0.9949331283569336,1
entity_0835,entity_0832,1,tabicl,0.9974579215049744,1
entity_0089,entity_0083,1,tabicl,0.9936720132827759,1
entity_0193,entity_0191,1,tabicl,0.9965323805809021,1
entity_0241,entity_0793,0,tabicl,8.438207714789314e-07,0
entity_0649,entity_0406,0,tabicl,6.775508154532872e-07,0
entity_0665,entity_0658,0,tabicl,0.9903911352157593,1
entity_0083,entity_0090,1,tabicl,0.9911450147628784,1
entity_0638,entity_0078,0,tabicl,7.245043889270164e-07,0
entity_0035,entity_0036,1,tabicl,0.997368335723877,1
entity_0786,entity_0722,0,tabicl,9.976270121114794e-07,0
entity_0037,entity_0164,0,tabicl,1.4861161616863683e-06,0
entity_0750,entity_0834,0,tabicl,1.4437983963944134e-06,0
entity_0872,entity_0875,1,tabicl,0.9975630044937134,1
entity_0436,entity_0337,0,tabicl,1.0251297908325796e-06,0
entity_0079,entity_0077,1,tabicl,0.9979945421218872,1
entity_0638,entity_0837,0,tabicl,6.559399707839475e-07,0
entity_0452,entity_0451,1,tabicl,0.999369740486145,1
entity_0737,entity_0033,0,tabicl,9.289962576986e-07,0
entity_0509,entity_0129,0,tabicl,6.850356157883652e-07,0
entity_0886,entity_0885,1,tabicl,0.998558759689331,1
entity_0165,entity_0077,0,tabicl,1.452907895327371e-06,0
entity_0691,entity_0696,1,tabicl,0.9954517483711243,1
entity_0644,entity_0646,1,tabicl,0.9979616403579712,1
entity_0368,entity_0109,0,tabicl,7.386938705167267e-07,0
entity_0918,entity_0460,0,tabicl,7.536722250733874e-07,0
entity_0981,entity_0988,1,tabicl,0.9923916459083557,1
entity_0829,entity_0443,0,tabicl,6.32695901003899e-07,0
entity_0210,entity_0435,0,tabicl,7.147440896915214e-07,0
entity_0021,entity_0030,1,tabicl,0.8960292339324951,1
entity_0354,entity_0648,0,tabicl,6.189454779814696e-07,0
entity_0412,entity_0818,0,tabicl,5.132907858751423e-07,0
entity_0765,entity_0768,1,tabicl,0.9983371496200562,1
entity_0019,entity_0011,1,tabicl,0.9604601263999939,1
entity_0967,entity_0718,0,tabicl,7.722987902525347e-07,0
entity_0827,entity_0916,0,tabicl,1.3699899454877595e-06,0
entity_0676,entity_0120,0,tabicl,8.422771315963473e-07,0
entity_0945,entity_0950,1,tabicl,0.9969774484634399,1
entity_0029,entity_0025,1,tabicl,0.9952355027198792,1
entity_0197,entity_0551,0,tabicl,6.687860150123015e-07,0
entity_0391,entity_0400,1,tabicl,0.9702962636947632,1
entity_0430,entity_0427,1,tabicl,0.9988077282905579,1
entity_0925,entity_0068,0,tabicl,1.014685267364257e-06,0
entity_0280,entity_0273,1,tabicl,0.9899907112121582,1
entity_0451,entity_0019,0,tabicl,9.045022011378023e-07,0
entity_0805,entity_0803,1,tabicl,0.9984007477760315,1
entity_0509,entity_0812,0,tabicl,4.831611022382276e-07,0
entity_0361,entity_0365,1,tabicl,0.9923670887947083,1
entity_0355,entity_0448,0,tabicl,1.6073927326942794e-06,0
entity_0715,entity_0936,0,tabicl,7.290393568837317e-07,0
entity_0895,entity_0891,1,tabicl,0.9980247020721436,1
entity_0254,entity_0507,0,tabicl,6.848038083262509e-07,0
entity_0037,entity_0841,0,tabicl,6.961823828532943e-07,0
entity_0514,entity_0137,0,tabicl,7.097211778273049e-07,0
entity_0839,entity_0836,1,tabicl,0.9974357485771179,1
entity_0409,entity_0447,0,tabicl,4.835201252717525e-06,0
entity_0249,entity_0242,1,tabicl,0.9869683384895325,1
entity_0560,entity_0318,0,tabicl,7.860370487833279e-07,0
entity_0567,entity_0921,0,tabicl,4.4262870346756245e-07,0
entity_0858,entity_0403,0,tabicl,6.458752750404528e-07,0
entity_0713,entity_0718,1,tabicl,0.9957966804504395,1
entity_0199,entity_0721,0,tabicl,7.727703064119851e-07,0
entity_0089,entity_0793,0,tabicl,6.697849244119425e-07,0
entity_0343,entity_0823,0,tabicl,6.532755492116848e-07,0
entity_0166,entity_0802,0,tabicl,7.139204853956471e-07,0
entity_0613,entity_0618,1,tabicl,0.9942201375961304,1
entity_0406,entity_0120,0,tabicl,8.14803399862285e-07,0
entity_0486,entity_0639,0,tabicl,8.387997922909562e-07,0
entity_0339,entity_0334,1,tabicl,0.9947437047958374,1
entity_0353,entity_0282,0,tabicl,1.7591734149391414e-06,0
entity_0063,entity_0660,0,tabicl,7.555144065918284e-07,0
entity_0538,entity_0536,1,tabicl,0.9992539286613464,1
entity_0014,entity_0020,1,tabicl,0.9721750617027283,1
entity_0514,entity_0081,0,tabicl,6.409009642993624e-07,0
entity_0931,entity_0936,1,tabicl,0.9976612329483032,1
entity_0774,entity_0771,1,tabicl,0.9986465573310852,1
entity_0909,entity_0630,0,tabicl,6.169341872919176e-07,0
entity_0460,entity_0216,0,tabicl,9.123877475758491e-07,0
entity_0613,entity_0620,1,tabicl,0.9867573976516724,1
entity_0725,entity_0721,1,tabicl,0.9956582188606262,1
entity_0770,entity_0762,1,tabicl,0.9880772829055786,1
entity_0613,entity_0953,0,tabicl,5.275484227240668e-07,0
entity_0594,entity_0591,1,tabicl,0.9987358450889587,1
entity_0268,entity_0263,1,tabicl,0.9960134625434875,1
entity_0462,entity_0170,0,tabicl,7.92674427430029e-07,0
entity_0504,entity_0507,1,tabicl,0.9989888072013855,1
entity_0932,entity_0435,0,tabicl,6.95522146543226e-07,0
entity_0324,entity_0326,1,tabicl,0.9985383152961731,1
entity_0908,entity_0711,0,tabicl,7.242100537041551e-07,0
entity_0004,entity_0922,0,tabicl,1.9180513390892884e-06,0
entity_0124,entity_0123,1,tabicl,0.9992944598197937,1
entity_0071,entity_0080,1,tabicl,0.9088159203529358,1
entity_0113,entity_0957,0,tabicl,7.043028631414927e-07,0
entity_0759,entity_0755,1,tabicl,0.9970644116401672,1
entity_0753,entity_0759,1,tabicl,0.9951367974281311,1
entity_0143,entity_0211,0,tabicl,2.029042661888525e-06,0
entity_0601,entity_0606,1,tabicl,0.9959219694137573,1
entity_0435,entity_0054,0,tabicl,7.59212468892656e-07,0
entity_0586,entity_0587,1,tabicl,0.9990126490592957,1
entity_0021,entity_0580,0,tabicl,7.752371971037064e-07,0
entity_0923,entity_0921,1,tabicl,0.998816728591919,1
entity_0564,entity_0568,1,tabicl,0.9962718486785889,1
entity_0108,entity_0547,0,tabicl,1.1296780257907812e-06,0
entity_0074,entity_0077,1,tabicl,0.9965435862541199,1
entity_0051,entity_0820,0,tabicl,7.127116532501532e-07,0
entity_0945,entity_0559,0,tabicl,6.554059268637502e-07,0
entity_0908,entity_0757,0,tabicl,1.0838995194717427e-06,0
entity_0655,entity_0864,0,tabicl,6.792076305828232e-07,0
entity_0786,entity_0789,1,tabicl,0.9982784986495972,1
entity_0681,entity_0768,0,tabicl,1.4893468005539034e-06,0
entity_0488,entity_0367,0,tabicl,1.0656053746060934e-06,0
entity_0940,entity_0710,0,tabicl,6.648071462223015e-07,0
entity_0492,entity_0909,0,tabicl,6.489487986982567e-07,0
entity_0727,entity_0901,0,tabicl,9.790610420168377e-07,0
entity_0087,entity_0622,0,tabicl,1.1773910273404908e-06,0
entity_0030,entity_0026,1,tabicl,0.9933931827545166,1
entity_0036,entity_0084,0,tabicl,5.2324417083582375e-06,0
entity_0459,entity_0453,1,tabicl,0.9949658513069153,1
entity_0313,entity_0181,0,tabicl,1.3063190635875799e-06,0
entity_0063,entity_0067,1,tabicl,0.9944880604743958,1
entity_0824,entity_0827,1,tabicl,0.9973711967468262,1
entity_0561,entity_0565,1,tabicl,0.9959961771965027,1
entity_0084,entity_0085,1,tabicl,0.9982728958129883,1
entity_0318,entity_0762,0,tabicl,6.845713187431102e-07,0
entity_0532,entity_0539,1,tabicl,0.9893246293067932,1
entity_0873,entity_0880,1,tabicl,0.988711953163147,1
entity_0460,entity_0451,1,tabicl,0.9508894681930542,1
entity_0421,entity_0428,1,tabicl,0.9953423738479614,1
entity_0869,entity_0862,1,tabicl,0.9920653700828552,1
entity_0968,entity_0063,0,tabicl,1.0788564850372495e-06,0
entity_0015,entity_0900,0,tabicl,9.258510544896126e-07,0
entity_0032,entity_0031,1,tabicl,0.9978852272033691,1
entity_0425,entity_0947,0,tabicl,6.679701414213923e-07,0
entity_0183,entity_0190,1,tabicl,0.99062579870224,1
entity_0089,entity_0868,0,tabicl,5.557533313549357e-07,0
entity_0834,entity_0896,0,tabicl,1.961927182492218e-06,0
entity_0521,entity_0530,1,tabicl,0.9633609652519226,1
entity_0373,entity_0379,1,tabicl,0.9926810264587402,1
entity_0653,entity_0651,1,tabicl,0.998528778553009,1
entity_0849,entity_0588,0,tabicl,6.378655825756141e-07,0
entity_0978,entity_0999,0,tabicl,0.0027689842972904444,0
entity_0545,entity_0549,1,tabicl,0.995978832244873,1
entity_0871,entity_0879,1,tabicl,0.980385422706604,1
entity_0404,entity_0408,1,tabicl,0.9980961084365845,1
entity_0160,entity_0154,1,tabicl,0.9936034083366394,1
entity_0004,entity_0018,0,tabicl,0.01978214830160141,0
entity_0949,entity_0921,0,tabicl,4.428070042195031e-06,0
entity_0541,entity_0767,0,tabicl,6.696035370623576e-07,0
entity_0328,entity_0377,0,tabicl,4.663864729081979e-06,0
entity_0902,entity_0846,0,tabicl,1.5207562000796315e-06,0
entity_0700,entity_0695,1,tabicl,0.9961697459220886,1
entity_0272,entity_0271,1,tabicl,0.9977505803108215,1
entity_0042,entity_0189,0,tabicl,1.292900037697109e-06,0
entity_0102,entity_0103,1,tabicl,0.9989091157913208,1
entity_0736,entity_0770,0,tabicl,4.003307367383968e-06,0
entity_0451,entity_0456,1,tabicl,0.9970802664756775,1
entity_0495,entity_0492,1,tabicl,0.998753547668457,1
entity_0639,entity_0880,0,tabicl,6.371736844812403e-07,0
entity_0312,entity_0188,0,tabicl,1.2550032124636346e-06,0
entity_0460,entity_0454,1,tabicl,0.9949604272842407,1
entity_0245,entity_0031,0,tabicl,8.805943139122974e-07,0
entity_0916,entity_0888,0,tabicl,4.623551831173245e-06,0
entity_0103,entity_0223,0,tabicl,1.3192945971240988e-06,0
entity_0060,entity_0051,1,tabicl,0.9183176755905151,1
entity_0999,entity_0991,1,tabicl,0.9775524735450745,1
entity_0966,entity_0403,0,tabicl,7.30127567294403e-07,0
entity_0541,entity_0683,0,tabicl,1.0231158285023412e-06,0
entity_0921,entity_0925,1,tabicl,0.9982821941375732,1
entity_0953,entity_0186,0,tabicl,7.613267030137649e-07,0
entity_0021,entity_0028,1,tabicl,0.9616380333900452,1
entity_0297,entity_0989,0,tabicl,7.789263349877729e-07,0
entity_0388,entity_0230,0,tabicl,1.3590939715868444e-06,0
entity_0387,entity_0382,1,tabicl,0.9927124977111816,1
entity_0380,entity_0373,1,tabicl,0.9864272475242615,1
entity_0671,entity_0139,0,tabicl,8.144717185132322e-07,0
entity_0705,entity_0155,0,tabicl,7.703113169554854e-07,0
entity_0081,entity_0708,0,tabicl,9.107803293773031e-07,0
entity_0162,entity_0170,1,tabicl,0.9792705774307251,1
entity_0242,entity_0422,0,tabicl,9.604173101251945e-07,0
entity_0500,entity_0432,0,tabicl,2.285378741362365e-06,0
entity_0128,entity_0121,1,tabicl,0.9948670268058777,1
entity_0780,entity_0777,1,tabicl,0.9987521767616272,1
entity_0373,entity_0056,0,tabicl,7.809360340615967e-07,0
entity_0514,entity_0512,1,tabicl,0.9991698265075684,1
entity_0771,entity_0776,1,tabicl,0.9971826076507568,1
entity_0257,entity_0746,0,tabicl,7.627220384165412e-07,0
entity_0173,entity_0171,1,tabicl,0.9982654452323914,1
entity_0777,entity_0353,0,tabicl,6.442130597861251e-07,0
entity_0514,entity_0360,0,tabicl,9.531187856737233e-07,0
entity_0460,entity_0483,0,tabicl,1.808497472666204e-05,0
entity_0035,entity_0641,0,tabicl,8.324531108883093e-07,0
entity_0821,entity_0625,0,tabicl,7.377927886409452e-07,0
entity_0802,entity_0206,0,tabicl,8.500813919454231e-07,0
entity_0993,entity_0992,1,tabicl,0.9988706111907959,1
entity_0455,entity_0974,0,tabicl,6.135960575193167e-07,0
entity_0560,entity_0554,1,tabicl,0.9966647624969482,1
entity_0745,entity_0061,0,tabicl,1.0629348707880126e-06,0
entity_0787,entity_0729,0,tabicl,1.127726477534452e-06,0
entity_0124,entity_0405,0,tabicl,5.900895985178067e-07,0
entity_0269,entity_0849,0,tabicl,6.638156833105313e-07,0
entity_0506,entity_0808,0,tabicl,4.41668987605226e-07,0
entity_0894,entity_0895,1,tabicl,0.9985896348953247,1
entity_0217,entity_0212,1,tabicl,0.989116370677948,1
entity_0438,entity_0154,0,tabicl,8.711496661817364e-07,0
entity_0924,entity_0627,0,tabicl,6.479816079263401e-07,0
entity_0513,entity_0515,1,tabicl,0.9992128014564514,1
entity_0438,entity_0431,1,tabicl,0.993952214717865,1
entity_0656,entity_0303,0,tabicl,7.543884521510336e-07,0
entity_0475,entity_0636,0,tabicl,8.737531516089803e-07,0
entity_0820,entity_0704,0,tabicl,1.0107710295415018e-06,0
entity_0404,entity_0317,0,tabicl,1.2009381862299051e-06,0
entity_0471,entity_0480,1,tabicl,0.9857272505760193,1
entity_0003,entity_0001,1,tabicl,0.9877403378486633,1
entity_0286,entity_0210,0,tabicl,1.7490627897132072e-06,0
entity_0769,entity_0150,0,tabicl,7.161995085880335e-07,0
entity_0079,entity_0509,0,tabicl,5.266195444164623e-07,0
entity_0168,entity_0780,0,tabicl,6.343282734633249e-07,0
entity_0942,entity_0941,1,tabicl,0.9990777969360352,1
entity_0906,entity_0902,1,tabicl,0.9974134564399719,1
entity_0144,entity_0705,0,tabicl,7.935888675092428e-07,0
entity_0509,entity_0504,1,tabicl,0.9978529214859009,1
entity_0959,entity_0958,1,tabicl,0.9993669986724854,1
entity_0879,entity_0276,0,tabicl,5.864989702786261e-07,0
entity_0950,entity_0948,1,tabicl,0.9989866614341736,1
entity_0340,entity_0331,1,tabicl,0.9648256897926331,1
entity_0009,entity_0863,0,tabicl,1.1091813121311134e-06,0
entity_0202,entity_0578,0,tabicl,7.181453725024767e-07,0
entity_0093,entity_0806,0,tabicl,5.679459604834847e-07,0
entity_0977,entity_0232,0,tabicl,7.318124062294373e-07,0
entity_0666,entity_0279,0,tabicl,8.064474172897462e-07,0
entity_0609,entity_0605,1,tabicl,0.9986063838005066,1
entity_0434,entity_0437,1,tabicl,0.9986813068389893,1
entity_0061,entity_0064,1,tabicl,0.9961113333702087,1
entity_0089,entity_0086,1,tabicl,0.9981649518013,1
entity_0442,entity_0446,1,tabicl,0.9977310299873352,1
entity_0785,entity_0789,1,tabicl,0.9979945421218872,1
entity_0239,entity_0235,1,tabicl,0.9942013621330261,1
entity_0227,entity_0895,0,tabicl,5.389027819546754e-07,0
entity_0745,entity_0520,0,tabicl,7.449320946761873e-07,0
entity_0430,entity_0422,1,tabicl,0.9928908348083496,1
entity_0119,entity_0112,1,tabicl,0.9957784414291382,1
entity_0633,entity_0636,1,tabicl,0.9972902536392212,1
entity_0799,entity_0008,0,tabicl,9.207170137415233e-07,0
entity_0884,entity_0202,0,tabicl,7.645338655493106e-07,0
entity_0201,entity_0781,0,tabicl,6.212168841557286e-07,0
entity_0330,entity_0667,0,tabicl,6.794837190682301e-07,0
entity_0793,entity_0797,1,tabicl,0.9975576996803284,1
entity_0240,entity_0239,1,tabicl,0.9971643090248108,1
entity_0176,entity_0217,0,tabicl,3.6832961995969526e-06,0
entity_0410,entity_0404,1,tabicl,0.9963358044624329,1
entity_0309,entity_0310,1,tabicl,0.9989114999771118,1
entity_0280,entity_0008,0,tabicl,1.0398331369287916e-06,0
entity_0935,entity_0881,0,tabicl,2.287587676619296e-06,0
entity_0234,entity_0231,1,tabicl,0.9948725700378418,1
entity_0039,entity_0036,1,tabicl,0.9972667694091797,1
entity_0630,entity_0198,0,tabicl,8.342613000422716e-07,0
entity_0618,entity_0611,1,tabicl,0.9949766993522644,1
entity_0630,entity_0204,0,tabicl,9.200928730024316e-07,0
entity_0463,entity_0464,1,tabicl,0.9991698265075684,1
entity_0241,entity_0308,0,tabicl,3.5824155020236503e-06,0
entity_0523,entity_0516,0,tabicl,0.9950786828994751,1
entity_0853,entity_0855,1,tabicl,0.997708797454834,1
entity_0849,entity_0070,0,tabicl,9.694160780782113e-07,0
entity_0397,entity_0826,0,tabicl,5.361321200325619e-07,0
entity_0938,entity_0925,0,tabicl,0.04658981040120125,0
entity_0781,entity_0785,1,tabicl,0.9980774521827698,1
entity_0843,entity_0804,0,tabicl,2.0497186596912798e-06,0
entity_0898,entity_0897,1,tabicl,0.9988583326339722,1
entity_0062,entity_0047,0,tabicl,0.0019968352280557156,0
entity_0981,entity_0631,0,tabicl,9.575236390446662e-07,0
entity_0410,entity_0102,0,tabicl,8.343743047589669e-07,0
entity_0521,entity_0607,0,tabicl,1.5371380186479655e-06,0
entity_0387,entity_0381,1,tabicl,0.991211473941803,1
entity_0803,entity_0364,0,tabicl,5.912111191719305e-07,0
entity_0329,entity_0321,1,tabicl,0.9898172616958618,1
entity_0371,entity_0421,0,tabicl,3.2659022508596536e-06,0
entity_0685,entity_0419,0,tabicl,6.21132187461626e-07,0
entity_0544,entity_0543,1,tabicl,0.9992656111717224,1
entity_0493,entity_0305,0,tabicl,8.205708468267403e-07,0
entity_0405,entity_0339,0,tabicl,1.8226563724965672e-06,0
entity_0946,entity_0704,0,tabicl,6.663419753749622e-07,0
entity_0534,entity_0100,0,tabicl,7.888140771683538e-07,0
entity_0499,entity_0493,1,tabicl,0.9961280822753906,1
entity_0058,entity_0052,1,tabicl,0.9916447997093201,1
entity_0270,entity_0750,0,tabicl,6.40119083072932e-07,0
entity_0441,entity_0444,1,tabicl,0.9982692003250122,1
entity_0477,entity_0867,0,tabicl,5.338830533219152e-07,0
entity_0428,entity_0426,1,tabicl,0.9991405606269836,1
entity_0860,entity_0852,1,tabicl,0.981774628162384,1
entity_0464,entity_0462,1,tabicl,0.9988192915916443,1
entity_0557,entity_0473,0,tabicl,1.4165683523970074e-06,0
entity_0782,entity_0781,1,tabicl,0.9990200996398926,1
entity_0565,entity_0579,0,tabicl,0.02151460014283657,0
entity_0002,entity_0424,0,tabicl,2.1400608147814637e-06,0
entity_0817,entity_0819,1,tabicl,0.9981104731559753,1
entity_0760,entity_0868,0,tabicl,1.2802918263332685e-06,0
entity_0541,entity_0375,0,tabicl,1.0849273621715838e-06,0
entity_0716,entity_0149,0,tabicl,7.464490181519068e-07,0
entity_0249,entity_0908,0,tabicl,5.439696906250902e-07,0
entity_0979,entity_0642,0,tabicl,9.110279393098608e-07,0
entity_0946,entity_0947,1,tabicl,0.9991894364356995,1
entity_0093,entity_0099,1,tabicl,0.9963712692260742,1
entity_0507,entity_0045,0,tabicl,7.538763497905165e-07,0
entity_0804,entity_0801,1,tabicl,0.9980586171150208,1
entity_0114,entity_0120,1,tabicl,0.9961029291152954,1
entity_0308,entity_0310,1,tabicl,0.9987548589706421,1
entity_0178,entity_0634,0,tabicl,6.868967830087058e-07,0
entity_0675,entity_0492,0,tabicl,1.0053020105260657e-06,0
entity_0274,entity_0271,1,tabicl,0.9970959424972534,1
entity_0770,entity_0761,1,tabicl,0.9683613181114197,1
entity_0506,entity_0509,1,tabicl,0.999072790145874,1
entity_0014,entity_0018,1,tabicl,0.9913148283958435,1
entity_0094,entity_0198,0,tabicl,1.4390325304702856e-06,0
entity_0229,entity_0468,0,tabicl,6.976000577196828e-07,0
entity_0003,entity_0002,1,tabicl,0.9920653700828552,1
entity_0301,entity_0303,1,tabicl,0.9987602233886719,1
entity_0368,entity_0891,0,tabicl,5.765609216723533e-07,0
entity_0980,entity_0272,0,tabicl,9.776018714546808e-07,0
entity_0206,entity_0569,0,tabicl,9.204667321682791e-07,0
entity_0369,entity_0426,0,tabicl,2.748747874647961e-06,0
entity_0923,entity_0154,0,tabicl,7.077981649672438e-07,0
entity_0200,entity_0194,1,tabicl,0.9908744096755981,1
entity_0827,entity_0826,1,tabicl,0.9981409311294556,1
entity_0895,entity_0247,0,tabicl,6.369148763951671e-07,0
entity_0812,entity_0811,1,tabicl,0.9984752535820007,1
entity_0928,entity_0922,1,tabicl,0.9970612525939941,1
entity_0704,entity_0701,1,tabicl,0.9978760480880737,1
entity_0528,entity_0527,1,tabicl,0.9993559122085571,1
entity_0629,entity_0626,1,tabicl,0.998490035533905,1
entity_0955,entity_0951,1,tabicl,0.998440146446228,1
entity_0653,entity_0721,0,tabicl,1.986763663808233e-06,0
entity_0136,entity_0131,1,tabicl,0.9952458739280701,1
entity_0864,entity_0134,0,tabicl,7.155202297326468e-07,0
entity_0116,entity_0233,0,tabicl,1.361619979434181e-06,0
entity_0407,entity_0404,1,tabicl,0.9985665678977966,1
entity_0572,entity_0032,0,tabicl,7.060722850837919e-07,0
entity_0089,entity_0081,1,tabicl,0.9744833707809448,1
entity_0488,entity_0100,0,tabicl,6.59955787796207e-07,0
entity_0062,entity_0104,0,tabicl,4.350826202426106e-06,0
entity_0092,entity_0091,1,tabicl,0.9988779425621033,1
entity_0060,entity_0045,0,tabicl,0.0021079289726912975,0
entity_0353,entity_0351,1,tabicl,0.994306743144989,1
entity_0585,entity_0586,1,tabicl,0.998931348323822,1
entity_0837,entity_0831,1,tabicl,0.9947209358215332,1
entity_0125,entity_0121,1,tabicl,0.9985880851745605,1
entity_0519,entity_0388,0,tabicl,1.1826734862552257e-06,0
entity_0901,entity_0806,0,tabicl,9.40533425364265e-07,0
entity_0478,entity_0004,0,tabicl,1.128070721279073e-06,0
entity_0770,entity_0975,0,tabicl,1.0241574273095466e-06,0
entity_0982,entity_0971,0,tabicl,0.8999060988426208,1
entity_0802,entity_0810,1,tabicl,0.9837572574615479,1
entity_0447,entity_0177,0,tabicl,8.480668043375772e-07,0
entity_0309,entity_0343,0,tabicl,1.1378942872397602e-05,0
entity_0728,entity_0324,0,tabicl,7.473607297470153e-07,0
entity_0200,entity_0192,1,tabicl,0.9738553762435913,1
entity_0626,entity_0622,1,tabicl,0.9977940320968628,1
entity_0736,entity_0734,1,tabicl,0.9971550703048706,1
entity_0369,entity_0206,0,tabicl,1.304438001170638e-06,0
entity_0503,entity_0165,0,tabicl,6.834584951320721e-07,0
entity_0213,entity_0214,1,tabicl,0.9974107146263123,1
entity_0219,entity_0212,1,tabicl,0.966586172580719,1
entity_0641,entity_0608,0,tabicl,3.3207284104719292e-06,0
entity_0146,entity_0482,0,tabicl,6.372605980686785e-07,0
entity_0271,entity_0422,0,tabicl,1.162297621704056e-06,0
entity_0674,entity_0672,1,tabicl,0.998395562171936,1
entity_0488,entity_0489,1,tabicl,0.9993207454681396,1
entity_0115,entity_0074,0,tabicl,3.412560772630968e-06,0
entity_0831,entity_0838,1,tabicl,0.9888682961463928,1
entity_0463,entity_0365,0,tabicl,1.2964127336090314e-06,0
entity_0578,entity_0572,1,tabicl,0.9966575503349304,1
entity_0882,entity_0889,1,tabicl,0.9803227782249451,1
entity_0925,entity_0948,0,tabicl,1.715904363663867e-05,0
entity_0833,entity_0839,1,tabicl,0.9917163848876953,1
entity_0408,entity_0252,0,tabicl,1.2123119859097642e-06,0
entity_0590,entity_0581,1,tabicl,0.971311092376709,1
entity_0107,entity_0066,0,tabicl,4.191962034383323e-06,0
entity_0436,entity_0390,0,tabicl,2.631994902912993e-06,0
entity_0748,entity_0964,0,tabicl,8.601723493484315e-07,0
entity_0545,entity_0550,1,tabicl,0.9931318163871765,1
entity_0510,entity_0669,0,tabicl,8.252585530499346e-07,0
entity_0561,entity_0848,0,tabicl,5.271908776194323e-07,0
entity_0315,entity_0314,1,tabicl,0.9990072846412659,1
entity_0315,entity_0317,1,tabicl,0.998528778553009,1
entity_0440,entity_0844,0,tabicl,6.162650265650882e-07,0
entity_0489,entity_0149,0,tabicl,6.724243917233252e-07,0
entity_0131,entity_0214,0,tabicl,1.6240476270468207e-06,0
entity_0566,entity_0138,0,tabicl,1.0579713034530869e-06,0
entity_0480,entity_0472,1,tabicl,0.9910877346992493,1
entity_0135,entity_0132,1,tabicl,0.9976637363433838,1
entity_0970,entity_0964,1,tabicl,0.9975996613502502,1
entity_0464,entity_0412,0,tabicl,2.710888111323584e-06,0
entity_0813,entity_0867,0,tabicl,2.052778199868044e-06,0
entity_0182,entity_0642,0,tabicl,6.687860150123015e-07,0
entity_0154,entity_0157,1,tabicl,0.9978177547454834,1
entity_0165,entity_0163,1,tabicl,0.9984145760536194,1
entity_0651,entity_0658,1,tabicl,0.9905346632003784,1
entity_0468,entity_0596,0,tabicl,1.1555579249034054e-06,0
entity_0101,entity_0106,1,tabicl,0.996911346912384,1
entity_0110,entity_0104,1,tabicl,0.9978920817375183,1
entity_0044,entity_0049,1,tabicl,0.9933717846870422,1
entity_0281,entity_0283,1,tabicl,0.9982197284698486,1
entity_0458,entity_0453,1,tabicl,0.9968025088310242,1
entity_0614,entity_0617,1,tabicl,0.997215986251831,1
entity_0937,entity_0938,1,tabicl,0.9991581439971924,1
entity_0167,entity_0505,0,tabicl,7.308206591005728e-07,0
entity_0781,entity_0453,0,tabicl,5.573381827161938e-07,0
entity_0583,entity_0584,1,tabicl,0.9990667700767517,1
entity_0853,entity_0857,1,tabicl,0.996536135673523,1
entity_0571,entity_0576,1,tabicl,0.9961406588554382,1
entity_0487,entity_0484,1,tabicl,0.9988332986831665,1
entity_0115,entity_0117,1,tabicl,0.999242901802063,1
entity_0372,entity_0224,0,tabicl,1.4275439070843277e-06,0
entity_0549,entity_0550,1,tabicl,0.9987629652023315,1
entity_0513,entity_0894,0,tabicl,5.533465241569502e-07,0
entity_0986,entity_0988,1,tabicl,0.9987576007843018,1
entity_0195,entity_0197,1,tabicl,0.997368335723877,1
entity_0289,entity_0995,0,tabicl,9.563556204739143e-07,0
entity_0363,entity_0365,1,tabicl,0.9948503971099854,1
entity_0867,entity_0795,0,tabicl,9.504074682809005e-07,0
entity_0416,entity_0415,1,tabicl,0.9994945526123047,1
entity_0580,entity_0579,1,tabicl,0.9990956783294678,1
entity_0897,entity_0893,1,tabicl,0.9979966878890991,1
entity_0530,entity_0528,1,tabicl,0.9993488788604736,1
entity_0234,entity_0237,1,tabicl,0.9952612519264221,1
entity_0887,entity_0441,0,tabicl,6.920405439814203e-07,0
entity_0858,entity_0377,0,tabicl,6.51064510748256e-07,0
entity_0588,entity_0365,0,tabicl,7.762891982565634e-07,0
entity_0094,entity_0659,0,tabicl,8.812513101474906e-07,0
entity_0129,entity_0124,1,tabicl,0.9980878233909607,1
entity_0962,entity_0969,1,tabicl,0.9961739182472229,1
entity_0485,entity_0482,1,tabicl,0.9987816214561462,1
entity_0486,entity_0489,1,tabicl,0.9990677237510681,1
entity_0649,entity_0645,1,tabicl,0.9975231289863586,1
entity_0322,entity_0469,0,tabicl,9.019292974699056e-07,0
entity_0379,entity_0858,0,tabicl,5.961231295259495e-07,0
entity_0254,entity_0062,0,tabicl,8.646168794257392e-07,0
entity_0799,entity_0118,0,tabicl,7.154226864258817e-07,0
entity_0968,entity_0970,1,tabicl,0.9990596771240234,1
entity_0228,entity_0226,1,tabicl,0.997089684009552,1
entity_0273,entity_0271,1,tabicl,0.997786819934845,1
entity_0625,entity_0745,0,tabicl,1.068408664650633e-06,0
entity_0366,entity_0115,0,tabicl,7.978528628882486e-07,0
entity_0176,entity_0688,0,tabicl,6.595084869331913e-07,0
entity_0410,entity_0099,0,tabicl,8.216845230890613e-07,0
entity_0767,entity_0768,1,tabicl,0.9987494945526123,1
entity_0815,entity_0819,1,tabicl,0.9969642758369446,1
entity_0282,entity_0288,1,tabicl,0.9952406883239746,1
entity_0708,entity_0348,0,tabicl,6.801293466196512e-07,0
entity_0098,entity_0092,1,tabicl,0.995250940322876,1
entity_0388,entity_0038,0,tabicl,8.000197340152226e-07,0
entity_0519,entity_0516,1,tabicl,0.998957633972168,1
entity_0075,entity_0076,1,tabicl,0.9982522130012512,1
entity_0936,entity_0519,0,tabicl,7.172685627665487e-07,0
entity_0182,entity_0184,1,tabicl,0.9982351064682007,1
entity_0634,entity_0632,1,tabicl,0.9988433718681335,1
entity_0316,entity_0838,0,tabicl,6.439507842515013e-07,0
entity_0884,entity_0887,1,tabicl,0.9971765875816345,1
entity_0171,entity_0174,1,tabicl,0.9982274174690247,1
entity_0350,entity_0398,0,tabicl,4.200641797069693e-06,0
entity_0991,entity_0095,0,tabicl,1.5194415254882188e-06,0
entity_0805,entity_0804,1,tabicl,0.9986347556114197,1
entity_0449,entity_0444,1,tabicl,0.9977820515632629,1
entity_0946,entity_0942,1,tabicl,0.9980074763298035,1
entity_0209,entity_0206,1,tabicl,0.99595707654953,1
entity_0345,entity_0344,1,tabicl,0.9975813627243042,1
entity_0206,entity_0345,0,tabicl,1.1442800769145833e-06,0
entity_0854,entity_0858,1,tabicl,0.9965097904205322,1
entity_0852,entity_0185,0,tabicl,6.747079055458016e-07,0
entity_0686,entity_0998,0,tabicl,1.7243289676116547e-06,0
entity_0687,entity_0683,1,tabicl,0.9979192614555359,1
entity_0784,entity_0787,1,tabicl,0.9983407855033875,1
entity_0926,entity_0306,0,tabicl,5.856248321833846e-07,0
entity_0224,entity_0225,1,tabicl,0.9973338842391968,1
entity_0707,entity_0767,0,tabicl,2.1707560335926246e-06,0
entity_0765,entity_0123,0,tabicl,6.811445700805052e-07,0
entity_0295,entity_0306,0,tabicl,0.9260217547416687,1
entity_0672,entity_0907,0,tabicl,6.442124345085176e-07,0
entity_0541,entity_0972,0,tabicl,6.987366418798047e-07,0
entity_0295,entity_0206,0,tabicl,1.542149448141572e-06,0
entity_0150,entity_0142,1,tabicl,0.978959858417511,1
entity_0722,entity_0721,1,tabicl,0.9970002174377441,1
entity_0125,entity_0122,1,tabicl,0.9990473389625549,1
entity_0444,entity_0445,1,tabicl,0.9992246627807617,1
entity_0411,entity_0419,1,tabicl,0.9875016212463379,1
entity_0466,entity_0785,0,tabicl,4.4371066110215907e-07,0
entity_0115,entity_0114,1,tabicl,0.9994525909423828,1
entity_0003,entity_0005,1,tabicl,0.9888443350791931,1
entity_0306,entity_0301,1,tabicl,0.9971978664398193,1
entity_0686,entity_0705,0,tabicl,6.906800990691409e-05,0
entity_0853,entity_0056,0,tabicl,1.0254074140902958e-06,0
entity_0715,entity_0377,0,tabicl,6.20711148258124e-07,0
entity_0222,entity_0228,1,tabicl,0.9920995235443115,1
entity_0841,entity_0844,1,tabicl,0.997296154499054,1
entity_0734,entity_0847,0,tabicl,1.3004198535782052e-06,0
entity_0151,entity_0680,0,tabicl,7.455383297383378e-07,0
entity_0937,entity_0933,1,tabicl,0.9978668093681335,1
entity_0636,entity_0744,0,tabicl,1.1914549986613565e-06,0
entity_0009,entity_0487,0,tabicl,8.582492228015326e-07,0
entity_0674,entity_0675,1,tabicl,0.9985127449035645,1
entity_0234,entity_0639,0,tabicl,8.323404472321272e-07,0
entity_0198,entity_0333,0,tabicl,1.1684023775160313e-06,0
entity_0694,entity_0021,0,tabicl,7.741858780718758e-07,0
entity_0006,entity_0001,1,tabicl,0.9813822507858276,1
entity_0443,entity_0450,1,tabicl,0.9912585616111755,1
entity_0143,entity_0346,0,tabicl,7.552075089733989e-07,0
entity_0340,entity_0334,1,tabicl,0.9939847588539124,1
entity_0567,entity_0127,0,tabicl,1.107790126297914e-06,0
entity_0581,entity_0586,1,tabicl,0.996539831161499,1
entity_0286,entity_0101,0,tabicl,8.235248856180988e-07,0
entity_0067,entity_0566,0,tabicl,7.208777788036969e-07,0
entity_0483,entity_0567,0,tabicl,1.6234699842243572e-06,0
entity_0122,entity_0373,0,tabicl,6.627358857258514e-07,0
entity_0294,entity_0296,1,tabicl,0.998816728591919,1
entity_0587,entity_0037,0,tabicl,8.273877369902038e-07,0
entity_0006,entity_0008,1,tabicl,0.9934991598129272,1
entity_0389,entity_0385,1,tabicl,0.9957739114761353,1
entity_0723,entity_0724,1,tabicl,0.9966357350349426,1
entity_0357,entity_0502,0,tabicl,9.612327858121716e-07,0
entity_0594,entity_0595,1,tabicl,0.999002993106842,1
entity_0567,entity_0563,1,tabicl,0.9981145858764648,1
entity_0348,entity_0516,0,tabicl,8.500813919454231e-07,0
entity_0062,entity_0813,0,tabicl,7.633427117070823e-07,0
entity_0059,entity_0030,0,tabicl,7.393412943201838e-06,0
entity_0320,entity_0106,0,tabicl,8.153562021107064e-07,0
entity_0685,entity_0896,0,tabicl,7.175614200605196e-07,0
entity_0512,entity_0525,0,tabicl,0.029176687821745872,0
entity_0082,entity_0089,1,tabicl,0.991554319858551,1
entity_0822,entity_0825,1,tabicl,0.9975866079330444,1
entity_0085,entity_0363,0,tabicl,6.353618005050521e-07,0
entity_0042,entity_0632,0,tabicl,7.812533908690966e-07,0
entity_0577,entity_0574,1,tabicl,0.9986741542816162,1
entity_0060,entity_0052,1,tabicl,0.9595435857772827,1
entity_0995,entity_0537,0,tabicl,1.4201270914782071e-06,0
entity_0384,entity_0382,1,tabicl,0.9966539144515991,1
entity_0094,entity_0096,1,tabicl,0.9990758299827576,1
entity_0233,entity_0239,1,tabicl,0.9885042309761047,1
entity_0011,entity_0110,0,tabicl,3.3013061511155684e-06,0
entity_0587,entity_0308,0,tabicl,8.077612960732949e-07,0
entity_0689,entity_0070,0,tabicl,8.431339324488363e-07,0
entity_0718,entity_0940,0,tabicl,7.004445592428965e-07,0
entity_0078,entity_0073,1,tabicl,0.9955968260765076,1
entity_0569,entity_0037,0,tabicl,6.996848469498218e-07,0
entity_0215,entity_0731,0,tabicl,7.85610666298453e-07,0
entity_0187,entity_0188,1,tabicl,0.9983154535293579,1
entity_0712,entity_0718,1,tabicl,0.9948559403419495,1
entity_0907,entity_0949,0,tabicl,3.6197795907355612e-06,0
entity_0647,entity_0434,0,tabicl,8.336965606758895e-07,0
entity_0816,entity_0226,0,tabicl,7.366924137386377e-07,0
entity_0569,entity_0666,0,tabicl,1.3574825743489782e-06,0
entity_0218,entity_0212,1,tabicl,0.9807165861129761,1
entity_0102,entity_0955,0,tabicl,7.199982405836636e-07,0
entity_0761,entity_0766,1,tabicl,0.9967781901359558,1
entity_0350,entity_0353,0,tabicl,0.9953423738479614,1
entity_0781,entity_0784,1,tabicl,0.9984702467918396,1
entity_0774,entity_0772,1,tabicl,0.9987816214561462,1
entity_0162,entity_0164,1,tabicl,0.998524010181427,1
entity_0438,entity_0437,1,tabicl,0.9993676543235779,1
entity_0805,entity_0045,0,tabicl,7.675994879718928e-07,0
entity_0473,entity_0119,0,tabicl,7.419069447678339e-07,0
entity_0531,entity_0534,1,tabicl,0.9984998106956482,1
entity_0607,entity_0865,0,tabicl,6.03198941462324e-07,0
entity_0309,entity_0003,0,tabicl,1.1634220982159604e-06,0
entity_0710,entity_0591,0,tabicl,1.1472425285319332e-06,0
entity_0561,entity_0564,1,tabicl,0.9975996613502502,1
entity_0199,entity_0078,0,tabicl,9.935424714058172e-07,0
entity_0653,entity_0808,0,tabicl,1.1186239134985954e-06,0
entity_0270,entity_0269,1,tabicl,0.9980607032775879,1
entity_0010,entity_0482,0,tabicl,8.868875056577963e-07,0
entity_0151,entity_0681,0,tabicl,7.768158525323088e-07,0
entity_0422,entity_0665,0,tabicl,5.272627845442912e-07,0
entity_0751,entity_0760,1,tabicl,0.9749646186828613,1
entity_0116,entity_0114,1,tabicl,0.9993977546691895,1
entity_0556,entity_0554,1,tabicl,0.9991092681884766,1
entity_0614,entity_0618,1,tabicl,0.996009111404419,1
entity_0848,entity_0849,1,tabicl,0.9982003569602966,1
entity_0881,entity_0890,1,tabicl,0.9434634447097778,1
entity_0326,entity_0330,1,tabicl,0.9974274635314941,1
entity_0373,entity_0307,0,tabicl,1.7888900174511946e-06,0
entity_0886,entity_0882,1,tabicl,0.9976938962936401,1
entity_0031,entity_0038,1,tabicl,0.9835829734802246,1
entity_0731,entity_0736,1,tabicl,0.9944522976875305,1
entity_0497,entity_0965,0,tabicl,6.573646373908559e-07,0
entity_0351,entity_0354,1,tabicl,0.9948781132698059,1
