pair_id,pair_role,unordered_entity_a,unordered_entity_b,label,train_entity_1,train_entity_2,holdout_entity_1,holdout_entity_2,reverse_split
pair_000001,query,entity_0270,entity_0973,0,entity_0270,entity_0973,entity_0973,entity_0270,test
pair_000002,query,entity_0878,entity_0879,1,entity_0878,entity_0879,entity_0879,entity_0878,test
pair_000003,query,entity_0318,entity_0344,0,entity_0318,entity_0344,entity_0344,entity_0318,test
pair_000004,query,entity_0981,entity_0989,1,entity_0989,entity_0981,entity_0981,entity_0989,test
pair_000005,query,entity_0001,entity_0008,1,entity_0001,entity_0008,entity_0008,entity_0001,test
pair_000006,query,entity_0365,entity_0370,1,entity_0365,entity_0370,entity_0370,entity_0365,test
pair_000007,query,entity_0364,entity_0369,1,entity_0364,entity_0369,entity_0369,entity_0364,test
pair_000008,query,entity_0074,entity_0672,0,entity_0074,entity_0672,entity_0672,entity_0074,test
pair_000009,query,entity_0457,entity_0459,1,entity_0459,entity_0457,entity_0457,entity_0459,test
pair_000010,query,entity_0031,entity_0039,1,entity_0031,entity_0039,entity_0039,entity_0031,test
pair_000011,query,entity_0656,entity_0659,1,entity_0656,entity_0659,entity_0659,entity_0656,test
pair_000012,query,entity_0284,entity_0681,0,entity_0681,entity_0284,entity_0284,entity_0681,test
pair_000013,query,entity_0111,entity_0959,0,entity_0111,entity_0959,entity_0959,entity_0111,test
pair_000014,query,entity_0195,entity_0642,0,entity_0642,entity_0195,entity_0195,entity_0642,test
pair_000015,query,entity_0230,entity_0274,0,entity_0274,entity_0230,entity_0230,entity_0274,test
pair_000016,query,entity_0468,entity_0470,1,entity_0468,entity_0470,entity_0470,entity_0468,test
pair_000017,query,entity_0849,entity_0850,1,entity_0850,entity_0849,entity_0849,entity_0850,test
pair_000018,query,entity_0353,entity_0612,0,entity_0353,entity_0612,entity_0612,entity_0353,test
pair_000019,query,entity_0635,entity_0654,0,entity_0654,entity_0635,entity_0635,entity_0654,test
pair_000020,query,entity_0546,entity_0674,0,entity_0546,entity_0674,entity_0674,entity_0546,validation
pair_000021,query,entity_0202,entity_0813,0,entity_0813,entity_0202,entity_0202,entity_0813,test
pair_000022,query,entity_0933,entity_0936,1,entity_0936,entity_0933,entity_0933,entity_0936,validation
pair_000023,query,entity_0178,entity_0280,0,entity_0178,entity_0280,entity_0280,entity_0178,test
pair_000024,query,entity_0239,entity_0793,0,entity_0239,entity_0793,entity_0793,entity_0239,test
pair_000025,query,entity_0143,entity_0148,1,entity_0143,entity_0148,entity_0148,entity_0143,test
pair_000026,query,entity_0512,entity_0923,0,entity_0512,entity_0923,entity_0923,entity_0512,test
pair_000027,query,entity_0164,entity_0344,0,entity_0344,entity_0164,entity_0164,entity_0344,test
pair_000028,query,entity_0131,entity_0139,1,entity_0131,entity_0139,entity_0139,entity_0131,test
pair_000029,query,entity_0119,entity_0868,0,entity_0119,entity_0868,entity_0868,entity_0119,validation
pair_000030,query,entity_0431,entity_0439,1,entity_0439,entity_0431,entity_0431,entity_0439,validation
pair_000031,query,entity_0525,entity_0716,0,entity_0525,entity_0716,entity_0716,entity_0525,test
pair_000032,query,entity_0786,entity_0787,1,entity_0786,entity_0787,entity_0787,entity_0786,validation
pair_000033,query,entity_0972,entity_0977,1,entity_0977,entity_0972,entity_0972,entity_0977,test
pair_000034,query,entity_0694,entity_0700,1,entity_0700,entity_0694,entity_0694,entity_0700,test
pair_000035,query,entity_0044,entity_0996,0,entity_0044,entity_0996,entity_0996,entity_0044,test
pair_000036,query,entity_0122,entity_0946,0,entity_0122,entity_0946,entity_0946,entity_0122,test
pair_000037,query,entity_0583,entity_0863,0,entity_0863,entity_0583,entity_0583,entity_0863,validation
pair_000038,query,entity_0383,entity_0694,0,entity_0383,entity_0694,entity_0694,entity_0383,test
pair_000039,query,entity_0018,entity_0362,0,entity_0018,entity_0362,entity_0362,entity_0018,test
pair_000040,query,entity_0702,entity_0710,1,entity_0710,entity_0702,entity_0702,entity_0710,test
pair_000041,query,entity_0089,entity_0760,0,entity_0089,entity_0760,entity_0760,entity_0089,test
pair_000042,query,entity_0705,entity_0709,1,entity_0709,entity_0705,entity_0705,entity_0709,validation
pair_000043,query,entity_0047,entity_0048,1,entity_0048,entity_0047,entity_0047,entity_0048,test
pair_000044,query,entity_0083,entity_0085,1,entity_0083,entity_0085,entity_0085,entity_0083,validation
pair_000045,query,entity_0123,entity_0847,0,entity_0123,entity_0847,entity_0847,entity_0123,test
pair_000046,query,entity_0555,entity_0970,0,entity_0970,entity_0555,entity_0555,entity_0970,test
pair_000047,query,entity_0118,entity_0120,1,entity_0120,entity_0118,entity_0118,entity_0120,validation
pair_000048,query,entity_0862,entity_0865,1,entity_0865,entity_0862,entity_0862,entity_0865,test
pair_000049,query,entity_0143,entity_0150,1,entity_0143,entity_0150,entity_0150,entity_0143,test
pair_000050,query,entity_0573,entity_0577,1,entity_0573,entity_0577,entity_0577,entity_0573,test
pair_000051,query,entity_0671,entity_0674,1,entity_0671,entity_0674,entity_0674,entity_0671,test
pair_000052,query,entity_0592,entity_0595,1,entity_0592,entity_0595,entity_0595,entity_0592,test
pair_000053,query,entity_0451,entity_0458,1,entity_0458,entity_0451,entity_0451,entity_0458,test
pair_000054,query,entity_0945,entity_0947,1,entity_0947,entity_0945,entity_0945,entity_0947,test
pair_000055,query,entity_0526,entity_0530,1,entity_0530,entity_0526,entity_0526,entity_0530,test
pair_000056,query,entity_0011,entity_0323,0,entity_0011,entity_0323,entity_0323,entity_0011,validation
pair_000057,query,entity_0321,entity_0877,0,entity_0321,entity_0877,entity_0877,entity_0321,test
pair_000058,query,entity_0172,entity_0418,0,entity_0418,entity_0172,entity_0172,entity_0418,test
pair_000059,query,entity_0611,entity_0619,1,entity_0619,entity_0611,entity_0611,entity_0619,test
pair_000060,query,entity_0181,entity_0187,1,entity_0181,entity_0187,entity_0187,entity_0181,validation
pair_000061,query,entity_0062,entity_0313,0,entity_0313,entity_0062,entity_0062,entity_0313,validation
pair_000062,query,entity_0857,entity_0918,0,entity_0857,entity_0918,entity_0918,entity_0857,test
pair_000063,query,entity_0501,entity_0922,0,entity_0922,entity_0501,entity_0501,entity_0922,test
pair_000064,query,entity_0345,entity_0628,0,entity_0345,entity_0628,entity_0628,entity_0345,test
pair_000065,query,entity_0853,entity_0859,1,entity_0853,entity_0859,entity_0859,entity_0853,test
pair_000066,query,entity_0207,entity_0863,0,entity_0863,entity_0207,entity_0207,entity_0863,test
pair_000067,query,entity_0548,entity_0549,1,entity_0548,entity_0549,entity_0549,entity_0548,test
pair_000068,query,entity_0952,entity_0957,1,entity_0952,entity_0957,entity_0957,entity_0952,test
pair_000069,query,entity_0024,entity_0029,1,entity_0024,entity_0029,entity_0029,entity_0024,test
pair_000070,query,entity_0586,entity_0594,0,entity_0586,entity_0594,entity_0594,entity_0586,validation
pair_000071,query,entity_0186,entity_0187,1,entity_0187,entity_0186,entity_0186,entity_0187,validation
pair_000072,query,entity_0022,entity_0366,0,entity_0022,entity_0366,entity_0366,entity_0022,validation
pair_000073,query,entity_0671,entity_0677,1,entity_0677,entity_0671,entity_0671,entity_0677,test
pair_000074,query,entity_0395,entity_0654,0,entity_0395,entity_0654,entity_0654,entity_0395,test
pair_000075,query,entity_0248,entity_0250,1,entity_0248,entity_0250,entity_0250,entity_0248,validation
pair_000076,query,entity_0066,entity_0936,0,entity_0066,entity_0936,entity_0936,entity_0066,validation
pair_000077,query,entity_0005,entity_0255,0,entity_0005,entity_0255,entity_0255,entity_0005,validation
pair_000078,query,entity_0172,entity_0175,1,entity_0175,entity_0172,entity_0172,entity_0175,test
pair_000079,query,entity_0372,entity_0373,1,entity_0372,entity_0373,entity_0373,entity_0372,test
pair_000080,query,entity_0173,entity_0464,0,entity_0173,entity_0464,entity_0464,entity_0173,validation
pair_000081,query,entity_0445,entity_0450,1,entity_0445,entity_0450,entity_0450,entity_0445,validation
pair_000082,query,entity_0567,entity_0761,0,entity_0567,entity_0761,entity_0761,entity_0567,test
pair_000083,query,entity_0287,entity_0332,0,entity_0332,entity_0287,entity_0287,entity_0332,test
pair_000084,query,entity_0836,entity_0838,1,entity_0838,entity_0836,entity_0836,entity_0838,test
pair_000085,query,entity_0231,entity_0239,1,entity_0239,entity_0231,entity_0231,entity_0239,test
pair_000086,query,entity_0356,entity_0360,1,entity_0360,entity_0356,entity_0356,entity_0360,test
pair_000087,query,entity_0222,entity_0307,0,entity_0222,entity_0307,entity_0307,entity_0222,test
pair_000088,query,entity_0838,entity_0839,1,entity_0839,entity_0838,entity_0838,entity_0839,test
pair_000089,query,entity_0663,entity_0664,1,entity_0663,entity_0664,entity_0664,entity_0663,test
pair_000090,query,entity_0282,entity_0284,1,entity_0284,entity_0282,entity_0282,entity_0284,test
pair_000091,query,entity_0194,entity_0643,0,entity_0194,entity_0643,entity_0643,entity_0194,test
pair_000092,query,entity_0493,entity_0500,1,entity_0500,entity_0493,entity_0493,entity_0500,validation
pair_000093,query,entity_0147,entity_0777,0,entity_0147,entity_0777,entity_0777,entity_0147,test
pair_000094,query,entity_0273,entity_0449,0,entity_0273,entity_0449,entity_0449,entity_0273,test
pair_000095,query,entity_0057,entity_0059,1,entity_0057,entity_0059,entity_0059,entity_0057,test
pair_000096,query,entity_0035,entity_0037,1,entity_0037,entity_0035,entity_0035,entity_0037,validation
pair_000097,query,entity_0704,entity_0706,1,entity_0704,entity_0706,entity_0706,entity_0704,validation
pair_000098,query,entity_0023,entity_0877,0,entity_0023,entity_0877,entity_0877,entity_0023,test
pair_000099,query,entity_0517,entity_0903,0,entity_0517,entity_0903,entity_0903,entity_0517,validation
pair_000100,query,entity_0215,entity_0798,0,entity_0215,entity_0798,entity_0798,entity_0215,validation
pair_000101,query,entity_0751,entity_0792,0,entity_0751,entity_0792,entity_0792,entity_0751,validation
pair_000102,query,entity_0842,entity_0875,0,entity_0875,entity_0842,entity_0842,entity_0875,validation
pair_000103,query,entity_0417,entity_0880,0,entity_0417,entity_0880,entity_0880,entity_0417,validation
pair_000104,query,entity_0876,entity_0877,1,entity_0876,entity_0877,entity_0877,entity_0876,test
pair_000105,query,entity_0153,entity_0157,1,entity_0157,entity_0153,entity_0153,entity_0157,test
pair_000106,query,entity_0511,entity_0702,0,entity_0702,entity_0511,entity_0511,entity_0702,test
pair_000107,query,entity_0442,entity_0450,1,entity_0450,entity_0442,entity_0442,entity_0450,test
pair_000108,query,entity_0611,entity_0844,0,entity_0844,entity_0611,entity_0611,entity_0844,test
pair_000109,query,entity_0882,entity_0924,0,entity_0882,entity_0924,entity_0924,entity_0882,test
pair_000110,query,entity_0196,entity_0197,1,entity_0196,entity_0197,entity_0197,entity_0196,test
pair_000111,query,entity_0463,entity_0468,1,entity_0468,entity_0463,entity_0463,entity_0468,test
pair_000112,query,entity_0966,entity_0970,1,entity_0966,entity_0970,entity_0970,entity_0966,test
pair_000113,query,entity_0442,entity_0443,1,entity_0443,entity_0442,entity_0442,entity_0443,validation
pair_000114,query,entity_0843,entity_0850,1,entity_0843,entity_0850,entity_0850,entity_0843,test
pair_000115,query,entity_0246,entity_0412,0,entity_0246,entity_0412,entity_0412,entity_0246,test
pair_000116,query,entity_0427,entity_0428,1,entity_0427,entity_0428,entity_0428,entity_0427,validation
pair_000117,query,entity_0284,entity_0646,0,entity_0284,entity_0646,entity_0646,entity_0284,test
pair_000118,query,entity_0692,entity_0694,1,entity_0694,entity_0692,entity_0692,entity_0694,test
pair_000119,query,entity_0054,entity_0060,1,entity_0054,entity_0060,entity_0060,entity_0054,validation
pair_000120,query,entity_0552,entity_0554,1,entity_0552,entity_0554,entity_0554,entity_0552,test
pair_000121,query,entity_0604,entity_0606,1,entity_0604,entity_0606,entity_0606,entity_0604,validation
pair_000122,query,entity_0923,entity_0925,1,entity_0925,entity_0923,entity_0923,entity_0925,test
pair_000123,query,entity_0534,entity_0537,1,entity_0534,entity_0537,entity_0537,entity_0534,test
pair_000124,query,entity_0915,entity_0916,1,entity_0916,entity_0915,entity_0915,entity_0916,test
pair_000125,query,entity_0931,entity_0932,1,entity_0932,entity_0931,entity_0931,entity_0932,test
pair_000126,query,entity_0626,entity_0821,0,entity_0626,entity_0821,entity_0821,entity_0626,validation
pair_000127,query,entity_0328,entity_0409,0,entity_0409,entity_0328,entity_0328,entity_0409,test
pair_000128,query,entity_0381,entity_0471,0,entity_0381,entity_0471,entity_0471,entity_0381,test
pair_000129,query,entity_0301,entity_0606,0,entity_0606,entity_0301,entity_0301,entity_0606,validation
pair_000130,query,entity_0290,entity_0337,0,entity_0290,entity_0337,entity_0337,entity_0290,test
pair_000131,query,entity_0049,entity_0050,1,entity_0050,entity_0049,entity_0049,entity_0050,test
pair_000132,query,entity_0341,entity_0346,1,entity_0341,entity_0346,entity_0346,entity_0341,test
pair_000133,query,entity_0099,entity_0719,0,entity_0719,entity_0099,entity_0099,entity_0719,test
pair_000134,query,entity_0135,entity_0398,0,entity_0135,entity_0398,entity_0398,entity_0135,test
pair_000135,query,entity_0684,entity_0844,0,entity_0684,entity_0844,entity_0844,entity_0684,validation
pair_000136,query,entity_0476,entity_0676,0,entity_0476,entity_0676,entity_0676,entity_0476,test
pair_000137,query,entity_0947,entity_0949,1,entity_0947,entity_0949,entity_0949,entity_0947,test
pair_000138,query,entity_0221,entity_0564,0,entity_0221,entity_0564,entity_0564,entity_0221,test
pair_000139,query,entity_0062,entity_0329,0,entity_0062,entity_0329,entity_0329,entity_0062,test
pair_000140,query,entity_0042,entity_0048,1,entity_0048,entity_0042,entity_0042,entity_0048,test
pair_000141,query,entity_0332,entity_0335,1,entity_0332,entity_0335,entity_0335,entity_0332,test
pair_000142,query,entity_0957,entity_0960,1,entity_0960,entity_0957,entity_0957,entity_0960,test
pair_000143,query,entity_0697,entity_0698,1,entity_0697,entity_0698,entity_0698,entity_0697,test
pair_000144,query,entity_0120,entity_0255,0,entity_0255,entity_0120,entity_0120,entity_0255,test
pair_000145,query,entity_0346,entity_0350,1,entity_0346,entity_0350,entity_0350,entity_0346,test
pair_000146,query,entity_0822,entity_0829,1,entity_0829,entity_0822,entity_0822,entity_0829,test
pair_000147,query,entity_0012,entity_0957,0,entity_0012,entity_0957,entity_0957,entity_0012,test
pair_000148,query,entity_0484,entity_0894,0,entity_0894,entity_0484,entity_0484,entity_0894,test
pair_000149,query,entity_0822,entity_0827,1,entity_0822,entity_0827,entity_0827,entity_0822,test
pair_000150,query,entity_0812,entity_0820,1,entity_0812,entity_0820,entity_0820,entity_0812,validation
pair_000151,query,entity_0882,entity_0887,1,entity_0882,entity_0887,entity_0887,entity_0882,test
pair_000152,query,entity_0764,entity_0768,1,entity_0764,entity_0768,entity_0768,entity_0764,test
pair_000153,query,entity_0339,entity_0340,1,entity_0339,entity_0340,entity_0340,entity_0339,test
pair_000154,query,entity_0025,entity_0555,0,entity_0025,entity_0555,entity_0555,entity_0025,test
pair_000155,query,entity_0212,entity_0422,0,entity_0422,entity_0212,entity_0212,entity_0422,test
pair_000156,query,entity_0063,entity_0422,0,entity_0063,entity_0422,entity_0422,entity_0063,test
pair_000157,query,entity_0125,entity_0401,0,entity_0125,entity_0401,entity_0401,entity_0125,test
pair_000158,query,entity_0862,entity_0868,1,entity_0868,entity_0862,entity_0862,entity_0868,validation
pair_000159,query,entity_0603,entity_0604,1,entity_0603,entity_0604,entity_0604,entity_0603,validation
pair_000160,query,entity_0466,entity_0553,0,entity_0553,entity_0466,entity_0466,entity_0553,test
pair_000161,query,entity_0590,entity_0869,0,entity_0869,entity_0590,entity_0590,entity_0869,test
pair_000162,query,entity_0516,entity_0587,0,entity_0516,entity_0587,entity_0587,entity_0516,test
pair_000163,query,entity_0651,entity_0659,1,entity_0651,entity_0659,entity_0659,entity_0651,test
pair_000164,query,entity_0262,entity_0263,1,entity_0262,entity_0263,entity_0263,entity_0262,test
pair_000165,query,entity_0105,entity_0108,1,entity_0105,entity_0108,entity_0108,entity_0105,validation
pair_000166,query,entity_0828,entity_0830,1,entity_0828,entity_0830,entity_0830,entity_0828,test
pair_000167,query,entity_0511,entity_0516,1,entity_0516,entity_0511,entity_0511,entity_0516,test
pair_000168,query,entity_0887,entity_0890,1,entity_0890,entity_0887,entity_0887,entity_0890,test
pair_000169,query,entity_0004,entity_0007,1,entity_0004,entity_0007,entity_0007,entity_0004,test
pair_000170,query,entity_0860,entity_0973,0,entity_0973,entity_0860,entity_0860,entity_0973,test
pair_000171,query,entity_0204,entity_0210,1,entity_0204,entity_0210,entity_0210,entity_0204,validation
pair_000172,query,entity_0846,entity_0847,1,entity_0846,entity_0847,entity_0847,entity_0846,test
pair_000173,query,entity_0644,entity_0647,1,entity_0644,entity_0647,entity_0647,entity_0644,test
pair_000174,query,entity_0479,entity_0699,0,entity_0699,entity_0479,entity_0479,entity_0699,validation
pair_000175,query,entity_0891,entity_0899,1,entity_0891,entity_0899,entity_0899,entity_0891,validation
pair_000176,query,entity_0682,entity_0924,0,entity_0682,entity_0924,entity_0924,entity_0682,test
pair_000177,query,entity_0317,entity_0541,0,entity_0541,entity_0317,entity_0317,entity_0541,validation
pair_000178,query,entity_0346,entity_0349,1,entity_0349,entity_0346,entity_0346,entity_0349,test
pair_000179,query,entity_0197,entity_0198,1,entity_0197,entity_0198,entity_0198,entity_0197,test
pair_000180,query,entity_0635,entity_0638,1,entity_0635,entity_0638,entity_0638,entity_0635,validation
pair_000181,query,entity_0415,entity_0878,0,entity_0415,entity_0878,entity_0878,entity_0415,test
pair_000182,query,entity_0119,entity_0432,0,entity_0432,entity_0119,entity_0119,entity_0432,test
pair_000183,query,entity_0229,entity_0696,0,entity_0229,entity_0696,entity_0696,entity_0229,test
pair_000184,query,entity_0776,entity_0779,1,entity_0776,entity_0779,entity_0779,entity_0776,test
pair_000185,query,entity_0131,entity_0134,1,entity_0131,entity_0134,entity_0134,entity_0131,test
pair_000186,query,entity_0941,entity_0950,1,entity_0950,entity_0941,entity_0941,entity_0950,test
pair_000187,query,entity_0921,entity_0926,1,entity_0926,entity_0921,entity_0921,entity_0926,test
pair_000188,query,entity_0741,entity_0746,1,entity_0741,entity_0746,entity_0746,entity_0741,test
pair_000189,query,entity_0100,entity_0941,0,entity_0100,entity_0941,entity_0941,entity_0100,test
pair_000190,query,entity_0851,entity_0854,1,entity_0851,entity_0854,entity_0854,entity_0851,test
pair_000191,query,entity_0204,entity_0673,0,entity_0673,entity_0204,entity_0204,entity_0673,test
pair_000192,query,entity_0214,entity_0319,0,entity_0214,entity_0319,entity_0319,entity_0214,test
pair_000193,query,entity_0982,entity_0989,1,entity_0989,entity_0982,entity_0982,entity_0989,test
pair_000194,query,entity_0372,entity_0377,1,entity_0377,entity_0372,entity_0372,entity_0377,validation
pair_000195,query,entity_0565,entity_0570,1,entity_0570,entity_0565,entity_0565,entity_0570,test
pair_000196,query,entity_0291,entity_0293,1,entity_0291,entity_0293,entity_0293,entity_0291,test
pair_000197,query,entity_0005,entity_0010,1,entity_0010,entity_0005,entity_0005,entity_0010,test
pair_000198,query,entity_0601,entity_0627,0,entity_0627,entity_0601,entity_0601,entity_0627,test
pair_000199,query,entity_0225,entity_0226,1,entity_0226,entity_0225,entity_0225,entity_0226,test
pair_000200,query,entity_0676,entity_0755,0,entity_0676,entity_0755,entity_0755,entity_0676,test
pair_000201,query,entity_0055,entity_0927,0,entity_0055,entity_0927,entity_0927,entity_0055,test
pair_000202,query,entity_0054,entity_0304,0,entity_0054,entity_0304,entity_0304,entity_0054,test
pair_000203,query,entity_0400,entity_0482,0,entity_0400,entity_0482,entity_0482,entity_0400,test
pair_000204,query,entity_0335,entity_0338,1,entity_0338,entity_0335,entity_0335,entity_0338,test
pair_000205,query,entity_0729,entity_0730,1,entity_0730,entity_0729,entity_0729,entity_0730,test
pair_000206,query,entity_0843,entity_0848,1,entity_0843,entity_0848,entity_0848,entity_0843,test
pair_000207,query,entity_0817,entity_0856,0,entity_0817,entity_0856,entity_0856,entity_0817,validation
pair_000208,query,entity_0655,entity_0697,0,entity_0655,entity_0697,entity_0697,entity_0655,validation
pair_000209,query,entity_0763,entity_0764,1,entity_0764,entity_0763,entity_0763,entity_0764,test
pair_000210,query,entity_0165,entity_0361,0,entity_0361,entity_0165,entity_0165,entity_0361,test
pair_000211,query,entity_0831,entity_0932,0,entity_0932,entity_0831,entity_0831,entity_0932,test
pair_000212,query,entity_0185,entity_0868,0,entity_0185,entity_0868,entity_0868,entity_0185,test
pair_000213,query,entity_0107,entity_0193,0,entity_0107,entity_0193,entity_0193,entity_0107,validation
pair_000214,query,entity_0070,entity_0186,0,entity_0186,entity_0070,entity_0070,entity_0186,validation
pair_000215,query,entity_0321,entity_0692,0,entity_0321,entity_0692,entity_0692,entity_0321,test
pair_000216,query,entity_0321,entity_0892,0,entity_0892,entity_0321,entity_0321,entity_0892,test
pair_000217,query,entity_0575,entity_0646,0,entity_0575,entity_0646,entity_0646,entity_0575,test
pair_000218,query,entity_0854,entity_0856,1,entity_0856,entity_0854,entity_0854,entity_0856,test
pair_000219,query,entity_0262,entity_0267,1,entity_0262,entity_0267,entity_0267,entity_0262,test
pair_000220,query,entity_0949,entity_0950,1,entity_0950,entity_0949,entity_0949,entity_0950,validation
pair_000221,query,entity_0397,entity_0509,0,entity_0509,entity_0397,entity_0397,entity_0509,validation
pair_000222,query,entity_0367,entity_0659,0,entity_0659,entity_0367,entity_0367,entity_0659,validation
pair_000223,query,entity_0109,entity_0110,1,entity_0110,entity_0109,entity_0109,entity_0110,validation
pair_000224,query,entity_0182,entity_0190,1,entity_0190,entity_0182,entity_0182,entity_0190,test
pair_000225,query,entity_0746,entity_0749,1,entity_0749,entity_0746,entity_0746,entity_0749,validation
pair_000226,query,entity_0011,entity_0016,1,entity_0011,entity_0016,entity_0016,entity_0011,test
pair_000227,query,entity_0024,entity_0545,0,entity_0024,entity_0545,entity_0545,entity_0024,test
pair_000228,query,entity_0724,entity_0730,1,entity_0724,entity_0730,entity_0730,entity_0724,test
pair_000229,query,entity_0311,entity_0328,0,entity_0328,entity_0311,entity_0311,entity_0328,test
pair_000230,query,entity_0661,entity_0670,1,entity_0670,entity_0661,entity_0661,entity_0670,test
pair_000231,query,entity_0056,entity_0168,0,entity_0056,entity_0168,entity_0168,entity_0056,test
pair_000232,query,entity_0533,entity_0652,0,entity_0652,entity_0533,entity_0533,entity_0652,test
pair_000233,query,entity_0752,entity_0755,1,entity_0755,entity_0752,entity_0752,entity_0755,validation
pair_000234,query,entity_0555,entity_0557,1,entity_0557,entity_0555,entity_0555,entity_0557,test
pair_000235,query,entity_0648,entity_0942,0,entity_0648,entity_0942,entity_0942,entity_0648,test
pair_000236,query,entity_0872,entity_0880,1,entity_0872,entity_0880,entity_0880,entity_0872,validation
pair_000237,query,entity_0473,entity_0479,1,entity_0479,entity_0473,entity_0473,entity_0479,test
pair_000238,query,entity_0103,entity_0822,0,entity_0822,entity_0103,entity_0103,entity_0822,test
pair_000239,query,entity_0722,entity_0727,1,entity_0722,entity_0727,entity_0727,entity_0722,test
pair_000240,query,entity_0475,entity_0552,0,entity_0552,entity_0475,entity_0475,entity_0552,test
pair_000241,query,entity_0384,entity_0386,1,entity_0384,entity_0386,entity_0386,entity_0384,validation
pair_000242,query,entity_0425,entity_0428,1,entity_0425,entity_0428,entity_0428,entity_0425,test
pair_000243,query,entity_0347,entity_0352,0,entity_0352,entity_0347,entity_0347,entity_0352,validation
pair_000244,query,entity_0096,entity_0704,0,entity_0704,entity_0096,entity_0096,entity_0704,test
pair_000245,query,entity_0984,entity_0989,1,entity_0984,entity_0989,entity_0989,entity_0984,validation
pair_000246,query,entity_0302,entity_0647,0,entity_0302,entity_0647,entity_0647,entity_0302,test
pair_000247,query,entity_0924,entity_0925,1,entity_0925,entity_0924,entity_0924,entity_0925,test
pair_000248,query,entity_0021,entity_0026,1,entity_0026,entity_0021,entity_0021,entity_0026,test
pair_000249,query,entity_0545,entity_0714,0,entity_0714,entity_0545,entity_0545,entity_0714,test
pair_000250,query,entity_0193,entity_0196,1,entity_0193,entity_0196,entity_0196,entity_0193,validation
pair_000251,query,entity_0928,entity_0930,1,entity_0928,entity_0930,entity_0930,entity_0928,test
pair_000252,query,entity_0322,entity_0327,1,entity_0327,entity_0322,entity_0322,entity_0327,test
pair_000253,query,entity_0461,entity_0464,1,entity_0461,entity_0464,entity_0464,entity_0461,validation
pair_000254,query,entity_0581,entity_0614,0,entity_0581,entity_0614,entity_0614,entity_0581,test
pair_000255,query,entity_0137,entity_0793,0,entity_0137,entity_0793,entity_0793,entity_0137,test
pair_000256,query,entity_0102,entity_0110,1,entity_0102,entity_0110,entity_0110,entity_0102,test
pair_000257,query,entity_0356,entity_0521,0,entity_0356,entity_0521,entity_0521,entity_0356,test
pair_000258,query,entity_0118,entity_0759,0,entity_0118,entity_0759,entity_0759,entity_0118,test
pair_000259,query,entity_0724,entity_0728,1,entity_0724,entity_0728,entity_0728,entity_0724,test
pair_000260,query,entity_0162,entity_0163,1,entity_0162,entity_0163,entity_0163,entity_0162,test
pair_000261,query,entity_0392,entity_0394,1,entity_0394,entity_0392,entity_0392,entity_0394,test
pair_000262,query,entity_0141,entity_0336,0,entity_0336,entity_0141,entity_0141,entity_0336,test
pair_000263,query,entity_0043,entity_0405,0,entity_0043,entity_0405,entity_0405,entity_0043,test
pair_000264,query,entity_0868,entity_0908,0,entity_0868,entity_0908,entity_0908,entity_0868,validation
pair_000265,query,entity_0497,entity_0730,0,entity_0730,entity_0497,entity_0497,entity_0730,test
pair_000266,query,entity_0073,entity_0079,1,entity_0073,entity_0079,entity_0079,entity_0073,test
pair_000267,query,entity_0134,entity_0681,0,entity_0681,entity_0134,entity_0134,entity_0681,test
pair_000268,query,entity_0125,entity_0359,0,entity_0359,entity_0125,entity_0125,entity_0359,test
pair_000269,query,entity_0439,entity_0440,1,entity_0440,entity_0439,entity_0439,entity_0440,test
pair_000270,query,entity_0807,entity_0809,1,entity_0807,entity_0809,entity_0809,entity_0807,test
pair_000271,query,entity_0694,entity_0698,1,entity_0698,entity_0694,entity_0694,entity_0698,test
pair_000272,query,entity_0071,entity_0072,1,entity_0072,entity_0071,entity_0071,entity_0072,test
pair_000273,query,entity_0140,entity_0577,0,entity_0140,entity_0577,entity_0577,entity_0140,test
pair_000274,query,entity_0156,entity_0160,1,entity_0160,entity_0156,entity_0156,entity_0160,test
pair_000275,query,entity_0194,entity_0196,1,entity_0196,entity_0194,entity_0194,entity_0196,test
pair_000276,query,entity_0127,entity_0322,0,entity_0127,entity_0322,entity_0322,entity_0127,test
pair_000277,query,entity_0182,entity_0183,1,entity_0182,entity_0183,entity_0183,entity_0182,validation
pair_000278,query,entity_0853,entity_0854,1,entity_0854,entity_0853,entity_0853,entity_0854,validation
pair_000279,query,entity_0444,entity_0450,1,entity_0450,entity_0444,entity_0444,entity_0450,test
pair_000280,query,entity_0184,entity_0190,1,entity_0190,entity_0184,entity_0184,entity_0190,test
pair_000281,query,entity_0535,entity_0536,1,entity_0536,entity_0535,entity_0535,entity_0536,test
pair_000282,query,entity_0180,entity_0641,0,entity_0641,entity_0180,entity_0180,entity_0641,test
pair_000283,query,entity_0403,entity_0410,1,entity_0403,entity_0410,entity_0410,entity_0403,validation
pair_000284,query,entity_0302,entity_0307,1,entity_0302,entity_0307,entity_0307,entity_0302,test
pair_000285,query,entity_0043,entity_0044,1,entity_0044,entity_0043,entity_0043,entity_0044,test
pair_000286,query,entity_0080,entity_0594,0,entity_0594,entity_0080,entity_0080,entity_0594,test
pair_000287,query,entity_0876,entity_0879,1,entity_0879,entity_0876,entity_0876,entity_0879,validation
pair_000288,query,entity_0381,entity_0694,0,entity_0694,entity_0381,entity_0381,entity_0694,test
pair_000289,query,entity_0212,entity_0216,1,entity_0212,entity_0216,entity_0216,entity_0212,test
pair_000290,query,entity_0095,entity_0332,0,entity_0095,entity_0332,entity_0332,entity_0095,test
pair_000291,query,entity_0097,entity_0098,1,entity_0097,entity_0098,entity_0098,entity_0097,validation
pair_000292,query,entity_0655,entity_0781,0,entity_0781,entity_0655,entity_0655,entity_0781,test
pair_000293,query,entity_0226,entity_0458,0,entity_0226,entity_0458,entity_0458,entity_0226,test
pair_000294,query,entity_0913,entity_0919,1,entity_0919,entity_0913,entity_0913,entity_0919,test
pair_000295,query,entity_0397,entity_0399,1,entity_0399,entity_0397,entity_0397,entity_0399,test
pair_000296,query,entity_0401,entity_0983,0,entity_0401,entity_0983,entity_0983,entity_0401,validation
pair_000297,query,entity_0278,entity_0434,0,entity_0278,entity_0434,entity_0434,entity_0278,test
pair_000298,query,entity_0081,entity_0825,0,entity_0825,entity_0081,entity_0081,entity_0825,test
pair_000299,query,entity_0444,entity_0936,0,entity_0444,entity_0936,entity_0936,entity_0444,test
pair_000300,query,entity_0995,entity_1000,1,entity_1000,entity_0995,entity_0995,entity_1000,test
pair_000301,query,entity_0093,entity_0455,0,entity_0455,entity_0093,entity_0093,entity_0455,validation
pair_000302,query,entity_0042,entity_0445,0,entity_0042,entity_0445,entity_0445,entity_0042,test
pair_000303,query,entity_0786,entity_0911,0,entity_0786,entity_0911,entity_0911,entity_0786,test
pair_000304,query,entity_0341,entity_0432,0,entity_0341,entity_0432,entity_0432,entity_0341,test
pair_000305,query,entity_0083,entity_0084,1,entity_0084,entity_0083,entity_0083,entity_0084,test
pair_000306,query,entity_0811,entity_0820,1,entity_0811,entity_0820,entity_0820,entity_0811,test
pair_000307,query,entity_0011,entity_0015,1,entity_0015,entity_0011,entity_0011,entity_0015,test
pair_000308,query,entity_0213,entity_0950,0,entity_0950,entity_0213,entity_0213,entity_0950,test
pair_000309,query,entity_0604,entity_0692,0,entity_0604,entity_0692,entity_0692,entity_0604,validation
pair_000310,query,entity_0055,entity_0933,0,entity_0055,entity_0933,entity_0933,entity_0055,test
pair_000311,query,entity_0062,entity_0103,0,entity_0062,entity_0103,entity_0103,entity_0062,test
pair_000312,query,entity_0338,entity_0518,0,entity_0518,entity_0338,entity_0338,entity_0518,test
pair_000313,query,entity_0012,entity_0019,1,entity_0019,entity_0012,entity_0012,entity_0019,test
pair_000314,query,entity_0831,entity_0835,1,entity_0831,entity_0835,entity_0835,entity_0831,test
pair_000315,query,entity_0498,entity_0500,1,entity_0498,entity_0500,entity_0500,entity_0498,validation
pair_000316,query,entity_0085,entity_0090,1,entity_0090,entity_0085,entity_0085,entity_0090,test
pair_000317,query,entity_0904,entity_0907,1,entity_0904,entity_0907,entity_0907,entity_0904,test
pair_000318,query,entity_0322,entity_0736,0,entity_0322,entity_0736,entity_0736,entity_0322,test
pair_000319,query,entity_0236,entity_0238,1,entity_0238,entity_0236,entity_0236,entity_0238,test
pair_000320,query,entity_0518,entity_0520,1,entity_0520,entity_0518,entity_0518,entity_0520,test
pair_000321,query,entity_0102,entity_0106,1,entity_0102,entity_0106,entity_0106,entity_0102,test
pair_000322,query,entity_0124,entity_0126,1,entity_0124,entity_0126,entity_0126,entity_0124,test
pair_000323,query,entity_0064,entity_0109,0,entity_0109,entity_0064,entity_0064,entity_0109,test
pair_000324,query,entity_0204,entity_0386,0,entity_0204,entity_0386,entity_0386,entity_0204,test
pair_000325,query,entity_0371,entity_0380,1,entity_0371,entity_0380,entity_0380,entity_0371,test
pair_000326,query,entity_0075,entity_0080,1,entity_0080,entity_0075,entity_0075,entity_0080,test
pair_000327,query,entity_0973,entity_0980,1,entity_0980,entity_0973,entity_0973,entity_0980,test
pair_000328,query,entity_0983,entity_0987,1,entity_0987,entity_0983,entity_0983,entity_0987,test
pair_000329,query,entity_0059,entity_0060,1,entity_0059,entity_0060,entity_0060,entity_0059,validation
pair_000330,query,entity_0056,entity_0482,0,entity_0056,entity_0482,entity_0482,entity_0056,test
pair_000331,query,entity_0721,entity_0723,1,entity_0723,entity_0721,entity_0721,entity_0723,validation
pair_000332,query,entity_0024,entity_0030,1,entity_0030,entity_0024,entity_0024,entity_0030,test
pair_000333,query,entity_0193,entity_0286,0,entity_0193,entity_0286,entity_0286,entity_0193,validation
pair_000334,query,entity_0853,entity_0858,1,entity_0858,entity_0853,entity_0853,entity_0858,test
pair_000335,query,entity_0967,entity_0970,1,entity_0967,entity_0970,entity_0970,entity_0967,test
pair_000336,query,entity_0024,entity_0279,0,entity_0279,entity_0024,entity_0024,entity_0279,validation
pair_000337,query,entity_0888,entity_0894,0,entity_0888,entity_0894,entity_0894,entity_0888,test
pair_000338,query,entity_0008,entity_0609,0,entity_0609,entity_0008,entity_0008,entity_0609,test
pair_000339,query,entity_0012,entity_0020,1,entity_0020,entity_0012,entity_0012,entity_0020,test
pair_000340,query,entity_0877,entity_0901,0,entity_0877,entity_0901,entity_0901,entity_0877,test
pair_000341,query,entity_0093,entity_0098,1,entity_0098,entity_0093,entity_0093,entity_0098,validation
pair_000342,query,entity_0160,entity_0434,0,entity_0160,entity_0434,entity_0434,entity_0160,test
pair_000343,query,entity_0555,entity_0559,1,entity_0555,entity_0559,entity_0559,entity_0555,test
pair_000344,query,entity_0272,entity_0280,1,entity_0272,entity_0280,entity_0280,entity_0272,test
pair_000345,query,entity_0675,entity_0677,1,entity_0675,entity_0677,entity_0677,entity_0675,validation
pair_000346,query,entity_0024,entity_0416,0,entity_0024,entity_0416,entity_0416,entity_0024,validation
pair_000347,query,entity_0212,entity_0214,1,entity_0212,entity_0214,entity_0214,entity_0212,test
pair_000348,query,entity_0231,entity_0334,0,entity_0231,entity_0334,entity_0334,entity_0231,test
pair_000349,query,entity_0204,entity_0209,1,entity_0209,entity_0204,entity_0204,entity_0209,validation
pair_000350,query,entity_0111,entity_0164,0,entity_0164,entity_0111,entity_0111,entity_0164,test
pair_000351,query,entity_0086,entity_0269,0,entity_0269,entity_0086,entity_0086,entity_0269,test
pair_000352,query,entity_0082,entity_0950,0,entity_0950,entity_0082,entity_0082,entity_0950,validation
pair_000353,query,entity_0252,entity_0260,1,entity_0252,entity_0260,entity_0260,entity_0252,test
pair_000354,query,entity_0271,entity_0280,1,entity_0280,entity_0271,entity_0271,entity_0280,test
pair_000355,query,entity_0641,entity_0647,1,entity_0647,entity_0641,entity_0641,entity_0647,validation
pair_000356,query,entity_0114,entity_0119,1,entity_0114,entity_0119,entity_0119,entity_0114,validation
pair_000357,query,entity_0704,entity_0921,0,entity_0704,entity_0921,entity_0921,entity_0704,test
pair_000358,query,entity_0028,entity_0649,0,entity_0649,entity_0028,entity_0028,entity_0649,test
pair_000359,query,entity_0735,entity_0736,1,entity_0736,entity_0735,entity_0735,entity_0736,test
pair_000360,query,entity_0128,entity_0849,0,entity_0849,entity_0128,entity_0128,entity_0849,test
pair_000361,query,entity_0382,entity_0390,1,entity_0382,entity_0390,entity_0390,entity_0382,test
pair_000362,query,entity_0451,entity_0567,0,entity_0451,entity_0567,entity_0567,entity_0451,test
pair_000363,query,entity_0408,entity_0409,1,entity_0409,entity_0408,entity_0408,entity_0409,test
pair_000364,query,entity_0165,entity_0817,0,entity_0165,entity_0817,entity_0817,entity_0165,test
pair_000365,query,entity_0503,entity_0510,1,entity_0510,entity_0503,entity_0503,entity_0510,test
pair_000366,query,entity_0421,entity_0818,0,entity_0818,entity_0421,entity_0421,entity_0818,test
pair_000367,query,entity_0014,entity_0019,1,entity_0014,entity_0019,entity_0019,entity_0014,test
pair_000368,query,entity_0789,entity_0790,1,entity_0789,entity_0790,entity_0790,entity_0789,validation
pair_000369,query,entity_0531,entity_0532,1,entity_0532,entity_0531,entity_0531,entity_0532,test
pair_000370,query,entity_0015,entity_0247,0,entity_0015,entity_0247,entity_0247,entity_0015,test
pair_000371,query,entity_0027,entity_0876,0,entity_0027,entity_0876,entity_0876,entity_0027,test
pair_000372,query,entity_0204,entity_0207,1,entity_0207,entity_0204,entity_0204,entity_0207,validation
pair_000373,query,entity_0386,entity_0607,0,entity_0386,entity_0607,entity_0607,entity_0386,test
pair_000374,query,entity_0755,entity_0757,1,entity_0757,entity_0755,entity_0755,entity_0757,test
pair_000375,query,entity_0003,entity_0228,0,entity_0003,entity_0228,entity_0228,entity_0003,test
pair_000376,query,entity_0832,entity_0837,1,entity_0832,entity_0837,entity_0837,entity_0832,validation
pair_000377,query,entity_0624,entity_0625,1,entity_0624,entity_0625,entity_0625,entity_0624,test
pair_000378,query,entity_0123,entity_0129,1,entity_0123,entity_0129,entity_0129,entity_0123,test
pair_000379,query,entity_0310,entity_0999,0,entity_0310,entity_0999,entity_0999,entity_0310,test
pair_000380,query,entity_0444,entity_0862,0,entity_0444,entity_0862,entity_0862,entity_0444,test
pair_000381,query,entity_0878,entity_0880,1,entity_0880,entity_0878,entity_0878,entity_0880,test
pair_000382,query,entity_0002,entity_0008,1,entity_0008,entity_0002,entity_0002,entity_0008,test
pair_000383,query,entity_0751,entity_0828,0,entity_0751,entity_0828,entity_0828,entity_0751,test
pair_000384,query,entity_0917,entity_0928,0,entity_0917,entity_0928,entity_0928,entity_0917,test
pair_000385,query,entity_0623,entity_0628,1,entity_0628,entity_0623,entity_0623,entity_0628,validation
pair_000386,query,entity_0025,entity_0970,0,entity_0970,entity_0025,entity_0025,entity_0970,test
pair_000387,query,entity_0172,entity_0398,0,entity_0172,entity_0398,entity_0398,entity_0172,validation
pair_000388,query,entity_0069,entity_0501,0,entity_0501,entity_0069,entity_0069,entity_0501,test
pair_000389,query,entity_0021,entity_0906,0,entity_0906,entity_0021,entity_0021,entity_0906,test
pair_000390,query,entity_0983,entity_0989,1,entity_0989,entity_0983,entity_0983,entity_0989,test
pair_000391,query,entity_0046,entity_0891,0,entity_0046,entity_0891,entity_0891,entity_0046,test
pair_000392,query,entity_0367,entity_0418,0,entity_0418,entity_0367,entity_0367,entity_0418,test
pair_000393,query,entity_0894,entity_0897,1,entity_0894,entity_0897,entity_0897,entity_0894,test
pair_000394,query,entity_0977,entity_0978,1,entity_0977,entity_0978,entity_0978,entity_0977,test
pair_000395,query,entity_0172,entity_0848,0,entity_0172,entity_0848,entity_0848,entity_0172,test
pair_000396,query,entity_0091,entity_0095,1,entity_0095,entity_0091,entity_0091,entity_0095,test
pair_000397,query,entity_0087,entity_0088,1,entity_0087,entity_0088,entity_0088,entity_0087,test
pair_000398,query,entity_0192,entity_0198,1,entity_0198,entity_0192,entity_0192,entity_0198,test
pair_000399,query,entity_0314,entity_0352,0,entity_0352,entity_0314,entity_0314,entity_0352,validation
pair_000400,query,entity_0562,entity_0570,1,entity_0562,entity_0570,entity_0570,entity_0562,test
pair_000401,query,entity_0306,entity_0688,0,entity_0688,entity_0306,entity_0306,entity_0688,test
pair_000402,query,entity_0393,entity_0559,0,entity_0393,entity_0559,entity_0559,entity_0393,test
pair_000403,query,entity_0375,entity_0839,0,entity_0375,entity_0839,entity_0839,entity_0375,test
pair_000404,query,entity_0141,entity_0143,1,entity_0141,entity_0143,entity_0143,entity_0141,test
pair_000405,query,entity_0721,entity_0724,1,entity_0721,entity_0724,entity_0724,entity_0721,test
pair_000406,query,entity_0584,entity_0701,0,entity_0701,entity_0584,entity_0584,entity_0701,test
pair_000407,query,entity_0164,entity_0168,1,entity_0164,entity_0168,entity_0168,entity_0164,test
pair_000408,query,entity_0303,entity_0308,1,entity_0308,entity_0303,entity_0303,entity_0308,test
pair_000409,query,entity_0932,entity_0934,1,entity_0932,entity_0934,entity_0934,entity_0932,validation
pair_000410,query,entity_0348,entity_0966,0,entity_0348,entity_0966,entity_0966,entity_0348,validation
pair_000411,query,entity_0227,entity_0512,0,entity_0227,entity_0512,entity_0512,entity_0227,test
pair_000412,query,entity_0752,entity_0805,0,entity_0752,entity_0805,entity_0805,entity_0752,test
pair_000413,query,entity_0370,entity_0958,0,entity_0958,entity_0370,entity_0370,entity_0958,test
pair_000414,query,entity_0643,entity_0645,1,entity_0645,entity_0643,entity_0643,entity_0645,test
pair_000415,query,entity_0383,entity_0385,1,entity_0383,entity_0385,entity_0385,entity_0383,test
pair_000416,query,entity_0243,entity_0911,0,entity_0243,entity_0911,entity_0911,entity_0243,test
pair_000417,query,entity_0696,entity_0928,0,entity_0928,entity_0696,entity_0696,entity_0928,validation
pair_000418,query,entity_0960,entity_0969,0,entity_0960,entity_0969,entity_0969,entity_0960,test
pair_000419,query,entity_0586,entity_0801,0,entity_0586,entity_0801,entity_0801,entity_0586,validation
pair_000420,query,entity_0773,entity_0823,0,entity_0823,entity_0773,entity_0773,entity_0823,test
pair_000421,query,entity_0422,entity_0816,0,entity_0422,entity_0816,entity_0816,entity_0422,test
pair_000422,query,entity_0841,entity_0843,1,entity_0843,entity_0841,entity_0841,entity_0843,test
pair_000423,query,entity_0213,entity_0217,1,entity_0213,entity_0217,entity_0217,entity_0213,test
pair_000424,query,entity_0073,entity_0080,1,entity_0073,entity_0080,entity_0080,entity_0073,validation
pair_000425,query,entity_0601,entity_0604,1,entity_0604,entity_0601,entity_0601,entity_0604,validation
pair_000426,query,entity_0251,entity_0256,1,entity_0251,entity_0256,entity_0256,entity_0251,validation
pair_000427,query,entity_0953,entity_0955,1,entity_0955,entity_0953,entity_0953,entity_0955,test
pair_000428,query,entity_0063,entity_0398,0,entity_0398,entity_0063,entity_0063,entity_0398,validation
pair_000429,query,entity_0712,entity_0717,1,entity_0712,entity_0717,entity_0717,entity_0712,validation
pair_000430,query,entity_0751,entity_0754,1,entity_0754,entity_0751,entity_0751,entity_0754,test
pair_000431,query,entity_0288,entity_0782,0,entity_0782,entity_0288,entity_0288,entity_0782,test
pair_000432,query,entity_0472,entity_0755,0,entity_0472,entity_0755,entity_0755,entity_0472,validation
pair_000433,query,entity_0320,entity_0489,0,entity_0489,entity_0320,entity_0320,entity_0489,test
pair_000434,query,entity_0141,entity_0148,1,entity_0141,entity_0148,entity_0148,entity_0141,validation
pair_000435,query,entity_0065,entity_0699,0,entity_0065,entity_0699,entity_0699,entity_0065,test
pair_000436,query,entity_0032,entity_0402,0,entity_0032,entity_0402,entity_0402,entity_0032,validation
pair_000437,query,entity_0482,entity_0487,1,entity_0487,entity_0482,entity_0482,entity_0487,test
pair_000438,query,entity_0837,entity_0839,1,entity_0839,entity_0837,entity_0837,entity_0839,test
pair_000439,query,entity_0832,entity_0840,1,entity_0832,entity_0840,entity_0840,entity_0832,test
pair_000440,query,entity_0438,entity_0440,1,entity_0440,entity_0438,entity_0438,entity_0440,test
pair_000441,query,entity_0681,entity_0840,0,entity_0681,entity_0840,entity_0840,entity_0681,test
pair_000442,query,entity_0355,entity_0358,1,entity_0355,entity_0358,entity_0358,entity_0355,test
pair_000443,query,entity_0527,entity_0530,1,entity_0530,entity_0527,entity_0527,entity_0530,test
pair_000444,query,entity_0711,entity_0717,1,entity_0717,entity_0711,entity_0711,entity_0717,test
pair_000445,query,entity_0270,entity_0847,0,entity_0847,entity_0270,entity_0270,entity_0847,test
pair_000446,query,entity_0549,entity_0755,0,entity_0549,entity_0755,entity_0755,entity_0549,test
pair_000447,query,entity_0768,entity_0769,1,entity_0768,entity_0769,entity_0769,entity_0768,test
pair_000448,query,entity_0385,entity_0387,1,entity_0385,entity_0387,entity_0387,entity_0385,test
pair_000449,query,entity_0735,entity_0738,1,entity_0735,entity_0738,entity_0738,entity_0735,test
pair_000450,query,entity_0519,entity_0618,0,entity_0618,entity_0519,entity_0519,entity_0618,test
pair_000451,query,entity_0823,entity_0830,1,entity_0823,entity_0830,entity_0830,entity_0823,test
pair_000452,query,entity_0314,entity_0407,0,entity_0314,entity_0407,entity_0407,entity_0314,test
pair_000453,query,entity_0542,entity_0545,1,entity_0542,entity_0545,entity_0545,entity_0542,test
pair_000454,query,entity_0175,entity_0192,0,entity_0175,entity_0192,entity_0192,entity_0175,test
pair_000455,query,entity_0516,entity_0520,1,entity_0516,entity_0520,entity_0520,entity_0516,test
pair_000456,query,entity_0444,entity_0678,0,entity_0678,entity_0444,entity_0444,entity_0678,test
pair_000457,query,entity_0040,entity_0406,0,entity_0406,entity_0040,entity_0040,entity_0406,test
pair_000458,query,entity_0533,entity_0536,1,entity_0536,entity_0533,entity_0533,entity_0536,validation
pair_000459,query,entity_0751,entity_0759,1,entity_0759,entity_0751,entity_0751,entity_0759,test
pair_000460,query,entity_0155,entity_0160,1,entity_0155,entity_0160,entity_0160,entity_0155,test
pair_000461,query,entity_0313,entity_0315,1,entity_0313,entity_0315,entity_0315,entity_0313,test
pair_000462,query,entity_0418,entity_0822,0,entity_0822,entity_0418,entity_0418,entity_0822,validation
pair_000463,query,entity_0241,entity_0982,0,entity_0241,entity_0982,entity_0982,entity_0241,test
pair_000464,query,entity_0902,entity_0905,1,entity_0902,entity_0905,entity_0905,entity_0902,test
pair_000465,query,entity_0955,entity_0958,1,entity_0958,entity_0955,entity_0955,entity_0958,test
pair_000466,query,entity_0943,entity_0948,1,entity_0948,entity_0943,entity_0943,entity_0948,test
pair_000467,query,entity_0384,entity_0388,1,entity_0388,entity_0384,entity_0384,entity_0388,test
pair_000468,query,entity_0027,entity_0357,0,entity_0027,entity_0357,entity_0357,entity_0027,test
pair_000469,query,entity_0543,entity_0549,1,entity_0549,entity_0543,entity_0543,entity_0549,test
pair_000470,query,entity_0885,entity_0890,1,entity_0890,entity_0885,entity_0885,entity_0890,test
pair_000471,query,entity_0421,entity_0422,1,entity_0421,entity_0422,entity_0422,entity_0421,test
pair_000472,query,entity_0132,entity_0136,1,entity_0132,entity_0136,entity_0136,entity_0132,test
pair_000473,query,entity_0296,entity_0827,0,entity_0827,entity_0296,entity_0296,entity_0827,test
pair_000474,query,entity_0916,entity_0952,0,entity_0952,entity_0916,entity_0916,entity_0952,test
pair_000475,query,entity_0063,entity_0540,0,entity_0063,entity_0540,entity_0540,entity_0063,test
pair_000476,query,entity_0836,entity_0840,1,entity_0840,entity_0836,entity_0836,entity_0840,validation
pair_000477,query,entity_0519,entity_0553,0,entity_0519,entity_0553,entity_0553,entity_0519,test
pair_000478,query,entity_0751,entity_0753,1,entity_0753,entity_0751,entity_0751,entity_0753,test
pair_000479,query,entity_0053,entity_0060,1,entity_0060,entity_0053,entity_0053,entity_0060,test
pair_000480,query,entity_0247,entity_0248,1,entity_0247,entity_0248,entity_0248,entity_0247,test
pair_000481,query,entity_0643,entity_0989,0,entity_0989,entity_0643,entity_0643,entity_0989,test
pair_000482,query,entity_0434,entity_0439,1,entity_0439,entity_0434,entity_0434,entity_0439,test
pair_000483,query,entity_0153,entity_0154,1,entity_0154,entity_0153,entity_0153,entity_0154,validation
pair_000484,query,entity_0101,entity_0681,0,entity_0681,entity_0101,entity_0101,entity_0681,test
pair_000485,query,entity_0702,entity_0705,1,entity_0705,entity_0702,entity_0702,entity_0705,test
pair_000486,query,entity_0818,entity_0819,1,entity_0819,entity_0818,entity_0818,entity_0819,test
pair_000487,query,entity_0006,entity_0515,0,entity_0515,entity_0006,entity_0006,entity_0515,test
pair_000488,query,entity_0026,entity_0999,0,entity_0999,entity_0026,entity_0026,entity_0999,validation
pair_000489,query,entity_0273,entity_0275,1,entity_0275,entity_0273,entity_0273,entity_0275,test
pair_000490,query,entity_0194,entity_0996,0,entity_0996,entity_0194,entity_0194,entity_0996,test
pair_000491,query,entity_0204,entity_0941,0,entity_0204,entity_0941,entity_0941,entity_0204,test
pair_000492,query,entity_0171,entity_0711,0,entity_0711,entity_0171,entity_0171,entity_0711,test
pair_000493,query,entity_0644,entity_0648,1,entity_0644,entity_0648,entity_0648,entity_0644,validation
pair_000494,query,entity_0373,entity_0374,1,entity_0373,entity_0374,entity_0374,entity_0373,test
pair_000495,query,entity_0562,entity_0567,1,entity_0567,entity_0562,entity_0562,entity_0567,test
pair_000496,query,entity_0978,entity_0979,1,entity_0978,entity_0979,entity_0979,entity_0978,validation
pair_000497,query,entity_0410,entity_0441,0,entity_0410,entity_0441,entity_0441,entity_0410,test
pair_000498,query,entity_0456,entity_0519,0,entity_0519,entity_0456,entity_0456,entity_0519,test
pair_000499,query,entity_0693,entity_0930,0,entity_0930,entity_0693,entity_0693,entity_0930,validation
pair_000500,query,entity_0856,entity_0859,1,entity_0859,entity_0856,entity_0856,entity_0859,validation
pair_000501,query,entity_0467,entity_0586,0,entity_0467,entity_0586,entity_0586,entity_0467,test
pair_000502,query,entity_0348,entity_0494,0,entity_0348,entity_0494,entity_0494,entity_0348,test
pair_000503,query,entity_0008,entity_0825,0,entity_0008,entity_0825,entity_0825,entity_0008,test
pair_000504,query,entity_0659,entity_0660,1,entity_0660,entity_0659,entity_0659,entity_0660,test
pair_000505,query,entity_0546,entity_0548,1,entity_0548,entity_0546,entity_0546,entity_0548,test
pair_000506,query,entity_0973,entity_0978,1,entity_0978,entity_0973,entity_0973,entity_0978,test
pair_000507,query,entity_0068,entity_0070,1,entity_0068,entity_0070,entity_0070,entity_0068,test
pair_000508,query,entity_0786,entity_0790,1,entity_0786,entity_0790,entity_0790,entity_0786,test
pair_000509,query,entity_0943,entity_0946,1,entity_0943,entity_0946,entity_0946,entity_0943,test
pair_000510,query,entity_0046,entity_0361,0,entity_0046,entity_0361,entity_0361,entity_0046,test
pair_000511,query,entity_0435,entity_0638,0,entity_0435,entity_0638,entity_0638,entity_0435,validation
pair_000512,query,entity_0702,entity_0961,0,entity_0961,entity_0702,entity_0702,entity_0961,test
pair_000513,query,entity_0534,entity_0548,0,entity_0548,entity_0534,entity_0534,entity_0548,test
pair_000514,query,entity_0926,entity_0927,1,entity_0926,entity_0927,entity_0927,entity_0926,test
pair_000515,query,entity_0769,entity_0844,0,entity_0844,entity_0769,entity_0769,entity_0844,test
pair_000516,query,entity_0769,entity_0928,0,entity_0928,entity_0769,entity_0769,entity_0928,test
pair_000517,query,entity_0464,entity_0467,1,entity_0464,entity_0467,entity_0467,entity_0464,test
pair_000518,query,entity_0682,entity_0829,0,entity_0829,entity_0682,entity_0682,entity_0829,test
pair_000519,query,entity_0633,entity_0635,1,entity_0633,entity_0635,entity_0635,entity_0633,test
pair_000520,query,entity_0661,entity_0775,0,entity_0661,entity_0775,entity_0775,entity_0661,test
pair_000521,query,entity_0766,entity_0969,0,entity_0766,entity_0969,entity_0969,entity_0766,test
pair_000522,query,entity_0028,entity_0658,0,entity_0658,entity_0028,entity_0028,entity_0658,test
pair_000523,query,entity_0567,entity_0569,1,entity_0569,entity_0567,entity_0567,entity_0569,test
pair_000524,query,entity_0873,entity_0879,1,entity_0879,entity_0873,entity_0873,entity_0879,validation
pair_000525,query,entity_0004,entity_0434,0,entity_0434,entity_0004,entity_0004,entity_0434,test
pair_000526,query,entity_0112,entity_0253,0,entity_0253,entity_0112,entity_0112,entity_0253,test
pair_000527,query,entity_0229,entity_0376,0,entity_0229,entity_0376,entity_0376,entity_0229,test
pair_000528,query,entity_0754,entity_0812,0,entity_0754,entity_0812,entity_0812,entity_0754,validation
pair_000529,query,entity_0753,entity_0754,1,entity_0754,entity_0753,entity_0753,entity_0754,test
pair_000530,query,entity_0156,entity_0750,0,entity_0156,entity_0750,entity_0750,entity_0156,test
pair_000531,query,entity_0097,entity_0647,0,entity_0097,entity_0647,entity_0647,entity_0097,test
pair_000532,query,entity_0847,entity_0849,1,entity_0847,entity_0849,entity_0849,entity_0847,test
pair_000533,query,entity_0218,entity_0613,0,entity_0218,entity_0613,entity_0613,entity_0218,test
pair_000534,query,entity_0205,entity_0210,1,entity_0205,entity_0210,entity_0210,entity_0205,test
pair_000535,query,entity_0021,entity_0295,0,entity_0021,entity_0295,entity_0295,entity_0021,test
pair_000536,query,entity_0598,entity_0776,0,entity_0776,entity_0598,entity_0598,entity_0776,validation
pair_000537,query,entity_0563,entity_0566,1,entity_0563,entity_0566,entity_0566,entity_0563,validation
pair_000538,query,entity_0197,entity_0360,0,entity_0360,entity_0197,entity_0197,entity_0360,test
pair_000539,query,entity_0361,entity_0367,1,entity_0367,entity_0361,entity_0361,entity_0367,test
pair_000540,query,entity_0803,entity_0807,1,entity_0803,entity_0807,entity_0807,entity_0803,test
pair_000541,query,entity_0083,entity_0679,0,entity_0083,entity_0679,entity_0679,entity_0083,test
pair_000542,query,entity_0043,entity_0938,0,entity_0043,entity_0938,entity_0938,entity_0043,validation
pair_000543,query,entity_0372,entity_0740,0,entity_0372,entity_0740,entity_0740,entity_0372,test
pair_000544,query,entity_0417,entity_0419,1,entity_0419,entity_0417,entity_0417,entity_0419,test
pair_000545,query,entity_0334,entity_0336,1,entity_0334,entity_0336,entity_0336,entity_0334,test
pair_000546,query,entity_0496,entity_0497,1,entity_0496,entity_0497,entity_0497,entity_0496,test
pair_000547,query,entity_0240,entity_0555,0,entity_0240,entity_0555,entity_0555,entity_0240,test
pair_000548,query,entity_0264,entity_0268,1,entity_0268,entity_0264,entity_0264,entity_0268,validation
pair_000549,query,entity_0147,entity_0628,0,entity_0628,entity_0147,entity_0147,entity_0628,test
pair_000550,query,entity_0435,entity_0440,1,entity_0440,entity_0435,entity_0435,entity_0440,test
pair_000551,query,entity_0221,entity_0225,1,entity_0225,entity_0221,entity_0221,entity_0225,test
pair_000552,query,entity_0108,entity_0412,0,entity_0412,entity_0108,entity_0108,entity_0412,test
pair_000553,query,entity_0666,entity_0668,1,entity_0668,entity_0666,entity_0666,entity_0668,test
pair_000554,query,entity_0318,entity_0320,1,entity_0318,entity_0320,entity_0320,entity_0318,test
pair_000555,query,entity_0086,entity_0087,1,entity_0087,entity_0086,entity_0086,entity_0087,test
pair_000556,query,entity_0046,entity_0047,1,entity_0046,entity_0047,entity_0047,entity_0046,test
pair_000557,query,entity_0069,entity_0744,0,entity_0744,entity_0069,entity_0069,entity_0744,test
pair_000558,query,entity_0271,entity_0903,0,entity_0903,entity_0271,entity_0271,entity_0903,test
pair_000559,query,entity_0997,entity_1000,1,entity_1000,entity_0997,entity_0997,entity_1000,test
pair_000560,query,entity_0486,entity_0970,0,entity_0486,entity_0970,entity_0970,entity_0486,test
pair_000561,query,entity_0671,entity_0937,0,entity_0937,entity_0671,entity_0671,entity_0937,test
pair_000562,query,entity_0272,entity_0274,1,entity_0274,entity_0272,entity_0272,entity_0274,validation
pair_000563,query,entity_0467,entity_0469,1,entity_0469,entity_0467,entity_0467,entity_0469,validation
pair_000564,query,entity_0816,entity_0820,1,entity_0820,entity_0816,entity_0816,entity_0820,test
pair_000565,query,entity_0141,entity_0150,1,entity_0150,entity_0141,entity_0141,entity_0150,test
pair_000566,query,entity_0254,entity_0630,0,entity_0630,entity_0254,entity_0254,entity_0630,test
pair_000567,query,entity_0917,entity_0919,1,entity_0919,entity_0917,entity_0917,entity_0919,test
pair_000568,query,entity_0305,entity_0598,0,entity_0305,entity_0598,entity_0598,entity_0305,test
pair_000569,query,entity_0571,entity_0577,1,entity_0577,entity_0571,entity_0571,entity_0577,validation
pair_000570,query,entity_0942,entity_0948,1,entity_0942,entity_0948,entity_0948,entity_0942,test
pair_000571,query,entity_0996,entity_0999,1,entity_0996,entity_0999,entity_0999,entity_0996,validation
pair_000572,query,entity_0690,entity_0920,0,entity_0690,entity_0920,entity_0920,entity_0690,test
pair_000573,query,entity_0175,entity_0177,1,entity_0177,entity_0175,entity_0175,entity_0177,test
pair_000574,query,entity_0575,entity_0630,0,entity_0630,entity_0575,entity_0575,entity_0630,test
pair_000575,query,entity_0339,entity_0755,0,entity_0339,entity_0755,entity_0755,entity_0339,validation
pair_000576,query,entity_0182,entity_0739,0,entity_0739,entity_0182,entity_0182,entity_0739,validation
pair_000577,query,entity_0315,entity_0476,0,entity_0315,entity_0476,entity_0476,entity_0315,test
pair_000578,query,entity_0194,entity_0997,0,entity_0997,entity_0194,entity_0194,entity_0997,test
pair_000579,query,entity_0066,entity_0526,0,entity_0526,entity_0066,entity_0066,entity_0526,test
pair_000580,query,entity_0471,entity_0545,0,entity_0545,entity_0471,entity_0471,entity_0545,test
pair_000581,query,entity_0531,entity_0537,1,entity_0537,entity_0531,entity_0531,entity_0537,test
pair_000582,query,entity_0433,entity_0437,1,entity_0433,entity_0437,entity_0437,entity_0433,test
pair_000583,query,entity_0197,entity_0221,0,entity_0221,entity_0197,entity_0197,entity_0221,validation
pair_000584,query,entity_0380,entity_0540,0,entity_0540,entity_0380,entity_0380,entity_0540,test
pair_000585,query,entity_0417,entity_0916,0,entity_0916,entity_0417,entity_0417,entity_0916,test
pair_000586,query,entity_0729,entity_0775,0,entity_0775,entity_0729,entity_0729,entity_0775,test
pair_000587,query,entity_0180,entity_0955,0,entity_0180,entity_0955,entity_0955,entity_0180,test
pair_000588,query,entity_0629,entity_0743,0,entity_0629,entity_0743,entity_0743,entity_0629,test
pair_000589,query,entity_0563,entity_0568,1,entity_0568,entity_0563,entity_0563,entity_0568,test
pair_000590,query,entity_0348,entity_0350,1,entity_0348,entity_0350,entity_0350,entity_0348,validation
pair_000591,query,entity_0523,entity_0992,0,entity_0523,entity_0992,entity_0992,entity_0523,test
pair_000592,query,entity_0171,entity_0175,1,entity_0171,entity_0175,entity_0175,entity_0171,test
pair_000593,query,entity_0692,entity_0697,1,entity_0697,entity_0692,entity_0692,entity_0697,validation
pair_000594,query,entity_0221,entity_0229,1,entity_0229,entity_0221,entity_0221,entity_0229,test
pair_000595,query,entity_0212,entity_0220,1,entity_0220,entity_0212,entity_0212,entity_0220,test
pair_000596,query,entity_0709,entity_0806,0,entity_0806,entity_0709,entity_0709,entity_0806,test
pair_000597,query,entity_0563,entity_0564,1,entity_0563,entity_0564,entity_0564,entity_0563,validation
pair_000598,query,entity_0128,entity_0859,0,entity_0128,entity_0859,entity_0859,entity_0128,validation
pair_000599,query,entity_0781,entity_0944,0,entity_0781,entity_0944,entity_0944,entity_0781,test
pair_000600,query,entity_0024,entity_0028,1,entity_0024,entity_0028,entity_0028,entity_0024,test
pair_000601,query,entity_0533,entity_0849,0,entity_0849,entity_0533,entity_0533,entity_0849,test
pair_000602,query,entity_0502,entity_0504,1,entity_0504,entity_0502,entity_0502,entity_0504,test
pair_000603,query,entity_0200,entity_0294,0,entity_0294,entity_0200,entity_0200,entity_0294,test
pair_000604,query,entity_0065,entity_0069,1,entity_0065,entity_0069,entity_0069,entity_0065,test
pair_000605,query,entity_0067,entity_0846,0,entity_0067,entity_0846,entity_0846,entity_0067,test
pair_000606,query,entity_0691,entity_0692,1,entity_0692,entity_0691,entity_0691,entity_0692,test
pair_000607,query,entity_0255,entity_0257,1,entity_0255,entity_0257,entity_0257,entity_0255,test
pair_000608,query,entity_0092,entity_0124,0,entity_0124,entity_0092,entity_0092,entity_0124,test
pair_000609,query,entity_0601,entity_0605,1,entity_0605,entity_0601,entity_0601,entity_0605,test
pair_000610,query,entity_0025,entity_0271,0,entity_0025,entity_0271,entity_0271,entity_0025,validation
pair_000611,query,entity_0514,entity_0841,0,entity_0841,entity_0514,entity_0514,entity_0841,test
pair_000612,query,entity_0463,entity_0625,0,entity_0625,entity_0463,entity_0463,entity_0625,test
pair_000613,query,entity_0009,entity_0010,1,entity_0010,entity_0009,entity_0009,entity_0010,test
pair_000614,query,entity_0136,entity_0137,1,entity_0137,entity_0136,entity_0136,entity_0137,test
pair_000615,query,entity_0043,entity_0046,1,entity_0043,entity_0046,entity_0046,entity_0043,test
pair_000616,query,entity_0062,entity_0136,0,entity_0136,entity_0062,entity_0062,entity_0136,test
pair_000617,query,entity_0029,entity_0487,0,entity_0029,entity_0487,entity_0487,entity_0029,test
pair_000618,query,entity_0924,entity_0929,1,entity_0924,entity_0929,entity_0929,entity_0924,test
pair_000619,query,entity_0871,entity_0878,1,entity_0878,entity_0871,entity_0871,entity_0878,test
pair_000620,query,entity_0416,entity_0418,1,entity_0416,entity_0418,entity_0418,entity_0416,test
pair_000621,query,entity_0127,entity_0631,0,entity_0631,entity_0127,entity_0127,entity_0631,test
pair_000622,query,entity_0258,entity_0260,1,entity_0258,entity_0260,entity_0260,entity_0258,test
pair_000623,query,entity_0134,entity_0655,0,entity_0134,entity_0655,entity_0655,entity_0134,test
pair_000624,query,entity_0566,entity_0569,1,entity_0569,entity_0566,entity_0566,entity_0569,test
pair_000625,query,entity_0826,entity_0829,1,entity_0829,entity_0826,entity_0826,entity_0829,test
pair_000626,query,entity_0009,entity_0501,0,entity_0501,entity_0009,entity_0009,entity_0501,validation
pair_000627,query,entity_0903,entity_0905,1,entity_0903,entity_0905,entity_0905,entity_0903,test
pair_000628,query,entity_0907,entity_0910,1,entity_0910,entity_0907,entity_0907,entity_0910,test
pair_000629,query,entity_0372,entity_0558,0,entity_0558,entity_0372,entity_0372,entity_0558,validation
pair_000630,query,entity_0309,entity_0955,0,entity_0955,entity_0309,entity_0309,entity_0955,test
pair_000631,query,entity_0111,entity_0115,1,entity_0111,entity_0115,entity_0115,entity_0111,test
pair_000632,query,entity_0273,entity_0279,1,entity_0273,entity_0279,entity_0279,entity_0273,test
pair_000633,query,entity_0956,entity_0960,1,entity_0956,entity_0960,entity_0960,entity_0956,test
pair_000634,query,entity_0752,entity_0941,0,entity_0752,entity_0941,entity_0941,entity_0752,test
pair_000635,query,entity_0105,entity_0747,0,entity_0105,entity_0747,entity_0747,entity_0105,test
pair_000636,query,entity_0020,entity_0803,0,entity_0020,entity_0803,entity_0803,entity_0020,test
pair_000637,query,entity_0090,entity_0530,0,entity_0530,entity_0090,entity_0090,entity_0530,validation
pair_000638,query,entity_0038,entity_0798,0,entity_0798,entity_0038,entity_0038,entity_0798,validation
pair_000639,query,entity_0431,entity_0432,1,entity_0431,entity_0432,entity_0432,entity_0431,test
pair_000640,query,entity_0181,entity_0262,0,entity_0262,entity_0181,entity_0181,entity_0262,test
pair_000641,query,entity_0193,entity_0839,0,entity_0193,entity_0839,entity_0839,entity_0193,test
pair_000642,query,entity_0844,entity_0848,1,entity_0848,entity_0844,entity_0844,entity_0848,test
pair_000643,query,entity_0038,entity_0039,1,entity_0038,entity_0039,entity_0039,entity_0038,validation
pair_000644,query,entity_0369,entity_0818,0,entity_0818,entity_0369,entity_0369,entity_0818,test
pair_000645,query,entity_0197,entity_0603,0,entity_0603,entity_0197,entity_0197,entity_0603,test
pair_000646,query,entity_0802,entity_0807,1,entity_0802,entity_0807,entity_0807,entity_0802,test
pair_000647,query,entity_0722,entity_0919,0,entity_0919,entity_0722,entity_0722,entity_0919,test
pair_000648,query,entity_0726,entity_0727,1,entity_0727,entity_0726,entity_0726,entity_0727,test
pair_000649,query,entity_0706,entity_0708,1,entity_0708,entity_0706,entity_0706,entity_0708,test
pair_000650,query,entity_0510,entity_0751,0,entity_0510,entity_0751,entity_0751,entity_0510,test
pair_000651,query,entity_0078,entity_0984,0,entity_0078,entity_0984,entity_0984,entity_0078,test
pair_000652,query,entity_0805,entity_0978,0,entity_0978,entity_0805,entity_0805,entity_0978,test
pair_000653,query,entity_0278,entity_0543,0,entity_0543,entity_0278,entity_0278,entity_0543,test
pair_000654,query,entity_0476,entity_0604,0,entity_0604,entity_0476,entity_0476,entity_0604,validation
pair_000655,query,entity_0655,entity_0941,0,entity_0941,entity_0655,entity_0655,entity_0941,test
pair_000656,query,entity_0356,entity_0699,0,entity_0699,entity_0356,entity_0356,entity_0699,test
pair_000657,query,entity_0590,entity_0914,0,entity_0590,entity_0914,entity_0914,entity_0590,test
pair_000658,query,entity_0394,entity_0972,0,entity_0972,entity_0394,entity_0394,entity_0972,test
pair_000659,query,entity_0186,entity_0189,1,entity_0186,entity_0189,entity_0189,entity_0186,test
pair_000660,query,entity_0232,entity_0237,1,entity_0237,entity_0232,entity_0232,entity_0237,test
pair_000661,query,entity_0414,entity_0483,0,entity_0414,entity_0483,entity_0483,entity_0414,validation
pair_000662,query,entity_0294,entity_0915,0,entity_0294,entity_0915,entity_0915,entity_0294,validation
pair_000663,query,entity_0515,entity_0520,1,entity_0520,entity_0515,entity_0515,entity_0520,test
pair_000664,query,entity_0523,entity_0530,1,entity_0530,entity_0523,entity_0523,entity_0530,test
pair_000665,query,entity_0422,entity_0425,1,entity_0425,entity_0422,entity_0422,entity_0425,validation
pair_000666,query,entity_0300,entity_0659,0,entity_0300,entity_0659,entity_0659,entity_0300,test
pair_000667,query,entity_0376,entity_0789,0,entity_0789,entity_0376,entity_0376,entity_0789,test
pair_000668,query,entity_0082,entity_0861,0,entity_0861,entity_0082,entity_0082,entity_0861,validation
pair_000669,query,entity_0332,entity_0396,0,entity_0332,entity_0396,entity_0396,entity_0332,test
pair_000670,query,entity_0291,entity_0835,0,entity_0835,entity_0291,entity_0291,entity_0835,validation
pair_000671,query,entity_0593,entity_0596,1,entity_0596,entity_0593,entity_0593,entity_0596,test
pair_000672,query,entity_0682,entity_0686,1,entity_0686,entity_0682,entity_0682,entity_0686,validation
pair_000673,query,entity_0317,entity_0414,0,entity_0414,entity_0317,entity_0317,entity_0414,test
pair_000674,query,entity_0950,entity_0987,0,entity_0987,entity_0950,entity_0950,entity_0987,validation
pair_000675,query,entity_0692,entity_0698,1,entity_0698,entity_0692,entity_0692,entity_0698,validation
pair_000676,query,entity_0215,entity_0517,0,entity_0215,entity_0517,entity_0517,entity_0215,test
pair_000677,query,entity_0405,entity_0796,0,entity_0405,entity_0796,entity_0796,entity_0405,test
pair_000678,query,entity_0472,entity_0475,1,entity_0472,entity_0475,entity_0475,entity_0472,test
pair_000679,query,entity_0395,entity_0524,0,entity_0395,entity_0524,entity_0524,entity_0395,test
pair_000680,query,entity_0013,entity_0106,0,entity_0106,entity_0013,entity_0013,entity_0106,test
pair_000681,query,entity_0133,entity_0412,0,entity_0412,entity_0133,entity_0133,entity_0412,test
pair_000682,query,entity_0213,entity_0716,0,entity_0213,entity_0716,entity_0716,entity_0213,validation
pair_000683,query,entity_0130,entity_0238,0,entity_0238,entity_0130,entity_0130,entity_0238,test
pair_000684,query,entity_0134,entity_0219,0,entity_0219,entity_0134,entity_0134,entity_0219,test
pair_000685,query,entity_0515,entity_0930,0,entity_0515,entity_0930,entity_0930,entity_0515,test
pair_000686,query,entity_0742,entity_0747,1,entity_0747,entity_0742,entity_0742,entity_0747,test
pair_000687,query,entity_0171,entity_0384,0,entity_0171,entity_0384,entity_0384,entity_0171,test
pair_000688,query,entity_0574,entity_0579,1,entity_0574,entity_0579,entity_0579,entity_0574,test
pair_000689,query,entity_0041,entity_0044,1,entity_0041,entity_0044,entity_0044,entity_0041,test
pair_000690,query,entity_0011,entity_0018,1,entity_0018,entity_0011,entity_0011,entity_0018,validation
pair_000691,query,entity_0140,entity_0207,0,entity_0207,entity_0140,entity_0140,entity_0207,test
pair_000692,query,entity_0916,entity_0920,1,entity_0916,entity_0920,entity_0920,entity_0916,test
pair_000693,query,entity_0048,entity_0214,0,entity_0048,entity_0214,entity_0214,entity_0048,test
pair_000694,query,entity_0274,entity_0277,1,entity_0277,entity_0274,entity_0274,entity_0277,test
pair_000695,query,entity_0541,entity_0882,0,entity_0882,entity_0541,entity_0541,entity_0882,validation
pair_000696,query,entity_0782,entity_0786,1,entity_0786,entity_0782,entity_0782,entity_0786,validation
pair_000697,query,entity_0150,entity_0668,0,entity_0150,entity_0668,entity_0668,entity_0150,test
pair_000698,query,entity_0954,entity_0955,1,entity_0955,entity_0954,entity_0954,entity_0955,test
pair_000699,query,entity_0725,entity_0730,1,entity_0725,entity_0730,entity_0730,entity_0725,test
pair_000700,query,entity_0337,entity_0804,0,entity_0804,entity_0337,entity_0337,entity_0804,test
pair_000701,query,entity_0641,entity_0648,1,entity_0641,entity_0648,entity_0648,entity_0641,validation
pair_000702,query,entity_0078,entity_0364,0,entity_0078,entity_0364,entity_0364,entity_0078,test
pair_000703,query,entity_0423,entity_0922,0,entity_0423,entity_0922,entity_0922,entity_0423,test
pair_000704,query,entity_0802,entity_0803,1,entity_0802,entity_0803,entity_0803,entity_0802,test
pair_000705,query,entity_0258,entity_0961,0,entity_0258,entity_0961,entity_0961,entity_0258,validation
pair_000706,query,entity_0681,entity_0688,1,entity_0681,entity_0688,entity_0688,entity_0681,test
pair_000707,query,entity_0591,entity_0599,1,entity_0591,entity_0599,entity_0599,entity_0591,test
pair_000708,query,entity_0317,entity_0318,1,entity_0318,entity_0317,entity_0317,entity_0318,validation
pair_000709,query,entity_0077,entity_0345,0,entity_0345,entity_0077,entity_0077,entity_0345,test
pair_000710,query,entity_0518,entity_0906,0,entity_0518,entity_0906,entity_0906,entity_0518,test
pair_000711,query,entity_0037,entity_0039,1,entity_0037,entity_0039,entity_0039,entity_0037,test
pair_000712,query,entity_0418,entity_0420,1,entity_0418,entity_0420,entity_0420,entity_0418,test
pair_000713,query,entity_0435,entity_0437,1,entity_0437,entity_0435,entity_0435,entity_0437,test
pair_000714,query,entity_0633,entity_0713,0,entity_0633,entity_0713,entity_0713,entity_0633,test
pair_000715,query,entity_0333,entity_0334,1,entity_0333,entity_0334,entity_0334,entity_0333,test
pair_000716,query,entity_0710,entity_0890,0,entity_0710,entity_0890,entity_0890,entity_0710,test
pair_000717,query,entity_0231,entity_0240,1,entity_0240,entity_0231,entity_0231,entity_0240,validation
pair_000718,query,entity_0374,entity_0930,0,entity_0930,entity_0374,entity_0374,entity_0930,test
pair_000719,query,entity_0275,entity_0764,0,entity_0275,entity_0764,entity_0764,entity_0275,test
pair_000720,query,entity_0331,entity_0339,1,entity_0331,entity_0339,entity_0339,entity_0331,test
pair_000721,query,entity_0821,entity_0823,1,entity_0823,entity_0821,entity_0821,entity_0823,test
pair_000722,query,entity_0122,entity_0129,1,entity_0129,entity_0122,entity_0122,entity_0129,test
pair_000723,query,entity_0081,entity_0086,1,entity_0086,entity_0081,entity_0081,entity_0086,validation
pair_000724,query,entity_0495,entity_0496,1,entity_0496,entity_0495,entity_0495,entity_0496,test
pair_000725,query,entity_0181,entity_0184,1,entity_0181,entity_0184,entity_0184,entity_0181,test
pair_000726,query,entity_0311,entity_0314,1,entity_0311,entity_0314,entity_0314,entity_0311,test
pair_000727,query,entity_0766,entity_0895,0,entity_0766,entity_0895,entity_0895,entity_0766,validation
pair_000728,query,entity_0732,entity_0884,0,entity_0732,entity_0884,entity_0884,entity_0732,test
pair_000729,query,entity_0164,entity_0165,1,entity_0164,entity_0165,entity_0165,entity_0164,test
pair_000730,query,entity_0833,entity_0945,0,entity_0833,entity_0945,entity_0945,entity_0833,test
pair_000731,query,entity_0497,entity_0824,0,entity_0497,entity_0824,entity_0824,entity_0497,test
pair_000732,query,entity_0578,entity_0685,0,entity_0685,entity_0578,entity_0578,entity_0685,test
pair_000733,query,entity_0031,entity_0569,0,entity_0031,entity_0569,entity_0569,entity_0031,test
pair_000734,query,entity_0446,entity_0447,1,entity_0447,entity_0446,entity_0446,entity_0447,test
pair_000735,query,entity_0135,entity_0974,0,entity_0135,entity_0974,entity_0974,entity_0135,test
pair_000736,query,entity_0491,entity_0495,1,entity_0495,entity_0491,entity_0491,entity_0495,test
pair_000737,query,entity_0504,entity_0506,1,entity_0506,entity_0504,entity_0504,entity_0506,test
pair_000738,query,entity_0328,entity_0671,0,entity_0328,entity_0671,entity_0671,entity_0328,validation
pair_000739,query,entity_0719,entity_0773,0,entity_0773,entity_0719,entity_0719,entity_0773,test
pair_000740,query,entity_0682,entity_0684,1,entity_0682,entity_0684,entity_0684,entity_0682,test
pair_000741,query,entity_0165,entity_0807,0,entity_0165,entity_0807,entity_0807,entity_0165,test
pair_000742,query,entity_0928,entity_0929,1,entity_0929,entity_0928,entity_0928,entity_0929,test
pair_000743,query,entity_0341,entity_0348,1,entity_0348,entity_0341,entity_0341,entity_0348,test
pair_000744,query,entity_0682,entity_0685,1,entity_0685,entity_0682,entity_0682,entity_0685,test
pair_000745,query,entity_0034,entity_0038,1,entity_0034,entity_0038,entity_0038,entity_0034,test
pair_000746,query,entity_0754,entity_0757,1,entity_0757,entity_0754,entity_0754,entity_0757,test
pair_000747,query,entity_0098,entity_0772,0,entity_0098,entity_0772,entity_0772,entity_0098,validation
pair_000748,query,entity_0472,entity_0479,1,entity_0479,entity_0472,entity_0472,entity_0479,test
pair_000749,query,entity_0514,entity_0517,1,entity_0517,entity_0514,entity_0514,entity_0517,test
pair_000750,query,entity_0339,entity_0517,0,entity_0517,entity_0339,entity_0339,entity_0517,test
pair_000751,query,entity_0785,entity_0795,0,entity_0785,entity_0795,entity_0795,entity_0785,test
pair_000752,query,entity_0389,entity_0943,0,entity_0943,entity_0389,entity_0389,entity_0943,test
pair_000753,query,entity_0161,entity_0722,0,entity_0161,entity_0722,entity_0722,entity_0161,test
pair_000754,query,entity_0864,entity_0870,1,entity_0864,entity_0870,entity_0870,entity_0864,test
pair_000755,query,entity_0376,entity_0606,0,entity_0606,entity_0376,entity_0376,entity_0606,validation
pair_000756,query,entity_0145,entity_0149,1,entity_0145,entity_0149,entity_0149,entity_0145,test
pair_000757,query,entity_0220,entity_0229,0,entity_0220,entity_0229,entity_0229,entity_0220,test
pair_000758,query,entity_0124,entity_0791,0,entity_0124,entity_0791,entity_0791,entity_0124,test
pair_000759,query,entity_0921,entity_0927,1,entity_0921,entity_0927,entity_0927,entity_0921,test
pair_000760,query,entity_0652,entity_0657,1,entity_0652,entity_0657,entity_0657,entity_0652,test
pair_000761,query,entity_0170,entity_0751,0,entity_0170,entity_0751,entity_0751,entity_0170,validation
pair_000762,query,entity_0604,entity_0607,1,entity_0607,entity_0604,entity_0604,entity_0607,test
pair_000763,query,entity_0937,entity_0940,1,entity_0940,entity_0937,entity_0937,entity_0940,test
pair_000764,query,entity_0307,entity_0717,0,entity_0307,entity_0717,entity_0717,entity_0307,test
pair_000765,query,entity_0221,entity_0226,1,entity_0221,entity_0226,entity_0226,entity_0221,test
pair_000766,query,entity_0606,entity_0607,1,entity_0606,entity_0607,entity_0607,entity_0606,validation
pair_000767,query,entity_0191,entity_0198,1,entity_0198,entity_0191,entity_0191,entity_0198,test
pair_000768,query,entity_0563,entity_0565,1,entity_0565,entity_0563,entity_0563,entity_0565,validation
pair_000769,query,entity_0303,entity_0306,1,entity_0306,entity_0303,entity_0303,entity_0306,validation
pair_000770,query,entity_0063,entity_0068,1,entity_0068,entity_0063,entity_0063,entity_0068,test
pair_000771,query,entity_0223,entity_0415,0,entity_0223,entity_0415,entity_0415,entity_0223,test
pair_000772,query,entity_0424,entity_0426,1,entity_0426,entity_0424,entity_0424,entity_0426,test
pair_000773,query,entity_0673,entity_0675,1,entity_0675,entity_0673,entity_0673,entity_0675,validation
pair_000774,query,entity_0135,entity_0799,0,entity_0799,entity_0135,entity_0135,entity_0799,test
pair_000775,query,entity_0654,entity_0656,1,entity_0656,entity_0654,entity_0654,entity_0656,test
pair_000776,query,entity_0274,entity_0882,0,entity_0274,entity_0882,entity_0882,entity_0274,test
pair_000777,query,entity_0442,entity_0444,1,entity_0442,entity_0444,entity_0444,entity_0442,test
pair_000778,query,entity_0255,entity_0736,0,entity_0736,entity_0255,entity_0255,entity_0736,test
pair_000779,query,entity_0577,entity_0831,0,entity_0831,entity_0577,entity_0577,entity_0831,test
pair_000780,query,entity_0058,entity_0059,1,entity_0059,entity_0058,entity_0058,entity_0059,test
pair_000781,query,entity_0093,entity_0097,1,entity_0093,entity_0097,entity_0097,entity_0093,test
pair_000782,query,entity_0467,entity_0652,0,entity_0652,entity_0467,entity_0467,entity_0652,test
pair_000783,query,entity_0554,entity_0557,1,entity_0554,entity_0557,entity_0557,entity_0554,validation
pair_000784,query,entity_0457,entity_0497,0,entity_0497,entity_0457,entity_0457,entity_0497,validation
pair_000785,query,entity_0075,entity_0562,0,entity_0562,entity_0075,entity_0075,entity_0562,test
pair_000786,query,entity_0704,entity_0710,1,entity_0704,entity_0710,entity_0710,entity_0704,test
pair_000787,query,entity_0745,entity_0747,1,entity_0745,entity_0747,entity_0747,entity_0745,test
pair_000788,query,entity_0641,entity_0814,0,entity_0641,entity_0814,entity_0814,entity_0641,test
pair_000789,query,entity_0389,entity_0502,0,entity_0502,entity_0389,entity_0389,entity_0502,validation
pair_000790,query,entity_0318,entity_0391,0,entity_0391,entity_0318,entity_0318,entity_0391,test
pair_000791,query,entity_0366,entity_0368,1,entity_0368,entity_0366,entity_0366,entity_0368,test
pair_000792,query,entity_0304,entity_0307,1,entity_0307,entity_0304,entity_0304,entity_0307,validation
pair_000793,query,entity_0395,entity_0894,0,entity_0395,entity_0894,entity_0894,entity_0395,test
pair_000794,query,entity_0036,entity_0905,0,entity_0905,entity_0036,entity_0036,entity_0905,validation
pair_000795,query,entity_0184,entity_0650,0,entity_0650,entity_0184,entity_0184,entity_0650,test
pair_000796,query,entity_0221,entity_0368,0,entity_0368,entity_0221,entity_0221,entity_0368,test
pair_000797,query,entity_0536,entity_0724,0,entity_0724,entity_0536,entity_0536,entity_0724,validation
pair_000798,query,entity_0903,entity_0907,1,entity_0907,entity_0903,entity_0903,entity_0907,test
pair_000799,query,entity_0146,entity_0846,0,entity_0846,entity_0146,entity_0146,entity_0846,validation
pair_000800,query,entity_0400,entity_0937,0,entity_0400,entity_0937,entity_0937,entity_0400,validation
pair_000801,query,entity_0279,entity_0370,0,entity_0370,entity_0279,entity_0279,entity_0370,test
pair_000802,query,entity_0543,entity_0931,0,entity_0543,entity_0931,entity_0931,entity_0543,validation
pair_000803,query,entity_0048,entity_0213,0,entity_0213,entity_0048,entity_0048,entity_0213,test
pair_000804,query,entity_0065,entity_0070,1,entity_0065,entity_0070,entity_0070,entity_0065,test
pair_000805,query,entity_0022,entity_0023,1,entity_0022,entity_0023,entity_0023,entity_0022,test
pair_000806,query,entity_0103,entity_0110,1,entity_0110,entity_0103,entity_0103,entity_0110,test
pair_000807,query,entity_0493,entity_0787,0,entity_0787,entity_0493,entity_0493,entity_0787,validation
pair_000808,query,entity_0307,entity_0794,0,entity_0307,entity_0794,entity_0794,entity_0307,test
pair_000809,query,entity_0466,entity_0470,1,entity_0470,entity_0466,entity_0466,entity_0470,test
pair_000810,query,entity_0657,entity_0659,1,entity_0659,entity_0657,entity_0657,entity_0659,test
pair_000811,query,entity_0349,entity_0941,0,entity_0349,entity_0941,entity_0941,entity_0349,test
pair_000812,query,entity_0045,entity_0958,0,entity_0958,entity_0045,entity_0045,entity_0958,validation
pair_000813,query,entity_0954,entity_0957,1,entity_0957,entity_0954,entity_0954,entity_0957,test
pair_000814,query,entity_0593,entity_0692,0,entity_0692,entity_0593,entity_0593,entity_0692,test
pair_000815,query,entity_0465,entity_0469,1,entity_0469,entity_0465,entity_0465,entity_0469,validation
pair_000816,query,entity_0781,entity_0783,1,entity_0781,entity_0783,entity_0783,entity_0781,test
pair_000817,query,entity_0223,entity_0229,1,entity_0229,entity_0223,entity_0223,entity_0229,test
pair_000818,query,entity_0068,entity_0949,0,entity_0949,entity_0068,entity_0068,entity_0949,test
pair_000819,query,entity_0722,entity_0729,1,entity_0729,entity_0722,entity_0722,entity_0729,test
pair_000820,query,entity_0677,entity_0680,1,entity_0680,entity_0677,entity_0677,entity_0680,test
pair_000821,query,entity_0513,entity_0891,0,entity_0513,entity_0891,entity_0891,entity_0513,test
pair_000822,query,entity_0027,entity_0030,1,entity_0030,entity_0027,entity_0027,entity_0030,validation
pair_000823,query,entity_0285,entity_0815,0,entity_0815,entity_0285,entity_0285,entity_0815,test
pair_000824,query,entity_0002,entity_0900,0,entity_0900,entity_0002,entity_0002,entity_0900,test
pair_000825,query,entity_0015,entity_0724,0,entity_0015,entity_0724,entity_0724,entity_0015,test
pair_000826,query,entity_0198,entity_0312,0,entity_0312,entity_0198,entity_0198,entity_0312,test
pair_000827,query,entity_0371,entity_0914,0,entity_0371,entity_0914,entity_0914,entity_0371,validation
pair_000828,query,entity_0822,entity_0824,1,entity_0822,entity_0824,entity_0824,entity_0822,test
pair_000829,query,entity_0145,entity_0148,1,entity_0148,entity_0145,entity_0145,entity_0148,test
pair_000830,query,entity_0655,entity_0801,0,entity_0655,entity_0801,entity_0801,entity_0655,test
pair_000831,query,entity_0306,entity_0307,1,entity_0306,entity_0307,entity_0307,entity_0306,test
pair_000832,query,entity_0218,entity_0928,0,entity_0218,entity_0928,entity_0928,entity_0218,validation
pair_000833,query,entity_0862,entity_0867,1,entity_0862,entity_0867,entity_0867,entity_0862,test
pair_000834,query,entity_0306,entity_0999,0,entity_0306,entity_0999,entity_0999,entity_0306,validation
pair_000835,query,entity_0661,entity_0768,0,entity_0661,entity_0768,entity_0768,entity_0661,validation
pair_000836,query,entity_0744,entity_0749,1,entity_0749,entity_0744,entity_0744,entity_0749,test
pair_000837,query,entity_0152,entity_0239,0,entity_0239,entity_0152,entity_0152,entity_0239,test
pair_000838,query,entity_0794,entity_0895,0,entity_0895,entity_0794,entity_0794,entity_0895,test
pair_000839,query,entity_0691,entity_0693,1,entity_0691,entity_0693,entity_0693,entity_0691,test
pair_000840,query,entity_0752,entity_0758,1,entity_0752,entity_0758,entity_0758,entity_0752,validation
pair_000841,query,entity_0273,entity_0650,0,entity_0650,entity_0273,entity_0273,entity_0650,test
pair_000842,query,entity_0383,entity_0390,1,entity_0383,entity_0390,entity_0390,entity_0383,test
pair_000843,query,entity_0828,entity_0829,1,entity_0829,entity_0828,entity_0828,entity_0829,test
pair_000844,query,entity_0716,entity_0909,0,entity_0909,entity_0716,entity_0716,entity_0909,test
pair_000845,query,entity_0832,entity_0833,1,entity_0832,entity_0833,entity_0833,entity_0832,test
pair_000846,query,entity_0529,entity_0674,0,entity_0674,entity_0529,entity_0529,entity_0674,validation
pair_000847,query,entity_0028,entity_0246,0,entity_0246,entity_0028,entity_0028,entity_0246,test
pair_000848,query,entity_0995,entity_0996,1,entity_0995,entity_0996,entity_0996,entity_0995,validation
pair_000849,query,entity_0614,entity_0642,0,entity_0614,entity_0642,entity_0642,entity_0614,test
pair_000850,query,entity_0040,entity_0835,0,entity_0835,entity_0040,entity_0040,entity_0835,test
pair_000851,query,entity_0647,entity_0648,1,entity_0648,entity_0647,entity_0647,entity_0648,test
pair_000852,query,entity_0635,entity_0640,1,entity_0635,entity_0640,entity_0640,entity_0635,test
pair_000853,query,entity_0153,entity_0160,1,entity_0153,entity_0160,entity_0160,entity_0153,test
pair_000854,query,entity_0505,entity_0701,0,entity_0701,entity_0505,entity_0505,entity_0701,test
pair_000855,query,entity_0113,entity_0115,1,entity_0115,entity_0113,entity_0113,entity_0115,test
pair_000856,query,entity_0806,entity_0925,0,entity_0806,entity_0925,entity_0925,entity_0806,test
pair_000857,query,entity_0376,entity_0379,1,entity_0376,entity_0379,entity_0379,entity_0376,test
pair_000858,query,entity_0952,entity_0960,1,entity_0952,entity_0960,entity_0960,entity_0952,validation
pair_000859,query,entity_0772,entity_0780,1,entity_0772,entity_0780,entity_0780,entity_0772,test
pair_000860,query,entity_0572,entity_0577,1,entity_0577,entity_0572,entity_0572,entity_0577,test
pair_000861,query,entity_0092,entity_0852,0,entity_0092,entity_0852,entity_0852,entity_0092,test
pair_000862,query,entity_0922,entity_0925,1,entity_0925,entity_0922,entity_0922,entity_0925,test
pair_000863,query,entity_0442,entity_0448,1,entity_0448,entity_0442,entity_0442,entity_0448,validation
pair_000864,query,entity_0803,entity_0804,1,entity_0804,entity_0803,entity_0803,entity_0804,test
pair_000865,query,entity_0562,entity_0792,0,entity_0792,entity_0562,entity_0562,entity_0792,test
pair_000866,query,entity_0757,entity_0758,1,entity_0757,entity_0758,entity_0758,entity_0757,test
pair_000867,query,entity_0154,entity_0156,1,entity_0156,entity_0154,entity_0154,entity_0156,test
pair_000868,query,entity_0424,entity_0600,0,entity_0600,entity_0424,entity_0424,entity_0600,test
pair_000869,query,entity_0883,entity_0887,1,entity_0887,entity_0883,entity_0883,entity_0887,test
pair_000870,query,entity_0634,entity_0847,0,entity_0847,entity_0634,entity_0634,entity_0847,test
pair_000871,query,entity_0621,entity_0726,0,entity_0726,entity_0621,entity_0621,entity_0726,test
pair_000872,query,entity_0113,entity_0187,0,entity_0113,entity_0187,entity_0187,entity_0113,test
pair_000873,query,entity_0178,entity_0582,0,entity_0178,entity_0582,entity_0582,entity_0178,test
pair_000874,query,entity_0436,entity_0598,0,entity_0598,entity_0436,entity_0436,entity_0598,test
pair_000875,query,entity_0691,entity_0699,1,entity_0699,entity_0691,entity_0691,entity_0699,test
pair_000876,query,entity_0122,entity_0126,1,entity_0122,entity_0126,entity_0126,entity_0122,test
pair_000877,query,entity_0265,entity_0547,0,entity_0265,entity_0547,entity_0547,entity_0265,test
pair_000878,query,entity_0431,entity_0902,0,entity_0902,entity_0431,entity_0431,entity_0902,test
pair_000879,query,entity_0912,entity_0918,1,entity_0918,entity_0912,entity_0912,entity_0918,validation
pair_000880,query,entity_0775,entity_0779,1,entity_0779,entity_0775,entity_0775,entity_0779,test
pair_000881,query,entity_0151,entity_0159,1,entity_0159,entity_0151,entity_0151,entity_0159,test
pair_000882,query,entity_0423,entity_0884,0,entity_0423,entity_0884,entity_0884,entity_0423,test
pair_000883,query,entity_0575,entity_0578,1,entity_0578,entity_0575,entity_0575,entity_0578,test
pair_000884,query,entity_0173,entity_0177,1,entity_0173,entity_0177,entity_0177,entity_0173,validation
pair_000885,query,entity_0120,entity_0757,0,entity_0120,entity_0757,entity_0757,entity_0120,test
pair_000886,query,entity_0748,entity_0749,1,entity_0749,entity_0748,entity_0748,entity_0749,test
pair_000887,query,entity_0074,entity_0788,0,entity_0074,entity_0788,entity_0788,entity_0074,test
pair_000888,query,entity_0654,entity_0659,1,entity_0654,entity_0659,entity_0659,entity_0654,test
pair_000889,query,entity_0401,entity_0662,0,entity_0401,entity_0662,entity_0662,entity_0401,test
pair_000890,query,entity_0448,entity_0449,1,entity_0449,entity_0448,entity_0448,entity_0449,test
pair_000891,query,entity_0965,entity_0970,1,entity_0965,entity_0970,entity_0970,entity_0965,test
pair_000892,query,entity_0196,entity_0809,0,entity_0196,entity_0809,entity_0809,entity_0196,validation
pair_000893,query,entity_0813,entity_0814,1,entity_0814,entity_0813,entity_0813,entity_0814,test
pair_000894,query,entity_0451,entity_0836,0,entity_0836,entity_0451,entity_0451,entity_0836,test
pair_000895,query,entity_0945,entity_0949,1,entity_0945,entity_0949,entity_0949,entity_0945,test
pair_000896,query,entity_0487,entity_0489,1,entity_0487,entity_0489,entity_0489,entity_0487,test
pair_000897,query,entity_0668,entity_0705,0,entity_0705,entity_0668,entity_0668,entity_0705,test
pair_000898,query,entity_0342,entity_0349,1,entity_0349,entity_0342,entity_0342,entity_0349,test
pair_000899,query,entity_0799,entity_0800,1,entity_0799,entity_0800,entity_0800,entity_0799,test
pair_000900,query,entity_0724,entity_0726,1,entity_0724,entity_0726,entity_0726,entity_0724,test
pair_000901,query,entity_0505,entity_0509,1,entity_0505,entity_0509,entity_0509,entity_0505,test
pair_000902,query,entity_0358,entity_0624,0,entity_0624,entity_0358,entity_0358,entity_0624,test
pair_000903,query,entity_0168,entity_0237,0,entity_0237,entity_0168,entity_0168,entity_0237,test
pair_000904,query,entity_0600,entity_0776,0,entity_0600,entity_0776,entity_0776,entity_0600,test
pair_000905,query,entity_0454,entity_0845,0,entity_0454,entity_0845,entity_0845,entity_0454,test
pair_000906,query,entity_0954,entity_0956,1,entity_0956,entity_0954,entity_0954,entity_0956,test
pair_000907,query,entity_0767,entity_0770,1,entity_0770,entity_0767,entity_0767,entity_0770,test
pair_000908,query,entity_0226,entity_0398,0,entity_0226,entity_0398,entity_0398,entity_0226,test
pair_000909,query,entity_0133,entity_0138,1,entity_0133,entity_0138,entity_0138,entity_0133,validation
pair_000910,query,entity_0423,entity_0888,0,entity_0423,entity_0888,entity_0888,entity_0423,validation
pair_000911,query,entity_0366,entity_0625,0,entity_0625,entity_0366,entity_0366,entity_0625,test
pair_000912,query,entity_0431,entity_0437,1,entity_0437,entity_0431,entity_0431,entity_0437,test
pair_000913,query,entity_0235,entity_0237,1,entity_0235,entity_0237,entity_0237,entity_0235,test
pair_000914,query,entity_0136,entity_0819,0,entity_0819,entity_0136,entity_0136,entity_0819,test
pair_000915,query,entity_0992,entity_0999,1,entity_0992,entity_0999,entity_0999,entity_0992,validation
pair_000916,query,entity_0816,entity_0819,1,entity_0816,entity_0819,entity_0819,entity_0816,test
pair_000917,query,entity_0582,entity_0584,1,entity_0582,entity_0584,entity_0584,entity_0582,test
pair_000918,query,entity_0588,entity_0760,0,entity_0588,entity_0760,entity_0760,entity_0588,test
pair_000919,query,entity_0348,entity_0714,0,entity_0348,entity_0714,entity_0714,entity_0348,validation
pair_000920,query,entity_0710,entity_0923,0,entity_0710,entity_0923,entity_0923,entity_0710,test
pair_000921,query,entity_0111,entity_0116,1,entity_0111,entity_0116,entity_0116,entity_0111,test
pair_000922,query,entity_0358,entity_0996,0,entity_0996,entity_0358,entity_0358,entity_0996,validation
pair_000923,query,entity_0303,entity_0890,0,entity_0890,entity_0303,entity_0303,entity_0890,test
pair_000924,query,entity_0358,entity_0865,0,entity_0865,entity_0358,entity_0358,entity_0865,test
pair_000925,query,entity_0552,entity_0680,0,entity_0552,entity_0680,entity_0680,entity_0552,test
pair_000926,query,entity_0636,entity_0637,1,entity_0637,entity_0636,entity_0636,entity_0637,test
pair_000927,query,entity_0176,entity_0180,1,entity_0180,entity_0176,entity_0176,entity_0180,test
pair_000928,query,entity_0096,entity_0439,0,entity_0439,entity_0096,entity_0096,entity_0439,test
pair_000929,query,entity_0292,entity_0294,1,entity_0292,entity_0294,entity_0294,entity_0292,test
pair_000930,query,entity_0724,entity_0973,0,entity_0724,entity_0973,entity_0973,entity_0724,test
pair_000931,query,entity_0631,entity_0640,1,entity_0640,entity_0631,entity_0631,entity_0640,validation
pair_000932,query,entity_0463,entity_0644,0,entity_0644,entity_0463,entity_0463,entity_0644,test
pair_000933,query,entity_0884,entity_0889,1,entity_0884,entity_0889,entity_0889,entity_0884,test
pair_000934,query,entity_0361,entity_0723,0,entity_0723,entity_0361,entity_0361,entity_0723,test
pair_000935,query,entity_0574,entity_0809,0,entity_0809,entity_0574,entity_0574,entity_0809,test
pair_000936,query,entity_0565,entity_0566,1,entity_0565,entity_0566,entity_0566,entity_0565,test
pair_000937,query,entity_0663,entity_0670,1,entity_0663,entity_0670,entity_0670,entity_0663,validation
pair_000938,query,entity_0501,entity_0504,1,entity_0504,entity_0501,entity_0501,entity_0504,test
pair_000939,query,entity_0038,entity_0943,0,entity_0038,entity_0943,entity_0943,entity_0038,test
pair_000940,query,entity_0257,entity_0831,0,entity_0831,entity_0257,entity_0257,entity_0831,test
pair_000941,query,entity_0216,entity_0218,1,entity_0218,entity_0216,entity_0216,entity_0218,test
pair_000942,query,entity_0955,entity_0956,1,entity_0955,entity_0956,entity_0956,entity_0955,test
pair_000943,query,entity_0077,entity_0389,0,entity_0077,entity_0389,entity_0389,entity_0077,test
pair_000944,query,entity_0751,entity_0752,1,entity_0751,entity_0752,entity_0752,entity_0751,test
pair_000945,query,entity_0873,entity_0876,1,entity_0873,entity_0876,entity_0876,entity_0873,test
pair_000946,query,entity_0048,entity_0382,0,entity_0382,entity_0048,entity_0048,entity_0382,test
pair_000947,query,entity_0070,entity_0635,0,entity_0070,entity_0635,entity_0635,entity_0070,test
pair_000948,query,entity_0494,entity_0497,1,entity_0497,entity_0494,entity_0494,entity_0497,test
pair_000949,query,entity_0639,entity_0776,0,entity_0639,entity_0776,entity_0776,entity_0639,test
pair_000950,query,entity_0525,entity_0783,0,entity_0525,entity_0783,entity_0783,entity_0525,test
pair_000951,query,entity_0027,entity_0804,0,entity_0027,entity_0804,entity_0804,entity_0027,test
pair_000952,query,entity_0495,entity_0498,1,entity_0498,entity_0495,entity_0495,entity_0498,test
pair_000953,query,entity_0158,entity_0160,1,entity_0158,entity_0160,entity_0160,entity_0158,test
pair_000954,query,entity_0373,entity_0376,1,entity_0373,entity_0376,entity_0376,entity_0373,test
pair_000955,query,entity_0265,entity_0266,1,entity_0266,entity_0265,entity_0265,entity_0266,test
pair_000956,query,entity_0680,entity_0950,0,entity_0680,entity_0950,entity_0950,entity_0680,validation
pair_000957,query,entity_0545,entity_0693,0,entity_0545,entity_0693,entity_0693,entity_0545,validation
pair_000958,query,entity_0504,entity_0852,0,entity_0852,entity_0504,entity_0504,entity_0852,validation
pair_000959,query,entity_0159,entity_0357,0,entity_0159,entity_0357,entity_0357,entity_0159,test
pair_000960,query,entity_0591,entity_0771,0,entity_0591,entity_0771,entity_0771,entity_0591,test
pair_000961,query,entity_0069,entity_0515,0,entity_0515,entity_0069,entity_0069,entity_0515,test
pair_000962,query,entity_0021,entity_0725,0,entity_0021,entity_0725,entity_0725,entity_0021,test
pair_000963,query,entity_0240,entity_0370,0,entity_0240,entity_0370,entity_0370,entity_0240,test
pair_000964,query,entity_0553,entity_0556,1,entity_0553,entity_0556,entity_0556,entity_0553,test
pair_000965,query,entity_0480,entity_0605,0,entity_0480,entity_0605,entity_0605,entity_0480,test
pair_000966,query,entity_0240,entity_0465,0,entity_0465,entity_0240,entity_0240,entity_0465,test
pair_000967,query,entity_0454,entity_0459,1,entity_0454,entity_0459,entity_0459,entity_0454,test
pair_000968,query,entity_0553,entity_0987,0,entity_0553,entity_0987,entity_0987,entity_0553,test
pair_000969,query,entity_0578,entity_0884,0,entity_0884,entity_0578,entity_0578,entity_0884,test
pair_000970,query,entity_0444,entity_0832,0,entity_0444,entity_0832,entity_0832,entity_0444,test
pair_000971,query,entity_0711,entity_0719,1,entity_0719,entity_0711,entity_0711,entity_0719,test
pair_000972,query,entity_0311,entity_0313,1,entity_0313,entity_0311,entity_0311,entity_0313,test
pair_000973,query,entity_0626,entity_0837,0,entity_0837,entity_0626,entity_0626,entity_0837,test
pair_000974,query,entity_0788,entity_0789,1,entity_0789,entity_0788,entity_0788,entity_0789,test
pair_000975,query,entity_0223,entity_0230,1,entity_0223,entity_0230,entity_0230,entity_0223,test
pair_000976,query,entity_0342,entity_0348,1,entity_0342,entity_0348,entity_0348,entity_0342,test
pair_000977,query,entity_0824,entity_0857,0,entity_0824,entity_0857,entity_0857,entity_0824,test
pair_000978,query,entity_0302,entity_0860,0,entity_0302,entity_0860,entity_0860,entity_0302,validation
pair_000979,query,entity_0627,entity_0695,0,entity_0627,entity_0695,entity_0695,entity_0627,test
pair_000980,query,entity_0295,entity_0296,1,entity_0295,entity_0296,entity_0296,entity_0295,test
pair_000981,query,entity_0904,entity_0905,1,entity_0905,entity_0904,entity_0904,entity_0905,test
pair_000982,query,entity_0241,entity_0245,1,entity_0245,entity_0241,entity_0241,entity_0245,test
pair_000983,query,entity_0804,entity_0806,1,entity_0804,entity_0806,entity_0806,entity_0804,test
pair_000984,query,entity_0612,entity_0616,1,entity_0612,entity_0616,entity_0616,entity_0612,validation
pair_000985,query,entity_0380,entity_0943,0,entity_0943,entity_0380,entity_0380,entity_0943,test
pair_000986,query,entity_0206,entity_0486,0,entity_0206,entity_0486,entity_0486,entity_0206,test
pair_000987,query,entity_0202,entity_0852,0,entity_0852,entity_0202,entity_0202,entity_0852,test
pair_000988,query,entity_0653,entity_0655,1,entity_0653,entity_0655,entity_0655,entity_0653,test
pair_000989,query,entity_0361,entity_0912,0,entity_0361,entity_0912,entity_0912,entity_0361,test
pair_000990,query,entity_0140,entity_0639,0,entity_0140,entity_0639,entity_0639,entity_0140,test
pair_000991,query,entity_0086,entity_0872,0,entity_0872,entity_0086,entity_0086,entity_0872,validation
pair_000992,query,entity_0834,entity_0909,0,entity_0834,entity_0909,entity_0909,entity_0834,test
pair_000993,query,entity_0600,entity_0718,0,entity_0718,entity_0600,entity_0600,entity_0718,test
pair_000994,query,entity_0428,entity_0429,1,entity_0429,entity_0428,entity_0428,entity_0429,test
pair_000995,query,entity_0191,entity_0570,0,entity_0570,entity_0191,entity_0191,entity_0570,validation
pair_000996,query,entity_0738,entity_0739,1,entity_0738,entity_0739,entity_0739,entity_0738,test
pair_000997,query,entity_0281,entity_0285,1,entity_0285,entity_0281,entity_0281,entity_0285,test
pair_000998,query,entity_0335,entity_0730,0,entity_0730,entity_0335,entity_0335,entity_0730,test
pair_000999,query,entity_0742,entity_0744,1,entity_0744,entity_0742,entity_0742,entity_0744,test
pair_001000,query,entity_0917,entity_0918,1,entity_0918,entity_0917,entity_0917,entity_0918,test
pair_001001,query,entity_0413,entity_0418,1,entity_0413,entity_0418,entity_0418,entity_0413,validation
pair_001002,query,entity_0176,entity_0819,0,entity_0819,entity_0176,entity_0176,entity_0819,validation
pair_001003,query,entity_0197,entity_0286,0,entity_0286,entity_0197,entity_0197,entity_0286,test
pair_001004,query,entity_0836,entity_0837,1,entity_0837,entity_0836,entity_0836,entity_0837,test
pair_001005,query,entity_0130,entity_0308,0,entity_0308,entity_0130,entity_0130,entity_0308,test
pair_001006,query,entity_0166,entity_0237,0,entity_0166,entity_0237,entity_0237,entity_0166,test
pair_001007,query,entity_0042,entity_0066,0,entity_0042,entity_0066,entity_0066,entity_0042,test
pair_001008,query,entity_0471,entity_0472,1,entity_0472,entity_0471,entity_0471,entity_0472,test
pair_001009,query,entity_0164,entity_0736,0,entity_0736,entity_0164,entity_0164,entity_0736,test
pair_001010,query,entity_0489,entity_0793,0,entity_0489,entity_0793,entity_0793,entity_0489,validation
pair_001011,query,entity_0200,entity_0583,0,entity_0200,entity_0583,entity_0583,entity_0200,test
pair_001012,query,entity_0398,entity_0622,0,entity_0398,entity_0622,entity_0622,entity_0398,test
pair_001013,query,entity_0848,entity_0896,0,entity_0848,entity_0896,entity_0896,entity_0848,test
pair_001014,query,entity_0526,entity_0534,0,entity_0526,entity_0534,entity_0534,entity_0526,test
pair_001015,query,entity_0578,entity_0579,1,entity_0578,entity_0579,entity_0579,entity_0578,test
pair_001016,query,entity_0515,entity_0519,1,entity_0515,entity_0519,entity_0519,entity_0515,test
pair_001017,query,entity_0811,entity_0978,0,entity_0811,entity_0978,entity_0978,entity_0811,test
pair_001018,query,entity_0384,entity_0562,0,entity_0562,entity_0384,entity_0384,entity_0562,test
pair_001019,query,entity_0135,entity_0138,1,entity_0135,entity_0138,entity_0138,entity_0135,test
pair_001020,query,entity_0025,entity_0030,1,entity_0025,entity_0030,entity_0030,entity_0025,test
pair_001021,query,entity_0366,entity_0369,1,entity_0366,entity_0369,entity_0369,entity_0366,test
pair_001022,query,entity_0261,entity_0266,1,entity_0266,entity_0261,entity_0261,entity_0266,test
pair_001023,query,entity_0361,entity_0369,1,entity_0361,entity_0369,entity_0369,entity_0361,test
pair_001024,query,entity_0748,entity_0903,0,entity_0748,entity_0903,entity_0903,entity_0748,test
pair_001025,query,entity_0635,entity_0637,1,entity_0637,entity_0635,entity_0635,entity_0637,validation
pair_001026,query,entity_0663,entity_0731,0,entity_0663,entity_0731,entity_0731,entity_0663,test
pair_001027,query,entity_0198,entity_0199,1,entity_0199,entity_0198,entity_0198,entity_0199,test
pair_001028,query,entity_0905,entity_0910,1,entity_0905,entity_0910,entity_0910,entity_0905,test
pair_001029,query,entity_0601,entity_0603,1,entity_0603,entity_0601,entity_0601,entity_0603,validation
pair_001030,query,entity_0834,entity_0837,1,entity_0837,entity_0834,entity_0834,entity_0837,test
pair_001031,query,entity_0193,entity_0197,1,entity_0197,entity_0193,entity_0193,entity_0197,validation
pair_001032,query,entity_0043,entity_0524,0,entity_0043,entity_0524,entity_0524,entity_0043,test
pair_001033,query,entity_0519,entity_0751,0,entity_0519,entity_0751,entity_0751,entity_0519,test
pair_001034,query,entity_0089,entity_0813,0,entity_0813,entity_0089,entity_0089,entity_0813,test
pair_001035,query,entity_0273,entity_0527,0,entity_0527,entity_0273,entity_0273,entity_0527,test
pair_001036,query,entity_0482,entity_0484,1,entity_0482,entity_0484,entity_0484,entity_0482,validation
pair_001037,query,entity_0283,entity_0289,1,entity_0289,entity_0283,entity_0283,entity_0289,test
pair_001038,query,entity_0903,entity_0909,1,entity_0903,entity_0909,entity_0909,entity_0903,test
pair_001039,query,entity_0033,entity_0038,1,entity_0038,entity_0033,entity_0033,entity_0038,test
pair_001040,query,entity_0235,entity_0240,1,entity_0240,entity_0235,entity_0235,entity_0240,test
pair_001041,query,entity_0224,entity_0630,0,entity_0630,entity_0224,entity_0224,entity_0630,validation
pair_001042,query,entity_0897,entity_0900,1,entity_0897,entity_0900,entity_0900,entity_0897,validation
pair_001043,query,entity_0251,entity_0260,1,entity_0251,entity_0260,entity_0260,entity_0251,test
pair_001044,query,entity_0224,entity_0229,1,entity_0224,entity_0229,entity_0229,entity_0224,test
pair_001045,query,entity_0004,entity_0006,1,entity_0004,entity_0006,entity_0006,entity_0004,test
pair_001046,query,entity_0064,entity_0392,0,entity_0064,entity_0392,entity_0392,entity_0064,test
pair_001047,query,entity_0461,entity_0469,1,entity_0469,entity_0461,entity_0461,entity_0469,test
pair_001048,query,entity_0514,entity_0518,1,entity_0514,entity_0518,entity_0518,entity_0514,test
pair_001049,query,entity_0261,entity_0816,0,entity_0816,entity_0261,entity_0261,entity_0816,test
pair_001050,query,entity_0100,entity_0809,0,entity_0100,entity_0809,entity_0809,entity_0100,test
pair_001051,query,entity_0449,entity_0915,0,entity_0915,entity_0449,entity_0449,entity_0915,validation
pair_001052,query,entity_0453,entity_0732,0,entity_0732,entity_0453,entity_0453,entity_0732,test
pair_001053,query,entity_0695,entity_0697,1,entity_0697,entity_0695,entity_0695,entity_0697,test
pair_001054,query,entity_0761,entity_0762,1,entity_0762,entity_0761,entity_0761,entity_0762,test
pair_001055,query,entity_0554,entity_0555,1,entity_0555,entity_0554,entity_0554,entity_0555,test
pair_001056,query,entity_0315,entity_0358,0,entity_0315,entity_0358,entity_0358,entity_0315,test
pair_001057,query,entity_0433,entity_0438,1,entity_0433,entity_0438,entity_0438,entity_0433,test
pair_001058,query,entity_0107,entity_0109,1,entity_0109,entity_0107,entity_0107,entity_0109,test
pair_001059,query,entity_0662,entity_0664,1,entity_0662,entity_0664,entity_0664,entity_0662,validation
pair_001060,query,entity_0881,entity_0885,1,entity_0881,entity_0885,entity_0885,entity_0881,test
pair_001061,query,entity_0813,entity_0816,1,entity_0816,entity_0813,entity_0813,entity_0816,test
pair_001062,query,entity_0635,entity_0639,1,entity_0635,entity_0639,entity_0639,entity_0635,test
pair_001063,query,entity_0468,entity_0538,0,entity_0468,entity_0538,entity_0538,entity_0468,test
pair_001064,query,entity_0613,entity_0614,1,entity_0613,entity_0614,entity_0614,entity_0613,test
pair_001065,query,entity_0093,entity_0094,1,entity_0094,entity_0093,entity_0093,entity_0094,test
pair_001066,query,entity_0897,entity_0899,1,entity_0897,entity_0899,entity_0899,entity_0897,validation
pair_001067,query,entity_0024,entity_0559,0,entity_0559,entity_0024,entity_0024,entity_0559,test
pair_001068,query,entity_0737,entity_0740,1,entity_0737,entity_0740,entity_0740,entity_0737,validation
pair_001069,query,entity_0143,entity_0146,1,entity_0146,entity_0143,entity_0143,entity_0146,test
pair_001070,query,entity_0872,entity_0920,0,entity_0872,entity_0920,entity_0920,entity_0872,test
pair_001071,query,entity_0956,entity_0958,1,entity_0956,entity_0958,entity_0958,entity_0956,test
pair_001072,query,entity_0103,entity_0566,0,entity_0566,entity_0103,entity_0103,entity_0566,test
pair_001073,query,entity_0062,entity_0066,1,entity_0062,entity_0066,entity_0066,entity_0062,test
pair_001074,query,entity_0679,entity_0848,0,entity_0679,entity_0848,entity_0848,entity_0679,test
pair_001075,query,entity_0681,entity_0684,1,entity_0684,entity_0681,entity_0681,entity_0684,test
pair_001076,query,entity_0266,entity_0270,1,entity_0270,entity_0266,entity_0266,entity_0270,test
pair_001077,query,entity_0241,entity_0247,1,entity_0247,entity_0241,entity_0241,entity_0247,test
pair_001078,query,entity_0109,entity_0521,0,entity_0109,entity_0521,entity_0521,entity_0109,test
pair_001079,query,entity_0885,entity_0888,1,entity_0885,entity_0888,entity_0888,entity_0885,test
pair_001080,query,entity_0766,entity_0867,0,entity_0766,entity_0867,entity_0867,entity_0766,test
pair_001081,query,entity_0103,entity_0106,1,entity_0103,entity_0106,entity_0106,entity_0103,test
pair_001082,query,entity_0713,entity_0720,1,entity_0713,entity_0720,entity_0720,entity_0713,test
pair_001083,query,entity_0834,entity_0840,1,entity_0834,entity_0840,entity_0840,entity_0834,test
pair_001084,query,entity_0686,entity_0688,1,entity_0688,entity_0686,entity_0686,entity_0688,validation
pair_001085,query,entity_0210,entity_0677,0,entity_0210,entity_0677,entity_0677,entity_0210,test
pair_001086,query,entity_0202,entity_0210,1,entity_0202,entity_0210,entity_0210,entity_0202,validation
pair_001087,query,entity_0927,entity_0954,0,entity_0954,entity_0927,entity_0927,entity_0954,validation
pair_001088,query,entity_0391,entity_0396,1,entity_0391,entity_0396,entity_0396,entity_0391,test
pair_001089,query,entity_0531,entity_0535,1,entity_0531,entity_0535,entity_0535,entity_0531,test
pair_001090,query,entity_0187,entity_0359,0,entity_0359,entity_0187,entity_0187,entity_0359,test
pair_001091,query,entity_0903,entity_0904,1,entity_0903,entity_0904,entity_0904,entity_0903,test
pair_001092,query,entity_0165,entity_0396,0,entity_0165,entity_0396,entity_0396,entity_0165,test
pair_001093,query,entity_0463,entity_0647,0,entity_0463,entity_0647,entity_0647,entity_0463,test
pair_001094,query,entity_0046,entity_0813,0,entity_0046,entity_0813,entity_0813,entity_0046,test
pair_001095,query,entity_0477,entity_0577,0,entity_0477,entity_0577,entity_0577,entity_0477,test
pair_001096,query,entity_0334,entity_0742,0,entity_0742,entity_0334,entity_0334,entity_0742,test
pair_001097,query,entity_0631,entity_0663,0,entity_0631,entity_0663,entity_0663,entity_0631,test
pair_001098,query,entity_0794,entity_0812,0,entity_0794,entity_0812,entity_0812,entity_0794,validation
pair_001099,query,entity_0677,entity_0759,0,entity_0759,entity_0677,entity_0677,entity_0759,test
pair_001100,query,entity_0394,entity_0397,1,entity_0397,entity_0394,entity_0394,entity_0397,test
pair_001101,query,entity_0531,entity_0536,1,entity_0531,entity_0536,entity_0536,entity_0531,test
pair_001102,query,entity_0035,entity_0325,0,entity_0035,entity_0325,entity_0325,entity_0035,test
pair_001103,query,entity_0538,entity_0818,0,entity_0818,entity_0538,entity_0538,entity_0818,test
pair_001104,query,entity_0034,entity_0113,0,entity_0113,entity_0034,entity_0034,entity_0113,test
pair_001105,query,entity_0095,entity_0965,0,entity_0965,entity_0095,entity_0095,entity_0965,validation
pair_001106,query,entity_0467,entity_0470,1,entity_0470,entity_0467,entity_0467,entity_0470,test
pair_001107,query,entity_0665,entity_0722,0,entity_0722,entity_0665,entity_0665,entity_0722,test
pair_001108,query,entity_0282,entity_0287,1,entity_0282,entity_0287,entity_0287,entity_0282,test
pair_001109,query,entity_0706,entity_0707,1,entity_0707,entity_0706,entity_0706,entity_0707,test
pair_001110,query,entity_0851,entity_0857,1,entity_0857,entity_0851,entity_0851,entity_0857,test
pair_001111,query,entity_0443,entity_0508,0,entity_0443,entity_0508,entity_0508,entity_0443,validation
pair_001112,query,entity_0073,entity_0144,0,entity_0144,entity_0073,entity_0073,entity_0144,test
pair_001113,query,entity_0840,entity_0938,0,entity_0938,entity_0840,entity_0840,entity_0938,test
pair_001114,query,entity_0100,entity_0690,0,entity_0100,entity_0690,entity_0690,entity_0100,test
pair_001115,query,entity_0102,entity_0107,1,entity_0107,entity_0102,entity_0102,entity_0107,test
pair_001116,query,entity_0111,entity_0759,0,entity_0759,entity_0111,entity_0111,entity_0759,validation
pair_001117,query,entity_0147,entity_0699,0,entity_0699,entity_0147,entity_0147,entity_0699,test
pair_001118,query,entity_0754,entity_0756,1,entity_0756,entity_0754,entity_0754,entity_0756,test
pair_001119,query,entity_0038,entity_0105,0,entity_0105,entity_0038,entity_0038,entity_0105,test
pair_001120,query,entity_0761,entity_0769,1,entity_0761,entity_0769,entity_0769,entity_0761,test
pair_001121,query,entity_0365,entity_0705,0,entity_0705,entity_0365,entity_0365,entity_0705,test
pair_001122,query,entity_0642,entity_0645,1,entity_0645,entity_0642,entity_0642,entity_0645,test
pair_001123,query,entity_0697,entity_0715,0,entity_0697,entity_0715,entity_0715,entity_0697,test
pair_001124,query,entity_0469,entity_0577,0,entity_0469,entity_0577,entity_0577,entity_0469,validation
pair_001125,query,entity_0398,entity_0600,0,entity_0398,entity_0600,entity_0600,entity_0398,test
pair_001126,query,entity_0075,entity_0079,1,entity_0079,entity_0075,entity_0075,entity_0079,test
pair_001127,query,entity_0199,entity_0286,0,entity_0286,entity_0199,entity_0199,entity_0286,test
pair_001128,query,entity_0698,entity_0719,0,entity_0698,entity_0719,entity_0719,entity_0698,test
pair_001129,query,entity_0401,entity_0959,0,entity_0959,entity_0401,entity_0401,entity_0959,test
pair_001130,query,entity_0432,entity_0437,1,entity_0437,entity_0432,entity_0432,entity_0437,validation
pair_001131,query,entity_0443,entity_0732,0,entity_0443,entity_0732,entity_0732,entity_0443,test
pair_001132,query,entity_0734,entity_0963,0,entity_0734,entity_0963,entity_0963,entity_0734,test
pair_001133,query,entity_0974,entity_0977,1,entity_0974,entity_0977,entity_0977,entity_0974,test
pair_001134,query,entity_0203,entity_0234,0,entity_0203,entity_0234,entity_0234,entity_0203,test
pair_001135,query,entity_0437,entity_0439,1,entity_0437,entity_0439,entity_0439,entity_0437,test
pair_001136,query,entity_0298,entity_0951,0,entity_0951,entity_0298,entity_0298,entity_0951,test
pair_001137,query,entity_0893,entity_0895,1,entity_0895,entity_0893,entity_0893,entity_0895,test
pair_001138,query,entity_0472,entity_0477,1,entity_0477,entity_0472,entity_0472,entity_0477,test
pair_001139,query,entity_0485,entity_0581,0,entity_0485,entity_0581,entity_0581,entity_0485,test
pair_001140,query,entity_0962,entity_0966,1,entity_0962,entity_0966,entity_0966,entity_0962,test
pair_001141,query,entity_0321,entity_0328,1,entity_0328,entity_0321,entity_0321,entity_0328,test
pair_001142,query,entity_0710,entity_0973,0,entity_0973,entity_0710,entity_0710,entity_0973,test
pair_001143,query,entity_0489,entity_0501,0,entity_0489,entity_0501,entity_0501,entity_0489,test
pair_001144,query,entity_0292,entity_0299,1,entity_0292,entity_0299,entity_0299,entity_0292,test
pair_001145,query,entity_0501,entity_0507,1,entity_0507,entity_0501,entity_0501,entity_0507,test
pair_001146,query,entity_0507,entity_0655,0,entity_0507,entity_0655,entity_0655,entity_0507,test
pair_001147,query,entity_0015,entity_0812,0,entity_0015,entity_0812,entity_0812,entity_0015,test
pair_001148,query,entity_0534,entity_0619,0,entity_0619,entity_0534,entity_0534,entity_0619,test
pair_001149,query,entity_0059,entity_0249,0,entity_0059,entity_0249,entity_0249,entity_0059,test
pair_001150,query,entity_0303,entity_0309,1,entity_0303,entity_0309,entity_0309,entity_0303,test
pair_001151,query,entity_0558,entity_0857,0,entity_0857,entity_0558,entity_0558,entity_0857,test
pair_001152,query,entity_0535,entity_0693,0,entity_0535,entity_0693,entity_0693,entity_0535,test
pair_001153,query,entity_0286,entity_0317,0,entity_0317,entity_0286,entity_0286,entity_0317,test
pair_001154,query,entity_0322,entity_0324,1,entity_0322,entity_0324,entity_0324,entity_0322,test
pair_001155,query,entity_0254,entity_0255,1,entity_0254,entity_0255,entity_0255,entity_0254,test
pair_001156,query,entity_0043,entity_0910,0,entity_0910,entity_0043,entity_0043,entity_0910,test
pair_001157,query,entity_0192,entity_0197,1,entity_0192,entity_0197,entity_0197,entity_0192,validation
pair_001158,query,entity_0772,entity_0777,1,entity_0777,entity_0772,entity_0772,entity_0777,validation
pair_001159,query,entity_0016,entity_0407,0,entity_0407,entity_0016,entity_0016,entity_0407,test
pair_001160,query,entity_0253,entity_0258,1,entity_0258,entity_0253,entity_0253,entity_0258,test
pair_001161,query,entity_0777,entity_0778,1,entity_0778,entity_0777,entity_0777,entity_0778,test
pair_001162,query,entity_0476,entity_0996,0,entity_0476,entity_0996,entity_0996,entity_0476,test
pair_001163,query,entity_0174,entity_0176,1,entity_0174,entity_0176,entity_0176,entity_0174,test
pair_001164,query,entity_0648,entity_0811,0,entity_0811,entity_0648,entity_0648,entity_0811,test
pair_001165,query,entity_0183,entity_0189,1,entity_0183,entity_0189,entity_0189,entity_0183,test
pair_001166,query,entity_0721,entity_0728,1,entity_0721,entity_0728,entity_0728,entity_0721,test
pair_001167,query,entity_0194,entity_0198,1,entity_0198,entity_0194,entity_0194,entity_0198,test
pair_001168,query,entity_0791,entity_0793,1,entity_0791,entity_0793,entity_0793,entity_0791,test
pair_001169,query,entity_0342,entity_0661,0,entity_0342,entity_0661,entity_0661,entity_0342,test
pair_001170,query,entity_0934,entity_0938,1,entity_0934,entity_0938,entity_0938,entity_0934,validation
pair_001171,query,entity_0185,entity_0931,0,entity_0931,entity_0185,entity_0185,entity_0931,test
pair_001172,query,entity_0133,entity_0140,1,entity_0133,entity_0140,entity_0140,entity_0133,test
pair_001173,query,entity_0045,entity_0046,1,entity_0046,entity_0045,entity_0045,entity_0046,validation
pair_001174,query,entity_0456,entity_0680,0,entity_0680,entity_0456,entity_0456,entity_0680,test
pair_001175,query,entity_0583,entity_0761,0,entity_0583,entity_0761,entity_0761,entity_0583,validation
pair_001176,query,entity_0280,entity_0765,0,entity_0765,entity_0280,entity_0280,entity_0765,test
pair_001177,query,entity_0162,entity_0165,1,entity_0165,entity_0162,entity_0162,entity_0165,test
pair_001178,query,entity_0475,entity_0792,0,entity_0475,entity_0792,entity_0792,entity_0475,test
pair_001179,query,entity_0142,entity_0149,1,entity_0142,entity_0149,entity_0149,entity_0142,validation
pair_001180,query,entity_0092,entity_0094,1,entity_0092,entity_0094,entity_0094,entity_0092,test
pair_001181,query,entity_0391,entity_0398,1,entity_0398,entity_0391,entity_0391,entity_0398,test
pair_001182,query,entity_0774,entity_0779,1,entity_0779,entity_0774,entity_0774,entity_0779,test
pair_001183,query,entity_0107,entity_0924,0,entity_0107,entity_0924,entity_0924,entity_0107,test
pair_001184,query,entity_0982,entity_0987,1,entity_0982,entity_0987,entity_0987,entity_0982,test
pair_001185,query,entity_0294,entity_0527,0,entity_0527,entity_0294,entity_0294,entity_0527,validation
pair_001186,query,entity_0345,entity_0350,1,entity_0345,entity_0350,entity_0350,entity_0345,test
pair_001187,query,entity_0142,entity_0145,1,entity_0145,entity_0142,entity_0142,entity_0145,test
pair_001188,query,entity_0429,entity_0551,0,entity_0551,entity_0429,entity_0429,entity_0551,test
pair_001189,query,entity_0591,entity_0634,0,entity_0591,entity_0634,entity_0634,entity_0591,test
pair_001190,query,entity_0364,entity_0367,1,entity_0367,entity_0364,entity_0364,entity_0367,test
pair_001191,query,entity_0096,entity_0834,0,entity_0096,entity_0834,entity_0834,entity_0096,test
pair_001192,query,entity_0214,entity_0687,0,entity_0214,entity_0687,entity_0687,entity_0214,validation
pair_001193,query,entity_0722,entity_0724,1,entity_0724,entity_0722,entity_0722,entity_0724,validation
pair_001194,query,entity_0015,entity_0287,0,entity_0287,entity_0015,entity_0015,entity_0287,test
pair_001195,query,entity_0214,entity_0220,1,entity_0214,entity_0220,entity_0220,entity_0214,validation
pair_001196,query,entity_0321,entity_0323,1,entity_0323,entity_0321,entity_0321,entity_0323,test
pair_001197,query,entity_0983,entity_0984,1,entity_0984,entity_0983,entity_0983,entity_0984,test
pair_001198,query,entity_0428,entity_0575,0,entity_0428,entity_0575,entity_0575,entity_0428,test
pair_001199,query,entity_0523,entity_0524,1,entity_0524,entity_0523,entity_0523,entity_0524,test
pair_001200,query,entity_0212,entity_0458,0,entity_0458,entity_0212,entity_0212,entity_0458,test
pair_001201,query,entity_0576,entity_0579,1,entity_0579,entity_0576,entity_0576,entity_0579,test
pair_001202,query,entity_0209,entity_0568,0,entity_0568,entity_0209,entity_0209,entity_0568,test
pair_001203,query,entity_0075,entity_0194,0,entity_0194,entity_0075,entity_0075,entity_0194,test
pair_001204,query,entity_0784,entity_0975,0,entity_0975,entity_0784,entity_0784,entity_0975,test
pair_001205,query,entity_0569,entity_0932,0,entity_0932,entity_0569,entity_0569,entity_0932,test
pair_001206,query,entity_0696,entity_0697,1,entity_0697,entity_0696,entity_0696,entity_0697,test
pair_001207,query,entity_0418,entity_0476,0,entity_0476,entity_0418,entity_0418,entity_0476,validation
pair_001208,query,entity_0253,entity_0255,1,entity_0253,entity_0255,entity_0255,entity_0253,test
pair_001209,query,entity_0513,entity_0562,0,entity_0562,entity_0513,entity_0513,entity_0562,test
pair_001210,query,entity_0112,entity_1000,0,entity_1000,entity_0112,entity_0112,entity_1000,test
pair_001211,query,entity_0295,entity_0297,1,entity_0295,entity_0297,entity_0297,entity_0295,test
pair_001212,query,entity_0006,entity_0304,0,entity_0304,entity_0006,entity_0006,entity_0304,test
pair_001213,query,entity_0782,entity_0789,1,entity_0789,entity_0782,entity_0782,entity_0789,test
pair_001214,query,entity_0095,entity_0173,0,entity_0095,entity_0173,entity_0173,entity_0095,validation
pair_001215,query,entity_0825,entity_0828,1,entity_0825,entity_0828,entity_0828,entity_0825,test
pair_001216,query,entity_0057,entity_0296,0,entity_0057,entity_0296,entity_0296,entity_0057,test
pair_001217,query,entity_0364,entity_0368,1,entity_0368,entity_0364,entity_0364,entity_0368,test
pair_001218,query,entity_0065,entity_0205,0,entity_0065,entity_0205,entity_0205,entity_0065,test
pair_001219,query,entity_0375,entity_0998,0,entity_0998,entity_0375,entity_0375,entity_0998,test
pair_001220,query,entity_0010,entity_0133,0,entity_0010,entity_0133,entity_0133,entity_0010,test
pair_001221,query,entity_0312,entity_0314,1,entity_0314,entity_0312,entity_0312,entity_0314,test
pair_001222,query,entity_0092,entity_0099,1,entity_0092,entity_0099,entity_0099,entity_0092,test
pair_001223,query,entity_0852,entity_0984,0,entity_0852,entity_0984,entity_0984,entity_0852,test
pair_001224,query,entity_0025,entity_0315,0,entity_0315,entity_0025,entity_0025,entity_0315,test
pair_001225,query,entity_0460,entity_0696,0,entity_0460,entity_0696,entity_0696,entity_0460,test
pair_001226,query,entity_0762,entity_0763,1,entity_0763,entity_0762,entity_0762,entity_0763,test
pair_001227,query,entity_0513,entity_0514,1,entity_0514,entity_0513,entity_0513,entity_0514,test
pair_001228,query,entity_0555,entity_0932,0,entity_0932,entity_0555,entity_0555,entity_0932,test
pair_001229,query,entity_0091,entity_0546,0,entity_0091,entity_0546,entity_0546,entity_0091,test
pair_001230,query,entity_0511,entity_0942,0,entity_0511,entity_0942,entity_0942,entity_0511,test
pair_001231,query,entity_0369,entity_0996,0,entity_0996,entity_0369,entity_0369,entity_0996,validation
pair_001232,query,entity_0188,entity_0627,0,entity_0188,entity_0627,entity_0627,entity_0188,test
pair_001233,query,entity_0049,entity_0290,0,entity_0290,entity_0049,entity_0049,entity_0290,test
pair_001234,query,entity_0392,entity_0908,0,entity_0908,entity_0392,entity_0392,entity_0908,test
pair_001235,query,entity_0397,entity_0521,0,entity_0397,entity_0521,entity_0521,entity_0397,test
pair_001236,query,entity_0326,entity_0327,1,entity_0327,entity_0326,entity_0326,entity_0327,test
pair_001237,query,entity_0271,entity_0968,0,entity_0271,entity_0968,entity_0968,entity_0271,test
pair_001238,query,entity_0162,entity_0673,0,entity_0162,entity_0673,entity_0673,entity_0162,test
pair_001239,query,entity_0847,entity_0990,0,entity_0847,entity_0990,entity_0990,entity_0847,test
pair_001240,query,entity_0760,entity_0955,0,entity_0760,entity_0955,entity_0955,entity_0760,test
pair_001241,query,entity_0776,entity_0957,0,entity_0957,entity_0776,entity_0776,entity_0957,test
pair_001242,query,entity_0825,entity_0829,1,entity_0829,entity_0825,entity_0825,entity_0829,test
pair_001243,query,entity_0069,entity_0521,0,entity_0521,entity_0069,entity_0069,entity_0521,validation
pair_001244,query,entity_0427,entity_0819,0,entity_0427,entity_0819,entity_0819,entity_0427,validation
pair_001245,query,entity_0483,entity_0490,1,entity_0490,entity_0483,entity_0483,entity_0490,validation
pair_001246,query,entity_0152,entity_0158,1,entity_0158,entity_0152,entity_0152,entity_0158,test
pair_001247,query,entity_0007,entity_0600,0,entity_0007,entity_0600,entity_0600,entity_0007,test
pair_001248,query,entity_0530,entity_0636,0,entity_0530,entity_0636,entity_0636,entity_0530,test
pair_001249,query,entity_0495,entity_0500,1,entity_0495,entity_0500,entity_0500,entity_0495,validation
pair_001250,query,entity_0321,entity_0428,0,entity_0321,entity_0428,entity_0428,entity_0321,test
pair_001251,query,entity_0913,entity_0915,1,entity_0913,entity_0915,entity_0915,entity_0913,test
pair_001252,query,entity_0811,entity_0818,1,entity_0818,entity_0811,entity_0811,entity_0818,test
pair_001253,query,entity_0766,entity_0770,1,entity_0766,entity_0770,entity_0770,entity_0766,test
pair_001254,query,entity_0043,entity_0750,0,entity_0043,entity_0750,entity_0750,entity_0043,test
pair_001255,query,entity_0715,entity_0719,1,entity_0715,entity_0719,entity_0719,entity_0715,validation
pair_001256,query,entity_0788,entity_0790,1,entity_0790,entity_0788,entity_0788,entity_0790,validation
pair_001257,query,entity_0462,entity_0696,0,entity_0696,entity_0462,entity_0462,entity_0696,test
pair_001258,query,entity_0575,entity_0987,0,entity_0575,entity_0987,entity_0987,entity_0575,test
pair_001259,query,entity_0232,entity_0603,0,entity_0232,entity_0603,entity_0603,entity_0232,test
pair_001260,query,entity_0571,entity_0960,0,entity_0571,entity_0960,entity_0960,entity_0571,test
pair_001261,query,entity_0357,entity_0641,0,entity_0357,entity_0641,entity_0641,entity_0357,test
pair_001262,query,entity_0060,entity_0219,0,entity_0219,entity_0060,entity_0060,entity_0219,test
pair_001263,query,entity_0691,entity_0697,1,entity_0697,entity_0691,entity_0691,entity_0697,test
pair_001264,query,entity_0809,entity_0829,0,entity_0809,entity_0829,entity_0829,entity_0809,test
pair_001265,query,entity_0022,entity_0693,0,entity_0022,entity_0693,entity_0693,entity_0022,test
pair_001266,query,entity_0833,entity_0874,0,entity_0874,entity_0833,entity_0833,entity_0874,test
pair_001267,query,entity_0875,entity_0879,1,entity_0875,entity_0879,entity_0879,entity_0875,validation
pair_001268,query,entity_0517,entity_0929,0,entity_0929,entity_0517,entity_0517,entity_0929,test
pair_001269,query,entity_0360,entity_0711,0,entity_0711,entity_0360,entity_0360,entity_0711,test
pair_001270,query,entity_0082,entity_0146,0,entity_0082,entity_0146,entity_0146,entity_0082,test
pair_001271,query,entity_0314,entity_0741,0,entity_0314,entity_0741,entity_0741,entity_0314,test
pair_001272,query,entity_0765,entity_0766,1,entity_0766,entity_0765,entity_0765,entity_0766,test
pair_001273,query,entity_0863,entity_0870,1,entity_0863,entity_0870,entity_0870,entity_0863,validation
pair_001274,query,entity_0135,entity_0554,0,entity_0554,entity_0135,entity_0135,entity_0554,validation
pair_001275,query,entity_0513,entity_0516,1,entity_0513,entity_0516,entity_0516,entity_0513,test
pair_001276,query,entity_0067,entity_0069,1,entity_0067,entity_0069,entity_0069,entity_0067,test
pair_001277,query,entity_0662,entity_0669,1,entity_0669,entity_0662,entity_0662,entity_0669,validation
pair_001278,query,entity_0195,entity_0580,0,entity_0580,entity_0195,entity_0195,entity_0580,validation
pair_001279,query,entity_0242,entity_0244,1,entity_0242,entity_0244,entity_0244,entity_0242,test
pair_001280,query,entity_0915,entity_0917,1,entity_0915,entity_0917,entity_0917,entity_0915,test
pair_001281,query,entity_0004,entity_0009,1,entity_0004,entity_0009,entity_0009,entity_0004,test
pair_001282,query,entity_0353,entity_0359,1,entity_0353,entity_0359,entity_0359,entity_0353,test
pair_001283,query,entity_0182,entity_0569,0,entity_0182,entity_0569,entity_0569,entity_0182,test
pair_001284,query,entity_0072,entity_0384,0,entity_0072,entity_0384,entity_0384,entity_0072,test
pair_001285,query,entity_0093,entity_0095,1,entity_0095,entity_0093,entity_0093,entity_0095,test
pair_001286,query,entity_0231,entity_0602,0,entity_0602,entity_0231,entity_0231,entity_0602,test
pair_001287,query,entity_0265,entity_0437,0,entity_0437,entity_0265,entity_0265,entity_0437,test
pair_001288,query,entity_0731,entity_0737,1,entity_0731,entity_0737,entity_0737,entity_0731,test
pair_001289,query,entity_0493,entity_0990,0,entity_0493,entity_0990,entity_0990,entity_0493,test
pair_001290,query,entity_0263,entity_0278,0,entity_0278,entity_0263,entity_0263,entity_0278,test
pair_001291,query,entity_0172,entity_0179,1,entity_0179,entity_0172,entity_0172,entity_0179,test
pair_001292,query,entity_0093,entity_0096,1,entity_0093,entity_0096,entity_0096,entity_0093,test
pair_001293,query,entity_0265,entity_0269,1,entity_0269,entity_0265,entity_0265,entity_0269,test
pair_001294,query,entity_0311,entity_0632,0,entity_0632,entity_0311,entity_0311,entity_0632,test
pair_001295,query,entity_0211,entity_0292,0,entity_0292,entity_0211,entity_0211,entity_0292,test
pair_001296,query,entity_0423,entity_0867,0,entity_0423,entity_0867,entity_0867,entity_0423,test
pair_001297,query,entity_0038,entity_0040,1,entity_0040,entity_0038,entity_0038,entity_0040,test
pair_001298,query,entity_0643,entity_0650,1,entity_0650,entity_0643,entity_0643,entity_0650,test
pair_001299,query,entity_0320,entity_0656,0,entity_0320,entity_0656,entity_0656,entity_0320,test
pair_001300,query,entity_0346,entity_0589,0,entity_0346,entity_0589,entity_0589,entity_0346,validation
pair_001301,query,entity_0626,entity_0870,0,entity_0870,entity_0626,entity_0626,entity_0870,validation
pair_001302,query,entity_0209,entity_0732,0,entity_0209,entity_0732,entity_0732,entity_0209,test
pair_001303,query,entity_0716,entity_0718,1,entity_0716,entity_0718,entity_0718,entity_0716,test
pair_001304,query,entity_0391,entity_0397,1,entity_0391,entity_0397,entity_0397,entity_0391,test
pair_001305,query,entity_0855,entity_0858,1,entity_0855,entity_0858,entity_0858,entity_0855,validation
pair_001306,query,entity_0203,entity_0323,0,entity_0203,entity_0323,entity_0323,entity_0203,test
pair_001307,query,entity_0042,entity_0944,0,entity_0042,entity_0944,entity_0944,entity_0042,test
pair_001308,query,entity_0596,entity_0784,0,entity_0596,entity_0784,entity_0784,entity_0596,test
pair_001309,query,entity_0993,entity_0998,1,entity_0998,entity_0993,entity_0993,entity_0998,test
pair_001310,query,entity_0170,entity_0870,0,entity_0170,entity_0870,entity_0870,entity_0170,validation
pair_001311,query,entity_0808,entity_0809,1,entity_0809,entity_0808,entity_0808,entity_0809,test
pair_001312,query,entity_0512,entity_0515,1,entity_0515,entity_0512,entity_0512,entity_0515,test
pair_001313,query,entity_0452,entity_0456,1,entity_0452,entity_0456,entity_0456,entity_0452,test
pair_001314,query,entity_0724,entity_0727,1,entity_0724,entity_0727,entity_0727,entity_0724,test
pair_001315,query,entity_0174,entity_0180,1,entity_0180,entity_0174,entity_0174,entity_0180,test
pair_001316,query,entity_0393,entity_0396,1,entity_0396,entity_0393,entity_0393,entity_0396,test
pair_001317,query,entity_0096,entity_0316,0,entity_0316,entity_0096,entity_0096,entity_0316,test
pair_001318,query,entity_0294,entity_0844,0,entity_0844,entity_0294,entity_0294,entity_0844,test
pair_001319,query,entity_0081,entity_0083,1,entity_0083,entity_0081,entity_0081,entity_0083,validation
pair_001320,query,entity_0414,entity_0419,1,entity_0419,entity_0414,entity_0414,entity_0419,test
pair_001321,query,entity_0493,entity_0528,0,entity_0528,entity_0493,entity_0493,entity_0528,test
pair_001322,query,entity_0522,entity_0528,1,entity_0522,entity_0528,entity_0528,entity_0522,test
pair_001323,query,entity_0425,entity_0427,1,entity_0427,entity_0425,entity_0425,entity_0427,validation
pair_001324,query,entity_0071,entity_0078,1,entity_0071,entity_0078,entity_0078,entity_0071,test
pair_001325,query,entity_0025,entity_0819,0,entity_0819,entity_0025,entity_0025,entity_0819,test
pair_001326,query,entity_0401,entity_0719,0,entity_0401,entity_0719,entity_0719,entity_0401,validation
pair_001327,query,entity_0077,entity_0080,1,entity_0077,entity_0080,entity_0080,entity_0077,test
pair_001328,query,entity_0059,entity_0853,0,entity_0059,entity_0853,entity_0853,entity_0059,test
pair_001329,query,entity_0155,entity_0557,0,entity_0557,entity_0155,entity_0155,entity_0557,test
pair_001330,query,entity_0561,entity_0567,1,entity_0561,entity_0567,entity_0567,entity_0561,test
pair_001331,query,entity_0861,entity_0866,1,entity_0866,entity_0861,entity_0861,entity_0866,test
pair_001332,query,entity_0176,entity_0177,1,entity_0177,entity_0176,entity_0176,entity_0177,test
pair_001333,query,entity_0101,entity_0107,1,entity_0107,entity_0101,entity_0101,entity_0107,test
pair_001334,query,entity_0176,entity_0179,1,entity_0179,entity_0176,entity_0176,entity_0179,test
pair_001335,query,entity_0123,entity_0126,1,entity_0126,entity_0123,entity_0123,entity_0126,validation
pair_001336,query,entity_0161,entity_0165,1,entity_0161,entity_0165,entity_0165,entity_0161,test
pair_001337,query,entity_0765,entity_0767,1,entity_0765,entity_0767,entity_0767,entity_0765,validation
pair_001338,query,entity_0481,entity_0489,1,entity_0481,entity_0489,entity_0489,entity_0481,test
pair_001339,query,entity_0226,entity_0806,0,entity_0226,entity_0806,entity_0806,entity_0226,test
pair_001340,query,entity_0517,entity_0520,1,entity_0517,entity_0520,entity_0520,entity_0517,test
pair_001341,query,entity_0995,entity_0997,1,entity_0997,entity_0995,entity_0995,entity_0997,validation
pair_001342,query,entity_0273,entity_0276,1,entity_0276,entity_0273,entity_0273,entity_0276,test
pair_001343,query,entity_0176,entity_0725,0,entity_0176,entity_0725,entity_0725,entity_0176,test
pair_001344,query,entity_0216,entity_0671,0,entity_0671,entity_0216,entity_0216,entity_0671,test
pair_001345,query,entity_0095,entity_0902,0,entity_0902,entity_0095,entity_0095,entity_0902,validation
pair_001346,query,entity_0320,entity_0534,0,entity_0534,entity_0320,entity_0320,entity_0534,test
pair_001347,query,entity_0276,entity_0710,0,entity_0710,entity_0276,entity_0276,entity_0710,test
pair_001348,query,entity_0317,entity_0666,0,entity_0666,entity_0317,entity_0317,entity_0666,test
pair_001349,query,entity_0326,entity_0612,0,entity_0326,entity_0612,entity_0612,entity_0326,test
pair_001350,query,entity_0119,entity_0805,0,entity_0805,entity_0119,entity_0119,entity_0805,test
pair_001351,query,entity_0183,entity_0188,1,entity_0188,entity_0183,entity_0183,entity_0188,test
pair_001352,query,entity_0964,entity_0990,0,entity_0990,entity_0964,entity_0964,entity_0990,test
pair_001353,query,entity_0353,entity_0354,1,entity_0354,entity_0353,entity_0353,entity_0354,test
pair_001354,query,entity_0616,entity_0668,0,entity_0668,entity_0616,entity_0616,entity_0668,test
pair_001355,query,entity_0036,entity_0800,0,entity_0036,entity_0800,entity_0800,entity_0036,test
pair_001356,query,entity_0453,entity_0454,1,entity_0454,entity_0453,entity_0453,entity_0454,test
pair_001357,query,entity_0271,entity_0617,0,entity_0271,entity_0617,entity_0617,entity_0271,test
pair_001358,query,entity_0634,entity_0636,1,entity_0634,entity_0636,entity_0636,entity_0634,test
pair_001359,query,entity_0061,entity_0564,0,entity_0564,entity_0061,entity_0061,entity_0564,test
pair_001360,query,entity_0168,entity_0170,1,entity_0168,entity_0170,entity_0170,entity_0168,test
pair_001361,query,entity_0347,entity_0776,0,entity_0347,entity_0776,entity_0776,entity_0347,test
pair_001362,query,entity_0516,entity_0707,0,entity_0707,entity_0516,entity_0516,entity_0707,test
pair_001363,query,entity_0521,entity_0526,1,entity_0521,entity_0526,entity_0526,entity_0521,test
pair_001364,query,entity_0640,entity_0682,0,entity_0640,entity_0682,entity_0682,entity_0640,validation
pair_001365,query,entity_0167,entity_0237,0,entity_0167,entity_0237,entity_0237,entity_0167,test
pair_001366,query,entity_0210,entity_0278,0,entity_0210,entity_0278,entity_0278,entity_0210,test
pair_001367,query,entity_0793,entity_0796,1,entity_0793,entity_0796,entity_0796,entity_0793,validation
pair_001368,query,entity_0539,entity_0654,0,entity_0539,entity_0654,entity_0654,entity_0539,test
pair_001369,query,entity_0923,entity_0927,1,entity_0927,entity_0923,entity_0923,entity_0927,test
pair_001370,query,entity_0463,entity_0467,1,entity_0463,entity_0467,entity_0467,entity_0463,test
pair_001371,query,entity_0311,entity_0318,1,entity_0318,entity_0311,entity_0311,entity_0318,test
pair_001372,query,entity_0100,entity_0745,0,entity_0745,entity_0100,entity_0100,entity_0745,test
pair_001373,query,entity_0032,entity_0033,1,entity_0033,entity_0032,entity_0032,entity_0033,test
pair_001374,query,entity_0615,entity_0618,1,entity_0618,entity_0615,entity_0615,entity_0618,test
pair_001375,query,entity_0538,entity_0937,0,entity_0538,entity_0937,entity_0937,entity_0538,test
pair_001376,query,entity_0621,entity_0622,1,entity_0621,entity_0622,entity_0622,entity_0621,test
pair_001377,query,entity_0074,entity_0504,0,entity_0074,entity_0504,entity_0504,entity_0074,validation
pair_001378,query,entity_0322,entity_0391,0,entity_0391,entity_0322,entity_0322,entity_0391,test
pair_001379,query,entity_0207,entity_0879,0,entity_0879,entity_0207,entity_0207,entity_0879,validation
pair_001380,query,entity_0369,entity_0796,0,entity_0369,entity_0796,entity_0796,entity_0369,test
pair_001381,query,entity_0576,entity_0580,1,entity_0580,entity_0576,entity_0576,entity_0580,test
pair_001382,query,entity_0841,entity_0846,1,entity_0841,entity_0846,entity_0846,entity_0841,test
pair_001383,query,entity_0092,entity_0096,1,entity_0096,entity_0092,entity_0092,entity_0096,validation
pair_001384,query,entity_0468,entity_0469,1,entity_0468,entity_0469,entity_0469,entity_0468,test
pair_001385,query,entity_0344,entity_0835,0,entity_0344,entity_0835,entity_0835,entity_0344,test
pair_001386,query,entity_0941,entity_0944,1,entity_0941,entity_0944,entity_0944,entity_0941,test
pair_001387,query,entity_0741,entity_0747,1,entity_0747,entity_0741,entity_0741,entity_0747,test
pair_001388,query,entity_0372,entity_0378,1,entity_0378,entity_0372,entity_0372,entity_0378,test
pair_001389,query,entity_0353,entity_0537,0,entity_0353,entity_0537,entity_0537,entity_0353,test
pair_001390,query,entity_0963,entity_0966,1,entity_0966,entity_0963,entity_0963,entity_0966,test
pair_001391,query,entity_0722,entity_0963,0,entity_0963,entity_0722,entity_0722,entity_0963,test
pair_001392,query,entity_0148,entity_0149,1,entity_0148,entity_0149,entity_0149,entity_0148,test
pair_001393,query,entity_0561,entity_0772,0,entity_0772,entity_0561,entity_0561,entity_0772,validation
pair_001394,query,entity_0331,entity_0335,1,entity_0331,entity_0335,entity_0335,entity_0331,test
pair_001395,query,entity_0076,entity_0461,0,entity_0076,entity_0461,entity_0461,entity_0076,test
pair_001396,query,entity_0647,entity_0926,0,entity_0926,entity_0647,entity_0647,entity_0926,test
pair_001397,query,entity_0226,entity_0444,0,entity_0226,entity_0444,entity_0444,entity_0226,test
pair_001398,query,entity_0825,entity_0830,1,entity_0825,entity_0830,entity_0830,entity_0825,test
pair_001399,query,entity_0604,entity_0609,1,entity_0604,entity_0609,entity_0609,entity_0604,test
pair_001400,query,entity_0587,entity_0843,0,entity_0587,entity_0843,entity_0843,entity_0587,test
pair_001401,query,entity_0142,entity_0146,1,entity_0142,entity_0146,entity_0146,entity_0142,test
pair_001402,query,entity_0188,entity_0816,0,entity_0188,entity_0816,entity_0816,entity_0188,test
pair_001403,query,entity_0253,entity_0863,0,entity_0253,entity_0863,entity_0863,entity_0253,test
pair_001404,query,entity_0592,entity_0598,1,entity_0592,entity_0598,entity_0598,entity_0592,test
pair_001405,query,entity_0213,entity_0908,0,entity_0908,entity_0213,entity_0213,entity_0908,validation
pair_001406,query,entity_0299,entity_0633,0,entity_0633,entity_0299,entity_0299,entity_0633,test
pair_001407,query,entity_0789,entity_0867,0,entity_0867,entity_0789,entity_0789,entity_0867,validation
pair_001408,query,entity_0106,entity_0195,0,entity_0195,entity_0106,entity_0106,entity_0195,validation
pair_001409,query,entity_0752,entity_0760,1,entity_0752,entity_0760,entity_0760,entity_0752,test
pair_001410,query,entity_0663,entity_0667,1,entity_0667,entity_0663,entity_0663,entity_0667,test
pair_001411,query,entity_0072,entity_0077,1,entity_0077,entity_0072,entity_0072,entity_0077,test
pair_001412,query,entity_0065,entity_0068,1,entity_0068,entity_0065,entity_0065,entity_0068,test
pair_001413,query,entity_0455,entity_0685,0,entity_0685,entity_0455,entity_0455,entity_0685,test
pair_001414,query,entity_0284,entity_0715,0,entity_0715,entity_0284,entity_0284,entity_0715,test
pair_001415,query,entity_0458,entity_0862,0,entity_0458,entity_0862,entity_0862,entity_0458,test
pair_001416,query,entity_0288,entity_0483,0,entity_0288,entity_0483,entity_0483,entity_0288,test
pair_001417,query,entity_0058,entity_0313,0,entity_0313,entity_0058,entity_0058,entity_0313,test
pair_001418,query,entity_0794,entity_0797,1,entity_0797,entity_0794,entity_0794,entity_0797,validation
pair_001419,query,entity_0401,entity_0601,0,entity_0401,entity_0601,entity_0601,entity_0401,test
pair_001420,query,entity_0753,entity_0992,0,entity_0753,entity_0992,entity_0992,entity_0753,test
pair_001421,query,entity_0876,entity_0878,1,entity_0876,entity_0878,entity_0878,entity_0876,test
pair_001422,query,entity_0226,entity_0461,0,entity_0226,entity_0461,entity_0461,entity_0226,test
pair_001423,query,entity_0705,entity_0990,0,entity_0990,entity_0705,entity_0705,entity_0990,test
pair_001424,query,entity_0733,entity_0739,1,entity_0733,entity_0739,entity_0739,entity_0733,validation
pair_001425,query,entity_0222,entity_0377,0,entity_0222,entity_0377,entity_0377,entity_0222,validation
pair_001426,query,entity_0092,entity_0202,0,entity_0202,entity_0092,entity_0092,entity_0202,test
pair_001427,query,entity_0353,entity_0355,1,entity_0353,entity_0355,entity_0355,entity_0353,test
pair_001428,query,entity_0641,entity_0646,1,entity_0646,entity_0641,entity_0641,entity_0646,test
pair_001429,query,entity_0122,entity_0712,0,entity_0712,entity_0122,entity_0122,entity_0712,test
pair_001430,query,entity_0521,entity_0529,1,entity_0521,entity_0529,entity_0529,entity_0521,test
pair_001431,query,entity_0813,entity_0815,1,entity_0813,entity_0815,entity_0815,entity_0813,test
pair_001432,query,entity_0107,entity_0376,0,entity_0376,entity_0107,entity_0107,entity_0376,test
pair_001433,query,entity_0944,entity_0946,1,entity_0944,entity_0946,entity_0946,entity_0944,test
pair_001434,query,entity_0715,entity_0717,1,entity_0717,entity_0715,entity_0715,entity_0717,test
pair_001435,query,entity_0143,entity_0965,0,entity_0143,entity_0965,entity_0965,entity_0143,test
pair_001436,query,entity_0481,entity_0588,0,entity_0588,entity_0481,entity_0481,entity_0588,test
pair_001437,query,entity_0262,entity_0270,1,entity_0262,entity_0270,entity_0270,entity_0262,test
pair_001438,query,entity_0054,entity_0059,1,entity_0059,entity_0054,entity_0054,entity_0059,test
pair_001439,query,entity_0982,entity_0986,1,entity_0982,entity_0986,entity_0986,entity_0982,test
pair_001440,query,entity_0586,entity_0675,0,entity_0675,entity_0586,entity_0586,entity_0675,test
pair_001441,query,entity_0833,entity_0835,1,entity_0835,entity_0833,entity_0833,entity_0835,validation
pair_001442,query,entity_0134,entity_0246,0,entity_0246,entity_0134,entity_0134,entity_0246,test
pair_001443,query,entity_0678,entity_0860,0,entity_0860,entity_0678,entity_0678,entity_0860,test
pair_001444,query,entity_0017,entity_0787,0,entity_0017,entity_0787,entity_0787,entity_0017,test
pair_001445,query,entity_0717,entity_0720,1,entity_0717,entity_0720,entity_0720,entity_0717,test
pair_001446,query,entity_0448,entity_0711,0,entity_0448,entity_0711,entity_0711,entity_0448,test
pair_001447,query,entity_0326,entity_0573,0,entity_0326,entity_0573,entity_0573,entity_0326,test
pair_001448,query,entity_0115,entity_0118,1,entity_0115,entity_0118,entity_0118,entity_0115,test
pair_001449,query,entity_0794,entity_0800,1,entity_0794,entity_0800,entity_0800,entity_0794,test
pair_001450,query,entity_0874,entity_0876,1,entity_0876,entity_0874,entity_0874,entity_0876,test
pair_001451,query,entity_0153,entity_0158,1,entity_0158,entity_0153,entity_0153,entity_0158,validation
pair_001452,query,entity_0070,entity_0941,0,entity_0941,entity_0070,entity_0070,entity_0941,test
pair_001453,query,entity_0291,entity_0790,0,entity_0291,entity_0790,entity_0790,entity_0291,test
pair_001454,query,entity_0024,entity_0025,1,entity_0024,entity_0025,entity_0025,entity_0024,test
pair_001455,query,entity_0941,entity_0943,1,entity_0943,entity_0941,entity_0941,entity_0943,test
pair_001456,query,entity_0016,entity_0902,0,entity_0016,entity_0902,entity_0902,entity_0016,test
pair_001457,query,entity_0355,entity_0357,1,entity_0355,entity_0357,entity_0357,entity_0355,test
pair_001458,query,entity_0072,entity_0079,1,entity_0079,entity_0072,entity_0072,entity_0079,test
pair_001459,query,entity_0608,entity_0804,0,entity_0608,entity_0804,entity_0804,entity_0608,test
pair_001460,query,entity_0808,entity_0810,1,entity_0810,entity_0808,entity_0808,entity_0810,test
pair_001461,query,entity_0760,entity_0775,0,entity_0775,entity_0760,entity_0760,entity_0775,test
pair_001462,query,entity_0071,entity_0077,1,entity_0077,entity_0071,entity_0071,entity_0077,test
pair_001463,query,entity_0193,entity_0661,0,entity_0661,entity_0193,entity_0193,entity_0661,test
pair_001464,query,entity_0489,entity_0697,0,entity_0697,entity_0489,entity_0489,entity_0697,test
pair_001465,query,entity_0794,entity_0795,1,entity_0794,entity_0795,entity_0795,entity_0794,validation
pair_001466,query,entity_0123,entity_0487,0,entity_0123,entity_0487,entity_0487,entity_0123,test
pair_001467,query,entity_0672,entity_0677,1,entity_0677,entity_0672,entity_0672,entity_0677,test
pair_001468,query,entity_0528,entity_0529,1,entity_0528,entity_0529,entity_0529,entity_0528,test
pair_001469,query,entity_0085,entity_0087,1,entity_0085,entity_0087,entity_0087,entity_0085,test
pair_001470,query,entity_0394,entity_0398,1,entity_0394,entity_0398,entity_0398,entity_0394,test
pair_001471,query,entity_0994,entity_0998,1,entity_0998,entity_0994,entity_0994,entity_0998,test
pair_001472,query,entity_0291,entity_0359,0,entity_0291,entity_0359,entity_0359,entity_0291,test
pair_001473,query,entity_0489,entity_0753,0,entity_0753,entity_0489,entity_0489,entity_0753,test
pair_001474,query,entity_0661,entity_0665,1,entity_0665,entity_0661,entity_0661,entity_0665,test
pair_001475,query,entity_0911,entity_0918,1,entity_0918,entity_0911,entity_0911,entity_0918,test
pair_001476,query,entity_0898,entity_0899,1,entity_0899,entity_0898,entity_0898,entity_0899,validation
pair_001477,query,entity_0061,entity_0062,1,entity_0062,entity_0061,entity_0061,entity_0062,test
pair_001478,query,entity_0168,entity_0169,1,entity_0169,entity_0168,entity_0168,entity_0169,test
pair_001479,query,entity_0142,entity_0143,1,entity_0143,entity_0142,entity_0142,entity_0143,test
pair_001480,query,entity_0244,entity_0245,1,entity_0244,entity_0245,entity_0245,entity_0244,test
pair_001481,query,entity_0786,entity_0857,0,entity_0786,entity_0857,entity_0857,entity_0786,test
pair_001482,query,entity_0126,entity_0129,1,entity_0126,entity_0129,entity_0129,entity_0126,validation
pair_001483,query,entity_0124,entity_0224,0,entity_0124,entity_0224,entity_0224,entity_0124,validation
pair_001484,query,entity_0054,entity_0434,0,entity_0054,entity_0434,entity_0434,entity_0054,test
pair_001485,query,entity_0113,entity_0116,1,entity_0116,entity_0113,entity_0113,entity_0116,validation
pair_001486,query,entity_0703,entity_0891,0,entity_0891,entity_0703,entity_0703,entity_0891,test
pair_001487,query,entity_0775,entity_0778,1,entity_0775,entity_0778,entity_0778,entity_0775,test
pair_001488,query,entity_0372,entity_0375,1,entity_0372,entity_0375,entity_0375,entity_0372,test
pair_001489,query,entity_0091,entity_0835,0,entity_0091,entity_0835,entity_0835,entity_0091,test
pair_001490,query,entity_0063,entity_0268,0,entity_0268,entity_0063,entity_0063,entity_0268,validation
pair_001491,query,entity_0597,entity_0630,0,entity_0630,entity_0597,entity_0597,entity_0630,test
pair_001492,query,entity_0494,entity_0498,1,entity_0498,entity_0494,entity_0494,entity_0498,test
pair_001493,query,entity_0084,entity_0087,1,entity_0087,entity_0084,entity_0084,entity_0087,test
pair_001494,query,entity_0383,entity_0952,0,entity_0383,entity_0952,entity_0952,entity_0383,test
pair_001495,query,entity_0448,entity_0779,0,entity_0779,entity_0448,entity_0448,entity_0779,test
pair_001496,query,entity_0279,entity_0764,0,entity_0764,entity_0279,entity_0279,entity_0764,test
pair_001497,query,entity_0231,entity_0236,1,entity_0236,entity_0231,entity_0231,entity_0236,validation
pair_001498,query,entity_0683,entity_0690,1,entity_0690,entity_0683,entity_0683,entity_0690,test
pair_001499,query,entity_0026,entity_0027,1,entity_0027,entity_0026,entity_0026,entity_0027,test
pair_001500,query,entity_0029,entity_0635,0,entity_0635,entity_0029,entity_0029,entity_0635,test
pair_001501,query,entity_0478,entity_0931,0,entity_0478,entity_0931,entity_0931,entity_0478,test
pair_001502,query,entity_0365,entity_0841,0,entity_0365,entity_0841,entity_0841,entity_0365,test
pair_001503,query,entity_0139,entity_0169,0,entity_0169,entity_0139,entity_0139,entity_0169,test
pair_001504,query,entity_0886,entity_0888,1,entity_0886,entity_0888,entity_0888,entity_0886,validation
pair_001505,query,entity_0294,entity_0295,1,entity_0294,entity_0295,entity_0295,entity_0294,test
pair_001506,query,entity_0016,entity_0018,1,entity_0018,entity_0016,entity_0016,entity_0018,test
pair_001507,query,entity_0190,entity_0393,0,entity_0190,entity_0393,entity_0393,entity_0190,test
pair_001508,query,entity_0487,entity_0810,0,entity_0487,entity_0810,entity_0810,entity_0487,test
pair_001509,query,entity_0243,entity_0245,1,entity_0245,entity_0243,entity_0243,entity_0245,validation
pair_001510,query,entity_0131,entity_0135,1,entity_0135,entity_0131,entity_0131,entity_0135,test
pair_001511,query,entity_0044,entity_0993,0,entity_0044,entity_0993,entity_0993,entity_0044,validation
pair_001512,query,entity_0131,entity_0648,0,entity_0131,entity_0648,entity_0648,entity_0131,test
pair_001513,query,entity_0636,entity_0640,1,entity_0640,entity_0636,entity_0636,entity_0640,test
pair_001514,query,entity_0043,entity_0050,1,entity_0050,entity_0043,entity_0043,entity_0050,test
pair_001515,query,entity_0742,entity_0749,1,entity_0749,entity_0742,entity_0742,entity_0749,validation
pair_001516,query,entity_0894,entity_0899,1,entity_0894,entity_0899,entity_0899,entity_0894,test
pair_001517,query,entity_0701,entity_0707,1,entity_0707,entity_0701,entity_0701,entity_0707,test
pair_001518,query,entity_0402,entity_0408,1,entity_0402,entity_0408,entity_0408,entity_0402,test
pair_001519,query,entity_0667,entity_0795,0,entity_0667,entity_0795,entity_0795,entity_0667,test
pair_001520,query,entity_0421,entity_0977,0,entity_0421,entity_0977,entity_0977,entity_0421,test
pair_001521,query,entity_0213,entity_0698,0,entity_0213,entity_0698,entity_0698,entity_0213,test
pair_001522,query,entity_0777,entity_0779,1,entity_0779,entity_0777,entity_0777,entity_0779,validation
pair_001523,query,entity_0812,entity_0817,1,entity_0812,entity_0817,entity_0817,entity_0812,test
pair_001524,query,entity_0412,entity_0577,0,entity_0412,entity_0577,entity_0577,entity_0412,test
pair_001525,query,entity_0041,entity_0045,1,entity_0045,entity_0041,entity_0041,entity_0045,test
pair_001526,query,entity_0525,entity_0526,1,entity_0526,entity_0525,entity_0525,entity_0526,test
pair_001527,query,entity_0072,entity_0074,1,entity_0072,entity_0074,entity_0074,entity_0072,test
pair_001528,query,entity_0041,entity_0042,1,entity_0041,entity_0042,entity_0042,entity_0041,test
pair_001529,query,entity_0863,entity_0920,0,entity_0863,entity_0920,entity_0920,entity_0863,test
pair_001530,query,entity_0116,entity_0699,0,entity_0699,entity_0116,entity_0116,entity_0699,test
pair_001531,query,entity_0209,entity_0541,0,entity_0541,entity_0209,entity_0209,entity_0541,test
pair_001532,query,entity_0440,entity_0891,0,entity_0440,entity_0891,entity_0891,entity_0440,validation
pair_001533,query,entity_0783,entity_0785,1,entity_0785,entity_0783,entity_0783,entity_0785,validation
pair_001534,query,entity_0244,entity_0246,1,entity_0246,entity_0244,entity_0244,entity_0246,test
pair_001535,query,entity_0301,entity_0302,1,entity_0301,entity_0302,entity_0302,entity_0301,validation
pair_001536,query,entity_0332,entity_0338,1,entity_0338,entity_0332,entity_0332,entity_0338,test
pair_001537,query,entity_0024,entity_0026,1,entity_0026,entity_0024,entity_0024,entity_0026,test
pair_001538,query,entity_0091,entity_0093,1,entity_0093,entity_0091,entity_0091,entity_0093,validation
pair_001539,query,entity_0936,entity_0937,1,entity_0937,entity_0936,entity_0936,entity_0937,validation
pair_001540,query,entity_0563,entity_0719,0,entity_0563,entity_0719,entity_0719,entity_0563,test
pair_001541,query,entity_0609,entity_0817,0,entity_0817,entity_0609,entity_0609,entity_0817,test
pair_001542,query,entity_0379,entity_0645,0,entity_0645,entity_0379,entity_0379,entity_0645,test
pair_001543,query,entity_0385,entity_0386,1,entity_0386,entity_0385,entity_0385,entity_0386,test
pair_001544,query,entity_0666,entity_0667,1,entity_0667,entity_0666,entity_0666,entity_0667,test
pair_001545,query,entity_0139,entity_0690,0,entity_0690,entity_0139,entity_0139,entity_0690,test
pair_001546,query,entity_0013,entity_0358,0,entity_0013,entity_0358,entity_0358,entity_0013,test
pair_001547,query,entity_0063,entity_0064,1,entity_0064,entity_0063,entity_0063,entity_0064,test
pair_001548,query,entity_0019,entity_0020,1,entity_0019,entity_0020,entity_0020,entity_0019,test
pair_001549,query,entity_0524,entity_0526,1,entity_0526,entity_0524,entity_0524,entity_0526,validation
pair_001550,query,entity_0245,entity_0713,0,entity_0245,entity_0713,entity_0713,entity_0245,test
pair_001551,query,entity_0023,entity_0028,1,entity_0028,entity_0023,entity_0023,entity_0028,test
pair_001552,query,entity_0715,entity_0720,1,entity_0715,entity_0720,entity_0720,entity_0715,validation
pair_001553,query,entity_0196,entity_0198,1,entity_0196,entity_0198,entity_0198,entity_0196,validation
pair_001554,query,entity_0251,entity_0255,1,entity_0251,entity_0255,entity_0255,entity_0251,test
pair_001555,query,entity_0633,entity_0969,0,entity_0969,entity_0633,entity_0633,entity_0969,test
pair_001556,query,entity_0536,entity_0539,1,entity_0539,entity_0536,entity_0536,entity_0539,test
pair_001557,query,entity_0072,entity_0078,1,entity_0078,entity_0072,entity_0072,entity_0078,test
pair_001558,query,entity_0104,entity_0668,0,entity_0668,entity_0104,entity_0104,entity_0668,validation
pair_001559,query,entity_0521,entity_0528,1,entity_0521,entity_0528,entity_0528,entity_0521,test
pair_001560,query,entity_0874,entity_0877,1,entity_0877,entity_0874,entity_0874,entity_0877,test
pair_001561,query,entity_0978,entity_0980,1,entity_0980,entity_0978,entity_0978,entity_0980,test
pair_001562,query,entity_0379,entity_0863,0,entity_0863,entity_0379,entity_0379,entity_0863,validation
pair_001563,query,entity_0025,entity_0026,1,entity_0025,entity_0026,entity_0026,entity_0025,test
pair_001564,query,entity_0385,entity_0530,0,entity_0530,entity_0385,entity_0385,entity_0530,test
pair_001565,query,entity_0945,entity_0946,1,entity_0946,entity_0945,entity_0945,entity_0946,validation
pair_001566,query,entity_0369,entity_0370,1,entity_0369,entity_0370,entity_0370,entity_0369,test
pair_001567,query,entity_0957,entity_0959,1,entity_0957,entity_0959,entity_0959,entity_0957,test
pair_001568,query,entity_0591,entity_0680,0,entity_0591,entity_0680,entity_0680,entity_0591,test
pair_001569,query,entity_0935,entity_0939,1,entity_0939,entity_0935,entity_0935,entity_0939,test
pair_001570,query,entity_0380,entity_0995,0,entity_0995,entity_0380,entity_0380,entity_0995,test
pair_001571,query,entity_0100,entity_0487,0,entity_0100,entity_0487,entity_0487,entity_0100,validation
pair_001572,query,entity_0364,entity_0419,0,entity_0364,entity_0419,entity_0419,entity_0364,test
pair_001573,query,entity_0233,entity_0736,0,entity_0233,entity_0736,entity_0736,entity_0233,test
pair_001574,query,entity_0559,entity_0747,0,entity_0747,entity_0559,entity_0559,entity_0747,test
pair_001575,query,entity_0357,entity_0936,0,entity_0357,entity_0936,entity_0936,entity_0357,test
pair_001576,query,entity_0994,entity_1000,1,entity_1000,entity_0994,entity_0994,entity_1000,validation
pair_001577,query,entity_0188,entity_0469,0,entity_0188,entity_0469,entity_0469,entity_0188,test
pair_001578,query,entity_0527,entity_0910,0,entity_0527,entity_0910,entity_0910,entity_0527,test
pair_001579,query,entity_0642,entity_0648,1,entity_0642,entity_0648,entity_0648,entity_0642,validation
pair_001580,query,entity_0334,entity_0545,0,entity_0545,entity_0334,entity_0334,entity_0545,test
pair_001581,query,entity_0121,entity_0624,0,entity_0121,entity_0624,entity_0624,entity_0121,test
pair_001582,query,entity_0346,entity_0347,1,entity_0347,entity_0346,entity_0346,entity_0347,test
pair_001583,query,entity_0262,entity_0385,0,entity_0262,entity_0385,entity_0385,entity_0262,test
pair_001584,query,entity_0971,entity_0978,1,entity_0978,entity_0971,entity_0971,entity_0978,test
pair_001585,query,entity_0123,entity_0130,1,entity_0123,entity_0130,entity_0130,entity_0123,validation
pair_001586,query,entity_0883,entity_0886,1,entity_0886,entity_0883,entity_0883,entity_0886,test
pair_001587,query,entity_0411,entity_0417,1,entity_0417,entity_0411,entity_0411,entity_0417,test
pair_001588,query,entity_0441,entity_0446,1,entity_0446,entity_0441,entity_0441,entity_0446,test
pair_001589,query,entity_0420,entity_0876,0,entity_0876,entity_0420,entity_0420,entity_0876,test
pair_001590,query,entity_0151,entity_0633,0,entity_0151,entity_0633,entity_0633,entity_0151,test
pair_001591,query,entity_0038,entity_0541,0,entity_0541,entity_0038,entity_0038,entity_0541,validation
pair_001592,query,entity_0579,entity_0605,0,entity_0579,entity_0605,entity_0605,entity_0579,test
pair_001593,query,entity_0815,entity_0816,1,entity_0815,entity_0816,entity_0816,entity_0815,test
pair_001594,query,entity_0465,entity_0467,1,entity_0467,entity_0465,entity_0465,entity_0467,test
pair_001595,query,entity_0735,entity_0737,1,entity_0735,entity_0737,entity_0737,entity_0735,test
pair_001596,query,entity_0497,entity_0499,1,entity_0497,entity_0499,entity_0499,entity_0497,test
pair_001597,query,entity_0499,entity_0833,0,entity_0499,entity_0833,entity_0833,entity_0499,test
pair_001598,query,entity_0261,entity_0263,1,entity_0263,entity_0261,entity_0261,entity_0263,test
pair_001599,query,entity_0731,entity_0738,1,entity_0738,entity_0731,entity_0731,entity_0738,test
pair_001600,query,entity_0540,entity_0824,0,entity_0824,entity_0540,entity_0540,entity_0824,test
pair_001601,query,entity_0663,entity_0945,0,entity_0663,entity_0945,entity_0945,entity_0663,test
pair_001602,query,entity_0955,entity_0959,1,entity_0955,entity_0959,entity_0959,entity_0955,test
pair_001603,query,entity_0397,entity_0398,1,entity_0398,entity_0397,entity_0397,entity_0398,test
pair_001604,query,entity_0884,entity_0886,1,entity_0886,entity_0884,entity_0884,entity_0886,test
pair_001605,query,entity_0341,entity_0343,1,entity_0341,entity_0343,entity_0343,entity_0341,validation
pair_001606,query,entity_0217,entity_0639,0,entity_0639,entity_0217,entity_0217,entity_0639,validation
pair_001607,query,entity_0762,entity_0768,1,entity_0762,entity_0768,entity_0768,entity_0762,test
pair_001608,query,entity_0294,entity_0576,0,entity_0294,entity_0576,entity_0576,entity_0294,test
pair_001609,query,entity_0795,entity_0796,1,entity_0796,entity_0795,entity_0795,entity_0796,test
pair_001610,query,entity_0141,entity_0439,0,entity_0141,entity_0439,entity_0439,entity_0141,test
pair_001611,query,entity_0514,entity_0515,1,entity_0515,entity_0514,entity_0514,entity_0515,test
pair_001612,query,entity_0250,entity_0309,0,entity_0309,entity_0250,entity_0250,entity_0309,test
pair_001613,query,entity_0371,entity_0376,1,entity_0376,entity_0371,entity_0371,entity_0376,test
pair_001614,query,entity_0906,entity_0910,1,entity_0906,entity_0910,entity_0910,entity_0906,validation
pair_001615,query,entity_0109,entity_0397,0,entity_0397,entity_0109,entity_0109,entity_0397,test
pair_001616,query,entity_0419,entity_0742,0,entity_0742,entity_0419,entity_0419,entity_0742,test
pair_001617,query,entity_0091,entity_0886,0,entity_0091,entity_0886,entity_0886,entity_0091,validation
pair_001618,query,entity_0326,entity_0329,1,entity_0329,entity_0326,entity_0326,entity_0329,test
pair_001619,query,entity_0427,entity_0833,0,entity_0833,entity_0427,entity_0427,entity_0833,test
pair_001620,query,entity_0626,entity_0917,0,entity_0626,entity_0917,entity_0917,entity_0626,test
pair_001621,query,entity_0601,entity_0602,1,entity_0601,entity_0602,entity_0602,entity_0601,test
pair_001622,query,entity_0401,entity_0892,0,entity_0401,entity_0892,entity_0892,entity_0401,test
pair_001623,query,entity_0256,entity_0260,1,entity_0256,entity_0260,entity_0260,entity_0256,test
pair_001624,query,entity_0612,entity_0619,1,entity_0612,entity_0619,entity_0619,entity_0612,test
pair_001625,query,entity_0296,entity_0298,1,entity_0296,entity_0298,entity_0298,entity_0296,validation
pair_001626,query,entity_0285,entity_0288,1,entity_0288,entity_0285,entity_0285,entity_0288,test
pair_001627,query,entity_0576,entity_0577,1,entity_0576,entity_0577,entity_0577,entity_0576,validation
pair_001628,query,entity_0484,entity_0656,0,entity_0484,entity_0656,entity_0656,entity_0484,test
pair_001629,query,entity_0813,entity_0887,0,entity_0813,entity_0887,entity_0887,entity_0813,test
pair_001630,query,entity_0864,entity_0867,1,entity_0864,entity_0867,entity_0867,entity_0864,test
pair_001631,query,entity_0052,entity_0056,1,entity_0056,entity_0052,entity_0052,entity_0056,test
pair_001632,query,entity_0071,entity_0074,1,entity_0071,entity_0074,entity_0074,entity_0071,test
pair_001633,query,entity_0516,entity_0607,0,entity_0516,entity_0607,entity_0607,entity_0516,test
pair_001634,query,entity_0675,entity_0679,1,entity_0679,entity_0675,entity_0675,entity_0679,validation
pair_001635,query,entity_0213,entity_0216,1,entity_0213,entity_0216,entity_0216,entity_0213,validation
pair_001636,query,entity_0527,entity_0725,0,entity_0725,entity_0527,entity_0527,entity_0725,validation
pair_001637,query,entity_0565,entity_0590,0,entity_0565,entity_0590,entity_0590,entity_0565,test
pair_001638,query,entity_0568,entity_0700,0,entity_0700,entity_0568,entity_0568,entity_0700,test
pair_001639,query,entity_0156,entity_0771,0,entity_0156,entity_0771,entity_0771,entity_0156,test
pair_001640,query,entity_0952,entity_0958,1,entity_0958,entity_0952,entity_0952,entity_0958,test
pair_001641,query,entity_0486,entity_0488,1,entity_0488,entity_0486,entity_0486,entity_0488,test
pair_001642,query,entity_0421,entity_0429,1,entity_0429,entity_0421,entity_0421,entity_0429,test
pair_001643,query,entity_0718,entity_0849,0,entity_0849,entity_0718,entity_0718,entity_0849,validation
pair_001644,query,entity_0518,entity_0570,0,entity_0570,entity_0518,entity_0518,entity_0570,test
pair_001645,query,entity_0012,entity_0323,0,entity_0012,entity_0323,entity_0323,entity_0012,validation
pair_001646,query,entity_0746,entity_0998,0,entity_0998,entity_0746,entity_0746,entity_0998,test
pair_001647,query,entity_0216,entity_0219,1,entity_0219,entity_0216,entity_0216,entity_0219,test
pair_001648,query,entity_0927,entity_0930,1,entity_0927,entity_0930,entity_0930,entity_0927,test
pair_001649,query,entity_0246,entity_0897,0,entity_0897,entity_0246,entity_0246,entity_0897,test
pair_001650,query,entity_0969,entity_0970,1,entity_0970,entity_0969,entity_0969,entity_0970,test
pair_001651,query,entity_0917,entity_0920,1,entity_0920,entity_0917,entity_0917,entity_0920,test
pair_001652,query,entity_0231,entity_0238,1,entity_0238,entity_0231,entity_0231,entity_0238,test
pair_001653,query,entity_0017,entity_0382,0,entity_0382,entity_0017,entity_0017,entity_0382,test
pair_001654,query,entity_0902,entity_0909,1,entity_0902,entity_0909,entity_0909,entity_0902,test
pair_001655,query,entity_0679,entity_0680,1,entity_0680,entity_0679,entity_0679,entity_0680,test
pair_001656,query,entity_0232,entity_0240,1,entity_0240,entity_0232,entity_0232,entity_0240,validation
pair_001657,query,entity_0535,entity_0848,0,entity_0535,entity_0848,entity_0848,entity_0535,test
pair_001658,query,entity_0573,entity_0688,0,entity_0688,entity_0573,entity_0573,entity_0688,test
pair_001659,query,entity_0542,entity_0946,0,entity_0946,entity_0542,entity_0542,entity_0946,test
pair_001660,query,entity_0644,entity_0649,1,entity_0649,entity_0644,entity_0644,entity_0649,test
pair_001661,query,entity_0024,entity_0647,0,entity_0647,entity_0024,entity_0024,entity_0647,validation
pair_001662,query,entity_0374,entity_0378,1,entity_0374,entity_0378,entity_0378,entity_0374,validation
pair_001663,query,entity_0359,entity_0730,0,entity_0359,entity_0730,entity_0730,entity_0359,test
pair_001664,query,entity_0032,entity_0366,0,entity_0032,entity_0366,entity_0366,entity_0032,test
pair_001665,query,entity_0011,entity_0863,0,entity_0863,entity_0011,entity_0011,entity_0863,test
pair_001666,query,entity_0490,entity_0577,0,entity_0577,entity_0490,entity_0490,entity_0577,test
pair_001667,query,entity_0754,entity_0758,1,entity_0754,entity_0758,entity_0758,entity_0754,test
pair_001668,query,entity_0642,entity_0647,1,entity_0642,entity_0647,entity_0647,entity_0642,test
pair_001669,query,entity_0066,entity_0069,1,entity_0066,entity_0069,entity_0069,entity_0066,test
pair_001670,query,entity_0785,entity_0997,0,entity_0997,entity_0785,entity_0785,entity_0997,test
pair_001671,query,entity_0243,entity_0756,0,entity_0243,entity_0756,entity_0756,entity_0243,test
pair_001672,query,entity_0606,entity_0608,1,entity_0608,entity_0606,entity_0606,entity_0608,test
pair_001673,query,entity_0222,entity_0655,0,entity_0655,entity_0222,entity_0222,entity_0655,test
pair_001674,query,entity_0134,entity_0136,1,entity_0134,entity_0136,entity_0136,entity_0134,test
pair_001675,query,entity_0238,entity_0979,0,entity_0979,entity_0238,entity_0238,entity_0979,test
pair_001676,query,entity_0876,entity_0880,1,entity_0876,entity_0880,entity_0880,entity_0876,validation
pair_001677,query,entity_0892,entity_0899,1,entity_0899,entity_0892,entity_0892,entity_0899,validation
pair_001678,query,entity_0882,entity_0888,1,entity_0882,entity_0888,entity_0888,entity_0882,test
pair_001679,query,entity_0124,entity_0130,1,entity_0124,entity_0130,entity_0130,entity_0124,test
pair_001680,query,entity_0490,entity_0994,0,entity_0994,entity_0490,entity_0490,entity_0994,test
pair_001681,query,entity_0199,entity_0517,0,entity_0517,entity_0199,entity_0199,entity_0517,validation
pair_001682,query,entity_0615,entity_0620,1,entity_0615,entity_0620,entity_0620,entity_0615,test
pair_001683,query,entity_0408,entity_0716,0,entity_0408,entity_0716,entity_0716,entity_0408,test
pair_001684,query,entity_0522,entity_0722,0,entity_0522,entity_0722,entity_0722,entity_0522,test
pair_001685,query,entity_0543,entity_0545,1,entity_0545,entity_0543,entity_0543,entity_0545,test
pair_001686,query,entity_0370,entity_0790,0,entity_0370,entity_0790,entity_0790,entity_0370,validation
pair_001687,query,entity_0565,entity_0567,1,entity_0567,entity_0565,entity_0565,entity_0567,test
pair_001688,query,entity_0404,entity_0405,1,entity_0405,entity_0404,entity_0404,entity_0405,test
pair_001689,query,entity_0132,entity_0293,0,entity_0293,entity_0132,entity_0132,entity_0293,validation
pair_001690,query,entity_0153,entity_0678,0,entity_0678,entity_0153,entity_0153,entity_0678,test
pair_001691,query,entity_0228,entity_0502,0,entity_0228,entity_0502,entity_0502,entity_0228,test
pair_001692,query,entity_0501,entity_0954,0,entity_0954,entity_0501,entity_0501,entity_0954,test
pair_001693,query,entity_0568,entity_0569,1,entity_0568,entity_0569,entity_0569,entity_0568,test
pair_001694,query,entity_0233,entity_0237,1,entity_0237,entity_0233,entity_0233,entity_0237,test
pair_001695,query,entity_0262,entity_0264,1,entity_0264,entity_0262,entity_0262,entity_0264,test
pair_001696,query,entity_0054,entity_0058,1,entity_0054,entity_0058,entity_0058,entity_0054,test
pair_001697,query,entity_0893,entity_0894,1,entity_0893,entity_0894,entity_0894,entity_0893,validation
pair_001698,query,entity_0918,entity_0919,1,entity_0918,entity_0919,entity_0919,entity_0918,test
pair_001699,query,entity_0381,entity_0384,1,entity_0381,entity_0384,entity_0384,entity_0381,test
pair_001700,query,entity_0178,entity_0180,1,entity_0178,entity_0180,entity_0180,entity_0178,validation
pair_001701,query,entity_0727,entity_0728,1,entity_0728,entity_0727,entity_0727,entity_0728,test
pair_001702,query,entity_0353,entity_0792,0,entity_0353,entity_0792,entity_0792,entity_0353,test
pair_001703,query,entity_0801,entity_0810,1,entity_0810,entity_0801,entity_0801,entity_0810,test
pair_001704,query,entity_0673,entity_0674,1,entity_0674,entity_0673,entity_0673,entity_0674,test
pair_001705,query,entity_0826,entity_0828,1,entity_0826,entity_0828,entity_0828,entity_0826,test
pair_001706,query,entity_0401,entity_0403,1,entity_0403,entity_0401,entity_0401,entity_0403,validation
pair_001707,query,entity_0436,entity_0439,1,entity_0439,entity_0436,entity_0436,entity_0439,test
pair_001708,query,entity_0347,entity_0483,0,entity_0483,entity_0347,entity_0347,entity_0483,test
pair_001709,query,entity_0645,entity_0647,1,entity_0647,entity_0645,entity_0645,entity_0647,test
pair_001710,query,entity_0352,entity_0414,0,entity_0414,entity_0352,entity_0352,entity_0414,test
pair_001711,query,entity_0318,entity_0729,0,entity_0318,entity_0729,entity_0729,entity_0318,test
pair_001712,query,entity_0328,entity_0330,1,entity_0328,entity_0330,entity_0330,entity_0328,test
pair_001713,query,entity_0821,entity_0827,1,entity_0821,entity_0827,entity_0827,entity_0821,validation
pair_001714,query,entity_0951,entity_0952,1,entity_0952,entity_0951,entity_0951,entity_0952,validation
pair_001715,query,entity_0010,entity_0297,0,entity_0297,entity_0010,entity_0010,entity_0297,test
pair_001716,query,entity_0752,entity_0756,1,entity_0756,entity_0752,entity_0752,entity_0756,test
pair_001717,query,entity_0111,entity_0548,0,entity_0548,entity_0111,entity_0111,entity_0548,test
pair_001718,query,entity_0046,entity_0502,0,entity_0502,entity_0046,entity_0046,entity_0502,test
pair_001719,query,entity_0153,entity_0156,1,entity_0156,entity_0153,entity_0153,entity_0156,test
pair_001720,query,entity_0833,entity_0840,1,entity_0840,entity_0833,entity_0833,entity_0840,validation
pair_001721,query,entity_0040,entity_0092,0,entity_0040,entity_0092,entity_0092,entity_0040,test
pair_001722,query,entity_0581,entity_0585,1,entity_0585,entity_0581,entity_0581,entity_0585,test
pair_001723,query,entity_0586,entity_0590,1,entity_0586,entity_0590,entity_0590,entity_0586,validation
pair_001724,query,entity_0413,entity_0415,1,entity_0415,entity_0413,entity_0413,entity_0415,test
pair_001725,query,entity_0279,entity_0795,0,entity_0795,entity_0279,entity_0279,entity_0795,test
pair_001726,query,entity_0405,entity_0407,1,entity_0407,entity_0405,entity_0405,entity_0407,test
pair_001727,query,entity_0323,entity_0325,1,entity_0325,entity_0323,entity_0323,entity_0325,test
pair_001728,query,entity_0441,entity_0445,1,entity_0445,entity_0441,entity_0441,entity_0445,test
pair_001729,query,entity_0429,entity_0967,0,entity_0429,entity_0967,entity_0967,entity_0429,test
pair_001730,query,entity_0871,entity_0874,1,entity_0871,entity_0874,entity_0874,entity_0871,validation
pair_001731,query,entity_0223,entity_0225,1,entity_0223,entity_0225,entity_0225,entity_0223,test
pair_001732,query,entity_0617,entity_0910,0,entity_0910,entity_0617,entity_0617,entity_0910,validation
pair_001733,query,entity_0805,entity_0810,1,entity_0805,entity_0810,entity_0810,entity_0805,test
pair_001734,query,entity_0326,entity_0328,1,entity_0328,entity_0326,entity_0326,entity_0328,test
pair_001735,query,entity_0690,entity_0906,0,entity_0906,entity_0690,entity_0690,entity_0906,test
pair_001736,query,entity_0069,entity_0473,0,entity_0069,entity_0473,entity_0473,entity_0069,test
pair_001737,query,entity_0152,entity_0350,0,entity_0350,entity_0152,entity_0152,entity_0350,test
pair_001738,query,entity_0604,entity_0610,1,entity_0604,entity_0610,entity_0610,entity_0604,test
pair_001739,query,entity_0616,entity_0633,0,entity_0616,entity_0633,entity_0633,entity_0616,test
pair_001740,query,entity_0406,entity_0409,1,entity_0406,entity_0409,entity_0409,entity_0406,test
pair_001741,query,entity_0660,entity_0972,0,entity_0660,entity_0972,entity_0972,entity_0660,test
pair_001742,query,entity_0171,entity_0400,0,entity_0400,entity_0171,entity_0171,entity_0400,validation
pair_001743,query,entity_0208,entity_0464,0,entity_0464,entity_0208,entity_0208,entity_0464,test
pair_001744,query,entity_0207,entity_0832,0,entity_0207,entity_0832,entity_0832,entity_0207,test
pair_001745,query,entity_0321,entity_0923,0,entity_0923,entity_0321,entity_0321,entity_0923,test
pair_001746,query,entity_0477,entity_0698,0,entity_0698,entity_0477,entity_0477,entity_0698,test
pair_001747,query,entity_0355,entity_0356,1,entity_0355,entity_0356,entity_0356,entity_0355,test
pair_001748,query,entity_0221,entity_0223,1,entity_0223,entity_0221,entity_0221,entity_0223,validation
pair_001749,query,entity_0160,entity_0548,0,entity_0160,entity_0548,entity_0548,entity_0160,validation
pair_001750,query,entity_0895,entity_0896,1,entity_0895,entity_0896,entity_0896,entity_0895,test
pair_001751,query,entity_0654,entity_0658,1,entity_0658,entity_0654,entity_0654,entity_0658,test
pair_001752,query,entity_0028,entity_0030,1,entity_0030,entity_0028,entity_0028,entity_0030,test
pair_001753,query,entity_0551,entity_0552,1,entity_0552,entity_0551,entity_0551,entity_0552,test
pair_001754,query,entity_0091,entity_0098,1,entity_0091,entity_0098,entity_0098,entity_0091,test
pair_001755,query,entity_0499,entity_0500,1,entity_0499,entity_0500,entity_0500,entity_0499,test
pair_001756,query,entity_0714,entity_0715,1,entity_0714,entity_0715,entity_0715,entity_0714,test
pair_001757,query,entity_0725,entity_0949,0,entity_0949,entity_0725,entity_0725,entity_0949,test
pair_001758,query,entity_0914,entity_0917,1,entity_0914,entity_0917,entity_0917,entity_0914,test
pair_001759,query,entity_0198,entity_0200,1,entity_0200,entity_0198,entity_0198,entity_0200,test
pair_001760,query,entity_0932,entity_0987,0,entity_0932,entity_0987,entity_0987,entity_0932,test
pair_001761,query,entity_0619,entity_0981,0,entity_0981,entity_0619,entity_0619,entity_0981,test
pair_001762,query,entity_0811,entity_0814,1,entity_0814,entity_0811,entity_0811,entity_0814,test
pair_001763,query,entity_0471,entity_0842,0,entity_0842,entity_0471,entity_0471,entity_0842,test
pair_001764,query,entity_0684,entity_0690,1,entity_0690,entity_0684,entity_0684,entity_0690,test
pair_001765,query,entity_0014,entity_0016,1,entity_0014,entity_0016,entity_0016,entity_0014,test
pair_001766,query,entity_0103,entity_0438,0,entity_0438,entity_0103,entity_0103,entity_0438,validation
pair_001767,query,entity_0576,entity_0630,0,entity_0630,entity_0576,entity_0576,entity_0630,test
pair_001768,query,entity_0186,entity_0190,1,entity_0186,entity_0190,entity_0190,entity_0186,validation
pair_001769,query,entity_0236,entity_0240,1,entity_0240,entity_0236,entity_0236,entity_0240,test
pair_001770,query,entity_0102,entity_0105,1,entity_0105,entity_0102,entity_0102,entity_0105,test
pair_001771,query,entity_0003,entity_0408,0,entity_0003,entity_0408,entity_0408,entity_0003,validation
pair_001772,query,entity_0172,entity_0453,0,entity_0453,entity_0172,entity_0172,entity_0453,validation
pair_001773,query,entity_0507,entity_0980,0,entity_0507,entity_0980,entity_0980,entity_0507,test
pair_001774,query,entity_0755,entity_0959,0,entity_0755,entity_0959,entity_0959,entity_0755,test
pair_001775,query,entity_0508,entity_0509,1,entity_0508,entity_0509,entity_0509,entity_0508,test
pair_001776,query,entity_0128,entity_0130,1,entity_0128,entity_0130,entity_0130,entity_0128,test
pair_001777,query,entity_0090,entity_0836,0,entity_0836,entity_0090,entity_0090,entity_0836,test
pair_001778,query,entity_0313,entity_0316,1,entity_0313,entity_0316,entity_0316,entity_0313,test
pair_001779,query,entity_0336,entity_0338,1,entity_0338,entity_0336,entity_0336,entity_0338,test
pair_001780,query,entity_0294,entity_0300,1,entity_0294,entity_0300,entity_0300,entity_0294,validation
pair_001781,query,entity_0543,entity_0547,1,entity_0547,entity_0543,entity_0543,entity_0547,test
pair_001782,query,entity_0425,entity_0631,0,entity_0631,entity_0425,entity_0425,entity_0631,test
pair_001783,query,entity_0117,entity_0672,0,entity_0672,entity_0117,entity_0117,entity_0672,test
pair_001784,query,entity_0002,entity_0972,0,entity_0002,entity_0972,entity_0972,entity_0002,test
pair_001785,query,entity_0747,entity_0777,0,entity_0747,entity_0777,entity_0777,entity_0747,test
pair_001786,query,entity_0003,entity_0842,0,entity_0842,entity_0003,entity_0003,entity_0842,test
pair_001787,query,entity_0388,entity_0631,0,entity_0388,entity_0631,entity_0631,entity_0388,validation
pair_001788,query,entity_0613,entity_0616,1,entity_0613,entity_0616,entity_0616,entity_0613,test
pair_001789,query,entity_0552,entity_0555,1,entity_0555,entity_0552,entity_0552,entity_0555,test
pair_001790,query,entity_0207,entity_0602,0,entity_0602,entity_0207,entity_0207,entity_0602,test
pair_001791,query,entity_0583,entity_0585,1,entity_0585,entity_0583,entity_0583,entity_0585,validation
pair_001792,query,entity_0335,entity_0336,1,entity_0335,entity_0336,entity_0336,entity_0335,test
pair_001793,query,entity_0963,entity_0969,1,entity_0963,entity_0969,entity_0969,entity_0963,test
pair_001794,query,entity_0953,entity_0958,1,entity_0953,entity_0958,entity_0958,entity_0953,test
pair_001795,query,entity_0716,entity_0720,1,entity_0716,entity_0720,entity_0720,entity_0716,validation
pair_001796,query,entity_0262,entity_0682,0,entity_0262,entity_0682,entity_0682,entity_0262,test
pair_001797,query,entity_0433,entity_0434,1,entity_0434,entity_0433,entity_0433,entity_0434,validation
pair_001798,query,entity_0091,entity_0887,0,entity_0887,entity_0091,entity_0091,entity_0887,test
pair_001799,query,entity_0852,entity_0859,1,entity_0852,entity_0859,entity_0859,entity_0852,test
pair_001800,query,entity_0161,entity_0163,1,entity_0161,entity_0163,entity_0163,entity_0161,test
pair_001801,query,entity_0167,entity_0798,0,entity_0798,entity_0167,entity_0167,entity_0798,test
pair_001802,query,entity_0201,entity_0374,0,entity_0201,entity_0374,entity_0374,entity_0201,test
pair_001803,query,entity_0605,entity_0608,1,entity_0605,entity_0608,entity_0608,entity_0605,test
pair_001804,query,entity_0452,entity_0844,0,entity_0844,entity_0452,entity_0452,entity_0844,test
pair_001805,query,entity_0016,entity_0178,0,entity_0178,entity_0016,entity_0016,entity_0178,validation
pair_001806,query,entity_0079,entity_0126,0,entity_0079,entity_0126,entity_0126,entity_0079,validation
pair_001807,query,entity_0501,entity_0725,0,entity_0501,entity_0725,entity_0725,entity_0501,test
pair_001808,query,entity_0912,entity_0916,1,entity_0912,entity_0916,entity_0916,entity_0912,test
pair_001809,query,entity_0115,entity_0721,0,entity_0721,entity_0115,entity_0115,entity_0721,test
pair_001810,query,entity_0334,entity_0338,1,entity_0334,entity_0338,entity_0338,entity_0334,test
pair_001811,query,entity_0036,entity_0037,1,entity_0037,entity_0036,entity_0036,entity_0037,test
pair_001812,query,entity_0400,entity_0501,0,entity_0501,entity_0400,entity_0400,entity_0501,test
pair_001813,query,entity_0671,entity_0793,0,entity_0671,entity_0793,entity_0793,entity_0671,validation
pair_001814,query,entity_0159,entity_0976,0,entity_0976,entity_0159,entity_0159,entity_0976,test
pair_001815,query,entity_0137,entity_0139,1,entity_0137,entity_0139,entity_0139,entity_0137,test
pair_001816,query,entity_0376,entity_0380,1,entity_0380,entity_0376,entity_0376,entity_0380,validation
pair_001817,query,entity_0563,entity_0724,0,entity_0724,entity_0563,entity_0563,entity_0724,test
pair_001818,query,entity_0281,entity_0994,0,entity_0994,entity_0281,entity_0281,entity_0994,test
pair_001819,query,entity_0631,entity_0634,1,entity_0631,entity_0634,entity_0634,entity_0631,test
pair_001820,query,entity_0623,entity_0626,1,entity_0626,entity_0623,entity_0623,entity_0626,test
pair_001821,query,entity_0032,entity_0034,1,entity_0032,entity_0034,entity_0034,entity_0032,test
pair_001822,query,entity_0427,entity_0807,0,entity_0427,entity_0807,entity_0807,entity_0427,test
pair_001823,query,entity_0178,entity_0212,0,entity_0212,entity_0178,entity_0178,entity_0212,validation
pair_001824,query,entity_0794,entity_0799,1,entity_0794,entity_0799,entity_0799,entity_0794,test
pair_001825,query,entity_0671,entity_0672,1,entity_0672,entity_0671,entity_0671,entity_0672,test
pair_001826,query,entity_0194,entity_0195,1,entity_0195,entity_0194,entity_0194,entity_0195,test
pair_001827,query,entity_0316,entity_0320,1,entity_0316,entity_0320,entity_0320,entity_0316,test
pair_001828,query,entity_0919,entity_0935,0,entity_0935,entity_0919,entity_0919,entity_0935,test
pair_001829,query,entity_0295,entity_0299,1,entity_0299,entity_0295,entity_0295,entity_0299,test
pair_001830,query,entity_0217,entity_0828,0,entity_0828,entity_0217,entity_0217,entity_0828,test
pair_001831,query,entity_0109,entity_0883,0,entity_0109,entity_0883,entity_0883,entity_0109,test
pair_001832,query,entity_0197,entity_0200,1,entity_0200,entity_0197,entity_0197,entity_0200,test
pair_001833,query,entity_0673,entity_0676,1,entity_0676,entity_0673,entity_0673,entity_0676,test
pair_001834,query,entity_0201,entity_0209,1,entity_0209,entity_0201,entity_0201,entity_0209,test
pair_001835,query,entity_0464,entity_0470,1,entity_0470,entity_0464,entity_0464,entity_0470,test
pair_001836,query,entity_0599,entity_0606,0,entity_0599,entity_0606,entity_0606,entity_0599,test
pair_001837,query,entity_0187,entity_0190,1,entity_0190,entity_0187,entity_0187,entity_0190,test
pair_001838,query,entity_0757,entity_0993,0,entity_0993,entity_0757,entity_0757,entity_0993,test
pair_001839,query,entity_0331,entity_0648,0,entity_0331,entity_0648,entity_0648,entity_0331,test
pair_001840,query,entity_0135,entity_0140,1,entity_0140,entity_0135,entity_0135,entity_0140,test
pair_001841,query,entity_0402,entity_0404,1,entity_0402,entity_0404,entity_0404,entity_0402,test
pair_001842,query,entity_0095,entity_0100,1,entity_0100,entity_0095,entity_0095,entity_0100,test
pair_001843,query,entity_0214,entity_0218,1,entity_0214,entity_0218,entity_0218,entity_0214,test
pair_001844,query,entity_0993,entity_1000,1,entity_1000,entity_0993,entity_0993,entity_1000,test
pair_001845,query,entity_0294,entity_0298,1,entity_0294,entity_0298,entity_0298,entity_0294,validation
pair_001846,query,entity_0438,entity_0439,1,entity_0438,entity_0439,entity_0439,entity_0438,test
pair_001847,query,entity_0921,entity_0930,1,entity_0930,entity_0921,entity_0921,entity_0930,test
pair_001848,query,entity_0853,entity_0918,0,entity_0918,entity_0853,entity_0853,entity_0918,test
pair_001849,query,entity_0804,entity_0809,1,entity_0809,entity_0804,entity_0804,entity_0809,validation
pair_001850,query,entity_0334,entity_0817,0,entity_0334,entity_0817,entity_0817,entity_0334,test
pair_001851,query,entity_0182,entity_0651,0,entity_0182,entity_0651,entity_0651,entity_0182,test
pair_001852,query,entity_0934,entity_0940,1,entity_0940,entity_0934,entity_0934,entity_0940,test
pair_001853,query,entity_0363,entity_0368,1,entity_0368,entity_0363,entity_0363,entity_0368,validation
pair_001854,query,entity_0762,entity_0959,0,entity_0762,entity_0959,entity_0959,entity_0762,test
pair_001855,query,entity_0328,entity_0787,0,entity_0328,entity_0787,entity_0787,entity_0328,test
pair_001856,query,entity_0225,entity_0902,0,entity_0225,entity_0902,entity_0902,entity_0225,test
pair_001857,query,entity_0311,entity_0319,1,entity_0319,entity_0311,entity_0311,entity_0319,test
pair_001858,query,entity_0214,entity_0945,0,entity_0945,entity_0214,entity_0214,entity_0945,test
pair_001859,query,entity_0351,entity_0358,1,entity_0358,entity_0351,entity_0351,entity_0358,test
pair_001860,query,entity_0460,entity_0587,0,entity_0460,entity_0587,entity_0587,entity_0460,test
pair_001861,query,entity_0975,entity_0980,1,entity_0980,entity_0975,entity_0975,entity_0980,test
pair_001862,query,entity_0303,entity_0307,1,entity_0307,entity_0303,entity_0303,entity_0307,test
pair_001863,query,entity_0726,entity_0885,0,entity_0726,entity_0885,entity_0885,entity_0726,test
pair_001864,query,entity_0368,entity_0466,0,entity_0368,entity_0466,entity_0466,entity_0368,test
pair_001865,query,entity_0169,entity_0662,0,entity_0169,entity_0662,entity_0662,entity_0169,test
pair_001866,query,entity_0542,entity_0738,0,entity_0738,entity_0542,entity_0542,entity_0738,test
pair_001867,query,entity_0613,entity_0617,1,entity_0613,entity_0617,entity_0617,entity_0613,test
pair_001868,query,entity_0255,entity_0259,1,entity_0259,entity_0255,entity_0255,entity_0259,test
pair_001869,query,entity_0211,entity_0214,1,entity_0214,entity_0211,entity_0211,entity_0214,test
pair_001870,query,entity_0406,entity_0410,1,entity_0406,entity_0410,entity_0410,entity_0406,test
pair_001871,query,entity_0649,entity_0650,1,entity_0649,entity_0650,entity_0650,entity_0649,test
pair_001872,query,entity_0520,entity_0700,0,entity_0700,entity_0520,entity_0520,entity_0700,validation
pair_001873,query,entity_0082,entity_0084,1,entity_0084,entity_0082,entity_0082,entity_0084,test
pair_001874,query,entity_0831,entity_0833,1,entity_0831,entity_0833,entity_0833,entity_0831,validation
pair_001875,query,entity_0257,entity_0558,0,entity_0558,entity_0257,entity_0257,entity_0558,test
pair_001876,query,entity_0179,entity_0521,0,entity_0179,entity_0521,entity_0521,entity_0179,test
pair_001877,query,entity_0219,entity_0971,0,entity_0219,entity_0971,entity_0971,entity_0219,validation
pair_001878,query,entity_0991,entity_0998,1,entity_0998,entity_0991,entity_0991,entity_0998,test
pair_001879,query,entity_0034,entity_0036,1,entity_0034,entity_0036,entity_0036,entity_0034,test
pair_001880,query,entity_0539,entity_0796,0,entity_0796,entity_0539,entity_0539,entity_0796,test
pair_001881,query,entity_0589,entity_0731,0,entity_0731,entity_0589,entity_0589,entity_0731,test
pair_001882,query,entity_0107,entity_0325,0,entity_0325,entity_0107,entity_0107,entity_0325,validation
pair_001883,query,entity_0097,entity_0836,0,entity_0097,entity_0836,entity_0836,entity_0097,test
pair_001884,query,entity_0240,entity_0529,0,entity_0529,entity_0240,entity_0240,entity_0529,test
pair_001885,query,entity_0469,entity_0533,0,entity_0533,entity_0469,entity_0469,entity_0533,test
pair_001886,query,entity_0852,entity_0858,1,entity_0852,entity_0858,entity_0858,entity_0852,validation
pair_001887,query,entity_0234,entity_0236,1,entity_0236,entity_0234,entity_0234,entity_0236,validation
pair_001888,query,entity_0039,entity_0919,0,entity_0039,entity_0919,entity_0919,entity_0039,validation
pair_001889,query,entity_0276,entity_0628,0,entity_0628,entity_0276,entity_0276,entity_0628,test
pair_001890,query,entity_0454,entity_0456,1,entity_0454,entity_0456,entity_0456,entity_0454,test
pair_001891,query,entity_0055,entity_0730,0,entity_0055,entity_0730,entity_0730,entity_0055,test
pair_001892,query,entity_0213,entity_0320,0,entity_0213,entity_0320,entity_0320,entity_0213,test
pair_001893,query,entity_0391,entity_0393,1,entity_0393,entity_0391,entity_0391,entity_0393,test
pair_001894,query,entity_0356,entity_0922,0,entity_0356,entity_0922,entity_0922,entity_0356,test
pair_001895,query,entity_0058,entity_0643,0,entity_0058,entity_0643,entity_0643,entity_0058,test
pair_001896,query,entity_0222,entity_0223,1,entity_0223,entity_0222,entity_0222,entity_0223,test
pair_001897,query,entity_0646,entity_0778,0,entity_0778,entity_0646,entity_0646,entity_0778,test
pair_001898,query,entity_0142,entity_0144,1,entity_0142,entity_0144,entity_0144,entity_0142,test
pair_001899,query,entity_0147,entity_0149,1,entity_0149,entity_0147,entity_0147,entity_0149,test
pair_001900,query,entity_0531,entity_0746,0,entity_0746,entity_0531,entity_0531,entity_0746,test
pair_001901,query,entity_0214,entity_0802,0,entity_0214,entity_0802,entity_0802,entity_0214,test
pair_001902,query,entity_0735,entity_0740,1,entity_0735,entity_0740,entity_0740,entity_0735,validation
pair_001903,query,entity_0002,entity_0721,0,entity_0721,entity_0002,entity_0002,entity_0721,test
pair_001904,query,entity_0148,entity_0170,0,entity_0170,entity_0148,entity_0148,entity_0170,test
pair_001905,query,entity_0740,entity_0742,0,entity_0742,entity_0740,entity_0740,entity_0742,validation
pair_001906,query,entity_0895,entity_0900,1,entity_0900,entity_0895,entity_0895,entity_0900,test
pair_001907,query,entity_0230,entity_0653,0,entity_0653,entity_0230,entity_0230,entity_0653,test
pair_001908,query,entity_0322,entity_0328,1,entity_0322,entity_0328,entity_0328,entity_0322,test
pair_001909,query,entity_0177,entity_0179,1,entity_0177,entity_0179,entity_0179,entity_0177,test
pair_001910,query,entity_0483,entity_0484,1,entity_0484,entity_0483,entity_0483,entity_0484,test
pair_001911,query,entity_0733,entity_0737,1,entity_0737,entity_0733,entity_0733,entity_0737,test
pair_001912,query,entity_0181,entity_0190,1,entity_0181,entity_0190,entity_0190,entity_0181,test
pair_001913,query,entity_0364,entity_0886,0,entity_0364,entity_0886,entity_0886,entity_0364,test
pair_001914,query,entity_0594,entity_0600,1,entity_0594,entity_0600,entity_0600,entity_0594,test
pair_001915,query,entity_0456,entity_0873,0,entity_0873,entity_0456,entity_0456,entity_0873,validation
pair_001916,query,entity_0507,entity_0509,1,entity_0507,entity_0509,entity_0509,entity_0507,test
pair_001917,query,entity_0063,entity_0070,1,entity_0063,entity_0070,entity_0070,entity_0063,test
pair_001918,query,entity_0593,entity_0598,1,entity_0598,entity_0593,entity_0593,entity_0598,test
pair_001919,query,entity_0435,entity_0530,0,entity_0530,entity_0435,entity_0435,entity_0530,validation
pair_001920,query,entity_0135,entity_0183,0,entity_0135,entity_0183,entity_0183,entity_0135,test
pair_001921,query,entity_0355,entity_0474,0,entity_0355,entity_0474,entity_0474,entity_0355,test
pair_001922,query,entity_0756,entity_0758,1,entity_0758,entity_0756,entity_0756,entity_0758,validation
pair_001923,query,entity_0215,entity_0220,1,entity_0220,entity_0215,entity_0215,entity_0220,test
pair_001924,query,entity_0153,entity_0551,0,entity_0551,entity_0153,entity_0153,entity_0551,validation
pair_001925,query,entity_0691,entity_0694,1,entity_0691,entity_0694,entity_0694,entity_0691,test
pair_001926,query,entity_0643,entity_0976,0,entity_0643,entity_0976,entity_0976,entity_0643,test
pair_001927,query,entity_0018,entity_0020,1,entity_0018,entity_0020,entity_0020,entity_0018,test
pair_001928,query,entity_0704,entity_0955,0,entity_0955,entity_0704,entity_0704,entity_0955,test
pair_001929,query,entity_0057,entity_0642,0,entity_0642,entity_0057,entity_0057,entity_0642,test
pair_001930,query,entity_0227,entity_0228,1,entity_0228,entity_0227,entity_0227,entity_0228,test
pair_001931,query,entity_0913,entity_0974,0,entity_0913,entity_0974,entity_0974,entity_0913,test
pair_001932,query,entity_0275,entity_0276,1,entity_0275,entity_0276,entity_0276,entity_0275,test
pair_001933,query,entity_0169,entity_0416,0,entity_0169,entity_0416,entity_0416,entity_0169,test
pair_001934,query,entity_0892,entity_0895,1,entity_0892,entity_0895,entity_0895,entity_0892,validation
pair_001935,query,entity_0029,entity_0738,0,entity_0738,entity_0029,entity_0029,entity_0738,test
pair_001936,query,entity_0088,entity_0190,0,entity_0190,entity_0088,entity_0088,entity_0190,validation
pair_001937,query,entity_0099,entity_0791,0,entity_0099,entity_0791,entity_0791,entity_0099,test
pair_001938,query,entity_0522,entity_0525,1,entity_0522,entity_0525,entity_0525,entity_0522,test
pair_001939,query,entity_0673,entity_0679,1,entity_0679,entity_0673,entity_0673,entity_0679,test
pair_001940,query,entity_0587,entity_0589,1,entity_0589,entity_0587,entity_0587,entity_0589,test
pair_001941,query,entity_0412,entity_0414,1,entity_0412,entity_0414,entity_0414,entity_0412,test
pair_001942,query,entity_0573,entity_0908,0,entity_0908,entity_0573,entity_0573,entity_0908,validation
pair_001943,query,entity_0151,entity_0303,0,entity_0303,entity_0151,entity_0151,entity_0303,validation
pair_001944,query,entity_0042,entity_0127,0,entity_0127,entity_0042,entity_0042,entity_0127,validation
pair_001945,query,entity_0578,entity_0580,1,entity_0580,entity_0578,entity_0578,entity_0580,test
pair_001946,query,entity_0883,entity_0884,1,entity_0884,entity_0883,entity_0883,entity_0884,test
pair_001947,query,entity_0926,entity_0930,1,entity_0926,entity_0930,entity_0930,entity_0926,test
pair_001948,query,entity_0278,entity_0280,1,entity_0280,entity_0278,entity_0278,entity_0280,test
pair_001949,query,entity_0843,entity_0845,1,entity_0843,entity_0845,entity_0845,entity_0843,validation
pair_001950,query,entity_0271,entity_0276,1,entity_0271,entity_0276,entity_0276,entity_0271,test
pair_001951,query,entity_0116,entity_0417,0,entity_0417,entity_0116,entity_0116,entity_0417,test
pair_001952,query,entity_0221,entity_0544,0,entity_0544,entity_0221,entity_0221,entity_0544,test
pair_001953,query,entity_0160,entity_0637,0,entity_0637,entity_0160,entity_0160,entity_0637,test
pair_001954,query,entity_0902,entity_0953,0,entity_0953,entity_0902,entity_0902,entity_0953,test
pair_001955,query,entity_0371,entity_0375,1,entity_0371,entity_0375,entity_0375,entity_0371,test
pair_001956,query,entity_0465,entity_0755,0,entity_0465,entity_0755,entity_0755,entity_0465,test
pair_001957,query,entity_0430,entity_0684,0,entity_0430,entity_0684,entity_0684,entity_0430,test
pair_001958,query,entity_0923,entity_0924,1,entity_0924,entity_0923,entity_0923,entity_0924,validation
pair_001959,query,entity_0262,entity_0328,0,entity_0328,entity_0262,entity_0262,entity_0328,test
pair_001960,query,entity_0689,entity_0690,1,entity_0689,entity_0690,entity_0690,entity_0689,test
pair_001961,query,entity_0319,entity_0768,0,entity_0768,entity_0319,entity_0319,entity_0768,test
pair_001962,query,entity_0021,entity_0992,0,entity_0992,entity_0021,entity_0021,entity_0992,test
pair_001963,query,entity_0061,entity_0070,1,entity_0061,entity_0070,entity_0070,entity_0061,test
pair_001964,query,entity_0455,entity_0991,0,entity_0991,entity_0455,entity_0455,entity_0991,test
pair_001965,query,entity_0190,entity_0780,0,entity_0190,entity_0780,entity_0780,entity_0190,test
pair_001966,query,entity_0614,entity_0619,1,entity_0619,entity_0614,entity_0614,entity_0619,validation
pair_001967,query,entity_0208,entity_0408,0,entity_0408,entity_0208,entity_0208,entity_0408,validation
pair_001968,query,entity_0257,entity_0557,0,entity_0257,entity_0557,entity_0557,entity_0257,test
pair_001969,query,entity_0047,entity_0050,1,entity_0047,entity_0050,entity_0050,entity_0047,test
pair_001970,query,entity_0434,entity_0889,0,entity_0434,entity_0889,entity_0889,entity_0434,test
pair_001971,query,entity_0237,entity_0890,0,entity_0890,entity_0237,entity_0237,entity_0890,test
pair_001972,query,entity_0060,entity_0597,0,entity_0060,entity_0597,entity_0597,entity_0060,test
pair_001973,query,entity_0231,entity_0979,0,entity_0979,entity_0231,entity_0231,entity_0979,test
pair_001974,query,entity_0287,entity_0859,0,entity_0287,entity_0859,entity_0859,entity_0287,test
pair_001975,query,entity_0534,entity_0784,0,entity_0784,entity_0534,entity_0534,entity_0784,validation
pair_001976,query,entity_0169,entity_0791,0,entity_0791,entity_0169,entity_0169,entity_0791,test
pair_001977,query,entity_0157,entity_0448,0,entity_0157,entity_0448,entity_0448,entity_0157,test
pair_001978,query,entity_0441,entity_0443,1,entity_0441,entity_0443,entity_0443,entity_0441,test
pair_001979,query,entity_0755,entity_0758,1,entity_0758,entity_0755,entity_0755,entity_0758,test
pair_001980,query,entity_0623,entity_0627,1,entity_0623,entity_0627,entity_0627,entity_0623,validation
pair_001981,query,entity_0072,entity_0197,0,entity_0072,entity_0197,entity_0197,entity_0072,test
pair_001982,query,entity_0285,entity_0568,0,entity_0568,entity_0285,entity_0285,entity_0568,test
pair_001983,query,entity_0595,entity_0788,0,entity_0788,entity_0595,entity_0595,entity_0788,test
pair_001984,query,entity_0350,entity_0804,0,entity_0350,entity_0804,entity_0804,entity_0350,validation
pair_001985,query,entity_0451,entity_0453,1,entity_0453,entity_0451,entity_0451,entity_0453,test
pair_001986,query,entity_0131,entity_0354,0,entity_0131,entity_0354,entity_0354,entity_0131,test
pair_001987,query,entity_0584,entity_0588,1,entity_0588,entity_0584,entity_0584,entity_0588,validation
pair_001988,query,entity_0353,entity_0828,0,entity_0353,entity_0828,entity_0828,entity_0353,test
pair_001989,query,entity_0438,entity_0541,0,entity_0438,entity_0541,entity_0541,entity_0438,test
pair_001990,query,entity_0194,entity_0368,0,entity_0368,entity_0194,entity_0194,entity_0368,validation
pair_001991,query,entity_0003,entity_0010,1,entity_0010,entity_0003,entity_0003,entity_0010,validation
pair_001992,query,entity_0530,entity_0655,0,entity_0655,entity_0530,entity_0530,entity_0655,test
pair_001993,query,entity_0268,entity_0502,0,entity_0502,entity_0268,entity_0268,entity_0502,validation
pair_001994,query,entity_0544,entity_0840,0,entity_0544,entity_0840,entity_0840,entity_0544,validation
pair_001995,query,entity_0594,entity_0596,1,entity_0596,entity_0594,entity_0594,entity_0596,test
pair_001996,query,entity_0191,entity_0196,1,entity_0191,entity_0196,entity_0196,entity_0191,validation
pair_001997,query,entity_0202,entity_0203,1,entity_0202,entity_0203,entity_0203,entity_0202,test
pair_001998,query,entity_0947,entity_0950,1,entity_0947,entity_0950,entity_0950,entity_0947,test
pair_001999,query,entity_0109,entity_0544,0,entity_0109,entity_0544,entity_0544,entity_0109,validation
pair_002000,query,entity_0173,entity_0724,0,entity_0173,entity_0724,entity_0724,entity_0173,test
pair_002001,query,entity_0601,entity_0609,1,entity_0601,entity_0609,entity_0609,entity_0601,test
pair_002002,query,entity_0961,entity_0968,1,entity_0968,entity_0961,entity_0961,entity_0968,test
pair_002003,query,entity_0381,entity_0389,1,entity_0389,entity_0381,entity_0381,entity_0389,test
pair_002004,query,entity_0220,entity_0715,0,entity_0715,entity_0220,entity_0220,entity_0715,test
pair_002005,query,entity_0063,entity_0764,0,entity_0063,entity_0764,entity_0764,entity_0063,test
pair_002006,query,entity_0512,entity_0695,0,entity_0512,entity_0695,entity_0695,entity_0512,test
pair_002007,query,entity_0183,entity_0185,1,entity_0185,entity_0183,entity_0183,entity_0185,validation
pair_002008,query,entity_0605,entity_0607,1,entity_0605,entity_0607,entity_0607,entity_0605,test
pair_002009,query,entity_0378,entity_0380,1,entity_0380,entity_0378,entity_0378,entity_0380,validation
pair_002010,query,entity_0201,entity_0471,0,entity_0201,entity_0471,entity_0471,entity_0201,test
pair_002011,query,entity_0534,entity_0540,1,entity_0534,entity_0540,entity_0540,entity_0534,validation
pair_002012,query,entity_0943,entity_0947,1,entity_0947,entity_0943,entity_0943,entity_0947,test
pair_002013,query,entity_0269,entity_0493,0,entity_0493,entity_0269,entity_0269,entity_0493,test
pair_002014,query,entity_0329,entity_0815,0,entity_0815,entity_0329,entity_0329,entity_0815,test
pair_002015,query,entity_0128,entity_0454,0,entity_0128,entity_0454,entity_0454,entity_0128,test
pair_002016,query,entity_0098,entity_0867,0,entity_0098,entity_0867,entity_0867,entity_0098,test
pair_002017,query,entity_0208,entity_0397,0,entity_0397,entity_0208,entity_0208,entity_0397,test
pair_002018,query,entity_0393,entity_0580,0,entity_0580,entity_0393,entity_0393,entity_0580,test
pair_002019,query,entity_0582,entity_0589,1,entity_0589,entity_0582,entity_0582,entity_0589,validation
pair_002020,query,entity_0532,entity_0533,1,entity_0532,entity_0533,entity_0533,entity_0532,test
pair_002021,query,entity_0041,entity_0358,0,entity_0041,entity_0358,entity_0358,entity_0041,test
pair_002022,query,entity_0415,entity_0417,1,entity_0415,entity_0417,entity_0417,entity_0415,test
pair_002023,query,entity_0292,entity_0491,0,entity_0292,entity_0491,entity_0491,entity_0292,test
pair_002024,query,entity_0078,entity_0483,0,entity_0483,entity_0078,entity_0078,entity_0483,test
pair_002025,query,entity_0411,entity_0725,0,entity_0725,entity_0411,entity_0411,entity_0725,test
pair_002026,query,entity_0207,entity_0902,0,entity_0207,entity_0902,entity_0902,entity_0207,test
pair_002027,query,entity_0302,entity_0306,1,entity_0306,entity_0302,entity_0302,entity_0306,test
pair_002028,query,entity_0713,entity_0716,1,entity_0716,entity_0713,entity_0713,entity_0716,validation
pair_002029,query,entity_0085,entity_0100,0,entity_0085,entity_0100,entity_0100,entity_0085,test
pair_002030,query,entity_0502,entity_0509,1,entity_0502,entity_0509,entity_0509,entity_0502,validation
pair_002031,query,entity_0565,entity_0568,1,entity_0565,entity_0568,entity_0568,entity_0565,test
pair_002032,query,entity_0205,entity_0661,0,entity_0205,entity_0661,entity_0661,entity_0205,test
pair_002033,query,entity_0133,entity_0517,0,entity_0133,entity_0517,entity_0517,entity_0133,test
pair_002034,query,entity_0549,entity_0757,0,entity_0549,entity_0757,entity_0757,entity_0549,test
pair_002035,query,entity_0778,entity_0779,1,entity_0779,entity_0778,entity_0778,entity_0779,test
pair_002036,query,entity_0379,entity_0885,0,entity_0885,entity_0379,entity_0379,entity_0885,test
pair_002037,query,entity_0504,entity_0739,0,entity_0504,entity_0739,entity_0739,entity_0504,test
pair_002038,query,entity_0001,entity_0904,0,entity_0904,entity_0001,entity_0001,entity_0904,validation
pair_002039,query,entity_0114,entity_0118,1,entity_0118,entity_0114,entity_0114,entity_0118,test
pair_002040,query,entity_0810,entity_0892,0,entity_0892,entity_0810,entity_0810,entity_0892,test
pair_002041,query,entity_0057,entity_0298,0,entity_0298,entity_0057,entity_0057,entity_0298,test
pair_002042,query,entity_0371,entity_0373,1,entity_0373,entity_0371,entity_0371,entity_0373,test
pair_002043,query,entity_0782,entity_0783,1,entity_0782,entity_0783,entity_0783,entity_0782,validation
pair_002044,query,entity_0004,entity_0826,0,entity_0826,entity_0004,entity_0004,entity_0826,validation
pair_002045,query,entity_0924,entity_0930,1,entity_0930,entity_0924,entity_0924,entity_0930,test
pair_002046,query,entity_0581,entity_0587,1,entity_0581,entity_0587,entity_0587,entity_0581,test
pair_002047,query,entity_0227,entity_0355,0,entity_0355,entity_0227,entity_0227,entity_0355,test
pair_002048,query,entity_0292,entity_0342,0,entity_0292,entity_0342,entity_0342,entity_0292,test
pair_002049,query,entity_0638,entity_0811,0,entity_0811,entity_0638,entity_0638,entity_0811,test
pair_002050,query,entity_0307,entity_0526,0,entity_0526,entity_0307,entity_0307,entity_0526,test
pair_002051,query,entity_0814,entity_0819,1,entity_0814,entity_0819,entity_0819,entity_0814,validation
pair_002052,query,entity_0278,entity_0875,0,entity_0278,entity_0875,entity_0875,entity_0278,test
pair_002053,query,entity_0722,entity_0728,1,entity_0728,entity_0722,entity_0722,entity_0728,validation
pair_002054,query,entity_0281,entity_0284,1,entity_0284,entity_0281,entity_0281,entity_0284,test
pair_002055,query,entity_0020,entity_0787,0,entity_0020,entity_0787,entity_0787,entity_0020,validation
pair_002056,query,entity_0284,entity_0285,1,entity_0284,entity_0285,entity_0285,entity_0284,test
pair_002057,query,entity_0346,entity_0834,0,entity_0834,entity_0346,entity_0346,entity_0834,validation
pair_002058,query,entity_0137,entity_0207,0,entity_0207,entity_0137,entity_0137,entity_0207,validation
pair_002059,query,entity_0632,entity_0640,1,entity_0640,entity_0632,entity_0632,entity_0640,test
pair_002060,query,entity_0062,entity_0067,1,entity_0062,entity_0067,entity_0067,entity_0062,validation
pair_002061,query,entity_0172,entity_0318,0,entity_0172,entity_0318,entity_0318,entity_0172,test
pair_002062,query,entity_0842,entity_0849,1,entity_0842,entity_0849,entity_0849,entity_0842,test
pair_002063,query,entity_0624,entity_0662,0,entity_0624,entity_0662,entity_0662,entity_0624,validation
pair_002064,query,entity_0627,entity_0630,1,entity_0627,entity_0630,entity_0630,entity_0627,validation
pair_002065,query,entity_0469,entity_0899,0,entity_0899,entity_0469,entity_0469,entity_0899,test
pair_002066,query,entity_0016,entity_0252,0,entity_0016,entity_0252,entity_0252,entity_0016,test
pair_002067,query,entity_0129,entity_0740,0,entity_0740,entity_0129,entity_0129,entity_0740,validation
pair_002068,query,entity_0721,entity_0727,1,entity_0727,entity_0721,entity_0721,entity_0727,test
pair_002069,query,entity_0916,entity_0985,0,entity_0985,entity_0916,entity_0916,entity_0985,test
pair_002070,query,entity_0937,entity_0939,1,entity_0937,entity_0939,entity_0939,entity_0937,validation
pair_002071,query,entity_0004,entity_0466,0,entity_0004,entity_0466,entity_0466,entity_0004,test
pair_002072,query,entity_0333,entity_0335,1,entity_0335,entity_0333,entity_0333,entity_0335,test
pair_002073,query,entity_0502,entity_0507,1,entity_0502,entity_0507,entity_0507,entity_0502,validation
pair_002074,query,entity_0247,entity_0250,1,entity_0247,entity_0250,entity_0250,entity_0247,test
pair_002075,query,entity_0416,entity_0419,1,entity_0416,entity_0419,entity_0419,entity_0416,test
pair_002076,query,entity_0193,entity_0563,0,entity_0563,entity_0193,entity_0193,entity_0563,validation
pair_002077,query,entity_0597,entity_0599,1,entity_0599,entity_0597,entity_0597,entity_0599,test
pair_002078,query,entity_0110,entity_0905,0,entity_0905,entity_0110,entity_0110,entity_0905,test
pair_002079,query,entity_0185,entity_0188,1,entity_0188,entity_0185,entity_0185,entity_0188,validation
pair_002080,query,entity_0856,entity_0857,1,entity_0856,entity_0857,entity_0857,entity_0856,test
pair_002081,query,entity_0303,entity_0305,1,entity_0303,entity_0305,entity_0305,entity_0303,test
pair_002082,query,entity_0624,entity_0627,1,entity_0624,entity_0627,entity_0627,entity_0624,test
pair_002083,query,entity_0386,entity_0388,1,entity_0388,entity_0386,entity_0386,entity_0388,test
pair_002084,query,entity_0685,entity_0690,1,entity_0685,entity_0690,entity_0690,entity_0685,test
pair_002085,query,entity_0408,entity_0998,0,entity_0998,entity_0408,entity_0408,entity_0998,test
pair_002086,query,entity_0473,entity_0813,0,entity_0813,entity_0473,entity_0473,entity_0813,validation
pair_002087,query,entity_0979,entity_0980,1,entity_0979,entity_0980,entity_0980,entity_0979,test
pair_002088,query,entity_0103,entity_0109,1,entity_0103,entity_0109,entity_0109,entity_0103,validation
pair_002089,query,entity_0307,entity_0550,0,entity_0307,entity_0550,entity_0550,entity_0307,test
pair_002090,query,entity_0011,entity_0646,0,entity_0011,entity_0646,entity_0646,entity_0011,test
pair_002091,query,entity_0533,entity_0540,1,entity_0533,entity_0540,entity_0540,entity_0533,test
pair_002092,query,entity_0545,entity_0548,1,entity_0548,entity_0545,entity_0545,entity_0548,validation
pair_002093,query,entity_0289,entity_0429,0,entity_0429,entity_0289,entity_0289,entity_0429,test
pair_002094,query,entity_0841,entity_0842,1,entity_0841,entity_0842,entity_0842,entity_0841,test
pair_002095,query,entity_0191,entity_0200,1,entity_0200,entity_0191,entity_0191,entity_0200,test
pair_002096,query,entity_0171,entity_0180,1,entity_0171,entity_0180,entity_0180,entity_0171,validation
pair_002097,query,entity_0734,entity_0738,1,entity_0734,entity_0738,entity_0738,entity_0734,test
pair_002098,query,entity_0913,entity_0920,1,entity_0920,entity_0913,entity_0913,entity_0920,validation
pair_002099,query,entity_0544,entity_0681,0,entity_0681,entity_0544,entity_0544,entity_0681,test
pair_002100,query,entity_0219,entity_0220,1,entity_0220,entity_0219,entity_0219,entity_0220,test
pair_002101,query,entity_0847,entity_0848,1,entity_0848,entity_0847,entity_0847,entity_0848,validation
pair_002102,query,entity_0021,entity_0024,1,entity_0024,entity_0021,entity_0021,entity_0024,validation
pair_002103,query,entity_0742,entity_0748,1,entity_0742,entity_0748,entity_0748,entity_0742,test
pair_002104,query,entity_0090,entity_0786,0,entity_0090,entity_0786,entity_0786,entity_0090,test
pair_002105,query,entity_0642,entity_0643,1,entity_0642,entity_0643,entity_0643,entity_0642,validation
pair_002106,query,entity_0374,entity_0376,1,entity_0376,entity_0374,entity_0374,entity_0376,test
pair_002107,query,entity_0157,entity_0702,0,entity_0702,entity_0157,entity_0157,entity_0702,test
pair_002108,query,entity_0755,entity_0756,1,entity_0756,entity_0755,entity_0755,entity_0756,test
pair_002109,query,entity_0449,entity_0450,1,entity_0449,entity_0450,entity_0450,entity_0449,test
pair_002110,query,entity_0413,entity_0510,0,entity_0413,entity_0510,entity_0510,entity_0413,test
pair_002111,query,entity_0931,entity_0935,1,entity_0931,entity_0935,entity_0935,entity_0931,test
pair_002112,query,entity_0621,entity_0623,1,entity_0623,entity_0621,entity_0621,entity_0623,test
pair_002113,query,entity_0463,entity_0469,1,entity_0469,entity_0463,entity_0463,entity_0469,test
pair_002114,query,entity_0098,entity_0436,0,entity_0436,entity_0098,entity_0098,entity_0436,test
pair_002115,query,entity_0642,entity_0649,1,entity_0642,entity_0649,entity_0649,entity_0642,test
pair_002116,query,entity_0332,entity_0337,1,entity_0337,entity_0332,entity_0332,entity_0337,test
pair_002117,query,entity_0123,entity_0908,0,entity_0123,entity_0908,entity_0908,entity_0123,test
pair_002118,query,entity_0069,entity_0961,0,entity_0069,entity_0961,entity_0961,entity_0069,test
pair_002119,query,entity_0341,entity_0350,1,entity_0350,entity_0341,entity_0341,entity_0350,validation
pair_002120,query,entity_0541,entity_0550,1,entity_0541,entity_0550,entity_0550,entity_0541,test
pair_002121,query,entity_0003,entity_0725,0,entity_0003,entity_0725,entity_0725,entity_0003,test
pair_002122,query,entity_0226,entity_0229,1,entity_0226,entity_0229,entity_0229,entity_0226,validation
pair_002123,query,entity_0353,entity_0357,1,entity_0357,entity_0353,entity_0353,entity_0357,test
pair_002124,query,entity_0671,entity_0680,1,entity_0680,entity_0671,entity_0671,entity_0680,test
pair_002125,query,entity_0992,entity_0998,1,entity_0998,entity_0992,entity_0992,entity_0998,test
pair_002126,query,entity_0575,entity_0580,1,entity_0580,entity_0575,entity_0575,entity_0580,test
pair_002127,query,entity_0202,entity_0206,1,entity_0206,entity_0202,entity_0202,entity_0206,test
pair_002128,query,entity_0103,entity_0104,1,entity_0103,entity_0104,entity_0104,entity_0103,test
pair_002129,query,entity_0631,entity_0732,0,entity_0732,entity_0631,entity_0631,entity_0732,test
pair_002130,query,entity_0422,entity_0429,1,entity_0422,entity_0429,entity_0429,entity_0422,test
pair_002131,query,entity_0074,entity_0079,1,entity_0079,entity_0074,entity_0074,entity_0079,test
pair_002132,query,entity_0402,entity_0410,1,entity_0410,entity_0402,entity_0402,entity_0410,validation
pair_002133,query,entity_0231,entity_0643,0,entity_0643,entity_0231,entity_0231,entity_0643,validation
pair_002134,query,entity_0081,entity_0090,1,entity_0081,entity_0090,entity_0090,entity_0081,test
pair_002135,query,entity_0104,entity_0109,1,entity_0104,entity_0109,entity_0109,entity_0104,validation
pair_002136,query,entity_0334,entity_0337,1,entity_0337,entity_0334,entity_0334,entity_0337,test
pair_002137,query,entity_0292,entity_0295,1,entity_0295,entity_0292,entity_0292,entity_0295,test
pair_002138,query,entity_0467,entity_0598,0,entity_0598,entity_0467,entity_0467,entity_0598,test
pair_002139,query,entity_0088,entity_0420,0,entity_0420,entity_0088,entity_0088,entity_0420,test
pair_002140,query,entity_0014,entity_0372,0,entity_0014,entity_0372,entity_0372,entity_0014,validation
pair_002141,query,entity_0492,entity_0969,0,entity_0969,entity_0492,entity_0492,entity_0969,test
pair_002142,query,entity_0102,entity_0565,0,entity_0102,entity_0565,entity_0565,entity_0102,test
pair_002143,query,entity_0001,entity_0922,0,entity_0922,entity_0001,entity_0001,entity_0922,test
pair_002144,query,entity_0545,entity_0883,0,entity_0883,entity_0545,entity_0545,entity_0883,test
pair_002145,query,entity_0311,entity_0316,1,entity_0311,entity_0316,entity_0316,entity_0311,validation
pair_002146,query,entity_0298,entity_0486,0,entity_0486,entity_0298,entity_0298,entity_0486,test
pair_002147,query,entity_0547,entity_0548,1,entity_0548,entity_0547,entity_0547,entity_0548,test
pair_002148,query,entity_0227,entity_0974,0,entity_0974,entity_0227,entity_0227,entity_0974,test
pair_002149,query,entity_0248,entity_0916,0,entity_0248,entity_0916,entity_0916,entity_0248,validation
pair_002150,query,entity_0183,entity_0877,0,entity_0877,entity_0183,entity_0183,entity_0877,test
pair_002151,query,entity_0367,entity_0478,0,entity_0478,entity_0367,entity_0367,entity_0478,test
pair_002152,query,entity_0141,entity_0146,1,entity_0146,entity_0141,entity_0141,entity_0146,test
pair_002153,query,entity_0396,entity_0400,1,entity_0396,entity_0400,entity_0400,entity_0396,test
pair_002154,query,entity_0170,entity_0811,0,entity_0811,entity_0170,entity_0170,entity_0811,validation
pair_002155,query,entity_0515,entity_0516,1,entity_0516,entity_0515,entity_0515,entity_0516,test
pair_002156,query,entity_0157,entity_0800,0,entity_0157,entity_0800,entity_0800,entity_0157,test
pair_002157,query,entity_0019,entity_0780,0,entity_0019,entity_0780,entity_0780,entity_0019,validation
pair_002158,query,entity_0168,entity_0999,0,entity_0999,entity_0168,entity_0168,entity_0999,test
pair_002159,query,entity_0073,entity_0209,0,entity_0209,entity_0073,entity_0073,entity_0209,validation
pair_002160,query,entity_0646,entity_0650,1,entity_0646,entity_0650,entity_0650,entity_0646,test
pair_002161,query,entity_0756,entity_0760,1,entity_0760,entity_0756,entity_0756,entity_0760,test
pair_002162,query,entity_0284,entity_0290,1,entity_0284,entity_0290,entity_0290,entity_0284,validation
pair_002163,query,entity_0127,entity_0128,1,entity_0127,entity_0128,entity_0128,entity_0127,test
pair_002164,query,entity_0884,entity_0888,1,entity_0884,entity_0888,entity_0888,entity_0884,test
pair_002165,query,entity_0545,entity_0658,0,entity_0545,entity_0658,entity_0658,entity_0545,test
pair_002166,query,entity_0781,entity_0788,1,entity_0788,entity_0781,entity_0781,entity_0788,test
pair_002167,query,entity_0359,entity_0945,0,entity_0945,entity_0359,entity_0359,entity_0945,test
pair_002168,query,entity_0276,entity_0530,0,entity_0530,entity_0276,entity_0276,entity_0530,test
pair_002169,query,entity_0312,entity_0316,1,entity_0312,entity_0316,entity_0316,entity_0312,test
pair_002170,query,entity_0665,entity_0937,0,entity_0937,entity_0665,entity_0665,entity_0937,test
pair_002171,query,entity_0373,entity_0920,0,entity_0920,entity_0373,entity_0373,entity_0920,validation
pair_002172,query,entity_0975,entity_0976,1,entity_0975,entity_0976,entity_0976,entity_0975,test
pair_002173,query,entity_0866,entity_0867,1,entity_0867,entity_0866,entity_0866,entity_0867,test
pair_002174,query,entity_0033,entity_0034,1,entity_0034,entity_0033,entity_0033,entity_0034,validation
pair_002175,query,entity_0342,entity_0343,1,entity_0342,entity_0343,entity_0343,entity_0342,test
pair_002176,query,entity_0177,entity_0320,0,entity_0320,entity_0177,entity_0177,entity_0320,test
pair_002177,query,entity_0171,entity_0904,0,entity_0171,entity_0904,entity_0904,entity_0171,test
pair_002178,query,entity_0721,entity_0729,1,entity_0729,entity_0721,entity_0721,entity_0729,test
pair_002179,query,entity_0639,entity_0640,1,entity_0639,entity_0640,entity_0640,entity_0639,test
pair_002180,query,entity_0532,entity_0540,1,entity_0540,entity_0532,entity_0532,entity_0540,test
pair_002181,query,entity_0472,entity_0474,1,entity_0472,entity_0474,entity_0474,entity_0472,test
pair_002182,query,entity_0306,entity_0541,0,entity_0306,entity_0541,entity_0541,entity_0306,test
pair_002183,query,entity_0661,entity_0664,1,entity_0661,entity_0664,entity_0664,entity_0661,test
pair_002184,query,entity_0571,entity_0973,0,entity_0571,entity_0973,entity_0973,entity_0571,test
pair_002185,query,entity_0004,entity_0096,0,entity_0004,entity_0096,entity_0096,entity_0004,test
pair_002186,query,entity_0397,entity_0400,1,entity_0397,entity_0400,entity_0400,entity_0397,test
pair_002187,query,entity_0596,entity_0598,1,entity_0598,entity_0596,entity_0596,entity_0598,test
pair_002188,query,entity_0646,entity_0678,0,entity_0678,entity_0646,entity_0646,entity_0678,test
pair_002189,query,entity_0822,entity_0873,0,entity_0822,entity_0873,entity_0873,entity_0822,test
pair_002190,query,entity_0764,entity_0769,1,entity_0764,entity_0769,entity_0769,entity_0764,test
pair_002191,query,entity_0276,entity_0279,1,entity_0276,entity_0279,entity_0279,entity_0276,test
pair_002192,query,entity_0718,entity_0720,1,entity_0720,entity_0718,entity_0718,entity_0720,test
pair_002193,query,entity_0564,entity_0569,1,entity_0564,entity_0569,entity_0569,entity_0564,test
pair_002194,query,entity_0564,entity_0570,1,entity_0564,entity_0570,entity_0570,entity_0564,test
pair_002195,query,entity_0693,entity_0694,1,entity_0694,entity_0693,entity_0693,entity_0694,validation
pair_002196,query,entity_0651,entity_0654,1,entity_0654,entity_0651,entity_0651,entity_0654,test
pair_002197,query,entity_0429,entity_0757,0,entity_0757,entity_0429,entity_0429,entity_0757,test
pair_002198,query,entity_0011,entity_0017,1,entity_0017,entity_0011,entity_0011,entity_0017,test
pair_002199,query,entity_0337,entity_0339,1,entity_0337,entity_0339,entity_0339,entity_0337,test
pair_002200,query,entity_0871,entity_0876,1,entity_0876,entity_0871,entity_0871,entity_0876,test
pair_002201,query,entity_0074,entity_0355,0,entity_0074,entity_0355,entity_0355,entity_0074,test
pair_002202,query,entity_0132,entity_0640,0,entity_0640,entity_0132,entity_0132,entity_0640,test
pair_002203,query,entity_0592,entity_0600,1,entity_0592,entity_0600,entity_0600,entity_0592,test
pair_002204,query,entity_0121,entity_0126,1,entity_0121,entity_0126,entity_0126,entity_0121,test
pair_002205,query,entity_0222,entity_0733,0,entity_0733,entity_0222,entity_0222,entity_0733,test
pair_002206,query,entity_0125,entity_0129,1,entity_0125,entity_0129,entity_0129,entity_0125,test
pair_002207,query,entity_0514,entity_0516,1,entity_0514,entity_0516,entity_0516,entity_0514,test
pair_002208,query,entity_0221,entity_0224,1,entity_0224,entity_0221,entity_0221,entity_0224,validation
pair_002209,query,entity_0312,entity_0946,0,entity_0312,entity_0946,entity_0946,entity_0312,test
pair_002210,query,entity_0012,entity_0017,1,entity_0017,entity_0012,entity_0012,entity_0017,test
pair_002211,query,entity_0643,entity_0648,1,entity_0648,entity_0643,entity_0643,entity_0648,test
pair_002212,query,entity_0086,entity_0143,0,entity_0086,entity_0143,entity_0143,entity_0086,test
pair_002213,query,entity_0072,entity_0179,0,entity_0072,entity_0179,entity_0179,entity_0072,test
pair_002214,query,entity_0043,entity_0326,0,entity_0043,entity_0326,entity_0326,entity_0043,test
pair_002215,query,entity_0339,entity_0770,0,entity_0770,entity_0339,entity_0339,entity_0770,validation
pair_002216,query,entity_0186,entity_0906,0,entity_0186,entity_0906,entity_0906,entity_0186,test
pair_002217,query,entity_0155,entity_0159,1,entity_0159,entity_0155,entity_0155,entity_0159,test
pair_002218,query,entity_0203,entity_0210,1,entity_0210,entity_0203,entity_0203,entity_0210,test
pair_002219,query,entity_0255,entity_0260,1,entity_0255,entity_0260,entity_0260,entity_0255,test
pair_002220,query,entity_0149,entity_0509,0,entity_0509,entity_0149,entity_0149,entity_0509,test
pair_002221,query,entity_0236,entity_0433,0,entity_0236,entity_0433,entity_0433,entity_0236,test
pair_002222,query,entity_0871,entity_0988,0,entity_0871,entity_0988,entity_0988,entity_0871,test
pair_002223,query,entity_0432,entity_0438,1,entity_0438,entity_0432,entity_0432,entity_0438,test
pair_002224,query,entity_0343,entity_0349,1,entity_0349,entity_0343,entity_0343,entity_0349,test
pair_002225,query,entity_0119,entity_0530,0,entity_0119,entity_0530,entity_0530,entity_0119,test
pair_002226,query,entity_0784,entity_0790,1,entity_0784,entity_0790,entity_0790,entity_0784,test
pair_002227,query,entity_0416,entity_0420,1,entity_0420,entity_0416,entity_0416,entity_0420,test
pair_002228,query,entity_0055,entity_0941,0,entity_0941,entity_0055,entity_0055,entity_0941,test
pair_002229,query,entity_0792,entity_0794,1,entity_0794,entity_0792,entity_0792,entity_0794,test
pair_002230,query,entity_0207,entity_0527,0,entity_0207,entity_0527,entity_0527,entity_0207,test
pair_002231,query,entity_0243,entity_0477,0,entity_0477,entity_0243,entity_0243,entity_0477,test
pair_002232,query,entity_0582,entity_0910,0,entity_0582,entity_0910,entity_0910,entity_0582,test
pair_002233,query,entity_0944,entity_0948,1,entity_0948,entity_0944,entity_0944,entity_0948,test
pair_002234,query,entity_0774,entity_0777,1,entity_0777,entity_0774,entity_0774,entity_0777,validation
pair_002235,query,entity_0572,entity_0790,0,entity_0572,entity_0790,entity_0790,entity_0572,validation
pair_002236,query,entity_0099,entity_0473,0,entity_0099,entity_0473,entity_0473,entity_0099,test
pair_002237,query,entity_0732,entity_0967,0,entity_0732,entity_0967,entity_0967,entity_0732,test
pair_002238,query,entity_0986,entity_0989,1,entity_0986,entity_0989,entity_0989,entity_0986,test
pair_002239,query,entity_0621,entity_0976,0,entity_0621,entity_0976,entity_0976,entity_0621,test
pair_002240,query,entity_0164,entity_0786,0,entity_0786,entity_0164,entity_0164,entity_0786,test
pair_002241,query,entity_0451,entity_0641,0,entity_0451,entity_0641,entity_0641,entity_0451,test
pair_002242,query,entity_0325,entity_0326,1,entity_0325,entity_0326,entity_0326,entity_0325,test
pair_002243,query,entity_0683,entity_0684,1,entity_0684,entity_0683,entity_0683,entity_0684,validation
pair_002244,query,entity_0731,entity_0735,1,entity_0731,entity_0735,entity_0735,entity_0731,test
pair_002245,query,entity_0064,entity_0529,0,entity_0064,entity_0529,entity_0529,entity_0064,test
pair_002246,query,entity_0985,entity_0989,1,entity_0989,entity_0985,entity_0985,entity_0989,validation
pair_002247,query,entity_0487,entity_0893,0,entity_0487,entity_0893,entity_0893,entity_0487,test
pair_002248,query,entity_0128,entity_0189,0,entity_0189,entity_0128,entity_0128,entity_0189,validation
pair_002249,query,entity_0327,entity_0980,0,entity_0980,entity_0327,entity_0327,entity_0980,test
pair_002250,query,entity_0263,entity_0264,1,entity_0263,entity_0264,entity_0264,entity_0263,test
pair_002251,query,entity_0981,entity_0990,1,entity_0981,entity_0990,entity_0990,entity_0981,test
pair_002252,query,entity_0008,entity_0560,0,entity_0560,entity_0008,entity_0008,entity_0560,validation
pair_002253,query,entity_0466,entity_0468,1,entity_0468,entity_0466,entity_0466,entity_0468,test
pair_002254,query,entity_0724,entity_0725,1,entity_0724,entity_0725,entity_0725,entity_0724,test
pair_002255,query,entity_0627,entity_0671,0,entity_0671,entity_0627,entity_0627,entity_0671,test
pair_002256,query,entity_0111,entity_0112,1,entity_0112,entity_0111,entity_0111,entity_0112,validation
pair_002257,query,entity_0116,entity_0118,1,entity_0118,entity_0116,entity_0116,entity_0118,validation
pair_002258,query,entity_0653,entity_0657,1,entity_0657,entity_0653,entity_0653,entity_0657,test
pair_002259,query,entity_0008,entity_0802,0,entity_0008,entity_0802,entity_0802,entity_0008,validation
pair_002260,query,entity_0253,entity_0257,1,entity_0253,entity_0257,entity_0257,entity_0253,test
pair_002261,query,entity_0290,entity_0752,0,entity_0752,entity_0290,entity_0290,entity_0752,test
pair_002262,query,entity_0252,entity_0253,1,entity_0252,entity_0253,entity_0253,entity_0252,test
pair_002263,query,entity_0165,entity_0414,0,entity_0414,entity_0165,entity_0165,entity_0414,test
pair_002264,query,entity_0301,entity_0916,0,entity_0916,entity_0301,entity_0301,entity_0916,test
pair_002265,query,entity_0653,entity_0983,0,entity_0983,entity_0653,entity_0653,entity_0983,test
pair_002266,query,entity_0296,entity_0992,0,entity_0992,entity_0296,entity_0296,entity_0992,test
pair_002267,query,entity_0855,entity_0859,1,entity_0855,entity_0859,entity_0859,entity_0855,test
pair_002268,query,entity_0042,entity_0046,1,entity_0046,entity_0042,entity_0042,entity_0046,validation
pair_002269,query,entity_0060,entity_0446,0,entity_0060,entity_0446,entity_0446,entity_0060,test
pair_002270,query,entity_0168,entity_0960,0,entity_0960,entity_0168,entity_0168,entity_0960,validation
pair_002271,query,entity_0005,entity_0039,0,entity_0005,entity_0039,entity_0039,entity_0005,test
pair_002272,query,entity_0530,entity_0600,0,entity_0530,entity_0600,entity_0600,entity_0530,test
pair_002273,query,entity_0346,entity_0785,0,entity_0785,entity_0346,entity_0346,entity_0785,validation
pair_002274,query,entity_0250,entity_0256,0,entity_0250,entity_0256,entity_0256,entity_0250,validation
pair_002275,query,entity_0183,entity_0437,0,entity_0183,entity_0437,entity_0437,entity_0183,test
pair_002276,query,entity_0181,entity_0186,1,entity_0181,entity_0186,entity_0186,entity_0181,validation
pair_002277,query,entity_0248,entity_0249,1,entity_0249,entity_0248,entity_0248,entity_0249,test
pair_002278,query,entity_0267,entity_0269,1,entity_0267,entity_0269,entity_0269,entity_0267,test
pair_002279,query,entity_0206,entity_0399,0,entity_0206,entity_0399,entity_0399,entity_0206,validation
pair_002280,query,entity_0551,entity_0556,1,entity_0551,entity_0556,entity_0556,entity_0551,test
pair_002281,query,entity_0617,entity_0900,0,entity_0617,entity_0900,entity_0900,entity_0617,validation
pair_002282,query,entity_0036,entity_0038,1,entity_0036,entity_0038,entity_0038,entity_0036,test
pair_002283,query,entity_0087,entity_0672,0,entity_0087,entity_0672,entity_0672,entity_0087,validation
pair_002284,query,entity_0528,entity_0890,0,entity_0528,entity_0890,entity_0890,entity_0528,test
pair_002285,query,entity_0634,entity_0637,1,entity_0634,entity_0637,entity_0637,entity_0634,test
pair_002286,query,entity_0085,entity_0104,0,entity_0104,entity_0085,entity_0085,entity_0104,test
pair_002287,query,entity_0732,entity_0733,1,entity_0732,entity_0733,entity_0733,entity_0732,test
pair_002288,query,entity_0482,entity_0709,0,entity_0482,entity_0709,entity_0709,entity_0482,test
pair_002289,query,entity_0433,entity_0436,1,entity_0436,entity_0433,entity_0433,entity_0436,test
pair_002290,query,entity_0633,entity_0851,0,entity_0633,entity_0851,entity_0851,entity_0633,test
pair_002291,query,entity_0946,entity_0957,0,entity_0946,entity_0957,entity_0957,entity_0946,test
pair_002292,query,entity_0986,entity_0990,1,entity_0990,entity_0986,entity_0986,entity_0990,test
pair_002293,query,entity_0503,entity_0509,1,entity_0503,entity_0509,entity_0509,entity_0503,test
pair_002294,query,entity_0423,entity_0892,0,entity_0892,entity_0423,entity_0423,entity_0892,test
pair_002295,query,entity_0629,entity_0630,1,entity_0630,entity_0629,entity_0629,entity_0630,validation
pair_002296,query,entity_0575,entity_0579,1,entity_0579,entity_0575,entity_0575,entity_0579,validation
pair_002297,query,entity_0763,entity_0766,1,entity_0763,entity_0766,entity_0766,entity_0763,test
pair_002298,query,entity_0098,entity_0551,0,entity_0551,entity_0098,entity_0098,entity_0551,test
pair_002299,query,entity_0280,entity_0828,0,entity_0828,entity_0280,entity_0280,entity_0828,test
pair_002300,query,entity_0752,entity_0754,1,entity_0754,entity_0752,entity_0752,entity_0754,validation
pair_002301,query,entity_0067,entity_0070,1,entity_0067,entity_0070,entity_0070,entity_0067,test
pair_002302,query,entity_0241,entity_0249,1,entity_0249,entity_0241,entity_0241,entity_0249,test
pair_002303,query,entity_0307,entity_0560,0,entity_0307,entity_0560,entity_0560,entity_0307,test
pair_002304,query,entity_0872,entity_0876,1,entity_0876,entity_0872,entity_0872,entity_0876,test
pair_002305,query,entity_0835,entity_0840,1,entity_0840,entity_0835,entity_0835,entity_0840,test
pair_002306,query,entity_0895,entity_0902,0,entity_0902,entity_0895,entity_0895,entity_0902,test
pair_002307,query,entity_0649,entity_0658,0,entity_0658,entity_0649,entity_0649,entity_0658,test
pair_002308,query,entity_0964,entity_0969,1,entity_0964,entity_0969,entity_0969,entity_0964,test
pair_002309,query,entity_0667,entity_0668,1,entity_0667,entity_0668,entity_0668,entity_0667,test
pair_002310,query,entity_0301,entity_0518,0,entity_0518,entity_0301,entity_0301,entity_0518,test
pair_002311,query,entity_0052,entity_0715,0,entity_0715,entity_0052,entity_0052,entity_0715,test
pair_002312,query,entity_0153,entity_0733,0,entity_0153,entity_0733,entity_0733,entity_0153,test
pair_002313,query,entity_0105,entity_0109,1,entity_0109,entity_0105,entity_0105,entity_0109,test
pair_002314,query,entity_0211,entity_0212,1,entity_0212,entity_0211,entity_0211,entity_0212,test
pair_002315,query,entity_0022,entity_0026,1,entity_0022,entity_0026,entity_0026,entity_0022,test
pair_002316,query,entity_0047,entity_0479,0,entity_0479,entity_0047,entity_0047,entity_0479,test
pair_002317,query,entity_0035,entity_0040,1,entity_0040,entity_0035,entity_0035,entity_0040,test
pair_002318,query,entity_0355,entity_0533,0,entity_0533,entity_0355,entity_0355,entity_0533,test
pair_002319,query,entity_0973,entity_0976,1,entity_0976,entity_0973,entity_0973,entity_0976,test
pair_002320,query,entity_0165,entity_0499,0,entity_0499,entity_0165,entity_0165,entity_0499,test
pair_002321,query,entity_0249,entity_0583,0,entity_0583,entity_0249,entity_0249,entity_0583,test
pair_002322,query,entity_0544,entity_0550,1,entity_0544,entity_0550,entity_0550,entity_0544,test
pair_002323,query,entity_0178,entity_0789,0,entity_0789,entity_0178,entity_0178,entity_0789,test
pair_002324,query,entity_0842,entity_0925,0,entity_0925,entity_0842,entity_0842,entity_0925,test
pair_002325,query,entity_0098,entity_0799,0,entity_0799,entity_0098,entity_0098,entity_0799,test
pair_002326,query,entity_0274,entity_0278,1,entity_0274,entity_0278,entity_0278,entity_0274,validation
pair_002327,query,entity_0841,entity_0956,0,entity_0956,entity_0841,entity_0841,entity_0956,test
pair_002328,query,entity_0563,entity_0735,0,entity_0563,entity_0735,entity_0735,entity_0563,test
pair_002329,query,entity_0856,entity_0860,1,entity_0856,entity_0860,entity_0860,entity_0856,test
pair_002330,query,entity_0681,entity_0687,1,entity_0687,entity_0681,entity_0681,entity_0687,test
pair_002331,query,entity_0719,entity_0720,1,entity_0719,entity_0720,entity_0720,entity_0719,validation
pair_002332,query,entity_0558,entity_0560,1,entity_0560,entity_0558,entity_0558,entity_0560,test
pair_002333,query,entity_0791,entity_0797,1,entity_0797,entity_0791,entity_0791,entity_0797,test
pair_002334,query,entity_0198,entity_0839,0,entity_0839,entity_0198,entity_0198,entity_0839,test
pair_002335,query,entity_0752,entity_0963,0,entity_0752,entity_0963,entity_0963,entity_0752,test
pair_002336,query,entity_0123,entity_0561,0,entity_0561,entity_0123,entity_0123,entity_0561,validation
pair_002337,query,entity_0171,entity_0932,0,entity_0932,entity_0171,entity_0171,entity_0932,validation
pair_002338,query,entity_0791,entity_0945,0,entity_0791,entity_0945,entity_0945,entity_0791,test
pair_002339,query,entity_0807,entity_0808,1,entity_0808,entity_0807,entity_0807,entity_0808,test
pair_002340,query,entity_0029,entity_0516,0,entity_0516,entity_0029,entity_0029,entity_0516,test
pair_002341,query,entity_0612,entity_0615,1,entity_0615,entity_0612,entity_0612,entity_0615,validation
pair_002342,query,entity_0462,entity_0469,1,entity_0462,entity_0469,entity_0469,entity_0462,validation
pair_002343,query,entity_0288,entity_0896,0,entity_0288,entity_0896,entity_0896,entity_0288,test
pair_002344,query,entity_0308,entity_0309,1,entity_0308,entity_0309,entity_0309,entity_0308,test
pair_002345,query,entity_0441,entity_0447,1,entity_0441,entity_0447,entity_0447,entity_0441,test
pair_002346,query,entity_0126,entity_0457,0,entity_0457,entity_0126,entity_0126,entity_0457,test
pair_002347,query,entity_0354,entity_0358,1,entity_0354,entity_0358,entity_0358,entity_0354,test
pair_002348,query,entity_0022,entity_0024,1,entity_0022,entity_0024,entity_0024,entity_0022,validation
pair_002349,query,entity_0506,entity_0507,1,entity_0506,entity_0507,entity_0507,entity_0506,test
pair_002350,query,entity_0199,entity_0712,0,entity_0712,entity_0199,entity_0199,entity_0712,test
pair_002351,query,entity_0434,entity_0859,0,entity_0434,entity_0859,entity_0859,entity_0434,validation
pair_002352,query,entity_0320,entity_0599,0,entity_0320,entity_0599,entity_0599,entity_0320,test
pair_002353,query,entity_0682,entity_0758,0,entity_0682,entity_0758,entity_0758,entity_0682,validation
pair_002354,query,entity_0828,entity_0994,0,entity_0828,entity_0994,entity_0994,entity_0828,test
pair_002355,query,entity_0821,entity_0824,1,entity_0821,entity_0824,entity_0824,entity_0821,test
pair_002356,query,entity_0475,entity_0557,0,entity_0557,entity_0475,entity_0475,entity_0557,test
pair_002357,query,entity_0671,entity_0679,1,entity_0671,entity_0679,entity_0679,entity_0671,validation
pair_002358,query,entity_0701,entity_0821,0,entity_0821,entity_0701,entity_0701,entity_0821,validation
pair_002359,query,entity_0088,entity_0380,0,entity_0380,entity_0088,entity_0088,entity_0380,test
pair_002360,query,entity_0431,entity_0961,0,entity_0961,entity_0431,entity_0431,entity_0961,test
pair_002361,query,entity_0965,entity_0969,1,entity_0969,entity_0965,entity_0965,entity_0969,test
pair_002362,query,entity_0183,entity_0367,0,entity_0367,entity_0183,entity_0183,entity_0367,test
pair_002363,query,entity_0456,entity_0457,1,entity_0457,entity_0456,entity_0456,entity_0457,test
pair_002364,query,entity_0712,entity_0868,0,entity_0712,entity_0868,entity_0868,entity_0712,test
pair_002365,query,entity_0193,entity_0199,1,entity_0193,entity_0199,entity_0199,entity_0193,test
pair_002366,query,entity_0043,entity_0376,0,entity_0043,entity_0376,entity_0376,entity_0043,test
pair_002367,query,entity_0053,entity_0410,0,entity_0410,entity_0053,entity_0053,entity_0410,validation
pair_002368,query,entity_0153,entity_0155,1,entity_0155,entity_0153,entity_0153,entity_0155,test
pair_002369,query,entity_0211,entity_0219,1,entity_0211,entity_0219,entity_0219,entity_0211,test
pair_002370,query,entity_0105,entity_0106,1,entity_0105,entity_0106,entity_0106,entity_0105,test
pair_002371,query,entity_0420,entity_0838,0,entity_0420,entity_0838,entity_0838,entity_0420,test
pair_002372,query,entity_0452,entity_0460,1,entity_0452,entity_0460,entity_0460,entity_0452,test
pair_002373,query,entity_0124,entity_0199,0,entity_0199,entity_0124,entity_0124,entity_0199,test
pair_002374,query,entity_0217,entity_0845,0,entity_0845,entity_0217,entity_0217,entity_0845,test
pair_002375,query,entity_0313,entity_0557,0,entity_0557,entity_0313,entity_0313,entity_0557,test
pair_002376,query,entity_0276,entity_0971,0,entity_0971,entity_0276,entity_0276,entity_0971,test
pair_002377,query,entity_0606,entity_0959,0,entity_0606,entity_0959,entity_0959,entity_0606,test
pair_002378,query,entity_0172,entity_0180,1,entity_0180,entity_0172,entity_0172,entity_0180,test
pair_002379,query,entity_0506,entity_0510,1,entity_0510,entity_0506,entity_0506,entity_0510,test
pair_002380,query,entity_0024,entity_0742,0,entity_0024,entity_0742,entity_0742,entity_0024,test
pair_002381,query,entity_0494,entity_0679,0,entity_0679,entity_0494,entity_0494,entity_0679,validation
pair_002382,query,entity_0446,entity_0668,0,entity_0446,entity_0668,entity_0668,entity_0446,test
pair_002383,query,entity_0253,entity_0260,1,entity_0260,entity_0253,entity_0253,entity_0260,test
pair_002384,query,entity_0812,entity_0816,1,entity_0816,entity_0812,entity_0812,entity_0816,test
pair_002385,query,entity_0562,entity_0565,1,entity_0565,entity_0562,entity_0562,entity_0565,test
pair_002386,query,entity_0025,entity_0564,0,entity_0025,entity_0564,entity_0564,entity_0025,validation
pair_002387,query,entity_0174,entity_0179,1,entity_0179,entity_0174,entity_0174,entity_0179,test
pair_002388,query,entity_0040,entity_0896,0,entity_0040,entity_0896,entity_0896,entity_0040,test
pair_002389,query,entity_0687,entity_0689,1,entity_0689,entity_0687,entity_0687,entity_0689,test
pair_002390,query,entity_0896,entity_0899,1,entity_0896,entity_0899,entity_0899,entity_0896,validation
pair_002391,query,entity_0326,entity_0685,0,entity_0326,entity_0685,entity_0685,entity_0326,validation
pair_002392,query,entity_0342,entity_0347,1,entity_0347,entity_0342,entity_0342,entity_0347,validation
pair_002393,query,entity_0994,entity_0996,1,entity_0994,entity_0996,entity_0996,entity_0994,validation
pair_002394,query,entity_0535,entity_0636,0,entity_0636,entity_0535,entity_0535,entity_0636,test
pair_002395,query,entity_0522,entity_0989,0,entity_0522,entity_0989,entity_0989,entity_0522,test
pair_002396,query,entity_0330,entity_0962,0,entity_0330,entity_0962,entity_0962,entity_0330,test
pair_002397,query,entity_0286,entity_0846,0,entity_0846,entity_0286,entity_0286,entity_0846,test
pair_002398,query,entity_0264,entity_0523,0,entity_0264,entity_0523,entity_0523,entity_0264,validation
pair_002399,query,entity_0505,entity_0553,0,entity_0553,entity_0505,entity_0505,entity_0553,test
pair_002400,query,entity_0193,entity_0200,1,entity_0200,entity_0193,entity_0193,entity_0200,test
pair_002401,query,entity_0235,entity_0911,0,entity_0911,entity_0235,entity_0235,entity_0911,validation
pair_002402,query,entity_0227,entity_0385,0,entity_0385,entity_0227,entity_0227,entity_0385,test
pair_002403,query,entity_0794,entity_0805,0,entity_0805,entity_0794,entity_0794,entity_0805,test
pair_002404,query,entity_0170,entity_0688,0,entity_0688,entity_0170,entity_0170,entity_0688,test
pair_002405,query,entity_0223,entity_0228,1,entity_0223,entity_0228,entity_0228,entity_0223,test
pair_002406,query,entity_0054,entity_0063,0,entity_0054,entity_0063,entity_0063,entity_0054,test
pair_002407,query,entity_0086,entity_0451,0,entity_0086,entity_0451,entity_0451,entity_0086,validation
pair_002408,query,entity_0414,entity_0417,1,entity_0414,entity_0417,entity_0417,entity_0414,test
pair_002409,query,entity_0077,entity_0875,0,entity_0077,entity_0875,entity_0875,entity_0077,test
pair_002410,query,entity_0437,entity_0517,0,entity_0517,entity_0437,entity_0437,entity_0517,test
pair_002411,query,entity_0977,entity_0979,1,entity_0977,entity_0979,entity_0979,entity_0977,test
pair_002412,query,entity_0144,entity_0264,0,entity_0264,entity_0144,entity_0144,entity_0264,test
pair_002413,query,entity_0016,entity_0913,0,entity_0016,entity_0913,entity_0913,entity_0016,test
pair_002414,query,entity_0600,entity_0714,0,entity_0714,entity_0600,entity_0600,entity_0714,test
pair_002415,query,entity_0174,entity_0295,0,entity_0295,entity_0174,entity_0174,entity_0295,validation
pair_002416,query,entity_0048,entity_0050,1,entity_0050,entity_0048,entity_0048,entity_0050,test
pair_002417,query,entity_0932,entity_0937,1,entity_0932,entity_0937,entity_0937,entity_0932,test
pair_002418,query,entity_0862,entity_0864,1,entity_0864,entity_0862,entity_0862,entity_0864,test
pair_002419,query,entity_0495,entity_0713,0,entity_0495,entity_0713,entity_0713,entity_0495,test
pair_002420,query,entity_0790,entity_0984,0,entity_0984,entity_0790,entity_0790,entity_0984,validation
pair_002421,query,entity_0188,entity_0190,1,entity_0190,entity_0188,entity_0188,entity_0190,test
pair_002422,query,entity_0603,entity_0922,0,entity_0603,entity_0922,entity_0922,entity_0603,test
pair_002423,query,entity_0961,entity_0966,1,entity_0966,entity_0961,entity_0961,entity_0966,test
pair_002424,query,entity_0324,entity_0325,1,entity_0324,entity_0325,entity_0325,entity_0324,validation
pair_002425,query,entity_0868,entity_0870,1,entity_0870,entity_0868,entity_0868,entity_0870,validation
pair_002426,query,entity_0931,entity_0933,1,entity_0931,entity_0933,entity_0933,entity_0931,test
pair_002427,query,entity_0483,entity_0600,0,entity_0483,entity_0600,entity_0600,entity_0483,test
pair_002428,query,entity_0010,entity_0904,0,entity_0904,entity_0010,entity_0010,entity_0904,test
pair_002429,query,entity_0113,entity_0120,1,entity_0120,entity_0113,entity_0113,entity_0120,test
pair_002430,query,entity_0108,entity_0109,1,entity_0108,entity_0109,entity_0109,entity_0108,validation
pair_002431,query,entity_0398,entity_0997,0,entity_0997,entity_0398,entity_0398,entity_0997,test
pair_002432,query,entity_0042,entity_0780,0,entity_0780,entity_0042,entity_0042,entity_0780,test
pair_002433,query,entity_0325,entity_0847,0,entity_0847,entity_0325,entity_0325,entity_0847,test
pair_002434,query,entity_0195,entity_0198,1,entity_0195,entity_0198,entity_0198,entity_0195,test
pair_002435,query,entity_0621,entity_0628,1,entity_0621,entity_0628,entity_0628,entity_0621,test
pair_002436,query,entity_0354,entity_0357,1,entity_0354,entity_0357,entity_0357,entity_0354,validation
pair_002437,query,entity_0147,entity_0715,0,entity_0147,entity_0715,entity_0715,entity_0147,test
pair_002438,query,entity_0120,entity_0582,0,entity_0120,entity_0582,entity_0582,entity_0120,test
pair_002439,query,entity_0116,entity_0120,1,entity_0116,entity_0120,entity_0120,entity_0116,test
pair_002440,query,entity_0300,entity_0967,0,entity_0967,entity_0300,entity_0300,entity_0967,test
pair_002441,query,entity_0385,entity_0390,1,entity_0385,entity_0390,entity_0390,entity_0385,test
pair_002442,query,entity_0868,entity_0872,0,entity_0868,entity_0872,entity_0872,entity_0868,validation
pair_002443,query,entity_0236,entity_0237,1,entity_0237,entity_0236,entity_0236,entity_0237,test
pair_002444,query,entity_0088,entity_0090,1,entity_0090,entity_0088,entity_0088,entity_0090,test
pair_002445,query,entity_0167,entity_0351,0,entity_0167,entity_0351,entity_0351,entity_0167,test
pair_002446,query,entity_0378,entity_0379,1,entity_0379,entity_0378,entity_0378,entity_0379,test
pair_002447,query,entity_0590,entity_0689,0,entity_0689,entity_0590,entity_0590,entity_0689,test
pair_002448,query,entity_0220,entity_0323,0,entity_0323,entity_0220,entity_0220,entity_0323,validation
pair_002449,query,entity_0195,entity_0802,0,entity_0802,entity_0195,entity_0195,entity_0802,test
pair_002450,query,entity_0489,entity_0522,0,entity_0522,entity_0489,entity_0489,entity_0522,test
pair_002451,query,entity_0034,entity_0145,0,entity_0145,entity_0034,entity_0034,entity_0145,test
pair_002452,query,entity_0831,entity_0832,1,entity_0832,entity_0831,entity_0831,entity_0832,test
pair_002453,query,entity_0394,entity_0872,0,entity_0394,entity_0872,entity_0872,entity_0394,test
pair_002454,query,entity_0821,entity_0822,1,entity_0821,entity_0822,entity_0822,entity_0821,test
pair_002455,query,entity_0801,entity_0807,1,entity_0801,entity_0807,entity_0807,entity_0801,validation
pair_002456,query,entity_0282,entity_0858,0,entity_0282,entity_0858,entity_0858,entity_0282,test
pair_002457,query,entity_0404,entity_0432,0,entity_0404,entity_0432,entity_0432,entity_0404,test
pair_002458,query,entity_0681,entity_0682,1,entity_0682,entity_0681,entity_0681,entity_0682,test
pair_002459,query,entity_0214,entity_0219,1,entity_0214,entity_0219,entity_0219,entity_0214,test
pair_002460,query,entity_0352,entity_0353,1,entity_0353,entity_0352,entity_0352,entity_0353,test
pair_002461,query,entity_0102,entity_0534,0,entity_0102,entity_0534,entity_0534,entity_0102,test
pair_002462,query,entity_0408,entity_0587,0,entity_0587,entity_0408,entity_0408,entity_0587,validation
pair_002463,query,entity_0413,entity_0416,1,entity_0413,entity_0416,entity_0416,entity_0413,test
pair_002464,query,entity_0470,entity_0687,0,entity_0687,entity_0470,entity_0470,entity_0687,test
pair_002465,query,entity_0447,entity_0570,0,entity_0447,entity_0570,entity_0570,entity_0447,test
pair_002466,query,entity_0642,entity_0904,0,entity_0904,entity_0642,entity_0642,entity_0904,test
pair_002467,query,entity_0094,entity_0099,1,entity_0094,entity_0099,entity_0099,entity_0094,test
pair_002468,query,entity_0163,entity_0406,0,entity_0406,entity_0163,entity_0163,entity_0406,test
pair_002469,query,entity_0205,entity_0708,0,entity_0205,entity_0708,entity_0708,entity_0205,test
pair_002470,query,entity_0942,entity_0949,1,entity_0942,entity_0949,entity_0949,entity_0942,test
pair_002471,query,entity_0852,entity_0857,1,entity_0852,entity_0857,entity_0857,entity_0852,validation
pair_002472,query,entity_0281,entity_0289,1,entity_0289,entity_0281,entity_0281,entity_0289,test
pair_002473,query,entity_0029,entity_0564,0,entity_0029,entity_0564,entity_0564,entity_0029,test
pair_002474,query,entity_0043,entity_0508,0,entity_0043,entity_0508,entity_0508,entity_0043,validation
pair_002475,query,entity_0181,entity_0182,1,entity_0182,entity_0181,entity_0181,entity_0182,test
pair_002476,query,entity_0117,entity_0719,0,entity_0719,entity_0117,entity_0117,entity_0719,validation
pair_002477,query,entity_0384,entity_0389,1,entity_0389,entity_0384,entity_0384,entity_0389,validation
pair_002478,query,entity_0625,entity_0628,1,entity_0625,entity_0628,entity_0628,entity_0625,test
pair_002479,query,entity_0583,entity_0638,0,entity_0583,entity_0638,entity_0638,entity_0583,test
pair_002480,query,entity_0630,entity_0963,0,entity_0963,entity_0630,entity_0630,entity_0963,validation
pair_002481,query,entity_0824,entity_0854,0,entity_0824,entity_0854,entity_0854,entity_0824,test
pair_002482,query,entity_0419,entity_0494,0,entity_0494,entity_0419,entity_0419,entity_0494,test
pair_002483,query,entity_0757,entity_0759,1,entity_0759,entity_0757,entity_0757,entity_0759,test
pair_002484,query,entity_0211,entity_0216,1,entity_0216,entity_0211,entity_0211,entity_0216,test
pair_002485,query,entity_0893,entity_0898,1,entity_0898,entity_0893,entity_0893,entity_0898,validation
pair_002486,query,entity_0653,entity_0660,1,entity_0653,entity_0660,entity_0660,entity_0653,test
pair_002487,query,entity_0682,entity_0689,1,entity_0689,entity_0682,entity_0682,entity_0689,test
pair_002488,query,entity_0010,entity_0171,0,entity_0010,entity_0171,entity_0171,entity_0010,test
pair_002489,query,entity_0204,entity_0206,1,entity_0206,entity_0204,entity_0204,entity_0206,test
pair_002490,query,entity_0655,entity_0681,0,entity_0655,entity_0681,entity_0681,entity_0655,test
pair_002491,query,entity_0981,entity_0982,1,entity_0982,entity_0981,entity_0981,entity_0982,test
pair_002492,query,entity_0454,entity_0828,0,entity_0828,entity_0454,entity_0454,entity_0828,test
pair_002493,query,entity_0395,entity_0400,1,entity_0400,entity_0395,entity_0395,entity_0400,test
pair_002494,query,entity_0745,entity_0746,1,entity_0746,entity_0745,entity_0745,entity_0746,validation
pair_002495,query,entity_0181,entity_0189,1,entity_0181,entity_0189,entity_0189,entity_0181,validation
pair_002496,query,entity_0514,entity_0519,1,entity_0519,entity_0514,entity_0514,entity_0519,test
pair_002497,query,entity_0017,entity_0020,1,entity_0020,entity_0017,entity_0017,entity_0020,test
pair_002498,query,entity_0323,entity_0976,0,entity_0976,entity_0323,entity_0323,entity_0976,validation
pair_002499,query,entity_0353,entity_0521,0,entity_0521,entity_0353,entity_0353,entity_0521,test
pair_002500,query,entity_0509,entity_0510,1,entity_0510,entity_0509,entity_0509,entity_0510,test
pair_002501,query,entity_0700,entity_0814,0,entity_0700,entity_0814,entity_0814,entity_0700,test
pair_002502,query,entity_0121,entity_0123,1,entity_0123,entity_0121,entity_0121,entity_0123,validation
pair_002503,query,entity_0472,entity_0473,1,entity_0472,entity_0473,entity_0473,entity_0472,validation
pair_002504,query,entity_0746,entity_0747,1,entity_0747,entity_0746,entity_0746,entity_0747,test
pair_002505,query,entity_0216,entity_0736,0,entity_0216,entity_0736,entity_0736,entity_0216,test
pair_002506,query,entity_0645,entity_0923,0,entity_0645,entity_0923,entity_0923,entity_0645,test
pair_002507,query,entity_0164,entity_0625,0,entity_0164,entity_0625,entity_0625,entity_0164,test
pair_002508,query,entity_0297,entity_0298,1,entity_0297,entity_0298,entity_0298,entity_0297,test
pair_002509,query,entity_0251,entity_0252,1,entity_0252,entity_0251,entity_0251,entity_0252,test
pair_002510,query,entity_0585,entity_0873,0,entity_0585,entity_0873,entity_0873,entity_0585,test
pair_002511,query,entity_0101,entity_0275,0,entity_0275,entity_0101,entity_0101,entity_0275,test
pair_002512,query,entity_0654,entity_0906,0,entity_0654,entity_0906,entity_0906,entity_0654,test
pair_002513,query,entity_0528,entity_0924,0,entity_0528,entity_0924,entity_0924,entity_0528,test
pair_002514,query,entity_0178,entity_0758,0,entity_0758,entity_0178,entity_0178,entity_0758,test
pair_002515,query,entity_0571,entity_0578,1,entity_0578,entity_0571,entity_0571,entity_0578,test
pair_002516,query,entity_0464,entity_0837,0,entity_0464,entity_0837,entity_0837,entity_0464,test
pair_002517,query,entity_0118,entity_0451,0,entity_0118,entity_0451,entity_0451,entity_0118,test
pair_002518,query,entity_0208,entity_0964,0,entity_0208,entity_0964,entity_0964,entity_0208,test
pair_002519,query,entity_0665,entity_0740,0,entity_0665,entity_0740,entity_0740,entity_0665,validation
pair_002520,query,entity_0061,entity_0065,1,entity_0065,entity_0061,entity_0061,entity_0065,test
pair_002521,query,entity_0131,entity_0631,0,entity_0131,entity_0631,entity_0631,entity_0131,test
pair_002522,query,entity_0911,entity_0920,1,entity_0920,entity_0911,entity_0911,entity_0920,test
pair_002523,query,entity_0933,entity_0939,1,entity_0939,entity_0933,entity_0933,entity_0939,test
pair_002524,query,entity_0711,entity_0720,1,entity_0711,entity_0720,entity_0720,entity_0711,test
pair_002525,query,entity_0548,entity_0646,0,entity_0548,entity_0646,entity_0646,entity_0548,test
pair_002526,query,entity_0702,entity_0709,1,entity_0709,entity_0702,entity_0702,entity_0709,test
pair_002527,query,entity_0490,entity_0595,0,entity_0490,entity_0595,entity_0595,entity_0490,test
pair_002528,query,entity_0725,entity_0763,0,entity_0763,entity_0725,entity_0725,entity_0763,test
pair_002529,query,entity_0633,entity_0639,1,entity_0639,entity_0633,entity_0633,entity_0639,test
pair_002530,query,entity_0242,entity_0243,1,entity_0242,entity_0243,entity_0243,entity_0242,test
pair_002531,query,entity_0715,entity_0716,1,entity_0716,entity_0715,entity_0715,entity_0716,test
pair_002532,query,entity_0211,entity_0239,0,entity_0211,entity_0239,entity_0239,entity_0211,test
pair_002533,query,entity_0896,entity_0900,1,entity_0896,entity_0900,entity_0900,entity_0896,test
pair_002534,query,entity_0133,entity_0136,1,entity_0136,entity_0133,entity_0133,entity_0136,test
pair_002535,query,entity_0028,entity_0029,1,entity_0029,entity_0028,entity_0028,entity_0029,test
pair_002536,query,entity_0343,entity_0348,1,entity_0348,entity_0343,entity_0343,entity_0348,validation
pair_002537,query,entity_0257,entity_0888,0,entity_0888,entity_0257,entity_0257,entity_0888,test
pair_002538,query,entity_0933,entity_0934,1,entity_0934,entity_0933,entity_0933,entity_0934,test
pair_002539,query,entity_0293,entity_0299,1,entity_0299,entity_0293,entity_0293,entity_0299,test
pair_002540,query,entity_0123,entity_0761,0,entity_0761,entity_0123,entity_0123,entity_0761,test
pair_002541,query,entity_0131,entity_0177,0,entity_0177,entity_0131,entity_0131,entity_0177,test
pair_002542,query,entity_0812,entity_0951,0,entity_0812,entity_0951,entity_0951,entity_0812,test
pair_002543,query,entity_0007,entity_0931,0,entity_0007,entity_0931,entity_0931,entity_0007,test
pair_002544,query,entity_0252,entity_0256,1,entity_0256,entity_0252,entity_0252,entity_0256,test
pair_002545,query,entity_0044,entity_0344,0,entity_0044,entity_0344,entity_0344,entity_0044,test
pair_002546,query,entity_0507,entity_0611,0,entity_0507,entity_0611,entity_0611,entity_0507,test
pair_002547,query,entity_0823,entity_0828,1,entity_0823,entity_0828,entity_0828,entity_0823,test
pair_002548,query,entity_0770,entity_0796,0,entity_0770,entity_0796,entity_0796,entity_0770,test
pair_002549,query,entity_0288,entity_0290,1,entity_0290,entity_0288,entity_0288,entity_0290,test
pair_002550,query,entity_0453,entity_0455,1,entity_0455,entity_0453,entity_0453,entity_0455,test
pair_002551,query,entity_0494,entity_0500,1,entity_0494,entity_0500,entity_0500,entity_0494,test
pair_002552,query,entity_0213,entity_0451,0,entity_0213,entity_0451,entity_0451,entity_0213,test
pair_002553,query,entity_0014,entity_0100,0,entity_0014,entity_0100,entity_0100,entity_0014,test
pair_002554,query,entity_0441,entity_0528,0,entity_0441,entity_0528,entity_0528,entity_0441,test
pair_002555,query,entity_0814,entity_0817,1,entity_0817,entity_0814,entity_0814,entity_0817,test
pair_002556,query,entity_0402,entity_0405,1,entity_0402,entity_0405,entity_0405,entity_0402,validation
pair_002557,query,entity_0692,entity_0699,1,entity_0699,entity_0692,entity_0692,entity_0699,test
pair_002558,query,entity_0546,entity_0812,0,entity_0812,entity_0546,entity_0546,entity_0812,test
pair_002559,query,entity_0055,entity_0821,0,entity_0821,entity_0055,entity_0055,entity_0821,validation
pair_002560,query,entity_0847,entity_0850,1,entity_0847,entity_0850,entity_0850,entity_0847,test
pair_002561,query,entity_0372,entity_0380,1,entity_0380,entity_0372,entity_0372,entity_0380,validation
pair_002562,query,entity_0548,entity_0833,0,entity_0833,entity_0548,entity_0548,entity_0833,test
pair_002563,query,entity_0463,entity_0470,1,entity_0463,entity_0470,entity_0470,entity_0463,test
pair_002564,query,entity_0374,entity_0380,1,entity_0374,entity_0380,entity_0380,entity_0374,test
pair_002565,query,entity_0458,entity_0633,0,entity_0633,entity_0458,entity_0458,entity_0633,test
pair_002566,query,entity_0471,entity_0479,1,entity_0479,entity_0471,entity_0471,entity_0479,test
pair_002567,query,entity_0115,entity_0119,1,entity_0115,entity_0119,entity_0119,entity_0115,validation
pair_002568,query,entity_0335,entity_0538,0,entity_0538,entity_0335,entity_0335,entity_0538,test
pair_002569,query,entity_0355,entity_0508,0,entity_0508,entity_0355,entity_0355,entity_0508,validation
pair_002570,query,entity_0626,entity_0628,1,entity_0628,entity_0626,entity_0626,entity_0628,test
pair_002571,query,entity_0242,entity_0818,0,entity_0242,entity_0818,entity_0818,entity_0242,test
pair_002572,query,entity_0735,entity_0968,0,entity_0968,entity_0735,entity_0735,entity_0968,test
pair_002573,query,entity_0450,entity_0514,0,entity_0514,entity_0450,entity_0450,entity_0514,test
pair_002574,query,entity_0483,entity_0487,1,entity_0483,entity_0487,entity_0487,entity_0483,validation
pair_002575,query,entity_0189,entity_0633,0,entity_0633,entity_0189,entity_0189,entity_0633,validation
pair_002576,query,entity_0096,entity_0780,0,entity_0096,entity_0780,entity_0780,entity_0096,validation
pair_002577,query,entity_0223,entity_0224,1,entity_0224,entity_0223,entity_0223,entity_0224,test
pair_002578,query,entity_0565,entity_0839,0,entity_0565,entity_0839,entity_0839,entity_0565,test
pair_002579,query,entity_0221,entity_0540,0,entity_0540,entity_0221,entity_0221,entity_0540,validation
pair_002580,query,entity_0237,entity_0238,1,entity_0237,entity_0238,entity_0238,entity_0237,validation
pair_002581,query,entity_0553,entity_0555,1,entity_0553,entity_0555,entity_0555,entity_0553,test
pair_002582,query,entity_0392,entity_0395,1,entity_0395,entity_0392,entity_0392,entity_0395,test
pair_002583,query,entity_0676,entity_0717,0,entity_0676,entity_0717,entity_0717,entity_0676,validation
pair_002584,query,entity_0665,entity_0695,0,entity_0665,entity_0695,entity_0695,entity_0665,validation
pair_002585,query,entity_0006,entity_0717,0,entity_0006,entity_0717,entity_0717,entity_0006,validation
pair_002586,query,entity_0003,entity_0007,1,entity_0007,entity_0003,entity_0003,entity_0007,validation
pair_002587,query,entity_0410,entity_0896,0,entity_0896,entity_0410,entity_0410,entity_0896,test
pair_002588,query,entity_0401,entity_0407,1,entity_0401,entity_0407,entity_0407,entity_0401,validation
pair_002589,query,entity_0161,entity_0166,1,entity_0166,entity_0161,entity_0161,entity_0166,validation
pair_002590,query,entity_0331,entity_0334,1,entity_0334,entity_0331,entity_0331,entity_0334,test
pair_002591,query,entity_0237,entity_0239,1,entity_0239,entity_0237,entity_0237,entity_0239,test
pair_002592,query,entity_0704,entity_0773,0,entity_0773,entity_0704,entity_0704,entity_0773,test
pair_002593,query,entity_0483,entity_0488,1,entity_0488,entity_0483,entity_0483,entity_0488,test
pair_002594,query,entity_0957,entity_0958,1,entity_0958,entity_0957,entity_0957,entity_0958,test
pair_002595,query,entity_0944,entity_0949,1,entity_0949,entity_0944,entity_0944,entity_0949,validation
pair_002596,query,entity_0427,entity_0553,0,entity_0553,entity_0427,entity_0427,entity_0553,test
pair_002597,query,entity_0159,entity_0529,0,entity_0159,entity_0529,entity_0529,entity_0159,test
pair_002598,query,entity_0793,entity_0795,1,entity_0793,entity_0795,entity_0795,entity_0793,test
pair_002599,query,entity_0911,entity_0915,1,entity_0915,entity_0911,entity_0911,entity_0915,test
pair_002600,query,entity_0392,entity_0397,1,entity_0397,entity_0392,entity_0392,entity_0397,validation
pair_002601,query,entity_0144,entity_0185,0,entity_0144,entity_0185,entity_0185,entity_0144,test
pair_002602,query,entity_0803,entity_0810,1,entity_0810,entity_0803,entity_0803,entity_0810,test
pair_002603,query,entity_0216,entity_0419,0,entity_0419,entity_0216,entity_0216,entity_0419,test
pair_002604,query,entity_0051,entity_0052,1,entity_0052,entity_0051,entity_0051,entity_0052,test
pair_002605,query,entity_0423,entity_0425,1,entity_0425,entity_0423,entity_0423,entity_0425,validation
pair_002606,query,entity_0631,entity_0638,1,entity_0631,entity_0638,entity_0638,entity_0631,test
pair_002607,query,entity_0383,entity_0479,0,entity_0479,entity_0383,entity_0383,entity_0479,test
pair_002608,query,entity_0389,entity_0824,0,entity_0824,entity_0389,entity_0389,entity_0824,test
pair_002609,query,entity_0908,entity_0909,1,entity_0908,entity_0909,entity_0909,entity_0908,test
pair_002610,query,entity_0308,entity_0897,0,entity_0308,entity_0897,entity_0897,entity_0308,test
pair_002611,query,entity_0807,entity_0810,1,entity_0810,entity_0807,entity_0807,entity_0810,test
pair_002612,query,entity_0533,entity_0661,0,entity_0533,entity_0661,entity_0661,entity_0533,test
pair_002613,query,entity_0533,entity_0654,0,entity_0654,entity_0533,entity_0533,entity_0654,test
pair_002614,query,entity_0005,entity_0514,0,entity_0005,entity_0514,entity_0514,entity_0005,test
pair_002615,query,entity_0699,entity_0700,1,entity_0699,entity_0700,entity_0700,entity_0699,test
pair_002616,query,entity_0683,entity_0688,1,entity_0688,entity_0683,entity_0683,entity_0688,test
pair_002617,query,entity_0541,entity_0544,1,entity_0541,entity_0544,entity_0544,entity_0541,validation
pair_002618,query,entity_0351,entity_0357,1,entity_0357,entity_0351,entity_0351,entity_0357,test
pair_002619,query,entity_0814,entity_0816,1,entity_0814,entity_0816,entity_0816,entity_0814,validation
pair_002620,query,entity_0283,entity_0829,0,entity_0283,entity_0829,entity_0829,entity_0283,test
pair_002621,query,entity_0229,entity_0966,0,entity_0229,entity_0966,entity_0966,entity_0229,test
pair_002622,query,entity_0137,entity_0663,0,entity_0137,entity_0663,entity_0663,entity_0137,test
pair_002623,query,entity_0952,entity_0954,1,entity_0952,entity_0954,entity_0954,entity_0952,test
pair_002624,query,entity_0106,entity_0518,0,entity_0106,entity_0518,entity_0518,entity_0106,validation
pair_002625,query,entity_0593,entity_0594,1,entity_0594,entity_0593,entity_0593,entity_0594,test
pair_002626,query,entity_0012,entity_0199,0,entity_0199,entity_0012,entity_0012,entity_0199,validation
pair_002627,query,entity_0153,entity_0477,0,entity_0153,entity_0477,entity_0477,entity_0153,test
pair_002628,query,entity_0846,entity_0896,0,entity_0846,entity_0896,entity_0896,entity_0846,test
pair_002629,query,entity_0119,entity_0442,0,entity_0119,entity_0442,entity_0442,entity_0119,test
pair_002630,query,entity_0620,entity_0655,0,entity_0655,entity_0620,entity_0620,entity_0655,test
pair_002631,query,entity_0476,entity_0479,1,entity_0476,entity_0479,entity_0479,entity_0476,test
pair_002632,query,entity_0252,entity_0258,1,entity_0252,entity_0258,entity_0258,entity_0252,validation
pair_002633,query,entity_0189,entity_0443,0,entity_0443,entity_0189,entity_0189,entity_0443,test
pair_002634,query,entity_0641,entity_0650,1,entity_0641,entity_0650,entity_0650,entity_0641,test
pair_002635,query,entity_0967,entity_0969,1,entity_0967,entity_0969,entity_0969,entity_0967,test
pair_002636,query,entity_0365,entity_0492,0,entity_0365,entity_0492,entity_0492,entity_0365,test
pair_002637,query,entity_0941,entity_0947,1,entity_0947,entity_0941,entity_0941,entity_0947,test
pair_002638,query,entity_0491,entity_0497,1,entity_0491,entity_0497,entity_0497,entity_0491,test
pair_002639,query,entity_0678,entity_0838,0,entity_0838,entity_0678,entity_0678,entity_0838,validation
pair_002640,query,entity_0881,entity_0889,1,entity_0881,entity_0889,entity_0889,entity_0881,test
pair_002641,query,entity_0325,entity_0870,0,entity_0325,entity_0870,entity_0870,entity_0325,test
pair_002642,query,entity_0946,entity_0968,0,entity_0968,entity_0946,entity_0946,entity_0968,validation
pair_002643,query,entity_0123,entity_0128,1,entity_0123,entity_0128,entity_0128,entity_0123,test
pair_002644,query,entity_0180,entity_0584,0,entity_0584,entity_0180,entity_0180,entity_0584,test
pair_002645,query,entity_0608,entity_0610,1,entity_0610,entity_0608,entity_0608,entity_0610,validation
pair_002646,query,entity_0651,entity_0989,0,entity_0989,entity_0651,entity_0651,entity_0989,validation
pair_002647,query,entity_0061,entity_0067,1,entity_0061,entity_0067,entity_0067,entity_0061,test
pair_002648,query,entity_0597,entity_0649,0,entity_0649,entity_0597,entity_0597,entity_0649,validation
pair_002649,query,entity_0184,entity_0187,1,entity_0184,entity_0187,entity_0187,entity_0184,test
pair_002650,query,entity_0730,entity_0941,0,entity_0941,entity_0730,entity_0730,entity_0941,test
pair_002651,query,entity_0731,entity_0732,1,entity_0732,entity_0731,entity_0731,entity_0732,test
pair_002652,query,entity_0342,entity_0345,1,entity_0345,entity_0342,entity_0342,entity_0345,test
pair_002653,query,entity_0410,entity_0552,0,entity_0410,entity_0552,entity_0552,entity_0410,validation
pair_002654,query,entity_0039,entity_0696,0,entity_0039,entity_0696,entity_0696,entity_0039,test
pair_002655,query,entity_0833,entity_0837,1,entity_0833,entity_0837,entity_0837,entity_0833,test
pair_002656,query,entity_0351,entity_0355,1,entity_0355,entity_0351,entity_0351,entity_0355,test
pair_002657,query,entity_0514,entity_0909,0,entity_0514,entity_0909,entity_0909,entity_0514,test
pair_002658,query,entity_0591,entity_0598,1,entity_0591,entity_0598,entity_0598,entity_0591,test
pair_002659,query,entity_0905,entity_0909,1,entity_0905,entity_0909,entity_0909,entity_0905,test
pair_002660,query,entity_0099,entity_0286,0,entity_0286,entity_0099,entity_0099,entity_0286,validation
pair_002661,query,entity_0044,entity_0157,0,entity_0157,entity_0044,entity_0044,entity_0157,test
pair_002662,query,entity_0392,entity_0867,0,entity_0392,entity_0867,entity_0867,entity_0392,test
pair_002663,query,entity_0138,entity_0140,1,entity_0138,entity_0140,entity_0140,entity_0138,test
pair_002664,query,entity_0398,entity_0516,0,entity_0516,entity_0398,entity_0398,entity_0516,validation
pair_002665,query,entity_0388,entity_0656,0,entity_0388,entity_0656,entity_0656,entity_0388,test
pair_002666,query,entity_0151,entity_0153,1,entity_0153,entity_0151,entity_0151,entity_0153,test
pair_002667,query,entity_0264,entity_0376,0,entity_0376,entity_0264,entity_0264,entity_0376,validation
pair_002668,query,entity_0124,entity_0128,1,entity_0124,entity_0128,entity_0128,entity_0124,test
pair_002669,query,entity_0252,entity_0476,0,entity_0252,entity_0476,entity_0476,entity_0252,test
pair_002670,query,entity_0229,entity_0322,0,entity_0229,entity_0322,entity_0322,entity_0229,test
pair_002671,query,entity_0498,entity_0971,0,entity_0498,entity_0971,entity_0971,entity_0498,test
pair_002672,query,entity_0822,entity_0823,1,entity_0823,entity_0822,entity_0822,entity_0823,test
pair_002673,query,entity_0095,entity_0096,1,entity_0096,entity_0095,entity_0095,entity_0096,test
pair_002674,query,entity_0166,entity_0282,0,entity_0166,entity_0282,entity_0282,entity_0166,validation
pair_002675,query,entity_0632,entity_0636,1,entity_0636,entity_0632,entity_0632,entity_0636,test
pair_002676,query,entity_0667,entity_0669,1,entity_0669,entity_0667,entity_0667,entity_0669,test
pair_002677,query,entity_0779,entity_0780,1,entity_0779,entity_0780,entity_0780,entity_0779,test
pair_002678,query,entity_0201,entity_0205,1,entity_0201,entity_0205,entity_0205,entity_0201,test
pair_002679,query,entity_0305,entity_0306,1,entity_0305,entity_0306,entity_0306,entity_0305,test
pair_002680,query,entity_0569,entity_0570,1,entity_0569,entity_0570,entity_0570,entity_0569,test
pair_002681,query,entity_0103,entity_0107,1,entity_0103,entity_0107,entity_0107,entity_0103,test
pair_002682,query,entity_0100,entity_0825,0,entity_0100,entity_0825,entity_0825,entity_0100,test
pair_002683,query,entity_0074,entity_0533,0,entity_0074,entity_0533,entity_0533,entity_0074,test
pair_002684,query,entity_0581,entity_0942,0,entity_0581,entity_0942,entity_0942,entity_0581,test
pair_002685,query,entity_0062,entity_0063,1,entity_0062,entity_0063,entity_0063,entity_0062,test
pair_002686,query,entity_0762,entity_0766,1,entity_0766,entity_0762,entity_0762,entity_0766,test
pair_002687,query,entity_0005,entity_0807,0,entity_0005,entity_0807,entity_0807,entity_0005,test
pair_002688,query,entity_0841,entity_0848,1,entity_0841,entity_0848,entity_0848,entity_0841,test
pair_002689,query,entity_0243,entity_0256,0,entity_0256,entity_0243,entity_0243,entity_0256,validation
pair_002690,query,entity_0300,entity_0758,0,entity_0300,entity_0758,entity_0758,entity_0300,test
pair_002691,query,entity_0128,entity_0312,0,entity_0312,entity_0128,entity_0128,entity_0312,test
pair_002692,query,entity_0010,entity_0012,0,entity_0010,entity_0012,entity_0012,entity_0010,test
pair_002693,query,entity_0853,entity_0860,1,entity_0853,entity_0860,entity_0860,entity_0853,test
pair_002694,query,entity_0116,entity_0793,0,entity_0793,entity_0116,entity_0116,entity_0793,test
pair_002695,query,entity_0595,entity_0775,0,entity_0595,entity_0775,entity_0775,entity_0595,test
pair_002696,query,entity_0120,entity_0590,0,entity_0120,entity_0590,entity_0590,entity_0120,test
pair_002697,query,entity_0155,entity_0427,0,entity_0427,entity_0155,entity_0155,entity_0427,test
pair_002698,query,entity_0464,entity_0469,1,entity_0469,entity_0464,entity_0464,entity_0469,test
pair_002699,query,entity_0001,entity_0881,0,entity_0881,entity_0001,entity_0001,entity_0881,test
pair_002700,query,entity_0853,entity_0973,0,entity_0973,entity_0853,entity_0853,entity_0973,test
pair_002701,query,entity_0712,entity_0715,1,entity_0712,entity_0715,entity_0715,entity_0712,test
pair_002702,query,entity_0354,entity_0356,1,entity_0356,entity_0354,entity_0354,entity_0356,validation
pair_002703,query,entity_0241,entity_0246,1,entity_0241,entity_0246,entity_0246,entity_0241,validation
pair_002704,query,entity_0182,entity_0187,1,entity_0187,entity_0182,entity_0182,entity_0187,validation
pair_002705,query,entity_0904,entity_0910,1,entity_0910,entity_0904,entity_0904,entity_0910,validation
pair_002706,query,entity_0148,entity_0826,0,entity_0148,entity_0826,entity_0826,entity_0148,test
pair_002707,query,entity_0792,entity_0798,1,entity_0792,entity_0798,entity_0798,entity_0792,validation
pair_002708,query,entity_0965,entity_0967,1,entity_0967,entity_0965,entity_0965,entity_0967,test
pair_002709,query,entity_0669,entity_0775,0,entity_0669,entity_0775,entity_0775,entity_0669,test
pair_002710,query,entity_0015,entity_0017,1,entity_0015,entity_0017,entity_0017,entity_0015,validation
pair_002711,query,entity_0872,entity_0879,1,entity_0879,entity_0872,entity_0872,entity_0879,test
pair_002712,query,entity_0049,entity_0139,0,entity_0139,entity_0049,entity_0049,entity_0139,test
pair_002713,query,entity_0163,entity_0685,0,entity_0163,entity_0685,entity_0685,entity_0163,test
pair_002714,query,entity_0003,entity_0004,1,entity_0003,entity_0004,entity_0004,entity_0003,validation
pair_002715,query,entity_0559,entity_0940,0,entity_0559,entity_0940,entity_0940,entity_0559,test
pair_002716,query,entity_0101,entity_0250,0,entity_0250,entity_0101,entity_0101,entity_0250,test
pair_002717,query,entity_0479,entity_0485,0,entity_0485,entity_0479,entity_0479,entity_0485,test
pair_002718,query,entity_0346,entity_0590,0,entity_0590,entity_0346,entity_0346,entity_0590,test
pair_002719,query,entity_0264,entity_0441,0,entity_0441,entity_0264,entity_0264,entity_0441,test
pair_002720,query,entity_0018,entity_0019,1,entity_0018,entity_0019,entity_0019,entity_0018,test
pair_002721,query,entity_0627,entity_0850,0,entity_0850,entity_0627,entity_0627,entity_0850,test
pair_002722,query,entity_0025,entity_0960,0,entity_0025,entity_0960,entity_0960,entity_0025,test
pair_002723,query,entity_0593,entity_0674,0,entity_0674,entity_0593,entity_0593,entity_0674,test
pair_002724,query,entity_0892,entity_0893,1,entity_0893,entity_0892,entity_0892,entity_0893,validation
pair_002725,query,entity_0492,entity_0956,0,entity_0492,entity_0956,entity_0956,entity_0492,test
pair_002726,query,entity_0611,entity_0617,1,entity_0611,entity_0617,entity_0617,entity_0611,validation
pair_002727,query,entity_0157,entity_0976,0,entity_0157,entity_0976,entity_0976,entity_0157,validation
pair_002728,query,entity_0985,entity_0990,1,entity_0985,entity_0990,entity_0990,entity_0985,validation
pair_002729,query,entity_0276,entity_0280,1,entity_0280,entity_0276,entity_0276,entity_0280,test
pair_002730,query,entity_0387,entity_0755,0,entity_0755,entity_0387,entity_0387,entity_0755,test
pair_002731,query,entity_0884,entity_0996,0,entity_0996,entity_0884,entity_0884,entity_0996,test
pair_002732,query,entity_0426,entity_0429,1,entity_0426,entity_0429,entity_0429,entity_0426,test
pair_002733,query,entity_0626,entity_0627,1,entity_0626,entity_0627,entity_0627,entity_0626,test
pair_002734,query,entity_0149,entity_0208,0,entity_0208,entity_0149,entity_0149,entity_0208,validation
pair_002735,query,entity_0093,entity_0522,0,entity_0093,entity_0522,entity_0522,entity_0093,test
pair_002736,query,entity_0167,entity_0945,0,entity_0945,entity_0167,entity_0167,entity_0945,test
pair_002737,query,entity_0608,entity_0838,0,entity_0608,entity_0838,entity_0838,entity_0608,test
pair_002738,query,entity_0185,entity_0189,1,entity_0185,entity_0189,entity_0189,entity_0185,test
pair_002739,query,entity_0256,entity_0897,0,entity_0897,entity_0256,entity_0256,entity_0897,test
pair_002740,query,entity_0512,entity_0519,1,entity_0512,entity_0519,entity_0519,entity_0512,test
pair_002741,query,entity_0927,entity_0984,0,entity_0984,entity_0927,entity_0927,entity_0984,test
pair_002742,query,entity_0948,entity_0949,1,entity_0949,entity_0948,entity_0948,entity_0949,test
pair_002743,query,entity_0074,entity_0075,1,entity_0074,entity_0075,entity_0075,entity_0074,test
pair_002744,query,entity_0516,entity_0810,0,entity_0516,entity_0810,entity_0810,entity_0516,test
pair_002745,query,entity_0172,entity_0174,1,entity_0172,entity_0174,entity_0174,entity_0172,validation
pair_002746,query,entity_0379,entity_0601,0,entity_0379,entity_0601,entity_0601,entity_0379,validation
pair_002747,query,entity_0001,entity_0007,1,entity_0001,entity_0007,entity_0007,entity_0001,test
pair_002748,query,entity_0861,entity_0864,1,entity_0864,entity_0861,entity_0861,entity_0864,test
pair_002749,query,entity_0863,entity_0865,1,entity_0863,entity_0865,entity_0865,entity_0863,test
pair_002750,query,entity_0352,entity_0644,0,entity_0352,entity_0644,entity_0644,entity_0352,test
pair_002751,query,entity_0675,entity_0680,1,entity_0680,entity_0675,entity_0675,entity_0680,validation
pair_002752,query,entity_0974,entity_0978,1,entity_0978,entity_0974,entity_0974,entity_0978,validation
pair_002753,query,entity_0216,entity_0306,0,entity_0306,entity_0216,entity_0216,entity_0306,test
pair_002754,query,entity_0138,entity_0745,0,entity_0745,entity_0138,entity_0138,entity_0745,test
pair_002755,query,entity_0218,entity_0801,0,entity_0801,entity_0218,entity_0218,entity_0801,test
pair_002756,query,entity_0281,entity_0282,1,entity_0282,entity_0281,entity_0281,entity_0282,test
pair_002757,query,entity_0923,entity_0929,1,entity_0929,entity_0923,entity_0923,entity_0929,test
pair_002758,query,entity_0803,entity_0808,1,entity_0803,entity_0808,entity_0808,entity_0803,validation
pair_002759,query,entity_0052,entity_0321,0,entity_0321,entity_0052,entity_0052,entity_0321,validation
pair_002760,query,entity_0542,entity_0547,1,entity_0542,entity_0547,entity_0547,entity_0542,test
pair_002761,query,entity_0021,entity_0771,0,entity_0771,entity_0021,entity_0021,entity_0771,test
pair_002762,query,entity_0886,entity_0917,0,entity_0917,entity_0886,entity_0886,entity_0917,test
pair_002763,query,entity_0532,entity_0537,1,entity_0537,entity_0532,entity_0532,entity_0537,test
pair_002764,query,entity_0349,entity_0550,0,entity_0550,entity_0349,entity_0349,entity_0550,test
pair_002765,query,entity_0368,entity_0973,0,entity_0973,entity_0368,entity_0368,entity_0973,validation
pair_002766,query,entity_0367,entity_0955,0,entity_0367,entity_0955,entity_0955,entity_0367,test
pair_002767,query,entity_0035,entity_0564,0,entity_0564,entity_0035,entity_0035,entity_0564,test
pair_002768,query,entity_0913,entity_0917,1,entity_0913,entity_0917,entity_0917,entity_0913,test
pair_002769,query,entity_0507,entity_0647,0,entity_0507,entity_0647,entity_0647,entity_0507,test
pair_002770,query,entity_0304,entity_0305,1,entity_0305,entity_0304,entity_0304,entity_0305,validation
pair_002771,query,entity_0229,entity_0795,0,entity_0795,entity_0229,entity_0229,entity_0795,test
pair_002772,query,entity_0842,entity_0843,1,entity_0843,entity_0842,entity_0842,entity_0843,test
pair_002773,query,entity_0447,entity_0470,0,entity_0447,entity_0470,entity_0470,entity_0447,test
pair_002774,query,entity_0414,entity_0418,1,entity_0418,entity_0414,entity_0414,entity_0418,test
pair_002775,query,entity_0469,entity_0712,0,entity_0469,entity_0712,entity_0712,entity_0469,validation
pair_002776,query,entity_0239,entity_0307,0,entity_0307,entity_0239,entity_0239,entity_0307,validation
pair_002777,query,entity_0304,entity_0885,0,entity_0885,entity_0304,entity_0304,entity_0885,test
pair_002778,query,entity_0394,entity_0485,0,entity_0485,entity_0394,entity_0394,entity_0485,test
pair_002779,query,entity_0743,entity_0869,0,entity_0869,entity_0743,entity_0743,entity_0869,validation
pair_002780,query,entity_0546,entity_0829,0,entity_0546,entity_0829,entity_0829,entity_0546,validation
pair_002781,query,entity_0250,entity_0927,0,entity_0250,entity_0927,entity_0927,entity_0250,test
pair_002782,query,entity_0603,entity_0605,1,entity_0605,entity_0603,entity_0603,entity_0605,test
pair_002783,query,entity_0070,entity_0694,0,entity_0070,entity_0694,entity_0694,entity_0070,validation
pair_002784,query,entity_0236,entity_0656,0,entity_0656,entity_0236,entity_0236,entity_0656,validation
pair_002785,query,entity_0482,entity_0489,1,entity_0482,entity_0489,entity_0489,entity_0482,test
pair_002786,query,entity_0360,entity_0802,0,entity_0360,entity_0802,entity_0802,entity_0360,validation
pair_002787,query,entity_0541,entity_0548,1,entity_0541,entity_0548,entity_0548,entity_0541,test
pair_002788,query,entity_0804,entity_0808,1,entity_0808,entity_0804,entity_0804,entity_0808,test
pair_002789,query,entity_0661,entity_0666,1,entity_0661,entity_0666,entity_0666,entity_0661,test
pair_002790,query,entity_0233,entity_0234,1,entity_0233,entity_0234,entity_0234,entity_0233,test
pair_002791,query,entity_0776,entity_0778,1,entity_0778,entity_0776,entity_0776,entity_0778,test
pair_002792,query,entity_0923,entity_0930,1,entity_0930,entity_0923,entity_0923,entity_0930,test
pair_002793,query,entity_0428,entity_0853,0,entity_0428,entity_0853,entity_0853,entity_0428,test
pair_002794,query,entity_0015,entity_0019,1,entity_0019,entity_0015,entity_0015,entity_0019,test
pair_002795,query,entity_0951,entity_0956,1,entity_0951,entity_0956,entity_0956,entity_0951,test
pair_002796,query,entity_0715,entity_0890,0,entity_0715,entity_0890,entity_0890,entity_0715,validation
pair_002797,query,entity_0034,entity_0035,1,entity_0035,entity_0034,entity_0034,entity_0035,test
pair_002798,query,entity_0151,entity_0175,0,entity_0175,entity_0151,entity_0151,entity_0175,test
pair_002799,query,entity_0170,entity_0229,0,entity_0170,entity_0229,entity_0229,entity_0170,test
pair_002800,query,entity_0242,entity_0250,1,entity_0250,entity_0242,entity_0242,entity_0250,test
pair_002801,query,entity_0499,entity_0606,0,entity_0499,entity_0606,entity_0606,entity_0499,validation
pair_002802,query,entity_0447,entity_0449,1,entity_0447,entity_0449,entity_0449,entity_0447,test
pair_002803,query,entity_0187,entity_0604,0,entity_0187,entity_0604,entity_0604,entity_0187,test
pair_002804,query,entity_0710,entity_0935,0,entity_0710,entity_0935,entity_0935,entity_0710,test
pair_002805,query,entity_0225,entity_0888,0,entity_0888,entity_0225,entity_0225,entity_0888,test
pair_002806,query,entity_0282,entity_0734,0,entity_0734,entity_0282,entity_0282,entity_0734,test
pair_002807,query,entity_0225,entity_0938,0,entity_0938,entity_0225,entity_0225,entity_0938,test
pair_002808,query,entity_0395,entity_0852,0,entity_0395,entity_0852,entity_0852,entity_0395,test
pair_002809,query,entity_0308,entity_0582,0,entity_0582,entity_0308,entity_0308,entity_0582,test
pair_002810,query,entity_0767,entity_0894,0,entity_0767,entity_0894,entity_0894,entity_0767,test
pair_002811,query,entity_0292,entity_0300,1,entity_0292,entity_0300,entity_0300,entity_0292,test
pair_002812,query,entity_0121,entity_0122,1,entity_0121,entity_0122,entity_0122,entity_0121,test
pair_002813,query,entity_0409,entity_0738,0,entity_0409,entity_0738,entity_0738,entity_0409,test
pair_002814,query,entity_0103,entity_0503,0,entity_0503,entity_0103,entity_0103,entity_0503,test
pair_002815,query,entity_0558,entity_0834,0,entity_0834,entity_0558,entity_0558,entity_0834,test
pair_002816,query,entity_0347,entity_0832,0,entity_0347,entity_0832,entity_0832,entity_0347,test
pair_002817,query,entity_0596,entity_0599,1,entity_0596,entity_0599,entity_0599,entity_0596,test
pair_002818,query,entity_0075,entity_0744,0,entity_0744,entity_0075,entity_0075,entity_0744,validation
pair_002819,query,entity_0751,entity_0758,1,entity_0751,entity_0758,entity_0758,entity_0751,validation
pair_002820,query,entity_0155,entity_0157,1,entity_0157,entity_0155,entity_0155,entity_0157,validation
pair_002821,query,entity_0101,entity_0802,0,entity_0802,entity_0101,entity_0101,entity_0802,test
pair_002822,query,entity_0061,entity_0504,0,entity_0504,entity_0061,entity_0061,entity_0504,test
pair_002823,query,entity_0358,entity_0359,1,entity_0358,entity_0359,entity_0359,entity_0358,test
pair_002824,query,entity_0201,entity_0206,1,entity_0206,entity_0201,entity_0201,entity_0206,test
pair_002825,query,entity_0092,entity_0097,1,entity_0092,entity_0097,entity_0097,entity_0092,test
pair_002826,query,entity_0520,entity_0826,0,entity_0826,entity_0520,entity_0520,entity_0826,test
pair_002827,query,entity_0904,entity_0908,1,entity_0904,entity_0908,entity_0908,entity_0904,test
pair_002828,query,entity_0018,entity_0944,0,entity_0944,entity_0018,entity_0018,entity_0944,test
pair_002829,query,entity_0132,entity_0139,1,entity_0139,entity_0132,entity_0132,entity_0139,test
pair_002830,query,entity_0306,entity_0677,0,entity_0677,entity_0306,entity_0306,entity_0677,validation
pair_002831,query,entity_0381,entity_0390,1,entity_0381,entity_0390,entity_0390,entity_0381,test
pair_002832,query,entity_0145,entity_0188,0,entity_0145,entity_0188,entity_0188,entity_0145,test
pair_002833,query,entity_0448,entity_0450,1,entity_0448,entity_0450,entity_0450,entity_0448,test
pair_002834,query,entity_0622,entity_0628,1,entity_0628,entity_0622,entity_0622,entity_0628,test
pair_002835,query,entity_0312,entity_0315,1,entity_0315,entity_0312,entity_0312,entity_0315,test
pair_002836,query,entity_0976,entity_0977,1,entity_0976,entity_0977,entity_0977,entity_0976,test
pair_002837,query,entity_0232,entity_0233,1,entity_0233,entity_0232,entity_0232,entity_0233,test
pair_002838,query,entity_0038,entity_0317,0,entity_0038,entity_0317,entity_0317,entity_0038,test
pair_002839,query,entity_0395,entity_0396,1,entity_0396,entity_0395,entity_0395,entity_0396,test
pair_002840,query,entity_0914,entity_0915,1,entity_0915,entity_0914,entity_0914,entity_0915,validation
pair_002841,query,entity_0128,entity_0725,0,entity_0128,entity_0725,entity_0725,entity_0128,test
pair_002842,query,entity_0230,entity_0991,0,entity_0991,entity_0230,entity_0230,entity_0991,validation
pair_002843,query,entity_0541,entity_0720,0,entity_0720,entity_0541,entity_0541,entity_0720,test
pair_002844,query,entity_0418,entity_0891,0,entity_0891,entity_0418,entity_0418,entity_0891,test
pair_002845,query,entity_0473,entity_0480,1,entity_0473,entity_0480,entity_0480,entity_0473,test
pair_002846,query,entity_0566,entity_0568,1,entity_0568,entity_0566,entity_0566,entity_0568,test
pair_002847,query,entity_0049,entity_0266,0,entity_0049,entity_0266,entity_0266,entity_0049,test
pair_002848,query,entity_0054,entity_0685,0,entity_0685,entity_0054,entity_0054,entity_0685,test
pair_002849,query,entity_0852,entity_0856,1,entity_0852,entity_0856,entity_0856,entity_0852,test
pair_002850,query,entity_0482,entity_0486,1,entity_0482,entity_0486,entity_0486,entity_0482,test
pair_002851,query,entity_0687,entity_0688,1,entity_0688,entity_0687,entity_0687,entity_0688,validation
pair_002852,query,entity_0576,entity_0578,1,entity_0578,entity_0576,entity_0576,entity_0578,validation
pair_002853,query,entity_0137,entity_0262,0,entity_0137,entity_0262,entity_0262,entity_0137,test
pair_002854,query,entity_0750,entity_0870,0,entity_0750,entity_0870,entity_0870,entity_0750,test
pair_002855,query,entity_0083,entity_0087,1,entity_0087,entity_0083,entity_0083,entity_0087,test
pair_002856,query,entity_0072,entity_0080,1,entity_0072,entity_0080,entity_0080,entity_0072,test
pair_002857,query,entity_0175,entity_0178,1,entity_0175,entity_0178,entity_0178,entity_0175,test
pair_002858,query,entity_0284,entity_0296,0,entity_0284,entity_0296,entity_0296,entity_0284,validation
pair_002859,query,entity_0110,entity_0739,0,entity_0110,entity_0739,entity_0739,entity_0110,test
pair_002860,query,entity_0471,entity_0474,1,entity_0471,entity_0474,entity_0474,entity_0471,test
pair_002861,query,entity_0265,entity_0441,0,entity_0265,entity_0441,entity_0441,entity_0265,validation
pair_002862,query,entity_0570,entity_0924,0,entity_0570,entity_0924,entity_0924,entity_0570,test
pair_002863,query,entity_0329,entity_0677,0,entity_0329,entity_0677,entity_0677,entity_0329,validation
pair_002864,query,entity_0263,entity_0269,1,entity_0269,entity_0263,entity_0263,entity_0269,test
pair_002865,query,entity_0994,entity_0995,1,entity_0995,entity_0994,entity_0994,entity_0995,test
pair_002866,query,entity_0275,entity_0277,1,entity_0275,entity_0277,entity_0277,entity_0275,test
pair_002867,query,entity_0941,entity_0946,1,entity_0941,entity_0946,entity_0946,entity_0941,test
pair_002868,query,entity_0210,entity_0323,0,entity_0210,entity_0323,entity_0323,entity_0210,test
pair_002869,query,entity_0264,entity_0856,0,entity_0264,entity_0856,entity_0856,entity_0264,test
pair_002870,query,entity_0136,entity_0138,1,entity_0136,entity_0138,entity_0138,entity_0136,test
pair_002871,query,entity_0306,entity_0660,0,entity_0660,entity_0306,entity_0306,entity_0660,test
pair_002872,query,entity_0541,entity_0547,1,entity_0547,entity_0541,entity_0541,entity_0547,test
pair_002873,query,entity_0681,entity_0689,1,entity_0681,entity_0689,entity_0689,entity_0681,test
pair_002874,query,entity_0266,entity_0383,0,entity_0383,entity_0266,entity_0266,entity_0383,test
pair_002875,query,entity_0713,entity_0717,1,entity_0713,entity_0717,entity_0717,entity_0713,test
pair_002876,query,entity_0658,entity_0660,1,entity_0658,entity_0660,entity_0660,entity_0658,test
pair_002877,query,entity_0766,entity_0767,1,entity_0766,entity_0767,entity_0767,entity_0766,validation
pair_002878,query,entity_0486,entity_0715,0,entity_0486,entity_0715,entity_0715,entity_0486,test
pair_002879,query,entity_0492,entity_0500,1,entity_0492,entity_0500,entity_0500,entity_0492,test
pair_002880,query,entity_0943,entity_0991,0,entity_0991,entity_0943,entity_0943,entity_0991,test
pair_002881,query,entity_0276,entity_0712,0,entity_0712,entity_0276,entity_0276,entity_0712,validation
pair_002882,query,entity_0581,entity_0589,1,entity_0589,entity_0581,entity_0581,entity_0589,test
pair_002883,query,entity_0470,entity_0640,0,entity_0640,entity_0470,entity_0470,entity_0640,test
pair_002884,query,entity_0152,entity_0699,0,entity_0699,entity_0152,entity_0152,entity_0699,test
pair_002885,query,entity_0385,entity_0538,0,entity_0538,entity_0385,entity_0385,entity_0538,test
pair_002886,query,entity_0177,entity_0317,0,entity_0177,entity_0317,entity_0317,entity_0177,test
pair_002887,query,entity_0782,entity_0856,0,entity_0782,entity_0856,entity_0856,entity_0782,validation
pair_002888,query,entity_0695,entity_0719,0,entity_0695,entity_0719,entity_0719,entity_0695,test
pair_002889,query,entity_0533,entity_0535,1,entity_0535,entity_0533,entity_0533,entity_0535,test
pair_002890,query,entity_0496,entity_0498,1,entity_0498,entity_0496,entity_0496,entity_0498,test
pair_002891,query,entity_0118,entity_0672,0,entity_0672,entity_0118,entity_0118,entity_0672,test
pair_002892,query,entity_0199,entity_0943,0,entity_0943,entity_0199,entity_0199,entity_0943,test
pair_002893,query,entity_0024,entity_0541,0,entity_0541,entity_0024,entity_0024,entity_0541,test
pair_002894,query,entity_0229,entity_0415,0,entity_0229,entity_0415,entity_0415,entity_0229,test
pair_002895,query,entity_0531,entity_0540,1,entity_0540,entity_0531,entity_0531,entity_0540,test
pair_002896,query,entity_0865,entity_0868,1,entity_0865,entity_0868,entity_0868,entity_0865,test
pair_002897,query,entity_0117,entity_0196,0,entity_0117,entity_0196,entity_0196,entity_0117,test
pair_002898,query,entity_0314,entity_0316,1,entity_0316,entity_0314,entity_0314,entity_0316,test
pair_002899,query,entity_0701,entity_0705,1,entity_0705,entity_0701,entity_0701,entity_0705,test
pair_002900,query,entity_0786,entity_0788,1,entity_0786,entity_0788,entity_0788,entity_0786,test
pair_002901,query,entity_0314,entity_0694,0,entity_0314,entity_0694,entity_0694,entity_0314,test
pair_002902,query,entity_0132,entity_0353,0,entity_0353,entity_0132,entity_0132,entity_0353,validation
pair_002903,query,entity_0425,entity_0714,0,entity_0425,entity_0714,entity_0714,entity_0425,validation
pair_002904,query,entity_0901,entity_0902,1,entity_0901,entity_0902,entity_0902,entity_0901,test
pair_002905,query,entity_0137,entity_0138,1,entity_0137,entity_0138,entity_0138,entity_0137,validation
pair_002906,query,entity_0146,entity_0499,0,entity_0146,entity_0499,entity_0499,entity_0146,test
pair_002907,query,entity_0263,entity_0270,1,entity_0263,entity_0270,entity_0270,entity_0263,test
pair_002908,query,entity_0595,entity_0600,1,entity_0600,entity_0595,entity_0595,entity_0600,test
pair_002909,query,entity_0972,entity_0979,1,entity_0972,entity_0979,entity_0979,entity_0972,test
pair_002910,query,entity_0925,entity_0927,1,entity_0925,entity_0927,entity_0927,entity_0925,test
pair_002911,query,entity_0040,entity_0209,0,entity_0209,entity_0040,entity_0040,entity_0209,test
pair_002912,query,entity_0383,entity_0729,0,entity_0729,entity_0383,entity_0383,entity_0729,test
pair_002913,query,entity_0351,entity_0542,0,entity_0542,entity_0351,entity_0351,entity_0542,test
pair_002914,query,entity_0423,entity_0427,1,entity_0427,entity_0423,entity_0423,entity_0427,validation
pair_002915,query,entity_0096,entity_0097,1,entity_0096,entity_0097,entity_0097,entity_0096,test
pair_002916,query,entity_0702,entity_0830,0,entity_0702,entity_0830,entity_0830,entity_0702,test
pair_002917,query,entity_0922,entity_0926,1,entity_0926,entity_0922,entity_0922,entity_0926,test
pair_002918,query,entity_0602,entity_0617,0,entity_0602,entity_0617,entity_0617,entity_0602,test
pair_002919,query,entity_0005,entity_0537,0,entity_0537,entity_0005,entity_0005,entity_0537,test
pair_002920,query,entity_0602,entity_0605,1,entity_0605,entity_0602,entity_0602,entity_0605,test
pair_002921,query,entity_0061,entity_0063,1,entity_0061,entity_0063,entity_0063,entity_0061,test
pair_002922,query,entity_0651,entity_0652,1,entity_0651,entity_0652,entity_0652,entity_0651,test
pair_002923,query,entity_0526,entity_0558,0,entity_0526,entity_0558,entity_0558,entity_0526,test
pair_002924,query,entity_0795,entity_0799,1,entity_0795,entity_0799,entity_0799,entity_0795,test
pair_002925,query,entity_0705,entity_0706,1,entity_0705,entity_0706,entity_0706,entity_0705,test
pair_002926,query,entity_0042,entity_0311,0,entity_0311,entity_0042,entity_0042,entity_0311,test
pair_002927,query,entity_0753,entity_0760,1,entity_0760,entity_0753,entity_0753,entity_0760,test
pair_002928,query,entity_0729,entity_0904,0,entity_0904,entity_0729,entity_0729,entity_0904,validation
pair_002929,query,entity_0051,entity_0058,1,entity_0051,entity_0058,entity_0058,entity_0051,test
pair_002930,query,entity_0201,entity_0207,1,entity_0207,entity_0201,entity_0201,entity_0207,test
pair_002931,query,entity_0703,entity_0705,1,entity_0705,entity_0703,entity_0703,entity_0705,test
pair_002932,query,entity_0382,entity_0767,0,entity_0382,entity_0767,entity_0767,entity_0382,validation
pair_002933,query,entity_0613,entity_0615,1,entity_0615,entity_0613,entity_0613,entity_0615,test
pair_002934,query,entity_0435,entity_0438,1,entity_0435,entity_0438,entity_0438,entity_0435,test
pair_002935,query,entity_0026,entity_0376,0,entity_0376,entity_0026,entity_0026,entity_0376,test
pair_002936,query,entity_0924,entity_0927,1,entity_0927,entity_0924,entity_0924,entity_0927,test
pair_002937,query,entity_0972,entity_0975,1,entity_0975,entity_0972,entity_0972,entity_0975,test
pair_002938,query,entity_0323,entity_0653,0,entity_0653,entity_0323,entity_0323,entity_0653,test
pair_002939,query,entity_0054,entity_0055,1,entity_0055,entity_0054,entity_0054,entity_0055,test
pair_002940,query,entity_0202,entity_0209,1,entity_0202,entity_0209,entity_0209,entity_0202,validation
pair_002941,query,entity_0823,entity_0827,1,entity_0823,entity_0827,entity_0827,entity_0823,test
pair_002942,query,entity_0693,entity_0696,1,entity_0693,entity_0696,entity_0696,entity_0693,validation
pair_002943,query,entity_0558,entity_0698,0,entity_0698,entity_0558,entity_0558,entity_0698,test
pair_002944,query,entity_0233,entity_0482,0,entity_0482,entity_0233,entity_0233,entity_0482,test
pair_002945,query,entity_0927,entity_0966,0,entity_0927,entity_0966,entity_0966,entity_0927,test
pair_002946,query,entity_0559,entity_0794,0,entity_0794,entity_0559,entity_0559,entity_0794,validation
pair_002947,query,entity_0191,entity_0231,0,entity_0231,entity_0191,entity_0191,entity_0231,test
pair_002948,query,entity_0801,entity_0803,1,entity_0803,entity_0801,entity_0801,entity_0803,validation
pair_002949,query,entity_0050,entity_0871,0,entity_0871,entity_0050,entity_0050,entity_0871,test
pair_002950,query,entity_0238,entity_0602,0,entity_0238,entity_0602,entity_0602,entity_0238,validation
pair_002951,query,entity_0294,entity_0955,0,entity_0955,entity_0294,entity_0294,entity_0955,test
pair_002952,query,entity_0905,entity_0907,1,entity_0907,entity_0905,entity_0905,entity_0907,validation
pair_002953,query,entity_0460,entity_0970,0,entity_0460,entity_0970,entity_0970,entity_0460,test
pair_002954,query,entity_0768,entity_0770,1,entity_0768,entity_0770,entity_0770,entity_0768,test
pair_002955,query,entity_0243,entity_0244,1,entity_0244,entity_0243,entity_0243,entity_0244,validation
pair_002956,query,entity_0362,entity_0367,1,entity_0367,entity_0362,entity_0362,entity_0367,test
pair_002957,query,entity_0147,entity_0148,1,entity_0147,entity_0148,entity_0148,entity_0147,test
pair_002958,query,entity_0214,entity_0216,1,entity_0214,entity_0216,entity_0216,entity_0214,test
pair_002959,query,entity_0625,entity_0721,0,entity_0721,entity_0625,entity_0625,entity_0721,test
pair_002960,query,entity_0371,entity_0374,1,entity_0371,entity_0374,entity_0374,entity_0371,test
pair_002961,query,entity_0782,entity_0784,1,entity_0784,entity_0782,entity_0782,entity_0784,test
pair_002962,query,entity_0765,entity_0803,0,entity_0803,entity_0765,entity_0765,entity_0803,test
pair_002963,query,entity_0556,entity_0558,1,entity_0558,entity_0556,entity_0556,entity_0558,test
pair_002964,query,entity_0543,entity_0546,1,entity_0543,entity_0546,entity_0546,entity_0543,test
pair_002965,query,entity_0470,entity_0784,0,entity_0784,entity_0470,entity_0470,entity_0784,validation
pair_002966,query,entity_0272,entity_0578,0,entity_0578,entity_0272,entity_0272,entity_0578,test
pair_002967,query,entity_0388,entity_0455,0,entity_0388,entity_0455,entity_0455,entity_0388,test
pair_002968,query,entity_0683,entity_0689,1,entity_0683,entity_0689,entity_0689,entity_0683,test
pair_002969,query,entity_0051,entity_0206,0,entity_0206,entity_0051,entity_0051,entity_0206,test
pair_002970,query,entity_0608,entity_0609,1,entity_0609,entity_0608,entity_0608,entity_0609,validation
pair_002971,query,entity_0710,entity_0959,0,entity_0959,entity_0710,entity_0710,entity_0959,test
pair_002972,query,entity_0312,entity_0320,1,entity_0312,entity_0320,entity_0320,entity_0312,test
pair_002973,query,entity_0061,entity_0615,0,entity_0061,entity_0615,entity_0615,entity_0061,test
pair_002974,query,entity_0094,entity_0419,0,entity_0094,entity_0419,entity_0419,entity_0094,validation
pair_002975,query,entity_0150,entity_0457,0,entity_0457,entity_0150,entity_0150,entity_0457,test
pair_002976,query,entity_0356,entity_0477,0,entity_0356,entity_0477,entity_0477,entity_0356,test
pair_002977,query,entity_0705,entity_0708,1,entity_0708,entity_0705,entity_0705,entity_0708,test
pair_002978,query,entity_0470,entity_0582,0,entity_0470,entity_0582,entity_0582,entity_0470,test
pair_002979,query,entity_0539,entity_0691,0,entity_0691,entity_0539,entity_0539,entity_0691,test
pair_002980,query,entity_0633,entity_0856,0,entity_0633,entity_0856,entity_0856,entity_0633,test
pair_002981,query,entity_0932,entity_0935,1,entity_0935,entity_0932,entity_0932,entity_0935,test
pair_002982,query,entity_0217,entity_0575,0,entity_0575,entity_0217,entity_0217,entity_0575,test
pair_002983,query,entity_0704,entity_0841,0,entity_0841,entity_0704,entity_0704,entity_0841,test
pair_002984,query,entity_0255,entity_0284,0,entity_0255,entity_0284,entity_0284,entity_0255,test
pair_002985,query,entity_0554,entity_0559,1,entity_0559,entity_0554,entity_0554,entity_0559,test
pair_002986,query,entity_0255,entity_0890,0,entity_0255,entity_0890,entity_0890,entity_0255,test
pair_002987,query,entity_0774,entity_0776,1,entity_0774,entity_0776,entity_0776,entity_0774,test
pair_002988,query,entity_0139,entity_0140,1,entity_0140,entity_0139,entity_0139,entity_0140,test
pair_002989,query,entity_0079,entity_0080,1,entity_0079,entity_0080,entity_0080,entity_0079,test
pair_002990,query,entity_0008,entity_0793,0,entity_0793,entity_0008,entity_0008,entity_0793,validation
pair_002991,query,entity_0738,entity_0740,1,entity_0740,entity_0738,entity_0738,entity_0740,test
pair_002992,query,entity_0544,entity_0547,1,entity_0547,entity_0544,entity_0544,entity_0547,test
pair_002993,query,entity_0455,entity_0456,1,entity_0456,entity_0455,entity_0455,entity_0456,test
pair_002994,query,entity_0454,entity_0599,0,entity_0599,entity_0454,entity_0454,entity_0599,test
pair_002995,query,entity_0993,entity_0996,1,entity_0996,entity_0993,entity_0993,entity_0996,validation
pair_002996,query,entity_0413,entity_0544,0,entity_0544,entity_0413,entity_0413,entity_0544,test
pair_002997,query,entity_0439,entity_0708,0,entity_0439,entity_0708,entity_0708,entity_0439,test
pair_002998,query,entity_0082,entity_0086,1,entity_0082,entity_0086,entity_0086,entity_0082,test
pair_002999,query,entity_0861,entity_0870,1,entity_0870,entity_0861,entity_0861,entity_0870,test
pair_003000,query,entity_0251,entity_0254,1,entity_0254,entity_0251,entity_0251,entity_0254,validation
pair_003001,query,entity_0665,entity_0668,1,entity_0668,entity_0665,entity_0665,entity_0668,test
pair_003002,query,entity_0365,entity_0367,1,entity_0367,entity_0365,entity_0365,entity_0367,test
pair_003003,query,entity_0298,entity_0509,0,entity_0298,entity_0509,entity_0509,entity_0298,validation
pair_003004,query,entity_0233,entity_0238,1,entity_0233,entity_0238,entity_0238,entity_0233,test
pair_003005,query,entity_0128,entity_0196,0,entity_0128,entity_0196,entity_0196,entity_0128,validation
pair_003006,query,entity_0186,entity_0188,1,entity_0186,entity_0188,entity_0188,entity_0186,test
pair_003007,query,entity_0426,entity_0430,1,entity_0426,entity_0430,entity_0430,entity_0426,test
pair_003008,query,entity_0022,entity_0777,0,entity_0022,entity_0777,entity_0777,entity_0022,test
pair_003009,query,entity_0186,entity_0775,0,entity_0775,entity_0186,entity_0186,entity_0775,test
pair_003010,query,entity_0531,entity_0538,1,entity_0531,entity_0538,entity_0538,entity_0531,test
pair_003011,query,entity_0034,entity_0561,0,entity_0561,entity_0034,entity_0034,entity_0561,test
pair_003012,query,entity_0501,entity_0502,1,entity_0502,entity_0501,entity_0501,entity_0502,validation
pair_003013,query,entity_0259,entity_0554,0,entity_0259,entity_0554,entity_0554,entity_0259,validation
pair_003014,query,entity_0128,entity_0388,0,entity_0388,entity_0128,entity_0128,entity_0388,test
pair_003015,query,entity_0368,entity_0997,0,entity_0368,entity_0997,entity_0997,entity_0368,test
pair_003016,query,entity_0192,entity_0195,1,entity_0192,entity_0195,entity_0195,entity_0192,test
pair_003017,query,entity_0624,entity_0630,1,entity_0624,entity_0630,entity_0630,entity_0624,test
pair_003018,query,entity_0605,entity_0841,0,entity_0841,entity_0605,entity_0605,entity_0841,validation
pair_003019,query,entity_0357,entity_0553,0,entity_0357,entity_0553,entity_0553,entity_0357,test
pair_003020,query,entity_0484,entity_0486,1,entity_0486,entity_0484,entity_0484,entity_0486,validation
pair_003021,query,entity_0791,entity_0882,0,entity_0882,entity_0791,entity_0791,entity_0882,validation
pair_003022,query,entity_0383,entity_0387,1,entity_0383,entity_0387,entity_0387,entity_0383,test
pair_003023,query,entity_0191,entity_0194,1,entity_0191,entity_0194,entity_0194,entity_0191,test
pair_003024,query,entity_0583,entity_0836,0,entity_0836,entity_0583,entity_0583,entity_0836,test
pair_003025,query,entity_0392,entity_0396,1,entity_0392,entity_0396,entity_0396,entity_0392,test
pair_003026,query,entity_0737,entity_0797,0,entity_0737,entity_0797,entity_0797,entity_0737,test
pair_003027,query,entity_0342,entity_0963,0,entity_0342,entity_0963,entity_0963,entity_0342,test
pair_003028,query,entity_0782,entity_0974,0,entity_0782,entity_0974,entity_0974,entity_0782,test
pair_003029,query,entity_0684,entity_0685,1,entity_0684,entity_0685,entity_0685,entity_0684,test
pair_003030,query,entity_0439,entity_0550,0,entity_0439,entity_0550,entity_0550,entity_0439,test
pair_003031,query,entity_0386,entity_0576,0,entity_0576,entity_0386,entity_0386,entity_0576,test
pair_003032,query,entity_0066,entity_0141,0,entity_0141,entity_0066,entity_0066,entity_0141,test
pair_003033,query,entity_0488,entity_0965,0,entity_0965,entity_0488,entity_0488,entity_0965,validation
pair_003034,query,entity_0336,entity_0339,1,entity_0336,entity_0339,entity_0339,entity_0336,validation
pair_003035,query,entity_0521,entity_0522,1,entity_0521,entity_0522,entity_0522,entity_0521,test
pair_003036,query,entity_0186,entity_0555,0,entity_0555,entity_0186,entity_0186,entity_0555,validation
pair_003037,query,entity_0655,entity_0658,1,entity_0655,entity_0658,entity_0658,entity_0655,test
pair_003038,query,entity_0637,entity_0639,1,entity_0639,entity_0637,entity_0637,entity_0639,test
pair_003039,query,entity_0646,entity_0647,1,entity_0647,entity_0646,entity_0646,entity_0647,test
pair_003040,query,entity_0199,entity_0507,0,entity_0199,entity_0507,entity_0507,entity_0199,test
pair_003041,query,entity_0932,entity_0933,1,entity_0932,entity_0933,entity_0933,entity_0932,test
pair_003042,query,entity_0675,entity_0678,1,entity_0678,entity_0675,entity_0675,entity_0678,validation
pair_003043,query,entity_0906,entity_0907,1,entity_0907,entity_0906,entity_0906,entity_0907,validation
pair_003044,query,entity_0334,entity_0760,0,entity_0334,entity_0760,entity_0760,entity_0334,test
pair_003045,query,entity_0263,entity_0908,0,entity_0908,entity_0263,entity_0263,entity_0908,test
pair_003046,query,entity_0039,entity_0765,0,entity_0039,entity_0765,entity_0765,entity_0039,test
pair_003047,query,entity_0117,entity_0118,1,entity_0118,entity_0117,entity_0117,entity_0118,test
pair_003048,query,entity_0467,entity_0770,0,entity_0770,entity_0467,entity_0467,entity_0770,test
pair_003049,query,entity_0141,entity_0147,1,entity_0141,entity_0147,entity_0147,entity_0141,validation
pair_003050,query,entity_0617,entity_0731,0,entity_0731,entity_0617,entity_0617,entity_0731,test
pair_003051,query,entity_0144,entity_0145,1,entity_0145,entity_0144,entity_0144,entity_0145,test
pair_003052,query,entity_0203,entity_0857,0,entity_0203,entity_0857,entity_0857,entity_0203,test
pair_003053,query,entity_0596,entity_0629,0,entity_0629,entity_0596,entity_0596,entity_0629,test
pair_003054,query,entity_0442,entity_0445,1,entity_0445,entity_0442,entity_0442,entity_0445,test
pair_003055,query,entity_0284,entity_0289,1,entity_0289,entity_0284,entity_0284,entity_0289,validation
pair_003056,query,entity_0082,entity_0090,1,entity_0082,entity_0090,entity_0090,entity_0082,test
pair_003057,query,entity_0146,entity_0805,0,entity_0146,entity_0805,entity_0805,entity_0146,test
pair_003058,query,entity_0393,entity_0397,1,entity_0397,entity_0393,entity_0393,entity_0397,test
pair_003059,query,entity_0864,entity_0933,0,entity_0864,entity_0933,entity_0933,entity_0864,test
pair_003060,query,entity_0358,entity_0615,0,entity_0615,entity_0358,entity_0358,entity_0615,test
pair_003061,query,entity_0893,entity_0899,1,entity_0899,entity_0893,entity_0893,entity_0899,validation
pair_003062,query,entity_0242,entity_0248,1,entity_0248,entity_0242,entity_0242,entity_0248,validation
pair_003063,query,entity_0972,entity_0973,1,entity_0972,entity_0973,entity_0973,entity_0972,test
pair_003064,query,entity_0134,entity_0500,0,entity_0500,entity_0134,entity_0134,entity_0500,validation
pair_003065,query,entity_0524,entity_0943,0,entity_0943,entity_0524,entity_0524,entity_0943,test
pair_003066,query,entity_0758,entity_0760,1,entity_0758,entity_0760,entity_0760,entity_0758,test
pair_003067,query,entity_0261,entity_0267,1,entity_0261,entity_0267,entity_0267,entity_0261,validation
pair_003068,query,entity_0099,entity_0423,0,entity_0099,entity_0423,entity_0423,entity_0099,test
pair_003069,query,entity_0475,entity_0995,0,entity_0995,entity_0475,entity_0475,entity_0995,test
pair_003070,query,entity_0572,entity_0575,1,entity_0575,entity_0572,entity_0572,entity_0575,test
pair_003071,query,entity_0773,entity_0774,1,entity_0774,entity_0773,entity_0773,entity_0774,test
pair_003072,query,entity_0042,entity_0045,1,entity_0042,entity_0045,entity_0045,entity_0042,test
pair_003073,query,entity_0076,entity_0466,0,entity_0076,entity_0466,entity_0466,entity_0076,test
pair_003074,query,entity_0683,entity_0685,1,entity_0683,entity_0685,entity_0685,entity_0683,test
pair_003075,query,entity_0843,entity_0905,0,entity_0905,entity_0843,entity_0843,entity_0905,test
pair_003076,query,entity_0866,entity_0870,1,entity_0870,entity_0866,entity_0866,entity_0870,test
pair_003077,query,entity_0584,entity_0585,1,entity_0584,entity_0585,entity_0585,entity_0584,test
pair_003078,query,entity_0245,entity_0247,1,entity_0247,entity_0245,entity_0245,entity_0247,test
pair_003079,query,entity_0396,entity_0398,1,entity_0396,entity_0398,entity_0398,entity_0396,test
pair_003080,query,entity_0218,entity_0220,1,entity_0218,entity_0220,entity_0220,entity_0218,validation
pair_003081,query,entity_0300,entity_0349,0,entity_0349,entity_0300,entity_0300,entity_0349,test
pair_003082,query,entity_0242,entity_0280,0,entity_0280,entity_0242,entity_0242,entity_0280,test
pair_003083,query,entity_0083,entity_0569,0,entity_0569,entity_0083,entity_0083,entity_0569,test
pair_003084,query,entity_0164,entity_0694,0,entity_0164,entity_0694,entity_0694,entity_0164,validation
pair_003085,query,entity_0029,entity_0396,0,entity_0029,entity_0396,entity_0396,entity_0029,test
pair_003086,query,entity_0291,entity_0297,1,entity_0291,entity_0297,entity_0297,entity_0291,test
pair_003087,query,entity_0953,entity_0959,1,entity_0953,entity_0959,entity_0959,entity_0953,test
pair_003088,query,entity_0002,entity_0010,1,entity_0002,entity_0010,entity_0010,entity_0002,test
pair_003089,query,entity_0033,entity_0037,1,entity_0033,entity_0037,entity_0037,entity_0033,test
pair_003090,query,entity_0666,entity_0669,1,entity_0666,entity_0669,entity_0669,entity_0666,validation
pair_003091,query,entity_0533,entity_0534,1,entity_0533,entity_0534,entity_0534,entity_0533,validation
pair_003092,query,entity_0377,entity_0666,0,entity_0666,entity_0377,entity_0377,entity_0666,test
pair_003093,query,entity_0182,entity_0188,1,entity_0188,entity_0182,entity_0182,entity_0188,validation
pair_003094,query,entity_0536,entity_0985,0,entity_0985,entity_0536,entity_0536,entity_0985,validation
pair_003095,query,entity_0795,entity_0965,0,entity_0795,entity_0965,entity_0965,entity_0795,test
pair_003096,query,entity_0178,entity_0659,0,entity_0659,entity_0178,entity_0178,entity_0659,validation
pair_003097,query,entity_0596,entity_0866,0,entity_0866,entity_0596,entity_0596,entity_0866,test
pair_003098,query,entity_0821,entity_0825,1,entity_0825,entity_0821,entity_0821,entity_0825,test
pair_003099,query,entity_0091,entity_0959,0,entity_0091,entity_0959,entity_0959,entity_0091,test
pair_003100,query,entity_0041,entity_0048,1,entity_0048,entity_0041,entity_0041,entity_0048,test
pair_003101,query,entity_0653,entity_0654,1,entity_0653,entity_0654,entity_0654,entity_0653,test
pair_003102,query,entity_0251,entity_0253,1,entity_0253,entity_0251,entity_0251,entity_0253,test
pair_003103,query,entity_0501,entity_0506,1,entity_0506,entity_0501,entity_0501,entity_0506,validation
pair_003104,query,entity_0246,entity_0247,1,entity_0247,entity_0246,entity_0246,entity_0247,test
pair_003105,query,entity_0832,entity_0834,1,entity_0834,entity_0832,entity_0832,entity_0834,test
pair_003106,query,entity_0211,entity_0218,1,entity_0211,entity_0218,entity_0218,entity_0211,test
pair_003107,query,entity_0425,entity_0877,0,entity_0425,entity_0877,entity_0877,entity_0425,test
pair_003108,query,entity_0741,entity_0749,1,entity_0749,entity_0741,entity_0741,entity_0749,validation
pair_003109,query,entity_0371,entity_0584,0,entity_0371,entity_0584,entity_0584,entity_0371,test
pair_003110,query,entity_0557,entity_0822,0,entity_0557,entity_0822,entity_0822,entity_0557,test
pair_003111,query,entity_0805,entity_0808,1,entity_0808,entity_0805,entity_0805,entity_0808,test
pair_003112,query,entity_0516,entity_0897,0,entity_0516,entity_0897,entity_0897,entity_0516,test
pair_003113,query,entity_0325,entity_0329,1,entity_0325,entity_0329,entity_0329,entity_0325,test
pair_003114,query,entity_0592,entity_0596,1,entity_0596,entity_0592,entity_0592,entity_0596,test
pair_003115,query,entity_0408,entity_0410,1,entity_0408,entity_0410,entity_0410,entity_0408,validation
pair_003116,query,entity_0177,entity_0678,0,entity_0177,entity_0678,entity_0678,entity_0177,test
pair_003117,query,entity_0736,entity_0738,1,entity_0736,entity_0738,entity_0738,entity_0736,test
pair_003118,query,entity_0866,entity_0869,1,entity_0866,entity_0869,entity_0869,entity_0866,validation
pair_003119,query,entity_0505,entity_0508,1,entity_0508,entity_0505,entity_0505,entity_0508,test
pair_003120,query,entity_0342,entity_0537,0,entity_0537,entity_0342,entity_0342,entity_0537,test
pair_003121,query,entity_0195,entity_0999,0,entity_0999,entity_0195,entity_0195,entity_0999,validation
pair_003122,query,entity_0552,entity_0937,0,entity_0552,entity_0937,entity_0937,entity_0552,test
pair_003123,query,entity_0919,entity_0920,1,entity_0919,entity_0920,entity_0920,entity_0919,test
pair_003124,query,entity_0521,entity_0524,1,entity_0521,entity_0524,entity_0524,entity_0521,test
pair_003125,query,entity_0791,entity_0795,1,entity_0795,entity_0791,entity_0791,entity_0795,test
pair_003126,query,entity_0098,entity_0099,1,entity_0099,entity_0098,entity_0098,entity_0099,test
pair_003127,query,entity_0098,entity_0657,0,entity_0098,entity_0657,entity_0657,entity_0098,test
pair_003128,query,entity_0283,entity_0287,1,entity_0287,entity_0283,entity_0283,entity_0287,test
pair_003129,query,entity_0040,entity_0770,0,entity_0040,entity_0770,entity_0770,entity_0040,validation
pair_003130,query,entity_0573,entity_0578,1,entity_0573,entity_0578,entity_0578,entity_0573,validation
pair_003131,query,entity_0007,entity_0913,0,entity_0007,entity_0913,entity_0913,entity_0007,validation
pair_003132,query,entity_0675,entity_0972,0,entity_0675,entity_0972,entity_0972,entity_0675,test
pair_003133,query,entity_0155,entity_0261,0,entity_0155,entity_0261,entity_0261,entity_0155,validation
pair_003134,query,entity_0202,entity_0711,0,entity_0202,entity_0711,entity_0711,entity_0202,test
pair_003135,query,entity_0152,entity_0156,1,entity_0156,entity_0152,entity_0152,entity_0156,test
pair_003136,query,entity_0603,entity_0608,1,entity_0608,entity_0603,entity_0603,entity_0608,test
pair_003137,query,entity_0271,entity_0278,1,entity_0278,entity_0271,entity_0271,entity_0278,test
pair_003138,query,entity_0573,entity_0580,1,entity_0580,entity_0573,entity_0573,entity_0580,test
pair_003139,query,entity_0207,entity_0248,0,entity_0207,entity_0248,entity_0248,entity_0207,test
pair_003140,query,entity_0724,entity_0729,1,entity_0729,entity_0724,entity_0724,entity_0729,validation
pair_003141,query,entity_0311,entity_0950,0,entity_0311,entity_0950,entity_0950,entity_0311,test
pair_003142,query,entity_0785,entity_0790,1,entity_0790,entity_0785,entity_0785,entity_0790,test
pair_003143,query,entity_0402,entity_0590,0,entity_0590,entity_0402,entity_0402,entity_0590,test
pair_003144,query,entity_0423,entity_0935,0,entity_0935,entity_0423,entity_0423,entity_0935,test
pair_003145,query,entity_0134,entity_0993,0,entity_0134,entity_0993,entity_0993,entity_0134,test
pair_003146,query,entity_0286,entity_0833,0,entity_0286,entity_0833,entity_0833,entity_0286,validation
pair_003147,query,entity_0032,entity_0036,1,entity_0032,entity_0036,entity_0036,entity_0032,test
pair_003148,query,entity_0443,entity_0962,0,entity_0443,entity_0962,entity_0962,entity_0443,test
pair_003149,query,entity_0842,entity_0848,1,entity_0842,entity_0848,entity_0848,entity_0842,test
pair_003150,query,entity_0151,entity_0160,1,entity_0151,entity_0160,entity_0160,entity_0151,test
pair_003151,query,entity_0150,entity_0523,0,entity_0523,entity_0150,entity_0150,entity_0523,test
pair_003152,query,entity_0111,entity_0656,0,entity_0656,entity_0111,entity_0111,entity_0656,test
pair_003153,query,entity_0907,entity_0909,1,entity_0907,entity_0909,entity_0909,entity_0907,test
pair_003154,query,entity_0311,entity_0312,1,entity_0312,entity_0311,entity_0311,entity_0312,validation
pair_003155,query,entity_0152,entity_0154,1,entity_0152,entity_0154,entity_0154,entity_0152,test
pair_003156,query,entity_0221,entity_0420,0,entity_0221,entity_0420,entity_0420,entity_0221,test
pair_003157,query,entity_0177,entity_0427,0,entity_0427,entity_0177,entity_0177,entity_0427,test
pair_003158,query,entity_0241,entity_0689,0,entity_0689,entity_0241,entity_0241,entity_0689,validation
pair_003159,query,entity_0577,entity_0580,1,entity_0580,entity_0577,entity_0577,entity_0580,test
pair_003160,query,entity_0526,entity_0570,0,entity_0570,entity_0526,entity_0526,entity_0570,test
pair_003161,query,entity_0304,entity_0309,1,entity_0304,entity_0309,entity_0309,entity_0304,test
pair_003162,query,entity_0618,entity_0785,0,entity_0785,entity_0618,entity_0618,entity_0785,test
pair_003163,query,entity_0069,entity_0173,0,entity_0069,entity_0173,entity_0173,entity_0069,test
pair_003164,query,entity_0072,entity_0679,0,entity_0072,entity_0679,entity_0679,entity_0072,test
pair_003165,query,entity_0067,entity_0071,0,entity_0071,entity_0067,entity_0067,entity_0071,test
pair_003166,query,entity_0766,entity_0875,0,entity_0766,entity_0875,entity_0875,entity_0766,test
pair_003167,query,entity_0231,entity_0783,0,entity_0783,entity_0231,entity_0231,entity_0783,test
pair_003168,query,entity_0443,entity_0444,1,entity_0443,entity_0444,entity_0444,entity_0443,test
pair_003169,query,entity_0033,entity_0039,1,entity_0039,entity_0033,entity_0033,entity_0039,test
pair_003170,query,entity_0547,entity_0550,1,entity_0547,entity_0550,entity_0550,entity_0547,test
pair_003171,query,entity_0200,entity_0561,0,entity_0200,entity_0561,entity_0561,entity_0200,test
pair_003172,query,entity_0387,entity_0702,0,entity_0387,entity_0702,entity_0702,entity_0387,test
pair_003173,query,entity_0043,entity_0049,1,entity_0049,entity_0043,entity_0043,entity_0049,test
pair_003174,query,entity_0437,entity_0721,0,entity_0437,entity_0721,entity_0721,entity_0437,validation
pair_003175,query,entity_0511,entity_0517,1,entity_0517,entity_0511,entity_0511,entity_0517,test
pair_003176,query,entity_0392,entity_0399,1,entity_0392,entity_0399,entity_0399,entity_0392,test
pair_003177,query,entity_0528,entity_0830,0,entity_0830,entity_0528,entity_0528,entity_0830,test
pair_003178,query,entity_0513,entity_0517,1,entity_0517,entity_0513,entity_0513,entity_0517,test
pair_003179,query,entity_0339,entity_0637,0,entity_0339,entity_0637,entity_0637,entity_0339,test
pair_003180,query,entity_0074,entity_0518,0,entity_0518,entity_0074,entity_0074,entity_0518,validation
pair_003181,query,entity_0137,entity_0675,0,entity_0675,entity_0137,entity_0137,entity_0675,test
pair_003182,query,entity_0886,entity_0887,1,entity_0887,entity_0886,entity_0886,entity_0887,test
pair_003183,query,entity_0164,entity_0166,1,entity_0164,entity_0166,entity_0166,entity_0164,test
pair_003184,query,entity_0864,entity_0865,1,entity_0864,entity_0865,entity_0865,entity_0864,test
pair_003185,query,entity_0551,entity_0652,0,entity_0652,entity_0551,entity_0551,entity_0652,test
pair_003186,query,entity_0861,entity_0863,1,entity_0861,entity_0863,entity_0863,entity_0861,test
pair_003187,query,entity_0265,entity_0881,0,entity_0265,entity_0881,entity_0881,entity_0265,test
pair_003188,query,entity_0812,entity_0819,1,entity_0819,entity_0812,entity_0812,entity_0819,validation
pair_003189,query,entity_0573,entity_0858,0,entity_0573,entity_0858,entity_0858,entity_0573,test
pair_003190,query,entity_0484,entity_0536,0,entity_0536,entity_0484,entity_0484,entity_0536,test
pair_003191,query,entity_0052,entity_0053,1,entity_0052,entity_0053,entity_0053,entity_0052,test
pair_003192,query,entity_0108,entity_0900,0,entity_0900,entity_0108,entity_0108,entity_0900,test
pair_003193,query,entity_0654,entity_0984,0,entity_0654,entity_0984,entity_0984,entity_0654,test
pair_003194,query,entity_0918,entity_0920,1,entity_0918,entity_0920,entity_0920,entity_0918,validation
pair_003195,query,entity_0107,entity_0108,1,entity_0108,entity_0107,entity_0107,entity_0108,test
pair_003196,query,entity_0131,entity_0133,1,entity_0133,entity_0131,entity_0131,entity_0133,test
pair_003197,query,entity_0901,entity_0908,1,entity_0901,entity_0908,entity_0908,entity_0901,test
pair_003198,query,entity_0405,entity_0732,0,entity_0732,entity_0405,entity_0405,entity_0732,test
pair_003199,query,entity_0578,entity_0684,0,entity_0684,entity_0578,entity_0578,entity_0684,validation
pair_003200,query,entity_0569,entity_0731,0,entity_0731,entity_0569,entity_0569,entity_0731,test
pair_003201,query,entity_0113,entity_0844,0,entity_0113,entity_0844,entity_0844,entity_0113,test
pair_003202,query,entity_0611,entity_0771,0,entity_0771,entity_0611,entity_0611,entity_0771,test
pair_003203,query,entity_0115,entity_0858,0,entity_0115,entity_0858,entity_0858,entity_0115,validation
pair_003204,query,entity_0132,entity_0140,1,entity_0132,entity_0140,entity_0140,entity_0132,test
pair_003205,query,entity_0202,entity_0205,1,entity_0205,entity_0202,entity_0202,entity_0205,test
pair_003206,query,entity_0073,entity_0074,1,entity_0073,entity_0074,entity_0074,entity_0073,test
pair_003207,query,entity_0381,entity_0382,1,entity_0382,entity_0381,entity_0381,entity_0382,test
pair_003208,query,entity_0034,entity_0039,1,entity_0034,entity_0039,entity_0039,entity_0034,test
pair_003209,query,entity_0464,entity_0465,1,entity_0465,entity_0464,entity_0464,entity_0465,test
pair_003210,query,entity_0968,entity_0982,0,entity_0968,entity_0982,entity_0982,entity_0968,test
pair_003211,query,entity_0413,entity_0681,0,entity_0413,entity_0681,entity_0681,entity_0413,validation
pair_003212,query,entity_0574,entity_0580,1,entity_0574,entity_0580,entity_0580,entity_0574,test
pair_003213,query,entity_0762,entity_0812,0,entity_0762,entity_0812,entity_0812,entity_0762,test
pair_003214,query,entity_0636,entity_0844,0,entity_0636,entity_0844,entity_0844,entity_0636,test
pair_003215,query,entity_0086,entity_0971,0,entity_0086,entity_0971,entity_0971,entity_0086,test
pair_003216,query,entity_0110,entity_0186,0,entity_0110,entity_0186,entity_0186,entity_0110,test
pair_003217,query,entity_0147,entity_0803,0,entity_0803,entity_0147,entity_0147,entity_0803,test
pair_003218,query,entity_0037,entity_0685,0,entity_0685,entity_0037,entity_0037,entity_0685,validation
pair_003219,query,entity_0032,entity_0035,1,entity_0035,entity_0032,entity_0032,entity_0035,test
pair_003220,query,entity_0559,entity_0976,0,entity_0976,entity_0559,entity_0559,entity_0976,test
pair_003221,query,entity_0201,entity_0210,1,entity_0210,entity_0201,entity_0201,entity_0210,test
pair_003222,query,entity_0181,entity_0654,0,entity_0181,entity_0654,entity_0654,entity_0181,test
pair_003223,query,entity_0352,entity_0360,1,entity_0360,entity_0352,entity_0352,entity_0360,test
pair_003224,query,entity_0030,entity_0721,0,entity_0030,entity_0721,entity_0721,entity_0030,test
pair_003225,query,entity_0469,entity_0596,0,entity_0469,entity_0596,entity_0596,entity_0469,test
pair_003226,query,entity_0145,entity_0150,1,entity_0145,entity_0150,entity_0150,entity_0145,test
pair_003227,query,entity_0716,entity_0719,1,entity_0719,entity_0716,entity_0716,entity_0719,test
pair_003228,query,entity_0177,entity_0306,0,entity_0177,entity_0306,entity_0306,entity_0177,test
pair_003229,query,entity_0647,entity_0649,1,entity_0649,entity_0647,entity_0647,entity_0649,test
pair_003230,query,entity_0831,entity_0839,1,entity_0839,entity_0831,entity_0831,entity_0839,test
pair_003231,query,entity_0901,entity_0910,1,entity_0901,entity_0910,entity_0910,entity_0901,test
pair_003232,query,entity_0723,entity_0816,0,entity_0816,entity_0723,entity_0723,entity_0816,test
pair_003233,query,entity_0167,entity_0894,0,entity_0167,entity_0894,entity_0894,entity_0167,test
pair_003234,query,entity_0668,entity_0670,1,entity_0670,entity_0668,entity_0668,entity_0670,test
pair_003235,query,entity_0234,entity_0235,1,entity_0234,entity_0235,entity_0235,entity_0234,test
pair_003236,query,entity_0125,entity_0172,0,entity_0125,entity_0172,entity_0172,entity_0125,test
pair_003237,query,entity_0594,entity_0814,0,entity_0814,entity_0594,entity_0594,entity_0814,validation
pair_003238,query,entity_0767,entity_0837,0,entity_0837,entity_0767,entity_0767,entity_0837,test
pair_003239,query,entity_0644,entity_0645,1,entity_0644,entity_0645,entity_0645,entity_0644,test
pair_003240,query,entity_0268,entity_0270,1,entity_0270,entity_0268,entity_0268,entity_0270,test
pair_003241,query,entity_0165,entity_0170,1,entity_0170,entity_0165,entity_0165,entity_0170,validation
pair_003242,query,entity_0037,entity_0548,0,entity_0548,entity_0037,entity_0037,entity_0548,test
pair_003243,query,entity_0784,entity_0785,1,entity_0784,entity_0785,entity_0785,entity_0784,test
pair_003244,query,entity_0295,entity_0300,1,entity_0300,entity_0295,entity_0295,entity_0300,test
pair_003245,query,entity_0082,entity_0137,0,entity_0082,entity_0137,entity_0137,entity_0082,test
pair_003246,query,entity_0652,entity_0654,1,entity_0654,entity_0652,entity_0652,entity_0654,test
pair_003247,query,entity_0437,entity_0944,0,entity_0437,entity_0944,entity_0944,entity_0437,test
pair_003248,query,entity_0277,entity_0278,1,entity_0278,entity_0277,entity_0277,entity_0278,test
pair_003249,query,entity_0834,entity_0839,1,entity_0834,entity_0839,entity_0839,entity_0834,test
pair_003250,query,entity_0085,entity_0089,1,entity_0089,entity_0085,entity_0085,entity_0089,test
pair_003251,query,entity_0481,entity_0654,0,entity_0481,entity_0654,entity_0654,entity_0481,test
pair_003252,query,entity_0567,entity_0758,0,entity_0758,entity_0567,entity_0567,entity_0758,test
pair_003253,query,entity_0676,entity_0680,1,entity_0680,entity_0676,entity_0676,entity_0680,test
pair_003254,query,entity_0463,entity_0482,0,entity_0463,entity_0482,entity_0482,entity_0463,test
pair_003255,query,entity_0852,entity_0853,1,entity_0853,entity_0852,entity_0852,entity_0853,test
pair_003256,query,entity_0519,entity_0680,0,entity_0519,entity_0680,entity_0680,entity_0519,test
pair_003257,query,entity_0492,entity_0800,0,entity_0800,entity_0492,entity_0492,entity_0800,test
pair_003258,query,entity_0260,entity_0617,0,entity_0617,entity_0260,entity_0260,entity_0617,test
pair_003259,query,entity_0236,entity_0443,0,entity_0236,entity_0443,entity_0443,entity_0236,test
pair_003260,query,entity_0033,entity_0035,1,entity_0035,entity_0033,entity_0033,entity_0035,test
pair_003261,query,entity_0854,entity_0860,1,entity_0860,entity_0854,entity_0854,entity_0860,validation
pair_003262,query,entity_0125,entity_0455,0,entity_0125,entity_0455,entity_0455,entity_0125,test
pair_003263,query,entity_0433,entity_0907,0,entity_0433,entity_0907,entity_0907,entity_0433,test
pair_003264,query,entity_0173,entity_0371,0,entity_0173,entity_0371,entity_0371,entity_0173,test
pair_003265,query,entity_0311,entity_0315,1,entity_0311,entity_0315,entity_0315,entity_0311,test
pair_003266,query,entity_0665,entity_0666,1,entity_0666,entity_0665,entity_0665,entity_0666,validation
pair_003267,query,entity_0622,entity_0623,1,entity_0622,entity_0623,entity_0623,entity_0622,test
pair_003268,query,entity_0394,entity_0396,1,entity_0394,entity_0396,entity_0396,entity_0394,validation
pair_003269,query,entity_0496,entity_0983,0,entity_0983,entity_0496,entity_0496,entity_0983,test
pair_003270,query,entity_0486,entity_0614,0,entity_0486,entity_0614,entity_0614,entity_0486,test
pair_003271,query,entity_0403,entity_0405,1,entity_0405,entity_0403,entity_0403,entity_0405,test
pair_003272,query,entity_0963,entity_0965,1,entity_0963,entity_0965,entity_0965,entity_0963,validation
pair_003273,query,entity_0553,entity_0554,1,entity_0554,entity_0553,entity_0553,entity_0554,test
pair_003274,query,entity_0275,entity_0961,0,entity_0961,entity_0275,entity_0275,entity_0961,test
pair_003275,query,entity_0382,entity_0386,1,entity_0382,entity_0386,entity_0386,entity_0382,validation
pair_003276,query,entity_0323,entity_0327,1,entity_0327,entity_0323,entity_0323,entity_0327,test
pair_003277,query,entity_0858,entity_0859,1,entity_0859,entity_0858,entity_0858,entity_0859,test
pair_003278,query,entity_0082,entity_0085,1,entity_0085,entity_0082,entity_0082,entity_0085,test
pair_003279,query,entity_0006,entity_0010,1,entity_0010,entity_0006,entity_0006,entity_0010,test
pair_003280,query,entity_0811,entity_0940,0,entity_0811,entity_0940,entity_0940,entity_0811,test
pair_003281,query,entity_0855,entity_0856,1,entity_0855,entity_0856,entity_0856,entity_0855,test
pair_003282,query,entity_0503,entity_0816,0,entity_0503,entity_0816,entity_0816,entity_0503,test
pair_003283,query,entity_0925,entity_0926,1,entity_0926,entity_0925,entity_0925,entity_0926,test
pair_003284,query,entity_0456,entity_0808,0,entity_0456,entity_0808,entity_0808,entity_0456,test
pair_003285,query,entity_0286,entity_0288,1,entity_0288,entity_0286,entity_0286,entity_0288,test
pair_003286,query,entity_0578,entity_0643,0,entity_0578,entity_0643,entity_0643,entity_0578,validation
pair_003287,query,entity_0375,entity_0377,1,entity_0377,entity_0375,entity_0375,entity_0377,validation
pair_003288,query,entity_0674,entity_0735,0,entity_0735,entity_0674,entity_0674,entity_0735,test
pair_003289,query,entity_0253,entity_0878,0,entity_0878,entity_0253,entity_0253,entity_0878,test
pair_003290,query,entity_0792,entity_0793,1,entity_0793,entity_0792,entity_0792,entity_0793,test
pair_003291,query,entity_0169,entity_0919,0,entity_0919,entity_0169,entity_0169,entity_0919,test
pair_003292,query,entity_0352,entity_0357,1,entity_0357,entity_0352,entity_0352,entity_0357,test
pair_003293,query,entity_0774,entity_0780,1,entity_0780,entity_0774,entity_0774,entity_0780,test
pair_003294,query,entity_0564,entity_0566,1,entity_0564,entity_0566,entity_0566,entity_0564,test
pair_003295,query,entity_0674,entity_0892,0,entity_0674,entity_0892,entity_0892,entity_0674,test
pair_003296,query,entity_0585,entity_0587,1,entity_0587,entity_0585,entity_0585,entity_0587,test
pair_003297,query,entity_0544,entity_0736,0,entity_0736,entity_0544,entity_0544,entity_0736,test
pair_003298,query,entity_0679,entity_0918,0,entity_0918,entity_0679,entity_0679,entity_0918,test
pair_003299,query,entity_0795,entity_0798,1,entity_0798,entity_0795,entity_0795,entity_0798,test
pair_003300,query,entity_0015,entity_0721,0,entity_0015,entity_0721,entity_0721,entity_0015,test
pair_003301,query,entity_0351,entity_0681,0,entity_0681,entity_0351,entity_0351,entity_0681,test
pair_003302,query,entity_0769,entity_0825,0,entity_0769,entity_0825,entity_0825,entity_0769,test
pair_003303,query,entity_0564,entity_0565,1,entity_0564,entity_0565,entity_0565,entity_0564,test
pair_003304,query,entity_0539,entity_0540,1,entity_0540,entity_0539,entity_0539,entity_0540,test
pair_003305,query,entity_0221,entity_0668,0,entity_0221,entity_0668,entity_0668,entity_0221,test
pair_003306,query,entity_0408,entity_0871,0,entity_0871,entity_0408,entity_0408,entity_0871,test
pair_003307,query,entity_0374,entity_0377,1,entity_0377,entity_0374,entity_0374,entity_0377,test
pair_003308,query,entity_0281,entity_0287,1,entity_0281,entity_0287,entity_0287,entity_0281,validation
pair_003309,query,entity_0602,entity_0603,1,entity_0603,entity_0602,entity_0602,entity_0603,validation
pair_003310,query,entity_0320,entity_0695,0,entity_0320,entity_0695,entity_0695,entity_0320,test
pair_003311,query,entity_0529,entity_0950,0,entity_0950,entity_0529,entity_0529,entity_0950,test
pair_003312,query,entity_0287,entity_0568,0,entity_0287,entity_0568,entity_0568,entity_0287,test
pair_003313,query,entity_0137,entity_0780,0,entity_0780,entity_0137,entity_0137,entity_0780,test
pair_003314,query,entity_0126,entity_0127,1,entity_0127,entity_0126,entity_0126,entity_0127,test
pair_003315,query,entity_0592,entity_0597,1,entity_0592,entity_0597,entity_0597,entity_0592,test
pair_003316,query,entity_0219,entity_0435,0,entity_0435,entity_0219,entity_0219,entity_0435,validation
pair_003317,query,entity_0078,entity_0079,1,entity_0079,entity_0078,entity_0078,entity_0079,test
pair_003318,query,entity_0190,entity_0678,0,entity_0190,entity_0678,entity_0678,entity_0190,validation
pair_003319,query,entity_0682,entity_0687,1,entity_0687,entity_0682,entity_0682,entity_0687,test
pair_003320,query,entity_0585,entity_0917,0,entity_0917,entity_0585,entity_0585,entity_0917,test
pair_003321,query,entity_0665,entity_0878,0,entity_0665,entity_0878,entity_0878,entity_0665,validation
pair_003322,query,entity_0971,entity_0972,1,entity_0971,entity_0972,entity_0972,entity_0971,test
pair_003323,query,entity_0037,entity_0687,0,entity_0037,entity_0687,entity_0687,entity_0037,test
pair_003324,query,entity_0461,entity_0466,1,entity_0466,entity_0461,entity_0461,entity_0466,test
pair_003325,query,entity_0925,entity_0930,1,entity_0925,entity_0930,entity_0930,entity_0925,test
pair_003326,query,entity_0411,entity_0415,1,entity_0415,entity_0411,entity_0411,entity_0415,test
pair_003327,query,entity_0138,entity_0835,0,entity_0835,entity_0138,entity_0138,entity_0835,validation
pair_003328,query,entity_0166,entity_0579,0,entity_0579,entity_0166,entity_0166,entity_0579,test
pair_003329,query,entity_0012,entity_0781,0,entity_0012,entity_0781,entity_0781,entity_0012,test
pair_003330,query,entity_0061,entity_0068,1,entity_0068,entity_0061,entity_0061,entity_0068,test
pair_003331,query,entity_0555,entity_0853,0,entity_0853,entity_0555,entity_0555,entity_0853,test
pair_003332,query,entity_0984,entity_0986,1,entity_0986,entity_0984,entity_0984,entity_0986,test
pair_003333,query,entity_0117,entity_0120,1,entity_0117,entity_0120,entity_0120,entity_0117,test
pair_003334,query,entity_0177,entity_0839,0,entity_0177,entity_0839,entity_0839,entity_0177,test
pair_003335,query,entity_0039,entity_0040,1,entity_0040,entity_0039,entity_0039,entity_0040,test
pair_003336,query,entity_0027,entity_0681,0,entity_0681,entity_0027,entity_0027,entity_0681,test
pair_003337,query,entity_0030,entity_0847,0,entity_0847,entity_0030,entity_0030,entity_0847,test
pair_003338,query,entity_0811,entity_0815,1,entity_0815,entity_0811,entity_0811,entity_0815,validation
pair_003339,query,entity_0552,entity_0560,1,entity_0560,entity_0552,entity_0552,entity_0560,test
pair_003340,query,entity_0727,entity_0730,1,entity_0727,entity_0730,entity_0730,entity_0727,test
pair_003341,query,entity_0811,entity_0819,1,entity_0819,entity_0811,entity_0811,entity_0819,test
pair_003342,query,entity_0812,entity_0813,1,entity_0812,entity_0813,entity_0813,entity_0812,test
pair_003343,query,entity_0171,entity_0172,1,entity_0172,entity_0171,entity_0171,entity_0172,test
pair_003344,query,entity_0367,entity_0697,0,entity_0697,entity_0367,entity_0367,entity_0697,test
pair_003345,query,entity_0336,entity_0340,1,entity_0336,entity_0340,entity_0340,entity_0336,test
pair_003346,query,entity_0016,entity_0351,0,entity_0351,entity_0016,entity_0016,entity_0351,test
pair_003347,query,entity_0536,entity_0540,1,entity_0540,entity_0536,entity_0536,entity_0540,test
pair_003348,query,entity_0141,entity_0852,0,entity_0141,entity_0852,entity_0852,entity_0141,test
pair_003349,query,entity_0288,entity_0741,0,entity_0741,entity_0288,entity_0288,entity_0741,validation
pair_003350,query,entity_0057,entity_0196,0,entity_0196,entity_0057,entity_0057,entity_0196,test
pair_003351,query,entity_0214,entity_0942,0,entity_0942,entity_0214,entity_0214,entity_0942,test
pair_003352,query,entity_0892,entity_0897,1,entity_0892,entity_0897,entity_0897,entity_0892,test
pair_003353,query,entity_0287,entity_0288,1,entity_0287,entity_0288,entity_0288,entity_0287,test
pair_003354,query,entity_0220,entity_0630,0,entity_0630,entity_0220,entity_0220,entity_0630,test
pair_003355,query,entity_0275,entity_0819,0,entity_0275,entity_0819,entity_0819,entity_0275,test
pair_003356,query,entity_0252,entity_0532,0,entity_0532,entity_0252,entity_0252,entity_0532,test
pair_003357,query,entity_0261,entity_0270,1,entity_0270,entity_0261,entity_0261,entity_0270,test
pair_003358,query,entity_0442,entity_0447,1,entity_0442,entity_0447,entity_0447,entity_0442,test
pair_003359,query,entity_0293,entity_0294,1,entity_0293,entity_0294,entity_0294,entity_0293,test
pair_003360,query,entity_0202,entity_0204,1,entity_0204,entity_0202,entity_0202,entity_0204,validation
pair_003361,query,entity_0768,entity_0943,0,entity_0768,entity_0943,entity_0943,entity_0768,test
pair_003362,query,entity_0854,entity_0896,0,entity_0896,entity_0854,entity_0854,entity_0896,test
pair_003363,query,entity_0538,entity_0628,0,entity_0538,entity_0628,entity_0628,entity_0538,test
pair_003364,query,entity_0762,entity_0772,0,entity_0762,entity_0772,entity_0772,entity_0762,test
pair_003365,query,entity_0357,entity_0784,0,entity_0357,entity_0784,entity_0784,entity_0357,test
pair_003366,query,entity_0263,entity_0510,0,entity_0510,entity_0263,entity_0263,entity_0510,validation
pair_003367,query,entity_0941,entity_0949,1,entity_0949,entity_0941,entity_0941,entity_0949,test
pair_003368,query,entity_0288,entity_0922,0,entity_0922,entity_0288,entity_0288,entity_0922,test
pair_003369,query,entity_0228,entity_0532,0,entity_0532,entity_0228,entity_0228,entity_0532,test
pair_003370,query,entity_0465,entity_0466,1,entity_0465,entity_0466,entity_0466,entity_0465,test
pair_003371,query,entity_0447,entity_0450,1,entity_0450,entity_0447,entity_0447,entity_0450,test
pair_003372,query,entity_0593,entity_0599,1,entity_0599,entity_0593,entity_0593,entity_0599,test
pair_003373,query,entity_0095,entity_0308,0,entity_0308,entity_0095,entity_0095,entity_0308,test
pair_003374,query,entity_0501,entity_0509,1,entity_0509,entity_0501,entity_0501,entity_0509,test
pair_003375,query,entity_0493,entity_0944,0,entity_0493,entity_0944,entity_0944,entity_0493,validation
pair_003376,query,entity_0132,entity_0955,0,entity_0132,entity_0955,entity_0955,entity_0132,test
pair_003377,query,entity_0146,entity_0732,0,entity_0732,entity_0146,entity_0146,entity_0732,test
pair_003378,query,entity_0087,entity_0381,0,entity_0381,entity_0087,entity_0087,entity_0381,test
pair_003379,query,entity_0044,entity_0786,0,entity_0044,entity_0786,entity_0786,entity_0044,validation
pair_003380,query,entity_0392,entity_0588,0,entity_0588,entity_0392,entity_0392,entity_0588,validation
pair_003381,query,entity_0772,entity_0775,1,entity_0775,entity_0772,entity_0772,entity_0775,validation
pair_003382,query,entity_0159,entity_0160,1,entity_0160,entity_0159,entity_0159,entity_0160,test
pair_003383,query,entity_0823,entity_0948,0,entity_0948,entity_0823,entity_0823,entity_0948,test
pair_003384,query,entity_0670,entity_0792,0,entity_0792,entity_0670,entity_0670,entity_0792,test
pair_003385,query,entity_0091,entity_0148,0,entity_0148,entity_0091,entity_0091,entity_0148,test
pair_003386,query,entity_0255,entity_0256,1,entity_0255,entity_0256,entity_0256,entity_0255,validation
pair_003387,query,entity_0661,entity_0662,1,entity_0662,entity_0661,entity_0661,entity_0662,test
pair_003388,query,entity_0195,entity_0199,1,entity_0199,entity_0195,entity_0195,entity_0199,test
pair_003389,query,entity_0285,entity_0758,0,entity_0285,entity_0758,entity_0758,entity_0285,test
pair_003390,query,entity_0458,entity_0836,0,entity_0458,entity_0836,entity_0836,entity_0458,test
pair_003391,query,entity_0241,entity_0755,0,entity_0241,entity_0755,entity_0755,entity_0241,test
pair_003392,query,entity_0234,entity_0837,0,entity_0234,entity_0837,entity_0837,entity_0234,test
pair_003393,query,entity_0495,entity_0521,0,entity_0495,entity_0521,entity_0521,entity_0495,test
pair_003394,query,entity_0024,entity_0155,0,entity_0024,entity_0155,entity_0155,entity_0024,validation
pair_003395,query,entity_0410,entity_0878,0,entity_0878,entity_0410,entity_0410,entity_0878,test
pair_003396,query,entity_0104,entity_0107,1,entity_0107,entity_0104,entity_0104,entity_0107,test
pair_003397,query,entity_0410,entity_0522,0,entity_0522,entity_0410,entity_0410,entity_0522,test
pair_003398,query,entity_0641,entity_0644,1,entity_0641,entity_0644,entity_0644,entity_0641,validation
pair_003399,query,entity_0241,entity_0745,0,entity_0745,entity_0241,entity_0241,entity_0745,test
pair_003400,query,entity_0124,entity_0588,0,entity_0124,entity_0588,entity_0588,entity_0124,test
pair_003401,query,entity_0603,entity_0606,1,entity_0603,entity_0606,entity_0606,entity_0603,validation
pair_003402,query,entity_0834,entity_0838,1,entity_0838,entity_0834,entity_0834,entity_0838,test
pair_003403,query,entity_0222,entity_0230,1,entity_0222,entity_0230,entity_0230,entity_0222,test
pair_003404,query,entity_0102,entity_0109,1,entity_0109,entity_0102,entity_0102,entity_0109,test
pair_003405,query,entity_0723,entity_0755,0,entity_0755,entity_0723,entity_0723,entity_0755,validation
pair_003406,query,entity_0349,entity_0502,0,entity_0349,entity_0502,entity_0502,entity_0349,test
pair_003407,query,entity_0522,entity_0833,0,entity_0833,entity_0522,entity_0522,entity_0833,test
pair_003408,query,entity_0984,entity_0985,1,entity_0985,entity_0984,entity_0984,entity_0985,test
pair_003409,query,entity_0020,entity_0668,0,entity_0020,entity_0668,entity_0668,entity_0020,validation
pair_003410,query,entity_0154,entity_0991,0,entity_0154,entity_0991,entity_0991,entity_0154,test
pair_003411,query,entity_0365,entity_0368,1,entity_0368,entity_0365,entity_0365,entity_0368,test
pair_003412,query,entity_0823,entity_0826,1,entity_0826,entity_0823,entity_0823,entity_0826,test
pair_003413,query,entity_0936,entity_0939,1,entity_0936,entity_0939,entity_0939,entity_0936,test
pair_003414,query,entity_0274,entity_0279,1,entity_0274,entity_0279,entity_0279,entity_0274,test
pair_003415,query,entity_0062,entity_0669,0,entity_0669,entity_0062,entity_0062,entity_0669,validation
pair_003416,query,entity_0044,entity_0187,0,entity_0044,entity_0187,entity_0187,entity_0044,validation
pair_003417,query,entity_0147,entity_0855,0,entity_0855,entity_0147,entity_0147,entity_0855,test
pair_003418,query,entity_0804,entity_0807,1,entity_0807,entity_0804,entity_0804,entity_0807,test
pair_003419,query,entity_0021,entity_0025,1,entity_0021,entity_0025,entity_0025,entity_0021,test
pair_003420,query,entity_0154,entity_0544,0,entity_0154,entity_0544,entity_0544,entity_0154,test
pair_003421,query,entity_0436,entity_0440,1,entity_0440,entity_0436,entity_0436,entity_0440,test
pair_003422,query,entity_0045,entity_0700,0,entity_0045,entity_0700,entity_0700,entity_0045,test
pair_003423,query,entity_0094,entity_0256,0,entity_0094,entity_0256,entity_0256,entity_0094,test
pair_003424,query,entity_0245,entity_0582,0,entity_0582,entity_0245,entity_0245,entity_0582,validation
pair_003425,query,entity_0461,entity_0465,1,entity_0465,entity_0461,entity_0461,entity_0465,test
pair_003426,query,entity_0597,entity_0759,0,entity_0597,entity_0759,entity_0759,entity_0597,test
pair_003427,query,entity_0122,entity_0123,1,entity_0122,entity_0123,entity_0123,entity_0122,validation
pair_003428,query,entity_0853,entity_0856,1,entity_0856,entity_0853,entity_0853,entity_0856,test
pair_003429,query,entity_0323,entity_0329,1,entity_0323,entity_0329,entity_0329,entity_0323,test
pair_003430,query,entity_0052,entity_0979,0,entity_0979,entity_0052,entity_0052,entity_0979,test
pair_003431,query,entity_0885,entity_0889,1,entity_0885,entity_0889,entity_0889,entity_0885,test
pair_003432,query,entity_0708,entity_0995,0,entity_0995,entity_0708,entity_0708,entity_0995,test
pair_003433,query,entity_0698,entity_0851,0,entity_0698,entity_0851,entity_0851,entity_0698,test
pair_003434,query,entity_0294,entity_0560,0,entity_0560,entity_0294,entity_0294,entity_0560,test
pair_003435,query,entity_0365,entity_0509,0,entity_0509,entity_0365,entity_0365,entity_0509,test
pair_003436,query,entity_0024,entity_0768,0,entity_0024,entity_0768,entity_0768,entity_0024,test
pair_003437,query,entity_0162,entity_0392,0,entity_0162,entity_0392,entity_0392,entity_0162,test
pair_003438,query,entity_0782,entity_0785,1,entity_0785,entity_0782,entity_0782,entity_0785,test
pair_003439,query,entity_0484,entity_0490,1,entity_0490,entity_0484,entity_0484,entity_0490,test
pair_003440,query,entity_0513,entity_0557,0,entity_0557,entity_0513,entity_0513,entity_0557,test
pair_003441,query,entity_0487,entity_0490,1,entity_0487,entity_0490,entity_0490,entity_0487,test
pair_003442,query,entity_0158,entity_0592,0,entity_0592,entity_0158,entity_0158,entity_0592,test
pair_003443,query,entity_0025,entity_0027,1,entity_0027,entity_0025,entity_0025,entity_0027,test
pair_003444,query,entity_0794,entity_0798,1,entity_0798,entity_0794,entity_0794,entity_0798,test
pair_003445,query,entity_0125,entity_0389,0,entity_0389,entity_0125,entity_0125,entity_0389,test
pair_003446,query,entity_0257,entity_0258,1,entity_0258,entity_0257,entity_0257,entity_0258,test
pair_003447,query,entity_0518,entity_0560,0,entity_0518,entity_0560,entity_0560,entity_0518,test
pair_003448,query,entity_0805,entity_0809,1,entity_0805,entity_0809,entity_0809,entity_0805,test
pair_003449,query,entity_0074,entity_0734,0,entity_0074,entity_0734,entity_0734,entity_0074,test
pair_003450,query,entity_0051,entity_0194,0,entity_0194,entity_0051,entity_0051,entity_0194,test
pair_003451,query,entity_0781,entity_0790,1,entity_0781,entity_0790,entity_0790,entity_0781,test
pair_003452,query,entity_0003,entity_0051,0,entity_0051,entity_0003,entity_0003,entity_0051,test
pair_003453,query,entity_0704,entity_0705,1,entity_0705,entity_0704,entity_0704,entity_0705,test
pair_003454,query,entity_0273,entity_0433,0,entity_0433,entity_0273,entity_0273,entity_0433,validation
pair_003455,query,entity_0941,entity_0948,1,entity_0948,entity_0941,entity_0941,entity_0948,test
pair_003456,query,entity_0362,entity_0369,1,entity_0362,entity_0369,entity_0369,entity_0362,test
pair_003457,query,entity_0769,entity_0821,0,entity_0769,entity_0821,entity_0821,entity_0769,test
pair_003458,query,entity_0477,entity_0911,0,entity_0477,entity_0911,entity_0911,entity_0477,test
pair_003459,query,entity_0087,entity_0090,1,entity_0090,entity_0087,entity_0087,entity_0090,test
pair_003460,query,entity_0167,entity_0190,0,entity_0190,entity_0167,entity_0167,entity_0190,test
pair_003461,query,entity_0714,entity_0858,0,entity_0714,entity_0858,entity_0858,entity_0714,test
pair_003462,query,entity_0460,entity_0917,0,entity_0917,entity_0460,entity_0460,entity_0917,test
pair_003463,query,entity_0031,entity_0439,0,entity_0031,entity_0439,entity_0439,entity_0031,validation
pair_003464,query,entity_0042,entity_0384,0,entity_0042,entity_0384,entity_0384,entity_0042,test
pair_003465,query,entity_0390,entity_0679,0,entity_0390,entity_0679,entity_0679,entity_0390,test
pair_003466,query,entity_0107,entity_0905,0,entity_0905,entity_0107,entity_0107,entity_0905,test
pair_003467,query,entity_0734,entity_0902,0,entity_0734,entity_0902,entity_0902,entity_0734,test
pair_003468,query,entity_0785,entity_0962,0,entity_0785,entity_0962,entity_0962,entity_0785,validation
pair_003469,query,entity_0307,entity_0406,0,entity_0307,entity_0406,entity_0406,entity_0307,test
pair_003470,query,entity_0684,entity_0687,1,entity_0687,entity_0684,entity_0684,entity_0687,test
pair_003471,query,entity_0493,entity_0494,1,entity_0493,entity_0494,entity_0494,entity_0493,test
pair_003472,query,entity_0651,entity_0992,0,entity_0651,entity_0992,entity_0992,entity_0651,test
pair_003473,query,entity_0298,entity_0933,0,entity_0298,entity_0933,entity_0933,entity_0298,test
pair_003474,query,entity_0169,entity_0694,0,entity_0694,entity_0169,entity_0169,entity_0694,test
pair_003475,query,entity_0165,entity_0168,1,entity_0165,entity_0168,entity_0168,entity_0165,test
pair_003476,query,entity_0062,entity_0318,0,entity_0062,entity_0318,entity_0318,entity_0062,test
pair_003477,query,entity_0739,entity_0742,0,entity_0742,entity_0739,entity_0739,entity_0742,test
pair_003478,query,entity_0193,entity_0194,1,entity_0193,entity_0194,entity_0194,entity_0193,validation
pair_003479,query,entity_0268,entity_0269,1,entity_0268,entity_0269,entity_0269,entity_0268,test
pair_003480,query,entity_0018,entity_0201,0,entity_0201,entity_0018,entity_0018,entity_0201,validation
pair_003481,query,entity_0883,entity_0890,1,entity_0890,entity_0883,entity_0883,entity_0890,validation
pair_003482,query,entity_0323,entity_0588,0,entity_0323,entity_0588,entity_0588,entity_0323,test
pair_003483,query,entity_0124,entity_0503,0,entity_0124,entity_0503,entity_0503,entity_0124,test
pair_003484,query,entity_0297,entity_0784,0,entity_0784,entity_0297,entity_0297,entity_0784,validation
pair_003485,query,entity_0802,entity_0809,1,entity_0809,entity_0802,entity_0802,entity_0809,test
pair_003486,query,entity_0191,entity_0195,1,entity_0191,entity_0195,entity_0195,entity_0191,validation
pair_003487,query,entity_0031,entity_0040,1,entity_0031,entity_0040,entity_0040,entity_0031,test
pair_003488,query,entity_0332,entity_0339,1,entity_0339,entity_0332,entity_0332,entity_0339,test
pair_003489,query,entity_0332,entity_0464,0,entity_0332,entity_0464,entity_0464,entity_0332,test
pair_003490,query,entity_0168,entity_0986,0,entity_0986,entity_0168,entity_0168,entity_0986,test
pair_003491,query,entity_0841,entity_0926,0,entity_0926,entity_0841,entity_0841,entity_0926,test
pair_003492,query,entity_0912,entity_0915,1,entity_0915,entity_0912,entity_0912,entity_0915,validation
pair_003493,query,entity_0925,entity_0985,0,entity_0925,entity_0985,entity_0985,entity_0925,test
pair_003494,query,entity_0391,entity_0532,0,entity_0391,entity_0532,entity_0532,entity_0391,test
pair_003495,query,entity_0603,entity_0610,1,entity_0603,entity_0610,entity_0610,entity_0603,validation
pair_003496,query,entity_0396,entity_0858,0,entity_0858,entity_0396,entity_0396,entity_0858,test
pair_003497,query,entity_0344,entity_0346,1,entity_0346,entity_0344,entity_0344,entity_0346,test
pair_003498,query,entity_0189,entity_0682,0,entity_0682,entity_0189,entity_0189,entity_0682,test
pair_003499,query,entity_0728,entity_0798,0,entity_0798,entity_0728,entity_0728,entity_0798,validation
pair_003500,query,entity_0008,entity_0132,0,entity_0008,entity_0132,entity_0132,entity_0008,test
pair_003501,query,entity_0911,entity_0914,1,entity_0914,entity_0911,entity_0911,entity_0914,test
pair_003502,query,entity_0915,entity_0947,0,entity_0915,entity_0947,entity_0947,entity_0915,test
pair_003503,query,entity_0215,entity_0983,0,entity_0983,entity_0215,entity_0215,entity_0983,test
pair_003504,query,entity_0612,entity_0717,0,entity_0717,entity_0612,entity_0612,entity_0717,validation
pair_003505,query,entity_0473,entity_0957,0,entity_0473,entity_0957,entity_0957,entity_0473,validation
pair_003506,query,entity_0542,entity_0544,1,entity_0542,entity_0544,entity_0544,entity_0542,validation
pair_003507,query,entity_0798,entity_0977,0,entity_0977,entity_0798,entity_0798,entity_0977,test
pair_003508,query,entity_0842,entity_0846,1,entity_0842,entity_0846,entity_0846,entity_0842,test
pair_003509,query,entity_0033,entity_0045,0,entity_0033,entity_0045,entity_0045,entity_0033,validation
pair_003510,query,entity_0513,entity_0518,1,entity_0513,entity_0518,entity_0518,entity_0513,test
pair_003511,query,entity_0394,entity_0395,1,entity_0394,entity_0395,entity_0395,entity_0394,test
pair_003512,query,entity_0515,entity_0517,1,entity_0517,entity_0515,entity_0515,entity_0517,test
pair_003513,query,entity_0285,entity_0290,1,entity_0290,entity_0285,entity_0285,entity_0290,test
pair_003514,query,entity_0430,entity_0708,0,entity_0430,entity_0708,entity_0708,entity_0430,validation
pair_003515,query,entity_0466,entity_0659,0,entity_0466,entity_0659,entity_0659,entity_0466,test
pair_003516,query,entity_0623,entity_0629,1,entity_0629,entity_0623,entity_0623,entity_0629,test
pair_003517,query,entity_0374,entity_0531,0,entity_0374,entity_0531,entity_0531,entity_0374,test
pair_003518,query,entity_0070,entity_0173,0,entity_0173,entity_0070,entity_0070,entity_0173,validation
pair_003519,query,entity_0843,entity_0849,1,entity_0843,entity_0849,entity_0849,entity_0843,test
pair_003520,query,entity_0223,entity_0717,0,entity_0223,entity_0717,entity_0717,entity_0223,test
pair_003521,query,entity_0553,entity_0560,1,entity_0560,entity_0553,entity_0553,entity_0560,test
pair_003522,query,entity_0205,entity_0208,1,entity_0208,entity_0205,entity_0205,entity_0208,validation
pair_003523,query,entity_0121,entity_0798,0,entity_0798,entity_0121,entity_0121,entity_0798,test
pair_003524,query,entity_0206,entity_0447,0,entity_0206,entity_0447,entity_0447,entity_0206,test
pair_003525,query,entity_0052,entity_0971,0,entity_0971,entity_0052,entity_0052,entity_0971,validation
pair_003526,query,entity_0512,entity_0517,1,entity_0512,entity_0517,entity_0517,entity_0512,test
pair_003527,query,entity_0183,entity_0732,0,entity_0183,entity_0732,entity_0732,entity_0183,validation
pair_003528,query,entity_0153,entity_0159,1,entity_0159,entity_0153,entity_0153,entity_0159,test
pair_003529,query,entity_0196,entity_0276,0,entity_0196,entity_0276,entity_0276,entity_0196,test
pair_003530,query,entity_0177,entity_0396,0,entity_0396,entity_0177,entity_0177,entity_0396,test
pair_003531,query,entity_0645,entity_0721,0,entity_0645,entity_0721,entity_0721,entity_0645,test
pair_003532,query,entity_0455,entity_0458,1,entity_0455,entity_0458,entity_0458,entity_0455,test
pair_003533,query,entity_0411,entity_0892,0,entity_0411,entity_0892,entity_0892,entity_0411,validation
pair_003534,query,entity_0294,entity_0297,1,entity_0297,entity_0294,entity_0294,entity_0297,test
pair_003535,query,entity_0105,entity_0434,0,entity_0105,entity_0434,entity_0434,entity_0105,test
pair_003536,query,entity_0942,entity_0947,1,entity_0942,entity_0947,entity_0947,entity_0942,test
pair_003537,query,entity_0557,entity_0559,1,entity_0557,entity_0559,entity_0559,entity_0557,validation
pair_003538,query,entity_0537,entity_0540,1,entity_0540,entity_0537,entity_0537,entity_0540,test
pair_003539,query,entity_0711,entity_0712,1,entity_0711,entity_0712,entity_0712,entity_0711,validation
pair_003540,query,entity_0976,entity_0979,1,entity_0979,entity_0976,entity_0976,entity_0979,test
pair_003541,query,entity_0793,entity_0794,1,entity_0794,entity_0793,entity_0793,entity_0794,validation
pair_003542,query,entity_0047,entity_0518,0,entity_0518,entity_0047,entity_0047,entity_0518,test
pair_003543,query,entity_0256,entity_0592,0,entity_0256,entity_0592,entity_0592,entity_0256,test
pair_003544,query,entity_0595,entity_0596,1,entity_0596,entity_0595,entity_0595,entity_0596,test
pair_003545,query,entity_0821,entity_0826,1,entity_0821,entity_0826,entity_0826,entity_0821,validation
pair_003546,query,entity_0851,entity_0855,1,entity_0851,entity_0855,entity_0855,entity_0851,validation
pair_003547,query,entity_0502,entity_0506,1,entity_0502,entity_0506,entity_0506,entity_0502,test
pair_003548,query,entity_0632,entity_0638,1,entity_0632,entity_0638,entity_0638,entity_0632,test
pair_003549,query,entity_0091,entity_0094,1,entity_0091,entity_0094,entity_0094,entity_0091,test
pair_003550,query,entity_0512,entity_0520,1,entity_0520,entity_0512,entity_0512,entity_0520,validation
pair_003551,query,entity_0647,entity_0781,0,entity_0647,entity_0781,entity_0781,entity_0647,test
pair_003552,query,entity_0174,entity_0175,1,entity_0174,entity_0175,entity_0175,entity_0174,test
pair_003553,query,entity_0954,entity_0959,1,entity_0954,entity_0959,entity_0959,entity_0954,test
pair_003554,query,entity_0615,entity_0747,0,entity_0747,entity_0615,entity_0615,entity_0747,test
pair_003555,query,entity_0076,entity_0077,1,entity_0076,entity_0077,entity_0077,entity_0076,validation
pair_003556,query,entity_0045,entity_0099,0,entity_0045,entity_0099,entity_0099,entity_0045,test
pair_003557,query,entity_0572,entity_0573,1,entity_0572,entity_0573,entity_0573,entity_0572,test
pair_003558,query,entity_0102,entity_0228,0,entity_0102,entity_0228,entity_0228,entity_0102,test
pair_003559,query,entity_0080,entity_0420,0,entity_0420,entity_0080,entity_0080,entity_0420,test
pair_003560,query,entity_0070,entity_0343,0,entity_0343,entity_0070,entity_0070,entity_0343,test
pair_003561,query,entity_0602,entity_0774,0,entity_0602,entity_0774,entity_0774,entity_0602,validation
pair_003562,query,entity_0983,entity_0985,1,entity_0983,entity_0985,entity_0985,entity_0983,test
pair_003563,query,entity_0813,entity_0820,1,entity_0820,entity_0813,entity_0813,entity_0820,validation
pair_003564,query,entity_0554,entity_0702,0,entity_0554,entity_0702,entity_0702,entity_0554,validation
pair_003565,query,entity_0698,entity_0987,0,entity_0987,entity_0698,entity_0698,entity_0987,test
pair_003566,query,entity_0605,entity_0962,0,entity_0962,entity_0605,entity_0605,entity_0962,validation
pair_003567,query,entity_0191,entity_0197,1,entity_0191,entity_0197,entity_0197,entity_0191,test
pair_003568,query,entity_0218,entity_0219,1,entity_0219,entity_0218,entity_0218,entity_0219,validation
pair_003569,query,entity_0094,entity_0098,1,entity_0094,entity_0098,entity_0098,entity_0094,validation
pair_003570,query,entity_0460,entity_0910,0,entity_0910,entity_0460,entity_0460,entity_0910,test
pair_003571,query,entity_0164,entity_0167,1,entity_0164,entity_0167,entity_0167,entity_0164,validation
pair_003572,query,entity_0558,entity_0850,0,entity_0850,entity_0558,entity_0558,entity_0850,validation
pair_003573,query,entity_0102,entity_0762,0,entity_0762,entity_0102,entity_0102,entity_0762,test
pair_003574,query,entity_0193,entity_0762,0,entity_0762,entity_0193,entity_0193,entity_0762,test
pair_003575,query,entity_0007,entity_0455,0,entity_0455,entity_0007,entity_0007,entity_0455,test
pair_003576,query,entity_0147,entity_0611,0,entity_0611,entity_0147,entity_0147,entity_0611,test
pair_003577,query,entity_0752,entity_0759,1,entity_0752,entity_0759,entity_0759,entity_0752,test
pair_003578,query,entity_0239,entity_0265,0,entity_0265,entity_0239,entity_0239,entity_0265,validation
pair_003579,query,entity_0298,entity_0439,0,entity_0298,entity_0439,entity_0439,entity_0298,test
pair_003580,query,entity_0013,entity_0621,0,entity_0621,entity_0013,entity_0013,entity_0621,validation
pair_003581,query,entity_0293,entity_0298,1,entity_0298,entity_0293,entity_0293,entity_0298,test
pair_003582,query,entity_0354,entity_0360,1,entity_0360,entity_0354,entity_0354,entity_0360,test
pair_003583,query,entity_0222,entity_0250,0,entity_0222,entity_0250,entity_0250,entity_0222,test
pair_003584,query,entity_0744,entity_0747,1,entity_0747,entity_0744,entity_0744,entity_0747,test
pair_003585,query,entity_0053,entity_0386,0,entity_0053,entity_0386,entity_0386,entity_0053,test
pair_003586,query,entity_0004,entity_0366,0,entity_0004,entity_0366,entity_0366,entity_0004,validation
pair_003587,query,entity_0491,entity_0494,1,entity_0491,entity_0494,entity_0494,entity_0491,test
pair_003588,query,entity_0618,entity_0619,1,entity_0619,entity_0618,entity_0618,entity_0619,test
pair_003589,query,entity_0383,entity_0388,1,entity_0388,entity_0383,entity_0383,entity_0388,validation
pair_003590,query,entity_0118,entity_0204,0,entity_0204,entity_0118,entity_0118,entity_0204,test
pair_003591,query,entity_0161,entity_0170,1,entity_0161,entity_0170,entity_0170,entity_0161,test
pair_003592,query,entity_0602,entity_0606,1,entity_0606,entity_0602,entity_0602,entity_0606,test
pair_003593,query,entity_0256,entity_0668,0,entity_0256,entity_0668,entity_0668,entity_0256,test
pair_003594,query,entity_0441,entity_0788,0,entity_0788,entity_0441,entity_0441,entity_0788,test
pair_003595,query,entity_0013,entity_0756,0,entity_0756,entity_0013,entity_0013,entity_0756,test
pair_003596,query,entity_0118,entity_0473,0,entity_0118,entity_0473,entity_0473,entity_0118,test
pair_003597,query,entity_0065,entity_0727,0,entity_0065,entity_0727,entity_0727,entity_0065,validation
pair_003598,query,entity_0792,entity_0795,1,entity_0795,entity_0792,entity_0792,entity_0795,test
pair_003599,query,entity_0289,entity_0498,0,entity_0498,entity_0289,entity_0289,entity_0498,test
pair_003600,query,entity_0357,entity_0557,0,entity_0357,entity_0557,entity_0557,entity_0357,test
pair_003601,query,entity_0858,entity_0883,0,entity_0883,entity_0858,entity_0858,entity_0883,test
pair_003602,query,entity_0465,entity_0470,1,entity_0465,entity_0470,entity_0470,entity_0465,validation
pair_003603,query,entity_0344,entity_0348,1,entity_0344,entity_0348,entity_0348,entity_0344,test
pair_003604,query,entity_0066,entity_0068,1,entity_0066,entity_0068,entity_0068,entity_0066,test
pair_003605,query,entity_0843,entity_0872,0,entity_0843,entity_0872,entity_0872,entity_0843,validation
pair_003606,query,entity_0426,entity_0427,1,entity_0427,entity_0426,entity_0426,entity_0427,test
pair_003607,query,entity_0514,entity_0520,1,entity_0520,entity_0514,entity_0514,entity_0520,test
pair_003608,query,entity_0758,entity_0759,1,entity_0759,entity_0758,entity_0758,entity_0759,test
pair_003609,query,entity_0068,entity_0955,0,entity_0068,entity_0955,entity_0955,entity_0068,test
pair_003610,query,entity_0441,entity_0450,1,entity_0450,entity_0441,entity_0441,entity_0450,test
pair_003611,query,entity_0277,entity_0279,1,entity_0279,entity_0277,entity_0277,entity_0279,test
pair_003612,query,entity_0708,entity_0735,0,entity_0708,entity_0735,entity_0735,entity_0708,test
pair_003613,query,entity_0659,entity_0746,0,entity_0746,entity_0659,entity_0659,entity_0746,test
pair_003614,query,entity_0375,entity_0684,0,entity_0684,entity_0375,entity_0375,entity_0684,validation
pair_003615,query,entity_0427,entity_0817,0,entity_0817,entity_0427,entity_0427,entity_0817,test
pair_003616,query,entity_0277,entity_0639,0,entity_0277,entity_0639,entity_0639,entity_0277,test
pair_003617,query,entity_0268,entity_0315,0,entity_0268,entity_0315,entity_0315,entity_0268,validation
pair_003618,query,entity_0312,entity_0735,0,entity_0312,entity_0735,entity_0735,entity_0312,test
pair_003619,query,entity_0614,entity_0620,1,entity_0614,entity_0620,entity_0620,entity_0614,test
pair_003620,query,entity_0591,entity_0600,1,entity_0591,entity_0600,entity_0600,entity_0591,validation
pair_003621,query,entity_0135,entity_0136,1,entity_0135,entity_0136,entity_0136,entity_0135,test
pair_003622,query,entity_0326,entity_0577,0,entity_0577,entity_0326,entity_0326,entity_0577,validation
pair_003623,query,entity_0235,entity_0388,0,entity_0388,entity_0235,entity_0235,entity_0388,test
pair_003624,query,entity_0546,entity_0549,1,entity_0546,entity_0549,entity_0549,entity_0546,test
pair_003625,query,entity_0344,entity_0347,1,entity_0344,entity_0347,entity_0347,entity_0344,test
pair_003626,query,entity_0492,entity_0499,1,entity_0492,entity_0499,entity_0499,entity_0492,test
pair_003627,query,entity_0144,entity_0150,1,entity_0144,entity_0150,entity_0150,entity_0144,test
pair_003628,query,entity_0452,entity_0745,0,entity_0452,entity_0745,entity_0745,entity_0452,test
pair_003629,query,entity_0757,entity_0920,0,entity_0920,entity_0757,entity_0757,entity_0920,test
pair_003630,query,entity_0205,entity_0857,0,entity_0857,entity_0205,entity_0205,entity_0857,test
pair_003631,query,entity_0235,entity_0807,0,entity_0235,entity_0807,entity_0807,entity_0235,test
pair_003632,query,entity_0662,entity_0668,1,entity_0662,entity_0668,entity_0668,entity_0662,test
pair_003633,query,entity_0602,entity_0608,1,entity_0608,entity_0602,entity_0602,entity_0608,test
pair_003634,query,entity_0614,entity_0616,1,entity_0616,entity_0614,entity_0614,entity_0616,test
pair_003635,query,entity_0902,entity_0908,1,entity_0908,entity_0902,entity_0902,entity_0908,test
pair_003636,query,entity_0208,entity_0679,0,entity_0208,entity_0679,entity_0679,entity_0208,test
pair_003637,query,entity_0993,entity_0994,1,entity_0993,entity_0994,entity_0994,entity_0993,test
pair_003638,query,entity_0343,entity_0347,1,entity_0347,entity_0343,entity_0343,entity_0347,test
pair_003639,query,entity_0196,entity_0199,1,entity_0196,entity_0199,entity_0199,entity_0196,test
pair_003640,query,entity_0240,entity_0406,0,entity_0406,entity_0240,entity_0240,entity_0406,validation
pair_003641,query,entity_0237,entity_0322,0,entity_0237,entity_0322,entity_0322,entity_0237,test
pair_003642,query,entity_0964,entity_0967,1,entity_0964,entity_0967,entity_0967,entity_0964,test
pair_003643,query,entity_0069,entity_0977,0,entity_0069,entity_0977,entity_0977,entity_0069,test
pair_003644,query,entity_0387,entity_0505,0,entity_0505,entity_0387,entity_0387,entity_0505,test
pair_003645,query,entity_0814,entity_0815,1,entity_0814,entity_0815,entity_0815,entity_0814,test
pair_003646,query,entity_0306,entity_0308,1,entity_0306,entity_0308,entity_0308,entity_0306,test
pair_003647,query,entity_0423,entity_0880,0,entity_0880,entity_0423,entity_0423,entity_0880,test
pair_003648,query,entity_0855,entity_0860,1,entity_0855,entity_0860,entity_0860,entity_0855,test
pair_003649,query,entity_0744,entity_0745,1,entity_0745,entity_0744,entity_0744,entity_0745,test
pair_003650,query,entity_0684,entity_0982,0,entity_0684,entity_0982,entity_0982,entity_0684,test
pair_003651,query,entity_0171,entity_0177,1,entity_0177,entity_0171,entity_0171,entity_0177,test
pair_003652,query,entity_0541,entity_0546,1,entity_0541,entity_0546,entity_0546,entity_0541,test
pair_003653,query,entity_0529,entity_0633,0,entity_0633,entity_0529,entity_0529,entity_0633,validation
pair_003654,query,entity_0443,entity_0446,1,entity_0446,entity_0443,entity_0443,entity_0446,validation
pair_003655,query,entity_0843,entity_0847,1,entity_0843,entity_0847,entity_0847,entity_0843,test
pair_003656,query,entity_0319,entity_0599,0,entity_0319,entity_0599,entity_0599,entity_0319,test
pair_003657,query,entity_0062,entity_0618,0,entity_0618,entity_0062,entity_0062,entity_0618,validation
pair_003658,query,entity_0355,entity_0360,1,entity_0355,entity_0360,entity_0360,entity_0355,test
pair_003659,query,entity_0094,entity_0875,0,entity_0875,entity_0094,entity_0094,entity_0875,test
pair_003660,query,entity_0634,entity_0837,0,entity_0837,entity_0634,entity_0634,entity_0837,test
pair_003661,query,entity_0312,entity_0319,1,entity_0312,entity_0319,entity_0319,entity_0312,test
pair_003662,query,entity_0222,entity_0659,0,entity_0659,entity_0222,entity_0222,entity_0659,test
pair_003663,query,entity_0373,entity_0733,0,entity_0373,entity_0733,entity_0733,entity_0373,test
pair_003664,query,entity_0393,entity_0870,0,entity_0393,entity_0870,entity_0870,entity_0393,test
pair_003665,query,entity_0898,entity_0900,1,entity_0900,entity_0898,entity_0898,entity_0900,test
pair_003666,query,entity_0001,entity_0004,1,entity_0004,entity_0001,entity_0001,entity_0004,test
pair_003667,query,entity_0461,entity_0830,0,entity_0830,entity_0461,entity_0461,entity_0830,validation
pair_003668,query,entity_0168,entity_0315,0,entity_0168,entity_0315,entity_0315,entity_0168,test
pair_003669,query,entity_0594,entity_0802,0,entity_0802,entity_0594,entity_0594,entity_0802,test
pair_003670,query,entity_0556,entity_0557,1,entity_0556,entity_0557,entity_0557,entity_0556,test
pair_003671,query,entity_0003,entity_0008,1,entity_0008,entity_0003,entity_0003,entity_0008,test
pair_003672,query,entity_0154,entity_0158,1,entity_0154,entity_0158,entity_0158,entity_0154,validation
pair_003673,query,entity_0924,entity_0926,1,entity_0926,entity_0924,entity_0924,entity_0926,test
pair_003674,query,entity_0584,entity_0820,0,entity_0584,entity_0820,entity_0820,entity_0584,test
pair_003675,query,entity_0173,entity_0180,1,entity_0180,entity_0173,entity_0173,entity_0180,test
pair_003676,query,entity_0504,entity_0748,0,entity_0504,entity_0748,entity_0748,entity_0504,validation
pair_003677,query,entity_0561,entity_0568,1,entity_0561,entity_0568,entity_0568,entity_0561,test
pair_003678,query,entity_0781,entity_0786,1,entity_0781,entity_0786,entity_0786,entity_0781,test
pair_003679,query,entity_0203,entity_0206,1,entity_0206,entity_0203,entity_0203,entity_0206,test
pair_003680,query,entity_0095,entity_0185,0,entity_0185,entity_0095,entity_0095,entity_0185,test
pair_003681,query,entity_0421,entity_0735,0,entity_0421,entity_0735,entity_0735,entity_0421,validation
pair_003682,query,entity_0867,entity_0988,0,entity_0867,entity_0988,entity_0988,entity_0867,test
pair_003683,query,entity_0228,entity_0479,0,entity_0479,entity_0228,entity_0228,entity_0479,test
pair_003684,query,entity_0273,entity_0277,1,entity_0273,entity_0277,entity_0277,entity_0273,test
pair_003685,query,entity_0104,entity_0105,1,entity_0104,entity_0105,entity_0105,entity_0104,test
pair_003686,query,entity_0398,entity_0399,1,entity_0399,entity_0398,entity_0398,entity_0399,validation
pair_003687,query,entity_0961,entity_0967,1,entity_0967,entity_0961,entity_0961,entity_0967,test
pair_003688,query,entity_0275,entity_0910,0,entity_0910,entity_0275,entity_0275,entity_0910,test
pair_003689,query,entity_0395,entity_0631,0,entity_0631,entity_0395,entity_0395,entity_0631,test
pair_003690,query,entity_0825,entity_0826,1,entity_0825,entity_0826,entity_0826,entity_0825,test
pair_003691,query,entity_0829,entity_0830,1,entity_0829,entity_0830,entity_0830,entity_0829,validation
pair_003692,query,entity_0987,entity_0990,1,entity_0987,entity_0990,entity_0990,entity_0987,validation
pair_003693,query,entity_0430,entity_0828,0,entity_0430,entity_0828,entity_0828,entity_0430,test
pair_003694,query,entity_0019,entity_0051,0,entity_0019,entity_0051,entity_0051,entity_0019,test
pair_003695,query,entity_0273,entity_0748,0,entity_0748,entity_0273,entity_0273,entity_0748,test
pair_003696,query,entity_0409,entity_0432,0,entity_0432,entity_0409,entity_0409,entity_0432,test
pair_003697,query,entity_0403,entity_0494,0,entity_0403,entity_0494,entity_0494,entity_0403,test
pair_003698,query,entity_0041,entity_0046,1,entity_0041,entity_0046,entity_0046,entity_0041,test
pair_003699,query,entity_0496,entity_0767,0,entity_0496,entity_0767,entity_0767,entity_0496,test
pair_003700,query,entity_0721,entity_0726,1,entity_0726,entity_0721,entity_0721,entity_0726,test
pair_003701,query,entity_0525,entity_0529,1,entity_0529,entity_0525,entity_0525,entity_0529,test
pair_003702,query,entity_0981,entity_0985,1,entity_0981,entity_0985,entity_0985,entity_0981,test
pair_003703,query,entity_0246,entity_0249,1,entity_0249,entity_0246,entity_0246,entity_0249,test
pair_003704,query,entity_0367,entity_0368,1,entity_0367,entity_0368,entity_0368,entity_0367,test
pair_003705,query,entity_0604,entity_0605,1,entity_0605,entity_0604,entity_0604,entity_0605,test
pair_003706,query,entity_0786,entity_0851,0,entity_0786,entity_0851,entity_0851,entity_0786,validation
pair_003707,query,entity_0292,entity_0668,0,entity_0668,entity_0292,entity_0292,entity_0668,test
pair_003708,query,entity_0603,entity_0667,0,entity_0603,entity_0667,entity_0667,entity_0603,test
pair_003709,query,entity_0589,entity_0590,1,entity_0590,entity_0589,entity_0589,entity_0590,test
pair_003710,query,entity_0647,entity_0789,0,entity_0647,entity_0789,entity_0789,entity_0647,validation
pair_003711,query,entity_0423,entity_0428,1,entity_0423,entity_0428,entity_0428,entity_0423,test
pair_003712,query,entity_0741,entity_0750,1,entity_0741,entity_0750,entity_0750,entity_0741,test
pair_003713,query,entity_0277,entity_0711,0,entity_0711,entity_0277,entity_0277,entity_0711,validation
pair_003714,query,entity_0452,entity_0654,0,entity_0452,entity_0654,entity_0654,entity_0452,test
pair_003715,query,entity_0570,entity_0763,0,entity_0570,entity_0763,entity_0763,entity_0570,test
pair_003716,query,entity_0251,entity_0384,0,entity_0384,entity_0251,entity_0251,entity_0384,validation
pair_003717,query,entity_0022,entity_0134,0,entity_0022,entity_0134,entity_0134,entity_0022,test
pair_003718,query,entity_0653,entity_0659,1,entity_0659,entity_0653,entity_0653,entity_0659,test
pair_003719,query,entity_0454,entity_0458,1,entity_0454,entity_0458,entity_0458,entity_0454,test
pair_003720,query,entity_0161,entity_0164,1,entity_0161,entity_0164,entity_0164,entity_0161,test
pair_003721,query,entity_0559,entity_0603,0,entity_0559,entity_0603,entity_0603,entity_0559,validation
pair_003722,query,entity_0782,entity_0787,1,entity_0787,entity_0782,entity_0782,entity_0787,validation
pair_003723,query,entity_0471,entity_0672,0,entity_0672,entity_0471,entity_0471,entity_0672,test
pair_003724,query,entity_0489,entity_0490,1,entity_0489,entity_0490,entity_0490,entity_0489,test
pair_003725,query,entity_0844,entity_0847,1,entity_0844,entity_0847,entity_0847,entity_0844,validation
pair_003726,query,entity_0311,entity_0861,0,entity_0861,entity_0311,entity_0311,entity_0861,test
pair_003727,query,entity_0191,entity_0199,1,entity_0199,entity_0191,entity_0191,entity_0199,validation
pair_003728,query,entity_0744,entity_0748,1,entity_0744,entity_0748,entity_0748,entity_0744,test
pair_003729,query,entity_0741,entity_0743,1,entity_0741,entity_0743,entity_0743,entity_0741,test
pair_003730,query,entity_0064,entity_0333,0,entity_0064,entity_0333,entity_0333,entity_0064,test
pair_003731,query,entity_0141,entity_0761,0,entity_0761,entity_0141,entity_0141,entity_0761,test
pair_003732,query,entity_0259,entity_0297,0,entity_0259,entity_0297,entity_0297,entity_0259,test
pair_003733,query,entity_0031,entity_0034,1,entity_0031,entity_0034,entity_0034,entity_0031,test
pair_003734,query,entity_0609,entity_0918,0,entity_0918,entity_0609,entity_0609,entity_0918,test
pair_003735,query,entity_0081,entity_0832,0,entity_0081,entity_0832,entity_0832,entity_0081,test
pair_003736,query,entity_0607,entity_0984,0,entity_0984,entity_0607,entity_0607,entity_0984,validation
pair_003737,query,entity_0241,entity_0243,1,entity_0241,entity_0243,entity_0243,entity_0241,test
pair_003738,query,entity_0287,entity_0290,1,entity_0287,entity_0290,entity_0290,entity_0287,test
pair_003739,query,entity_0923,entity_0926,1,entity_0926,entity_0923,entity_0923,entity_0926,test
pair_003740,query,entity_0510,entity_0898,0,entity_0898,entity_0510,entity_0510,entity_0898,validation
pair_003741,query,entity_0693,entity_0699,1,entity_0699,entity_0693,entity_0693,entity_0699,test
pair_003742,query,entity_0073,entity_0393,0,entity_0393,entity_0073,entity_0073,entity_0393,test
pair_003743,query,entity_0251,entity_0564,0,entity_0564,entity_0251,entity_0251,entity_0564,test
pair_003744,query,entity_0042,entity_0050,1,entity_0042,entity_0050,entity_0050,entity_0042,validation
pair_003745,query,entity_0639,entity_0681,0,entity_0681,entity_0639,entity_0639,entity_0681,validation
pair_003746,query,entity_0931,entity_0937,1,entity_0931,entity_0937,entity_0937,entity_0931,test
pair_003747,query,entity_0081,entity_0504,0,entity_0504,entity_0081,entity_0081,entity_0504,test
pair_003748,query,entity_0532,entity_0536,1,entity_0532,entity_0536,entity_0536,entity_0532,test
pair_003749,query,entity_0751,entity_0806,0,entity_0806,entity_0751,entity_0751,entity_0806,test
pair_003750,query,entity_0050,entity_0855,0,entity_0050,entity_0855,entity_0855,entity_0050,test
pair_003751,query,entity_0617,entity_0618,1,entity_0617,entity_0618,entity_0618,entity_0617,validation
pair_003752,query,entity_0595,entity_0597,1,entity_0597,entity_0595,entity_0595,entity_0597,validation
pair_003753,query,entity_0022,entity_0029,1,entity_0022,entity_0029,entity_0029,entity_0022,test
pair_003754,query,entity_0784,entity_0816,0,entity_0816,entity_0784,entity_0784,entity_0816,test
pair_003755,query,entity_0763,entity_0768,1,entity_0763,entity_0768,entity_0768,entity_0763,test
pair_003756,query,entity_0573,entity_0574,1,entity_0573,entity_0574,entity_0574,entity_0573,test
pair_003757,query,entity_0096,entity_0100,1,entity_0096,entity_0100,entity_0100,entity_0096,test
pair_003758,query,entity_0702,entity_0706,1,entity_0706,entity_0702,entity_0702,entity_0706,test
pair_003759,query,entity_0676,entity_0975,0,entity_0676,entity_0975,entity_0975,entity_0676,test
pair_003760,query,entity_0321,entity_0507,0,entity_0507,entity_0321,entity_0321,entity_0507,test
pair_003761,query,entity_0004,entity_0010,1,entity_0004,entity_0010,entity_0010,entity_0004,test
pair_003762,query,entity_0887,entity_0889,1,entity_0887,entity_0889,entity_0889,entity_0887,test
pair_003763,query,entity_0490,entity_0638,0,entity_0638,entity_0490,entity_0490,entity_0638,test
pair_003764,query,entity_0624,entity_0628,1,entity_0624,entity_0628,entity_0628,entity_0624,test
pair_003765,query,entity_0522,entity_0529,1,entity_0529,entity_0522,entity_0522,entity_0529,test
pair_003766,query,entity_0842,entity_0950,0,entity_0842,entity_0950,entity_0950,entity_0842,validation
pair_003767,query,entity_0181,entity_0624,0,entity_0181,entity_0624,entity_0624,entity_0181,test
pair_003768,query,entity_0504,entity_0508,1,entity_0504,entity_0508,entity_0508,entity_0504,test
pair_003769,query,entity_0045,entity_0391,0,entity_0045,entity_0391,entity_0391,entity_0045,test
pair_003770,query,entity_0847,entity_0965,0,entity_0847,entity_0965,entity_0965,entity_0847,validation
pair_003771,query,entity_0260,entity_0878,0,entity_0878,entity_0260,entity_0260,entity_0878,test
pair_003772,query,entity_0200,entity_0302,0,entity_0200,entity_0302,entity_0302,entity_0200,test
pair_003773,query,entity_0274,entity_0321,0,entity_0321,entity_0274,entity_0274,entity_0321,test
pair_003774,query,entity_0264,entity_0477,0,entity_0264,entity_0477,entity_0477,entity_0264,test
pair_003775,query,entity_0016,entity_0330,0,entity_0016,entity_0330,entity_0330,entity_0016,validation
pair_003776,query,entity_0971,entity_0974,1,entity_0974,entity_0971,entity_0971,entity_0974,test
pair_003777,query,entity_0173,entity_0178,1,entity_0178,entity_0173,entity_0173,entity_0178,test
pair_003778,query,entity_0081,entity_0628,0,entity_0628,entity_0081,entity_0081,entity_0628,validation
pair_003779,query,entity_0823,entity_0825,1,entity_0823,entity_0825,entity_0825,entity_0823,test
pair_003780,query,entity_0873,entity_0875,1,entity_0875,entity_0873,entity_0873,entity_0875,test
pair_003781,query,entity_0743,entity_0759,0,entity_0759,entity_0743,entity_0743,entity_0759,validation
pair_003782,query,entity_0232,entity_0239,1,entity_0232,entity_0239,entity_0239,entity_0232,validation
pair_003783,query,entity_0213,entity_0807,0,entity_0213,entity_0807,entity_0807,entity_0213,validation
pair_003784,query,entity_0786,entity_0829,0,entity_0786,entity_0829,entity_0829,entity_0786,validation
pair_003785,query,entity_0346,entity_0676,0,entity_0676,entity_0346,entity_0346,entity_0676,validation
pair_003786,query,entity_0339,entity_0857,0,entity_0857,entity_0339,entity_0339,entity_0857,test
pair_003787,query,entity_0517,entity_0518,1,entity_0518,entity_0517,entity_0517,entity_0518,test
pair_003788,query,entity_0825,entity_0827,1,entity_0827,entity_0825,entity_0825,entity_0827,test
pair_003789,query,entity_0464,entity_0554,0,entity_0464,entity_0554,entity_0554,entity_0464,test
pair_003790,query,entity_0198,entity_0872,0,entity_0872,entity_0198,entity_0198,entity_0872,test
pair_003791,query,entity_0756,entity_0757,1,entity_0756,entity_0757,entity_0757,entity_0756,test
pair_003792,query,entity_0002,entity_0663,0,entity_0663,entity_0002,entity_0002,entity_0663,test
pair_003793,query,entity_0388,entity_0749,0,entity_0749,entity_0388,entity_0388,entity_0749,test
pair_003794,query,entity_0235,entity_0960,0,entity_0235,entity_0960,entity_0960,entity_0235,test
pair_003795,query,entity_0999,entity_1000,1,entity_1000,entity_0999,entity_0999,entity_1000,test
pair_003796,query,entity_0065,entity_0590,0,entity_0590,entity_0065,entity_0065,entity_0590,test
pair_003797,query,entity_0475,entity_0477,1,entity_0477,entity_0475,entity_0475,entity_0477,test
pair_003798,query,entity_0176,entity_0178,1,entity_0176,entity_0178,entity_0178,entity_0176,test
pair_003799,query,entity_0446,entity_0448,1,entity_0448,entity_0446,entity_0446,entity_0448,test
pair_003800,query,entity_0436,entity_0797,0,entity_0436,entity_0797,entity_0797,entity_0436,validation
pair_003801,query,entity_0024,entity_0027,1,entity_0027,entity_0024,entity_0024,entity_0027,test
pair_003802,query,entity_0163,entity_0963,0,entity_0163,entity_0963,entity_0963,entity_0163,test
pair_003803,query,entity_0143,entity_0149,1,entity_0149,entity_0143,entity_0143,entity_0149,test
pair_003804,query,entity_0101,entity_0105,1,entity_0101,entity_0105,entity_0105,entity_0101,test
pair_003805,query,entity_0893,entity_0900,1,entity_0893,entity_0900,entity_0900,entity_0893,test
pair_003806,query,entity_0209,entity_0792,0,entity_0209,entity_0792,entity_0792,entity_0209,validation
pair_003807,query,entity_0636,entity_0639,1,entity_0639,entity_0636,entity_0636,entity_0639,validation
pair_003808,query,entity_0120,entity_0766,0,entity_0120,entity_0766,entity_0766,entity_0120,test
pair_003809,query,entity_0867,entity_0870,1,entity_0867,entity_0870,entity_0870,entity_0867,test
pair_003810,query,entity_0611,entity_0615,1,entity_0615,entity_0611,entity_0611,entity_0615,test
pair_003811,query,entity_0483,entity_0721,0,entity_0721,entity_0483,entity_0483,entity_0721,test
pair_003812,query,entity_0846,entity_0908,0,entity_0908,entity_0846,entity_0846,entity_0908,validation
pair_003813,query,entity_0355,entity_0978,0,entity_0355,entity_0978,entity_0978,entity_0355,test
pair_003814,query,entity_0186,entity_0865,0,entity_0865,entity_0186,entity_0186,entity_0865,test
pair_003815,query,entity_0509,entity_0739,0,entity_0509,entity_0739,entity_0739,entity_0509,test
pair_003816,query,entity_0360,entity_0604,0,entity_0360,entity_0604,entity_0604,entity_0360,test
pair_003817,query,entity_0839,entity_0840,1,entity_0839,entity_0840,entity_0840,entity_0839,test
pair_003818,query,entity_0056,entity_0193,0,entity_0193,entity_0056,entity_0056,entity_0193,test
pair_003819,query,entity_0620,entity_0982,0,entity_0982,entity_0620,entity_0620,entity_0982,test
pair_003820,query,entity_0062,entity_0652,0,entity_0062,entity_0652,entity_0652,entity_0062,test
pair_003821,query,entity_0685,entity_0803,0,entity_0685,entity_0803,entity_0803,entity_0685,validation
pair_003822,query,entity_0464,entity_0466,1,entity_0466,entity_0464,entity_0464,entity_0466,test
pair_003823,query,entity_0456,entity_0585,0,entity_0585,entity_0456,entity_0456,entity_0585,test
pair_003824,query,entity_0032,entity_0854,0,entity_0032,entity_0854,entity_0854,entity_0032,validation
pair_003825,query,entity_0005,entity_0008,1,entity_0008,entity_0005,entity_0005,entity_0008,test
pair_003826,query,entity_0779,entity_0821,0,entity_0779,entity_0821,entity_0821,entity_0779,test
pair_003827,query,entity_0886,entity_0889,1,entity_0889,entity_0886,entity_0886,entity_0889,test
pair_003828,query,entity_0938,entity_0940,1,entity_0938,entity_0940,entity_0940,entity_0938,validation
pair_003829,query,entity_0555,entity_0556,1,entity_0555,entity_0556,entity_0556,entity_0555,test
pair_003830,query,entity_0576,entity_0623,0,entity_0623,entity_0576,entity_0576,entity_0623,validation
pair_003831,query,entity_0394,entity_0506,0,entity_0506,entity_0394,entity_0394,entity_0506,test
pair_003832,query,entity_0691,entity_0698,1,entity_0691,entity_0698,entity_0698,entity_0691,test
pair_003833,query,entity_0063,entity_0069,1,entity_0069,entity_0063,entity_0063,entity_0069,test
pair_003834,query,entity_0016,entity_0871,0,entity_0016,entity_0871,entity_0871,entity_0016,test
pair_003835,query,entity_0534,entity_0535,1,entity_0535,entity_0534,entity_0534,entity_0535,test
pair_003836,query,entity_0070,entity_0607,0,entity_0070,entity_0607,entity_0607,entity_0070,test
pair_003837,query,entity_0291,entity_0446,0,entity_0446,entity_0291,entity_0291,entity_0446,validation
pair_003838,query,entity_0332,entity_0336,1,entity_0332,entity_0336,entity_0336,entity_0332,test
pair_003839,query,entity_0105,entity_0110,1,entity_0110,entity_0105,entity_0105,entity_0110,test
pair_003840,query,entity_0417,entity_0418,1,entity_0417,entity_0418,entity_0418,entity_0417,validation
pair_003841,query,entity_0445,entity_0515,0,entity_0515,entity_0445,entity_0445,entity_0515,validation
pair_003842,query,entity_0090,entity_0435,0,entity_0435,entity_0090,entity_0090,entity_0435,validation
pair_003843,query,entity_0701,entity_0702,1,entity_0702,entity_0701,entity_0701,entity_0702,test
pair_003844,query,entity_0055,entity_0168,0,entity_0168,entity_0055,entity_0055,entity_0168,test
pair_003845,query,entity_0702,entity_0968,0,entity_0968,entity_0702,entity_0702,entity_0968,test
pair_003846,query,entity_0101,entity_0109,1,entity_0109,entity_0101,entity_0101,entity_0109,test
pair_003847,query,entity_0332,entity_0999,0,entity_0999,entity_0332,entity_0332,entity_0999,test
pair_003848,query,entity_0785,entity_0792,0,entity_0785,entity_0792,entity_0792,entity_0785,validation
pair_003849,query,entity_0037,entity_0040,1,entity_0037,entity_0040,entity_0040,entity_0037,test
pair_003850,query,entity_0299,entity_0507,0,entity_0299,entity_0507,entity_0507,entity_0299,test
pair_003851,query,entity_0037,entity_0038,1,entity_0038,entity_0037,entity_0037,entity_0038,test
pair_003852,query,entity_0651,entity_0910,0,entity_0651,entity_0910,entity_0910,entity_0651,test
pair_003853,query,entity_0324,entity_0327,1,entity_0327,entity_0324,entity_0324,entity_0327,test
pair_003854,query,entity_0469,entity_0470,1,entity_0469,entity_0470,entity_0470,entity_0469,test
pair_003855,query,entity_0127,entity_0899,0,entity_0127,entity_0899,entity_0899,entity_0127,test
pair_003856,query,entity_0866,entity_0868,1,entity_0868,entity_0866,entity_0866,entity_0868,test
pair_003857,query,entity_0382,entity_0478,0,entity_0382,entity_0478,entity_0478,entity_0382,test
pair_003858,query,entity_0555,entity_0968,0,entity_0968,entity_0555,entity_0555,entity_0968,test
pair_003859,query,entity_0186,entity_1000,0,entity_0186,entity_1000,entity_1000,entity_0186,validation
pair_003860,query,entity_0025,entity_0676,0,entity_0676,entity_0025,entity_0025,entity_0676,test
pair_003861,query,entity_0583,entity_0589,1,entity_0583,entity_0589,entity_0589,entity_0583,test
pair_003862,query,entity_0206,entity_0210,1,entity_0210,entity_0206,entity_0206,entity_0210,test
pair_003863,query,entity_0551,entity_0558,1,entity_0558,entity_0551,entity_0551,entity_0558,test
pair_003864,query,entity_0129,entity_0903,0,entity_0129,entity_0903,entity_0903,entity_0129,test
pair_003865,query,entity_0364,entity_0546,0,entity_0546,entity_0364,entity_0364,entity_0546,test
pair_003866,query,entity_0731,entity_0953,0,entity_0953,entity_0731,entity_0731,entity_0953,test
pair_003867,query,entity_0246,entity_0250,1,entity_0246,entity_0250,entity_0250,entity_0246,test
pair_003868,query,entity_0581,entity_0842,0,entity_0581,entity_0842,entity_0842,entity_0581,test
pair_003869,query,entity_0422,entity_0732,0,entity_0422,entity_0732,entity_0732,entity_0422,test
pair_003870,query,entity_0511,entity_0515,1,entity_0511,entity_0515,entity_0515,entity_0511,test
pair_003871,query,entity_0557,entity_0602,0,entity_0557,entity_0602,entity_0602,entity_0557,test
pair_003872,query,entity_0522,entity_0523,1,entity_0522,entity_0523,entity_0523,entity_0522,test
pair_003873,query,entity_0150,entity_0628,0,entity_0150,entity_0628,entity_0628,entity_0150,test
pair_003874,query,entity_0973,entity_0977,1,entity_0973,entity_0977,entity_0977,entity_0973,test
pair_003875,query,entity_0392,entity_0398,1,entity_0398,entity_0392,entity_0392,entity_0398,test
pair_003876,query,entity_0664,entity_0668,1,entity_0664,entity_0668,entity_0668,entity_0664,test
pair_003877,query,entity_0206,entity_0820,0,entity_0820,entity_0206,entity_0206,entity_0820,validation
pair_003878,query,entity_0084,entity_0773,0,entity_0773,entity_0084,entity_0084,entity_0773,test
pair_003879,query,entity_0165,entity_0730,0,entity_0730,entity_0165,entity_0165,entity_0730,test
pair_003880,query,entity_0165,entity_0313,0,entity_0165,entity_0313,entity_0313,entity_0165,test
pair_003881,query,entity_0901,entity_0907,1,entity_0907,entity_0901,entity_0901,entity_0907,test
pair_003882,query,entity_0129,entity_0184,0,entity_0184,entity_0129,entity_0129,entity_0184,test
pair_003883,query,entity_0489,entity_0853,0,entity_0489,entity_0853,entity_0853,entity_0489,validation
pair_003884,query,entity_0127,entity_0233,0,entity_0127,entity_0233,entity_0233,entity_0127,test
pair_003885,query,entity_0148,entity_0783,0,entity_0148,entity_0783,entity_0783,entity_0148,test
pair_003886,query,entity_0689,entity_0694,0,entity_0689,entity_0694,entity_0694,entity_0689,test
pair_003887,query,entity_0628,entity_0629,1,entity_0629,entity_0628,entity_0628,entity_0629,validation
pair_003888,query,entity_0082,entity_0083,1,entity_0082,entity_0083,entity_0083,entity_0082,test
pair_003889,query,entity_0027,entity_0029,1,entity_0027,entity_0029,entity_0029,entity_0027,test
pair_003890,query,entity_0369,entity_0743,0,entity_0369,entity_0743,entity_0743,entity_0369,test
pair_003891,query,entity_0560,entity_0930,0,entity_0560,entity_0930,entity_0930,entity_0560,test
pair_003892,query,entity_0044,entity_0046,1,entity_0044,entity_0046,entity_0046,entity_0044,test
pair_003893,query,entity_0256,entity_0258,1,entity_0256,entity_0258,entity_0258,entity_0256,test
pair_003894,query,entity_0692,entity_0695,1,entity_0692,entity_0695,entity_0695,entity_0692,test
pair_003895,query,entity_0748,entity_0750,1,entity_0750,entity_0748,entity_0748,entity_0750,test
pair_003896,query,entity_0014,entity_0865,0,entity_0865,entity_0014,entity_0014,entity_0865,test
pair_003897,query,entity_0592,entity_0599,1,entity_0592,entity_0599,entity_0599,entity_0592,test
pair_003898,query,entity_0696,entity_0699,1,entity_0696,entity_0699,entity_0699,entity_0696,validation
pair_003899,query,entity_0292,entity_0478,0,entity_0292,entity_0478,entity_0478,entity_0292,test
pair_003900,query,entity_0954,entity_0960,1,entity_0954,entity_0960,entity_0960,entity_0954,test
pair_003901,query,entity_0286,entity_0305,0,entity_0286,entity_0305,entity_0305,entity_0286,test
pair_003902,query,entity_0572,entity_0580,1,entity_0572,entity_0580,entity_0580,entity_0572,test
pair_003903,query,entity_0368,entity_0370,1,entity_0368,entity_0370,entity_0370,entity_0368,test
pair_003904,query,entity_0377,entity_0490,0,entity_0377,entity_0490,entity_0490,entity_0377,test
pair_003905,query,entity_0172,entity_0177,1,entity_0172,entity_0177,entity_0177,entity_0172,test
pair_003906,query,entity_0881,entity_0884,1,entity_0884,entity_0881,entity_0881,entity_0884,test
pair_003907,query,entity_0442,entity_0638,0,entity_0442,entity_0638,entity_0638,entity_0442,test
pair_003908,query,entity_0244,entity_0248,1,entity_0244,entity_0248,entity_0248,entity_0244,test
pair_003909,query,entity_0773,entity_0794,0,entity_0794,entity_0773,entity_0773,entity_0794,test
pair_003910,query,entity_0462,entity_0705,0,entity_0705,entity_0462,entity_0462,entity_0705,test
pair_003911,query,entity_0267,entity_0270,1,entity_0267,entity_0270,entity_0270,entity_0267,test
pair_003912,query,entity_0610,entity_0963,0,entity_0963,entity_0610,entity_0610,entity_0963,test
pair_003913,query,entity_0256,entity_0257,1,entity_0257,entity_0256,entity_0256,entity_0257,test
pair_003914,query,entity_0530,entity_0612,0,entity_0530,entity_0612,entity_0612,entity_0530,validation
pair_003915,query,entity_0004,entity_0765,0,entity_0004,entity_0765,entity_0765,entity_0004,test
pair_003916,query,entity_0457,entity_0539,0,entity_0539,entity_0457,entity_0457,entity_0539,test
pair_003917,query,entity_0407,entity_0737,0,entity_0407,entity_0737,entity_0737,entity_0407,validation
pair_003918,query,entity_0360,entity_0811,0,entity_0811,entity_0360,entity_0360,entity_0811,validation
pair_003919,query,entity_0423,entity_0424,1,entity_0423,entity_0424,entity_0424,entity_0423,validation
pair_003920,query,entity_0007,entity_0049,0,entity_0007,entity_0049,entity_0049,entity_0007,validation
pair_003921,query,entity_0101,entity_0436,0,entity_0436,entity_0101,entity_0101,entity_0436,test
pair_003922,query,entity_0225,entity_0656,0,entity_0656,entity_0225,entity_0225,entity_0656,validation
pair_003923,query,entity_0101,entity_0102,1,entity_0101,entity_0102,entity_0102,entity_0101,validation
pair_003924,query,entity_0823,entity_0933,0,entity_0823,entity_0933,entity_0933,entity_0823,test
pair_003925,query,entity_0274,entity_0940,0,entity_0274,entity_0940,entity_0940,entity_0274,test
pair_003926,query,entity_0771,entity_0772,1,entity_0772,entity_0771,entity_0771,entity_0772,test
pair_003927,query,entity_0119,entity_0211,0,entity_0119,entity_0211,entity_0211,entity_0119,validation
pair_003928,query,entity_0156,entity_0159,1,entity_0159,entity_0156,entity_0156,entity_0159,test
pair_003929,query,entity_0472,entity_0811,0,entity_0472,entity_0811,entity_0811,entity_0472,test
pair_003930,query,entity_0337,entity_0779,0,entity_0779,entity_0337,entity_0337,entity_0779,test
pair_003931,query,entity_0136,entity_0140,1,entity_0136,entity_0140,entity_0140,entity_0136,test
pair_003932,query,entity_0622,entity_0627,1,entity_0627,entity_0622,entity_0622,entity_0627,test
pair_003933,query,entity_0277,entity_0872,0,entity_0277,entity_0872,entity_0872,entity_0277,test
pair_003934,query,entity_0476,entity_0505,0,entity_0505,entity_0476,entity_0476,entity_0505,test
pair_003935,query,entity_0845,entity_0850,1,entity_0845,entity_0850,entity_0850,entity_0845,test
pair_003936,query,entity_0143,entity_0490,0,entity_0143,entity_0490,entity_0490,entity_0143,test
pair_003937,query,entity_0461,entity_0640,0,entity_0461,entity_0640,entity_0640,entity_0461,test
pair_003938,query,entity_0559,entity_0944,0,entity_0944,entity_0559,entity_0559,entity_0944,test
pair_003939,query,entity_0043,entity_0275,0,entity_0043,entity_0275,entity_0275,entity_0043,validation
pair_003940,query,entity_0206,entity_0363,0,entity_0363,entity_0206,entity_0206,entity_0363,validation
pair_003941,query,entity_0026,entity_0458,0,entity_0458,entity_0026,entity_0026,entity_0458,test
pair_003942,query,entity_0618,entity_0620,1,entity_0618,entity_0620,entity_0620,entity_0618,test
pair_003943,query,entity_0297,entity_0966,0,entity_0297,entity_0966,entity_0966,entity_0297,test
pair_003944,query,entity_0120,entity_0719,0,entity_0719,entity_0120,entity_0120,entity_0719,validation
pair_003945,query,entity_0739,entity_0740,1,entity_0740,entity_0739,entity_0739,entity_0740,test
pair_003946,query,entity_0092,entity_0093,1,entity_0092,entity_0093,entity_0093,entity_0092,test
pair_003947,query,entity_0117,entity_0119,1,entity_0119,entity_0117,entity_0117,entity_0119,test
pair_003948,query,entity_0903,entity_0906,1,entity_0906,entity_0903,entity_0903,entity_0906,test
pair_003949,query,entity_0728,entity_0729,1,entity_0728,entity_0729,entity_0729,entity_0728,validation
pair_003950,query,entity_0757,entity_0872,0,entity_0872,entity_0757,entity_0757,entity_0872,validation
pair_003951,query,entity_0109,entity_0850,0,entity_0850,entity_0109,entity_0109,entity_0850,validation
pair_003952,query,entity_0140,entity_0147,0,entity_0140,entity_0147,entity_0147,entity_0140,validation
pair_003953,query,entity_0292,entity_0627,0,entity_0627,entity_0292,entity_0292,entity_0627,test
pair_003954,query,entity_0926,entity_0928,1,entity_0926,entity_0928,entity_0928,entity_0926,validation
pair_003955,query,entity_0083,entity_0086,1,entity_0086,entity_0083,entity_0083,entity_0086,validation
pair_003956,query,entity_0642,entity_0999,0,entity_0999,entity_0642,entity_0642,entity_0999,test
pair_003957,query,entity_0462,entity_0467,1,entity_0467,entity_0462,entity_0462,entity_0467,validation
pair_003958,query,entity_0961,entity_0964,1,entity_0961,entity_0964,entity_0964,entity_0961,test
pair_003959,query,entity_0342,entity_0439,0,entity_0342,entity_0439,entity_0439,entity_0342,test
pair_003960,query,entity_0388,entity_0390,1,entity_0388,entity_0390,entity_0390,entity_0388,test
pair_003961,query,entity_0052,entity_0054,1,entity_0052,entity_0054,entity_0054,entity_0052,test
pair_003962,query,entity_0303,entity_0339,0,entity_0303,entity_0339,entity_0339,entity_0303,test
pair_003963,query,entity_0068,entity_0959,0,entity_0068,entity_0959,entity_0959,entity_0068,test
pair_003964,query,entity_0130,entity_0399,0,entity_0399,entity_0130,entity_0130,entity_0399,validation
pair_003965,query,entity_0787,entity_0788,1,entity_0788,entity_0787,entity_0787,entity_0788,test
pair_003966,query,entity_0297,entity_0937,0,entity_0297,entity_0937,entity_0937,entity_0297,test
pair_003967,query,entity_0053,entity_1000,0,entity_0053,entity_1000,entity_1000,entity_0053,test
pair_003968,query,entity_0370,entity_0548,0,entity_0548,entity_0370,entity_0370,entity_0548,test
pair_003969,query,entity_0622,entity_0625,1,entity_0625,entity_0622,entity_0622,entity_0625,test
pair_003970,query,entity_0017,entity_0630,0,entity_0630,entity_0017,entity_0017,entity_0630,test
pair_003971,query,entity_0731,entity_0733,1,entity_0731,entity_0733,entity_0733,entity_0731,validation
pair_003972,query,entity_0088,entity_0089,1,entity_0088,entity_0089,entity_0089,entity_0088,test
pair_003973,query,entity_0052,entity_0721,0,entity_0721,entity_0052,entity_0052,entity_0721,test
pair_003974,query,entity_0104,entity_0879,0,entity_0879,entity_0104,entity_0104,entity_0879,test
pair_003975,query,entity_0272,entity_0278,1,entity_0272,entity_0278,entity_0278,entity_0272,test
pair_003976,query,entity_0851,entity_0852,1,entity_0851,entity_0852,entity_0852,entity_0851,test
pair_003977,query,entity_0759,entity_0956,0,entity_0759,entity_0956,entity_0956,entity_0759,test
pair_003978,query,entity_0543,entity_0548,1,entity_0543,entity_0548,entity_0548,entity_0543,validation
pair_003979,query,entity_0241,entity_0244,1,entity_0244,entity_0241,entity_0241,entity_0244,test
pair_003980,query,entity_0032,entity_0053,0,entity_0032,entity_0053,entity_0053,entity_0032,test
pair_003981,query,entity_0173,entity_0176,1,entity_0173,entity_0176,entity_0176,entity_0173,test
pair_003982,query,entity_0631,entity_0635,1,entity_0631,entity_0635,entity_0635,entity_0631,test
pair_003983,query,entity_0297,entity_0769,0,entity_0297,entity_0769,entity_0769,entity_0297,test
pair_003984,query,entity_0294,entity_0669,0,entity_0669,entity_0294,entity_0294,entity_0669,test
pair_003985,query,entity_0268,entity_0936,0,entity_0268,entity_0936,entity_0936,entity_0268,test
pair_003986,query,entity_0662,entity_0667,1,entity_0667,entity_0662,entity_0662,entity_0667,validation
pair_003987,query,entity_0140,entity_0699,0,entity_0699,entity_0140,entity_0140,entity_0699,test
pair_003988,query,entity_0394,entity_0671,0,entity_0394,entity_0671,entity_0671,entity_0394,test
pair_003989,query,entity_0223,entity_0523,0,entity_0523,entity_0223,entity_0223,entity_0523,test
pair_003990,query,entity_0301,entity_0311,0,entity_0311,entity_0301,entity_0301,entity_0311,test
pair_003991,query,entity_0240,entity_0836,0,entity_0240,entity_0836,entity_0836,entity_0240,test
pair_003992,query,entity_0352,entity_0656,0,entity_0656,entity_0352,entity_0352,entity_0656,test
pair_003993,query,entity_0063,entity_0066,1,entity_0066,entity_0063,entity_0063,entity_0066,test
pair_003994,query,entity_0708,entity_0892,0,entity_0708,entity_0892,entity_0892,entity_0708,test
pair_003995,query,entity_0042,entity_0049,1,entity_0042,entity_0049,entity_0049,entity_0042,test
pair_003996,query,entity_0892,entity_0898,1,entity_0892,entity_0898,entity_0898,entity_0892,test
pair_003997,query,entity_0732,entity_0737,1,entity_0732,entity_0737,entity_0737,entity_0732,test
pair_003998,query,entity_0343,entity_0346,1,entity_0346,entity_0343,entity_0343,entity_0346,validation
pair_003999,query,entity_0837,entity_0840,1,entity_0837,entity_0840,entity_0840,entity_0837,test
pair_004000,query,entity_0335,entity_0732,0,entity_0732,entity_0335,entity_0335,entity_0732,validation
pair_004001,query,entity_0634,entity_0640,1,entity_0640,entity_0634,entity_0634,entity_0640,test
pair_004002,query,entity_0518,entity_0848,0,entity_0848,entity_0518,entity_0518,entity_0848,test
pair_004003,query,entity_0023,entity_0027,1,entity_0023,entity_0027,entity_0027,entity_0023,test
pair_004004,query,entity_0153,entity_0478,0,entity_0478,entity_0153,entity_0153,entity_0478,test
pair_004005,query,entity_0184,entity_0189,1,entity_0189,entity_0184,entity_0184,entity_0189,validation
pair_004006,query,entity_0599,entity_0728,0,entity_0599,entity_0728,entity_0728,entity_0599,test
pair_004007,query,entity_0529,entity_0754,0,entity_0754,entity_0529,entity_0529,entity_0754,validation
pair_004008,query,entity_0406,entity_0748,0,entity_0406,entity_0748,entity_0748,entity_0406,validation
pair_004009,query,entity_0263,entity_0943,0,entity_0943,entity_0263,entity_0263,entity_0943,test
pair_004010,query,entity_0014,entity_0015,1,entity_0015,entity_0014,entity_0014,entity_0015,test
pair_004011,query,entity_0553,entity_0558,1,entity_0553,entity_0558,entity_0558,entity_0553,test
pair_004012,query,entity_0465,entity_0468,1,entity_0465,entity_0468,entity_0468,entity_0465,validation
pair_004013,query,entity_0001,entity_0010,1,entity_0001,entity_0010,entity_0010,entity_0001,test
pair_004014,query,entity_0257,entity_0260,1,entity_0260,entity_0257,entity_0257,entity_0260,test
pair_004015,query,entity_0412,entity_0416,1,entity_0416,entity_0412,entity_0412,entity_0416,validation
pair_004016,query,entity_0517,entity_0734,0,entity_0734,entity_0517,entity_0517,entity_0734,test
pair_004017,query,entity_0527,entity_0941,0,entity_0527,entity_0941,entity_0941,entity_0527,test
pair_004018,query,entity_0774,entity_0861,0,entity_0861,entity_0774,entity_0774,entity_0861,test
pair_004019,query,entity_0868,entity_0957,0,entity_0957,entity_0868,entity_0868,entity_0957,test
pair_004020,query,entity_0376,entity_0381,0,entity_0376,entity_0381,entity_0381,entity_0376,test
pair_004021,query,entity_0269,entity_0729,0,entity_0729,entity_0269,entity_0269,entity_0729,test
pair_004022,query,entity_0129,entity_0330,0,entity_0129,entity_0330,entity_0330,entity_0129,test
pair_004023,query,entity_0259,entity_0539,0,entity_0539,entity_0259,entity_0259,entity_0539,validation
pair_004024,query,entity_0237,entity_0825,0,entity_0237,entity_0825,entity_0825,entity_0237,validation
pair_004025,query,entity_0254,entity_0259,1,entity_0254,entity_0259,entity_0259,entity_0254,test
pair_004026,query,entity_0364,entity_0743,0,entity_0364,entity_0743,entity_0743,entity_0364,test
pair_004027,query,entity_0088,entity_0299,0,entity_0299,entity_0088,entity_0088,entity_0299,test
pair_004028,query,entity_0144,entity_0148,1,entity_0148,entity_0144,entity_0144,entity_0148,test
pair_004029,query,entity_0613,entity_0695,0,entity_0695,entity_0613,entity_0613,entity_0695,validation
pair_004030,query,entity_0837,entity_0838,1,entity_0837,entity_0838,entity_0838,entity_0837,validation
pair_004031,query,entity_0573,entity_0575,1,entity_0573,entity_0575,entity_0575,entity_0573,validation
pair_004032,query,entity_0243,entity_0249,1,entity_0249,entity_0243,entity_0243,entity_0249,test
pair_004033,query,entity_0137,entity_0203,0,entity_0137,entity_0203,entity_0203,entity_0137,validation
pair_004034,query,entity_0304,entity_0539,0,entity_0539,entity_0304,entity_0304,entity_0539,validation
pair_004035,query,entity_0502,entity_0503,1,entity_0503,entity_0502,entity_0502,entity_0503,test
pair_004036,query,entity_0708,entity_0909,0,entity_0909,entity_0708,entity_0708,entity_0909,test
pair_004037,query,entity_0030,entity_0305,0,entity_0030,entity_0305,entity_0305,entity_0030,test
pair_004038,query,entity_0097,entity_0099,1,entity_0097,entity_0099,entity_0099,entity_0097,test
pair_004039,query,entity_0287,entity_0861,0,entity_0287,entity_0861,entity_0861,entity_0287,test
pair_004040,query,entity_0197,entity_0655,0,entity_0197,entity_0655,entity_0655,entity_0197,test
pair_004041,query,entity_0335,entity_0606,0,entity_0335,entity_0606,entity_0606,entity_0335,test
pair_004042,query,entity_0001,entity_0287,0,entity_0287,entity_0001,entity_0001,entity_0287,test
pair_004043,query,entity_0234,entity_0238,1,entity_0238,entity_0234,entity_0234,entity_0238,test
pair_004044,query,entity_0575,entity_0577,1,entity_0575,entity_0577,entity_0577,entity_0575,validation
pair_004045,query,entity_0261,entity_0510,0,entity_0261,entity_0510,entity_0510,entity_0261,test
pair_004046,query,entity_0651,entity_0657,1,entity_0657,entity_0651,entity_0651,entity_0657,test
pair_004047,query,entity_0364,entity_0770,0,entity_0364,entity_0770,entity_0770,entity_0364,test
pair_004048,query,entity_0262,entity_0269,1,entity_0262,entity_0269,entity_0269,entity_0262,test
pair_004049,query,entity_0055,entity_0056,1,entity_0055,entity_0056,entity_0056,entity_0055,test
pair_004050,query,entity_0251,entity_0258,1,entity_0258,entity_0251,entity_0251,entity_0258,validation
pair_004051,query,entity_0501,entity_0526,0,entity_0526,entity_0501,entity_0501,entity_0526,validation
pair_004052,query,entity_0317,entity_0941,0,entity_0941,entity_0317,entity_0317,entity_0941,test
pair_004053,query,entity_0167,entity_0168,1,entity_0167,entity_0168,entity_0168,entity_0167,test
pair_004054,query,entity_0511,entity_0519,1,entity_0511,entity_0519,entity_0519,entity_0511,test
pair_004055,query,entity_0003,entity_0012,0,entity_0012,entity_0003,entity_0003,entity_0012,test
pair_004056,query,entity_0995,entity_0998,1,entity_0995,entity_0998,entity_0998,entity_0995,validation
pair_004057,query,entity_0304,entity_0310,1,entity_0304,entity_0310,entity_0310,entity_0304,test
pair_004058,query,entity_0793,entity_0799,1,entity_0793,entity_0799,entity_0799,entity_0793,test
pair_004059,query,entity_0648,entity_0856,0,entity_0856,entity_0648,entity_0648,entity_0856,test
pair_004060,query,entity_0881,entity_0887,1,entity_0887,entity_0881,entity_0881,entity_0887,test
pair_004061,query,entity_0395,entity_0399,1,entity_0395,entity_0399,entity_0399,entity_0395,test
pair_004062,query,entity_0995,entity_0999,1,entity_0999,entity_0995,entity_0995,entity_0999,validation
pair_004063,query,entity_0862,entity_0866,1,entity_0862,entity_0866,entity_0866,entity_0862,test
pair_004064,query,entity_0706,entity_0709,1,entity_0706,entity_0709,entity_0709,entity_0706,test
pair_004065,query,entity_0975,entity_0978,1,entity_0978,entity_0975,entity_0975,entity_0978,test
pair_004066,query,entity_0523,entity_0798,0,entity_0798,entity_0523,entity_0523,entity_0798,test
pair_004067,query,entity_0058,entity_0426,0,entity_0058,entity_0426,entity_0426,entity_0058,test
pair_004068,query,entity_0421,entity_0427,1,entity_0421,entity_0427,entity_0427,entity_0421,validation
pair_004069,query,entity_0015,entity_0018,1,entity_0018,entity_0015,entity_0015,entity_0018,test
pair_004070,query,entity_0323,entity_0330,1,entity_0323,entity_0330,entity_0330,entity_0323,validation
pair_004071,query,entity_0637,entity_0677,0,entity_0677,entity_0637,entity_0637,entity_0677,test
pair_004072,query,entity_0399,entity_0914,0,entity_0399,entity_0914,entity_0914,entity_0399,test
pair_004073,query,entity_0468,entity_0644,0,entity_0644,entity_0468,entity_0468,entity_0644,test
pair_004074,query,entity_0287,entity_0289,1,entity_0289,entity_0287,entity_0287,entity_0289,test
pair_004075,query,entity_0674,entity_0680,1,entity_0680,entity_0674,entity_0674,entity_0680,test
pair_004076,query,entity_0257,entity_0872,0,entity_0257,entity_0872,entity_0872,entity_0257,test
pair_004077,query,entity_0586,entity_0688,0,entity_0688,entity_0586,entity_0586,entity_0688,test
pair_004078,query,entity_0122,entity_0756,0,entity_0122,entity_0756,entity_0756,entity_0122,test
pair_004079,query,entity_0326,entity_0714,0,entity_0714,entity_0326,entity_0326,entity_0714,test
pair_004080,query,entity_0296,entity_0644,0,entity_0296,entity_0644,entity_0644,entity_0296,validation
pair_004081,query,entity_0993,entity_0997,1,entity_0993,entity_0997,entity_0997,entity_0993,validation
pair_004082,query,entity_0184,entity_0909,0,entity_0909,entity_0184,entity_0184,entity_0909,validation
pair_004083,query,entity_0965,entity_0968,1,entity_0965,entity_0968,entity_0968,entity_0965,test
pair_004084,query,entity_0120,entity_0773,0,entity_0773,entity_0120,entity_0120,entity_0773,test
pair_004085,query,entity_0215,entity_0218,1,entity_0215,entity_0218,entity_0218,entity_0215,validation
pair_004086,query,entity_0827,entity_0830,1,entity_0827,entity_0830,entity_0830,entity_0827,validation
pair_004087,query,entity_0001,entity_0470,0,entity_0001,entity_0470,entity_0470,entity_0001,validation
pair_004088,query,entity_0044,entity_0047,1,entity_0047,entity_0044,entity_0044,entity_0047,test
pair_004089,query,entity_0267,entity_0362,0,entity_0362,entity_0267,entity_0267,entity_0362,validation
pair_004090,query,entity_0812,entity_0814,1,entity_0812,entity_0814,entity_0814,entity_0812,test
pair_004091,query,entity_0147,entity_0644,0,entity_0644,entity_0147,entity_0147,entity_0644,test
pair_004092,query,entity_0185,entity_0191,0,entity_0185,entity_0191,entity_0191,entity_0185,validation
pair_004093,query,entity_0384,entity_0627,0,entity_0627,entity_0384,entity_0384,entity_0627,test
pair_004094,query,entity_0252,entity_0259,1,entity_0252,entity_0259,entity_0259,entity_0252,test
pair_004095,query,entity_0954,entity_0958,1,entity_0958,entity_0954,entity_0954,entity_0958,test
pair_004096,query,entity_0617,entity_0619,1,entity_0617,entity_0619,entity_0619,entity_0617,test
pair_004097,query,entity_0522,entity_0792,0,entity_0792,entity_0522,entity_0522,entity_0792,validation
pair_004098,query,entity_0312,entity_0428,0,entity_0428,entity_0312,entity_0312,entity_0428,test
pair_004099,query,entity_0763,entity_0765,1,entity_0763,entity_0765,entity_0765,entity_0763,validation
pair_004100,query,entity_0475,entity_0633,0,entity_0475,entity_0633,entity_0633,entity_0475,validation
pair_004101,query,entity_0662,entity_0665,1,entity_0665,entity_0662,entity_0662,entity_0665,test
pair_004102,query,entity_0332,entity_0334,1,entity_0332,entity_0334,entity_0334,entity_0332,test
pair_004103,query,entity_0299,entity_0600,0,entity_0299,entity_0600,entity_0600,entity_0299,validation
pair_004104,query,entity_0497,entity_0498,1,entity_0498,entity_0497,entity_0497,entity_0498,test
pair_004105,query,entity_0014,entity_0236,0,entity_0236,entity_0014,entity_0014,entity_0236,validation
pair_004106,query,entity_0147,entity_0692,0,entity_0147,entity_0692,entity_0692,entity_0147,test
pair_004107,query,entity_0061,entity_0066,1,entity_0061,entity_0066,entity_0066,entity_0061,test
pair_004108,query,entity_0122,entity_0884,0,entity_0122,entity_0884,entity_0884,entity_0122,test
pair_004109,query,entity_0632,entity_0662,0,entity_0662,entity_0632,entity_0632,entity_0662,test
pair_004110,query,entity_0974,entity_0975,1,entity_0975,entity_0974,entity_0974,entity_0975,test
pair_004111,query,entity_0374,entity_0467,0,entity_0467,entity_0374,entity_0374,entity_0467,test
pair_004112,query,entity_0569,entity_0939,0,entity_0939,entity_0569,entity_0569,entity_0939,test
pair_004113,query,entity_0028,entity_0888,0,entity_0028,entity_0888,entity_0888,entity_0028,test
pair_004114,query,entity_0334,entity_0335,1,entity_0334,entity_0335,entity_0335,entity_0334,test
pair_004115,query,entity_0607,entity_0631,0,entity_0607,entity_0631,entity_0631,entity_0607,test
pair_004116,query,entity_0464,entity_0636,0,entity_0464,entity_0636,entity_0636,entity_0464,test
pair_004117,query,entity_0506,entity_0692,0,entity_0506,entity_0692,entity_0692,entity_0506,test
pair_004118,query,entity_0404,entity_0512,0,entity_0404,entity_0512,entity_0512,entity_0404,test
pair_004119,query,entity_0455,entity_0640,0,entity_0640,entity_0455,entity_0455,entity_0640,validation
pair_004120,query,entity_0069,entity_0278,0,entity_0069,entity_0278,entity_0278,entity_0069,test
pair_004121,query,entity_0991,entity_1000,1,entity_1000,entity_0991,entity_0991,entity_1000,test
pair_004122,query,entity_0052,entity_0055,1,entity_0055,entity_0052,entity_0052,entity_0055,test
pair_004123,query,entity_0935,entity_0940,1,entity_0935,entity_0940,entity_0940,entity_0935,test
pair_004124,query,entity_0064,entity_0066,1,entity_0064,entity_0066,entity_0066,entity_0064,test
pair_004125,query,entity_0463,entity_0877,0,entity_0463,entity_0877,entity_0877,entity_0463,validation
pair_004126,query,entity_0741,entity_0748,1,entity_0741,entity_0748,entity_0748,entity_0741,test
pair_004127,query,entity_0451,entity_0459,1,entity_0451,entity_0459,entity_0459,entity_0451,test
pair_004128,query,entity_0455,entity_0457,1,entity_0457,entity_0455,entity_0455,entity_0457,test
pair_004129,query,entity_0270,entity_0614,0,entity_0270,entity_0614,entity_0614,entity_0270,validation
pair_004130,query,entity_0536,entity_0537,1,entity_0537,entity_0536,entity_0536,entity_0537,test
pair_004131,query,entity_0632,entity_0633,1,entity_0632,entity_0633,entity_0633,entity_0632,test
pair_004132,query,entity_0111,entity_0599,0,entity_0111,entity_0599,entity_0599,entity_0111,validation
pair_004133,query,entity_0142,entity_0748,0,entity_0748,entity_0142,entity_0142,entity_0748,validation
pair_004134,query,entity_0264,entity_0269,1,entity_0264,entity_0269,entity_0269,entity_0264,test
pair_004135,query,entity_0609,entity_0610,1,entity_0610,entity_0609,entity_0609,entity_0610,test
pair_004136,query,entity_0517,entity_0519,1,entity_0517,entity_0519,entity_0519,entity_0517,test
pair_004137,query,entity_0329,entity_0649,0,entity_0329,entity_0649,entity_0649,entity_0329,test
pair_004138,query,entity_0562,entity_0594,0,entity_0562,entity_0594,entity_0594,entity_0562,test
pair_004139,query,entity_0304,entity_0719,0,entity_0719,entity_0304,entity_0304,entity_0719,validation
pair_004140,query,entity_0753,entity_0775,0,entity_0775,entity_0753,entity_0753,entity_0775,test
pair_004141,query,entity_0638,entity_0639,1,entity_0638,entity_0639,entity_0639,entity_0638,test
pair_004142,query,entity_0510,entity_0807,0,entity_0510,entity_0807,entity_0807,entity_0510,test
pair_004143,query,entity_0238,entity_0239,1,entity_0238,entity_0239,entity_0239,entity_0238,test
pair_004144,query,entity_0221,entity_0227,1,entity_0227,entity_0221,entity_0221,entity_0227,test
pair_004145,query,entity_0778,entity_0789,0,entity_0778,entity_0789,entity_0789,entity_0778,test
pair_004146,query,entity_0194,entity_0451,0,entity_0451,entity_0194,entity_0194,entity_0451,test
pair_004147,query,entity_0767,entity_0769,1,entity_0767,entity_0769,entity_0769,entity_0767,test
pair_004148,query,entity_0581,entity_0588,1,entity_0581,entity_0588,entity_0588,entity_0581,test
pair_004149,query,entity_0469,entity_0525,0,entity_0469,entity_0525,entity_0525,entity_0469,test
pair_004150,query,entity_0138,entity_0543,0,entity_0138,entity_0543,entity_0543,entity_0138,test
pair_004151,query,entity_0631,entity_0637,1,entity_0637,entity_0631,entity_0631,entity_0637,test
pair_004152,query,entity_0345,entity_0346,1,entity_0346,entity_0345,entity_0345,entity_0346,test
pair_004153,query,entity_0822,entity_0830,1,entity_0830,entity_0822,entity_0822,entity_0830,test
pair_004154,query,entity_0429,entity_0763,0,entity_0429,entity_0763,entity_0763,entity_0429,test
pair_004155,query,entity_0912,entity_0917,1,entity_0912,entity_0917,entity_0917,entity_0912,test
pair_004156,query,entity_0629,entity_0685,0,entity_0629,entity_0685,entity_0685,entity_0629,test
pair_004157,query,entity_0524,entity_0529,1,entity_0529,entity_0524,entity_0524,entity_0529,validation
pair_004158,query,entity_0698,entity_0968,0,entity_0968,entity_0698,entity_0698,entity_0968,validation
pair_004159,query,entity_0411,entity_0414,1,entity_0414,entity_0411,entity_0411,entity_0414,test
pair_004160,query,entity_0406,entity_0946,0,entity_0946,entity_0406,entity_0406,entity_0946,test
pair_004161,query,entity_0761,entity_0764,1,entity_0761,entity_0764,entity_0764,entity_0761,test
pair_004162,query,entity_0795,entity_0800,1,entity_0800,entity_0795,entity_0795,entity_0800,test
pair_004163,query,entity_0013,entity_0020,1,entity_0013,entity_0020,entity_0020,entity_0013,test
pair_004164,query,entity_0042,entity_0393,0,entity_0393,entity_0042,entity_0042,entity_0393,test
pair_004165,query,entity_0049,entity_0772,0,entity_0772,entity_0049,entity_0049,entity_0772,test
pair_004166,query,entity_0241,entity_0436,0,entity_0241,entity_0436,entity_0436,entity_0241,test
pair_004167,query,entity_0992,entity_1000,1,entity_0992,entity_1000,entity_1000,entity_0992,test
pair_004168,query,entity_0413,entity_0417,1,entity_0413,entity_0417,entity_0417,entity_0413,test
pair_004169,query,entity_0826,entity_0830,1,entity_0826,entity_0830,entity_0830,entity_0826,test
pair_004170,query,entity_0527,entity_0608,0,entity_0608,entity_0527,entity_0527,entity_0608,test
pair_004171,query,entity_0164,entity_0795,0,entity_0164,entity_0795,entity_0795,entity_0164,test
pair_004172,query,entity_0088,entity_0312,0,entity_0088,entity_0312,entity_0312,entity_0088,validation
pair_004173,query,entity_0162,entity_0937,0,entity_0162,entity_0937,entity_0937,entity_0162,test
pair_004174,query,entity_0394,entity_0400,1,entity_0400,entity_0394,entity_0394,entity_0400,test
pair_004175,query,entity_0231,entity_0237,1,entity_0237,entity_0231,entity_0231,entity_0237,validation
pair_004176,query,entity_0208,entity_0745,0,entity_0745,entity_0208,entity_0208,entity_0745,validation
pair_004177,query,entity_0641,entity_0645,1,entity_0645,entity_0641,entity_0641,entity_0645,validation
pair_004178,query,entity_0476,entity_0778,0,entity_0778,entity_0476,entity_0476,entity_0778,test
pair_004179,query,entity_0725,entity_0729,1,entity_0725,entity_0729,entity_0729,entity_0725,test
pair_004180,query,entity_0517,entity_0790,0,entity_0790,entity_0517,entity_0517,entity_0790,test
pair_004181,query,entity_0412,entity_0665,0,entity_0665,entity_0412,entity_0412,entity_0665,test
pair_004182,query,entity_0036,entity_0365,0,entity_0365,entity_0036,entity_0036,entity_0365,test
pair_004183,query,entity_0303,entity_0981,0,entity_0303,entity_0981,entity_0981,entity_0303,test
pair_004184,query,entity_0375,entity_0575,0,entity_0375,entity_0575,entity_0575,entity_0375,test
pair_004185,query,entity_0260,entity_0333,0,entity_0260,entity_0333,entity_0333,entity_0260,test
pair_004186,query,entity_0441,entity_0474,0,entity_0441,entity_0474,entity_0474,entity_0441,validation
pair_004187,query,entity_0221,entity_0228,1,entity_0228,entity_0221,entity_0221,entity_0228,test
pair_004188,query,entity_0246,entity_0793,0,entity_0246,entity_0793,entity_0793,entity_0246,test
pair_004189,query,entity_0300,entity_0917,0,entity_0300,entity_0917,entity_0917,entity_0300,validation
pair_004190,query,entity_0293,entity_0297,1,entity_0293,entity_0297,entity_0297,entity_0293,test
pair_004191,query,entity_0736,entity_0737,1,entity_0737,entity_0736,entity_0736,entity_0737,validation
pair_004192,query,entity_0676,entity_0679,1,entity_0676,entity_0679,entity_0679,entity_0676,test
pair_004193,query,entity_0106,entity_0108,1,entity_0106,entity_0108,entity_0108,entity_0106,test
pair_004194,query,entity_0329,entity_0582,0,entity_0329,entity_0582,entity_0582,entity_0329,test
pair_004195,query,entity_0138,entity_0390,0,entity_0138,entity_0390,entity_0390,entity_0138,test
pair_004196,query,entity_0283,entity_0290,1,entity_0290,entity_0283,entity_0283,entity_0290,test
pair_004197,query,entity_0382,entity_0388,1,entity_0388,entity_0382,entity_0382,entity_0388,validation
pair_004198,query,entity_0228,entity_0230,1,entity_0228,entity_0230,entity_0230,entity_0228,test
pair_004199,query,entity_0128,entity_0936,0,entity_0936,entity_0128,entity_0128,entity_0936,test
pair_004200,query,entity_0062,entity_0068,1,entity_0062,entity_0068,entity_0068,entity_0062,test
pair_004201,query,entity_0013,entity_0015,1,entity_0015,entity_0013,entity_0013,entity_0015,test
pair_004202,query,entity_0832,entity_0839,1,entity_0832,entity_0839,entity_0839,entity_0832,validation
pair_004203,query,entity_0416,entity_0681,0,entity_0681,entity_0416,entity_0416,entity_0681,test
pair_004204,query,entity_0843,entity_0846,1,entity_0843,entity_0846,entity_0846,entity_0843,validation
pair_004205,query,entity_0149,entity_0547,0,entity_0149,entity_0547,entity_0547,entity_0149,test
pair_004206,query,entity_0713,entity_0715,1,entity_0713,entity_0715,entity_0715,entity_0713,test
pair_004207,query,entity_0087,entity_0662,0,entity_0087,entity_0662,entity_0662,entity_0087,test
pair_004208,query,entity_0302,entity_0308,1,entity_0308,entity_0302,entity_0302,entity_0308,test
pair_004209,query,entity_0185,entity_0983,0,entity_0983,entity_0185,entity_0185,entity_0983,test
pair_004210,query,entity_0175,entity_0179,1,entity_0175,entity_0179,entity_0179,entity_0175,test
pair_004211,query,entity_0431,entity_0834,0,entity_0834,entity_0431,entity_0431,entity_0834,test
pair_004212,query,entity_0776,entity_0777,1,entity_0776,entity_0777,entity_0777,entity_0776,test
pair_004213,query,entity_0211,entity_0847,0,entity_0847,entity_0211,entity_0211,entity_0847,test
pair_004214,query,entity_0574,entity_0958,0,entity_0958,entity_0574,entity_0574,entity_0958,test
pair_004215,query,entity_0732,entity_0742,0,entity_0742,entity_0732,entity_0732,entity_0742,test
pair_004216,query,entity_0457,entity_0487,0,entity_0487,entity_0457,entity_0457,entity_0487,test
pair_004217,query,entity_0258,entity_0285,0,entity_0285,entity_0258,entity_0258,entity_0285,test
pair_004218,query,entity_0477,entity_0634,0,entity_0477,entity_0634,entity_0634,entity_0477,test
pair_004219,query,entity_0703,entity_0704,1,entity_0703,entity_0704,entity_0704,entity_0703,test
pair_004220,query,entity_0123,entity_0813,0,entity_0813,entity_0123,entity_0123,entity_0813,test
pair_004221,query,entity_0611,entity_0616,1,entity_0611,entity_0616,entity_0616,entity_0611,validation
pair_004222,query,entity_0041,entity_0049,1,entity_0041,entity_0049,entity_0049,entity_0041,test
pair_004223,query,entity_0288,entity_0858,0,entity_0288,entity_0858,entity_0858,entity_0288,validation
pair_004224,query,entity_0916,entity_0917,1,entity_0916,entity_0917,entity_0917,entity_0916,test
pair_004225,query,entity_0272,entity_0279,1,entity_0279,entity_0272,entity_0272,entity_0279,test
pair_004226,query,entity_0702,entity_0703,1,entity_0703,entity_0702,entity_0702,entity_0703,validation
pair_004227,query,entity_0884,entity_0885,1,entity_0884,entity_0885,entity_0885,entity_0884,validation
pair_004228,query,entity_0352,entity_0493,0,entity_0493,entity_0352,entity_0352,entity_0493,validation
pair_004229,query,entity_0931,entity_0940,1,entity_0931,entity_0940,entity_0940,entity_0931,test
pair_004230,query,entity_0764,entity_0766,1,entity_0766,entity_0764,entity_0764,entity_0766,validation
pair_004231,query,entity_0329,entity_0809,0,entity_0329,entity_0809,entity_0809,entity_0329,test
pair_004232,query,entity_0473,entity_0969,0,entity_0473,entity_0969,entity_0969,entity_0473,validation
pair_004233,query,entity_0267,entity_0739,0,entity_0267,entity_0739,entity_0739,entity_0267,test
pair_004234,query,entity_0143,entity_0315,0,entity_0143,entity_0315,entity_0315,entity_0143,test
pair_004235,query,entity_0317,entity_0775,0,entity_0775,entity_0317,entity_0317,entity_0775,test
pair_004236,query,entity_0336,entity_0890,0,entity_0336,entity_0890,entity_0890,entity_0336,test
pair_004237,query,entity_0047,entity_0845,0,entity_0047,entity_0845,entity_0845,entity_0047,test
pair_004238,query,entity_0145,entity_0960,0,entity_0145,entity_0960,entity_0960,entity_0145,test
pair_004239,query,entity_0097,entity_0741,0,entity_0097,entity_0741,entity_0741,entity_0097,test
pair_004240,query,entity_0172,entity_0686,0,entity_0686,entity_0172,entity_0172,entity_0686,test
pair_004241,query,entity_0104,entity_0150,0,entity_0104,entity_0150,entity_0150,entity_0104,test
pair_004242,query,entity_0951,entity_0960,1,entity_0960,entity_0951,entity_0951,entity_0960,test
pair_004243,query,entity_0223,entity_0226,1,entity_0226,entity_0223,entity_0223,entity_0226,test
pair_004244,query,entity_0141,entity_0498,0,entity_0498,entity_0141,entity_0141,entity_0498,test
pair_004245,query,entity_0938,entity_0939,1,entity_0939,entity_0938,entity_0938,entity_0939,test
pair_004246,query,entity_0362,entity_0837,0,entity_0837,entity_0362,entity_0362,entity_0837,validation
pair_004247,query,entity_0104,entity_0108,1,entity_0104,entity_0108,entity_0108,entity_0104,test
pair_004248,query,entity_0863,entity_0869,1,entity_0863,entity_0869,entity_0869,entity_0863,validation
pair_004249,query,entity_0051,entity_0057,1,entity_0057,entity_0051,entity_0051,entity_0057,test
pair_004250,query,entity_0052,entity_0683,0,entity_0683,entity_0052,entity_0052,entity_0683,test
pair_004251,query,entity_0053,entity_0564,0,entity_0053,entity_0564,entity_0564,entity_0053,test
pair_004252,query,entity_0499,entity_0834,0,entity_0499,entity_0834,entity_0834,entity_0499,validation
pair_004253,query,entity_0046,entity_0049,1,entity_0046,entity_0049,entity_0049,entity_0046,validation
pair_004254,query,entity_0425,entity_0429,1,entity_0429,entity_0425,entity_0425,entity_0429,validation
pair_004255,query,entity_0332,entity_0772,0,entity_0332,entity_0772,entity_0772,entity_0332,test
pair_004256,query,entity_0987,entity_0988,1,entity_0988,entity_0987,entity_0987,entity_0988,test
pair_004257,query,entity_0708,entity_0709,1,entity_0709,entity_0708,entity_0708,entity_0709,test
pair_004258,query,entity_0141,entity_0144,1,entity_0141,entity_0144,entity_0144,entity_0141,validation
pair_004259,query,entity_0299,entity_0454,0,entity_0454,entity_0299,entity_0299,entity_0454,test
pair_004260,query,entity_0479,entity_0990,0,entity_0479,entity_0990,entity_0990,entity_0479,test
pair_004261,query,entity_0028,entity_0411,0,entity_0028,entity_0411,entity_0411,entity_0028,test
pair_004262,query,entity_0193,entity_0198,1,entity_0198,entity_0193,entity_0193,entity_0198,test
pair_004263,query,entity_0035,entity_0038,1,entity_0038,entity_0035,entity_0035,entity_0038,test
pair_004264,query,entity_0857,entity_0860,1,entity_0860,entity_0857,entity_0857,entity_0860,test
pair_004265,query,entity_0676,entity_0959,0,entity_0959,entity_0676,entity_0676,entity_0959,test
pair_004266,query,entity_0383,entity_0386,1,entity_0386,entity_0383,entity_0383,entity_0386,validation
pair_004267,query,entity_0523,entity_0883,0,entity_0883,entity_0523,entity_0523,entity_0883,test
pair_004268,query,entity_0675,entity_0676,1,entity_0676,entity_0675,entity_0675,entity_0676,test
pair_004269,query,entity_0284,entity_0449,0,entity_0284,entity_0449,entity_0449,entity_0284,test
pair_004270,query,entity_0746,entity_0938,0,entity_0746,entity_0938,entity_0938,entity_0746,test
pair_004271,query,entity_0543,entity_0749,0,entity_0749,entity_0543,entity_0543,entity_0749,validation
pair_004272,query,entity_0011,entity_0012,1,entity_0011,entity_0012,entity_0012,entity_0011,test
pair_004273,query,entity_0335,entity_0406,0,entity_0335,entity_0406,entity_0406,entity_0335,test
pair_004274,query,entity_0339,entity_0709,0,entity_0709,entity_0339,entity_0339,entity_0709,test
pair_004275,query,entity_0283,entity_0445,0,entity_0283,entity_0445,entity_0445,entity_0283,test
pair_004276,query,entity_0005,entity_0302,0,entity_0302,entity_0005,entity_0005,entity_0302,test
pair_004277,query,entity_0817,entity_0818,1,entity_0818,entity_0817,entity_0817,entity_0818,test
pair_004278,query,entity_0064,entity_0069,1,entity_0064,entity_0069,entity_0069,entity_0064,test
pair_004279,query,entity_0473,entity_0477,1,entity_0477,entity_0473,entity_0473,entity_0477,test
pair_004280,query,entity_0632,entity_0765,0,entity_0765,entity_0632,entity_0632,entity_0765,test
pair_004281,query,entity_0532,entity_0538,1,entity_0538,entity_0532,entity_0532,entity_0538,test
pair_004282,query,entity_0001,entity_0009,1,entity_0009,entity_0001,entity_0001,entity_0009,test
pair_004283,query,entity_0035,entity_0902,0,entity_0035,entity_0902,entity_0902,entity_0035,test
pair_004284,query,entity_0395,entity_0443,0,entity_0395,entity_0443,entity_0443,entity_0395,validation
pair_004285,query,entity_0092,entity_0100,1,entity_0100,entity_0092,entity_0092,entity_0100,validation
pair_004286,query,entity_0386,entity_0734,0,entity_0386,entity_0734,entity_0734,entity_0386,test
pair_004287,query,entity_0117,entity_0479,0,entity_0479,entity_0117,entity_0117,entity_0479,test
pair_004288,query,entity_0455,entity_0459,1,entity_0455,entity_0459,entity_0459,entity_0455,test
pair_004289,query,entity_0566,entity_0944,0,entity_0566,entity_0944,entity_0944,entity_0566,test
pair_004290,query,entity_0089,entity_0571,0,entity_0089,entity_0571,entity_0571,entity_0089,test
pair_004291,query,entity_0635,entity_0697,0,entity_0697,entity_0635,entity_0635,entity_0697,test
pair_004292,query,entity_0261,entity_0788,0,entity_0788,entity_0261,entity_0261,entity_0788,test
pair_004293,query,entity_0323,entity_0678,0,entity_0678,entity_0323,entity_0323,entity_0678,test
pair_004294,query,entity_0484,entity_0485,1,entity_0485,entity_0484,entity_0484,entity_0485,test
pair_004295,query,entity_0067,entity_0068,1,entity_0068,entity_0067,entity_0067,entity_0068,validation
pair_004296,query,entity_0619,entity_0987,0,entity_0619,entity_0987,entity_0987,entity_0619,test
pair_004297,query,entity_0292,entity_0293,1,entity_0292,entity_0293,entity_0293,entity_0292,test
pair_004298,query,entity_0071,entity_0079,1,entity_0071,entity_0079,entity_0079,entity_0071,test
pair_004299,query,entity_0116,entity_0443,0,entity_0443,entity_0116,entity_0116,entity_0443,validation
pair_004300,query,entity_0401,entity_0409,1,entity_0401,entity_0409,entity_0409,entity_0401,test
pair_004301,query,entity_0329,entity_0550,0,entity_0550,entity_0329,entity_0329,entity_0550,test
pair_004302,query,entity_0251,entity_0259,1,entity_0251,entity_0259,entity_0259,entity_0251,test
pair_004303,query,entity_0562,entity_0766,0,entity_0562,entity_0766,entity_0766,entity_0562,test
pair_004304,query,entity_0061,entity_0069,1,entity_0061,entity_0069,entity_0069,entity_0061,test
pair_004305,query,entity_0305,entity_0307,1,entity_0307,entity_0305,entity_0305,entity_0307,test
pair_004306,query,entity_0232,entity_0238,1,entity_0238,entity_0232,entity_0232,entity_0238,test
pair_004307,query,entity_0761,entity_0767,1,entity_0767,entity_0761,entity_0761,entity_0767,test
pair_004308,query,entity_0002,entity_0588,0,entity_0002,entity_0588,entity_0588,entity_0002,test
pair_004309,query,entity_0165,entity_0167,1,entity_0167,entity_0165,entity_0165,entity_0167,test
pair_004310,query,entity_0598,entity_0599,1,entity_0598,entity_0599,entity_0599,entity_0598,test
pair_004311,query,entity_0086,entity_0090,1,entity_0086,entity_0090,entity_0090,entity_0086,validation
pair_004312,query,entity_0415,entity_0420,1,entity_0420,entity_0415,entity_0415,entity_0420,test
pair_004313,query,entity_0352,entity_0355,1,entity_0355,entity_0352,entity_0352,entity_0355,validation
pair_004314,query,entity_0357,entity_0358,1,entity_0358,entity_0357,entity_0357,entity_0358,test
pair_004315,query,entity_0308,entity_0871,0,entity_0871,entity_0308,entity_0308,entity_0871,validation
pair_004316,query,entity_0261,entity_0463,0,entity_0261,entity_0463,entity_0463,entity_0261,test
pair_004317,query,entity_0775,entity_0957,0,entity_0775,entity_0957,entity_0957,entity_0775,validation
pair_004318,query,entity_0318,entity_0347,0,entity_0347,entity_0318,entity_0318,entity_0347,test
pair_004319,query,entity_0575,entity_0742,0,entity_0575,entity_0742,entity_0742,entity_0575,test
pair_004320,query,entity_0913,entity_0914,1,entity_0914,entity_0913,entity_0913,entity_0914,test
pair_004321,query,entity_0939,entity_0940,1,entity_0940,entity_0939,entity_0939,entity_0940,validation
pair_004322,query,entity_0525,entity_0754,0,entity_0525,entity_0754,entity_0754,entity_0525,test
pair_004323,query,entity_0742,entity_0830,0,entity_0742,entity_0830,entity_0830,entity_0742,test
pair_004324,query,entity_0410,entity_0998,0,entity_0998,entity_0410,entity_0410,entity_0998,test
pair_004325,query,entity_0306,entity_0689,0,entity_0689,entity_0306,entity_0306,entity_0689,validation
pair_004326,query,entity_0282,entity_0949,0,entity_0282,entity_0949,entity_0949,entity_0282,test
pair_004327,query,entity_0304,entity_0805,0,entity_0805,entity_0304,entity_0304,entity_0805,test
pair_004328,query,entity_0537,entity_0887,0,entity_0537,entity_0887,entity_0887,entity_0537,test
pair_004329,query,entity_0843,entity_0844,1,entity_0843,entity_0844,entity_0844,entity_0843,test
pair_004330,query,entity_0042,entity_0618,0,entity_0618,entity_0042,entity_0042,entity_0618,test
pair_004331,query,entity_0847,entity_0923,0,entity_0923,entity_0847,entity_0847,entity_0923,test
pair_004332,query,entity_0598,entity_0673,0,entity_0598,entity_0673,entity_0673,entity_0598,test
pair_004333,query,entity_0665,entity_0669,1,entity_0665,entity_0669,entity_0669,entity_0665,test
pair_004334,query,entity_0118,entity_0455,0,entity_0118,entity_0455,entity_0455,entity_0118,test
pair_004335,query,entity_0197,entity_0787,0,entity_0787,entity_0197,entity_0197,entity_0787,test
pair_004336,query,entity_0093,entity_0388,0,entity_0388,entity_0093,entity_0093,entity_0388,test
pair_004337,query,entity_0101,entity_0103,1,entity_0101,entity_0103,entity_0103,entity_0101,test
pair_004338,query,entity_0114,entity_0151,0,entity_0114,entity_0151,entity_0151,entity_0114,test
pair_004339,query,entity_0692,entity_0696,1,entity_0692,entity_0696,entity_0696,entity_0692,test
pair_004340,query,entity_0773,entity_0777,1,entity_0773,entity_0777,entity_0777,entity_0773,test
pair_004341,query,entity_0904,entity_0909,1,entity_0904,entity_0909,entity_0909,entity_0904,test
pair_004342,query,entity_0552,entity_0557,1,entity_0557,entity_0552,entity_0552,entity_0557,test
pair_004343,query,entity_0683,entity_0686,1,entity_0686,entity_0683,entity_0683,entity_0686,test
pair_004344,query,entity_0602,entity_0609,1,entity_0602,entity_0609,entity_0609,entity_0602,test
pair_004345,query,entity_0894,entity_0896,1,entity_0896,entity_0894,entity_0894,entity_0896,test
pair_004346,query,entity_0102,entity_0108,1,entity_0108,entity_0102,entity_0102,entity_0108,test
pair_004347,query,entity_0265,entity_0758,0,entity_0265,entity_0758,entity_0758,entity_0265,validation
pair_004348,query,entity_0544,entity_0939,0,entity_0544,entity_0939,entity_0939,entity_0544,test
pair_004349,query,entity_0652,entity_0926,0,entity_0926,entity_0652,entity_0652,entity_0926,test
pair_004350,query,entity_0068,entity_0424,0,entity_0068,entity_0424,entity_0424,entity_0068,test
pair_004351,query,entity_0254,entity_0276,0,entity_0254,entity_0276,entity_0276,entity_0254,test
pair_004352,query,entity_0331,entity_0336,1,entity_0331,entity_0336,entity_0336,entity_0331,test
pair_004353,query,entity_0296,entity_0324,0,entity_0324,entity_0296,entity_0296,entity_0324,test
pair_004354,query,entity_0858,entity_0979,0,entity_0979,entity_0858,entity_0858,entity_0979,validation
pair_004355,query,entity_0797,entity_0800,1,entity_0797,entity_0800,entity_0800,entity_0797,validation
pair_004356,query,entity_0491,entity_0493,1,entity_0493,entity_0491,entity_0491,entity_0493,test
pair_004357,query,entity_0072,entity_0129,0,entity_0072,entity_0129,entity_0129,entity_0072,validation
pair_004358,query,entity_0107,entity_0178,0,entity_0107,entity_0178,entity_0178,entity_0107,test
pair_004359,query,entity_0386,entity_0845,0,entity_0386,entity_0845,entity_0845,entity_0386,test
pair_004360,query,entity_0311,entity_0317,1,entity_0317,entity_0311,entity_0311,entity_0317,test
pair_004361,query,entity_0962,entity_0968,1,entity_0962,entity_0968,entity_0968,entity_0962,test
pair_004362,query,entity_0096,entity_0843,0,entity_0096,entity_0843,entity_0843,entity_0096,test
pair_004363,query,entity_0292,entity_0296,1,entity_0296,entity_0292,entity_0292,entity_0296,test
pair_004364,query,entity_0783,entity_0784,1,entity_0784,entity_0783,entity_0783,entity_0784,validation
pair_004365,query,entity_0349,entity_0677,0,entity_0677,entity_0349,entity_0349,entity_0677,test
pair_004366,query,entity_0697,entity_0700,1,entity_0697,entity_0700,entity_0700,entity_0697,test
pair_004367,query,entity_0539,entity_0650,0,entity_0650,entity_0539,entity_0539,entity_0650,test
pair_004368,query,entity_0505,entity_0986,0,entity_0505,entity_0986,entity_0986,entity_0505,test
pair_004369,query,entity_0003,entity_0006,1,entity_0003,entity_0006,entity_0006,entity_0003,test
pair_004370,query,entity_0922,entity_0930,1,entity_0930,entity_0922,entity_0922,entity_0930,test
pair_004371,query,entity_0250,entity_0666,0,entity_0666,entity_0250,entity_0250,entity_0666,test
pair_004372,query,entity_0027,entity_0420,0,entity_0420,entity_0027,entity_0027,entity_0420,test
pair_004373,query,entity_0124,entity_0468,0,entity_0468,entity_0124,entity_0124,entity_0468,test
pair_004374,query,entity_0374,entity_0379,1,entity_0379,entity_0374,entity_0374,entity_0379,test
pair_004375,query,entity_0411,entity_0420,1,entity_0420,entity_0411,entity_0411,entity_0420,test
pair_004376,query,entity_0204,entity_0813,0,entity_0204,entity_0813,entity_0813,entity_0204,test
pair_004377,query,entity_0485,entity_0490,1,entity_0490,entity_0485,entity_0485,entity_0490,test
pair_004378,query,entity_0481,entity_0490,1,entity_0481,entity_0490,entity_0490,entity_0481,test
pair_004379,query,entity_0560,entity_0905,0,entity_0560,entity_0905,entity_0905,entity_0560,test
pair_004380,query,entity_0643,entity_0776,0,entity_0776,entity_0643,entity_0643,entity_0776,test
pair_004381,query,entity_0043,entity_0047,1,entity_0043,entity_0047,entity_0047,entity_0043,test
pair_004382,query,entity_0354,entity_0604,0,entity_0604,entity_0354,entity_0354,entity_0604,test
pair_004383,query,entity_0551,entity_0557,1,entity_0551,entity_0557,entity_0557,entity_0551,test
pair_004384,query,entity_0762,entity_0775,0,entity_0762,entity_0775,entity_0775,entity_0762,test
pair_004385,query,entity_0492,entity_0498,1,entity_0498,entity_0492,entity_0492,entity_0498,test
pair_004386,query,entity_0078,entity_0216,0,entity_0216,entity_0078,entity_0078,entity_0216,test
pair_004387,query,entity_0029,entity_0030,1,entity_0030,entity_0029,entity_0029,entity_0030,test
pair_004388,query,entity_0435,entity_0601,0,entity_0601,entity_0435,entity_0435,entity_0601,test
pair_004389,query,entity_0169,entity_0437,0,entity_0169,entity_0437,entity_0437,entity_0169,test
pair_004390,query,entity_0401,entity_0408,1,entity_0408,entity_0401,entity_0401,entity_0408,test
pair_004391,query,entity_0664,entity_0695,0,entity_0664,entity_0695,entity_0695,entity_0664,test
pair_004392,query,entity_0442,entity_0682,0,entity_0442,entity_0682,entity_0682,entity_0442,test
pair_004393,query,entity_0973,entity_0979,1,entity_0979,entity_0973,entity_0973,entity_0979,test
pair_004394,query,entity_0861,entity_0868,1,entity_0868,entity_0861,entity_0861,entity_0868,test
pair_004395,query,entity_0317,entity_0838,0,entity_0838,entity_0317,entity_0317,entity_0838,test
pair_004396,query,entity_0473,entity_0782,0,entity_0473,entity_0782,entity_0782,entity_0473,test
pair_004397,query,entity_0526,entity_0529,1,entity_0529,entity_0526,entity_0526,entity_0529,test
pair_004398,query,entity_0245,entity_0248,1,entity_0245,entity_0248,entity_0248,entity_0245,test
pair_004399,query,entity_0013,entity_0019,1,entity_0013,entity_0019,entity_0019,entity_0013,test
pair_004400,query,entity_0345,entity_0348,1,entity_0348,entity_0345,entity_0345,entity_0348,test
pair_004401,query,entity_0144,entity_0642,0,entity_0144,entity_0642,entity_0642,entity_0144,test
pair_004402,query,entity_0991,entity_0996,1,entity_0996,entity_0991,entity_0991,entity_0996,test
pair_004403,query,entity_0434,entity_0436,1,entity_0436,entity_0434,entity_0434,entity_0436,test
pair_004404,query,entity_0442,entity_0718,0,entity_0718,entity_0442,entity_0442,entity_0718,test
pair_004405,query,entity_0546,entity_0547,1,entity_0547,entity_0546,entity_0546,entity_0547,test
pair_004406,query,entity_0053,entity_0059,1,entity_0059,entity_0053,entity_0053,entity_0059,test
pair_004407,query,entity_0914,entity_0999,0,entity_0999,entity_0914,entity_0914,entity_0999,test
pair_004408,query,entity_0179,entity_0518,0,entity_0518,entity_0179,entity_0179,entity_0518,test
pair_004409,query,entity_0258,entity_0409,0,entity_0409,entity_0258,entity_0258,entity_0409,test
pair_004410,query,entity_0766,entity_0768,1,entity_0768,entity_0766,entity_0766,entity_0768,test
pair_004411,query,entity_0359,entity_0446,0,entity_0359,entity_0446,entity_0446,entity_0359,test
pair_004412,query,entity_0579,entity_0699,0,entity_0579,entity_0699,entity_0699,entity_0579,validation
pair_004413,query,entity_0544,entity_0546,1,entity_0544,entity_0546,entity_0546,entity_0544,test
pair_004414,query,entity_0367,entity_0370,1,entity_0367,entity_0370,entity_0370,entity_0367,validation
pair_004415,query,entity_0340,entity_0894,0,entity_0340,entity_0894,entity_0894,entity_0340,validation
pair_004416,query,entity_0411,entity_0412,1,entity_0412,entity_0411,entity_0411,entity_0412,validation
pair_004417,query,entity_0491,entity_0492,1,entity_0492,entity_0491,entity_0491,entity_0492,validation
pair_004418,query,entity_0841,entity_0850,1,entity_0850,entity_0841,entity_0841,entity_0850,test
pair_004419,query,entity_0003,entity_0009,1,entity_0009,entity_0003,entity_0003,entity_0009,test
pair_004420,query,entity_0566,entity_0567,1,entity_0566,entity_0567,entity_0567,entity_0566,validation
pair_004421,query,entity_0512,entity_0518,1,entity_0512,entity_0518,entity_0518,entity_0512,test
pair_004422,query,entity_0110,entity_0815,0,entity_0110,entity_0815,entity_0815,entity_0110,test
pair_004423,query,entity_0289,entity_0358,0,entity_0289,entity_0358,entity_0358,entity_0289,test
pair_004424,query,entity_0240,entity_0586,0,entity_0586,entity_0240,entity_0240,entity_0586,test
pair_004425,query,entity_0425,entity_0426,1,entity_0426,entity_0425,entity_0425,entity_0426,test
pair_004426,query,entity_0347,entity_0348,1,entity_0348,entity_0347,entity_0347,entity_0348,test
pair_004427,query,entity_0530,entity_0956,0,entity_0530,entity_0956,entity_0956,entity_0530,validation
pair_004428,query,entity_0472,entity_0983,0,entity_0472,entity_0983,entity_0983,entity_0472,test
pair_004429,query,entity_0175,entity_0828,0,entity_0175,entity_0828,entity_0828,entity_0175,validation
pair_004430,query,entity_0023,entity_0888,0,entity_0023,entity_0888,entity_0888,entity_0023,validation
pair_004431,query,entity_0072,entity_0076,1,entity_0072,entity_0076,entity_0076,entity_0072,test
pair_004432,query,entity_0188,entity_0320,0,entity_0188,entity_0320,entity_0320,entity_0188,validation
pair_004433,query,entity_0078,entity_0884,0,entity_0078,entity_0884,entity_0884,entity_0078,test
pair_004434,query,entity_0220,entity_0565,0,entity_0220,entity_0565,entity_0565,entity_0220,test
pair_004435,query,entity_0248,entity_0565,0,entity_0565,entity_0248,entity_0248,entity_0565,test
pair_004436,query,entity_0124,entity_0127,1,entity_0127,entity_0124,entity_0124,entity_0127,test
pair_004437,query,entity_0462,entity_0683,0,entity_0462,entity_0683,entity_0683,entity_0462,test
pair_004438,query,entity_0802,entity_0804,1,entity_0804,entity_0802,entity_0802,entity_0804,test
pair_004439,query,entity_0368,entity_0935,0,entity_0368,entity_0935,entity_0935,entity_0368,test
pair_004440,query,entity_0402,entity_0676,0,entity_0402,entity_0676,entity_0676,entity_0402,test
pair_004441,query,entity_0217,entity_0984,0,entity_0984,entity_0217,entity_0217,entity_0984,validation
pair_004442,query,entity_0522,entity_0524,1,entity_0524,entity_0522,entity_0522,entity_0524,validation
pair_004443,query,entity_0668,entity_0853,0,entity_0668,entity_0853,entity_0853,entity_0668,test
pair_004444,query,entity_0215,entity_0217,1,entity_0215,entity_0217,entity_0217,entity_0215,test
pair_004445,query,entity_0252,entity_0505,0,entity_0505,entity_0252,entity_0252,entity_0505,test
pair_004446,query,entity_0944,entity_0947,1,entity_0947,entity_0944,entity_0944,entity_0947,validation
pair_004447,query,entity_0093,entity_0197,0,entity_0093,entity_0197,entity_0197,entity_0093,test
pair_004448,query,entity_0303,entity_0689,0,entity_0689,entity_0303,entity_0303,entity_0689,test
pair_004449,query,entity_0204,entity_0352,0,entity_0204,entity_0352,entity_0352,entity_0204,test
pair_004450,query,entity_0321,entity_0537,0,entity_0537,entity_0321,entity_0321,entity_0537,test
pair_004451,query,entity_0773,entity_0776,1,entity_0776,entity_0773,entity_0773,entity_0776,test
pair_004452,query,entity_0159,entity_0712,0,entity_0712,entity_0159,entity_0159,entity_0712,test
pair_004453,query,entity_0358,entity_0620,0,entity_0620,entity_0358,entity_0358,entity_0620,test
pair_004454,query,entity_0175,entity_0222,0,entity_0175,entity_0222,entity_0222,entity_0175,validation
pair_004455,query,entity_0240,entity_0686,0,entity_0686,entity_0240,entity_0240,entity_0686,validation
pair_004456,query,entity_0162,entity_0167,1,entity_0162,entity_0167,entity_0167,entity_0162,test
pair_004457,query,entity_0168,entity_0449,0,entity_0449,entity_0168,entity_0168,entity_0449,validation
pair_004458,query,entity_0432,entity_0976,0,entity_0976,entity_0432,entity_0432,entity_0976,validation
pair_004459,query,entity_0044,entity_0848,0,entity_0044,entity_0848,entity_0848,entity_0044,test
pair_004460,query,entity_0183,entity_0626,0,entity_0183,entity_0626,entity_0626,entity_0183,validation
pair_004461,query,entity_0984,entity_0988,1,entity_0984,entity_0988,entity_0988,entity_0984,test
pair_004462,query,entity_0382,entity_0456,0,entity_0382,entity_0456,entity_0456,entity_0382,test
pair_004463,query,entity_0782,entity_0921,0,entity_0782,entity_0921,entity_0921,entity_0782,test
pair_004464,query,entity_0445,entity_0795,0,entity_0445,entity_0795,entity_0795,entity_0445,test
pair_004465,query,entity_0504,entity_0968,0,entity_0968,entity_0504,entity_0504,entity_0968,test
pair_004466,query,entity_0045,entity_0619,0,entity_0045,entity_0619,entity_0619,entity_0045,test
pair_004467,query,entity_0263,entity_0267,1,entity_0263,entity_0267,entity_0267,entity_0263,test
pair_004468,query,entity_0377,entity_0619,0,entity_0377,entity_0619,entity_0619,entity_0377,test
pair_004469,query,entity_0069,entity_0070,1,entity_0070,entity_0069,entity_0069,entity_0070,test
pair_004470,query,entity_0249,entity_0388,0,entity_0388,entity_0249,entity_0249,entity_0388,test
pair_004471,query,entity_0922,entity_0929,1,entity_0929,entity_0922,entity_0922,entity_0929,test
pair_004472,query,entity_0100,entity_0250,0,entity_0100,entity_0250,entity_0250,entity_0100,test
pair_004473,query,entity_0597,entity_0890,0,entity_0597,entity_0890,entity_0890,entity_0597,validation
pair_004474,query,entity_0726,entity_0759,0,entity_0759,entity_0726,entity_0726,entity_0759,test
pair_004475,query,entity_0352,entity_0359,1,entity_0352,entity_0359,entity_0359,entity_0352,test
pair_004476,query,entity_0207,entity_0878,0,entity_0878,entity_0207,entity_0207,entity_0878,test
pair_004477,query,entity_0982,entity_0985,1,entity_0982,entity_0985,entity_0985,entity_0982,test
pair_004478,query,entity_0841,entity_0847,1,entity_0841,entity_0847,entity_0847,entity_0841,test
pair_004479,query,entity_0142,entity_0195,0,entity_0142,entity_0195,entity_0195,entity_0142,validation
pair_004480,query,entity_0347,entity_0350,1,entity_0347,entity_0350,entity_0350,entity_0347,test
pair_004481,query,entity_0186,entity_0373,0,entity_0186,entity_0373,entity_0373,entity_0186,test
pair_004482,query,entity_0155,entity_0278,0,entity_0278,entity_0155,entity_0155,entity_0278,test
pair_004483,query,entity_0171,entity_0915,0,entity_0915,entity_0171,entity_0171,entity_0915,test
pair_004484,query,entity_0793,entity_0800,1,entity_0793,entity_0800,entity_0800,entity_0793,test
pair_004485,query,entity_0335,entity_0339,1,entity_0335,entity_0339,entity_0339,entity_0335,validation
pair_004486,query,entity_0915,entity_1000,0,entity_0915,entity_1000,entity_1000,entity_0915,test
pair_004487,query,entity_0349,entity_0898,0,entity_0898,entity_0349,entity_0349,entity_0898,test
pair_004488,query,entity_0631,entity_0633,1,entity_0631,entity_0633,entity_0633,entity_0631,validation
pair_004489,query,entity_0557,entity_0713,0,entity_0713,entity_0557,entity_0557,entity_0713,test
pair_004490,query,entity_0236,entity_0605,0,entity_0605,entity_0236,entity_0236,entity_0605,test
pair_004491,query,entity_0240,entity_0269,0,entity_0240,entity_0269,entity_0269,entity_0240,test
pair_004492,query,entity_0717,entity_0719,1,entity_0719,entity_0717,entity_0717,entity_0719,validation
pair_004493,query,entity_0935,entity_0937,1,entity_0935,entity_0937,entity_0937,entity_0935,validation
pair_004494,query,entity_0585,entity_0740,0,entity_0585,entity_0740,entity_0740,entity_0585,test
pair_004495,query,entity_0106,entity_0222,0,entity_0106,entity_0222,entity_0222,entity_0106,test
pair_004496,query,entity_0185,entity_0186,1,entity_0186,entity_0185,entity_0185,entity_0186,validation
pair_004497,query,entity_0376,entity_0550,0,entity_0376,entity_0550,entity_0550,entity_0376,test
pair_004498,query,entity_0307,entity_0309,1,entity_0307,entity_0309,entity_0309,entity_0307,test
pair_004499,query,entity_0574,entity_0576,1,entity_0574,entity_0576,entity_0576,entity_0574,test
pair_004500,query,entity_0167,entity_0287,0,entity_0167,entity_0287,entity_0287,entity_0167,test
pair_004501,query,entity_0821,entity_0875,0,entity_0821,entity_0875,entity_0875,entity_0821,validation
pair_004502,query,entity_0203,entity_0204,1,entity_0204,entity_0203,entity_0203,entity_0204,validation
pair_004503,query,entity_0783,entity_0786,1,entity_0783,entity_0786,entity_0786,entity_0783,test
pair_004504,query,entity_0962,entity_0964,1,entity_0962,entity_0964,entity_0964,entity_0962,test
pair_004505,query,entity_0338,entity_0375,0,entity_0338,entity_0375,entity_0375,entity_0338,test
pair_004506,query,entity_0393,entity_0730,0,entity_0393,entity_0730,entity_0730,entity_0393,test
pair_004507,query,entity_0558,entity_0559,1,entity_0559,entity_0558,entity_0558,entity_0559,validation
pair_004508,query,entity_0741,entity_0939,0,entity_0939,entity_0741,entity_0741,entity_0939,test
pair_004509,query,entity_0453,entity_0460,1,entity_0460,entity_0453,entity_0453,entity_0460,test
pair_004510,query,entity_0118,entity_0119,1,entity_0118,entity_0119,entity_0119,entity_0118,test
pair_004511,query,entity_0145,entity_0617,0,entity_0145,entity_0617,entity_0617,entity_0145,test
pair_004512,query,entity_0065,entity_0428,0,entity_0428,entity_0065,entity_0065,entity_0428,test
pair_004513,query,entity_0826,entity_0878,0,entity_0826,entity_0878,entity_0878,entity_0826,validation
pair_004514,query,entity_0660,entity_0865,0,entity_0660,entity_0865,entity_0865,entity_0660,test
pair_004515,query,entity_0447,entity_0448,1,entity_0448,entity_0447,entity_0447,entity_0448,test
pair_004516,query,entity_0657,entity_0993,0,entity_0993,entity_0657,entity_0657,entity_0993,test
pair_004517,query,entity_0947,entity_0948,1,entity_0948,entity_0947,entity_0947,entity_0948,test
pair_004518,query,entity_0507,entity_0747,0,entity_0507,entity_0747,entity_0747,entity_0507,validation
pair_004519,query,entity_0077,entity_0529,0,entity_0529,entity_0077,entity_0077,entity_0529,test
pair_004520,query,entity_0511,entity_0518,1,entity_0518,entity_0511,entity_0511,entity_0518,test
pair_004521,query,entity_0381,entity_0822,0,entity_0381,entity_0822,entity_0822,entity_0381,test
pair_004522,query,entity_0412,entity_0420,1,entity_0412,entity_0420,entity_0420,entity_0412,test
pair_004523,query,entity_0049,entity_0744,0,entity_0049,entity_0744,entity_0744,entity_0049,validation
pair_004524,query,entity_0632,entity_0637,1,entity_0632,entity_0637,entity_0637,entity_0632,test
pair_004525,query,entity_0100,entity_0153,0,entity_0153,entity_0100,entity_0100,entity_0153,validation
pair_004526,query,entity_0915,entity_0920,1,entity_0920,entity_0915,entity_0915,entity_0920,test
pair_004527,query,entity_0074,entity_0849,0,entity_0074,entity_0849,entity_0849,entity_0074,validation
pair_004528,query,entity_0107,entity_0272,0,entity_0107,entity_0272,entity_0272,entity_0107,validation
pair_004529,query,entity_0516,entity_0741,0,entity_0741,entity_0516,entity_0516,entity_0741,validation
pair_004530,query,entity_0562,entity_0563,1,entity_0563,entity_0562,entity_0562,entity_0563,test
pair_004531,query,entity_0557,entity_0740,0,entity_0557,entity_0740,entity_0740,entity_0557,test
pair_004532,query,entity_0631,entity_0636,1,entity_0636,entity_0631,entity_0631,entity_0636,test
pair_004533,query,entity_0279,entity_0559,0,entity_0279,entity_0559,entity_0559,entity_0279,test
pair_004534,query,entity_0432,entity_0435,1,entity_0432,entity_0435,entity_0435,entity_0432,test
pair_004535,query,entity_0511,entity_0514,1,entity_0514,entity_0511,entity_0511,entity_0514,test
pair_004536,query,entity_0355,entity_0503,0,entity_0503,entity_0355,entity_0355,entity_0503,validation
pair_004537,query,entity_0362,entity_0364,1,entity_0362,entity_0364,entity_0364,entity_0362,validation
pair_004538,query,entity_0583,entity_0588,1,entity_0583,entity_0588,entity_0588,entity_0583,test
pair_004539,query,entity_0256,entity_0768,0,entity_0256,entity_0768,entity_0768,entity_0256,test
pair_004540,query,entity_0096,entity_0575,0,entity_0096,entity_0575,entity_0575,entity_0096,validation
pair_004541,query,entity_0362,entity_0908,0,entity_0362,entity_0908,entity_0908,entity_0362,test
pair_004542,query,entity_0628,entity_0630,1,entity_0628,entity_0630,entity_0630,entity_0628,test
pair_004543,query,entity_0551,entity_0559,1,entity_0559,entity_0551,entity_0551,entity_0559,test
pair_004544,query,entity_0973,entity_0974,1,entity_0973,entity_0974,entity_0974,entity_0973,test
pair_004545,query,entity_0903,entity_0908,1,entity_0903,entity_0908,entity_0908,entity_0903,test
pair_004546,query,entity_0723,entity_0727,1,entity_0727,entity_0723,entity_0723,entity_0727,test
pair_004547,query,entity_0698,entity_0700,1,entity_0698,entity_0700,entity_0700,entity_0698,validation
pair_004548,query,entity_0896,entity_0897,1,entity_0897,entity_0896,entity_0896,entity_0897,test
pair_004549,query,entity_0016,entity_0682,0,entity_0682,entity_0016,entity_0016,entity_0682,test
pair_004550,query,entity_0268,entity_0979,0,entity_0268,entity_0979,entity_0979,entity_0268,test
pair_004551,query,entity_0055,entity_0582,0,entity_0582,entity_0055,entity_0055,entity_0582,test
pair_004552,query,entity_0384,entity_0385,1,entity_0384,entity_0385,entity_0385,entity_0384,test
pair_004553,query,entity_0364,entity_0366,1,entity_0364,entity_0366,entity_0366,entity_0364,test
pair_004554,query,entity_0734,entity_0740,1,entity_0740,entity_0734,entity_0734,entity_0740,validation
pair_004555,query,entity_0412,entity_0656,0,entity_0656,entity_0412,entity_0412,entity_0656,test
pair_004556,query,entity_0145,entity_0146,1,entity_0145,entity_0146,entity_0146,entity_0145,test
pair_004557,query,entity_0598,entity_0615,0,entity_0598,entity_0615,entity_0615,entity_0598,test
pair_004558,query,entity_0283,entity_0286,1,entity_0286,entity_0283,entity_0283,entity_0286,test
pair_004559,query,entity_0065,entity_0067,1,entity_0067,entity_0065,entity_0065,entity_0067,validation
pair_004560,query,entity_0992,entity_0997,1,entity_0992,entity_0997,entity_0997,entity_0992,test
pair_004561,query,entity_0521,entity_0527,1,entity_0521,entity_0527,entity_0527,entity_0521,validation
pair_004562,query,entity_0273,entity_0548,0,entity_0273,entity_0548,entity_0548,entity_0273,test
pair_004563,query,entity_0444,entity_0448,1,entity_0444,entity_0448,entity_0448,entity_0444,test
pair_004564,query,entity_0818,entity_0820,1,entity_0818,entity_0820,entity_0820,entity_0818,test
pair_004565,query,entity_0373,entity_0810,0,entity_0810,entity_0373,entity_0373,entity_0810,test
pair_004566,query,entity_0032,entity_0039,1,entity_0032,entity_0039,entity_0039,entity_0032,test
pair_004567,query,entity_0746,entity_0986,0,entity_0986,entity_0746,entity_0746,entity_0986,test
pair_004568,query,entity_0379,entity_0551,0,entity_0551,entity_0379,entity_0379,entity_0551,validation
pair_004569,query,entity_0562,entity_0894,0,entity_0894,entity_0562,entity_0562,entity_0894,test
pair_004570,query,entity_0571,entity_0876,0,entity_0876,entity_0571,entity_0571,entity_0876,test
pair_004571,query,entity_0351,entity_0359,1,entity_0359,entity_0351,entity_0351,entity_0359,test
pair_004572,query,entity_0382,entity_0385,1,entity_0385,entity_0382,entity_0382,entity_0385,validation
pair_004573,query,entity_0855,entity_0857,1,entity_0857,entity_0855,entity_0855,entity_0857,test
pair_004574,query,entity_0692,entity_0822,0,entity_0692,entity_0822,entity_0822,entity_0692,test
pair_004575,query,entity_0582,entity_0586,1,entity_0586,entity_0582,entity_0582,entity_0586,test
pair_004576,query,entity_0951,entity_0954,1,entity_0951,entity_0954,entity_0954,entity_0951,test
pair_004577,query,entity_0028,entity_0864,0,entity_0028,entity_0864,entity_0864,entity_0028,test
pair_004578,query,entity_0163,entity_0693,0,entity_0693,entity_0163,entity_0163,entity_0693,test
pair_004579,query,entity_0323,entity_0630,0,entity_0323,entity_0630,entity_0630,entity_0323,test
pair_004580,query,entity_0857,entity_1000,0,entity_1000,entity_0857,entity_0857,entity_1000,test
pair_004581,query,entity_0899,entity_0922,0,entity_0922,entity_0899,entity_0899,entity_0922,test
pair_004582,query,entity_0623,entity_0624,1,entity_0623,entity_0624,entity_0624,entity_0623,test
pair_004583,query,entity_0755,entity_0792,0,entity_0792,entity_0755,entity_0755,entity_0792,validation
pair_004584,query,entity_0621,entity_0630,1,entity_0630,entity_0621,entity_0621,entity_0630,test
pair_004585,query,entity_0092,entity_0173,0,entity_0173,entity_0092,entity_0092,entity_0173,test
pair_004586,query,entity_0321,entity_0697,0,entity_0321,entity_0697,entity_0697,entity_0321,validation
pair_004587,query,entity_0906,entity_0909,1,entity_0909,entity_0906,entity_0906,entity_0909,test
pair_004588,query,entity_0160,entity_0743,0,entity_0743,entity_0160,entity_0160,entity_0743,test
pair_004589,query,entity_0192,entity_0441,0,entity_0441,entity_0192,entity_0192,entity_0441,test
pair_004590,query,entity_0718,entity_0726,0,entity_0718,entity_0726,entity_0726,entity_0718,test
pair_004591,query,entity_0147,entity_0295,0,entity_0295,entity_0147,entity_0147,entity_0295,test
pair_004592,query,entity_0486,entity_0490,1,entity_0486,entity_0490,entity_0490,entity_0486,test
pair_004593,query,entity_0591,entity_0596,1,entity_0596,entity_0591,entity_0591,entity_0596,test
pair_004594,query,entity_0021,entity_0503,0,entity_0503,entity_0021,entity_0021,entity_0503,validation
pair_004595,query,entity_0641,entity_0642,1,entity_0641,entity_0642,entity_0642,entity_0641,test
pair_004596,query,entity_0027,entity_0028,1,entity_0028,entity_0027,entity_0027,entity_0028,test
pair_004597,query,entity_0199,entity_0524,0,entity_0524,entity_0199,entity_0199,entity_0524,test
pair_004598,query,entity_0322,entity_0329,1,entity_0322,entity_0329,entity_0329,entity_0322,test
pair_004599,query,entity_0293,entity_0295,1,entity_0293,entity_0295,entity_0295,entity_0293,test
pair_004600,query,entity_0273,entity_0278,1,entity_0278,entity_0273,entity_0273,entity_0278,validation
pair_004601,query,entity_0863,entity_0868,1,entity_0863,entity_0868,entity_0868,entity_0863,test
pair_004602,query,entity_0445,entity_0448,1,entity_0448,entity_0445,entity_0445,entity_0448,test
pair_004603,query,entity_0254,entity_0404,0,entity_0404,entity_0254,entity_0254,entity_0404,test
pair_004604,query,entity_0131,entity_0140,1,entity_0131,entity_0140,entity_0140,entity_0131,test
pair_004605,query,entity_0177,entity_0924,0,entity_0924,entity_0177,entity_0177,entity_0924,validation
pair_004606,query,entity_0537,entity_0727,0,entity_0537,entity_0727,entity_0727,entity_0537,test
pair_004607,query,entity_0086,entity_0795,0,entity_0795,entity_0086,entity_0086,entity_0795,test
pair_004608,query,entity_0441,entity_0442,1,entity_0441,entity_0442,entity_0442,entity_0441,validation
pair_004609,query,entity_0222,entity_0617,0,entity_0222,entity_0617,entity_0617,entity_0222,test
pair_004610,query,entity_0173,entity_0175,1,entity_0175,entity_0173,entity_0173,entity_0175,test
pair_004611,query,entity_0541,entity_0542,1,entity_0541,entity_0542,entity_0542,entity_0541,test
pair_004612,query,entity_0144,entity_0646,0,entity_0646,entity_0144,entity_0144,entity_0646,validation
pair_004613,query,entity_0367,entity_0873,0,entity_0873,entity_0367,entity_0367,entity_0873,test
pair_004614,query,entity_0552,entity_0558,1,entity_0558,entity_0552,entity_0552,entity_0558,test
pair_004615,query,entity_0485,entity_0486,1,entity_0485,entity_0486,entity_0486,entity_0485,test
pair_004616,query,entity_0368,entity_0369,1,entity_0368,entity_0369,entity_0369,entity_0368,test
pair_004617,query,entity_0356,entity_0357,1,entity_0356,entity_0357,entity_0357,entity_0356,test
pair_004618,query,entity_0119,entity_0198,0,entity_0119,entity_0198,entity_0198,entity_0119,validation
pair_004619,query,entity_0206,entity_0208,1,entity_0206,entity_0208,entity_0208,entity_0206,test
pair_004620,query,entity_0125,entity_0506,0,entity_0125,entity_0506,entity_0506,entity_0125,test
pair_004621,query,entity_0556,entity_0768,0,entity_0556,entity_0768,entity_0768,entity_0556,test
pair_004622,query,entity_0122,entity_0312,0,entity_0312,entity_0122,entity_0122,entity_0312,validation
pair_004623,query,entity_0402,entity_0407,1,entity_0402,entity_0407,entity_0407,entity_0402,test
pair_004624,query,entity_0027,entity_0562,0,entity_0027,entity_0562,entity_0562,entity_0027,test
pair_004625,query,entity_0184,entity_0188,1,entity_0188,entity_0184,entity_0184,entity_0188,test
pair_004626,query,entity_0421,entity_0423,1,entity_0423,entity_0421,entity_0421,entity_0423,validation
pair_004627,query,entity_0612,entity_0620,1,entity_0620,entity_0612,entity_0612,entity_0620,test
pair_004628,query,entity_0379,entity_0895,0,entity_0379,entity_0895,entity_0895,entity_0379,test
pair_004629,query,entity_0026,entity_0988,0,entity_0988,entity_0026,entity_0026,entity_0988,test
pair_004630,query,entity_0432,entity_0436,1,entity_0436,entity_0432,entity_0432,entity_0436,validation
pair_004631,query,entity_0151,entity_0158,1,entity_0151,entity_0158,entity_0158,entity_0151,test
pair_004632,query,entity_0122,entity_0929,0,entity_0122,entity_0929,entity_0929,entity_0122,test
pair_004633,query,entity_0457,entity_0857,0,entity_0857,entity_0457,entity_0457,entity_0857,test
pair_004634,query,entity_0616,entity_0617,1,entity_0616,entity_0617,entity_0617,entity_0616,test
pair_004635,query,entity_0324,entity_0329,1,entity_0329,entity_0324,entity_0324,entity_0329,test
pair_004636,query,entity_0018,entity_0266,0,entity_0266,entity_0018,entity_0018,entity_0266,test
pair_004637,query,entity_0665,entity_0737,0,entity_0737,entity_0665,entity_0665,entity_0737,test
pair_004638,query,entity_0621,entity_0624,1,entity_0621,entity_0624,entity_0624,entity_0621,validation
pair_004639,query,entity_0146,entity_0147,1,entity_0147,entity_0146,entity_0146,entity_0147,test
pair_004640,query,entity_0482,entity_0483,1,entity_0482,entity_0483,entity_0483,entity_0482,test
pair_004641,query,entity_0120,entity_0273,0,entity_0120,entity_0273,entity_0273,entity_0120,test
pair_004642,query,entity_0976,entity_0980,1,entity_0980,entity_0976,entity_0976,entity_0980,validation
pair_004643,query,entity_0396,entity_0991,0,entity_0991,entity_0396,entity_0396,entity_0991,test
pair_004644,query,entity_0363,entity_0370,1,entity_0370,entity_0363,entity_0363,entity_0370,test
pair_004645,query,entity_0077,entity_0775,0,entity_0077,entity_0775,entity_0775,entity_0077,validation
pair_004646,query,entity_0648,entity_0650,1,entity_0648,entity_0650,entity_0650,entity_0648,test
pair_004647,query,entity_0830,entity_0947,0,entity_0947,entity_0830,entity_0830,entity_0947,test
pair_004648,query,entity_0448,entity_0527,0,entity_0527,entity_0448,entity_0448,entity_0527,test
pair_004649,query,entity_0274,entity_0275,1,entity_0275,entity_0274,entity_0274,entity_0275,test
pair_004650,query,entity_0138,entity_0139,1,entity_0139,entity_0138,entity_0138,entity_0139,test
pair_004651,query,entity_0354,entity_0768,0,entity_0768,entity_0354,entity_0354,entity_0768,test
pair_004652,query,entity_0069,entity_0726,0,entity_0726,entity_0069,entity_0069,entity_0726,test
pair_004653,query,entity_0008,entity_0009,1,entity_0008,entity_0009,entity_0009,entity_0008,test
pair_004654,query,entity_0804,entity_0810,1,entity_0804,entity_0810,entity_0810,entity_0804,validation
pair_004655,query,entity_0353,entity_0360,1,entity_0360,entity_0353,entity_0353,entity_0360,test
pair_004656,query,entity_0104,entity_0339,0,entity_0104,entity_0339,entity_0339,entity_0104,test
pair_004657,query,entity_0561,entity_0639,0,entity_0561,entity_0639,entity_0639,entity_0561,test
pair_004658,query,entity_0754,entity_0755,1,entity_0754,entity_0755,entity_0755,entity_0754,test
pair_004659,query,entity_0192,entity_0193,1,entity_0193,entity_0192,entity_0192,entity_0193,test
pair_004660,query,entity_0120,entity_0425,0,entity_0425,entity_0120,entity_0120,entity_0425,test
pair_004661,query,entity_0372,entity_0547,0,entity_0372,entity_0547,entity_0547,entity_0372,test
pair_004662,query,entity_0302,entity_0794,0,entity_0302,entity_0794,entity_0794,entity_0302,test
pair_004663,query,entity_0773,entity_0780,1,entity_0780,entity_0773,entity_0773,entity_0780,test
pair_004664,query,entity_0766,entity_0769,1,entity_0769,entity_0766,entity_0766,entity_0769,test
pair_004665,query,entity_0040,entity_0331,0,entity_0331,entity_0040,entity_0040,entity_0331,test
pair_004666,query,entity_0533,entity_0572,0,entity_0533,entity_0572,entity_0572,entity_0533,test
pair_004667,query,entity_0253,entity_0259,1,entity_0259,entity_0253,entity_0253,entity_0259,test
pair_004668,query,entity_0488,entity_0940,0,entity_0940,entity_0488,entity_0488,entity_0940,validation
pair_004669,query,entity_0319,entity_0320,1,entity_0319,entity_0320,entity_0320,entity_0319,test
pair_004670,query,entity_0238,entity_0538,0,entity_0238,entity_0538,entity_0538,entity_0238,test
pair_004671,query,entity_0016,entity_0872,0,entity_0872,entity_0016,entity_0016,entity_0872,validation
pair_004672,query,entity_0860,entity_0898,0,entity_0860,entity_0898,entity_0898,entity_0860,validation
pair_004673,query,entity_0004,entity_0708,0,entity_0004,entity_0708,entity_0708,entity_0004,test
pair_004674,query,entity_0011,entity_0014,1,entity_0014,entity_0011,entity_0011,entity_0014,test
pair_004675,query,entity_0988,entity_0989,1,entity_0988,entity_0989,entity_0989,entity_0988,test
pair_004676,query,entity_0282,entity_0341,0,entity_0282,entity_0341,entity_0341,entity_0282,test
pair_004677,query,entity_0867,entity_0892,0,entity_0867,entity_0892,entity_0892,entity_0867,validation
pair_004678,query,entity_0451,entity_0455,1,entity_0451,entity_0455,entity_0455,entity_0451,test
pair_004679,query,entity_0111,entity_0120,1,entity_0120,entity_0111,entity_0111,entity_0120,test
pair_004680,query,entity_0042,entity_0043,1,entity_0042,entity_0043,entity_0043,entity_0042,test
pair_004681,query,entity_0496,entity_0500,1,entity_0500,entity_0496,entity_0496,entity_0500,test
pair_004682,query,entity_0201,entity_0204,1,entity_0204,entity_0201,entity_0201,entity_0204,test
pair_004683,query,entity_0550,entity_0592,0,entity_0592,entity_0550,entity_0550,entity_0592,test
pair_004684,query,entity_0362,entity_0661,0,entity_0661,entity_0362,entity_0362,entity_0661,test
pair_004685,query,entity_0963,entity_0967,1,entity_0963,entity_0967,entity_0967,entity_0963,test
pair_004686,query,entity_0391,entity_0392,1,entity_0391,entity_0392,entity_0392,entity_0391,test
pair_004687,query,entity_0251,entity_0523,0,entity_0251,entity_0523,entity_0523,entity_0251,test
pair_004688,query,entity_0655,entity_0659,1,entity_0659,entity_0655,entity_0655,entity_0659,test
pair_004689,query,entity_0746,entity_0750,1,entity_0746,entity_0750,entity_0750,entity_0746,validation
pair_004690,query,entity_0441,entity_0449,1,entity_0449,entity_0441,entity_0441,entity_0449,validation
pair_004691,query,entity_0151,entity_0382,0,entity_0382,entity_0151,entity_0151,entity_0382,validation
pair_004692,query,entity_0108,entity_0828,0,entity_0108,entity_0828,entity_0828,entity_0108,test
pair_004693,query,entity_0378,entity_0461,0,entity_0461,entity_0378,entity_0378,entity_0461,test
pair_004694,query,entity_0503,entity_0506,1,entity_0506,entity_0503,entity_0503,entity_0506,test
pair_004695,query,entity_0232,entity_0702,0,entity_0702,entity_0232,entity_0232,entity_0702,test
pair_004696,query,entity_0477,entity_0478,1,entity_0478,entity_0477,entity_0477,entity_0478,validation
pair_004697,query,entity_0178,entity_0179,1,entity_0178,entity_0179,entity_0179,entity_0178,test
pair_004698,query,entity_0004,entity_0005,1,entity_0005,entity_0004,entity_0004,entity_0005,validation
pair_004699,query,entity_0272,entity_0541,0,entity_0272,entity_0541,entity_0541,entity_0272,test
pair_004700,query,entity_0032,entity_0038,1,entity_0032,entity_0038,entity_0038,entity_0032,test
pair_004701,query,entity_0180,entity_0255,0,entity_0255,entity_0180,entity_0180,entity_0255,test
pair_004702,query,entity_0084,entity_0730,0,entity_0084,entity_0730,entity_0730,entity_0084,test
pair_004703,query,entity_0605,entity_0606,1,entity_0605,entity_0606,entity_0606,entity_0605,test
pair_004704,query,entity_0313,entity_0320,1,entity_0320,entity_0313,entity_0313,entity_0320,test
pair_004705,query,entity_0245,entity_0246,1,entity_0245,entity_0246,entity_0246,entity_0245,test
pair_004706,query,entity_0126,entity_0128,1,entity_0126,entity_0128,entity_0128,entity_0126,test
pair_004707,query,entity_0585,entity_0992,0,entity_0992,entity_0585,entity_0585,entity_0992,test
pair_004708,query,entity_0842,entity_0844,1,entity_0844,entity_0842,entity_0842,entity_0844,test
pair_004709,query,entity_0558,entity_0679,0,entity_0558,entity_0679,entity_0679,entity_0558,test
pair_004710,query,entity_0693,entity_0697,1,entity_0697,entity_0693,entity_0693,entity_0697,test
pair_004711,query,entity_0260,entity_0655,0,entity_0655,entity_0260,entity_0260,entity_0655,test
pair_004712,query,entity_0117,entity_0216,0,entity_0117,entity_0216,entity_0216,entity_0117,test
pair_004713,query,entity_0802,entity_0806,1,entity_0802,entity_0806,entity_0806,entity_0802,validation
pair_004714,query,entity_0961,entity_0965,1,entity_0965,entity_0961,entity_0961,entity_0965,test
pair_004715,query,entity_0053,entity_0057,1,entity_0053,entity_0057,entity_0057,entity_0053,test
pair_004716,query,entity_0703,entity_0710,1,entity_0710,entity_0703,entity_0703,entity_0710,test
pair_004717,query,entity_0298,entity_0817,0,entity_0298,entity_0817,entity_0817,entity_0298,validation
pair_004718,query,entity_0792,entity_0799,1,entity_0799,entity_0792,entity_0792,entity_0799,test
pair_004719,query,entity_0226,entity_0975,0,entity_0226,entity_0975,entity_0975,entity_0226,test
pair_004720,query,entity_0091,entity_0596,0,entity_0091,entity_0596,entity_0596,entity_0091,validation
pair_004721,query,entity_0167,entity_0723,0,entity_0723,entity_0167,entity_0167,entity_0723,test
pair_004722,query,entity_0014,entity_0810,0,entity_0014,entity_0810,entity_0810,entity_0014,test
pair_004723,query,entity_0622,entity_0629,1,entity_0629,entity_0622,entity_0622,entity_0629,test
pair_004724,query,entity_0329,entity_0330,1,entity_0330,entity_0329,entity_0329,entity_0330,validation
pair_004725,query,entity_0163,entity_0852,0,entity_0163,entity_0852,entity_0852,entity_0163,test
pair_004726,query,entity_0493,entity_0943,0,entity_0943,entity_0493,entity_0493,entity_0943,test
pair_004727,query,entity_0670,entity_0763,0,entity_0670,entity_0763,entity_0763,entity_0670,test
pair_004728,query,entity_0378,entity_0813,0,entity_0813,entity_0378,entity_0378,entity_0813,test
pair_004729,query,entity_0353,entity_0356,1,entity_0353,entity_0356,entity_0356,entity_0353,test
pair_004730,query,entity_0587,entity_0692,0,entity_0587,entity_0692,entity_0692,entity_0587,test
pair_004731,query,entity_0132,entity_0137,1,entity_0132,entity_0137,entity_0137,entity_0132,test
pair_004732,query,entity_0842,entity_0847,1,entity_0847,entity_0842,entity_0842,entity_0847,test
pair_004733,query,entity_0673,entity_0678,1,entity_0673,entity_0678,entity_0678,entity_0673,test
pair_004734,query,entity_0998,entity_0999,1,entity_0998,entity_0999,entity_0999,entity_0998,test
pair_004735,query,entity_0459,entity_0460,1,entity_0460,entity_0459,entity_0459,entity_0460,test
pair_004736,query,entity_0763,entity_0855,0,entity_0855,entity_0763,entity_0763,entity_0855,validation
pair_004737,query,entity_0996,entity_0998,1,entity_0998,entity_0996,entity_0996,entity_0998,validation
pair_004738,query,entity_0184,entity_0882,0,entity_0184,entity_0882,entity_0882,entity_0184,test
pair_004739,query,entity_0643,entity_0646,1,entity_0643,entity_0646,entity_0646,entity_0643,test
pair_004740,query,entity_0225,entity_0229,1,entity_0225,entity_0229,entity_0229,entity_0225,test
pair_004741,query,entity_0034,entity_0939,0,entity_0034,entity_0939,entity_0939,entity_0034,test
pair_004742,query,entity_0510,entity_0831,0,entity_0831,entity_0510,entity_0510,entity_0831,test
pair_004743,query,entity_0168,entity_0841,0,entity_0841,entity_0168,entity_0168,entity_0841,test
pair_004744,query,entity_0049,entity_0320,0,entity_0320,entity_0049,entity_0049,entity_0320,validation
pair_004745,query,entity_0815,entity_0818,1,entity_0815,entity_0818,entity_0818,entity_0815,test
pair_004746,query,entity_0049,entity_0607,0,entity_0607,entity_0049,entity_0049,entity_0607,test
pair_004747,query,entity_0226,entity_0615,0,entity_0226,entity_0615,entity_0615,entity_0226,validation
pair_004748,query,entity_0495,entity_0778,0,entity_0495,entity_0778,entity_0778,entity_0495,test
pair_004749,query,entity_0446,entity_0449,1,entity_0446,entity_0449,entity_0449,entity_0446,test
pair_004750,query,entity_0236,entity_0322,0,entity_0322,entity_0236,entity_0236,entity_0322,validation
pair_004751,query,entity_0956,entity_0957,1,entity_0957,entity_0956,entity_0956,entity_0957,validation
pair_004752,query,entity_0303,entity_0310,1,entity_0303,entity_0310,entity_0310,entity_0303,test
pair_004753,query,entity_0806,entity_0810,1,entity_0806,entity_0810,entity_0810,entity_0806,validation
pair_004754,query,entity_0504,entity_0505,1,entity_0505,entity_0504,entity_0504,entity_0505,test
pair_004755,query,entity_0102,entity_0543,0,entity_0102,entity_0543,entity_0543,entity_0102,test
pair_004756,query,entity_0603,entity_0956,0,entity_0956,entity_0603,entity_0603,entity_0956,validation
pair_004757,query,entity_0386,entity_0390,1,entity_0386,entity_0390,entity_0390,entity_0386,test
pair_004758,query,entity_0432,entity_0433,1,entity_0433,entity_0432,entity_0432,entity_0433,validation
pair_004759,query,entity_0235,entity_0236,1,entity_0236,entity_0235,entity_0235,entity_0236,test
pair_004760,query,entity_0036,entity_0817,0,entity_0817,entity_0036,entity_0036,entity_0817,test
pair_004761,query,entity_0774,entity_0871,0,entity_0774,entity_0871,entity_0871,entity_0774,test
pair_004762,query,entity_0932,entity_0936,1,entity_0936,entity_0932,entity_0932,entity_0936,test
pair_004763,query,entity_0130,entity_0148,0,entity_0148,entity_0130,entity_0130,entity_0148,test
pair_004764,query,entity_0881,entity_0883,1,entity_0881,entity_0883,entity_0883,entity_0881,test
pair_004765,query,entity_0361,entity_0364,1,entity_0364,entity_0361,entity_0361,entity_0364,test
pair_004766,query,entity_0355,entity_0724,0,entity_0724,entity_0355,entity_0355,entity_0724,test
pair_004767,query,entity_0656,entity_0789,0,entity_0656,entity_0789,entity_0789,entity_0656,test
pair_004768,query,entity_0163,entity_0166,1,entity_0166,entity_0163,entity_0163,entity_0166,test
pair_004769,query,entity_0742,entity_0743,1,entity_0743,entity_0742,entity_0742,entity_0743,test
pair_004770,query,entity_0985,entity_0987,1,entity_0985,entity_0987,entity_0987,entity_0985,test
pair_004771,query,entity_0181,entity_0185,1,entity_0185,entity_0181,entity_0181,entity_0185,test
pair_004772,query,entity_0241,entity_0885,0,entity_0885,entity_0241,entity_0241,entity_0885,test
pair_004773,query,entity_0080,entity_0497,0,entity_0080,entity_0497,entity_0497,entity_0080,test
pair_004774,query,entity_0400,entity_0755,0,entity_0755,entity_0400,entity_0400,entity_0755,validation
pair_004775,query,entity_0594,entity_0597,1,entity_0594,entity_0597,entity_0597,entity_0594,test
pair_004776,query,entity_0534,entity_0539,1,entity_0539,entity_0534,entity_0534,entity_0539,validation
pair_004777,query,entity_0535,entity_0844,0,entity_0844,entity_0535,entity_0535,entity_0844,test
pair_004778,query,entity_0473,entity_0869,0,entity_0473,entity_0869,entity_0869,entity_0473,validation
pair_004779,query,entity_0612,entity_0614,1,entity_0612,entity_0614,entity_0614,entity_0612,test
pair_004780,query,entity_0922,entity_0927,1,entity_0922,entity_0927,entity_0927,entity_0922,test
pair_004781,query,entity_0411,entity_0876,0,entity_0876,entity_0411,entity_0411,entity_0876,validation
pair_004782,query,entity_0827,entity_0828,1,entity_0828,entity_0827,entity_0827,entity_0828,test
pair_004783,query,entity_0482,entity_0812,0,entity_0482,entity_0812,entity_0812,entity_0482,test
pair_004784,query,entity_0389,entity_0955,0,entity_0389,entity_0955,entity_0955,entity_0389,test
pair_004785,query,entity_0952,entity_0953,1,entity_0953,entity_0952,entity_0952,entity_0953,test
pair_004786,query,entity_0595,entity_0864,0,entity_0864,entity_0595,entity_0595,entity_0864,test
pair_004787,query,entity_0377,entity_0468,0,entity_0377,entity_0468,entity_0468,entity_0377,test
pair_004788,query,entity_0329,entity_0668,0,entity_0668,entity_0329,entity_0329,entity_0668,test
pair_004789,query,entity_0046,entity_0169,0,entity_0046,entity_0169,entity_0169,entity_0046,test
pair_004790,query,entity_0524,entity_0525,1,entity_0524,entity_0525,entity_0525,entity_0524,validation
pair_004791,query,entity_0171,entity_0178,1,entity_0178,entity_0171,entity_0171,entity_0178,test
pair_004792,query,entity_0404,entity_0515,0,entity_0404,entity_0515,entity_0515,entity_0404,validation
pair_004793,query,entity_0193,entity_0195,1,entity_0195,entity_0193,entity_0193,entity_0195,validation
pair_004794,query,entity_0268,entity_0437,0,entity_0437,entity_0268,entity_0268,entity_0437,test
pair_004795,query,entity_0061,entity_0384,0,entity_0061,entity_0384,entity_0384,entity_0061,validation
pair_004796,query,entity_0505,entity_0507,1,entity_0507,entity_0505,entity_0505,entity_0507,test
pair_004797,query,entity_0712,entity_0714,1,entity_0714,entity_0712,entity_0712,entity_0714,test
pair_004798,query,entity_0076,entity_0080,1,entity_0080,entity_0076,entity_0076,entity_0080,validation
pair_004799,query,entity_0744,entity_0999,0,entity_0744,entity_0999,entity_0999,entity_0744,validation
pair_004800,query,entity_0265,entity_0267,1,entity_0267,entity_0265,entity_0265,entity_0267,test
pair_004801,query,entity_0048,entity_0225,0,entity_0048,entity_0225,entity_0225,entity_0048,test
pair_004802,query,entity_0209,entity_0279,0,entity_0279,entity_0209,entity_0209,entity_0279,test
pair_004803,query,entity_0689,entity_0744,0,entity_0689,entity_0744,entity_0744,entity_0689,test
pair_004804,query,entity_0661,entity_0667,1,entity_0667,entity_0661,entity_0661,entity_0667,test
pair_004805,query,entity_0622,entity_0763,0,entity_0622,entity_0763,entity_0763,entity_0622,test
pair_004806,query,entity_0038,entity_0233,0,entity_0038,entity_0233,entity_0233,entity_0038,test
pair_004807,query,entity_0224,entity_0226,1,entity_0224,entity_0226,entity_0226,entity_0224,test
pair_004808,query,entity_0423,entity_0853,0,entity_0423,entity_0853,entity_0853,entity_0423,test
pair_004809,query,entity_0742,entity_0750,1,entity_0742,entity_0750,entity_0750,entity_0742,validation
pair_004810,query,entity_0025,entity_0028,1,entity_0025,entity_0028,entity_0028,entity_0025,test
pair_004811,query,entity_0258,entity_0259,1,entity_0258,entity_0259,entity_0259,entity_0258,validation
pair_004812,query,entity_0076,entity_0195,0,entity_0195,entity_0076,entity_0076,entity_0195,test
pair_004813,query,entity_0312,entity_0698,0,entity_0698,entity_0312,entity_0312,entity_0698,test
pair_004814,query,entity_0363,entity_0748,0,entity_0363,entity_0748,entity_0748,entity_0363,test
pair_004815,query,entity_0378,entity_0984,0,entity_0984,entity_0378,entity_0378,entity_0984,test
pair_004816,query,entity_0982,entity_0983,1,entity_0983,entity_0982,entity_0982,entity_0983,test
pair_004817,query,entity_0190,entity_0193,0,entity_0193,entity_0190,entity_0190,entity_0193,test
pair_004818,query,entity_0991,entity_0992,1,entity_0991,entity_0992,entity_0992,entity_0991,test
pair_004819,query,entity_0176,entity_0257,0,entity_0257,entity_0176,entity_0176,entity_0257,validation
pair_004820,query,entity_0419,entity_0503,0,entity_0503,entity_0419,entity_0419,entity_0503,validation
pair_004821,query,entity_0496,entity_0640,0,entity_0496,entity_0640,entity_0640,entity_0496,test
pair_004822,query,entity_0492,entity_0494,1,entity_0492,entity_0494,entity_0494,entity_0492,test
pair_004823,query,entity_0056,entity_0087,0,entity_0087,entity_0056,entity_0056,entity_0087,test
pair_004824,query,entity_0857,entity_0994,0,entity_0994,entity_0857,entity_0857,entity_0994,test
pair_004825,query,entity_0376,entity_0413,0,entity_0376,entity_0413,entity_0413,entity_0376,test
pair_004826,query,entity_0208,entity_0281,0,entity_0208,entity_0281,entity_0281,entity_0208,test
pair_004827,query,entity_0687,entity_0868,0,entity_0868,entity_0687,entity_0687,entity_0868,test
pair_004828,query,entity_0210,entity_0887,0,entity_0887,entity_0210,entity_0210,entity_0887,test
pair_004829,query,entity_0759,entity_0760,1,entity_0759,entity_0760,entity_0760,entity_0759,test
pair_004830,query,entity_0538,entity_0986,0,entity_0986,entity_0538,entity_0538,entity_0986,test
pair_004831,query,entity_0401,entity_0410,1,entity_0410,entity_0401,entity_0401,entity_0410,test
pair_004832,query,entity_0236,entity_0364,0,entity_0364,entity_0236,entity_0236,entity_0364,validation
pair_004833,query,entity_0703,entity_0831,0,entity_0831,entity_0703,entity_0703,entity_0831,validation
pair_004834,query,entity_0728,entity_0975,0,entity_0975,entity_0728,entity_0728,entity_0975,validation
pair_004835,query,entity_0496,entity_0942,0,entity_0942,entity_0496,entity_0496,entity_0942,test
pair_004836,query,entity_0693,entity_0700,1,entity_0700,entity_0693,entity_0693,entity_0700,test
pair_004837,query,entity_0268,entity_0480,0,entity_0268,entity_0480,entity_0480,entity_0268,test
pair_004838,query,entity_0181,entity_0183,1,entity_0181,entity_0183,entity_0183,entity_0181,validation
pair_004839,query,entity_0021,entity_0627,0,entity_0021,entity_0627,entity_0627,entity_0021,test
pair_004840,query,entity_0732,entity_0734,1,entity_0732,entity_0734,entity_0734,entity_0732,test
pair_004841,query,entity_0250,entity_0337,0,entity_0337,entity_0250,entity_0250,entity_0337,test
pair_004842,query,entity_0443,entity_0468,0,entity_0443,entity_0468,entity_0468,entity_0443,test
pair_004843,query,entity_0678,entity_0986,0,entity_0986,entity_0678,entity_0678,entity_0986,test
pair_004844,query,entity_0621,entity_0627,1,entity_0621,entity_0627,entity_0627,entity_0621,test
pair_004845,query,entity_0313,entity_0319,1,entity_0313,entity_0319,entity_0319,entity_0313,validation
pair_004846,query,entity_0233,entity_0235,1,entity_0233,entity_0235,entity_0235,entity_0233,validation
pair_004847,query,entity_0020,entity_0217,0,entity_0217,entity_0020,entity_0020,entity_0217,test
pair_004848,query,entity_0008,entity_0451,0,entity_0451,entity_0008,entity_0008,entity_0451,validation
pair_004849,query,entity_0287,entity_0677,0,entity_0677,entity_0287,entity_0287,entity_0677,test
pair_004850,query,entity_0167,entity_0170,1,entity_0170,entity_0167,entity_0167,entity_0170,test
pair_004851,query,entity_0907,entity_0908,1,entity_0907,entity_0908,entity_0908,entity_0907,validation
pair_004852,query,entity_0289,entity_0647,0,entity_0647,entity_0289,entity_0289,entity_0647,test
pair_004853,query,entity_0763,entity_0767,1,entity_0763,entity_0767,entity_0767,entity_0763,test
pair_004854,query,entity_0124,entity_0451,0,entity_0124,entity_0451,entity_0451,entity_0124,validation
pair_004855,query,entity_0022,entity_0027,1,entity_0027,entity_0022,entity_0022,entity_0027,test
pair_004856,query,entity_0356,entity_0359,1,entity_0359,entity_0356,entity_0356,entity_0359,test
pair_004857,query,entity_0020,entity_0116,0,entity_0020,entity_0116,entity_0116,entity_0020,validation
pair_004858,query,entity_0138,entity_0321,0,entity_0138,entity_0321,entity_0321,entity_0138,test
pair_004859,query,entity_0147,entity_0831,0,entity_0147,entity_0831,entity_0831,entity_0147,test
pair_004860,query,entity_0225,entity_0736,0,entity_0225,entity_0736,entity_0736,entity_0225,test
pair_004861,query,entity_0971,entity_0980,1,entity_0971,entity_0980,entity_0980,entity_0971,test
pair_004862,query,entity_0339,entity_0577,0,entity_0339,entity_0577,entity_0577,entity_0339,test
pair_004863,query,entity_0264,entity_0349,0,entity_0264,entity_0349,entity_0349,entity_0264,test
pair_004864,query,entity_0715,entity_0718,1,entity_0715,entity_0718,entity_0718,entity_0715,test
pair_004865,query,entity_0441,entity_0499,0,entity_0441,entity_0499,entity_0499,entity_0441,validation
pair_004866,query,entity_0483,entity_0489,1,entity_0483,entity_0489,entity_0489,entity_0483,test
pair_004867,query,entity_0315,entity_0318,1,entity_0318,entity_0315,entity_0315,entity_0318,test
pair_004868,query,entity_0272,entity_0275,1,entity_0272,entity_0275,entity_0275,entity_0272,test
pair_004869,query,entity_0068,entity_0188,0,entity_0068,entity_0188,entity_0188,entity_0068,test
pair_004870,query,entity_0505,entity_0510,1,entity_0510,entity_0505,entity_0505,entity_0510,test
pair_004871,query,entity_0952,entity_0956,1,entity_0952,entity_0956,entity_0956,entity_0952,validation
pair_004872,query,entity_0253,entity_0825,0,entity_0253,entity_0825,entity_0825,entity_0253,test
pair_004873,query,entity_0112,entity_0493,0,entity_0112,entity_0493,entity_0493,entity_0112,test
pair_004874,query,entity_0555,entity_0558,1,entity_0558,entity_0555,entity_0555,entity_0558,validation
pair_004875,query,entity_0457,entity_0530,0,entity_0457,entity_0530,entity_0530,entity_0457,validation
pair_004876,query,entity_0262,entity_0266,1,entity_0266,entity_0262,entity_0262,entity_0266,test
pair_004877,query,entity_0662,entity_0663,1,entity_0663,entity_0662,entity_0662,entity_0663,test
pair_004878,query,entity_0067,entity_0608,0,entity_0608,entity_0067,entity_0067,entity_0608,test
pair_004879,query,entity_0293,entity_0633,0,entity_0293,entity_0633,entity_0633,entity_0293,test
pair_004880,query,entity_0007,entity_0010,1,entity_0010,entity_0007,entity_0007,entity_0010,test
pair_004881,query,entity_0169,entity_0765,0,entity_0169,entity_0765,entity_0765,entity_0169,test
pair_004882,query,entity_0416,entity_0417,1,entity_0417,entity_0416,entity_0416,entity_0417,test
pair_004883,query,entity_0125,entity_0127,1,entity_0127,entity_0125,entity_0125,entity_0127,test
pair_004884,query,entity_0663,entity_0717,0,entity_0663,entity_0717,entity_0717,entity_0663,validation
pair_004885,query,entity_0722,entity_0723,1,entity_0723,entity_0722,entity_0722,entity_0723,test
pair_004886,query,entity_0934,entity_0936,1,entity_0934,entity_0936,entity_0936,entity_0934,test
pair_004887,query,entity_0175,entity_0648,0,entity_0175,entity_0648,entity_0648,entity_0175,test
pair_004888,query,entity_0398,entity_0742,0,entity_0742,entity_0398,entity_0398,entity_0742,test
pair_004889,query,entity_0019,entity_0740,0,entity_0740,entity_0019,entity_0019,entity_0740,test
pair_004890,query,entity_0865,entity_0915,0,entity_0865,entity_0915,entity_0915,entity_0865,test
pair_004891,query,entity_0844,entity_0850,1,entity_0844,entity_0850,entity_0850,entity_0844,test
pair_004892,query,entity_0081,entity_0088,1,entity_0088,entity_0081,entity_0081,entity_0088,test
pair_004893,query,entity_0391,entity_0395,1,entity_0395,entity_0391,entity_0391,entity_0395,test
pair_004894,query,entity_0693,entity_0698,1,entity_0698,entity_0693,entity_0693,entity_0698,test
pair_004895,query,entity_0314,entity_0384,0,entity_0384,entity_0314,entity_0314,entity_0384,test
pair_004896,query,entity_0437,entity_0811,0,entity_0811,entity_0437,entity_0437,entity_0811,validation
pair_004897,query,entity_0958,entity_0960,1,entity_0960,entity_0958,entity_0958,entity_0960,test
pair_004898,query,entity_0513,entity_0637,0,entity_0637,entity_0513,entity_0513,entity_0637,test
pair_004899,query,entity_0466,entity_0977,0,entity_0466,entity_0977,entity_0977,entity_0466,test
pair_004900,query,entity_0955,entity_0957,1,entity_0955,entity_0957,entity_0957,entity_0955,test
pair_004901,query,entity_0354,entity_0355,1,entity_0355,entity_0354,entity_0354,entity_0355,validation
pair_004902,query,entity_0048,entity_0049,1,entity_0049,entity_0048,entity_0048,entity_0049,test
pair_004903,query,entity_0002,entity_0006,1,entity_0006,entity_0002,entity_0002,entity_0006,test
pair_004904,query,entity_0556,entity_0850,0,entity_0850,entity_0556,entity_0556,entity_0850,test
pair_004905,query,entity_0432,entity_0434,1,entity_0434,entity_0432,entity_0432,entity_0434,test
pair_004906,query,entity_0819,entity_0940,0,entity_0940,entity_0819,entity_0819,entity_0940,test
pair_004907,query,entity_0739,entity_0817,0,entity_0817,entity_0739,entity_0739,entity_0817,test
pair_004908,query,entity_0205,entity_0282,0,entity_0205,entity_0282,entity_0282,entity_0205,test
pair_004909,query,entity_0104,entity_0941,0,entity_0104,entity_0941,entity_0941,entity_0104,validation
pair_004910,query,entity_0571,entity_0579,1,entity_0579,entity_0571,entity_0571,entity_0579,test
pair_004911,query,entity_0001,entity_0138,0,entity_0001,entity_0138,entity_0138,entity_0001,test
pair_004912,query,entity_0200,entity_0231,0,entity_0231,entity_0200,entity_0200,entity_0231,test
pair_004913,query,entity_0776,entity_0780,1,entity_0776,entity_0780,entity_0780,entity_0776,test
pair_004914,query,entity_0904,entity_0906,1,entity_0904,entity_0906,entity_0906,entity_0904,test
pair_004915,query,entity_0602,entity_0610,1,entity_0610,entity_0602,entity_0602,entity_0610,test
pair_004916,query,entity_0415,entity_0418,1,entity_0415,entity_0418,entity_0418,entity_0415,test
pair_004917,query,entity_0684,entity_0686,1,entity_0686,entity_0684,entity_0684,entity_0686,test
pair_004918,query,entity_0456,entity_0458,1,entity_0456,entity_0458,entity_0458,entity_0456,validation
pair_004919,query,entity_0267,entity_0268,1,entity_0268,entity_0267,entity_0267,entity_0268,test
pair_004920,query,entity_0029,entity_0163,0,entity_0029,entity_0163,entity_0163,entity_0029,test
pair_004921,query,entity_0525,entity_0664,0,entity_0525,entity_0664,entity_0664,entity_0525,test
pair_004922,query,entity_0357,entity_0837,0,entity_0357,entity_0837,entity_0837,entity_0357,test
pair_004923,query,entity_0174,entity_0178,1,entity_0174,entity_0178,entity_0178,entity_0174,validation
pair_004924,query,entity_0494,entity_0782,0,entity_0782,entity_0494,entity_0494,entity_0782,test
pair_004925,query,entity_0845,entity_0849,1,entity_0845,entity_0849,entity_0849,entity_0845,test
pair_004926,query,entity_0124,entity_0831,0,entity_0124,entity_0831,entity_0831,entity_0124,test
pair_004927,query,entity_0412,entity_0417,1,entity_0417,entity_0412,entity_0412,entity_0417,test
pair_004928,query,entity_0599,entity_0746,0,entity_0746,entity_0599,entity_0599,entity_0746,test
pair_004929,query,entity_0281,entity_0972,0,entity_0972,entity_0281,entity_0281,entity_0972,test
pair_004930,query,entity_0152,entity_0155,1,entity_0155,entity_0152,entity_0152,entity_0155,validation
pair_004931,query,entity_0164,entity_0557,0,entity_0557,entity_0164,entity_0164,entity_0557,test
pair_004932,query,entity_0312,entity_0701,0,entity_0312,entity_0701,entity_0701,entity_0312,test
pair_004933,query,entity_0470,entity_0683,0,entity_0470,entity_0683,entity_0683,entity_0470,test
pair_004934,query,entity_0056,entity_0058,1,entity_0058,entity_0056,entity_0056,entity_0058,test
pair_004935,query,entity_0101,entity_0108,1,entity_0101,entity_0108,entity_0108,entity_0101,test
pair_004936,query,entity_0733,entity_0736,1,entity_0736,entity_0733,entity_0733,entity_0736,test
pair_004937,query,entity_0605,entity_0729,0,entity_0729,entity_0605,entity_0605,entity_0729,test
pair_004938,query,entity_0453,entity_0456,1,entity_0453,entity_0456,entity_0456,entity_0453,validation
pair_004939,query,entity_0680,entity_0922,0,entity_0922,entity_0680,entity_0680,entity_0922,test
pair_004940,query,entity_0545,entity_0964,0,entity_0964,entity_0545,entity_0545,entity_0964,test
pair_004941,query,entity_0540,entity_0597,0,entity_0540,entity_0597,entity_0597,entity_0540,validation
pair_004942,query,entity_0176,entity_0248,0,entity_0176,entity_0248,entity_0248,entity_0176,validation
pair_004943,query,entity_0412,entity_0618,0,entity_0412,entity_0618,entity_0618,entity_0412,test
pair_004944,query,entity_0302,entity_0438,0,entity_0438,entity_0302,entity_0302,entity_0438,test
pair_004945,query,entity_0577,entity_0579,1,entity_0579,entity_0577,entity_0577,entity_0579,test
pair_004946,query,entity_0144,entity_0692,0,entity_0692,entity_0144,entity_0144,entity_0692,test
pair_004947,query,entity_0351,entity_0938,0,entity_0938,entity_0351,entity_0351,entity_0938,test
pair_004948,query,entity_0004,entity_0238,0,entity_0238,entity_0004,entity_0004,entity_0238,validation
pair_004949,query,entity_0493,entity_0495,1,entity_0495,entity_0493,entity_0493,entity_0495,test
pair_004950,query,entity_0772,entity_0779,1,entity_0772,entity_0779,entity_0779,entity_0772,test
pair_004951,query,entity_0283,entity_0284,1,entity_0283,entity_0284,entity_0284,entity_0283,test
pair_004952,query,entity_0328,entity_0464,0,entity_0328,entity_0464,entity_0464,entity_0328,test
pair_004953,query,entity_0537,entity_0869,0,entity_0869,entity_0537,entity_0537,entity_0869,test
pair_004954,query,entity_0609,entity_0833,0,entity_0833,entity_0609,entity_0609,entity_0833,test
pair_004955,query,entity_0033,entity_0040,1,entity_0040,entity_0033,entity_0033,entity_0040,validation
pair_004956,query,entity_0772,entity_0773,1,entity_0772,entity_0773,entity_0773,entity_0772,test
pair_004957,query,entity_0416,entity_0546,0,entity_0546,entity_0416,entity_0416,entity_0546,test
pair_004958,query,entity_0215,entity_0314,0,entity_0314,entity_0215,entity_0215,entity_0314,test
pair_004959,query,entity_0214,entity_0561,0,entity_0214,entity_0561,entity_0561,entity_0214,validation
pair_004960,query,entity_0297,entity_0299,1,entity_0297,entity_0299,entity_0299,entity_0297,validation
pair_004961,query,entity_0162,entity_0390,0,entity_0162,entity_0390,entity_0390,entity_0162,test
pair_004962,query,entity_0030,entity_0791,0,entity_0791,entity_0030,entity_0030,entity_0791,validation
pair_004963,query,entity_0561,entity_0562,1,entity_0561,entity_0562,entity_0562,entity_0561,validation
pair_004964,query,entity_0285,entity_0631,0,entity_0285,entity_0631,entity_0631,entity_0285,validation
pair_004965,query,entity_0342,entity_0655,0,entity_0655,entity_0342,entity_0342,entity_0655,test
pair_004966,query,entity_0784,entity_0788,1,entity_0788,entity_0784,entity_0784,entity_0788,test
pair_004967,query,entity_0497,entity_0500,1,entity_0500,entity_0497,entity_0497,entity_0500,validation
pair_004968,query,entity_0711,entity_0713,1,entity_0711,entity_0713,entity_0713,entity_0711,test
pair_004969,query,entity_0053,entity_0675,0,entity_0675,entity_0053,entity_0053,entity_0675,validation
pair_004970,query,entity_0932,entity_0967,0,entity_0932,entity_0967,entity_0967,entity_0932,validation
pair_004971,query,entity_0394,entity_0531,0,entity_0531,entity_0394,entity_0394,entity_0531,test
pair_004972,query,entity_0135,entity_0225,0,entity_0135,entity_0225,entity_0225,entity_0135,validation
pair_004973,query,entity_0022,entity_0028,1,entity_0028,entity_0022,entity_0022,entity_0028,test
pair_004974,query,entity_0288,entity_0289,1,entity_0289,entity_0288,entity_0288,entity_0289,test
pair_004975,query,entity_0689,entity_0751,0,entity_0751,entity_0689,entity_0689,entity_0751,test
pair_004976,query,entity_0645,entity_0646,1,entity_0646,entity_0645,entity_0645,entity_0646,test
pair_004977,query,entity_0166,entity_0245,0,entity_0166,entity_0245,entity_0245,entity_0166,test
pair_004978,query,entity_0166,entity_0813,0,entity_0166,entity_0813,entity_0813,entity_0166,test
pair_004979,query,entity_0561,entity_0569,1,entity_0569,entity_0561,entity_0561,entity_0569,test
pair_004980,query,entity_0013,entity_0017,1,entity_0017,entity_0013,entity_0013,entity_0017,test
pair_004981,query,entity_0353,entity_0932,0,entity_0353,entity_0932,entity_0932,entity_0353,test
pair_004982,query,entity_0110,entity_0668,0,entity_0668,entity_0110,entity_0110,entity_0668,test
pair_004983,query,entity_0474,entity_0476,1,entity_0474,entity_0476,entity_0476,entity_0474,test
pair_004984,query,entity_0370,entity_0740,0,entity_0740,entity_0370,entity_0370,entity_0740,test
pair_004985,query,entity_0308,entity_0843,0,entity_0843,entity_0308,entity_0308,entity_0843,test
pair_004986,query,entity_0030,entity_0475,0,entity_0030,entity_0475,entity_0475,entity_0030,validation
pair_004987,query,entity_0112,entity_0161,0,entity_0112,entity_0161,entity_0161,entity_0112,test
pair_004988,query,entity_0358,entity_0360,1,entity_0358,entity_0360,entity_0360,entity_0358,validation
pair_004989,query,entity_0511,entity_0582,0,entity_0582,entity_0511,entity_0511,entity_0582,test
pair_004990,query,entity_0525,entity_0530,1,entity_0525,entity_0530,entity_0530,entity_0525,validation
pair_004991,query,entity_0889,entity_0890,1,entity_0890,entity_0889,entity_0889,entity_0890,test
pair_004992,query,entity_0135,entity_0137,1,entity_0135,entity_0137,entity_0137,entity_0135,test
pair_004993,query,entity_0934,entity_0935,1,entity_0935,entity_0934,entity_0934,entity_0935,test
pair_004994,query,entity_0422,entity_0428,1,entity_0428,entity_0422,entity_0422,entity_0428,test
pair_004995,query,entity_0297,entity_0602,0,entity_0602,entity_0297,entity_0297,entity_0602,test
pair_004996,query,entity_0456,entity_0459,1,entity_0456,entity_0459,entity_0459,entity_0456,test
pair_004997,query,entity_0584,entity_0590,1,entity_0590,entity_0584,entity_0584,entity_0590,test
pair_004998,query,entity_0016,entity_0017,1,entity_0016,entity_0017,entity_0017,entity_0016,test
pair_004999,query,entity_0082,entity_0679,0,entity_0679,entity_0082,entity_0082,entity_0679,test
pair_005000,query,entity_0946,entity_0948,1,entity_0946,entity_0948,entity_0948,entity_0946,test
pair_005001,query,entity_0802,entity_0805,1,entity_0805,entity_0802,entity_0802,entity_0805,test
pair_005002,query,entity_0094,entity_0899,0,entity_0094,entity_0899,entity_0899,entity_0094,test
pair_005003,query,entity_0542,entity_0951,0,entity_0542,entity_0951,entity_0951,entity_0542,validation
pair_005004,query,entity_0521,entity_0525,1,entity_0521,entity_0525,entity_0525,entity_0521,test
pair_005005,query,entity_0053,entity_0995,0,entity_0995,entity_0053,entity_0053,entity_0995,validation
pair_005006,query,entity_0072,entity_0099,0,entity_0072,entity_0099,entity_0099,entity_0072,test
pair_005007,query,entity_0064,entity_0223,0,entity_0064,entity_0223,entity_0223,entity_0064,validation
pair_005008,query,entity_0145,entity_0443,0,entity_0145,entity_0443,entity_0443,entity_0145,validation
pair_005009,query,entity_0415,entity_0608,0,entity_0415,entity_0608,entity_0608,entity_0415,test
pair_005010,query,entity_0243,entity_0250,1,entity_0250,entity_0243,entity_0243,entity_0250,test
pair_005011,query,entity_0704,entity_0707,1,entity_0704,entity_0707,entity_0707,entity_0704,test
pair_005012,query,entity_0236,entity_0362,0,entity_0236,entity_0362,entity_0362,entity_0236,test
pair_005013,query,entity_0207,entity_0209,1,entity_0207,entity_0209,entity_0209,entity_0207,test
pair_005014,query,entity_0895,entity_0898,1,entity_0895,entity_0898,entity_0898,entity_0895,test
pair_005015,query,entity_0228,entity_0229,1,entity_0228,entity_0229,entity_0229,entity_0228,test
pair_005016,query,entity_0896,entity_0898,1,entity_0896,entity_0898,entity_0898,entity_0896,test
pair_005017,query,entity_0663,entity_0665,1,entity_0665,entity_0663,entity_0663,entity_0665,test
pair_005018,query,entity_0517,entity_0713,0,entity_0517,entity_0713,entity_0713,entity_0517,test
pair_005019,query,entity_0049,entity_0502,0,entity_0049,entity_0502,entity_0502,entity_0049,validation
pair_005020,query,entity_0112,entity_0649,0,entity_0649,entity_0112,entity_0112,entity_0649,test
pair_005021,query,entity_0405,entity_0410,1,entity_0410,entity_0405,entity_0405,entity_0410,test
pair_005022,query,entity_0037,entity_0802,0,entity_0037,entity_0802,entity_0802,entity_0037,test
pair_005023,query,entity_0701,entity_0706,1,entity_0706,entity_0701,entity_0701,entity_0706,test
pair_005024,query,entity_0313,entity_0317,1,entity_0317,entity_0313,entity_0313,entity_0317,validation
pair_005025,query,entity_0346,entity_0348,1,entity_0346,entity_0348,entity_0348,entity_0346,test
pair_005026,query,entity_0286,entity_0290,1,entity_0290,entity_0286,entity_0286,entity_0290,test
pair_005027,query,entity_0714,entity_0717,1,entity_0714,entity_0717,entity_0717,entity_0714,test
pair_005028,query,entity_0409,entity_0410,1,entity_0410,entity_0409,entity_0409,entity_0410,test
pair_005029,query,entity_0682,entity_0688,1,entity_0688,entity_0682,entity_0682,entity_0688,test
pair_005030,query,entity_0005,entity_0754,0,entity_0005,entity_0754,entity_0754,entity_0005,test
pair_005031,query,entity_0280,entity_0296,0,entity_0296,entity_0280,entity_0280,entity_0296,test
pair_005032,query,entity_0562,entity_0635,0,entity_0635,entity_0562,entity_0562,entity_0635,test
pair_005033,query,entity_0567,entity_0917,0,entity_0917,entity_0567,entity_0567,entity_0917,validation
pair_005034,query,entity_0890,entity_0979,0,entity_0979,entity_0890,entity_0890,entity_0979,test
pair_005035,query,entity_0035,entity_0750,0,entity_0750,entity_0035,entity_0035,entity_0750,validation
pair_005036,query,entity_0039,entity_0948,0,entity_0948,entity_0039,entity_0039,entity_0948,test
pair_005037,query,entity_0083,entity_0653,0,entity_0653,entity_0083,entity_0083,entity_0653,test
pair_005038,query,entity_0573,entity_0579,1,entity_0573,entity_0579,entity_0579,entity_0573,test
pair_005039,query,entity_0184,entity_0186,1,entity_0184,entity_0186,entity_0186,entity_0184,test
pair_005040,query,entity_0005,entity_0007,1,entity_0005,entity_0007,entity_0007,entity_0005,test
pair_005041,query,entity_0241,entity_0348,0,entity_0348,entity_0241,entity_0241,entity_0348,test
pair_005042,query,entity_0348,entity_0883,0,entity_0883,entity_0348,entity_0348,entity_0883,test
pair_005043,query,entity_0455,entity_0641,0,entity_0455,entity_0641,entity_0641,entity_0455,test
pair_005044,query,entity_0356,entity_0831,0,entity_0356,entity_0831,entity_0831,entity_0356,validation
pair_005045,query,entity_0011,entity_0013,1,entity_0011,entity_0013,entity_0013,entity_0011,test
pair_005046,query,entity_0662,entity_0752,0,entity_0662,entity_0752,entity_0752,entity_0662,test
pair_005047,query,entity_0394,entity_0792,0,entity_0394,entity_0792,entity_0792,entity_0394,test
pair_005048,query,entity_0312,entity_0688,0,entity_0688,entity_0312,entity_0312,entity_0688,test
pair_005049,query,entity_0631,entity_0632,1,entity_0632,entity_0631,entity_0631,entity_0632,test
pair_005050,query,entity_0456,entity_0460,1,entity_0456,entity_0460,entity_0460,entity_0456,validation
pair_005051,query,entity_0298,entity_0300,1,entity_0298,entity_0300,entity_0300,entity_0298,test
pair_005052,query,entity_0604,entity_0608,1,entity_0604,entity_0608,entity_0608,entity_0604,test
pair_005053,query,entity_0526,entity_0828,0,entity_0828,entity_0526,entity_0526,entity_0828,test
pair_005054,query,entity_0069,entity_0160,0,entity_0069,entity_0160,entity_0160,entity_0069,test
pair_005055,query,entity_0618,entity_0869,0,entity_0869,entity_0618,entity_0618,entity_0869,test
pair_005056,query,entity_0597,entity_0731,0,entity_0597,entity_0731,entity_0731,entity_0597,test
pair_005057,query,entity_0216,entity_0220,1,entity_0216,entity_0220,entity_0220,entity_0216,validation
pair_005058,query,entity_0203,entity_0763,0,entity_0203,entity_0763,entity_0763,entity_0203,test
pair_005059,query,entity_0036,entity_0040,1,entity_0036,entity_0040,entity_0040,entity_0036,test
pair_005060,query,entity_0462,entity_0578,0,entity_0578,entity_0462,entity_0462,entity_0578,test
pair_005061,query,entity_0427,entity_0908,0,entity_0427,entity_0908,entity_0908,entity_0427,test
pair_005062,query,entity_0161,entity_0169,1,entity_0161,entity_0169,entity_0169,entity_0161,test
pair_005063,query,entity_0292,entity_0298,1,entity_0298,entity_0292,entity_0292,entity_0298,test
pair_005064,query,entity_0822,entity_0828,1,entity_0822,entity_0828,entity_0828,entity_0822,test
pair_005065,query,entity_0311,entity_0320,1,entity_0311,entity_0320,entity_0320,entity_0311,test
pair_005066,query,entity_0524,entity_0528,1,entity_0524,entity_0528,entity_0528,entity_0524,test
pair_005067,query,entity_0171,entity_0996,0,entity_0171,entity_0996,entity_0996,entity_0171,test
pair_005068,query,entity_0869,entity_0991,0,entity_0869,entity_0991,entity_0991,entity_0869,validation
pair_005069,query,entity_0555,entity_0572,0,entity_0555,entity_0572,entity_0572,entity_0555,test
pair_005070,query,entity_0674,entity_0678,1,entity_0674,entity_0678,entity_0678,entity_0674,validation
pair_005071,query,entity_0787,entity_0790,1,entity_0790,entity_0787,entity_0787,entity_0790,test
pair_005072,query,entity_0688,entity_0689,1,entity_0689,entity_0688,entity_0688,entity_0689,test
pair_005073,query,entity_0774,entity_0927,0,entity_0927,entity_0774,entity_0774,entity_0927,test
pair_005074,query,entity_0121,entity_0130,1,entity_0130,entity_0121,entity_0121,entity_0130,test
pair_005075,query,entity_0327,entity_0699,0,entity_0699,entity_0327,entity_0327,entity_0699,test
pair_005076,query,entity_0469,entity_0499,0,entity_0469,entity_0499,entity_0499,entity_0469,test
pair_005077,query,entity_0311,entity_0524,0,entity_0524,entity_0311,entity_0311,entity_0524,test
pair_005078,query,entity_0861,entity_0862,1,entity_0862,entity_0861,entity_0861,entity_0862,test
pair_005079,query,entity_0304,entity_0306,1,entity_0306,entity_0304,entity_0304,entity_0306,test
pair_005080,query,entity_0013,entity_0018,1,entity_0013,entity_0018,entity_0018,entity_0013,test
pair_005081,query,entity_0931,entity_0934,1,entity_0934,entity_0931,entity_0931,entity_0934,test
pair_005082,query,entity_0913,entity_0918,1,entity_0913,entity_0918,entity_0918,entity_0913,test
pair_005083,query,entity_0274,entity_0807,0,entity_0807,entity_0274,entity_0274,entity_0807,test
pair_005084,query,entity_0696,entity_0700,1,entity_0696,entity_0700,entity_0700,entity_0696,test
pair_005085,query,entity_0851,entity_0860,1,entity_0860,entity_0851,entity_0851,entity_0860,test
pair_005086,query,entity_0952,entity_0959,1,entity_0959,entity_0952,entity_0952,entity_0959,validation
pair_005087,query,entity_0503,entity_0507,1,entity_0507,entity_0503,entity_0503,entity_0507,test
pair_005088,query,entity_0077,entity_0652,0,entity_0077,entity_0652,entity_0652,entity_0077,test
pair_005089,query,entity_0413,entity_0420,1,entity_0420,entity_0413,entity_0413,entity_0420,test
pair_005090,query,entity_0403,entity_0409,1,entity_0403,entity_0409,entity_0409,entity_0403,test
pair_005091,query,entity_0752,entity_0932,0,entity_0752,entity_0932,entity_0932,entity_0752,test
pair_005092,query,entity_0482,entity_0626,0,entity_0626,entity_0482,entity_0482,entity_0626,test
pair_005093,query,entity_0971,entity_0977,1,entity_0977,entity_0971,entity_0971,entity_0977,test
pair_005094,query,entity_0642,entity_0922,0,entity_0642,entity_0922,entity_0922,entity_0642,test
pair_005095,query,entity_0033,entity_0650,0,entity_0650,entity_0033,entity_0033,entity_0650,test
pair_005096,query,entity_0844,entity_0849,1,entity_0849,entity_0844,entity_0844,entity_0849,test
pair_005097,query,entity_0066,entity_0359,0,entity_0066,entity_0359,entity_0359,entity_0066,validation
pair_005098,query,entity_0261,entity_0287,0,entity_0287,entity_0261,entity_0261,entity_0287,test
pair_005099,query,entity_0975,entity_0979,1,entity_0979,entity_0975,entity_0975,entity_0979,test
pair_005100,query,entity_0289,entity_0378,0,entity_0289,entity_0378,entity_0378,entity_0289,validation
pair_005101,query,entity_0421,entity_0425,1,entity_0421,entity_0425,entity_0425,entity_0421,validation
pair_005102,query,entity_0440,entity_0746,0,entity_0746,entity_0440,entity_0440,entity_0746,test
pair_005103,query,entity_0054,entity_0990,0,entity_0054,entity_0990,entity_0990,entity_0054,test
pair_005104,query,entity_0064,entity_0067,1,entity_0067,entity_0064,entity_0064,entity_0067,test
pair_005105,query,entity_0221,entity_0230,1,entity_0230,entity_0221,entity_0221,entity_0230,test
pair_005106,query,entity_0094,entity_0690,0,entity_0690,entity_0094,entity_0094,entity_0690,test
pair_005107,query,entity_0012,entity_0014,1,entity_0012,entity_0014,entity_0014,entity_0012,validation
pair_005108,query,entity_0035,entity_0862,0,entity_0862,entity_0035,entity_0035,entity_0862,test
pair_005109,query,entity_0042,entity_0044,1,entity_0042,entity_0044,entity_0044,entity_0042,test
pair_005110,query,entity_0623,entity_0625,1,entity_0625,entity_0623,entity_0623,entity_0625,test
pair_005111,query,entity_0451,entity_0454,1,entity_0451,entity_0454,entity_0454,entity_0451,test
pair_005112,query,entity_0015,entity_0268,0,entity_0268,entity_0015,entity_0015,entity_0268,test
pair_005113,query,entity_0796,entity_0798,1,entity_0796,entity_0798,entity_0798,entity_0796,test
pair_005114,query,entity_0122,entity_0201,0,entity_0201,entity_0122,entity_0122,entity_0201,test
pair_005115,query,entity_0436,entity_0729,0,entity_0436,entity_0729,entity_0729,entity_0436,test
pair_005116,query,entity_0258,entity_0977,0,entity_0977,entity_0258,entity_0258,entity_0977,test
pair_005117,query,entity_0281,entity_0290,1,entity_0290,entity_0281,entity_0281,entity_0290,test
pair_005118,query,entity_0163,entity_0167,1,entity_0163,entity_0167,entity_0167,entity_0163,test
pair_005119,query,entity_0565,entity_0725,0,entity_0725,entity_0565,entity_0565,entity_0725,test
pair_005120,query,entity_0077,entity_0478,0,entity_0077,entity_0478,entity_0478,entity_0077,test
pair_005121,query,entity_0301,entity_0451,0,entity_0301,entity_0451,entity_0451,entity_0301,validation
pair_005122,query,entity_0882,entity_0884,1,entity_0882,entity_0884,entity_0884,entity_0882,test
pair_005123,query,entity_0763,entity_0872,0,entity_0763,entity_0872,entity_0872,entity_0763,test
pair_005124,query,entity_0145,entity_0353,0,entity_0353,entity_0145,entity_0145,entity_0353,validation
pair_005125,query,entity_0380,entity_0527,0,entity_0380,entity_0527,entity_0527,entity_0380,test
pair_005126,query,entity_0751,entity_0757,1,entity_0757,entity_0751,entity_0751,entity_0757,test
pair_005127,query,entity_0396,entity_0397,1,entity_0396,entity_0397,entity_0397,entity_0396,test
pair_005128,query,entity_0447,entity_0608,0,entity_0447,entity_0608,entity_0608,entity_0447,test
pair_005129,query,entity_0869,entity_0870,1,entity_0869,entity_0870,entity_0870,entity_0869,test
pair_005130,query,entity_0668,entity_0871,0,entity_0871,entity_0668,entity_0668,entity_0871,test
pair_005131,query,entity_0410,entity_0663,0,entity_0663,entity_0410,entity_0410,entity_0663,test
pair_005132,query,entity_0399,entity_0400,1,entity_0399,entity_0400,entity_0400,entity_0399,test
pair_005133,query,entity_0210,entity_0857,0,entity_0210,entity_0857,entity_0857,entity_0210,test
pair_005134,query,entity_0362,entity_0366,1,entity_0362,entity_0366,entity_0366,entity_0362,test
pair_005135,query,entity_0798,entity_0928,0,entity_0798,entity_0928,entity_0928,entity_0798,test
pair_005136,query,entity_0065,entity_0066,1,entity_0065,entity_0066,entity_0066,entity_0065,test
pair_005137,query,entity_0163,entity_0568,0,entity_0163,entity_0568,entity_0568,entity_0163,test
pair_005138,query,entity_0022,entity_0918,0,entity_0918,entity_0022,entity_0022,entity_0918,validation
pair_005139,query,entity_0136,entity_0972,0,entity_0136,entity_0972,entity_0972,entity_0136,test
pair_005140,query,entity_0313,entity_0314,1,entity_0313,entity_0314,entity_0314,entity_0313,validation
pair_005141,query,entity_0467,entity_0686,0,entity_0467,entity_0686,entity_0686,entity_0467,validation
pair_005142,query,entity_0664,entity_0665,1,entity_0664,entity_0665,entity_0665,entity_0664,validation
pair_005143,query,entity_0479,entity_0480,1,entity_0480,entity_0479,entity_0479,entity_0480,test
pair_005144,query,entity_0637,entity_0638,1,entity_0638,entity_0637,entity_0637,entity_0638,test
pair_005145,query,entity_0936,entity_0938,1,entity_0936,entity_0938,entity_0938,entity_0936,validation
pair_005146,query,entity_0383,entity_0918,0,entity_0383,entity_0918,entity_0918,entity_0383,test
pair_005147,query,entity_0213,entity_0220,1,entity_0220,entity_0213,entity_0213,entity_0220,test
pair_005148,query,entity_0084,entity_0086,1,entity_0086,entity_0084,entity_0084,entity_0086,validation
pair_005149,query,entity_0581,entity_0632,0,entity_0632,entity_0581,entity_0581,entity_0632,test
pair_005150,query,entity_0934,entity_0939,1,entity_0939,entity_0934,entity_0934,entity_0939,test
pair_005151,query,entity_0176,entity_0934,0,entity_0176,entity_0934,entity_0934,entity_0176,test
pair_005152,query,entity_0042,entity_0047,1,entity_0042,entity_0047,entity_0047,entity_0042,test
pair_005153,query,entity_0099,entity_0100,1,entity_0100,entity_0099,entity_0099,entity_0100,test
pair_005154,query,entity_0731,entity_0909,0,entity_0731,entity_0909,entity_0909,entity_0731,test
pair_005155,query,entity_0616,entity_0620,1,entity_0620,entity_0616,entity_0616,entity_0620,test
pair_005156,query,entity_0542,entity_0548,1,entity_0548,entity_0542,entity_0542,entity_0548,test
pair_005157,query,entity_0187,entity_0320,0,entity_0187,entity_0320,entity_0320,entity_0187,test
pair_005158,query,entity_0087,entity_0541,0,entity_0087,entity_0541,entity_0541,entity_0087,test
pair_005159,query,entity_0831,entity_0930,0,entity_0930,entity_0831,entity_0831,entity_0930,validation
pair_005160,query,entity_0351,entity_0360,1,entity_0351,entity_0360,entity_0360,entity_0351,validation
pair_005161,query,entity_0141,entity_0145,1,entity_0145,entity_0141,entity_0141,entity_0145,test
pair_005162,query,entity_0140,entity_0289,0,entity_0289,entity_0140,entity_0140,entity_0289,test
pair_005163,query,entity_0774,entity_0790,0,entity_0774,entity_0790,entity_0790,entity_0774,test
pair_005164,query,entity_0524,entity_0527,1,entity_0524,entity_0527,entity_0527,entity_0524,validation
pair_005165,query,entity_0007,entity_0491,0,entity_0007,entity_0491,entity_0491,entity_0007,test
pair_005166,query,entity_0125,entity_0126,1,entity_0125,entity_0126,entity_0126,entity_0125,test
pair_005167,query,entity_0747,entity_0748,1,entity_0748,entity_0747,entity_0747,entity_0748,test
pair_005168,query,entity_0315,entity_0320,1,entity_0315,entity_0320,entity_0320,entity_0315,test
pair_005169,query,entity_0546,entity_0910,0,entity_0910,entity_0546,entity_0546,entity_0910,test
pair_005170,query,entity_0860,entity_0923,0,entity_0923,entity_0860,entity_0860,entity_0923,validation
pair_005171,query,entity_0338,entity_0339,1,entity_0339,entity_0338,entity_0338,entity_0339,test
pair_005172,query,entity_0431,entity_0800,0,entity_0800,entity_0431,entity_0431,entity_0800,test
pair_005173,query,entity_0412,entity_0418,1,entity_0418,entity_0412,entity_0412,entity_0418,validation
pair_005174,query,entity_0371,entity_0372,1,entity_0372,entity_0371,entity_0371,entity_0372,validation
pair_005175,query,entity_0569,entity_0788,0,entity_0569,entity_0788,entity_0788,entity_0569,validation
pair_005176,query,entity_0747,entity_0749,1,entity_0749,entity_0747,entity_0747,entity_0749,validation
pair_005177,query,entity_0360,entity_0645,0,entity_0645,entity_0360,entity_0360,entity_0645,test
pair_005178,query,entity_0448,entity_0986,0,entity_0986,entity_0448,entity_0448,entity_0986,test
pair_005179,query,entity_0202,entity_0543,0,entity_0202,entity_0543,entity_0543,entity_0202,test
pair_005180,query,entity_0891,entity_0897,1,entity_0897,entity_0891,entity_0891,entity_0897,test
pair_005181,query,entity_0084,entity_1000,0,entity_1000,entity_0084,entity_0084,entity_1000,validation
pair_005182,query,entity_0828,entity_0919,0,entity_0828,entity_0919,entity_0919,entity_0828,validation
pair_005183,query,entity_0201,entity_0203,1,entity_0201,entity_0203,entity_0203,entity_0201,test
pair_005184,query,entity_0556,entity_0962,0,entity_0962,entity_0556,entity_0556,entity_0962,test
pair_005185,query,entity_0508,entity_0718,0,entity_0718,entity_0508,entity_0508,entity_0718,test
pair_005186,query,entity_0581,entity_0616,0,entity_0581,entity_0616,entity_0616,entity_0581,test
pair_005187,query,entity_0044,entity_0991,0,entity_0044,entity_0991,entity_0991,entity_0044,test
pair_005188,query,entity_0642,entity_0777,0,entity_0777,entity_0642,entity_0642,entity_0777,validation
pair_005189,query,entity_0832,entity_0836,1,entity_0836,entity_0832,entity_0832,entity_0836,test
pair_005190,query,entity_0175,entity_0683,0,entity_0683,entity_0175,entity_0175,entity_0683,test
pair_005191,query,entity_0413,entity_0414,1,entity_0414,entity_0413,entity_0413,entity_0414,test
pair_005192,query,entity_0545,entity_0546,1,entity_0546,entity_0545,entity_0545,entity_0546,test
pair_005193,query,entity_0542,entity_0624,0,entity_0542,entity_0624,entity_0624,entity_0542,test
pair_005194,query,entity_0525,entity_0528,1,entity_0528,entity_0525,entity_0525,entity_0528,test
pair_005195,query,entity_0359,entity_0731,0,entity_0359,entity_0731,entity_0731,entity_0359,test
pair_005196,query,entity_0086,entity_0485,0,entity_0086,entity_0485,entity_0485,entity_0086,test
pair_005197,query,entity_0005,entity_0872,0,entity_0872,entity_0005,entity_0005,entity_0872,test
pair_005198,query,entity_0130,entity_0485,0,entity_0485,entity_0130,entity_0130,entity_0485,test
pair_005199,query,entity_0340,entity_0433,0,entity_0340,entity_0433,entity_0433,entity_0340,test
pair_005200,query,entity_0787,entity_0789,1,entity_0787,entity_0789,entity_0789,entity_0787,test
pair_005201,query,entity_0012,entity_0018,1,entity_0012,entity_0018,entity_0018,entity_0012,validation
pair_005202,query,entity_0362,entity_0368,1,entity_0362,entity_0368,entity_0368,entity_0362,test
pair_005203,query,entity_0149,entity_0150,1,entity_0150,entity_0149,entity_0149,entity_0150,test
pair_005204,query,entity_0845,entity_0846,1,entity_0846,entity_0845,entity_0845,entity_0846,test
pair_005205,query,entity_0207,entity_0210,1,entity_0210,entity_0207,entity_0207,entity_0210,test
pair_005206,query,entity_0166,entity_0169,1,entity_0169,entity_0166,entity_0166,entity_0169,test
pair_005207,query,entity_0826,entity_0956,0,entity_0956,entity_0826,entity_0826,entity_0956,validation
pair_005208,query,entity_0476,entity_0480,1,entity_0476,entity_0480,entity_0480,entity_0476,test
pair_005209,query,entity_0221,entity_0890,0,entity_0221,entity_0890,entity_0890,entity_0221,test
pair_005210,query,entity_0648,entity_0649,1,entity_0648,entity_0649,entity_0649,entity_0648,test
pair_005211,query,entity_0095,entity_0098,1,entity_0095,entity_0098,entity_0098,entity_0095,test
pair_005212,query,entity_0921,entity_0922,1,entity_0922,entity_0921,entity_0921,entity_0922,test
pair_005213,query,entity_0064,entity_0157,0,entity_0064,entity_0157,entity_0157,entity_0064,test
pair_005214,query,entity_0695,entity_0980,0,entity_0980,entity_0695,entity_0695,entity_0980,validation
pair_005215,query,entity_0636,entity_0694,0,entity_0636,entity_0694,entity_0694,entity_0636,test
pair_005216,query,entity_0183,entity_0914,0,entity_0914,entity_0183,entity_0183,entity_0914,validation
pair_005217,query,entity_0163,entity_0341,0,entity_0163,entity_0341,entity_0341,entity_0163,test
pair_005218,query,entity_0783,entity_0914,0,entity_0783,entity_0914,entity_0914,entity_0783,test
pair_005219,query,entity_0015,entity_0644,0,entity_0015,entity_0644,entity_0644,entity_0015,test
pair_005220,query,entity_0125,entity_0445,0,entity_0445,entity_0125,entity_0125,entity_0445,test
pair_005221,query,entity_0330,entity_0388,0,entity_0388,entity_0330,entity_0330,entity_0388,test
pair_005222,query,entity_0430,entity_0664,0,entity_0664,entity_0430,entity_0430,entity_0664,validation
pair_005223,query,entity_0254,entity_0257,1,entity_0254,entity_0257,entity_0257,entity_0254,test
pair_005224,query,entity_0100,entity_0288,0,entity_0288,entity_0100,entity_0100,entity_0288,test
pair_005225,query,entity_0225,entity_0474,0,entity_0474,entity_0225,entity_0225,entity_0474,test
pair_005226,query,entity_0292,entity_0395,0,entity_0395,entity_0292,entity_0292,entity_0395,validation
pair_005227,query,entity_0647,entity_0650,1,entity_0650,entity_0647,entity_0647,entity_0650,test
pair_005228,query,entity_0591,entity_0592,1,entity_0591,entity_0592,entity_0592,entity_0591,test
pair_005229,query,entity_0905,entity_0906,1,entity_0906,entity_0905,entity_0905,entity_0906,test
pair_005230,query,entity_0821,entity_0828,1,entity_0828,entity_0821,entity_0821,entity_0828,test
pair_005231,query,entity_0461,entity_0462,1,entity_0461,entity_0462,entity_0462,entity_0461,test
pair_005232,query,entity_0011,entity_0020,1,entity_0020,entity_0011,entity_0011,entity_0020,validation
pair_005233,query,entity_0981,entity_0983,1,entity_0983,entity_0981,entity_0981,entity_0983,validation
pair_005234,query,entity_0612,entity_0613,1,entity_0613,entity_0612,entity_0612,entity_0613,test
pair_005235,query,entity_0082,entity_0910,0,entity_0910,entity_0082,entity_0082,entity_0910,test
pair_005236,query,entity_0257,entity_0259,1,entity_0257,entity_0259,entity_0259,entity_0257,validation
pair_005237,query,entity_0006,entity_0046,0,entity_0046,entity_0006,entity_0006,entity_0046,test
pair_005238,query,entity_0390,entity_0773,0,entity_0390,entity_0773,entity_0773,entity_0390,test
pair_005239,query,entity_0296,entity_0299,1,entity_0296,entity_0299,entity_0299,entity_0296,validation
pair_005240,query,entity_0664,entity_0927,0,entity_0664,entity_0927,entity_0927,entity_0664,test
pair_005241,query,entity_0081,entity_0087,1,entity_0081,entity_0087,entity_0087,entity_0081,test
pair_005242,query,entity_0473,entity_0810,0,entity_0473,entity_0810,entity_0810,entity_0473,test
pair_005243,query,entity_0549,entity_0650,0,entity_0549,entity_0650,entity_0650,entity_0549,test
pair_005244,query,entity_0507,entity_0508,1,entity_0508,entity_0507,entity_0507,entity_0508,test
pair_005245,query,entity_0122,entity_0124,1,entity_0122,entity_0124,entity_0124,entity_0122,test
pair_005246,query,entity_0255,entity_0841,0,entity_0255,entity_0841,entity_0841,entity_0255,test
pair_005247,query,entity_0708,entity_0712,0,entity_0708,entity_0712,entity_0712,entity_0708,test
pair_005248,query,entity_0755,entity_0871,0,entity_0871,entity_0755,entity_0755,entity_0871,test
pair_005249,query,entity_0329,entity_0565,0,entity_0565,entity_0329,entity_0329,entity_0565,test
pair_005250,query,entity_0270,entity_0322,0,entity_0322,entity_0270,entity_0270,entity_0322,test
pair_005251,query,entity_0273,entity_0592,0,entity_0273,entity_0592,entity_0592,entity_0273,test
pair_005252,query,entity_0421,entity_0426,1,entity_0426,entity_0421,entity_0421,entity_0426,test
pair_005253,query,entity_0026,entity_0577,0,entity_0026,entity_0577,entity_0577,entity_0026,test
pair_005254,query,entity_0631,entity_0639,1,entity_0639,entity_0631,entity_0631,entity_0639,test
pair_005255,query,entity_0224,entity_0227,1,entity_0224,entity_0227,entity_0227,entity_0224,test
pair_005256,query,entity_0406,entity_0987,0,entity_0987,entity_0406,entity_0406,entity_0987,validation
pair_005257,query,entity_0134,entity_0135,1,entity_0135,entity_0134,entity_0134,entity_0135,test
pair_005258,query,entity_0325,entity_0328,1,entity_0328,entity_0325,entity_0325,entity_0328,test
pair_005259,query,entity_0712,entity_0716,1,entity_0716,entity_0712,entity_0712,entity_0716,test
pair_005260,query,entity_0042,entity_0607,0,entity_0607,entity_0042,entity_0042,entity_0607,test
pair_005261,query,entity_0316,entity_0318,1,entity_0318,entity_0316,entity_0316,entity_0318,validation
pair_005262,query,entity_0834,entity_0929,0,entity_0929,entity_0834,entity_0834,entity_0929,test
pair_005263,query,entity_0852,entity_0855,1,entity_0855,entity_0852,entity_0852,entity_0855,test
pair_005264,query,entity_0846,entity_0849,1,entity_0846,entity_0849,entity_0849,entity_0846,test
pair_005265,query,entity_0152,entity_0160,1,entity_0152,entity_0160,entity_0160,entity_0152,test
pair_005266,query,entity_0208,entity_0503,0,entity_0208,entity_0503,entity_0503,entity_0208,test
pair_005267,query,entity_0081,entity_0084,1,entity_0081,entity_0084,entity_0084,entity_0081,test
pair_005268,query,entity_0423,entity_0429,1,entity_0423,entity_0429,entity_0429,entity_0423,test
pair_005269,query,entity_0370,entity_0927,0,entity_0370,entity_0927,entity_0927,entity_0370,validation
pair_005270,query,entity_0806,entity_0997,0,entity_0806,entity_0997,entity_0997,entity_0806,test
pair_005271,query,entity_0278,entity_0363,0,entity_0363,entity_0278,entity_0278,entity_0363,test
pair_005272,query,entity_0092,entity_0640,0,entity_0640,entity_0092,entity_0092,entity_0640,test
pair_005273,query,entity_0349,entity_0801,0,entity_0349,entity_0801,entity_0801,entity_0349,test
pair_005274,query,entity_0949,entity_0980,0,entity_0949,entity_0980,entity_0980,entity_0949,test
pair_005275,query,entity_0034,entity_0037,1,entity_0034,entity_0037,entity_0037,entity_0034,validation
pair_005276,query,entity_0526,entity_0892,0,entity_0526,entity_0892,entity_0892,entity_0526,test
pair_005277,query,entity_0466,entity_0954,0,entity_0466,entity_0954,entity_0954,entity_0466,test
pair_005278,query,entity_0522,entity_0527,1,entity_0527,entity_0522,entity_0522,entity_0527,test
pair_005279,query,entity_0236,entity_0696,0,entity_0236,entity_0696,entity_0696,entity_0236,test
pair_005280,query,entity_0195,entity_0217,0,entity_0195,entity_0217,entity_0217,entity_0195,test
pair_005281,query,entity_0610,entity_0718,0,entity_0610,entity_0718,entity_0718,entity_0610,test
pair_005282,query,entity_0568,entity_0570,1,entity_0568,entity_0570,entity_0570,entity_0568,test
pair_005283,query,entity_0341,entity_0344,1,entity_0344,entity_0341,entity_0341,entity_0344,test
pair_005284,query,entity_0205,entity_0207,1,entity_0207,entity_0205,entity_0205,entity_0207,test
pair_005285,query,entity_0186,entity_0874,0,entity_0186,entity_0874,entity_0874,entity_0186,test
pair_005286,query,entity_0210,entity_0879,0,entity_0879,entity_0210,entity_0210,entity_0879,test
pair_005287,query,entity_0775,entity_0777,1,entity_0775,entity_0777,entity_0777,entity_0775,test
pair_005288,query,entity_0226,entity_0230,1,entity_0226,entity_0230,entity_0230,entity_0226,test
pair_005289,query,entity_0131,entity_0957,0,entity_0957,entity_0131,entity_0131,entity_0957,test
pair_005290,query,entity_0014,entity_0017,1,entity_0014,entity_0017,entity_0017,entity_0014,validation
pair_005291,query,entity_0942,entity_0943,1,entity_0943,entity_0942,entity_0942,entity_0943,validation
pair_005292,query,entity_0229,entity_0230,1,entity_0229,entity_0230,entity_0230,entity_0229,test
pair_005293,query,entity_0157,entity_0158,1,entity_0157,entity_0158,entity_0158,entity_0157,test
pair_005294,query,entity_0702,entity_0707,1,entity_0702,entity_0707,entity_0707,entity_0702,test
pair_005295,query,entity_0438,entity_0808,0,entity_0808,entity_0438,entity_0438,entity_0808,test
pair_005296,query,entity_0912,entity_0919,1,entity_0912,entity_0919,entity_0919,entity_0912,validation
pair_005297,query,entity_0093,entity_0960,0,entity_0960,entity_0093,entity_0093,entity_0960,test
pair_005298,query,entity_0096,entity_0099,1,entity_0099,entity_0096,entity_0096,entity_0099,test
pair_005299,query,entity_0325,entity_0857,0,entity_0325,entity_0857,entity_0857,entity_0325,test
pair_005300,query,entity_0492,entity_0497,1,entity_0497,entity_0492,entity_0492,entity_0497,test
pair_005301,query,entity_0408,entity_0421,0,entity_0408,entity_0421,entity_0421,entity_0408,test
pair_005302,query,entity_0783,entity_0789,1,entity_0789,entity_0783,entity_0783,entity_0789,test
pair_005303,query,entity_0602,entity_0607,1,entity_0607,entity_0602,entity_0602,entity_0607,test
pair_005304,query,entity_0132,entity_0133,1,entity_0133,entity_0132,entity_0132,entity_0133,test
pair_005305,query,entity_0764,entity_0767,1,entity_0767,entity_0764,entity_0764,entity_0767,test
pair_005306,query,entity_0148,entity_0158,0,entity_0158,entity_0148,entity_0148,entity_0158,test
pair_005307,query,entity_0044,entity_0529,0,entity_0529,entity_0044,entity_0044,entity_0529,test
pair_005308,query,entity_0017,entity_0749,0,entity_0749,entity_0017,entity_0017,entity_0749,test
pair_005309,query,entity_0263,entity_0266,1,entity_0263,entity_0266,entity_0266,entity_0263,test
pair_005310,query,entity_0229,entity_0620,0,entity_0229,entity_0620,entity_0620,entity_0229,test
pair_005311,query,entity_0912,entity_0920,1,entity_0912,entity_0920,entity_0920,entity_0912,test
pair_005312,query,entity_0585,entity_0590,1,entity_0590,entity_0585,entity_0585,entity_0590,test
pair_005313,query,entity_0704,entity_0709,1,entity_0704,entity_0709,entity_0709,entity_0704,test
pair_005314,query,entity_0466,entity_0467,1,entity_0467,entity_0466,entity_0466,entity_0467,test
pair_005315,query,entity_0234,entity_0239,1,entity_0234,entity_0239,entity_0239,entity_0234,validation
pair_005316,query,entity_0169,entity_0170,1,entity_0169,entity_0170,entity_0170,entity_0169,test
pair_005317,query,entity_0597,entity_0686,0,entity_0597,entity_0686,entity_0686,entity_0597,test
pair_005318,query,entity_0984,entity_0990,1,entity_0984,entity_0990,entity_0990,entity_0984,validation
pair_005319,query,entity_0155,entity_0156,1,entity_0156,entity_0155,entity_0155,entity_0156,test
pair_005320,query,entity_0798,entity_0800,1,entity_0798,entity_0800,entity_0800,entity_0798,test
pair_005321,query,entity_0341,entity_0345,1,entity_0341,entity_0345,entity_0345,entity_0341,test
pair_005322,query,entity_0151,entity_0154,1,entity_0151,entity_0154,entity_0154,entity_0151,test
pair_005323,query,entity_0085,entity_0897,0,entity_0085,entity_0897,entity_0897,entity_0085,test
pair_005324,query,entity_0087,entity_0252,0,entity_0252,entity_0087,entity_0087,entity_0252,test
pair_005325,query,entity_0172,entity_0176,1,entity_0172,entity_0176,entity_0176,entity_0172,test
pair_005326,query,entity_0220,entity_0525,0,entity_0525,entity_0220,entity_0220,entity_0525,validation
pair_005327,query,entity_0443,entity_0448,1,entity_0448,entity_0443,entity_0443,entity_0448,test
pair_005328,query,entity_0642,entity_0650,1,entity_0642,entity_0650,entity_0650,entity_0642,validation
pair_005329,query,entity_0091,entity_0097,1,entity_0097,entity_0091,entity_0091,entity_0097,test
pair_005330,query,entity_0586,entity_0588,1,entity_0586,entity_0588,entity_0588,entity_0586,test
pair_005331,query,entity_0921,entity_0928,1,entity_0928,entity_0921,entity_0921,entity_0928,validation
pair_005332,query,entity_0915,entity_0918,1,entity_0918,entity_0915,entity_0915,entity_0918,test
pair_005333,query,entity_0809,entity_0810,1,entity_0809,entity_0810,entity_0810,entity_0809,test
pair_005334,query,entity_0749,entity_0769,0,entity_0749,entity_0769,entity_0769,entity_0749,test
pair_005335,query,entity_0173,entity_0642,0,entity_0173,entity_0642,entity_0642,entity_0173,test
pair_005336,query,entity_0296,entity_1000,0,entity_0296,entity_1000,entity_1000,entity_0296,test
pair_005337,query,entity_0733,entity_0734,1,entity_0733,entity_0734,entity_0734,entity_0733,test
pair_005338,query,entity_0062,entity_0201,0,entity_0062,entity_0201,entity_0201,entity_0062,test
pair_005339,query,entity_0743,entity_0747,1,entity_0743,entity_0747,entity_0747,entity_0743,test
pair_005340,query,entity_0804,entity_0973,0,entity_0804,entity_0973,entity_0973,entity_0804,test
pair_005341,query,entity_0298,entity_0299,1,entity_0299,entity_0298,entity_0298,entity_0299,test
pair_005342,query,entity_0992,entity_0994,1,entity_0992,entity_0994,entity_0994,entity_0992,test
pair_005343,query,entity_0363,entity_0369,1,entity_0369,entity_0363,entity_0363,entity_0369,test
pair_005344,query,entity_0637,entity_0640,1,entity_0640,entity_0637,entity_0637,entity_0640,test
pair_005345,query,entity_0381,entity_0383,1,entity_0381,entity_0383,entity_0383,entity_0381,test
pair_005346,query,entity_0264,entity_0861,0,entity_0264,entity_0861,entity_0861,entity_0264,test
pair_005347,query,entity_0762,entity_0767,1,entity_0767,entity_0762,entity_0762,entity_0767,test
pair_005348,query,entity_0672,entity_0675,1,entity_0675,entity_0672,entity_0672,entity_0675,validation
pair_005349,query,entity_0059,entity_0413,0,entity_0059,entity_0413,entity_0413,entity_0059,test
pair_005350,query,entity_0453,entity_0457,1,entity_0453,entity_0457,entity_0457,entity_0453,test
pair_005351,query,entity_0001,entity_0819,0,entity_0001,entity_0819,entity_0819,entity_0001,test
pair_005352,query,entity_0716,entity_0934,0,entity_0716,entity_0934,entity_0934,entity_0716,test
pair_005353,query,entity_0049,entity_0167,0,entity_0049,entity_0167,entity_0167,entity_0049,test
pair_005354,query,entity_0215,entity_0446,0,entity_0215,entity_0446,entity_0446,entity_0215,test
pair_005355,query,entity_0248,entity_0647,0,entity_0248,entity_0647,entity_0647,entity_0248,test
pair_005356,query,entity_0064,entity_0426,0,entity_0064,entity_0426,entity_0426,entity_0064,test
pair_005357,query,entity_0185,entity_0190,1,entity_0190,entity_0185,entity_0185,entity_0190,validation
pair_005358,query,entity_0490,entity_0734,0,entity_0734,entity_0490,entity_0490,entity_0734,test
pair_005359,query,entity_0591,entity_0597,1,entity_0597,entity_0591,entity_0591,entity_0597,test
pair_005360,query,entity_0012,entity_0013,1,entity_0013,entity_0012,entity_0012,entity_0013,test
pair_005361,query,entity_0595,entity_0599,1,entity_0595,entity_0599,entity_0599,entity_0595,test
pair_005362,query,entity_0002,entity_0805,0,entity_0002,entity_0805,entity_0805,entity_0002,test
pair_005363,query,entity_0141,entity_0142,1,entity_0141,entity_0142,entity_0142,entity_0141,test
pair_005364,query,entity_0900,entity_0921,0,entity_0921,entity_0900,entity_0900,entity_0921,validation
pair_005365,query,entity_0277,entity_0653,0,entity_0653,entity_0277,entity_0277,entity_0653,test
pair_005366,query,entity_0132,entity_0956,0,entity_0132,entity_0956,entity_0956,entity_0132,test
pair_005367,query,entity_0365,entity_0563,0,entity_0563,entity_0365,entity_0365,entity_0563,test
pair_005368,query,entity_0671,entity_0694,0,entity_0694,entity_0671,entity_0671,entity_0694,test
pair_005369,query,entity_0297,entity_0519,0,entity_0297,entity_0519,entity_0519,entity_0297,test
pair_005370,query,entity_0031,entity_0637,0,entity_0031,entity_0637,entity_0637,entity_0031,validation
pair_005371,query,entity_0051,entity_0059,1,entity_0059,entity_0051,entity_0051,entity_0059,test
pair_005372,query,entity_0888,entity_0889,1,entity_0889,entity_0888,entity_0888,entity_0889,test
pair_005373,query,entity_0083,entity_0265,0,entity_0083,entity_0265,entity_0265,entity_0083,test
pair_005374,query,entity_0551,entity_0560,1,entity_0551,entity_0560,entity_0560,entity_0551,validation
pair_005375,query,entity_0204,entity_0993,0,entity_0993,entity_0204,entity_0204,entity_0993,test
pair_005376,query,entity_0672,entity_0678,1,entity_0672,entity_0678,entity_0678,entity_0672,test
pair_005377,query,entity_0154,entity_0414,0,entity_0414,entity_0154,entity_0154,entity_0414,test
pair_005378,query,entity_0657,entity_0660,1,entity_0657,entity_0660,entity_0660,entity_0657,test
pair_005379,query,entity_0344,entity_0350,1,entity_0350,entity_0344,entity_0344,entity_0350,test
pair_005380,query,entity_0071,entity_0076,1,entity_0071,entity_0076,entity_0076,entity_0071,test
pair_005381,query,entity_0333,entity_0972,0,entity_0972,entity_0333,entity_0333,entity_0972,test
pair_005382,query,entity_0672,entity_0676,1,entity_0676,entity_0672,entity_0672,entity_0676,test
pair_005383,query,entity_0453,entity_0949,0,entity_0949,entity_0453,entity_0453,entity_0949,test
pair_005384,query,entity_0585,entity_0589,1,entity_0585,entity_0589,entity_0589,entity_0585,validation
pair_005385,query,entity_0352,entity_0354,1,entity_0352,entity_0354,entity_0354,entity_0352,test
pair_005386,query,entity_0703,entity_0708,1,entity_0703,entity_0708,entity_0708,entity_0703,test
pair_005387,query,entity_0604,entity_0855,0,entity_0604,entity_0855,entity_0855,entity_0604,test
pair_005388,query,entity_0363,entity_0364,1,entity_0363,entity_0364,entity_0364,entity_0363,test
pair_005389,query,entity_0594,entity_0605,0,entity_0605,entity_0594,entity_0594,entity_0605,test
pair_005390,query,entity_0197,entity_0199,1,entity_0199,entity_0197,entity_0197,entity_0199,test
pair_005391,query,entity_0473,entity_0478,1,entity_0478,entity_0473,entity_0473,entity_0478,validation
pair_005392,query,entity_0143,entity_0230,0,entity_0143,entity_0230,entity_0230,entity_0143,validation
pair_005393,query,entity_0291,entity_0838,0,entity_0291,entity_0838,entity_0838,entity_0291,test
pair_005394,query,entity_0597,entity_0598,1,entity_0598,entity_0597,entity_0597,entity_0598,validation
pair_005395,query,entity_0755,entity_0825,0,entity_0755,entity_0825,entity_0825,entity_0755,test
pair_005396,query,entity_0687,entity_0690,1,entity_0690,entity_0687,entity_0687,entity_0690,test
pair_005397,query,entity_0225,entity_0227,1,entity_0227,entity_0225,entity_0225,entity_0227,test
pair_005398,query,entity_0245,entity_0250,1,entity_0245,entity_0250,entity_0250,entity_0245,test
pair_005399,query,entity_0327,entity_0652,0,entity_0327,entity_0652,entity_0652,entity_0327,test
pair_005400,query,entity_0322,entity_0326,1,entity_0322,entity_0326,entity_0326,entity_0322,validation
pair_005401,query,entity_0412,entity_0415,1,entity_0412,entity_0415,entity_0415,entity_0412,test
pair_005402,query,entity_0347,entity_0721,0,entity_0721,entity_0347,entity_0347,entity_0721,test
pair_005403,query,entity_0210,entity_0414,0,entity_0414,entity_0210,entity_0210,entity_0414,test
pair_005404,query,entity_0039,entity_0579,0,entity_0039,entity_0579,entity_0579,entity_0039,test
pair_005405,query,entity_0134,entity_0598,0,entity_0134,entity_0598,entity_0598,entity_0134,test
pair_005406,query,entity_0375,entity_0380,1,entity_0380,entity_0375,entity_0375,entity_0380,test
pair_005407,query,entity_0164,entity_0169,1,entity_0164,entity_0169,entity_0169,entity_0164,validation
pair_005408,query,entity_0062,entity_0955,0,entity_0062,entity_0955,entity_0955,entity_0062,test
pair_005409,query,entity_0886,entity_0908,0,entity_0908,entity_0886,entity_0886,entity_0908,test
pair_005410,query,entity_0155,entity_0643,0,entity_0643,entity_0155,entity_0155,entity_0643,test
pair_005411,query,entity_0216,entity_0615,0,entity_0615,entity_0216,entity_0216,entity_0615,validation
pair_005412,query,entity_0761,entity_0801,0,entity_0761,entity_0801,entity_0801,entity_0761,test
pair_005413,query,entity_0749,entity_0750,1,entity_0749,entity_0750,entity_0750,entity_0749,test
pair_005414,query,entity_0094,entity_0095,1,entity_0095,entity_0094,entity_0094,entity_0095,test
pair_005415,query,entity_0132,entity_0134,1,entity_0132,entity_0134,entity_0134,entity_0132,test
pair_005416,query,entity_0368,entity_0717,0,entity_0368,entity_0717,entity_0717,entity_0368,test
pair_005417,query,entity_0868,entity_0989,0,entity_0868,entity_0989,entity_0989,entity_0868,test
pair_005418,query,entity_0276,entity_0278,1,entity_0276,entity_0278,entity_0278,entity_0276,test
pair_005419,query,entity_0466,entity_0469,1,entity_0466,entity_0469,entity_0469,entity_0466,test
pair_005420,query,entity_0291,entity_0296,1,entity_0296,entity_0291,entity_0291,entity_0296,validation
pair_005421,query,entity_0936,entity_0940,1,entity_0940,entity_0936,entity_0936,entity_0940,test
pair_005422,query,entity_0912,entity_0941,0,entity_0912,entity_0941,entity_0941,entity_0912,validation
pair_005423,query,entity_0412,entity_0413,1,entity_0412,entity_0413,entity_0413,entity_0412,test
pair_005424,query,entity_0122,entity_0128,1,entity_0128,entity_0122,entity_0122,entity_0128,test
pair_005425,query,entity_0285,entity_0508,0,entity_0285,entity_0508,entity_0508,entity_0285,test
pair_005426,query,entity_0581,entity_0583,1,entity_0583,entity_0581,entity_0581,entity_0583,test
pair_005427,query,entity_0062,entity_0065,1,entity_0062,entity_0065,entity_0065,entity_0062,test
pair_005428,query,entity_0080,entity_0490,0,entity_0080,entity_0490,entity_0490,entity_0080,validation
pair_005429,query,entity_0291,entity_0295,1,entity_0291,entity_0295,entity_0295,entity_0291,test
pair_005430,query,entity_0403,entity_0404,1,entity_0403,entity_0404,entity_0404,entity_0403,test
pair_005431,query,entity_0718,entity_0719,1,entity_0718,entity_0719,entity_0719,entity_0718,test
pair_005432,query,entity_0021,entity_0023,1,entity_0023,entity_0021,entity_0021,entity_0023,validation
pair_005433,query,entity_0887,entity_0888,1,entity_0888,entity_0887,entity_0887,entity_0888,validation
pair_005434,query,entity_0915,entity_0979,0,entity_0915,entity_0979,entity_0979,entity_0915,test
pair_005435,query,entity_0696,entity_0746,0,entity_0696,entity_0746,entity_0746,entity_0696,validation
pair_005436,query,entity_0134,entity_0922,0,entity_0922,entity_0134,entity_0134,entity_0922,test
pair_005437,query,entity_0094,entity_0666,0,entity_0094,entity_0666,entity_0666,entity_0094,test
pair_005438,query,entity_0002,entity_0143,0,entity_0002,entity_0143,entity_0143,entity_0002,test
pair_005439,query,entity_0132,entity_0138,1,entity_0138,entity_0132,entity_0132,entity_0138,test
pair_005440,query,entity_0674,entity_0961,0,entity_0674,entity_0961,entity_0961,entity_0674,test
pair_005441,query,entity_0829,entity_0887,0,entity_0829,entity_0887,entity_0887,entity_0829,test
pair_005442,query,entity_0926,entity_0929,1,entity_0926,entity_0929,entity_0929,entity_0926,validation
pair_005443,query,entity_0991,entity_0994,1,entity_0994,entity_0991,entity_0991,entity_0994,test
pair_005444,query,entity_0786,entity_0938,0,entity_0938,entity_0786,entity_0786,entity_0938,test
pair_005445,query,entity_0626,entity_0630,1,entity_0626,entity_0630,entity_0630,entity_0626,test
pair_005446,query,entity_0557,entity_0558,1,entity_0557,entity_0558,entity_0558,entity_0557,test
pair_005447,query,entity_0662,entity_0964,0,entity_0662,entity_0964,entity_0964,entity_0662,validation
pair_005448,query,entity_0646,entity_0648,1,entity_0648,entity_0646,entity_0646,entity_0648,test
pair_005449,query,entity_0599,entity_0659,0,entity_0599,entity_0659,entity_0659,entity_0599,test
pair_005450,query,entity_0243,entity_0248,1,entity_0243,entity_0248,entity_0248,entity_0243,test
pair_005451,query,entity_0261,entity_0264,1,entity_0264,entity_0261,entity_0261,entity_0264,test
pair_005452,query,entity_0147,entity_0150,1,entity_0150,entity_0147,entity_0147,entity_0150,validation
pair_005453,query,entity_0343,entity_0350,1,entity_0343,entity_0350,entity_0350,entity_0343,validation
pair_005454,query,entity_0077,entity_0914,0,entity_0077,entity_0914,entity_0914,entity_0077,validation
pair_005455,query,entity_0706,entity_0710,1,entity_0710,entity_0706,entity_0706,entity_0710,test
pair_005456,query,entity_0905,entity_0908,1,entity_0905,entity_0908,entity_0908,entity_0905,test
pair_005457,query,entity_0060,entity_0660,0,entity_0060,entity_0660,entity_0660,entity_0060,test
pair_005458,query,entity_0048,entity_0449,0,entity_0048,entity_0449,entity_0449,entity_0048,test
pair_005459,query,entity_0430,entity_0918,0,entity_0430,entity_0918,entity_0918,entity_0430,test
pair_005460,query,entity_0643,entity_0644,1,entity_0644,entity_0643,entity_0643,entity_0644,test
pair_005461,query,entity_0147,entity_0470,0,entity_0470,entity_0147,entity_0147,entity_0470,test
pair_005462,query,entity_0935,entity_0936,1,entity_0936,entity_0935,entity_0935,entity_0936,test
pair_005463,query,entity_0051,entity_0053,1,entity_0051,entity_0053,entity_0053,entity_0051,test
pair_005464,query,entity_0516,entity_0770,0,entity_0770,entity_0516,entity_0516,entity_0770,test
pair_005465,query,entity_0491,entity_0496,1,entity_0496,entity_0491,entity_0491,entity_0496,test
pair_005466,query,entity_0116,entity_0963,0,entity_0963,entity_0116,entity_0116,entity_0963,test
pair_005467,query,entity_0715,entity_0776,0,entity_0776,entity_0715,entity_0715,entity_0776,test
pair_005468,query,entity_0471,entity_0475,1,entity_0475,entity_0471,entity_0471,entity_0475,test
pair_005469,query,entity_0145,entity_0418,0,entity_0418,entity_0145,entity_0145,entity_0418,validation
pair_005470,query,entity_0805,entity_0807,1,entity_0807,entity_0805,entity_0805,entity_0807,test
pair_005471,query,entity_0619,entity_0888,0,entity_0888,entity_0619,entity_0619,entity_0888,test
pair_005472,query,entity_0234,entity_0240,1,entity_0240,entity_0234,entity_0234,entity_0240,test
pair_005473,query,entity_0034,entity_0714,0,entity_0714,entity_0034,entity_0034,entity_0714,test
pair_005474,query,entity_0092,entity_0095,1,entity_0092,entity_0095,entity_0095,entity_0092,test
pair_005475,query,entity_0063,entity_0395,0,entity_0395,entity_0063,entity_0063,entity_0395,test
pair_005476,query,entity_0202,entity_0208,1,entity_0202,entity_0208,entity_0208,entity_0202,test
pair_005477,query,entity_0713,entity_0714,1,entity_0714,entity_0713,entity_0713,entity_0714,test
pair_005478,query,entity_0973,entity_0975,1,entity_0975,entity_0973,entity_0973,entity_0975,test
pair_005479,query,entity_0035,entity_0976,0,entity_0976,entity_0035,entity_0035,entity_0976,test
pair_005480,query,entity_0323,entity_0324,1,entity_0324,entity_0323,entity_0323,entity_0324,validation
pair_005481,query,entity_0387,entity_0389,1,entity_0387,entity_0389,entity_0389,entity_0387,test
pair_005482,query,entity_0042,entity_0597,0,entity_0597,entity_0042,entity_0042,entity_0597,test
pair_005483,query,entity_0814,entity_0818,1,entity_0818,entity_0814,entity_0814,entity_0818,test
pair_005484,query,entity_0004,entity_0376,0,entity_0376,entity_0004,entity_0004,entity_0376,test
pair_005485,query,entity_0791,entity_0798,1,entity_0791,entity_0798,entity_0798,entity_0791,test
pair_005486,query,entity_0484,entity_0849,0,entity_0484,entity_0849,entity_0849,entity_0484,validation
pair_005487,query,entity_0291,entity_0299,1,entity_0291,entity_0299,entity_0299,entity_0291,test
pair_005488,query,entity_0049,entity_0141,0,entity_0049,entity_0141,entity_0141,entity_0049,validation
pair_005489,query,entity_0236,entity_0615,0,entity_0615,entity_0236,entity_0236,entity_0615,test
pair_005490,query,entity_0165,entity_0537,0,entity_0165,entity_0537,entity_0537,entity_0165,validation
pair_005491,query,entity_0834,entity_0836,1,entity_0836,entity_0834,entity_0834,entity_0836,validation
pair_005492,query,entity_0798,entity_0799,1,entity_0798,entity_0799,entity_0799,entity_0798,validation
pair_005493,query,entity_0482,entity_0775,0,entity_0482,entity_0775,entity_0775,entity_0482,test
pair_005494,query,entity_0312,entity_0317,1,entity_0317,entity_0312,entity_0312,entity_0317,validation
pair_005495,query,entity_0171,entity_0179,1,entity_0171,entity_0179,entity_0179,entity_0171,test
pair_005496,query,entity_0681,entity_0686,1,entity_0681,entity_0686,entity_0686,entity_0681,test
pair_005497,query,entity_0214,entity_0215,1,entity_0215,entity_0214,entity_0214,entity_0215,test
pair_005498,query,entity_0034,entity_0040,1,entity_0040,entity_0034,entity_0034,entity_0040,test
pair_005499,query,entity_0488,entity_0490,1,entity_0488,entity_0490,entity_0490,entity_0488,test
pair_005500,query,entity_0201,entity_0663,0,entity_0663,entity_0201,entity_0201,entity_0663,test
pair_005501,query,entity_0479,entity_0647,0,entity_0479,entity_0647,entity_0647,entity_0479,test
pair_005502,query,entity_0782,entity_0971,0,entity_0782,entity_0971,entity_0971,entity_0782,test
pair_005503,query,entity_0601,entity_0608,1,entity_0601,entity_0608,entity_0608,entity_0601,test
pair_005504,query,entity_0061,entity_0602,0,entity_0602,entity_0061,entity_0061,entity_0602,test
pair_005505,query,entity_0513,entity_0519,1,entity_0519,entity_0513,entity_0513,entity_0519,test
pair_005506,query,entity_0006,entity_0009,1,entity_0009,entity_0006,entity_0006,entity_0009,test
pair_005507,query,entity_0295,entity_0613,0,entity_0613,entity_0295,entity_0295,entity_0613,test
pair_005508,query,entity_0982,entity_0990,1,entity_0982,entity_0990,entity_0990,entity_0982,test
pair_005509,query,entity_0479,entity_0730,0,entity_0730,entity_0479,entity_0479,entity_0730,test
pair_005510,query,entity_0715,entity_0766,0,entity_0766,entity_0715,entity_0715,entity_0766,test
pair_005511,query,entity_0624,entity_0626,1,entity_0624,entity_0626,entity_0626,entity_0624,test
pair_005512,query,entity_0292,entity_0688,0,entity_0688,entity_0292,entity_0292,entity_0688,test
pair_005513,query,entity_0901,entity_0903,1,entity_0903,entity_0901,entity_0901,entity_0903,test
pair_005514,query,entity_0613,entity_0619,1,entity_0619,entity_0613,entity_0613,entity_0619,test
pair_005515,query,entity_0519,entity_0668,0,entity_0519,entity_0668,entity_0668,entity_0519,test
pair_005516,query,entity_0170,entity_0976,0,entity_0170,entity_0976,entity_0976,entity_0170,test
pair_005517,query,entity_0145,entity_0322,0,entity_0145,entity_0322,entity_0322,entity_0145,test
pair_005518,query,entity_0664,entity_0670,1,entity_0664,entity_0670,entity_0670,entity_0664,validation
pair_005519,query,entity_0546,entity_0550,1,entity_0546,entity_0550,entity_0550,entity_0546,validation
pair_005520,query,entity_0414,entity_0415,1,entity_0414,entity_0415,entity_0415,entity_0414,test
pair_005521,query,entity_0122,entity_0913,0,entity_0913,entity_0122,entity_0122,entity_0913,test
pair_005522,query,entity_0733,entity_0738,1,entity_0733,entity_0738,entity_0738,entity_0733,test
pair_005523,query,entity_0024,entity_0180,0,entity_0180,entity_0024,entity_0024,entity_0180,test
pair_005524,query,entity_0507,entity_0685,0,entity_0685,entity_0507,entity_0507,entity_0685,test
pair_005525,query,entity_0416,entity_0645,0,entity_0645,entity_0416,entity_0416,entity_0645,test
pair_005526,query,entity_0765,entity_0769,1,entity_0765,entity_0769,entity_0769,entity_0765,test
pair_005527,query,entity_0714,entity_0716,1,entity_0716,entity_0714,entity_0714,entity_0716,test
pair_005528,query,entity_0341,entity_0558,0,entity_0341,entity_0558,entity_0558,entity_0341,validation
pair_005529,query,entity_0088,entity_0832,0,entity_0832,entity_0088,entity_0088,entity_0832,test
pair_005530,query,entity_0046,entity_0565,0,entity_0046,entity_0565,entity_0565,entity_0046,test
pair_005531,query,entity_0106,entity_0169,0,entity_0169,entity_0106,entity_0106,entity_0169,test
pair_005532,query,entity_0464,entity_0897,0,entity_0464,entity_0897,entity_0897,entity_0464,test
pair_005533,query,entity_0403,entity_0884,0,entity_0403,entity_0884,entity_0884,entity_0403,test
pair_005534,query,entity_0544,entity_0637,0,entity_0544,entity_0637,entity_0637,entity_0544,test
pair_005535,query,entity_0522,entity_0995,0,entity_0522,entity_0995,entity_0995,entity_0522,validation
pair_005536,query,entity_0106,entity_0107,1,entity_0107,entity_0106,entity_0106,entity_0107,test
pair_005537,query,entity_0725,entity_0905,0,entity_0905,entity_0725,entity_0725,entity_0905,test
pair_005538,query,entity_0234,entity_0754,0,entity_0754,entity_0234,entity_0234,entity_0754,test
pair_005539,query,entity_0532,entity_0534,1,entity_0532,entity_0534,entity_0534,entity_0532,test
pair_005540,query,entity_0349,entity_0622,0,entity_0349,entity_0622,entity_0622,entity_0349,validation
pair_005541,query,entity_0146,entity_0987,0,entity_0146,entity_0987,entity_0987,entity_0146,validation
pair_005542,query,entity_0587,entity_0590,1,entity_0590,entity_0587,entity_0587,entity_0590,validation
pair_005543,query,entity_0798,entity_0883,0,entity_0798,entity_0883,entity_0883,entity_0798,validation
pair_005544,query,entity_0111,entity_0119,1,entity_0119,entity_0111,entity_0111,entity_0119,test
pair_005545,query,entity_0172,entity_0173,1,entity_0173,entity_0172,entity_0172,entity_0173,test
pair_005546,query,entity_0534,entity_0536,1,entity_0536,entity_0534,entity_0534,entity_0536,validation
pair_005547,query,entity_0113,entity_0678,0,entity_0113,entity_0678,entity_0678,entity_0113,test
pair_005548,query,entity_0559,entity_0560,1,entity_0559,entity_0560,entity_0560,entity_0559,test
pair_005549,query,entity_0231,entity_0786,0,entity_0231,entity_0786,entity_0786,entity_0231,validation
pair_005550,query,entity_0123,entity_0145,0,entity_0123,entity_0145,entity_0145,entity_0123,test
pair_005551,query,entity_0140,entity_0846,0,entity_0140,entity_0846,entity_0846,entity_0140,test
pair_005552,query,entity_0579,entity_0702,0,entity_0579,entity_0702,entity_0702,entity_0579,test
pair_005553,query,entity_0728,entity_0906,0,entity_0906,entity_0728,entity_0728,entity_0906,test
pair_005554,query,entity_0771,entity_0927,0,entity_0771,entity_0927,entity_0927,entity_0771,validation
pair_005555,query,entity_0743,entity_0750,1,entity_0743,entity_0750,entity_0750,entity_0743,validation
pair_005556,query,entity_0303,entity_0500,0,entity_0303,entity_0500,entity_0500,entity_0303,test
pair_005557,query,entity_0123,entity_0863,0,entity_0863,entity_0123,entity_0123,entity_0863,test
pair_005558,query,entity_0291,entity_0298,1,entity_0298,entity_0291,entity_0291,entity_0298,test
pair_005559,query,entity_0421,entity_0424,1,entity_0421,entity_0424,entity_0424,entity_0421,test
pair_005560,query,entity_0743,entity_0745,1,entity_0745,entity_0743,entity_0743,entity_0745,test
pair_005561,query,entity_0058,entity_0672,0,entity_0058,entity_0672,entity_0672,entity_0058,test
pair_005562,query,entity_0324,entity_0525,0,entity_0324,entity_0525,entity_0525,entity_0324,test
pair_005563,query,entity_0140,entity_0456,0,entity_0456,entity_0140,entity_0140,entity_0456,test
pair_005564,query,entity_0712,entity_0719,1,entity_0712,entity_0719,entity_0719,entity_0712,validation
pair_005565,query,entity_0253,entity_0254,1,entity_0253,entity_0254,entity_0254,entity_0253,test
pair_005566,query,entity_0074,entity_0080,1,entity_0080,entity_0074,entity_0074,entity_0080,test
pair_005567,query,entity_0872,entity_0873,1,entity_0873,entity_0872,entity_0872,entity_0873,validation
pair_005568,query,entity_0357,entity_0359,1,entity_0359,entity_0357,entity_0357,entity_0359,validation
pair_005569,query,entity_0158,entity_0917,0,entity_0917,entity_0158,entity_0158,entity_0917,test
pair_005570,query,entity_0028,entity_0503,0,entity_0503,entity_0028,entity_0028,entity_0503,test
pair_005571,query,entity_0280,entity_0812,0,entity_0812,entity_0280,entity_0280,entity_0812,test
pair_005572,query,entity_0147,entity_0884,0,entity_0884,entity_0147,entity_0147,entity_0884,test
pair_005573,query,entity_0143,entity_0144,1,entity_0144,entity_0143,entity_0143,entity_0144,test
pair_005574,query,entity_0653,entity_0658,1,entity_0653,entity_0658,entity_0658,entity_0653,test
pair_005575,query,entity_0752,entity_0757,1,entity_0757,entity_0752,entity_0752,entity_0757,test
pair_005576,query,entity_0481,entity_0484,1,entity_0484,entity_0481,entity_0481,entity_0484,test
pair_005577,query,entity_0166,entity_0981,0,entity_0981,entity_0166,entity_0166,entity_0981,test
pair_005578,query,entity_0827,entity_0876,0,entity_0876,entity_0827,entity_0827,entity_0876,test
pair_005579,query,entity_0317,entity_0551,0,entity_0317,entity_0551,entity_0551,entity_0317,test
pair_005580,query,entity_0106,entity_0624,0,entity_0106,entity_0624,entity_0624,entity_0106,test
pair_005581,query,entity_0688,entity_0846,0,entity_0846,entity_0688,entity_0688,entity_0846,test
pair_005582,query,entity_0259,entity_0579,0,entity_0259,entity_0579,entity_0579,entity_0259,test
pair_005583,query,entity_0523,entity_0562,0,entity_0562,entity_0523,entity_0523,entity_0562,test
pair_005584,query,entity_0551,entity_0553,1,entity_0553,entity_0551,entity_0551,entity_0553,test
pair_005585,query,entity_0394,entity_0828,0,entity_0394,entity_0828,entity_0828,entity_0394,validation
pair_005586,query,entity_0008,entity_0894,0,entity_0008,entity_0894,entity_0894,entity_0008,validation
pair_005587,query,entity_0564,entity_0989,0,entity_0564,entity_0989,entity_0989,entity_0564,validation
pair_005588,query,entity_0002,entity_0536,0,entity_0002,entity_0536,entity_0536,entity_0002,test
pair_005589,query,entity_0110,entity_0692,0,entity_0692,entity_0110,entity_0110,entity_0692,test
pair_005590,query,entity_0321,entity_0322,1,entity_0322,entity_0321,entity_0321,entity_0322,test
pair_005591,query,entity_0161,entity_0727,0,entity_0161,entity_0727,entity_0727,entity_0161,test
pair_005592,query,entity_0874,entity_0875,1,entity_0874,entity_0875,entity_0875,entity_0874,test
pair_005593,query,entity_0233,entity_0744,0,entity_0233,entity_0744,entity_0744,entity_0233,test
pair_005594,query,entity_0681,entity_0685,1,entity_0685,entity_0681,entity_0681,entity_0685,test
pair_005595,query,entity_0217,entity_0220,1,entity_0217,entity_0220,entity_0220,entity_0217,test
pair_005596,query,entity_0967,entity_0968,1,entity_0967,entity_0968,entity_0968,entity_0967,test
pair_005597,query,entity_0083,entity_0088,1,entity_0088,entity_0083,entity_0083,entity_0088,test
pair_005598,query,entity_0153,entity_0701,0,entity_0153,entity_0701,entity_0701,entity_0153,test
pair_005599,query,entity_0237,entity_0241,0,entity_0237,entity_0241,entity_0241,entity_0237,test
pair_005600,query,entity_0163,entity_0645,0,entity_0645,entity_0163,entity_0163,entity_0645,test
pair_005601,query,entity_0601,entity_0665,0,entity_0601,entity_0665,entity_0665,entity_0601,validation
pair_005602,query,entity_0223,entity_0371,0,entity_0371,entity_0223,entity_0223,entity_0371,validation
pair_005603,query,entity_0793,entity_0889,0,entity_0889,entity_0793,entity_0793,entity_0889,test
pair_005604,query,entity_0564,entity_0783,0,entity_0783,entity_0564,entity_0564,entity_0783,test
pair_005605,query,entity_0409,entity_0417,0,entity_0417,entity_0409,entity_0409,entity_0417,test
pair_005606,query,entity_0625,entity_0627,1,entity_0627,entity_0625,entity_0625,entity_0627,test
pair_005607,query,entity_0266,entity_0269,1,entity_0269,entity_0266,entity_0266,entity_0269,test
pair_005608,query,entity_0142,entity_0147,1,entity_0142,entity_0147,entity_0147,entity_0142,test
pair_005609,query,entity_0824,entity_0830,1,entity_0830,entity_0824,entity_0824,entity_0830,test
pair_005610,query,entity_0523,entity_0526,1,entity_0523,entity_0526,entity_0526,entity_0523,test
pair_005611,query,entity_0411,entity_0965,0,entity_0411,entity_0965,entity_0965,entity_0411,validation
pair_005612,query,entity_0316,entity_0791,0,entity_0316,entity_0791,entity_0791,entity_0316,test
pair_005613,query,entity_0387,entity_0388,1,entity_0388,entity_0387,entity_0387,entity_0388,test
pair_005614,query,entity_0983,entity_0990,1,entity_0990,entity_0983,entity_0983,entity_0990,validation
pair_005615,query,entity_0322,entity_0325,1,entity_0322,entity_0325,entity_0325,entity_0322,validation
pair_005616,query,entity_0371,entity_0775,0,entity_0371,entity_0775,entity_0775,entity_0371,validation
pair_005617,query,entity_0112,entity_0117,1,entity_0112,entity_0117,entity_0117,entity_0112,test
pair_005618,query,entity_0062,entity_0375,0,entity_0375,entity_0062,entity_0062,entity_0375,test
pair_005619,query,entity_0241,entity_0242,1,entity_0242,entity_0241,entity_0241,entity_0242,validation
pair_005620,query,entity_0588,entity_0800,0,entity_0800,entity_0588,entity_0588,entity_0800,test
pair_005621,query,entity_0598,entity_0829,0,entity_0829,entity_0598,entity_0598,entity_0829,test
pair_005622,query,entity_0051,entity_0055,1,entity_0055,entity_0051,entity_0051,entity_0055,validation
pair_005623,query,entity_0415,entity_0419,1,entity_0415,entity_0419,entity_0419,entity_0415,validation
pair_005624,query,entity_0206,entity_0555,0,entity_0206,entity_0555,entity_0555,entity_0206,test
pair_005625,query,entity_0977,entity_0980,1,entity_0980,entity_0977,entity_0977,entity_0980,validation
pair_005626,query,entity_0470,entity_0812,0,entity_0470,entity_0812,entity_0812,entity_0470,validation
pair_005627,query,entity_0711,entity_0974,0,entity_0974,entity_0711,entity_0711,entity_0974,test
pair_005628,query,entity_0127,entity_0129,1,entity_0129,entity_0127,entity_0127,entity_0129,test
pair_005629,query,entity_0184,entity_0352,0,entity_0352,entity_0184,entity_0184,entity_0352,validation
pair_005630,query,entity_0611,entity_0620,1,entity_0620,entity_0611,entity_0611,entity_0620,validation
pair_005631,query,entity_0041,entity_0050,1,entity_0050,entity_0041,entity_0041,entity_0050,test
pair_005632,query,entity_0055,entity_0842,0,entity_0842,entity_0055,entity_0055,entity_0842,test
pair_005633,query,entity_0398,entity_0608,0,entity_0398,entity_0608,entity_0608,entity_0398,test
pair_005634,query,entity_0792,entity_0797,1,entity_0792,entity_0797,entity_0797,entity_0792,test
pair_005635,query,entity_0597,entity_0600,1,entity_0600,entity_0597,entity_0597,entity_0600,test
pair_005636,query,entity_0669,entity_0670,1,entity_0670,entity_0669,entity_0669,entity_0670,test
pair_005637,query,entity_0393,entity_0395,1,entity_0393,entity_0395,entity_0395,entity_0393,test
pair_005638,query,entity_0179,entity_0776,0,entity_0776,entity_0179,entity_0179,entity_0776,test
pair_005639,query,entity_0093,entity_0336,0,entity_0336,entity_0093,entity_0093,entity_0336,test
pair_005640,query,entity_0812,entity_0815,1,entity_0812,entity_0815,entity_0815,entity_0812,test
pair_005641,query,entity_0554,entity_0558,1,entity_0558,entity_0554,entity_0554,entity_0558,test
pair_005642,query,entity_0128,entity_0129,1,entity_0128,entity_0129,entity_0129,entity_0128,validation
pair_005643,query,entity_0302,entity_0303,1,entity_0302,entity_0303,entity_0303,entity_0302,test
pair_005644,query,entity_0492,entity_0493,1,entity_0492,entity_0493,entity_0493,entity_0492,validation
pair_005645,query,entity_0298,entity_0663,0,entity_0298,entity_0663,entity_0663,entity_0298,test
pair_005646,query,entity_0629,entity_0733,0,entity_0733,entity_0629,entity_0629,entity_0733,test
pair_005647,query,entity_0654,entity_0657,1,entity_0654,entity_0657,entity_0657,entity_0654,test
pair_005648,query,entity_0784,entity_0789,1,entity_0789,entity_0784,entity_0784,entity_0789,test
pair_005649,query,entity_0455,entity_0460,1,entity_0455,entity_0460,entity_0460,entity_0455,test
pair_005650,query,entity_0734,entity_0735,1,entity_0735,entity_0734,entity_0734,entity_0735,test
pair_005651,query,entity_0167,entity_0539,0,entity_0167,entity_0539,entity_0539,entity_0167,test
pair_005652,query,entity_0171,entity_0892,0,entity_0171,entity_0892,entity_0892,entity_0171,validation
pair_005653,query,entity_0306,entity_0309,1,entity_0306,entity_0309,entity_0309,entity_0306,test
pair_005654,query,entity_0644,entity_0754,0,entity_0644,entity_0754,entity_0754,entity_0644,validation
pair_005655,query,entity_0023,entity_0990,0,entity_0023,entity_0990,entity_0990,entity_0023,test
pair_005656,query,entity_0287,entity_0356,0,entity_0356,entity_0287,entity_0287,entity_0356,validation
pair_005657,query,entity_0263,entity_0659,0,entity_0659,entity_0263,entity_0263,entity_0659,test
pair_005658,query,entity_0453,entity_0518,0,entity_0453,entity_0518,entity_0518,entity_0453,test
pair_005659,query,entity_0027,entity_0151,0,entity_0151,entity_0027,entity_0027,entity_0151,validation
pair_005660,query,entity_0943,entity_0949,1,entity_0949,entity_0943,entity_0943,entity_0949,test
pair_005661,query,entity_0871,entity_0951,0,entity_0871,entity_0951,entity_0951,entity_0871,test
pair_005662,query,entity_0193,entity_0995,0,entity_0995,entity_0193,entity_0193,entity_0995,test
pair_005663,query,entity_0384,entity_0390,1,entity_0390,entity_0384,entity_0384,entity_0390,test
pair_005664,query,entity_0217,entity_0485,0,entity_0485,entity_0217,entity_0217,entity_0485,test
pair_005665,query,entity_0122,entity_0298,0,entity_0122,entity_0298,entity_0298,entity_0122,test
pair_005666,query,entity_0091,entity_0099,1,entity_0099,entity_0091,entity_0091,entity_0099,test
pair_005667,query,entity_0642,entity_0885,0,entity_0642,entity_0885,entity_0885,entity_0642,test
pair_005668,query,entity_0892,entity_0894,1,entity_0894,entity_0892,entity_0892,entity_0894,test
pair_005669,query,entity_0120,entity_0846,0,entity_0120,entity_0846,entity_0846,entity_0120,test
pair_005670,query,entity_0931,entity_0938,1,entity_0931,entity_0938,entity_0938,entity_0931,test
pair_005671,query,entity_0291,entity_0502,0,entity_0502,entity_0291,entity_0291,entity_0502,validation
pair_005672,query,entity_0407,entity_0480,0,entity_0480,entity_0407,entity_0407,entity_0480,test
pair_005673,query,entity_0696,entity_0958,0,entity_0696,entity_0958,entity_0958,entity_0696,test
pair_005674,query,entity_0692,entity_0700,1,entity_0692,entity_0700,entity_0700,entity_0692,test
pair_005675,query,entity_0174,entity_0474,0,entity_0474,entity_0174,entity_0174,entity_0474,validation
pair_005676,query,entity_0189,entity_0190,1,entity_0189,entity_0190,entity_0190,entity_0189,test
pair_005677,query,entity_0108,entity_0312,0,entity_0108,entity_0312,entity_0312,entity_0108,test
pair_005678,query,entity_0099,entity_0914,0,entity_0914,entity_0099,entity_0099,entity_0914,test
pair_005679,query,entity_0213,entity_0215,1,entity_0215,entity_0213,entity_0213,entity_0215,test
pair_005680,query,entity_0721,entity_0935,0,entity_0935,entity_0721,entity_0721,entity_0935,test
pair_005681,query,entity_0252,entity_0273,0,entity_0273,entity_0252,entity_0252,entity_0273,test
pair_005682,query,entity_0147,entity_0264,0,entity_0264,entity_0147,entity_0147,entity_0264,test
pair_005683,query,entity_0894,entity_0898,1,entity_0898,entity_0894,entity_0894,entity_0898,test
pair_005684,query,entity_0865,entity_0866,1,entity_0865,entity_0866,entity_0866,entity_0865,test
pair_005685,query,entity_0225,entity_0228,1,entity_0228,entity_0225,entity_0225,entity_0228,test
pair_005686,query,entity_0315,entity_0958,0,entity_0315,entity_0958,entity_0958,entity_0315,test
pair_005687,query,entity_0431,entity_0433,1,entity_0431,entity_0433,entity_0433,entity_0431,validation
pair_005688,query,entity_0252,entity_0796,0,entity_0796,entity_0252,entity_0252,entity_0796,test
pair_005689,query,entity_0767,entity_0842,0,entity_0842,entity_0767,entity_0767,entity_0842,validation
pair_005690,query,entity_0152,entity_0159,1,entity_0152,entity_0159,entity_0159,entity_0152,test
pair_005691,query,entity_0151,entity_0155,1,entity_0151,entity_0155,entity_0155,entity_0151,test
pair_005692,query,entity_0401,entity_0404,1,entity_0404,entity_0401,entity_0401,entity_0404,validation
pair_005693,query,entity_0217,entity_0218,1,entity_0217,entity_0218,entity_0218,entity_0217,test
pair_005694,query,entity_0393,entity_0903,0,entity_0903,entity_0393,entity_0393,entity_0903,test
pair_005695,query,entity_0449,entity_0764,0,entity_0449,entity_0764,entity_0764,entity_0449,test
pair_005696,query,entity_0165,entity_0844,0,entity_0844,entity_0165,entity_0165,entity_0844,test
pair_005697,query,entity_0221,entity_0371,0,entity_0221,entity_0371,entity_0371,entity_0221,validation
pair_005698,query,entity_0067,entity_0394,0,entity_0067,entity_0394,entity_0394,entity_0067,validation
pair_005699,query,entity_0307,entity_0981,0,entity_0307,entity_0981,entity_0981,entity_0307,test
pair_005700,query,entity_0367,entity_0432,0,entity_0367,entity_0432,entity_0432,entity_0367,test
pair_005701,query,entity_0982,entity_0988,1,entity_0988,entity_0982,entity_0982,entity_0988,validation
pair_005702,query,entity_0395,entity_0846,0,entity_0395,entity_0846,entity_0846,entity_0395,validation
pair_005703,query,entity_0706,entity_0830,0,entity_0830,entity_0706,entity_0706,entity_0830,test
pair_005704,query,entity_0344,entity_0964,0,entity_0344,entity_0964,entity_0964,entity_0344,test
pair_005705,query,entity_0252,entity_0594,0,entity_0594,entity_0252,entity_0252,entity_0594,validation
pair_005706,query,entity_0353,entity_0448,0,entity_0448,entity_0353,entity_0353,entity_0448,validation
pair_005707,query,entity_0226,entity_0940,0,entity_0940,entity_0226,entity_0226,entity_0940,test
pair_005708,query,entity_0253,entity_0646,0,entity_0253,entity_0646,entity_0646,entity_0253,test
pair_005709,query,entity_0229,entity_0268,0,entity_0229,entity_0268,entity_0268,entity_0229,test
pair_005710,query,entity_0032,entity_0040,1,entity_0040,entity_0032,entity_0032,entity_0040,test
pair_005711,query,entity_0399,entity_0437,0,entity_0399,entity_0437,entity_0437,entity_0399,test
pair_005712,query,entity_0282,entity_0283,1,entity_0283,entity_0282,entity_0282,entity_0283,test
pair_005713,query,entity_0403,entity_0407,1,entity_0403,entity_0407,entity_0407,entity_0403,test
pair_005714,query,entity_0229,entity_0843,0,entity_0229,entity_0843,entity_0843,entity_0229,test
pair_005715,query,entity_0215,entity_0219,1,entity_0219,entity_0215,entity_0215,entity_0219,validation
pair_005716,query,entity_0108,entity_0110,1,entity_0108,entity_0110,entity_0110,entity_0108,validation
pair_005717,query,entity_0351,entity_0352,1,entity_0351,entity_0352,entity_0352,entity_0351,test
pair_005718,query,entity_0026,entity_0029,1,entity_0026,entity_0029,entity_0029,entity_0026,test
pair_005719,query,entity_0882,entity_0883,1,entity_0882,entity_0883,entity_0883,entity_0882,test
pair_005720,query,entity_0321,entity_0326,1,entity_0326,entity_0321,entity_0321,entity_0326,test
pair_005721,query,entity_0464,entity_0882,0,entity_0882,entity_0464,entity_0464,entity_0882,validation
pair_005722,query,entity_0395,entity_0397,1,entity_0397,entity_0395,entity_0395,entity_0397,test
pair_005723,query,entity_0385,entity_0706,0,entity_0706,entity_0385,entity_0385,entity_0706,test
pair_005724,query,entity_0892,entity_0900,1,entity_0900,entity_0892,entity_0892,entity_0900,test
pair_005725,query,entity_0942,entity_0992,0,entity_0992,entity_0942,entity_0942,entity_0992,test
pair_005726,query,entity_0292,entity_0707,0,entity_0707,entity_0292,entity_0292,entity_0707,test
pair_005727,query,entity_0216,entity_0657,0,entity_0657,entity_0216,entity_0216,entity_0657,test
pair_005728,query,entity_0080,entity_0266,0,entity_0080,entity_0266,entity_0266,entity_0080,test
pair_005729,query,entity_0782,entity_0790,1,entity_0782,entity_0790,entity_0790,entity_0782,test
pair_005730,query,entity_0871,entity_0880,1,entity_0871,entity_0880,entity_0880,entity_0871,test
pair_005731,query,entity_0163,entity_0337,0,entity_0163,entity_0337,entity_0337,entity_0163,test
pair_005732,query,entity_0583,entity_0586,1,entity_0586,entity_0583,entity_0583,entity_0586,test
pair_005733,query,entity_0844,entity_0846,1,entity_0846,entity_0844,entity_0844,entity_0846,test
pair_005734,query,entity_0683,entity_0706,0,entity_0706,entity_0683,entity_0683,entity_0706,test
pair_005735,query,entity_0459,entity_0696,0,entity_0696,entity_0459,entity_0459,entity_0696,test
pair_005736,query,entity_0012,entity_0016,1,entity_0016,entity_0012,entity_0012,entity_0016,test
pair_005737,query,entity_0685,entity_0688,1,entity_0685,entity_0688,entity_0688,entity_0685,test
pair_005738,query,entity_0372,entity_0973,0,entity_0372,entity_0973,entity_0973,entity_0372,test
pair_005739,query,entity_0164,entity_0970,0,entity_0970,entity_0164,entity_0164,entity_0970,test
pair_005740,query,entity_0047,entity_0049,1,entity_0049,entity_0047,entity_0047,entity_0049,test
pair_005741,query,entity_0369,entity_0450,0,entity_0450,entity_0369,entity_0369,entity_0450,validation
pair_005742,query,entity_0606,entity_0610,1,entity_0610,entity_0606,entity_0606,entity_0610,validation
pair_005743,query,entity_0007,entity_0008,1,entity_0007,entity_0008,entity_0008,entity_0007,test
pair_005744,query,entity_0050,entity_0336,0,entity_0050,entity_0336,entity_0336,entity_0050,test
pair_005745,query,entity_0012,entity_0172,0,entity_0172,entity_0012,entity_0012,entity_0172,validation
pair_005746,query,entity_0031,entity_0142,0,entity_0142,entity_0031,entity_0031,entity_0142,test
pair_005747,query,entity_0363,entity_0367,1,entity_0363,entity_0367,entity_0367,entity_0363,test
pair_005748,query,entity_0203,entity_0209,1,entity_0209,entity_0203,entity_0203,entity_0209,test
pair_005749,query,entity_0771,entity_0779,1,entity_0771,entity_0779,entity_0779,entity_0771,validation
pair_005750,query,entity_0023,entity_0030,1,entity_0023,entity_0030,entity_0030,entity_0023,test
pair_005751,query,entity_0566,entity_0730,0,entity_0566,entity_0730,entity_0730,entity_0566,validation
pair_005752,query,entity_0282,entity_0290,1,entity_0290,entity_0282,entity_0282,entity_0290,validation
pair_005753,query,entity_0210,entity_0782,0,entity_0782,entity_0210,entity_0210,entity_0782,validation
pair_005754,query,entity_0161,entity_0167,1,entity_0167,entity_0161,entity_0161,entity_0167,test
pair_005755,query,entity_0141,entity_0672,0,entity_0141,entity_0672,entity_0672,entity_0141,validation
pair_005756,query,entity_0623,entity_0719,0,entity_0719,entity_0623,entity_0623,entity_0719,test
pair_005757,query,entity_0467,entity_0468,1,entity_0467,entity_0468,entity_0468,entity_0467,test
pair_005758,query,entity_0488,entity_0919,0,entity_0488,entity_0919,entity_0919,entity_0488,validation
pair_005759,query,entity_0100,entity_0854,0,entity_0100,entity_0854,entity_0854,entity_0100,test
pair_005760,query,entity_0207,entity_0424,0,entity_0207,entity_0424,entity_0424,entity_0207,test
pair_005761,query,entity_0275,entity_0279,1,entity_0279,entity_0275,entity_0275,entity_0279,test
pair_005762,query,entity_0783,entity_0817,0,entity_0783,entity_0817,entity_0817,entity_0783,test
pair_005763,query,entity_0168,entity_0757,0,entity_0168,entity_0757,entity_0757,entity_0168,validation
pair_005764,query,entity_0276,entity_0491,0,entity_0276,entity_0491,entity_0491,entity_0276,test
pair_005765,query,entity_0841,entity_0849,1,entity_0849,entity_0841,entity_0841,entity_0849,validation
pair_005766,query,entity_0566,entity_0665,0,entity_0665,entity_0566,entity_0566,entity_0665,validation
pair_005767,query,entity_0612,entity_0618,1,entity_0612,entity_0618,entity_0618,entity_0612,validation
pair_005768,query,entity_0335,entity_0340,1,entity_0340,entity_0335,entity_0335,entity_0340,test
pair_005769,query,entity_0773,entity_0779,1,entity_0773,entity_0779,entity_0779,entity_0773,test
pair_005770,query,entity_0623,entity_0774,0,entity_0774,entity_0623,entity_0623,entity_0774,test
pair_005771,query,entity_0133,entity_0139,1,entity_0133,entity_0139,entity_0139,entity_0133,test
pair_005772,query,entity_0101,entity_0104,1,entity_0104,entity_0101,entity_0101,entity_0104,test
pair_005773,query,entity_0070,entity_0902,0,entity_0902,entity_0070,entity_0070,entity_0902,test
pair_005774,query,entity_0254,entity_0258,1,entity_0254,entity_0258,entity_0258,entity_0254,test
pair_005775,query,entity_0414,entity_0548,0,entity_0548,entity_0414,entity_0414,entity_0548,test
pair_005776,query,entity_0861,entity_0869,1,entity_0861,entity_0869,entity_0869,entity_0861,validation
pair_005777,query,entity_0731,entity_0739,1,entity_0739,entity_0731,entity_0731,entity_0739,validation
pair_005778,query,entity_0705,entity_0710,1,entity_0710,entity_0705,entity_0705,entity_0710,test
pair_005779,query,entity_0494,entity_0496,1,entity_0494,entity_0496,entity_0496,entity_0494,test
pair_005780,query,entity_0443,entity_0449,1,entity_0443,entity_0449,entity_0449,entity_0443,test
pair_005781,query,entity_0274,entity_0276,1,entity_0274,entity_0276,entity_0276,entity_0274,test
pair_005782,query,entity_0743,entity_0744,1,entity_0743,entity_0744,entity_0744,entity_0743,test
pair_005783,query,entity_0043,entity_0947,0,entity_0947,entity_0043,entity_0043,entity_0947,test
pair_005784,query,entity_0753,entity_0755,1,entity_0753,entity_0755,entity_0755,entity_0753,test
pair_005785,query,entity_0058,entity_0888,0,entity_0888,entity_0058,entity_0058,entity_0888,test
pair_005786,query,entity_0595,entity_0671,0,entity_0595,entity_0671,entity_0671,entity_0595,test
pair_005787,query,entity_0458,entity_0460,1,entity_0460,entity_0458,entity_0458,entity_0460,test
pair_005788,query,entity_0927,entity_0992,0,entity_0927,entity_0992,entity_0992,entity_0927,test
pair_005789,query,entity_0152,entity_0601,0,entity_0152,entity_0601,entity_0601,entity_0152,validation
pair_005790,query,entity_0137,entity_0140,1,entity_0137,entity_0140,entity_0140,entity_0137,validation
pair_005791,query,entity_0381,entity_0386,1,entity_0386,entity_0381,entity_0381,entity_0386,test
pair_005792,query,entity_0085,entity_0863,0,entity_0085,entity_0863,entity_0863,entity_0085,test
pair_005793,query,entity_0127,entity_0378,0,entity_0127,entity_0378,entity_0378,entity_0127,validation
pair_005794,query,entity_0195,entity_0325,0,entity_0195,entity_0325,entity_0325,entity_0195,validation
pair_005795,query,entity_0281,entity_0773,0,entity_0773,entity_0281,entity_0281,entity_0773,test
pair_005796,query,entity_0114,entity_0772,0,entity_0772,entity_0114,entity_0114,entity_0772,validation
pair_005797,query,entity_0154,entity_0155,1,entity_0155,entity_0154,entity_0154,entity_0155,test
pair_005798,query,entity_0726,entity_0729,1,entity_0729,entity_0726,entity_0726,entity_0729,test
pair_005799,query,entity_0249,entity_0524,0,entity_0524,entity_0249,entity_0249,entity_0524,test
pair_005800,query,entity_0305,entity_0308,1,entity_0305,entity_0308,entity_0308,entity_0305,test
pair_005801,query,entity_0258,entity_0819,0,entity_0819,entity_0258,entity_0258,entity_0819,test
pair_005802,query,entity_0301,entity_0305,1,entity_0305,entity_0301,entity_0301,entity_0305,test
pair_005803,query,entity_0474,entity_0478,1,entity_0474,entity_0478,entity_0478,entity_0474,test
pair_005804,query,entity_0571,entity_0580,1,entity_0571,entity_0580,entity_0580,entity_0571,test
pair_005805,query,entity_0555,entity_0800,0,entity_0555,entity_0800,entity_0800,entity_0555,test
pair_005806,query,entity_0070,entity_0417,0,entity_0417,entity_0070,entity_0070,entity_0417,validation
pair_005807,query,entity_0085,entity_0086,1,entity_0086,entity_0085,entity_0085,entity_0086,test
pair_005808,query,entity_0300,entity_0444,0,entity_0300,entity_0444,entity_0444,entity_0300,test
pair_005809,query,entity_0513,entity_0940,0,entity_0940,entity_0513,entity_0513,entity_0940,test
pair_005810,query,entity_0781,entity_0861,0,entity_0861,entity_0781,entity_0781,entity_0861,validation
pair_005811,query,entity_0801,entity_0808,1,entity_0808,entity_0801,entity_0801,entity_0808,test
pair_005812,query,entity_0963,entity_0970,1,entity_0970,entity_0963,entity_0963,entity_0970,validation
pair_005813,query,entity_0634,entity_0638,1,entity_0638,entity_0634,entity_0634,entity_0638,validation
pair_005814,query,entity_0602,entity_0604,1,entity_0602,entity_0604,entity_0604,entity_0602,test
pair_005815,query,entity_0136,entity_0920,0,entity_0136,entity_0920,entity_0920,entity_0136,test
pair_005816,query,entity_0146,entity_0993,0,entity_0993,entity_0146,entity_0146,entity_0993,test
pair_005817,query,entity_0374,entity_0375,1,entity_0374,entity_0375,entity_0375,entity_0374,test
pair_005818,query,entity_0274,entity_0597,0,entity_0274,entity_0597,entity_0597,entity_0274,test
pair_005819,query,entity_0475,entity_0478,1,entity_0475,entity_0478,entity_0478,entity_0475,test
pair_005820,query,entity_0357,entity_0370,0,entity_0357,entity_0370,entity_0370,entity_0357,test
pair_005821,query,entity_0216,entity_0217,1,entity_0217,entity_0216,entity_0216,entity_0217,test
pair_005822,query,entity_0564,entity_0567,1,entity_0564,entity_0567,entity_0567,entity_0564,test
pair_005823,query,entity_0170,entity_0711,0,entity_0170,entity_0711,entity_0711,entity_0170,test
pair_005824,query,entity_0964,entity_0965,1,entity_0964,entity_0965,entity_0965,entity_0964,validation
pair_005825,query,entity_0442,entity_0977,0,entity_0442,entity_0977,entity_0977,entity_0442,test
pair_005826,query,entity_0068,entity_0460,0,entity_0460,entity_0068,entity_0068,entity_0460,test
pair_005827,query,entity_0220,entity_0435,0,entity_0435,entity_0220,entity_0220,entity_0435,test
pair_005828,query,entity_0059,entity_0156,0,entity_0059,entity_0156,entity_0156,entity_0059,test
pair_005829,query,entity_0871,entity_0873,1,entity_0871,entity_0873,entity_0873,entity_0871,test
pair_005830,query,entity_0612,entity_0896,0,entity_0612,entity_0896,entity_0896,entity_0612,test
pair_005831,query,entity_0223,entity_0451,0,entity_0451,entity_0223,entity_0223,entity_0451,validation
pair_005832,query,entity_0981,entity_0984,1,entity_0984,entity_0981,entity_0981,entity_0984,test
pair_005833,query,entity_0366,entity_0434,0,entity_0434,entity_0366,entity_0366,entity_0434,test
pair_005834,query,entity_0845,entity_0878,0,entity_0845,entity_0878,entity_0878,entity_0845,test
pair_005835,query,entity_0007,entity_0897,0,entity_0007,entity_0897,entity_0897,entity_0007,test
pair_005836,query,entity_0330,entity_0636,0,entity_0636,entity_0330,entity_0330,entity_0636,test
pair_005837,query,entity_0143,entity_0431,0,entity_0431,entity_0143,entity_0143,entity_0431,test
pair_005838,query,entity_0378,entity_0897,0,entity_0378,entity_0897,entity_0897,entity_0378,test
pair_005839,query,entity_0300,entity_0831,0,entity_0831,entity_0300,entity_0300,entity_0831,validation
pair_005840,query,entity_0319,entity_0616,0,entity_0616,entity_0319,entity_0319,entity_0616,test
pair_005841,query,entity_0132,entity_0456,0,entity_0132,entity_0456,entity_0456,entity_0132,test
pair_005842,query,entity_0463,entity_0465,1,entity_0465,entity_0463,entity_0463,entity_0465,test
pair_005843,query,entity_0422,entity_0426,1,entity_0422,entity_0426,entity_0426,entity_0422,test
pair_005844,query,entity_0156,entity_0738,0,entity_0156,entity_0738,entity_0738,entity_0156,test
pair_005845,query,entity_0076,entity_0488,0,entity_0076,entity_0488,entity_0488,entity_0076,test
pair_005846,query,entity_0154,entity_0309,0,entity_0154,entity_0309,entity_0309,entity_0154,test
pair_005847,query,entity_0524,entity_0530,1,entity_0524,entity_0530,entity_0530,entity_0524,test
pair_005848,query,entity_0108,entity_0487,0,entity_0108,entity_0487,entity_0487,entity_0108,validation
pair_005849,query,entity_0172,entity_0178,1,entity_0178,entity_0172,entity_0172,entity_0178,test
pair_005850,query,entity_0763,entity_0770,1,entity_0770,entity_0763,entity_0763,entity_0770,validation
pair_005851,query,entity_0722,entity_0730,1,entity_0730,entity_0722,entity_0722,entity_0730,test
pair_005852,query,entity_0886,entity_0890,1,entity_0886,entity_0890,entity_0890,entity_0886,test
pair_005853,query,entity_0092,entity_0255,0,entity_0092,entity_0255,entity_0255,entity_0092,validation
pair_005854,query,entity_0662,entity_0666,1,entity_0662,entity_0666,entity_0666,entity_0662,test
pair_005855,query,entity_0601,entity_0610,1,entity_0610,entity_0601,entity_0601,entity_0610,test
pair_005856,query,entity_0430,entity_0743,0,entity_0430,entity_0743,entity_0743,entity_0430,test
pair_005857,query,entity_0506,entity_0508,1,entity_0506,entity_0508,entity_0508,entity_0506,validation
pair_005858,query,entity_0103,entity_0108,1,entity_0108,entity_0103,entity_0103,entity_0108,test
pair_005859,query,entity_0618,entity_0905,0,entity_0618,entity_0905,entity_0905,entity_0618,test
pair_005860,query,entity_0197,entity_0988,0,entity_0988,entity_0197,entity_0197,entity_0988,test
pair_005861,query,entity_0601,entity_0962,0,entity_0601,entity_0962,entity_0962,entity_0601,validation
pair_005862,query,entity_0155,entity_0158,1,entity_0155,entity_0158,entity_0158,entity_0155,test
pair_005863,query,entity_0293,entity_0296,1,entity_0293,entity_0296,entity_0296,entity_0293,test
pair_005864,query,entity_0081,entity_0082,1,entity_0082,entity_0081,entity_0081,entity_0082,test
pair_005865,query,entity_0701,entity_0703,1,entity_0701,entity_0703,entity_0703,entity_0701,test
pair_005866,query,entity_0055,entity_0057,1,entity_0057,entity_0055,entity_0055,entity_0057,test
pair_005867,query,entity_0689,entity_0966,0,entity_0966,entity_0689,entity_0689,entity_0966,test
pair_005868,query,entity_0350,entity_0990,0,entity_0350,entity_0990,entity_0990,entity_0350,test
pair_005869,query,entity_0129,entity_0963,0,entity_0129,entity_0963,entity_0963,entity_0129,test
pair_005870,query,entity_0333,entity_0339,1,entity_0339,entity_0333,entity_0333,entity_0339,test
pair_005871,query,entity_0313,entity_0534,0,entity_0534,entity_0313,entity_0313,entity_0534,test
pair_005872,query,entity_0642,entity_0644,1,entity_0644,entity_0642,entity_0642,entity_0644,validation
pair_005873,query,entity_0049,entity_0979,0,entity_0049,entity_0979,entity_0979,entity_0049,test
pair_005874,query,entity_0156,entity_0158,1,entity_0158,entity_0156,entity_0156,entity_0158,test
pair_005875,query,entity_0112,entity_0118,1,entity_0112,entity_0118,entity_0118,entity_0112,test
pair_005876,query,entity_0813,entity_0819,1,entity_0813,entity_0819,entity_0819,entity_0813,test
pair_005877,query,entity_0289,entity_0290,1,entity_0289,entity_0290,entity_0290,entity_0289,test
pair_005878,query,entity_0115,entity_0799,0,entity_0799,entity_0115,entity_0115,entity_0799,test
pair_005879,query,entity_0615,entity_0617,1,entity_0615,entity_0617,entity_0617,entity_0615,validation
pair_005880,query,entity_0192,entity_0652,0,entity_0192,entity_0652,entity_0652,entity_0192,test
pair_005881,query,entity_0127,entity_0271,0,entity_0271,entity_0127,entity_0127,entity_0271,test
pair_005882,query,entity_0712,entity_0780,0,entity_0712,entity_0780,entity_0780,entity_0712,test
pair_005883,query,entity_0157,entity_0160,1,entity_0157,entity_0160,entity_0160,entity_0157,test
pair_005884,query,entity_0913,entity_0916,1,entity_0913,entity_0916,entity_0916,entity_0913,test
pair_005885,query,entity_0245,entity_0249,1,entity_0245,entity_0249,entity_0249,entity_0245,test
pair_005886,query,entity_0184,entity_0601,0,entity_0184,entity_0601,entity_0601,entity_0184,test
pair_005887,query,entity_0736,entity_0740,1,entity_0736,entity_0740,entity_0740,entity_0736,validation
pair_005888,query,entity_0879,entity_0880,1,entity_0879,entity_0880,entity_0880,entity_0879,test
pair_005889,query,entity_0298,entity_0985,0,entity_0298,entity_0985,entity_0985,entity_0298,test
pair_005890,query,entity_0405,entity_0729,0,entity_0729,entity_0405,entity_0405,entity_0729,test
pair_005891,query,entity_0240,entity_0706,0,entity_0706,entity_0240,entity_0240,entity_0706,test
pair_005892,query,entity_0993,entity_0995,1,entity_0995,entity_0993,entity_0993,entity_0995,test
pair_005893,query,entity_0054,entity_0689,0,entity_0689,entity_0054,entity_0054,entity_0689,test
pair_005894,query,entity_0534,entity_0538,1,entity_0538,entity_0534,entity_0534,entity_0538,test
pair_005895,query,entity_0215,entity_0216,1,entity_0215,entity_0216,entity_0216,entity_0215,test
pair_005896,query,entity_0061,entity_0789,0,entity_0061,entity_0789,entity_0789,entity_0061,test
pair_005897,query,entity_0777,entity_0969,0,entity_0969,entity_0777,entity_0777,entity_0969,test
pair_005898,query,entity_0600,entity_0859,0,entity_0600,entity_0859,entity_0859,entity_0600,validation
pair_005899,query,entity_0200,entity_0975,0,entity_0200,entity_0975,entity_0975,entity_0200,test
pair_005900,query,entity_0806,entity_0917,0,entity_0917,entity_0806,entity_0806,entity_0917,test
pair_005901,query,entity_0621,entity_0625,1,entity_0621,entity_0625,entity_0625,entity_0621,test
pair_005902,query,entity_0711,entity_0714,1,entity_0711,entity_0714,entity_0714,entity_0711,test
pair_005903,query,entity_0915,entity_0934,0,entity_0915,entity_0934,entity_0934,entity_0915,test
pair_005904,query,entity_0796,entity_0800,1,entity_0800,entity_0796,entity_0796,entity_0800,test
pair_005905,query,entity_0186,entity_0219,0,entity_0186,entity_0219,entity_0219,entity_0186,test
pair_005906,query,entity_0112,entity_0113,1,entity_0113,entity_0112,entity_0112,entity_0113,test
pair_005907,query,entity_0436,entity_0863,0,entity_0863,entity_0436,entity_0436,entity_0863,validation
pair_005908,query,entity_0271,entity_0279,1,entity_0279,entity_0271,entity_0271,entity_0279,validation
pair_005909,query,entity_0239,entity_0413,0,entity_0239,entity_0413,entity_0413,entity_0239,validation
pair_005910,query,entity_0205,entity_0411,0,entity_0205,entity_0411,entity_0411,entity_0205,test
pair_005911,query,entity_0331,entity_0333,1,entity_0331,entity_0333,entity_0333,entity_0331,validation
pair_005912,query,entity_0316,entity_0317,1,entity_0317,entity_0316,entity_0316,entity_0317,test
pair_005913,query,entity_0484,entity_0489,1,entity_0489,entity_0484,entity_0484,entity_0489,test
pair_005914,query,entity_0066,entity_0070,1,entity_0070,entity_0066,entity_0066,entity_0070,validation
pair_005915,query,entity_0638,entity_0640,1,entity_0640,entity_0638,entity_0638,entity_0640,test
pair_005916,query,entity_0431,entity_1000,0,entity_1000,entity_0431,entity_0431,entity_1000,test
pair_005917,query,entity_0053,entity_0121,0,entity_0053,entity_0121,entity_0121,entity_0053,test
pair_005918,query,entity_0234,entity_0821,0,entity_0821,entity_0234,entity_0234,entity_0821,test
pair_005919,query,entity_0046,entity_0050,1,entity_0046,entity_0050,entity_0050,entity_0046,test
pair_005920,query,entity_0091,entity_0096,1,entity_0091,entity_0096,entity_0096,entity_0091,validation
pair_005921,query,entity_0204,entity_0983,0,entity_0983,entity_0204,entity_0204,entity_0983,validation
pair_005922,query,entity_0503,entity_0504,1,entity_0504,entity_0503,entity_0503,entity_0504,test
pair_005923,query,entity_0843,entity_0955,0,entity_0843,entity_0955,entity_0955,entity_0843,validation
pair_005924,query,entity_0017,entity_0166,0,entity_0017,entity_0166,entity_0166,entity_0017,test
pair_005925,query,entity_0694,entity_0887,0,entity_0694,entity_0887,entity_0887,entity_0694,test
pair_005926,query,entity_0121,entity_0129,1,entity_0129,entity_0121,entity_0121,entity_0129,test
pair_005927,query,entity_0851,entity_0853,1,entity_0853,entity_0851,entity_0851,entity_0853,test
pair_005928,query,entity_0723,entity_0918,0,entity_0723,entity_0918,entity_0918,entity_0723,test
pair_005929,query,entity_0725,entity_0727,1,entity_0727,entity_0725,entity_0725,entity_0727,test
pair_005930,query,entity_0306,entity_0334,0,entity_0306,entity_0334,entity_0334,entity_0306,test
pair_005931,query,entity_0085,entity_0088,1,entity_0085,entity_0088,entity_0088,entity_0085,test
pair_005932,query,entity_0342,entity_0935,0,entity_0342,entity_0935,entity_0935,entity_0342,test
pair_005933,query,entity_0791,entity_0794,1,entity_0791,entity_0794,entity_0794,entity_0791,test
pair_005934,query,entity_0997,entity_0999,1,entity_0999,entity_0997,entity_0997,entity_0999,validation
pair_005935,query,entity_0306,entity_0685,0,entity_0306,entity_0685,entity_0685,entity_0306,test
pair_005936,query,entity_0140,entity_0909,0,entity_0140,entity_0909,entity_0909,entity_0140,validation
pair_005937,query,entity_0204,entity_0205,1,entity_0204,entity_0205,entity_0205,entity_0204,test
pair_005938,query,entity_0448,entity_0513,0,entity_0513,entity_0448,entity_0448,entity_0513,test
pair_005939,query,entity_0181,entity_0519,0,entity_0181,entity_0519,entity_0519,entity_0181,test
pair_005940,query,entity_0386,entity_0389,1,entity_0386,entity_0389,entity_0389,entity_0386,validation
pair_005941,query,entity_0301,entity_0309,1,entity_0309,entity_0301,entity_0301,entity_0309,test
pair_005942,query,entity_0105,entity_0256,0,entity_0256,entity_0105,entity_0105,entity_0256,test
pair_005943,query,entity_0035,entity_0039,1,entity_0039,entity_0035,entity_0035,entity_0039,test
pair_005944,query,entity_0215,entity_0821,0,entity_0821,entity_0215,entity_0215,entity_0821,test
pair_005945,query,entity_0462,entity_0470,1,entity_0462,entity_0470,entity_0470,entity_0462,test
pair_005946,query,entity_0108,entity_0977,0,entity_0108,entity_0977,entity_0977,entity_0108,test
pair_005947,query,entity_0208,entity_0585,0,entity_0208,entity_0585,entity_0585,entity_0208,validation
pair_005948,query,entity_0301,entity_0307,1,entity_0307,entity_0301,entity_0301,entity_0307,test
pair_005949,query,entity_0384,entity_0431,0,entity_0431,entity_0384,entity_0384,entity_0431,test
pair_005950,query,entity_0067,entity_0987,0,entity_0067,entity_0987,entity_0987,entity_0067,validation
pair_005951,query,entity_0835,entity_0838,1,entity_0838,entity_0835,entity_0835,entity_0838,test
pair_005952,query,entity_0493,entity_0496,1,entity_0493,entity_0496,entity_0496,entity_0493,test
pair_005953,query,entity_0018,entity_0836,0,entity_0018,entity_0836,entity_0836,entity_0018,test
pair_005954,query,entity_0423,entity_0426,1,entity_0423,entity_0426,entity_0426,entity_0423,test
pair_005955,query,entity_0345,entity_0540,0,entity_0540,entity_0345,entity_0345,entity_0540,test
pair_005956,query,entity_0208,entity_0757,0,entity_0208,entity_0757,entity_0757,entity_0208,test
pair_005957,query,entity_0454,entity_0677,0,entity_0454,entity_0677,entity_0677,entity_0454,test
pair_005958,query,entity_0633,entity_0767,0,entity_0633,entity_0767,entity_0767,entity_0633,test
pair_005959,query,entity_0192,entity_0196,1,entity_0196,entity_0192,entity_0192,entity_0196,validation
pair_005960,query,entity_0019,entity_0798,0,entity_0019,entity_0798,entity_0798,entity_0019,validation
pair_005961,query,entity_0079,entity_0874,0,entity_0079,entity_0874,entity_0874,entity_0079,test
pair_005962,query,entity_0538,entity_0539,1,entity_0538,entity_0539,entity_0539,entity_0538,validation
pair_005963,query,entity_0434,entity_0898,0,entity_0898,entity_0434,entity_0434,entity_0898,test
pair_005964,query,entity_0633,entity_0638,1,entity_0633,entity_0638,entity_0638,entity_0633,test
pair_005965,query,entity_0202,entity_0677,0,entity_0202,entity_0677,entity_0677,entity_0202,validation
pair_005966,query,entity_0244,entity_0249,1,entity_0249,entity_0244,entity_0244,entity_0249,test
pair_005967,query,entity_0291,entity_0292,1,entity_0291,entity_0292,entity_0292,entity_0291,test
pair_005968,query,entity_0854,entity_0894,0,entity_0894,entity_0854,entity_0854,entity_0894,validation
pair_005969,query,entity_0021,entity_0421,0,entity_0421,entity_0021,entity_0021,entity_0421,test
pair_005970,query,entity_0627,entity_0645,0,entity_0645,entity_0627,entity_0627,entity_0645,test
pair_005971,query,entity_0946,entity_0949,1,entity_0949,entity_0946,entity_0946,entity_0949,validation
pair_005972,query,entity_0806,entity_0809,1,entity_0809,entity_0806,entity_0806,entity_0809,validation
pair_005973,query,entity_0571,entity_0572,1,entity_0571,entity_0572,entity_0572,entity_0571,test
pair_005974,query,entity_0206,entity_0207,1,entity_0206,entity_0207,entity_0207,entity_0206,test
pair_005975,query,entity_0587,entity_0588,1,entity_0588,entity_0587,entity_0587,entity_0588,test
pair_005976,query,entity_0695,entity_0696,1,entity_0696,entity_0695,entity_0695,entity_0696,test
pair_005977,query,entity_0992,entity_0995,1,entity_0995,entity_0992,entity_0992,entity_0995,test
pair_005978,query,entity_0481,entity_0994,0,entity_0994,entity_0481,entity_0481,entity_0994,test
pair_005979,query,entity_0427,entity_0560,0,entity_0560,entity_0427,entity_0427,entity_0560,test
pair_005980,query,entity_0225,entity_0230,1,entity_0225,entity_0230,entity_0230,entity_0225,test
pair_005981,query,entity_0263,entity_0265,1,entity_0265,entity_0263,entity_0263,entity_0265,test
pair_005982,query,entity_0883,entity_0885,1,entity_0885,entity_0883,entity_0883,entity_0885,test
pair_005983,query,entity_0323,entity_0328,1,entity_0323,entity_0328,entity_0328,entity_0323,test
pair_005984,query,entity_0695,entity_0717,0,entity_0717,entity_0695,entity_0695,entity_0717,test
pair_005985,query,entity_0069,entity_0599,0,entity_0069,entity_0599,entity_0599,entity_0069,test
pair_005986,query,entity_0304,entity_0308,1,entity_0308,entity_0304,entity_0304,entity_0308,test
pair_005987,query,entity_0353,entity_0789,0,entity_0789,entity_0353,entity_0353,entity_0789,test
pair_005988,query,entity_0639,entity_0779,0,entity_0639,entity_0779,entity_0779,entity_0639,test
pair_005989,query,entity_0152,entity_0157,1,entity_0157,entity_0152,entity_0152,entity_0157,test
pair_005990,query,entity_0474,entity_0475,1,entity_0474,entity_0475,entity_0475,entity_0474,test
pair_005991,query,entity_0383,entity_0666,0,entity_0666,entity_0383,entity_0383,entity_0666,test
pair_005992,query,entity_0242,entity_0246,1,entity_0242,entity_0246,entity_0246,entity_0242,test
pair_005993,query,entity_0331,entity_0332,1,entity_0331,entity_0332,entity_0332,entity_0331,test
pair_005994,query,entity_0425,entity_0721,0,entity_0425,entity_0721,entity_0721,entity_0425,test
pair_005995,query,entity_0291,entity_0448,0,entity_0291,entity_0448,entity_0448,entity_0291,test
pair_005996,query,entity_0002,entity_0005,1,entity_0005,entity_0002,entity_0002,entity_0005,test
pair_005997,query,entity_0864,entity_0869,1,entity_0869,entity_0864,entity_0864,entity_0869,test
pair_005998,query,entity_0192,entity_0577,0,entity_0192,entity_0577,entity_0577,entity_0192,test
pair_005999,query,entity_0123,entity_0912,0,entity_0912,entity_0123,entity_0123,entity_0912,test
pair_006000,query,entity_0242,entity_0247,1,entity_0247,entity_0242,entity_0242,entity_0247,validation
pair_006001,query,entity_0739,entity_0818,0,entity_0818,entity_0739,entity_0739,entity_0818,validation
pair_006002,query,entity_0971,entity_0973,1,entity_0973,entity_0971,entity_0971,entity_0973,test
pair_006003,query,entity_0218,entity_0734,0,entity_0734,entity_0218,entity_0218,entity_0734,test
pair_006004,query,entity_0352,entity_0358,1,entity_0358,entity_0352,entity_0352,entity_0358,test
pair_006005,query,entity_0120,entity_0340,0,entity_0340,entity_0120,entity_0120,entity_0340,test
pair_006006,query,entity_0445,entity_0447,1,entity_0447,entity_0445,entity_0445,entity_0447,validation
pair_006007,query,entity_0155,entity_0362,0,entity_0362,entity_0155,entity_0155,entity_0362,test
pair_006008,query,entity_0393,entity_0400,1,entity_0393,entity_0400,entity_0400,entity_0393,test
pair_006009,query,entity_0372,entity_0374,1,entity_0372,entity_0374,entity_0374,entity_0372,test
pair_006010,query,entity_0283,entity_0285,1,entity_0283,entity_0285,entity_0285,entity_0283,test
pair_006011,query,entity_0152,entity_0153,1,entity_0153,entity_0152,entity_0152,entity_0153,test
pair_006012,query,entity_0376,entity_0987,0,entity_0376,entity_0987,entity_0987,entity_0376,test
pair_006013,query,entity_0533,entity_0538,1,entity_0533,entity_0538,entity_0538,entity_0533,validation
pair_006014,query,entity_0645,entity_0650,1,entity_0650,entity_0645,entity_0645,entity_0650,validation
pair_006015,query,entity_0943,entity_0944,1,entity_0943,entity_0944,entity_0944,entity_0943,test
pair_006016,query,entity_0023,entity_0025,1,entity_0023,entity_0025,entity_0025,entity_0023,test
pair_006017,query,entity_0784,entity_0877,0,entity_0877,entity_0784,entity_0784,entity_0877,test
pair_006018,query,entity_0144,entity_0755,0,entity_0144,entity_0755,entity_0755,entity_0144,test
pair_006019,query,entity_0983,entity_0988,1,entity_0988,entity_0983,entity_0983,entity_0988,test
pair_006020,query,entity_0457,entity_0460,1,entity_0460,entity_0457,entity_0457,entity_0460,test
pair_006021,query,entity_0511,entity_0513,1,entity_0511,entity_0513,entity_0513,entity_0511,test
pair_006022,query,entity_0113,entity_0864,0,entity_0864,entity_0113,entity_0113,entity_0864,validation
pair_006023,query,entity_0522,entity_0530,1,entity_0530,entity_0522,entity_0522,entity_0530,test
pair_006024,query,entity_0328,entity_0742,0,entity_0328,entity_0742,entity_0742,entity_0328,test
pair_006025,query,entity_0282,entity_0983,0,entity_0282,entity_0983,entity_0983,entity_0282,validation
pair_006026,query,entity_0562,entity_0796,0,entity_0562,entity_0796,entity_0796,entity_0562,test
pair_006027,query,entity_0117,entity_0886,0,entity_0886,entity_0117,entity_0117,entity_0886,test
pair_006028,query,entity_0197,entity_0320,0,entity_0320,entity_0197,entity_0197,entity_0320,test
pair_006029,query,entity_0244,entity_0250,1,entity_0244,entity_0250,entity_0250,entity_0244,test
pair_006030,query,entity_0169,entity_0941,0,entity_0169,entity_0941,entity_0941,entity_0169,test
pair_006031,query,entity_0333,entity_0950,0,entity_0950,entity_0333,entity_0333,entity_0950,test
pair_006032,query,entity_0531,entity_0539,1,entity_0531,entity_0539,entity_0539,entity_0531,test
pair_006033,query,entity_0046,entity_0704,0,entity_0704,entity_0046,entity_0046,entity_0704,validation
pair_006034,query,entity_0785,entity_0787,1,entity_0785,entity_0787,entity_0787,entity_0785,validation
pair_006035,query,entity_0196,entity_0995,0,entity_0995,entity_0196,entity_0196,entity_0995,test
pair_006036,query,entity_0019,entity_0469,0,entity_0019,entity_0469,entity_0469,entity_0019,test
pair_006037,query,entity_0563,entity_0569,1,entity_0563,entity_0569,entity_0569,entity_0563,validation
pair_006038,query,entity_0486,entity_0487,1,entity_0486,entity_0487,entity_0487,entity_0486,test
pair_006039,query,entity_0553,entity_0559,1,entity_0559,entity_0553,entity_0553,entity_0559,test
pair_006040,query,entity_0188,entity_0189,1,entity_0189,entity_0188,entity_0188,entity_0189,validation
pair_006041,query,entity_0544,entity_0549,1,entity_0549,entity_0544,entity_0544,entity_0549,validation
pair_006042,query,entity_0181,entity_0376,0,entity_0376,entity_0181,entity_0181,entity_0376,test
pair_006043,query,entity_0096,entity_0613,0,entity_0096,entity_0613,entity_0613,entity_0096,test
pair_006044,query,entity_0658,entity_0659,1,entity_0659,entity_0658,entity_0658,entity_0659,test
pair_006045,query,entity_0658,entity_0766,0,entity_0766,entity_0658,entity_0658,entity_0766,test
pair_006046,query,entity_0651,entity_0926,0,entity_0926,entity_0651,entity_0651,entity_0926,validation
pair_006047,query,entity_0031,entity_0033,1,entity_0031,entity_0033,entity_0033,entity_0031,test
pair_006048,query,entity_0233,entity_0236,1,entity_0233,entity_0236,entity_0236,entity_0233,validation
pair_006049,query,entity_0337,entity_0340,1,entity_0340,entity_0337,entity_0337,entity_0340,test
pair_006050,query,entity_0071,entity_0075,1,entity_0071,entity_0075,entity_0075,entity_0071,test
pair_006051,query,entity_0169,entity_0993,0,entity_0993,entity_0169,entity_0169,entity_0993,test
pair_006052,query,entity_0049,entity_0325,0,entity_0049,entity_0325,entity_0325,entity_0049,validation
pair_006053,query,entity_0314,entity_0372,0,entity_0372,entity_0314,entity_0314,entity_0372,test
pair_006054,query,entity_0462,entity_0468,1,entity_0468,entity_0462,entity_0462,entity_0468,validation
pair_006055,query,entity_0297,entity_0300,1,entity_0297,entity_0300,entity_0300,entity_0297,test
pair_006056,query,entity_0206,entity_0958,0,entity_0206,entity_0958,entity_0958,entity_0206,test
pair_006057,query,entity_0929,entity_0930,1,entity_0929,entity_0930,entity_0930,entity_0929,test
pair_006058,query,entity_0460,entity_0827,0,entity_0827,entity_0460,entity_0460,entity_0827,test
pair_006059,query,entity_0868,entity_0895,0,entity_0868,entity_0895,entity_0895,entity_0868,test
pair_006060,query,entity_0237,entity_0712,0,entity_0712,entity_0237,entity_0237,entity_0712,test
pair_006061,query,entity_0073,entity_0077,1,entity_0077,entity_0073,entity_0073,entity_0077,test
pair_006062,query,entity_0235,entity_0238,1,entity_0235,entity_0238,entity_0238,entity_0235,test
pair_006063,query,entity_0427,entity_0596,0,entity_0596,entity_0427,entity_0427,entity_0596,test
pair_006064,query,entity_0373,entity_0378,1,entity_0378,entity_0373,entity_0373,entity_0378,test
pair_006065,query,entity_0195,entity_0196,1,entity_0196,entity_0195,entity_0195,entity_0196,test
pair_006066,query,entity_0933,entity_0940,1,entity_0933,entity_0940,entity_0940,entity_0933,test
pair_006067,query,entity_0711,entity_0715,1,entity_0711,entity_0715,entity_0715,entity_0711,test
pair_006068,query,entity_0381,entity_0724,0,entity_0724,entity_0381,entity_0381,entity_0724,test
pair_006069,query,entity_0772,entity_0858,0,entity_0858,entity_0772,entity_0772,entity_0858,test
pair_006070,query,entity_0535,entity_0538,1,entity_0538,entity_0535,entity_0535,entity_0538,validation
pair_006071,query,entity_0481,entity_0486,1,entity_0486,entity_0481,entity_0481,entity_0486,test
pair_006072,query,entity_0263,entity_0641,0,entity_0641,entity_0263,entity_0263,entity_0641,test
pair_006073,query,entity_0615,entity_0803,0,entity_0803,entity_0615,entity_0615,entity_0803,test
pair_006074,query,entity_0091,entity_0805,0,entity_0805,entity_0091,entity_0091,entity_0805,test
pair_006075,query,entity_0151,entity_0444,0,entity_0444,entity_0151,entity_0151,entity_0444,test
pair_006076,query,entity_0148,entity_0341,0,entity_0341,entity_0148,entity_0148,entity_0341,test
pair_006077,query,entity_0370,entity_0631,0,entity_0631,entity_0370,entity_0370,entity_0631,test
pair_006078,query,entity_0976,entity_0978,1,entity_0976,entity_0978,entity_0978,entity_0976,test
pair_006079,query,entity_0656,entity_0657,1,entity_0656,entity_0657,entity_0657,entity_0656,test
pair_006080,query,entity_0791,entity_0792,1,entity_0791,entity_0792,entity_0792,entity_0791,test
pair_006081,query,entity_0353,entity_0675,0,entity_0675,entity_0353,entity_0353,entity_0675,test
pair_006082,query,entity_0848,entity_0850,1,entity_0848,entity_0850,entity_0850,entity_0848,test
pair_006083,query,entity_0250,entity_0966,0,entity_0966,entity_0250,entity_0250,entity_0966,test
pair_006084,query,entity_0856,entity_0880,0,entity_0880,entity_0856,entity_0856,entity_0880,test
pair_006085,query,entity_0355,entity_0359,1,entity_0355,entity_0359,entity_0359,entity_0355,test
pair_006086,query,entity_0045,entity_0050,1,entity_0050,entity_0045,entity_0045,entity_0050,test
pair_006087,query,entity_0082,entity_0088,1,entity_0082,entity_0088,entity_0088,entity_0082,test
pair_006088,query,entity_0454,entity_0455,1,entity_0454,entity_0455,entity_0455,entity_0454,test
pair_006089,query,entity_0490,entity_0579,0,entity_0579,entity_0490,entity_0490,entity_0579,test
pair_006090,query,entity_0602,entity_0633,0,entity_0602,entity_0633,entity_0633,entity_0602,validation
pair_006091,query,entity_0450,entity_0745,0,entity_0450,entity_0745,entity_0745,entity_0450,validation
pair_006092,query,entity_0075,entity_0839,0,entity_0075,entity_0839,entity_0839,entity_0075,test
pair_006093,query,entity_0208,entity_0797,0,entity_0208,entity_0797,entity_0797,entity_0208,test
pair_006094,query,entity_0045,entity_0806,0,entity_0806,entity_0045,entity_0045,entity_0806,test
pair_006095,query,entity_0656,entity_0660,1,entity_0660,entity_0656,entity_0656,entity_0660,test
pair_006096,query,entity_0139,entity_0160,0,entity_0160,entity_0139,entity_0139,entity_0160,test
pair_006097,query,entity_0633,entity_0640,1,entity_0633,entity_0640,entity_0640,entity_0633,test
pair_006098,query,entity_0495,entity_0563,0,entity_0495,entity_0563,entity_0563,entity_0495,test
pair_006099,query,entity_0424,entity_0429,1,entity_0424,entity_0429,entity_0429,entity_0424,test
pair_006100,query,entity_0732,entity_0739,1,entity_0732,entity_0739,entity_0739,entity_0732,validation
pair_006101,query,entity_0473,entity_0476,1,entity_0476,entity_0473,entity_0473,entity_0476,validation
pair_006102,query,entity_0021,entity_0029,1,entity_0029,entity_0021,entity_0021,entity_0029,validation
pair_006103,query,entity_0175,entity_0176,1,entity_0175,entity_0176,entity_0176,entity_0175,validation
pair_006104,query,entity_0391,entity_0767,0,entity_0391,entity_0767,entity_0767,entity_0391,validation
pair_006105,query,entity_0131,entity_0138,1,entity_0131,entity_0138,entity_0138,entity_0131,test
pair_006106,query,entity_0452,entity_0459,1,entity_0459,entity_0452,entity_0452,entity_0459,validation
pair_006107,query,entity_0437,entity_0534,0,entity_0437,entity_0534,entity_0534,entity_0437,test
pair_006108,query,entity_0325,entity_0964,0,entity_0325,entity_0964,entity_0964,entity_0325,test
pair_006109,query,entity_0248,entity_0817,0,entity_0248,entity_0817,entity_0817,entity_0248,test
pair_006110,query,entity_0785,entity_0786,1,entity_0786,entity_0785,entity_0785,entity_0786,test
pair_006111,query,entity_0952,entity_0955,1,entity_0955,entity_0952,entity_0952,entity_0955,test
pair_006112,query,entity_0117,entity_0361,0,entity_0117,entity_0361,entity_0361,entity_0117,test
pair_006113,query,entity_0519,entity_0830,0,entity_0830,entity_0519,entity_0519,entity_0830,test
pair_006114,query,entity_0166,entity_0891,0,entity_0891,entity_0166,entity_0166,entity_0891,test
pair_006115,query,entity_0438,entity_0513,0,entity_0438,entity_0513,entity_0513,entity_0438,test
pair_006116,query,entity_0051,entity_0337,0,entity_0337,entity_0051,entity_0051,entity_0337,test
pair_006117,query,entity_0359,entity_0910,0,entity_0910,entity_0359,entity_0359,entity_0910,test
pair_006118,query,entity_0145,entity_0201,0,entity_0145,entity_0201,entity_0201,entity_0145,test
pair_006119,query,entity_0671,entity_0678,1,entity_0671,entity_0678,entity_0678,entity_0671,test
pair_006120,query,entity_0891,entity_0893,1,entity_0891,entity_0893,entity_0893,entity_0891,validation
pair_006121,query,entity_0763,entity_0769,1,entity_0769,entity_0763,entity_0763,entity_0769,test
pair_006122,query,entity_0057,entity_0060,1,entity_0057,entity_0060,entity_0060,entity_0057,test
pair_006123,query,entity_0873,entity_0884,0,entity_0873,entity_0884,entity_0884,entity_0873,test
pair_006124,query,entity_0462,entity_0466,1,entity_0462,entity_0466,entity_0466,entity_0462,test
pair_006125,query,entity_0302,entity_0304,1,entity_0302,entity_0304,entity_0304,entity_0302,validation
pair_006126,query,entity_0728,entity_0730,1,entity_0730,entity_0728,entity_0728,entity_0730,test
pair_006127,query,entity_0146,entity_0234,0,entity_0234,entity_0146,entity_0146,entity_0234,test
pair_006128,query,entity_0333,entity_0336,1,entity_0333,entity_0336,entity_0336,entity_0333,validation
pair_006129,query,entity_0038,entity_0224,0,entity_0038,entity_0224,entity_0224,entity_0038,test
pair_006130,query,entity_0652,entity_0655,1,entity_0652,entity_0655,entity_0655,entity_0652,test
pair_006131,query,entity_0127,entity_0370,0,entity_0127,entity_0370,entity_0370,entity_0127,validation
pair_006132,query,entity_0222,entity_0226,1,entity_0226,entity_0222,entity_0222,entity_0226,test
pair_006133,query,entity_0041,entity_0043,1,entity_0041,entity_0043,entity_0043,entity_0041,test
pair_006134,query,entity_0121,entity_0993,0,entity_0993,entity_0121,entity_0121,entity_0993,validation
pair_006135,query,entity_0336,entity_0337,1,entity_0337,entity_0336,entity_0336,entity_0337,test
pair_006136,query,entity_0267,entity_0969,0,entity_0267,entity_0969,entity_0969,entity_0267,test
pair_006137,query,entity_0219,entity_0861,0,entity_0861,entity_0219,entity_0219,entity_0861,validation
pair_006138,query,entity_0051,entity_0054,1,entity_0051,entity_0054,entity_0054,entity_0051,validation
pair_006139,query,entity_0326,entity_0397,0,entity_0397,entity_0326,entity_0326,entity_0397,test
pair_006140,query,entity_0971,entity_0975,1,entity_0975,entity_0971,entity_0971,entity_0975,test
pair_006141,query,entity_0158,entity_0303,0,entity_0158,entity_0303,entity_0303,entity_0158,test
pair_006142,query,entity_0473,entity_0475,1,entity_0475,entity_0473,entity_0473,entity_0475,test
pair_006143,query,entity_0584,entity_0587,1,entity_0587,entity_0584,entity_0584,entity_0587,test
pair_006144,query,entity_0227,entity_0229,1,entity_0227,entity_0229,entity_0229,entity_0227,test
pair_006145,query,entity_0156,entity_0660,0,entity_0660,entity_0156,entity_0156,entity_0660,test
pair_006146,query,entity_0944,entity_0950,1,entity_0950,entity_0944,entity_0944,entity_0950,test
pair_006147,query,entity_0344,entity_0794,0,entity_0794,entity_0344,entity_0344,entity_0794,validation
pair_006148,query,entity_0566,entity_0668,0,entity_0668,entity_0566,entity_0566,entity_0668,test
pair_006149,query,entity_0372,entity_0379,1,entity_0379,entity_0372,entity_0372,entity_0379,test
pair_006150,query,entity_0044,entity_0048,1,entity_0048,entity_0044,entity_0044,entity_0048,validation
pair_006151,query,entity_0972,entity_0980,1,entity_0972,entity_0980,entity_0980,entity_0972,test
pair_006152,query,entity_0927,entity_0928,1,entity_0928,entity_0927,entity_0927,entity_0928,test
pair_006153,query,entity_0005,entity_0006,1,entity_0005,entity_0006,entity_0006,entity_0005,test
pair_006154,query,entity_0378,entity_0807,0,entity_0807,entity_0378,entity_0378,entity_0807,validation
pair_006155,query,entity_0519,entity_0520,1,entity_0520,entity_0519,entity_0519,entity_0520,test
pair_006156,query,entity_0743,entity_0961,0,entity_0961,entity_0743,entity_0743,entity_0961,test
pair_006157,query,entity_0205,entity_0206,1,entity_0206,entity_0205,entity_0205,entity_0206,test
pair_006158,query,entity_0459,entity_0491,0,entity_0491,entity_0459,entity_0459,entity_0491,test
pair_006159,query,entity_0351,entity_0356,1,entity_0351,entity_0356,entity_0356,entity_0351,test
pair_006160,query,entity_0008,entity_0685,0,entity_0008,entity_0685,entity_0685,entity_0008,test
pair_006161,query,entity_0662,entity_0738,0,entity_0662,entity_0738,entity_0738,entity_0662,validation
pair_006162,query,entity_0164,entity_0826,0,entity_0826,entity_0164,entity_0164,entity_0826,test
pair_006163,query,entity_0070,entity_0673,0,entity_0070,entity_0673,entity_0673,entity_0070,test
pair_006164,query,entity_0448,entity_0539,0,entity_0448,entity_0539,entity_0539,entity_0448,test
pair_006165,query,entity_0481,entity_0487,1,entity_0487,entity_0481,entity_0481,entity_0487,validation
pair_006166,query,entity_0295,entity_0359,0,entity_0295,entity_0359,entity_0359,entity_0295,validation
pair_006167,query,entity_0652,entity_0751,0,entity_0652,entity_0751,entity_0751,entity_0652,validation
pair_006168,query,entity_0246,entity_0622,0,entity_0246,entity_0622,entity_0622,entity_0246,validation
pair_006169,query,entity_0407,entity_0408,1,entity_0408,entity_0407,entity_0407,entity_0408,test
pair_006170,query,entity_0113,entity_0320,0,entity_0113,entity_0320,entity_0320,entity_0113,test
pair_006171,query,entity_0056,entity_0057,1,entity_0057,entity_0056,entity_0056,entity_0057,test
pair_006172,query,entity_0018,entity_0686,0,entity_0018,entity_0686,entity_0686,entity_0018,test
pair_006173,query,entity_0362,entity_0370,1,entity_0362,entity_0370,entity_0370,entity_0362,test
pair_006174,query,entity_0027,entity_0547,0,entity_0547,entity_0027,entity_0027,entity_0547,test
pair_006175,query,entity_0512,entity_0513,1,entity_0512,entity_0513,entity_0513,entity_0512,validation
pair_006176,query,entity_0964,entity_0966,1,entity_0966,entity_0964,entity_0964,entity_0966,test
pair_006177,query,entity_0685,entity_0686,1,entity_0685,entity_0686,entity_0686,entity_0685,test
pair_006178,query,entity_0111,entity_0118,1,entity_0118,entity_0111,entity_0111,entity_0118,test
pair_006179,query,entity_0161,entity_0784,0,entity_0784,entity_0161,entity_0161,entity_0784,test
pair_006180,query,entity_0618,entity_0996,0,entity_0618,entity_0996,entity_0996,entity_0618,test
pair_006181,query,entity_0723,entity_0730,1,entity_0730,entity_0723,entity_0723,entity_0730,test
pair_006182,query,entity_0252,entity_0254,1,entity_0254,entity_0252,entity_0252,entity_0254,test
pair_006183,query,entity_0547,entity_0549,1,entity_0547,entity_0549,entity_0549,entity_0547,test
pair_006184,query,entity_0677,entity_0678,1,entity_0678,entity_0677,entity_0677,entity_0678,test
pair_006185,query,entity_0914,entity_0916,1,entity_0916,entity_0914,entity_0914,entity_0916,test
pair_006186,query,entity_0252,entity_0255,1,entity_0255,entity_0252,entity_0252,entity_0255,validation
pair_006187,query,entity_0328,entity_0719,0,entity_0328,entity_0719,entity_0719,entity_0328,test
pair_006188,query,entity_0991,entity_0993,1,entity_0993,entity_0991,entity_0991,entity_0993,validation
pair_006189,query,entity_0201,entity_0425,0,entity_0425,entity_0201,entity_0201,entity_0425,test
pair_006190,query,entity_0466,entity_0869,0,entity_0466,entity_0869,entity_0869,entity_0466,validation
pair_006191,query,entity_0745,entity_0772,0,entity_0745,entity_0772,entity_0772,entity_0745,validation
pair_006192,query,entity_0045,entity_0047,1,entity_0047,entity_0045,entity_0045,entity_0047,test
pair_006193,query,entity_0340,entity_0845,0,entity_0845,entity_0340,entity_0340,entity_0845,test
pair_006194,query,entity_0452,entity_0474,0,entity_0452,entity_0474,entity_0474,entity_0452,test
pair_006195,query,entity_0139,entity_0898,0,entity_0139,entity_0898,entity_0898,entity_0139,test
pair_006196,query,entity_0432,entity_0440,1,entity_0440,entity_0432,entity_0432,entity_0440,test
pair_006197,query,entity_0227,entity_0230,1,entity_0227,entity_0230,entity_0230,entity_0227,test
pair_006198,query,entity_0513,entity_0520,1,entity_0513,entity_0520,entity_0520,entity_0513,test
pair_006199,query,entity_0001,entity_0002,1,entity_0001,entity_0002,entity_0002,entity_0001,test
pair_006200,query,entity_0055,entity_0060,1,entity_0055,entity_0060,entity_0060,entity_0055,validation
pair_006201,query,entity_0435,entity_0439,1,entity_0435,entity_0439,entity_0439,entity_0435,test
pair_006202,query,entity_0899,entity_0974,0,entity_0899,entity_0974,entity_0974,entity_0899,test
pair_006203,query,entity_0414,entity_0543,0,entity_0543,entity_0414,entity_0414,entity_0543,test
pair_006204,query,entity_0722,entity_0725,1,entity_0725,entity_0722,entity_0722,entity_0725,test
pair_006205,query,entity_0492,entity_0840,0,entity_0840,entity_0492,entity_0492,entity_0840,validation
pair_006206,query,entity_0182,entity_0813,0,entity_0813,entity_0182,entity_0182,entity_0813,test
pair_006207,query,entity_0734,entity_0739,1,entity_0734,entity_0739,entity_0739,entity_0734,test
pair_006208,query,entity_0043,entity_0048,1,entity_0048,entity_0043,entity_0043,entity_0048,validation
pair_006209,query,entity_0416,entity_0588,0,entity_0416,entity_0588,entity_0588,entity_0416,test
pair_006210,query,entity_0044,entity_0742,0,entity_0742,entity_0044,entity_0044,entity_0742,validation
pair_006211,query,entity_0286,entity_0289,1,entity_0289,entity_0286,entity_0286,entity_0289,test
pair_006212,query,entity_0853,entity_0927,0,entity_0927,entity_0853,entity_0853,entity_0927,test
pair_006213,query,entity_0266,entity_0393,0,entity_0393,entity_0266,entity_0266,entity_0393,test
pair_006214,query,entity_0122,entity_0428,0,entity_0428,entity_0122,entity_0122,entity_0428,test
pair_006215,query,entity_0198,entity_0949,0,entity_0949,entity_0198,entity_0198,entity_0949,test
pair_006216,query,entity_0585,entity_0588,1,entity_0585,entity_0588,entity_0588,entity_0585,test
pair_006217,query,entity_0577,entity_0822,0,entity_0577,entity_0822,entity_0822,entity_0577,test
pair_006218,query,entity_0704,entity_0708,1,entity_0704,entity_0708,entity_0708,entity_0704,test
pair_006219,query,entity_0058,entity_0459,0,entity_0058,entity_0459,entity_0459,entity_0058,test
pair_006220,query,entity_0480,entity_0804,0,entity_0480,entity_0804,entity_0804,entity_0480,test
pair_006221,query,entity_0824,entity_0829,1,entity_0829,entity_0824,entity_0824,entity_0829,test
pair_006222,query,entity_0387,entity_0719,0,entity_0719,entity_0387,entity_0387,entity_0719,test
pair_006223,query,entity_0796,entity_0799,1,entity_0796,entity_0799,entity_0799,entity_0796,test
pair_006224,query,entity_0043,entity_0240,0,entity_0043,entity_0240,entity_0240,entity_0043,test
pair_006225,query,entity_0405,entity_0406,1,entity_0406,entity_0405,entity_0405,entity_0406,test
pair_006226,query,entity_0989,entity_0990,1,entity_0989,entity_0990,entity_0990,entity_0989,test
pair_006227,query,entity_0129,entity_0130,1,entity_0129,entity_0130,entity_0130,entity_0129,validation
pair_006228,query,entity_0611,entity_0684,0,entity_0611,entity_0684,entity_0684,entity_0611,test
pair_006229,query,entity_0643,entity_0647,1,entity_0647,entity_0643,entity_0643,entity_0647,test
pair_006230,query,entity_0403,entity_0406,1,entity_0406,entity_0403,entity_0403,entity_0406,test
pair_006231,query,entity_0078,entity_0527,0,entity_0078,entity_0527,entity_0527,entity_0078,test
pair_006232,query,entity_0319,entity_0742,0,entity_0742,entity_0319,entity_0319,entity_0742,validation
pair_006233,query,entity_0387,entity_0390,1,entity_0387,entity_0390,entity_0390,entity_0387,test
pair_006234,query,entity_0542,entity_0543,1,entity_0542,entity_0543,entity_0543,entity_0542,test
pair_006235,query,entity_0076,entity_0935,0,entity_0935,entity_0076,entity_0076,entity_0935,validation
pair_006236,query,entity_0211,entity_0217,1,entity_0217,entity_0211,entity_0211,entity_0217,test
pair_006237,query,entity_0694,entity_0697,1,entity_0694,entity_0697,entity_0697,entity_0694,test
pair_006238,query,entity_0244,entity_0247,1,entity_0244,entity_0247,entity_0247,entity_0244,validation
pair_006239,query,entity_0849,entity_0964,0,entity_0964,entity_0849,entity_0849,entity_0964,test
pair_006240,query,entity_0422,entity_0873,0,entity_0422,entity_0873,entity_0873,entity_0422,validation
pair_006241,query,entity_0336,entity_0623,0,entity_0623,entity_0336,entity_0336,entity_0623,test
pair_006242,query,entity_0536,entity_0651,0,entity_0536,entity_0651,entity_0651,entity_0536,validation
pair_006243,query,entity_0454,entity_0457,1,entity_0454,entity_0457,entity_0457,entity_0454,test
pair_006244,query,entity_0551,entity_0891,0,entity_0551,entity_0891,entity_0891,entity_0551,test
pair_006245,query,entity_0295,entity_0298,1,entity_0298,entity_0295,entity_0295,entity_0298,test
pair_006246,query,entity_0673,entity_0677,1,entity_0677,entity_0673,entity_0673,entity_0677,test
pair_006247,query,entity_0605,entity_0908,0,entity_0908,entity_0605,entity_0605,entity_0908,test
pair_006248,query,entity_0652,entity_0659,1,entity_0652,entity_0659,entity_0659,entity_0652,test
pair_006249,query,entity_0644,entity_0650,1,entity_0644,entity_0650,entity_0650,entity_0644,test
pair_006250,query,entity_0081,entity_0348,0,entity_0348,entity_0081,entity_0081,entity_0348,test
pair_006251,query,entity_0314,entity_0317,1,entity_0317,entity_0314,entity_0314,entity_0317,validation
pair_006252,query,entity_0572,entity_0887,0,entity_0887,entity_0572,entity_0572,entity_0887,test
pair_006253,query,entity_0111,entity_0117,1,entity_0111,entity_0117,entity_0117,entity_0111,test
pair_006254,query,entity_0337,entity_0338,1,entity_0337,entity_0338,entity_0338,entity_0337,test
pair_006255,query,entity_0345,entity_0349,1,entity_0349,entity_0345,entity_0345,entity_0349,test
pair_006256,query,entity_0451,entity_0457,1,entity_0451,entity_0457,entity_0457,entity_0451,test
pair_006257,query,entity_0060,entity_0126,0,entity_0126,entity_0060,entity_0060,entity_0126,test
pair_006258,query,entity_0814,entity_0820,1,entity_0820,entity_0814,entity_0814,entity_0820,test
pair_006259,query,entity_0588,entity_0939,0,entity_0939,entity_0588,entity_0588,entity_0939,test
pair_006260,query,entity_0988,entity_0990,1,entity_0988,entity_0990,entity_0990,entity_0988,test
pair_006261,query,entity_0059,entity_0993,0,entity_0059,entity_0993,entity_0993,entity_0059,test
pair_006262,query,entity_0407,entity_0410,1,entity_0407,entity_0410,entity_0410,entity_0407,test
pair_006263,query,entity_0311,entity_0670,0,entity_0670,entity_0311,entity_0311,entity_0670,test
pair_006264,query,entity_0063,entity_0724,0,entity_0063,entity_0724,entity_0724,entity_0063,test
pair_006265,query,entity_0538,entity_0540,1,entity_0540,entity_0538,entity_0538,entity_0540,validation
pair_006266,query,entity_0962,entity_0963,1,entity_0962,entity_0963,entity_0963,entity_0962,test
pair_006267,query,entity_0378,entity_0664,0,entity_0378,entity_0664,entity_0664,entity_0378,test
pair_006268,query,entity_0391,entity_0415,0,entity_0391,entity_0415,entity_0415,entity_0391,validation
pair_006269,query,entity_0264,entity_0969,0,entity_0264,entity_0969,entity_0969,entity_0264,test
pair_006270,query,entity_0790,entity_0922,0,entity_0790,entity_0922,entity_0922,entity_0790,validation
pair_006271,query,entity_0652,entity_0660,1,entity_0652,entity_0660,entity_0660,entity_0652,test
pair_006272,query,entity_0772,entity_0776,1,entity_0776,entity_0772,entity_0772,entity_0776,test
pair_006273,query,entity_0405,entity_0514,0,entity_0405,entity_0514,entity_0514,entity_0405,test
pair_006274,query,entity_0962,entity_0965,1,entity_0962,entity_0965,entity_0965,entity_0962,validation
pair_006275,query,entity_0045,entity_0048,1,entity_0045,entity_0048,entity_0048,entity_0045,validation
pair_006276,query,entity_0474,entity_0477,1,entity_0477,entity_0474,entity_0474,entity_0477,test
pair_006277,query,entity_0097,entity_0100,1,entity_0097,entity_0100,entity_0100,entity_0097,test
pair_006278,query,entity_0914,entity_0920,1,entity_0914,entity_0920,entity_0920,entity_0914,test
pair_006279,query,entity_0475,entity_0476,1,entity_0475,entity_0476,entity_0476,entity_0475,test
pair_006280,query,entity_0354,entity_0359,1,entity_0359,entity_0354,entity_0354,entity_0359,test
pair_006281,query,entity_0388,entity_0389,1,entity_0389,entity_0388,entity_0388,entity_0389,validation
pair_006282,query,entity_0714,entity_0718,1,entity_0714,entity_0718,entity_0718,entity_0714,test
pair_006283,query,entity_0240,entity_0743,0,entity_0743,entity_0240,entity_0240,entity_0743,test
pair_006284,query,entity_0095,entity_0962,0,entity_0962,entity_0095,entity_0095,entity_0962,test
pair_006285,query,entity_0449,entity_0700,0,entity_0700,entity_0449,entity_0449,entity_0700,test
pair_006286,query,entity_0883,entity_0888,1,entity_0888,entity_0883,entity_0883,entity_0888,test
pair_006287,query,entity_0491,entity_0499,1,entity_0499,entity_0491,entity_0491,entity_0499,test
pair_006288,query,entity_0834,entity_0835,1,entity_0835,entity_0834,entity_0834,entity_0835,test
pair_006289,query,entity_0531,entity_0533,1,entity_0531,entity_0533,entity_0533,entity_0531,test
pair_006290,query,entity_0117,entity_0501,0,entity_0117,entity_0501,entity_0501,entity_0117,validation
pair_006291,query,entity_0676,entity_0979,0,entity_0676,entity_0979,entity_0979,entity_0676,test
pair_006292,query,entity_0661,entity_0669,1,entity_0669,entity_0661,entity_0661,entity_0669,test
pair_006293,query,entity_0431,entity_0436,1,entity_0436,entity_0431,entity_0431,entity_0436,validation
pair_006294,query,entity_0284,entity_0437,0,entity_0284,entity_0437,entity_0437,entity_0284,test
pair_006295,query,entity_0544,entity_0916,0,entity_0544,entity_0916,entity_0916,entity_0544,test
pair_006296,query,entity_0022,entity_0579,0,entity_0579,entity_0022,entity_0022,entity_0579,test
pair_006297,query,entity_0405,entity_0453,0,entity_0405,entity_0453,entity_0453,entity_0405,validation
pair_006298,query,entity_0753,entity_0757,1,entity_0757,entity_0753,entity_0753,entity_0757,test
pair_006299,query,entity_0502,entity_0598,0,entity_0502,entity_0598,entity_0598,entity_0502,test
pair_006300,query,entity_0302,entity_0309,1,entity_0309,entity_0302,entity_0302,entity_0309,test
pair_006301,query,entity_0663,entity_0711,0,entity_0711,entity_0663,entity_0663,entity_0711,test
pair_006302,query,entity_0262,entity_0471,0,entity_0471,entity_0262,entity_0262,entity_0471,test
pair_006303,query,entity_0237,entity_0393,0,entity_0393,entity_0237,entity_0237,entity_0393,test
pair_006304,query,entity_0256,entity_0577,0,entity_0577,entity_0256,entity_0256,entity_0577,test
pair_006305,query,entity_0906,entity_0908,1,entity_0908,entity_0906,entity_0906,entity_0908,validation
pair_006306,query,entity_0674,entity_0676,1,entity_0676,entity_0674,entity_0674,entity_0676,test
pair_006307,query,entity_0725,entity_0728,1,entity_0725,entity_0728,entity_0728,entity_0725,test
pair_006308,query,entity_0645,entity_0679,0,entity_0679,entity_0645,entity_0645,entity_0679,test
pair_006309,query,entity_0222,entity_0999,0,entity_0222,entity_0999,entity_0999,entity_0222,test
pair_006310,query,entity_0015,entity_0671,0,entity_0015,entity_0671,entity_0671,entity_0015,test
pair_006311,query,entity_0104,entity_0416,0,entity_0416,entity_0104,entity_0104,entity_0416,validation
pair_006312,query,entity_0615,entity_0619,1,entity_0615,entity_0619,entity_0619,entity_0615,test
pair_006313,query,entity_0951,entity_0959,1,entity_0959,entity_0951,entity_0951,entity_0959,test
pair_006314,query,entity_0123,entity_0127,1,entity_0123,entity_0127,entity_0127,entity_0123,test
pair_006315,query,entity_0055,entity_0058,1,entity_0055,entity_0058,entity_0058,entity_0055,test
pair_006316,query,entity_0914,entity_0918,1,entity_0918,entity_0914,entity_0914,entity_0918,validation
pair_006317,query,entity_0526,entity_0865,0,entity_0865,entity_0526,entity_0526,entity_0865,test
pair_006318,query,entity_0435,entity_0436,1,entity_0435,entity_0436,entity_0436,entity_0435,test
pair_006319,query,entity_0362,entity_0363,1,entity_0363,entity_0362,entity_0362,entity_0363,test
pair_006320,query,entity_0972,entity_0978,1,entity_0978,entity_0972,entity_0972,entity_0978,test
pair_006321,query,entity_0470,entity_0482,0,entity_0470,entity_0482,entity_0482,entity_0470,test
pair_006322,query,entity_0744,entity_0750,1,entity_0750,entity_0744,entity_0744,entity_0750,test
pair_006323,query,entity_0537,entity_0622,0,entity_0537,entity_0622,entity_0622,entity_0537,test
pair_006324,query,entity_0781,entity_0787,1,entity_0781,entity_0787,entity_0787,entity_0781,test
pair_006325,query,entity_0260,entity_0962,0,entity_0962,entity_0260,entity_0260,entity_0962,test
pair_006326,query,entity_0099,entity_0583,0,entity_0099,entity_0583,entity_0583,entity_0099,validation
pair_006327,query,entity_0902,entity_0910,1,entity_0910,entity_0902,entity_0902,entity_0910,test
pair_006328,query,entity_0203,entity_0913,0,entity_0203,entity_0913,entity_0913,entity_0203,test
pair_006329,query,entity_0347,entity_0349,1,entity_0349,entity_0347,entity_0347,entity_0349,validation
pair_006330,query,entity_0112,entity_0114,1,entity_0114,entity_0112,entity_0112,entity_0114,test
pair_006331,query,entity_0236,entity_0239,1,entity_0236,entity_0239,entity_0239,entity_0236,test
pair_006332,query,entity_0060,entity_0263,0,entity_0263,entity_0060,entity_0060,entity_0263,test
pair_006333,query,entity_0571,entity_0574,1,entity_0571,entity_0574,entity_0574,entity_0571,test
pair_006334,query,entity_0031,entity_0036,1,entity_0036,entity_0031,entity_0031,entity_0036,test
pair_006335,query,entity_0005,entity_0260,0,entity_0005,entity_0260,entity_0260,entity_0005,test
pair_006336,query,entity_0283,entity_0288,1,entity_0288,entity_0283,entity_0283,entity_0288,test
pair_006337,query,entity_0161,entity_0892,0,entity_0892,entity_0161,entity_0161,entity_0892,test
pair_006338,query,entity_0745,entity_0748,1,entity_0748,entity_0745,entity_0745,entity_0748,test
pair_006339,query,entity_0031,entity_0037,1,entity_0031,entity_0037,entity_0037,entity_0031,test
pair_006340,query,entity_0333,entity_0591,0,entity_0591,entity_0333,entity_0333,entity_0591,test
pair_006341,query,entity_0115,entity_0813,0,entity_0115,entity_0813,entity_0813,entity_0115,test
pair_006342,query,entity_0411,entity_0413,1,entity_0411,entity_0413,entity_0413,entity_0411,validation
pair_006343,query,entity_0165,entity_0166,1,entity_0166,entity_0165,entity_0165,entity_0166,test
pair_006344,query,entity_0966,entity_0968,1,entity_0968,entity_0966,entity_0966,entity_0968,test
pair_006345,query,entity_0846,entity_0993,0,entity_0993,entity_0846,entity_0846,entity_0993,test
pair_006346,query,entity_0818,entity_0943,0,entity_0818,entity_0943,entity_0943,entity_0818,test
pair_006347,query,entity_0921,entity_0924,1,entity_0921,entity_0924,entity_0924,entity_0921,test
pair_006348,query,entity_0672,entity_0673,1,entity_0673,entity_0672,entity_0672,entity_0673,test
pair_006349,query,entity_0134,entity_0460,0,entity_0134,entity_0460,entity_0460,entity_0134,validation
pair_006350,query,entity_0583,entity_0799,0,entity_0583,entity_0799,entity_0799,entity_0583,test
pair_006351,query,entity_0405,entity_0559,0,entity_0559,entity_0405,entity_0405,entity_0559,test
pair_006352,query,entity_0305,entity_0310,1,entity_0305,entity_0310,entity_0310,entity_0305,test
pair_006353,query,entity_0011,entity_0657,0,entity_0011,entity_0657,entity_0657,entity_0011,test
pair_006354,query,entity_0376,entity_0445,0,entity_0376,entity_0445,entity_0445,entity_0376,test
pair_006355,query,entity_0285,entity_0810,0,entity_0810,entity_0285,entity_0285,entity_0810,test
pair_006356,query,entity_0148,entity_0256,0,entity_0148,entity_0256,entity_0256,entity_0148,test
pair_006357,query,entity_0636,entity_0729,0,entity_0636,entity_0729,entity_0729,entity_0636,test
pair_006358,query,entity_0371,entity_0377,1,entity_0371,entity_0377,entity_0377,entity_0371,validation
pair_006359,query,entity_0132,entity_0939,0,entity_0132,entity_0939,entity_0939,entity_0132,test
pair_006360,query,entity_0873,entity_0874,1,entity_0874,entity_0873,entity_0873,entity_0874,test
pair_006361,query,entity_0747,entity_0775,0,entity_0747,entity_0775,entity_0775,entity_0747,validation
pair_006362,query,entity_0424,entity_0759,0,entity_0759,entity_0424,entity_0424,entity_0759,test
pair_006363,query,entity_0352,entity_0760,0,entity_0760,entity_0352,entity_0352,entity_0760,test
pair_006364,query,entity_0911,entity_0916,1,entity_0911,entity_0916,entity_0916,entity_0911,test
pair_006365,query,entity_0336,entity_0964,0,entity_0964,entity_0336,entity_0336,entity_0964,test
pair_006366,query,entity_0352,entity_0630,0,entity_0352,entity_0630,entity_0630,entity_0352,test
pair_006367,query,entity_0255,entity_0888,0,entity_0255,entity_0888,entity_0888,entity_0255,test
pair_006368,query,entity_0292,entity_0391,0,entity_0292,entity_0391,entity_0391,entity_0292,validation
pair_006369,query,entity_0844,entity_0845,1,entity_0845,entity_0844,entity_0844,entity_0845,test
pair_006370,query,entity_0144,entity_0147,1,entity_0147,entity_0144,entity_0144,entity_0147,test
pair_006371,query,entity_0009,entity_0156,0,entity_0156,entity_0009,entity_0009,entity_0156,test
pair_006372,query,entity_0155,entity_0950,0,entity_0155,entity_0950,entity_0950,entity_0155,test
pair_006373,query,entity_0395,entity_0398,1,entity_0395,entity_0398,entity_0398,entity_0395,test
pair_006374,query,entity_0334,entity_0409,0,entity_0334,entity_0409,entity_0409,entity_0334,validation
pair_006375,query,entity_0364,entity_0653,0,entity_0653,entity_0364,entity_0364,entity_0653,validation
pair_006376,query,entity_0871,entity_0872,1,entity_0871,entity_0872,entity_0872,entity_0871,test
pair_006377,query,entity_0484,entity_0488,1,entity_0488,entity_0484,entity_0484,entity_0488,test
pair_006378,query,entity_0476,entity_0478,1,entity_0478,entity_0476,entity_0476,entity_0478,test
pair_006379,query,entity_0261,entity_0262,1,entity_0261,entity_0262,entity_0262,entity_0261,test
pair_006380,query,entity_0250,entity_0381,0,entity_0381,entity_0250,entity_0250,entity_0381,test
pair_006381,query,entity_0177,entity_0326,0,entity_0326,entity_0177,entity_0177,entity_0326,test
pair_006382,query,entity_0377,entity_0847,0,entity_0377,entity_0847,entity_0847,entity_0377,test
pair_006383,query,entity_0725,entity_0911,0,entity_0725,entity_0911,entity_0911,entity_0725,test
pair_006384,query,entity_0270,entity_0312,0,entity_0312,entity_0270,entity_0270,entity_0312,test
pair_006385,query,entity_0791,entity_0796,1,entity_0796,entity_0791,entity_0791,entity_0796,test
pair_006386,query,entity_0454,entity_0774,0,entity_0454,entity_0774,entity_0774,entity_0454,test
pair_006387,query,entity_0963,entity_0968,1,entity_0963,entity_0968,entity_0968,entity_0963,test
pair_006388,query,entity_0506,entity_0650,0,entity_0650,entity_0506,entity_0506,entity_0650,test
pair_006389,query,entity_0085,entity_0202,0,entity_0085,entity_0202,entity_0202,entity_0085,test
pair_006390,query,entity_0650,entity_0789,0,entity_0650,entity_0789,entity_0789,entity_0650,test
pair_006391,query,entity_0029,entity_0303,0,entity_0029,entity_0303,entity_0303,entity_0029,test
pair_006392,query,entity_0521,entity_0769,0,entity_0521,entity_0769,entity_0769,entity_0521,test
pair_006393,query,entity_0591,entity_0965,0,entity_0591,entity_0965,entity_0965,entity_0591,test
pair_006394,query,entity_0383,entity_0681,0,entity_0681,entity_0383,entity_0383,entity_0681,test
pair_006395,query,entity_0934,entity_0937,1,entity_0937,entity_0934,entity_0934,entity_0937,test
pair_006396,query,entity_0095,entity_0205,0,entity_0095,entity_0205,entity_0205,entity_0095,validation
pair_006397,query,entity_0343,entity_0344,1,entity_0344,entity_0343,entity_0343,entity_0344,test
pair_006398,query,entity_0314,entity_0318,1,entity_0314,entity_0318,entity_0318,entity_0314,test
pair_006399,query,entity_0590,entity_0719,0,entity_0719,entity_0590,entity_0590,entity_0719,test
pair_006400,query,entity_0353,entity_0358,1,entity_0358,entity_0353,entity_0353,entity_0358,test
pair_006401,query,entity_0696,entity_0854,0,entity_0696,entity_0854,entity_0854,entity_0696,validation
pair_006402,query,entity_0584,entity_0766,0,entity_0766,entity_0584,entity_0584,entity_0766,test
pair_006403,query,entity_0974,entity_0980,1,entity_0974,entity_0980,entity_0980,entity_0974,test
pair_006404,query,entity_0011,entity_0604,0,entity_0604,entity_0011,entity_0011,entity_0604,validation
pair_006405,query,entity_0819,entity_0820,1,entity_0820,entity_0819,entity_0819,entity_0820,test
pair_006406,query,entity_0212,entity_0580,0,entity_0580,entity_0212,entity_0212,entity_0580,test
pair_006407,query,entity_0854,entity_0857,1,entity_0854,entity_0857,entity_0857,entity_0854,test
pair_006408,query,entity_0707,entity_0709,1,entity_0707,entity_0709,entity_0709,entity_0707,test
pair_006409,query,entity_0137,entity_0913,0,entity_0913,entity_0137,entity_0137,entity_0913,validation
pair_006410,query,entity_0962,entity_0967,1,entity_0962,entity_0967,entity_0967,entity_0962,test
pair_006411,query,entity_0439,entity_0798,0,entity_0439,entity_0798,entity_0798,entity_0439,test
pair_006412,query,entity_0112,entity_0116,1,entity_0116,entity_0112,entity_0112,entity_0116,test
pair_006413,query,entity_0761,entity_0763,1,entity_0763,entity_0761,entity_0761,entity_0763,validation
pair_006414,query,entity_0135,entity_0139,1,entity_0139,entity_0135,entity_0135,entity_0139,validation
pair_006415,query,entity_0816,entity_0817,1,entity_0817,entity_0816,entity_0816,entity_0817,test
pair_006416,query,entity_0057,entity_0863,0,entity_0863,entity_0057,entity_0057,entity_0863,test
pair_006417,query,entity_0854,entity_0859,1,entity_0854,entity_0859,entity_0859,entity_0854,test
pair_006418,query,entity_0745,entity_0749,1,entity_0749,entity_0745,entity_0745,entity_0749,test
pair_006419,query,entity_0743,entity_0748,1,entity_0743,entity_0748,entity_0748,entity_0743,test
pair_006420,query,entity_0247,entity_0254,0,entity_0247,entity_0254,entity_0254,entity_0247,validation
pair_006421,query,entity_0422,entity_0424,1,entity_0422,entity_0424,entity_0424,entity_0422,validation
pair_006422,query,entity_0607,entity_0608,1,entity_0607,entity_0608,entity_0608,entity_0607,test
pair_006423,query,entity_0423,entity_0583,0,entity_0423,entity_0583,entity_0583,entity_0423,test
pair_006424,query,entity_0296,entity_0297,1,entity_0297,entity_0296,entity_0296,entity_0297,validation
pair_006425,query,entity_0833,entity_0834,1,entity_0833,entity_0834,entity_0834,entity_0833,validation
pair_006426,query,entity_0361,entity_0368,1,entity_0361,entity_0368,entity_0368,entity_0361,test
pair_006427,query,entity_0015,entity_0016,1,entity_0016,entity_0015,entity_0015,entity_0016,test
pair_006428,query,entity_0622,entity_0630,1,entity_0622,entity_0630,entity_0630,entity_0622,test
pair_006429,query,entity_0075,entity_0654,0,entity_0075,entity_0654,entity_0654,entity_0075,validation
pair_006430,query,entity_0502,entity_0505,1,entity_0505,entity_0502,entity_0502,entity_0505,test
pair_006431,query,entity_0583,entity_0590,1,entity_0583,entity_0590,entity_0590,entity_0583,test
pair_006432,query,entity_0036,entity_0749,0,entity_0036,entity_0749,entity_0749,entity_0036,test
pair_006433,query,entity_0008,entity_0407,0,entity_0008,entity_0407,entity_0407,entity_0008,validation
pair_006434,query,entity_0402,entity_0403,1,entity_0403,entity_0402,entity_0402,entity_0403,test
pair_006435,query,entity_0274,entity_0280,1,entity_0274,entity_0280,entity_0280,entity_0274,test
pair_006436,query,entity_0712,entity_0713,1,entity_0712,entity_0713,entity_0713,entity_0712,test
pair_006437,query,entity_0125,entity_0358,0,entity_0125,entity_0358,entity_0358,entity_0125,validation
pair_006438,query,entity_0016,entity_0595,0,entity_0595,entity_0016,entity_0016,entity_0595,test
pair_006439,query,entity_0915,entity_0919,1,entity_0919,entity_0915,entity_0915,entity_0919,test
pair_006440,query,entity_0611,entity_0612,1,entity_0612,entity_0611,entity_0611,entity_0612,validation
pair_006441,query,entity_0785,entity_0788,1,entity_0785,entity_0788,entity_0788,entity_0785,validation
pair_006442,query,entity_0211,entity_0213,1,entity_0213,entity_0211,entity_0211,entity_0213,test
pair_006443,query,entity_0261,entity_0889,0,entity_0261,entity_0889,entity_0889,entity_0261,test
pair_006444,query,entity_0462,entity_0760,0,entity_0760,entity_0462,entity_0462,entity_0760,validation
pair_006445,query,entity_0366,entity_0370,1,entity_0370,entity_0366,entity_0366,entity_0370,test
pair_006446,query,entity_0382,entity_0383,1,entity_0383,entity_0382,entity_0382,entity_0383,test
pair_006447,query,entity_0591,entity_0593,1,entity_0591,entity_0593,entity_0593,entity_0591,validation
pair_006448,query,entity_0857,entity_0858,1,entity_0858,entity_0857,entity_0857,entity_0858,test
pair_006449,query,entity_0220,entity_0278,0,entity_0278,entity_0220,entity_0220,entity_0278,test
pair_006450,query,entity_0264,entity_0553,0,entity_0264,entity_0553,entity_0553,entity_0264,test
pair_006451,query,entity_0279,entity_0280,1,entity_0279,entity_0280,entity_0280,entity_0279,test
pair_006452,query,entity_0030,entity_0124,0,entity_0030,entity_0124,entity_0124,entity_0030,test
pair_006453,query,entity_0321,entity_0674,0,entity_0321,entity_0674,entity_0674,entity_0321,test
pair_006454,query,entity_0732,entity_0799,0,entity_0799,entity_0732,entity_0732,entity_0799,validation
pair_006455,query,entity_0468,entity_0822,0,entity_0468,entity_0822,entity_0822,entity_0468,test
pair_006456,query,entity_0035,entity_0790,0,entity_0790,entity_0035,entity_0035,entity_0790,test
pair_006457,query,entity_0822,entity_0896,0,entity_0822,entity_0896,entity_0896,entity_0822,test
pair_006458,query,entity_0499,entity_0691,0,entity_0691,entity_0499,entity_0499,entity_0691,test
pair_006459,query,entity_0384,entity_0404,0,entity_0404,entity_0384,entity_0384,entity_0404,test
pair_006460,query,entity_0495,entity_0531,0,entity_0495,entity_0531,entity_0531,entity_0495,test
pair_006461,query,entity_0873,entity_0877,1,entity_0873,entity_0877,entity_0877,entity_0873,validation
pair_006462,query,entity_0392,entity_0393,1,entity_0392,entity_0393,entity_0393,entity_0392,test
pair_006463,query,entity_0353,entity_0502,0,entity_0502,entity_0353,entity_0353,entity_0502,test
pair_006464,query,entity_0901,entity_0906,1,entity_0901,entity_0906,entity_0906,entity_0901,test
pair_006465,query,entity_0307,entity_0310,1,entity_0307,entity_0310,entity_0310,entity_0307,test
pair_006466,query,entity_0575,entity_0644,0,entity_0575,entity_0644,entity_0644,entity_0575,test
pair_006467,query,entity_0223,entity_0536,0,entity_0223,entity_0536,entity_0536,entity_0223,validation
pair_006468,query,entity_0655,entity_0656,1,entity_0656,entity_0655,entity_0655,entity_0656,test
pair_006469,query,entity_0575,entity_0576,1,entity_0575,entity_0576,entity_0576,entity_0575,test
pair_006470,query,entity_0327,entity_0564,0,entity_0564,entity_0327,entity_0327,entity_0564,test
pair_006471,query,entity_0651,entity_0656,1,entity_0651,entity_0656,entity_0656,entity_0651,test
pair_006472,query,entity_0096,entity_0098,1,entity_0096,entity_0098,entity_0098,entity_0096,test
pair_006473,query,entity_0485,entity_0845,0,entity_0845,entity_0485,entity_0485,entity_0845,validation
pair_006474,query,entity_0702,entity_0704,1,entity_0702,entity_0704,entity_0704,entity_0702,test
pair_006475,query,entity_0024,entity_0333,0,entity_0024,entity_0333,entity_0333,entity_0024,validation
pair_006476,query,entity_0312,entity_0503,0,entity_0503,entity_0312,entity_0312,entity_0503,test
pair_006477,query,entity_0609,entity_0664,0,entity_0664,entity_0609,entity_0609,entity_0664,test
pair_006478,query,entity_0173,entity_0179,1,entity_0173,entity_0179,entity_0179,entity_0173,validation
pair_006479,query,entity_0325,entity_0330,1,entity_0325,entity_0330,entity_0330,entity_0325,validation
pair_006480,query,entity_0935,entity_0938,1,entity_0935,entity_0938,entity_0938,entity_0935,test
pair_006481,query,entity_0001,entity_0490,0,entity_0001,entity_0490,entity_0490,entity_0001,validation
pair_006482,query,entity_0485,entity_0489,1,entity_0489,entity_0485,entity_0485,entity_0489,test
pair_006483,query,entity_0762,entity_0764,1,entity_0764,entity_0762,entity_0762,entity_0764,test
pair_006484,query,entity_0240,entity_0851,0,entity_0240,entity_0851,entity_0851,entity_0240,test
pair_006485,query,entity_0941,entity_0945,1,entity_0941,entity_0945,entity_0945,entity_0941,validation
pair_006486,query,entity_0741,entity_0742,1,entity_0742,entity_0741,entity_0741,entity_0742,test
pair_006487,query,entity_0260,entity_0283,0,entity_0260,entity_0283,entity_0283,entity_0260,test
pair_006488,query,entity_0463,entity_0466,1,entity_0466,entity_0463,entity_0463,entity_0466,test
pair_006489,query,entity_0102,entity_0919,0,entity_0919,entity_0102,entity_0102,entity_0919,test
pair_006490,query,entity_0029,entity_0384,0,entity_0384,entity_0029,entity_0029,entity_0384,test
pair_006491,query,entity_0447,entity_0826,0,entity_0447,entity_0826,entity_0826,entity_0447,test
pair_006492,query,entity_0323,entity_0687,0,entity_0323,entity_0687,entity_0687,entity_0323,test
pair_006493,query,entity_0127,entity_0864,0,entity_0864,entity_0127,entity_0127,entity_0864,test
pair_006494,query,entity_0743,entity_0784,0,entity_0743,entity_0784,entity_0784,entity_0743,test
pair_006495,query,entity_0461,entity_0463,1,entity_0461,entity_0463,entity_0463,entity_0461,validation
pair_006496,query,entity_0445,entity_0446,1,entity_0445,entity_0446,entity_0446,entity_0445,test
pair_006497,query,entity_0134,entity_0649,0,entity_0134,entity_0649,entity_0649,entity_0134,test
pair_006498,query,entity_0072,entity_0075,1,entity_0075,entity_0072,entity_0072,entity_0075,test
pair_006499,query,entity_0641,entity_0649,1,entity_0649,entity_0641,entity_0641,entity_0649,test
pair_006500,query,entity_0504,entity_0510,1,entity_0504,entity_0510,entity_0510,entity_0504,test
pair_006501,query,entity_0136,entity_0139,1,entity_0139,entity_0136,entity_0136,entity_0139,test
pair_006502,query,entity_0034,entity_0833,0,entity_0833,entity_0034,entity_0034,entity_0833,test
pair_006503,query,entity_0275,entity_0278,1,entity_0278,entity_0275,entity_0275,entity_0278,test
pair_006504,query,entity_0302,entity_0999,0,entity_0302,entity_0999,entity_0999,entity_0302,validation
pair_006505,query,entity_0342,entity_0346,1,entity_0346,entity_0342,entity_0342,entity_0346,test
pair_006506,query,entity_0961,entity_0963,1,entity_0963,entity_0961,entity_0961,entity_0963,test
pair_006507,query,entity_0047,entity_0517,0,entity_0047,entity_0517,entity_0517,entity_0047,test
pair_006508,query,entity_0912,entity_0914,1,entity_0912,entity_0914,entity_0914,entity_0912,test
pair_006509,query,entity_0703,entity_0707,1,entity_0703,entity_0707,entity_0707,entity_0703,test
pair_006510,query,entity_0393,entity_0394,1,entity_0393,entity_0394,entity_0394,entity_0393,test
pair_006511,query,entity_0021,entity_0022,1,entity_0021,entity_0022,entity_0022,entity_0021,validation
pair_006512,query,entity_0577,entity_0837,0,entity_0837,entity_0577,entity_0577,entity_0837,test
pair_006513,query,entity_0663,entity_0666,1,entity_0663,entity_0666,entity_0666,entity_0663,test
pair_006514,query,entity_0874,entity_0878,1,entity_0874,entity_0878,entity_0878,entity_0874,test
pair_006515,query,entity_0511,entity_0520,1,entity_0511,entity_0520,entity_0520,entity_0511,test
pair_006516,query,entity_0607,entity_0610,1,entity_0610,entity_0607,entity_0607,entity_0610,test
pair_006517,query,entity_0697,entity_0906,0,entity_0906,entity_0697,entity_0697,entity_0906,test
pair_006518,query,entity_0338,entity_0340,1,entity_0340,entity_0338,entity_0338,entity_0340,test
pair_006519,query,entity_0344,entity_0397,0,entity_0397,entity_0344,entity_0344,entity_0397,test
pair_006520,query,entity_0079,entity_0685,0,entity_0079,entity_0685,entity_0685,entity_0079,validation
pair_006521,query,entity_0154,entity_0759,0,entity_0154,entity_0759,entity_0759,entity_0154,test
pair_006522,query,entity_0271,entity_0277,1,entity_0277,entity_0271,entity_0271,entity_0277,test
pair_006523,query,entity_0438,entity_0699,0,entity_0438,entity_0699,entity_0699,entity_0438,test
pair_006524,query,entity_0961,entity_0969,1,entity_0969,entity_0961,entity_0961,entity_0969,test
pair_006525,query,entity_0707,entity_0710,1,entity_0707,entity_0710,entity_0710,entity_0707,test
pair_006526,query,entity_0019,entity_0448,0,entity_0448,entity_0019,entity_0019,entity_0448,validation
pair_006527,query,entity_0270,entity_0454,0,entity_0270,entity_0454,entity_0454,entity_0270,test
pair_006528,query,entity_0309,entity_0706,0,entity_0309,entity_0706,entity_0706,entity_0309,test
pair_006529,query,entity_0161,entity_0336,0,entity_0161,entity_0336,entity_0336,entity_0161,validation
pair_006530,query,entity_0501,entity_0505,1,entity_0505,entity_0501,entity_0501,entity_0505,test
pair_006531,query,entity_0511,entity_0512,1,entity_0512,entity_0511,entity_0511,entity_0512,test
pair_006532,query,entity_0414,entity_0420,1,entity_0414,entity_0420,entity_0420,entity_0414,test
pair_006533,query,entity_0036,entity_0085,0,entity_0036,entity_0085,entity_0085,entity_0036,test
pair_006534,query,entity_0425,entity_0810,0,entity_0810,entity_0425,entity_0425,entity_0810,validation
pair_006535,query,entity_0320,entity_0639,0,entity_0639,entity_0320,entity_0320,entity_0639,test
pair_006536,query,entity_0084,entity_0090,1,entity_0090,entity_0084,entity_0084,entity_0090,test
pair_006537,query,entity_0067,entity_0313,0,entity_0313,entity_0067,entity_0067,entity_0313,test
pair_006538,query,entity_0353,entity_0434,0,entity_0434,entity_0353,entity_0353,entity_0434,test
pair_006539,query,entity_0121,entity_0127,1,entity_0127,entity_0121,entity_0121,entity_0127,test
pair_006540,query,entity_0075,entity_0077,1,entity_0077,entity_0075,entity_0075,entity_0077,test
pair_006541,query,entity_0485,entity_0932,0,entity_0932,entity_0485,entity_0485,entity_0932,test
pair_006542,query,entity_0997,entity_0998,1,entity_0997,entity_0998,entity_0998,entity_0997,test
pair_006543,query,entity_0263,entity_0953,0,entity_0953,entity_0263,entity_0263,entity_0953,validation
pair_006544,query,entity_0417,entity_0420,1,entity_0417,entity_0420,entity_0420,entity_0417,test
pair_006545,query,entity_0908,entity_0910,1,entity_0908,entity_0910,entity_0910,entity_0908,test
pair_006546,query,entity_0156,entity_0886,0,entity_0886,entity_0156,entity_0156,entity_0886,validation
pair_006547,query,entity_0331,entity_0338,1,entity_0338,entity_0331,entity_0331,entity_0338,test
pair_006548,query,entity_0134,entity_0693,0,entity_0134,entity_0693,entity_0693,entity_0134,validation
pair_006549,query,entity_0130,entity_0248,0,entity_0130,entity_0248,entity_0248,entity_0130,test
pair_006550,query,entity_0224,entity_0228,1,entity_0224,entity_0228,entity_0228,entity_0224,test
pair_006551,query,entity_0865,entity_0869,1,entity_0865,entity_0869,entity_0869,entity_0865,test
pair_006552,query,entity_0449,entity_0544,0,entity_0544,entity_0449,entity_0449,entity_0544,test
pair_006553,query,entity_0081,entity_0584,0,entity_0584,entity_0081,entity_0081,entity_0584,test
pair_006554,query,entity_0537,entity_0858,0,entity_0858,entity_0537,entity_0537,entity_0858,validation
pair_006555,query,entity_0666,entity_0670,1,entity_0670,entity_0666,entity_0666,entity_0670,test
pair_006556,query,entity_0882,entity_0885,1,entity_0882,entity_0885,entity_0885,entity_0882,test
pair_006557,query,entity_0460,entity_0913,0,entity_0460,entity_0913,entity_0913,entity_0460,test
pair_006558,query,entity_0367,entity_0369,1,entity_0367,entity_0369,entity_0369,entity_0367,test
pair_006559,query,entity_0198,entity_0409,0,entity_0409,entity_0198,entity_0198,entity_0409,test
pair_006560,query,entity_0953,entity_0957,1,entity_0953,entity_0957,entity_0957,entity_0953,validation
pair_006561,query,entity_0572,entity_0579,1,entity_0572,entity_0579,entity_0579,entity_0572,test
pair_006562,query,entity_0651,entity_0660,1,entity_0651,entity_0660,entity_0660,entity_0651,test
pair_006563,query,entity_0332,entity_0340,1,entity_0340,entity_0332,entity_0332,entity_0340,test
pair_006564,query,entity_0181,entity_0188,1,entity_0188,entity_0181,entity_0181,entity_0188,test
pair_006565,query,entity_0545,entity_0801,0,entity_0545,entity_0801,entity_0801,entity_0545,test
pair_006566,query,entity_0963,entity_0964,1,entity_0964,entity_0963,entity_0963,entity_0964,test
pair_006567,query,entity_0254,entity_0260,1,entity_0260,entity_0254,entity_0254,entity_0260,validation
pair_006568,query,entity_0623,entity_0630,1,entity_0630,entity_0623,entity_0623,entity_0630,test
pair_006569,query,entity_0021,entity_0452,0,entity_0452,entity_0021,entity_0021,entity_0452,test
pair_006570,query,entity_0265,entity_0438,0,entity_0438,entity_0265,entity_0265,entity_0438,test
pair_006571,query,entity_0219,entity_0406,0,entity_0219,entity_0406,entity_0406,entity_0219,test
pair_006572,query,entity_0594,entity_0599,1,entity_0594,entity_0599,entity_0599,entity_0594,test
pair_006573,query,entity_0663,entity_0668,1,entity_0668,entity_0663,entity_0663,entity_0668,test
pair_006574,query,entity_0824,entity_0826,1,entity_0824,entity_0826,entity_0826,entity_0824,test
pair_006575,query,entity_0191,entity_0192,1,entity_0191,entity_0192,entity_0192,entity_0191,validation
pair_006576,query,entity_0106,entity_0109,1,entity_0109,entity_0106,entity_0106,entity_0109,test
pair_006577,query,entity_0467,entity_0574,0,entity_0467,entity_0574,entity_0574,entity_0467,validation
pair_006578,query,entity_0987,entity_0989,1,entity_0989,entity_0987,entity_0987,entity_0989,test
pair_006579,query,entity_0142,entity_0490,0,entity_0142,entity_0490,entity_0490,entity_0142,test
pair_006580,query,entity_0206,entity_0284,0,entity_0206,entity_0284,entity_0284,entity_0206,test
pair_006581,query,entity_0382,entity_0434,0,entity_0382,entity_0434,entity_0434,entity_0382,test
pair_006582,query,entity_0068,entity_0593,0,entity_0593,entity_0068,entity_0068,entity_0593,test
pair_006583,query,entity_0301,entity_0308,1,entity_0308,entity_0301,entity_0301,entity_0308,test
pair_006584,query,entity_0482,entity_0488,1,entity_0482,entity_0488,entity_0488,entity_0482,test
pair_006585,query,entity_0219,entity_0647,0,entity_0219,entity_0647,entity_0647,entity_0219,validation
pair_006586,query,entity_0432,entity_0439,1,entity_0439,entity_0432,entity_0432,entity_0439,test
pair_006587,query,entity_0686,entity_0690,1,entity_0690,entity_0686,entity_0686,entity_0690,test
pair_006588,query,entity_0321,entity_0325,1,entity_0321,entity_0325,entity_0325,entity_0321,test
pair_006589,query,entity_0446,entity_0996,0,entity_0446,entity_0996,entity_0996,entity_0446,test
pair_006590,query,entity_0490,entity_0953,0,entity_0953,entity_0490,entity_0490,entity_0953,test
pair_006591,query,entity_0121,entity_0990,0,entity_0121,entity_0990,entity_0990,entity_0121,validation
pair_006592,query,entity_0461,entity_0468,1,entity_0468,entity_0461,entity_0461,entity_0468,test
pair_006593,query,entity_0365,entity_0366,1,entity_0366,entity_0365,entity_0365,entity_0366,validation
pair_006594,query,entity_0772,entity_0778,1,entity_0778,entity_0772,entity_0772,entity_0778,test
pair_006595,query,entity_0578,entity_0587,0,entity_0578,entity_0587,entity_0587,entity_0578,test
pair_006596,query,entity_0627,entity_0629,1,entity_0629,entity_0627,entity_0627,entity_0629,test
pair_006597,query,entity_0974,entity_0979,1,entity_0974,entity_0979,entity_0979,entity_0974,validation
pair_006598,query,entity_0112,entity_0549,0,entity_0112,entity_0549,entity_0549,entity_0112,test
pair_006599,query,entity_0365,entity_0615,0,entity_0615,entity_0365,entity_0365,entity_0615,test
pair_006600,query,entity_0175,entity_0228,0,entity_0228,entity_0175,entity_0175,entity_0228,test
pair_006601,query,entity_0081,entity_0669,0,entity_0081,entity_0669,entity_0669,entity_0081,test
pair_006602,query,entity_0477,entity_0479,1,entity_0479,entity_0477,entity_0477,entity_0479,validation
pair_006603,query,entity_0436,entity_0912,0,entity_0436,entity_0912,entity_0912,entity_0436,test
pair_006604,query,entity_0882,entity_0890,1,entity_0890,entity_0882,entity_0882,entity_0890,test
pair_006605,query,entity_0472,entity_0476,1,entity_0472,entity_0476,entity_0476,entity_0472,test
pair_006606,query,entity_0835,entity_0837,1,entity_0835,entity_0837,entity_0837,entity_0835,test
pair_006607,query,entity_0028,entity_0917,0,entity_0917,entity_0028,entity_0028,entity_0917,test
pair_006608,query,entity_0171,entity_0186,0,entity_0171,entity_0186,entity_0186,entity_0171,validation
pair_006609,query,entity_0418,entity_0907,0,entity_0418,entity_0907,entity_0907,entity_0418,test
pair_006610,query,entity_0951,entity_0957,1,entity_0951,entity_0957,entity_0957,entity_0951,test
pair_006611,query,entity_0523,entity_0529,1,entity_0529,entity_0523,entity_0523,entity_0529,validation
pair_006612,query,entity_0114,entity_0730,0,entity_0730,entity_0114,entity_0114,entity_0730,test
pair_006613,query,entity_0541,entity_0549,1,entity_0541,entity_0549,entity_0549,entity_0541,test
pair_006614,query,entity_0421,entity_0430,1,entity_0430,entity_0421,entity_0421,entity_0430,test
pair_006615,query,entity_0290,entity_0382,0,entity_0290,entity_0382,entity_0382,entity_0290,test
pair_006616,query,entity_0806,entity_0808,1,entity_0808,entity_0806,entity_0806,entity_0808,test
pair_006617,query,entity_0331,entity_0337,1,entity_0331,entity_0337,entity_0337,entity_0331,validation
pair_006618,query,entity_0431,entity_0938,0,entity_0431,entity_0938,entity_0938,entity_0431,validation
pair_006619,query,entity_0277,entity_0503,0,entity_0277,entity_0503,entity_0503,entity_0277,validation
pair_006620,query,entity_0053,entity_0054,1,entity_0053,entity_0054,entity_0054,entity_0053,test
pair_006621,query,entity_0038,entity_0337,0,entity_0038,entity_0337,entity_0337,entity_0038,validation
pair_006622,query,entity_0498,entity_0499,1,entity_0498,entity_0499,entity_0499,entity_0498,test
pair_006623,query,entity_0508,entity_0510,1,entity_0510,entity_0508,entity_0508,entity_0510,test
pair_006624,query,entity_0013,entity_0014,1,entity_0014,entity_0013,entity_0013,entity_0014,validation
pair_006625,query,entity_0064,entity_0068,1,entity_0064,entity_0068,entity_0068,entity_0064,test
pair_006626,query,entity_0064,entity_0377,0,entity_0064,entity_0377,entity_0377,entity_0064,test
pair_006627,query,entity_0452,entity_0454,1,entity_0452,entity_0454,entity_0454,entity_0452,test
pair_006628,query,entity_0404,entity_0409,1,entity_0409,entity_0404,entity_0404,entity_0409,test
pair_006629,query,entity_0862,entity_0870,1,entity_0862,entity_0870,entity_0870,entity_0862,test
pair_006630,query,entity_0077,entity_0078,1,entity_0078,entity_0077,entity_0077,entity_0078,test
pair_006631,query,entity_0552,entity_0556,1,entity_0556,entity_0552,entity_0552,entity_0556,test
pair_006632,query,entity_0921,entity_0929,1,entity_0929,entity_0921,entity_0921,entity_0929,test
pair_006633,query,entity_0692,entity_0693,1,entity_0693,entity_0692,entity_0692,entity_0693,test
pair_006634,query,entity_0439,entity_0751,0,entity_0751,entity_0439,entity_0439,entity_0751,test
pair_006635,query,entity_0962,entity_0970,1,entity_0970,entity_0962,entity_0962,entity_0970,validation
pair_006636,query,entity_0831,entity_0836,1,entity_0831,entity_0836,entity_0836,entity_0831,validation
pair_006637,query,entity_0981,entity_0987,1,entity_0981,entity_0987,entity_0987,entity_0981,test
pair_006638,query,entity_0535,entity_0539,1,entity_0535,entity_0539,entity_0539,entity_0535,validation
pair_006639,query,entity_0376,entity_0377,1,entity_0377,entity_0376,entity_0376,entity_0377,test
pair_006640,query,entity_0370,entity_0647,0,entity_0647,entity_0370,entity_0370,entity_0647,test
pair_006641,query,entity_0522,entity_0803,0,entity_0803,entity_0522,entity_0522,entity_0803,test
pair_006642,query,entity_0523,entity_0528,1,entity_0523,entity_0528,entity_0528,entity_0523,test
pair_006643,query,entity_0358,entity_0549,0,entity_0549,entity_0358,entity_0358,entity_0549,validation
pair_006644,query,entity_0145,entity_0147,1,entity_0147,entity_0145,entity_0145,entity_0147,test
pair_006645,query,entity_0214,entity_0217,1,entity_0214,entity_0217,entity_0217,entity_0214,test
pair_006646,query,entity_0061,entity_0860,0,entity_0061,entity_0860,entity_0860,entity_0061,test
pair_006647,query,entity_0047,entity_0598,0,entity_0047,entity_0598,entity_0598,entity_0047,validation
pair_006648,query,entity_0243,entity_0246,1,entity_0246,entity_0243,entity_0243,entity_0246,test
pair_006649,query,entity_0508,entity_0972,0,entity_0972,entity_0508,entity_0508,entity_0972,test
pair_006650,query,entity_0471,entity_0477,1,entity_0477,entity_0471,entity_0471,entity_0477,test
pair_006651,query,entity_0013,entity_0635,0,entity_0013,entity_0635,entity_0635,entity_0013,test
pair_006652,query,entity_0914,entity_0919,1,entity_0914,entity_0919,entity_0919,entity_0914,validation
pair_006653,query,entity_0145,entity_0946,0,entity_0145,entity_0946,entity_0946,entity_0145,validation
pair_006654,query,entity_0329,entity_0770,0,entity_0329,entity_0770,entity_0770,entity_0329,validation
pair_006655,query,entity_0593,entity_0600,1,entity_0593,entity_0600,entity_0600,entity_0593,test
pair_006656,query,entity_0413,entity_0956,0,entity_0413,entity_0956,entity_0956,entity_0413,test
pair_006657,query,entity_0269,entity_0720,0,entity_0269,entity_0720,entity_0720,entity_0269,test
pair_006658,query,entity_0442,entity_0449,1,entity_0449,entity_0442,entity_0442,entity_0449,validation
pair_006659,query,entity_0471,entity_0473,1,entity_0473,entity_0471,entity_0471,entity_0473,validation
pair_006660,query,entity_0845,entity_0848,1,entity_0845,entity_0848,entity_0848,entity_0845,validation
pair_006661,query,entity_0066,entity_0641,0,entity_0641,entity_0066,entity_0066,entity_0641,test
pair_006662,query,entity_0213,entity_0218,1,entity_0218,entity_0213,entity_0213,entity_0218,test
pair_006663,query,entity_0533,entity_0539,1,entity_0533,entity_0539,entity_0539,entity_0533,test
pair_006664,query,entity_0381,entity_0388,1,entity_0381,entity_0388,entity_0388,entity_0381,validation
pair_006665,query,entity_0407,entity_0977,0,entity_0407,entity_0977,entity_0977,entity_0407,test
pair_006666,query,entity_0325,entity_0327,1,entity_0325,entity_0327,entity_0327,entity_0325,validation
pair_006667,query,entity_0169,entity_0445,0,entity_0445,entity_0169,entity_0169,entity_0445,test
pair_006668,query,entity_0670,entity_0739,0,entity_0739,entity_0670,entity_0670,entity_0739,validation
pair_006669,query,entity_0800,entity_0872,0,entity_0872,entity_0800,entity_0800,entity_0872,test
pair_006670,query,entity_0393,entity_0398,1,entity_0398,entity_0393,entity_0393,entity_0398,test
pair_006671,query,entity_0333,entity_0337,1,entity_0333,entity_0337,entity_0337,entity_0333,test
pair_006672,query,entity_0330,entity_0430,0,entity_0430,entity_0330,entity_0330,entity_0430,validation
pair_006673,query,entity_0122,entity_0127,1,entity_0127,entity_0122,entity_0122,entity_0127,test
pair_006674,query,entity_0253,entity_0256,1,entity_0253,entity_0256,entity_0256,entity_0253,test
pair_006675,query,entity_0731,entity_0740,1,entity_0731,entity_0740,entity_0740,entity_0731,test
pair_006676,query,entity_0347,entity_0944,0,entity_0347,entity_0944,entity_0944,entity_0347,test
pair_006677,query,entity_0992,entity_0996,1,entity_0996,entity_0992,entity_0992,entity_0996,test
pair_006678,query,entity_0594,entity_0871,0,entity_0871,entity_0594,entity_0594,entity_0871,test
pair_006679,query,entity_0540,entity_0608,0,entity_0540,entity_0608,entity_0608,entity_0540,test
pair_006680,query,entity_0315,entity_0319,1,entity_0315,entity_0319,entity_0319,entity_0315,test
pair_006681,query,entity_0402,entity_0406,1,entity_0406,entity_0402,entity_0402,entity_0406,test
pair_006682,query,entity_0341,entity_0864,0,entity_0864,entity_0341,entity_0341,entity_0864,test
pair_006683,query,entity_0021,entity_0027,1,entity_0021,entity_0027,entity_0027,entity_0021,test
pair_006684,query,entity_0102,entity_0205,0,entity_0205,entity_0102,entity_0102,entity_0205,test
pair_006685,query,entity_0061,entity_0557,0,entity_0061,entity_0557,entity_0557,entity_0061,test
pair_006686,query,entity_0875,entity_0876,1,entity_0875,entity_0876,entity_0876,entity_0875,validation
pair_006687,query,entity_0434,entity_0577,0,entity_0577,entity_0434,entity_0434,entity_0577,test
pair_006688,query,entity_0670,entity_0752,0,entity_0670,entity_0752,entity_0752,entity_0670,test
pair_006689,query,entity_0541,entity_0987,0,entity_0987,entity_0541,entity_0541,entity_0987,test
pair_006690,query,entity_0087,entity_0415,0,entity_0087,entity_0415,entity_0415,entity_0087,test
pair_006691,query,entity_0966,entity_0969,1,entity_0966,entity_0969,entity_0969,entity_0966,validation
pair_006692,query,entity_0111,entity_0113,1,entity_0111,entity_0113,entity_0113,entity_0111,test
pair_006693,query,entity_0878,entity_0953,0,entity_0878,entity_0953,entity_0953,entity_0878,validation
pair_006694,query,entity_0557,entity_0560,1,entity_0560,entity_0557,entity_0557,entity_0560,test
pair_006695,query,entity_0092,entity_0584,0,entity_0092,entity_0584,entity_0584,entity_0092,test
pair_006696,query,entity_0278,entity_0279,1,entity_0279,entity_0278,entity_0278,entity_0279,validation
pair_006697,query,entity_0792,entity_0796,1,entity_0792,entity_0796,entity_0796,entity_0792,test
pair_006698,query,entity_0331,entity_0816,0,entity_0816,entity_0331,entity_0331,entity_0816,test
pair_006699,query,entity_0677,entity_0882,0,entity_0882,entity_0677,entity_0677,entity_0882,validation
pair_006700,query,entity_0241,entity_0717,0,entity_0241,entity_0717,entity_0717,entity_0241,test
pair_006701,query,entity_0842,entity_0845,1,entity_0845,entity_0842,entity_0842,entity_0845,test
pair_006702,query,entity_0158,entity_0686,0,entity_0158,entity_0686,entity_0686,entity_0158,test
pair_006703,query,entity_0458,entity_0680,0,entity_0680,entity_0458,entity_0458,entity_0680,test
pair_006704,query,entity_0472,entity_0654,0,entity_0472,entity_0654,entity_0654,entity_0472,test
pair_006705,query,entity_0726,entity_0730,1,entity_0730,entity_0726,entity_0726,entity_0730,test
pair_006706,query,entity_0697,entity_0699,1,entity_0697,entity_0699,entity_0699,entity_0697,test
pair_006707,query,entity_0485,entity_0487,1,entity_0485,entity_0487,entity_0487,entity_0485,test
pair_006708,query,entity_0835,entity_0839,1,entity_0839,entity_0835,entity_0835,entity_0839,test
pair_006709,query,entity_0515,entity_0518,1,entity_0518,entity_0515,entity_0515,entity_0518,validation
pair_006710,query,entity_0452,entity_0455,1,entity_0455,entity_0452,entity_0452,entity_0455,test
pair_006711,query,entity_0723,entity_0728,1,entity_0728,entity_0723,entity_0723,entity_0728,test
pair_006712,query,entity_0043,entity_0045,1,entity_0045,entity_0043,entity_0043,entity_0045,validation
pair_006713,query,entity_0036,entity_0954,0,entity_0036,entity_0954,entity_0954,entity_0036,test
pair_006714,query,entity_0113,entity_0856,0,entity_0856,entity_0113,entity_0113,entity_0856,test
pair_006715,query,entity_0436,entity_0767,0,entity_0436,entity_0767,entity_0767,entity_0436,test
pair_006716,query,entity_0341,entity_0342,1,entity_0342,entity_0341,entity_0341,entity_0342,test
pair_006717,query,entity_0244,entity_0592,0,entity_0244,entity_0592,entity_0592,entity_0244,test
pair_006718,query,entity_0096,entity_0801,0,entity_0801,entity_0096,entity_0096,entity_0801,test
pair_006719,query,entity_0225,entity_0341,0,entity_0225,entity_0341,entity_0341,entity_0225,validation
pair_006720,query,entity_0581,entity_0584,1,entity_0584,entity_0581,entity_0581,entity_0584,test
pair_006721,query,entity_0956,entity_0959,1,entity_0959,entity_0956,entity_0956,entity_0959,test
pair_006722,query,entity_0732,entity_0740,1,entity_0740,entity_0732,entity_0732,entity_0740,test
pair_006723,query,entity_0100,entity_0706,0,entity_0706,entity_0100,entity_0100,entity_0706,test
pair_006724,query,entity_0119,entity_0120,1,entity_0120,entity_0119,entity_0119,entity_0120,test
pair_006725,query,entity_0263,entity_0428,0,entity_0263,entity_0428,entity_0428,entity_0263,test
pair_006726,query,entity_0200,entity_0943,0,entity_0200,entity_0943,entity_0943,entity_0200,validation
pair_006727,query,entity_0724,entity_0906,0,entity_0906,entity_0724,entity_0724,entity_0906,test
pair_006728,query,entity_0067,entity_0861,0,entity_0067,entity_0861,entity_0861,entity_0067,validation
pair_006729,query,entity_0710,entity_0954,0,entity_0710,entity_0954,entity_0954,entity_0710,test
pair_006730,query,entity_0312,entity_0313,1,entity_0312,entity_0313,entity_0313,entity_0312,validation
pair_006731,query,entity_0135,entity_0332,0,entity_0332,entity_0135,entity_0135,entity_0332,validation
pair_006732,query,entity_0521,entity_0670,0,entity_0670,entity_0521,entity_0521,entity_0670,test
pair_006733,query,entity_0131,entity_0137,1,entity_0131,entity_0137,entity_0137,entity_0131,test
pair_006734,query,entity_0133,entity_0135,1,entity_0133,entity_0135,entity_0135,entity_0133,test
pair_006735,query,entity_0112,entity_0720,0,entity_0720,entity_0112,entity_0112,entity_0720,validation
pair_006736,query,entity_0182,entity_0300,0,entity_0182,entity_0300,entity_0300,entity_0182,validation
pair_006737,query,entity_0466,entity_0866,0,entity_0466,entity_0866,entity_0866,entity_0466,test
pair_006738,query,entity_0314,entity_0320,1,entity_0320,entity_0314,entity_0314,entity_0320,test
pair_006739,query,entity_0173,entity_0174,1,entity_0173,entity_0174,entity_0174,entity_0173,validation
pair_006740,query,entity_0283,entity_0541,0,entity_0283,entity_0541,entity_0541,entity_0283,test
pair_006741,query,entity_0713,entity_0771,0,entity_0771,entity_0713,entity_0713,entity_0771,test
pair_006742,query,entity_0875,entity_0878,1,entity_0878,entity_0875,entity_0875,entity_0878,test
pair_006743,query,entity_0296,entity_0853,0,entity_0296,entity_0853,entity_0853,entity_0296,test
pair_006744,query,entity_0297,entity_0593,0,entity_0297,entity_0593,entity_0593,entity_0297,test
pair_006745,query,entity_0602,entity_0843,0,entity_0602,entity_0843,entity_0843,entity_0602,test
pair_006746,query,entity_0686,entity_0687,1,entity_0686,entity_0687,entity_0687,entity_0686,test
pair_006747,query,entity_0144,entity_0149,1,entity_0144,entity_0149,entity_0149,entity_0144,test
pair_006748,query,entity_0874,entity_0880,1,entity_0874,entity_0880,entity_0880,entity_0874,test
pair_006749,query,entity_0042,entity_0083,0,entity_0083,entity_0042,entity_0042,entity_0083,test
pair_006750,query,entity_0226,entity_0227,1,entity_0226,entity_0227,entity_0227,entity_0226,test
pair_006751,query,entity_0341,entity_0347,1,entity_0341,entity_0347,entity_0347,entity_0341,validation
pair_006752,query,entity_0131,entity_0889,0,entity_0889,entity_0131,entity_0131,entity_0889,test
pair_006753,query,entity_0877,entity_0879,1,entity_0879,entity_0877,entity_0877,entity_0879,test
pair_006754,query,entity_0765,entity_0776,0,entity_0765,entity_0776,entity_0776,entity_0765,test
pair_006755,query,entity_0113,entity_0438,0,entity_0438,entity_0113,entity_0113,entity_0438,test
pair_006756,query,entity_0538,entity_0654,0,entity_0538,entity_0654,entity_0654,entity_0538,test
pair_006757,query,entity_0496,entity_0692,0,entity_0496,entity_0692,entity_0692,entity_0496,test
pair_006758,query,entity_0439,entity_0890,0,entity_0439,entity_0890,entity_0890,entity_0439,validation
pair_006759,query,entity_0033,entity_0036,1,entity_0033,entity_0036,entity_0036,entity_0033,validation
pair_006760,query,entity_0021,entity_0360,0,entity_0021,entity_0360,entity_0360,entity_0021,test
pair_006761,query,entity_0881,entity_0908,0,entity_0881,entity_0908,entity_0908,entity_0881,test
pair_006762,query,entity_0147,entity_0487,0,entity_0147,entity_0487,entity_0487,entity_0147,test
pair_006763,query,entity_0688,entity_0972,0,entity_0972,entity_0688,entity_0688,entity_0972,test
pair_006764,query,entity_0424,entity_0425,1,entity_0424,entity_0425,entity_0425,entity_0424,test
pair_006765,query,entity_0036,entity_0310,0,entity_0036,entity_0310,entity_0310,entity_0036,test
pair_006766,query,entity_0101,entity_0352,0,entity_0352,entity_0101,entity_0101,entity_0352,test
pair_006767,query,entity_0301,entity_0304,1,entity_0301,entity_0304,entity_0304,entity_0301,test
pair_006768,query,entity_0398,entity_0400,1,entity_0398,entity_0400,entity_0400,entity_0398,test
pair_006769,query,entity_0881,entity_0888,1,entity_0881,entity_0888,entity_0888,entity_0881,test
pair_006770,query,entity_0113,entity_0118,1,entity_0118,entity_0113,entity_0113,entity_0118,test
pair_006771,query,entity_0401,entity_0405,1,entity_0405,entity_0401,entity_0401,entity_0405,test
pair_006772,query,entity_0544,entity_0548,1,entity_0548,entity_0544,entity_0544,entity_0548,test
pair_006773,query,entity_0003,entity_0043,0,entity_0043,entity_0003,entity_0003,entity_0043,test
pair_006774,query,entity_0377,entity_0857,0,entity_0377,entity_0857,entity_0857,entity_0377,test
pair_006775,query,entity_0436,entity_0437,1,entity_0437,entity_0436,entity_0436,entity_0437,validation
pair_006776,query,entity_0693,entity_0695,1,entity_0693,entity_0695,entity_0695,entity_0693,test
pair_006777,query,entity_0429,entity_0430,1,entity_0429,entity_0430,entity_0430,entity_0429,test
pair_006778,query,entity_0503,entity_0505,1,entity_0503,entity_0505,entity_0505,entity_0503,test
pair_006779,query,entity_0790,entity_0821,0,entity_0821,entity_0790,entity_0790,entity_0821,test
pair_006780,query,entity_0195,entity_0507,0,entity_0195,entity_0507,entity_0507,entity_0195,test
pair_006781,query,entity_0402,entity_0409,1,entity_0402,entity_0409,entity_0409,entity_0402,test
pair_006782,query,entity_0475,entity_0480,1,entity_0475,entity_0480,entity_0480,entity_0475,test
pair_006783,query,entity_0196,entity_0296,0,entity_0196,entity_0296,entity_0296,entity_0196,test
pair_006784,query,entity_0283,entity_0493,0,entity_0283,entity_0493,entity_0493,entity_0283,test
pair_006785,query,entity_0098,entity_0875,0,entity_0875,entity_0098,entity_0098,entity_0875,test
pair_006786,query,entity_0897,entity_0956,0,entity_0897,entity_0956,entity_0956,entity_0897,test
pair_006787,query,entity_0502,entity_0508,1,entity_0502,entity_0508,entity_0508,entity_0502,test
pair_006788,query,entity_0783,entity_0790,1,entity_0790,entity_0783,entity_0783,entity_0790,test
pair_006789,query,entity_0867,entity_0869,1,entity_0867,entity_0869,entity_0869,entity_0867,test
pair_006790,query,entity_0375,entity_0715,0,entity_0715,entity_0375,entity_0375,entity_0715,test
pair_006791,query,entity_0348,entity_0349,1,entity_0349,entity_0348,entity_0348,entity_0349,test
pair_006792,query,entity_0220,entity_0528,0,entity_0220,entity_0528,entity_0528,entity_0220,test
pair_006793,query,entity_0347,entity_0522,0,entity_0522,entity_0347,entity_0347,entity_0522,validation
pair_006794,query,entity_0106,entity_0668,0,entity_0106,entity_0668,entity_0668,entity_0106,validation
pair_006795,query,entity_0386,entity_0664,0,entity_0386,entity_0664,entity_0664,entity_0386,test
pair_006796,query,entity_0503,entity_0563,0,entity_0503,entity_0563,entity_0563,entity_0503,validation
pair_006797,query,entity_0065,entity_0613,0,entity_0065,entity_0613,entity_0613,entity_0065,test
pair_006798,query,entity_0023,entity_0521,0,entity_0521,entity_0023,entity_0023,entity_0521,test
pair_006799,query,entity_0815,entity_0820,1,entity_0815,entity_0820,entity_0820,entity_0815,test
pair_006800,query,entity_0769,entity_0938,0,entity_0938,entity_0769,entity_0769,entity_0938,test
pair_006801,query,entity_0148,entity_0150,1,entity_0150,entity_0148,entity_0148,entity_0150,test
pair_006802,query,entity_0328,entity_0582,0,entity_0582,entity_0328,entity_0328,entity_0582,test
pair_006803,query,entity_0284,entity_0287,1,entity_0284,entity_0287,entity_0287,entity_0284,validation
pair_006804,query,entity_0710,entity_0768,0,entity_0710,entity_0768,entity_0768,entity_0710,validation
pair_006805,query,entity_0780,entity_0806,0,entity_0806,entity_0780,entity_0780,entity_0806,validation
pair_006806,query,entity_0135,entity_0281,0,entity_0281,entity_0135,entity_0135,entity_0281,test
pair_006807,query,entity_0058,entity_0123,0,entity_0123,entity_0058,entity_0058,entity_0123,test
pair_006808,query,entity_0056,entity_0059,1,entity_0056,entity_0059,entity_0059,entity_0056,test
pair_006809,query,entity_0597,entity_0835,0,entity_0835,entity_0597,entity_0597,entity_0835,test
pair_006810,query,entity_0754,entity_0759,1,entity_0754,entity_0759,entity_0759,entity_0754,test
pair_006811,query,entity_0389,entity_0904,0,entity_0389,entity_0904,entity_0904,entity_0389,validation
pair_006812,query,entity_0753,entity_0756,1,entity_0756,entity_0753,entity_0753,entity_0756,test
pair_006813,query,entity_0112,entity_0835,0,entity_0835,entity_0112,entity_0112,entity_0835,test
pair_006814,query,entity_0393,entity_0664,0,entity_0393,entity_0664,entity_0664,entity_0393,validation
pair_006815,query,entity_0022,entity_0030,1,entity_0030,entity_0022,entity_0022,entity_0030,test
pair_006816,query,entity_0372,entity_0376,1,entity_0372,entity_0376,entity_0376,entity_0372,validation
pair_006817,query,entity_0143,entity_0145,1,entity_0145,entity_0143,entity_0143,entity_0145,test
pair_006818,query,entity_0399,entity_0621,0,entity_0621,entity_0399,entity_0399,entity_0621,test
pair_006819,query,entity_0028,entity_0441,0,entity_0441,entity_0028,entity_0028,entity_0441,test
pair_006820,query,entity_0223,entity_0227,1,entity_0227,entity_0223,entity_0223,entity_0227,test
pair_006821,query,entity_0241,entity_0248,1,entity_0241,entity_0248,entity_0248,entity_0241,test
pair_006822,query,entity_0661,entity_0663,1,entity_0661,entity_0663,entity_0663,entity_0661,test
pair_006823,query,entity_0217,entity_0678,0,entity_0217,entity_0678,entity_0678,entity_0217,test
pair_006824,query,entity_0021,entity_0353,0,entity_0021,entity_0353,entity_0353,entity_0021,test
pair_006825,query,entity_0657,entity_0658,1,entity_0657,entity_0658,entity_0658,entity_0657,test
pair_006826,query,entity_0002,entity_0351,0,entity_0002,entity_0351,entity_0351,entity_0002,test
pair_006827,query,entity_0588,entity_0590,1,entity_0590,entity_0588,entity_0588,entity_0590,test
pair_006828,query,entity_0902,entity_0904,1,entity_0904,entity_0902,entity_0902,entity_0904,test
pair_006829,query,entity_0830,entity_0902,0,entity_0830,entity_0902,entity_0902,entity_0830,test
pair_006830,query,entity_0933,entity_0938,1,entity_0933,entity_0938,entity_0938,entity_0933,test
pair_006831,query,entity_0213,entity_0744,0,entity_0744,entity_0213,entity_0213,entity_0744,test
pair_006832,query,entity_0321,entity_0327,1,entity_0327,entity_0321,entity_0321,entity_0327,test
pair_006833,query,entity_0138,entity_0972,0,entity_0138,entity_0972,entity_0972,entity_0138,test
pair_006834,query,entity_0166,entity_0170,1,entity_0170,entity_0166,entity_0166,entity_0170,test
pair_006835,query,entity_0852,entity_0854,1,entity_0852,entity_0854,entity_0854,entity_0852,test
pair_006836,query,entity_0222,entity_0225,1,entity_0222,entity_0225,entity_0225,entity_0222,test
pair_006837,query,entity_0166,entity_0766,0,entity_0766,entity_0166,entity_0166,entity_0766,test
pair_006838,query,entity_0884,entity_0890,1,entity_0884,entity_0890,entity_0890,entity_0884,validation
pair_006839,query,entity_0217,entity_0803,0,entity_0803,entity_0217,entity_0217,entity_0803,test
pair_006840,query,entity_0043,entity_0421,0,entity_0421,entity_0043,entity_0043,entity_0421,test
pair_006841,query,entity_0570,entity_0823,0,entity_0570,entity_0823,entity_0823,entity_0570,test
pair_006842,query,entity_0101,entity_0110,1,entity_0110,entity_0101,entity_0101,entity_0110,validation
pair_006843,query,entity_0053,entity_0897,0,entity_0897,entity_0053,entity_0053,entity_0897,validation
pair_006844,query,entity_0424,entity_0427,1,entity_0427,entity_0424,entity_0424,entity_0427,test
pair_006845,query,entity_0112,entity_0671,0,entity_0671,entity_0112,entity_0112,entity_0671,test
pair_006846,query,entity_0735,entity_0766,0,entity_0735,entity_0766,entity_0766,entity_0735,validation
pair_006847,query,entity_0374,entity_0720,0,entity_0374,entity_0720,entity_0720,entity_0374,test
pair_006848,query,entity_0733,entity_0740,1,entity_0733,entity_0740,entity_0740,entity_0733,test
pair_006849,query,entity_0656,entity_0658,1,entity_0658,entity_0656,entity_0656,entity_0658,validation
pair_006850,query,entity_0434,entity_0555,0,entity_0434,entity_0555,entity_0555,entity_0434,test
pair_006851,query,entity_0053,entity_0846,0,entity_0053,entity_0846,entity_0846,entity_0053,test
pair_006852,query,entity_0415,entity_0457,0,entity_0415,entity_0457,entity_0457,entity_0415,test
pair_006853,query,entity_0777,entity_0802,0,entity_0802,entity_0777,entity_0777,entity_0802,validation
pair_006854,query,entity_0652,entity_0653,1,entity_0652,entity_0653,entity_0653,entity_0652,test
pair_006855,query,entity_0643,entity_0717,0,entity_0717,entity_0643,entity_0643,entity_0717,test
pair_006856,query,entity_0955,entity_0960,1,entity_0955,entity_0960,entity_0960,entity_0955,test
pair_006857,query,entity_0311,entity_0977,0,entity_0311,entity_0977,entity_0977,entity_0311,test
pair_006858,query,entity_0495,entity_0499,1,entity_0495,entity_0499,entity_0499,entity_0495,test
pair_006859,query,entity_0312,entity_0959,0,entity_0959,entity_0312,entity_0312,entity_0959,validation
pair_006860,query,entity_0561,entity_0570,1,entity_0561,entity_0570,entity_0570,entity_0561,validation
pair_006861,query,entity_0368,entity_0625,0,entity_0368,entity_0625,entity_0625,entity_0368,test
pair_006862,query,entity_0318,entity_0319,1,entity_0319,entity_0318,entity_0318,entity_0319,test
pair_006863,query,entity_0299,entity_0460,0,entity_0460,entity_0299,entity_0299,entity_0460,test
pair_006864,query,entity_0433,entity_0765,0,entity_0433,entity_0765,entity_0765,entity_0433,test
pair_006865,query,entity_0199,entity_0200,1,entity_0200,entity_0199,entity_0199,entity_0200,validation
pair_006866,query,entity_0512,entity_0516,1,entity_0516,entity_0512,entity_0512,entity_0516,validation
pair_006867,query,entity_0792,entity_0800,1,entity_0800,entity_0792,entity_0792,entity_0800,test
pair_006868,query,entity_0691,entity_0695,1,entity_0691,entity_0695,entity_0695,entity_0691,validation
pair_006869,query,entity_0154,entity_0194,0,entity_0154,entity_0194,entity_0194,entity_0154,validation
pair_006870,query,entity_0641,entity_0643,1,entity_0641,entity_0643,entity_0643,entity_0641,validation
pair_006871,query,entity_0130,entity_0219,0,entity_0219,entity_0130,entity_0130,entity_0219,validation
pair_006872,query,entity_0723,entity_0726,1,entity_0723,entity_0726,entity_0726,entity_0723,test
pair_006873,query,entity_0794,entity_0957,0,entity_0794,entity_0957,entity_0957,entity_0794,validation
pair_006874,query,entity_0075,entity_0078,1,entity_0078,entity_0075,entity_0075,entity_0078,test
pair_006875,query,entity_0113,entity_0117,1,entity_0113,entity_0117,entity_0117,entity_0113,test
pair_006876,query,entity_0284,entity_0444,0,entity_0284,entity_0444,entity_0444,entity_0284,test
pair_006877,query,entity_0881,entity_0882,1,entity_0881,entity_0882,entity_0882,entity_0881,test
pair_006878,query,entity_0614,entity_0795,0,entity_0795,entity_0614,entity_0614,entity_0795,test
pair_006879,query,entity_0454,entity_0933,0,entity_0454,entity_0933,entity_0933,entity_0454,test
pair_006880,query,entity_0137,entity_0735,0,entity_0137,entity_0735,entity_0735,entity_0137,test
pair_006881,query,entity_0703,entity_0706,1,entity_0703,entity_0706,entity_0706,entity_0703,test
pair_006882,query,entity_0226,entity_0963,0,entity_0963,entity_0226,entity_0226,entity_0963,validation
pair_006883,query,entity_0054,entity_0057,1,entity_0057,entity_0054,entity_0054,entity_0057,test
pair_006884,query,entity_0966,entity_0967,1,entity_0966,entity_0967,entity_0967,entity_0966,test
pair_006885,query,entity_0501,entity_0902,0,entity_0902,entity_0501,entity_0501,entity_0902,test
pair_006886,query,entity_0622,entity_0624,1,entity_0624,entity_0622,entity_0622,entity_0624,test
pair_006887,query,entity_0671,entity_0673,1,entity_0673,entity_0671,entity_0671,entity_0673,validation
pair_006888,query,entity_0883,entity_0889,1,entity_0883,entity_0889,entity_0889,entity_0883,test
pair_006889,query,entity_0590,entity_0694,0,entity_0590,entity_0694,entity_0694,entity_0590,test
pair_006890,query,entity_0865,entity_0867,1,entity_0867,entity_0865,entity_0865,entity_0867,test
pair_006891,query,entity_0389,entity_0390,1,entity_0390,entity_0389,entity_0389,entity_0390,test
pair_006892,query,entity_0541,entity_0958,0,entity_0958,entity_0541,entity_0541,entity_0958,test
pair_006893,query,entity_0163,entity_0168,1,entity_0163,entity_0168,entity_0168,entity_0163,test
pair_006894,query,entity_0823,entity_0895,0,entity_0895,entity_0823,entity_0823,entity_0895,test
pair_006895,query,entity_0054,entity_0056,1,entity_0056,entity_0054,entity_0054,entity_0056,test
pair_006896,query,entity_0888,entity_0890,1,entity_0890,entity_0888,entity_0888,entity_0890,validation
pair_006897,query,entity_0316,entity_0788,0,entity_0788,entity_0316,entity_0316,entity_0788,test
pair_006898,query,entity_0781,entity_0887,0,entity_0781,entity_0887,entity_0887,entity_0781,test
pair_006899,query,entity_0932,entity_0940,1,entity_0932,entity_0940,entity_0940,entity_0932,test
pair_006900,query,entity_0615,entity_0616,1,entity_0615,entity_0616,entity_0616,entity_0615,test
pair_006901,query,entity_0116,entity_0117,1,entity_0117,entity_0116,entity_0116,entity_0117,test
pair_006902,query,entity_0359,entity_0858,0,entity_0858,entity_0359,entity_0359,entity_0858,test
pair_006903,query,entity_0178,entity_0717,0,entity_0717,entity_0178,entity_0178,entity_0717,test
pair_006904,query,entity_0050,entity_0314,0,entity_0314,entity_0050,entity_0050,entity_0314,validation
pair_006905,query,entity_0667,entity_0670,1,entity_0667,entity_0670,entity_0670,entity_0667,validation
pair_006906,query,entity_0153,entity_0290,0,entity_0290,entity_0153,entity_0153,entity_0290,test
pair_006907,query,entity_0384,entity_0587,0,entity_0384,entity_0587,entity_0587,entity_0384,test
pair_006908,query,entity_0950,entity_0980,0,entity_0950,entity_0980,entity_0980,entity_0950,test
pair_006909,query,entity_0462,entity_0465,1,entity_0465,entity_0462,entity_0462,entity_0465,test
pair_006910,query,entity_0016,entity_0020,1,entity_0020,entity_0016,entity_0016,entity_0020,test
pair_006911,query,entity_0681,entity_0968,0,entity_0681,entity_0968,entity_0968,entity_0681,validation
pair_006912,query,entity_0685,entity_0689,1,entity_0689,entity_0685,entity_0685,entity_0689,test
pair_006913,query,entity_0694,entity_0699,1,entity_0699,entity_0694,entity_0694,entity_0699,test
pair_006914,query,entity_0590,entity_0709,0,entity_0590,entity_0709,entity_0709,entity_0590,test
pair_006915,query,entity_0004,entity_0221,0,entity_0221,entity_0004,entity_0004,entity_0221,validation
pair_006916,query,entity_0043,entity_0309,0,entity_0309,entity_0043,entity_0043,entity_0309,test
pair_006917,query,entity_0341,entity_0524,0,entity_0341,entity_0524,entity_0524,entity_0341,test
pair_006918,query,entity_0177,entity_0395,0,entity_0395,entity_0177,entity_0177,entity_0395,validation
pair_006919,query,entity_0046,entity_0074,0,entity_0046,entity_0074,entity_0074,entity_0046,test
pair_006920,query,entity_0255,entity_0258,1,entity_0255,entity_0258,entity_0258,entity_0255,test
pair_006921,query,entity_0842,entity_0850,1,entity_0850,entity_0842,entity_0842,entity_0850,test
pair_006922,query,entity_0091,entity_0238,0,entity_0238,entity_0091,entity_0091,entity_0238,test
pair_006923,query,entity_0409,entity_0572,0,entity_0409,entity_0572,entity_0572,entity_0409,test
pair_006924,query,entity_0576,entity_0655,0,entity_0576,entity_0655,entity_0655,entity_0576,validation
pair_006925,query,entity_0532,entity_0535,1,entity_0532,entity_0535,entity_0535,entity_0532,test
pair_006926,query,entity_0862,entity_0863,1,entity_0863,entity_0862,entity_0862,entity_0863,test
pair_006927,query,entity_0213,entity_0366,0,entity_0366,entity_0213,entity_0213,entity_0366,test
pair_006928,query,entity_0027,entity_0828,0,entity_0027,entity_0828,entity_0828,entity_0027,test
pair_006929,query,entity_0777,entity_0794,0,entity_0794,entity_0777,entity_0777,entity_0794,test
pair_006930,query,entity_0796,entity_0797,1,entity_0796,entity_0797,entity_0797,entity_0796,test
pair_006931,query,entity_0070,entity_0534,0,entity_0070,entity_0534,entity_0534,entity_0070,test
pair_006932,query,entity_0332,entity_0333,1,entity_0333,entity_0332,entity_0332,entity_0333,test
pair_006933,query,entity_0068,entity_0069,1,entity_0068,entity_0069,entity_0069,entity_0068,test
pair_006934,query,entity_0034,entity_0401,0,entity_0034,entity_0401,entity_0401,entity_0034,test
pair_006935,query,entity_0041,entity_0837,0,entity_0041,entity_0837,entity_0837,entity_0041,test
pair_006936,query,entity_0301,entity_0396,0,entity_0396,entity_0301,entity_0301,entity_0396,test
pair_006937,query,entity_0731,entity_0734,1,entity_0731,entity_0734,entity_0734,entity_0731,test
pair_006938,query,entity_0223,entity_0532,0,entity_0532,entity_0223,entity_0223,entity_0532,test
pair_006939,query,entity_0312,entity_0318,1,entity_0312,entity_0318,entity_0318,entity_0312,test
pair_006940,query,entity_0606,entity_0609,1,entity_0606,entity_0609,entity_0609,entity_0606,test
pair_006941,query,entity_0262,entity_0268,1,entity_0268,entity_0262,entity_0262,entity_0268,test
pair_006942,query,entity_0563,entity_0570,1,entity_0563,entity_0570,entity_0570,entity_0563,validation
pair_006943,query,entity_0655,entity_0955,0,entity_0655,entity_0955,entity_0955,entity_0655,test
pair_006944,query,entity_0115,entity_0116,1,entity_0115,entity_0116,entity_0116,entity_0115,test
pair_006945,query,entity_0154,entity_0159,1,entity_0154,entity_0159,entity_0159,entity_0154,test
pair_006946,query,entity_0091,entity_0100,1,entity_0100,entity_0091,entity_0091,entity_0100,test
pair_006947,query,entity_0851,entity_0859,1,entity_0851,entity_0859,entity_0859,entity_0851,validation
pair_006948,query,entity_0433,entity_0439,1,entity_0433,entity_0439,entity_0439,entity_0433,test
pair_006949,query,entity_0773,entity_0775,1,entity_0773,entity_0775,entity_0775,entity_0773,test
pair_006950,query,entity_0111,entity_0114,1,entity_0114,entity_0111,entity_0111,entity_0114,test
pair_006951,query,entity_0799,entity_0876,0,entity_0799,entity_0876,entity_0876,entity_0799,validation
pair_006952,query,entity_0674,entity_0679,1,entity_0674,entity_0679,entity_0679,entity_0674,test
pair_006953,query,entity_0384,entity_0387,1,entity_0384,entity_0387,entity_0387,entity_0384,validation
pair_006954,query,entity_0081,entity_0094,0,entity_0094,entity_0081,entity_0081,entity_0094,test
pair_006955,query,entity_0166,entity_0167,1,entity_0166,entity_0167,entity_0167,entity_0166,validation
pair_006956,query,entity_0288,entity_0494,0,entity_0494,entity_0288,entity_0288,entity_0494,test
pair_006957,query,entity_0832,entity_0838,1,entity_0832,entity_0838,entity_0838,entity_0832,test
pair_006958,query,entity_0072,entity_0832,0,entity_0072,entity_0832,entity_0832,entity_0072,validation
pair_006959,query,entity_0412,entity_0851,0,entity_0851,entity_0412,entity_0412,entity_0851,test
pair_006960,query,entity_0472,entity_0478,1,entity_0478,entity_0472,entity_0472,entity_0478,validation
pair_006961,query,entity_0273,entity_0624,0,entity_0624,entity_0273,entity_0273,entity_0624,test
pair_006962,query,entity_0114,entity_0117,1,entity_0117,entity_0114,entity_0114,entity_0117,test
pair_006963,query,entity_0736,entity_0739,1,entity_0736,entity_0739,entity_0739,entity_0736,validation
pair_006964,query,entity_0732,entity_0738,1,entity_0738,entity_0732,entity_0732,entity_0738,test
pair_006965,query,entity_0605,entity_0954,0,entity_0605,entity_0954,entity_0954,entity_0605,validation
pair_006966,query,entity_0127,entity_0130,1,entity_0130,entity_0127,entity_0127,entity_0130,test
pair_006967,query,entity_0829,entity_0991,0,entity_0991,entity_0829,entity_0829,entity_0991,test
pair_006968,query,entity_0668,entity_0669,1,entity_0668,entity_0669,entity_0669,entity_0668,test
pair_006969,query,entity_0434,entity_0435,1,entity_0435,entity_0434,entity_0434,entity_0435,test
pair_006970,query,entity_0901,entity_0904,1,entity_0901,entity_0904,entity_0904,entity_0901,test
pair_006971,query,entity_0240,entity_0660,0,entity_0240,entity_0660,entity_0660,entity_0240,test
pair_006972,query,entity_0062,entity_0064,1,entity_0064,entity_0062,entity_0062,entity_0064,test
pair_006973,query,entity_0552,entity_0593,0,entity_0552,entity_0593,entity_0593,entity_0552,test
pair_006974,query,entity_0036,entity_0996,0,entity_0036,entity_0996,entity_0996,entity_0036,test
pair_006975,query,entity_0081,entity_0085,1,entity_0085,entity_0081,entity_0081,entity_0085,test
pair_006976,query,entity_0584,entity_0589,1,entity_0589,entity_0584,entity_0584,entity_0589,test
pair_006977,query,entity_0304,entity_0771,0,entity_0304,entity_0771,entity_0771,entity_0304,validation
pair_006978,query,entity_0259,entity_0260,1,entity_0259,entity_0260,entity_0260,entity_0259,test
pair_006979,query,entity_0194,entity_0199,1,entity_0199,entity_0194,entity_0194,entity_0199,validation
pair_006980,query,entity_0646,entity_0649,1,entity_0649,entity_0646,entity_0646,entity_0649,test
pair_006981,query,entity_0551,entity_0555,1,entity_0551,entity_0555,entity_0555,entity_0551,test
pair_006982,query,entity_0192,entity_0811,0,entity_0811,entity_0192,entity_0192,entity_0811,test
pair_006983,query,entity_0636,entity_0638,1,entity_0636,entity_0638,entity_0638,entity_0636,validation
pair_006984,query,entity_0635,entity_0636,1,entity_0636,entity_0635,entity_0635,entity_0636,validation
pair_006985,query,entity_0138,entity_0879,0,entity_0879,entity_0138,entity_0138,entity_0879,validation
pair_006986,query,entity_0203,entity_0205,1,entity_0205,entity_0203,entity_0203,entity_0205,test
pair_006987,query,entity_0166,entity_0168,1,entity_0168,entity_0166,entity_0166,entity_0168,test
pair_006988,query,entity_0394,entity_0714,0,entity_0714,entity_0394,entity_0394,entity_0714,test
pair_006989,query,entity_0059,entity_0929,0,entity_0059,entity_0929,entity_0929,entity_0059,test
pair_006990,query,entity_0442,entity_0862,0,entity_0442,entity_0862,entity_0862,entity_0442,test
pair_006991,query,entity_0094,entity_0097,1,entity_0097,entity_0094,entity_0094,entity_0097,test
pair_006992,query,entity_0262,entity_0265,1,entity_0265,entity_0262,entity_0262,entity_0265,test
pair_006993,query,entity_0144,entity_0782,0,entity_0144,entity_0782,entity_0782,entity_0144,test
pair_006994,query,entity_0069,entity_0522,0,entity_0522,entity_0069,entity_0069,entity_0522,test
pair_006995,query,entity_0098,entity_0100,1,entity_0098,entity_0100,entity_0100,entity_0098,test
pair_006996,query,entity_0305,entity_0309,1,entity_0309,entity_0305,entity_0305,entity_0309,test
pair_006997,query,entity_0279,entity_0474,0,entity_0279,entity_0474,entity_0474,entity_0279,test
pair_006998,query,entity_0434,entity_0438,1,entity_0438,entity_0434,entity_0434,entity_0438,test
pair_006999,query,entity_0052,entity_0247,0,entity_0247,entity_0052,entity_0052,entity_0247,test
pair_007000,query,entity_0103,entity_0855,0,entity_0855,entity_0103,entity_0103,entity_0855,test
pair_007001,query,entity_0891,entity_0896,1,entity_0891,entity_0896,entity_0896,entity_0891,test
pair_007002,query,entity_0721,entity_0730,1,entity_0730,entity_0721,entity_0721,entity_0730,test
pair_007003,query,entity_0104,entity_0216,0,entity_0104,entity_0216,entity_0216,entity_0104,validation
pair_007004,query,entity_0790,entity_0808,0,entity_0790,entity_0808,entity_0808,entity_0790,test
pair_007005,query,entity_0325,entity_0364,0,entity_0364,entity_0325,entity_0325,entity_0364,test
pair_007006,query,entity_0008,entity_0097,0,entity_0097,entity_0008,entity_0008,entity_0097,test
pair_007007,query,entity_0321,entity_0324,1,entity_0321,entity_0324,entity_0324,entity_0321,validation
pair_007008,query,entity_0232,entity_0235,1,entity_0235,entity_0232,entity_0232,entity_0235,validation
pair_007009,query,entity_0162,entity_0169,1,entity_0169,entity_0162,entity_0162,entity_0169,test
pair_007010,query,entity_0072,entity_0073,1,entity_0073,entity_0072,entity_0072,entity_0073,test
pair_007011,query,entity_0076,entity_0078,1,entity_0078,entity_0076,entity_0076,entity_0078,test
pair_007012,query,entity_0616,entity_0618,1,entity_0618,entity_0616,entity_0616,entity_0618,validation
pair_007013,query,entity_0284,entity_0286,1,entity_0286,entity_0284,entity_0284,entity_0286,test
pair_007014,query,entity_0922,entity_0923,1,entity_0922,entity_0923,entity_0923,entity_0922,test
pair_007015,query,entity_0385,entity_0388,1,entity_0388,entity_0385,entity_0385,entity_0388,test
pair_007016,query,entity_0471,entity_0476,1,entity_0471,entity_0476,entity_0476,entity_0471,test
pair_007017,query,entity_0448,entity_0919,0,entity_0919,entity_0448,entity_0448,entity_0919,test
pair_007018,query,entity_0474,entity_0480,1,entity_0480,entity_0474,entity_0474,entity_0480,test
pair_007019,query,entity_0233,entity_0845,0,entity_0845,entity_0233,entity_0233,entity_0845,test
pair_007020,query,entity_0359,entity_0360,1,entity_0359,entity_0360,entity_0360,entity_0359,validation
pair_007021,query,entity_0637,entity_0688,0,entity_0688,entity_0637,entity_0637,entity_0688,test
pair_007022,query,entity_0542,entity_0788,0,entity_0788,entity_0542,entity_0542,entity_0788,test
pair_007023,query,entity_0375,entity_0376,1,entity_0375,entity_0376,entity_0376,entity_0375,validation
pair_007024,query,entity_0331,entity_0961,0,entity_0961,entity_0331,entity_0331,entity_0961,test
pair_007025,query,entity_0237,entity_0590,0,entity_0237,entity_0590,entity_0590,entity_0237,test
pair_007026,query,entity_0895,entity_0897,1,entity_0895,entity_0897,entity_0897,entity_0895,validation
pair_007027,query,entity_0349,entity_0350,1,entity_0350,entity_0349,entity_0349,entity_0350,test
pair_007028,query,entity_0816,entity_0818,1,entity_0818,entity_0816,entity_0816,entity_0818,test
pair_007029,query,entity_0273,entity_0274,1,entity_0274,entity_0273,entity_0273,entity_0274,test
pair_007030,query,entity_0722,entity_0726,1,entity_0722,entity_0726,entity_0726,entity_0722,test
pair_007031,query,entity_0526,entity_0896,0,entity_0526,entity_0896,entity_0896,entity_0526,test
pair_007032,query,entity_0477,entity_0480,1,entity_0477,entity_0480,entity_0480,entity_0477,test
pair_007033,query,entity_0238,entity_0240,1,entity_0240,entity_0238,entity_0238,entity_0240,test
pair_007034,query,entity_0327,entity_0329,1,entity_0329,entity_0327,entity_0327,entity_0329,validation
pair_007035,query,entity_0542,entity_0549,1,entity_0549,entity_0542,entity_0542,entity_0549,test
pair_007036,query,entity_0738,entity_0974,0,entity_0738,entity_0974,entity_0974,entity_0738,test
pair_007037,query,entity_0829,entity_0945,0,entity_0945,entity_0829,entity_0829,entity_0945,validation
pair_007038,query,entity_0404,entity_0760,0,entity_0404,entity_0760,entity_0760,entity_0404,validation
pair_007039,query,entity_0349,entity_0671,0,entity_0349,entity_0671,entity_0671,entity_0349,test
pair_007040,query,entity_0286,entity_0287,1,entity_0286,entity_0287,entity_0287,entity_0286,test
pair_007041,query,entity_0163,entity_0169,1,entity_0169,entity_0163,entity_0163,entity_0169,test
pair_007042,query,entity_0214,entity_0279,0,entity_0214,entity_0279,entity_0279,entity_0214,test
pair_007043,query,entity_0506,entity_0883,0,entity_0506,entity_0883,entity_0883,entity_0506,test
pair_007044,query,entity_0452,entity_0453,1,entity_0452,entity_0453,entity_0453,entity_0452,test
pair_007045,query,entity_0383,entity_0384,1,entity_0384,entity_0383,entity_0383,entity_0384,test
pair_007046,query,entity_0261,entity_0265,1,entity_0261,entity_0265,entity_0265,entity_0261,test
pair_007047,query,entity_0396,entity_0399,1,entity_0399,entity_0396,entity_0396,entity_0399,test
pair_007048,query,entity_0716,entity_0717,1,entity_0717,entity_0716,entity_0716,entity_0717,validation
pair_007049,query,entity_0404,entity_0406,1,entity_0406,entity_0404,entity_0404,entity_0406,test
pair_007050,query,entity_0350,entity_0719,0,entity_0719,entity_0350,entity_0350,entity_0719,test
pair_007051,query,entity_0328,entity_0329,1,entity_0329,entity_0328,entity_0328,entity_0329,validation
pair_007052,query,entity_0251,entity_0755,0,entity_0251,entity_0755,entity_0755,entity_0251,test
pair_007053,query,entity_0457,entity_0759,0,entity_0759,entity_0457,entity_0457,entity_0759,test
pair_007054,query,entity_0219,entity_0992,0,entity_0219,entity_0992,entity_0992,entity_0219,test
pair_007055,query,entity_0102,entity_0104,1,entity_0102,entity_0104,entity_0104,entity_0102,test
pair_007056,query,entity_0170,entity_0408,0,entity_0170,entity_0408,entity_0408,entity_0170,validation
pair_007057,query,entity_0801,entity_0806,1,entity_0801,entity_0806,entity_0806,entity_0801,test
pair_007058,query,entity_0361,entity_0362,1,entity_0361,entity_0362,entity_0362,entity_0361,validation
pair_007059,query,entity_0328,entity_0865,0,entity_0328,entity_0865,entity_0865,entity_0328,validation
pair_007060,query,entity_0855,entity_0958,0,entity_0855,entity_0958,entity_0958,entity_0855,test
pair_007061,query,entity_0582,entity_0590,1,entity_0590,entity_0582,entity_0582,entity_0590,test
pair_007062,query,entity_0433,entity_0440,1,entity_0433,entity_0440,entity_0440,entity_0433,test
pair_007063,query,entity_0144,entity_0922,0,entity_0922,entity_0144,entity_0144,entity_0922,validation
pair_007064,query,entity_0437,entity_0916,0,entity_0437,entity_0916,entity_0916,entity_0437,test
pair_007065,query,entity_0537,entity_0538,1,entity_0537,entity_0538,entity_0538,entity_0537,test
pair_007066,query,entity_0047,entity_0476,0,entity_0476,entity_0047,entity_0047,entity_0476,test
pair_007067,query,entity_0146,entity_0149,1,entity_0146,entity_0149,entity_0149,entity_0146,test
pair_007068,query,entity_0278,entity_0689,0,entity_0689,entity_0278,entity_0278,entity_0689,test
pair_007069,query,entity_0713,entity_0986,0,entity_0713,entity_0986,entity_0986,entity_0713,validation
pair_007070,query,entity_0099,entity_0826,0,entity_0826,entity_0099,entity_0099,entity_0826,validation
pair_007071,query,entity_0771,entity_0777,1,entity_0771,entity_0777,entity_0777,entity_0771,test
pair_007072,query,entity_0773,entity_0778,1,entity_0778,entity_0773,entity_0773,entity_0778,validation
pair_007073,query,entity_0444,entity_0447,1,entity_0444,entity_0447,entity_0447,entity_0444,test
pair_007074,query,entity_0146,entity_0150,1,entity_0146,entity_0150,entity_0150,entity_0146,test
pair_007075,query,entity_0002,entity_0696,0,entity_0696,entity_0002,entity_0002,entity_0696,test
pair_007076,query,entity_0185,entity_0522,0,entity_0185,entity_0522,entity_0522,entity_0185,test
pair_007077,query,entity_0627,entity_0808,0,entity_0808,entity_0627,entity_0627,entity_0808,test
pair_007078,query,entity_0053,entity_0055,1,entity_0053,entity_0055,entity_0055,entity_0053,test
pair_007079,query,entity_0284,entity_0288,1,entity_0288,entity_0284,entity_0284,entity_0288,test
pair_007080,query,entity_0802,entity_0990,0,entity_0802,entity_0990,entity_0990,entity_0802,test
pair_007081,query,entity_0610,entity_0934,0,entity_0610,entity_0934,entity_0934,entity_0610,test
pair_007082,query,entity_0717,entity_0982,0,entity_0982,entity_0717,entity_0717,entity_0982,validation
pair_007083,query,entity_0811,entity_0813,1,entity_0813,entity_0811,entity_0811,entity_0813,test
pair_007084,query,entity_0005,entity_0102,0,entity_0005,entity_0102,entity_0102,entity_0005,test
pair_007085,query,entity_0212,entity_0215,1,entity_0212,entity_0215,entity_0215,entity_0212,test
pair_007086,query,entity_0205,entity_0325,0,entity_0205,entity_0325,entity_0325,entity_0205,validation
pair_007087,query,entity_0006,entity_0503,0,entity_0006,entity_0503,entity_0503,entity_0006,test
pair_007088,query,entity_0032,entity_0037,1,entity_0032,entity_0037,entity_0037,entity_0032,test
pair_007089,query,entity_0345,entity_0368,0,entity_0345,entity_0368,entity_0368,entity_0345,test
pair_007090,query,entity_0317,entity_0319,1,entity_0319,entity_0317,entity_0317,entity_0319,test
pair_007091,query,entity_0175,entity_0180,1,entity_0180,entity_0175,entity_0175,entity_0180,test
pair_007092,query,entity_0598,entity_0600,1,entity_0598,entity_0600,entity_0600,entity_0598,test
pair_007093,query,entity_0726,entity_0728,1,entity_0726,entity_0728,entity_0728,entity_0726,validation
pair_007094,query,entity_0055,entity_0059,1,entity_0059,entity_0055,entity_0055,entity_0059,test
pair_007095,query,entity_0117,entity_0250,0,entity_0117,entity_0250,entity_0250,entity_0117,validation
pair_007096,query,entity_0419,entity_0420,1,entity_0420,entity_0419,entity_0419,entity_0420,test
pair_007097,query,entity_0115,entity_0221,0,entity_0221,entity_0115,entity_0115,entity_0221,test
pair_007098,query,entity_0211,entity_0220,1,entity_0211,entity_0220,entity_0220,entity_0211,validation
pair_007099,query,entity_0392,entity_0995,0,entity_0392,entity_0995,entity_0995,entity_0392,validation
pair_007100,query,entity_0192,entity_0199,1,entity_0192,entity_0199,entity_0199,entity_0192,test
pair_007101,query,entity_0163,entity_0192,0,entity_0163,entity_0192,entity_0192,entity_0163,test
pair_007102,query,entity_0203,entity_0208,1,entity_0203,entity_0208,entity_0208,entity_0203,test
pair_007103,query,entity_0015,entity_0020,1,entity_0015,entity_0020,entity_0020,entity_0015,validation
pair_007104,query,entity_0905,entity_0957,0,entity_0905,entity_0957,entity_0957,entity_0905,validation
pair_007105,query,entity_0103,entity_0349,0,entity_0103,entity_0349,entity_0349,entity_0103,test
pair_007106,query,entity_0046,entity_0048,1,entity_0048,entity_0046,entity_0046,entity_0048,test
pair_007107,query,entity_0912,entity_0913,1,entity_0912,entity_0913,entity_0913,entity_0912,test
pair_007108,query,entity_0217,entity_0219,1,entity_0219,entity_0217,entity_0217,entity_0219,test
pair_007109,query,entity_0070,entity_0608,0,entity_0070,entity_0608,entity_0608,entity_0070,test
pair_007110,query,entity_0902,entity_0925,0,entity_0902,entity_0925,entity_0925,entity_0902,test
pair_007111,query,entity_0176,entity_0912,0,entity_0912,entity_0176,entity_0176,entity_0912,validation
pair_007112,query,entity_0140,entity_0347,0,entity_0347,entity_0140,entity_0140,entity_0347,validation
pair_007113,query,entity_0323,entity_0408,0,entity_0408,entity_0323,entity_0323,entity_0408,test
pair_007114,query,entity_0004,entity_0121,0,entity_0004,entity_0121,entity_0121,entity_0004,validation
pair_007115,query,entity_0062,entity_0793,0,entity_0062,entity_0793,entity_0793,entity_0062,test
pair_007116,query,entity_0931,entity_0939,1,entity_0939,entity_0931,entity_0931,entity_0939,test
pair_007117,query,entity_0802,entity_0808,1,entity_0808,entity_0802,entity_0802,entity_0808,test
pair_007118,query,entity_0674,entity_0677,1,entity_0674,entity_0677,entity_0677,entity_0674,validation
pair_007119,query,entity_0013,entity_0489,0,entity_0489,entity_0013,entity_0013,entity_0489,test
pair_007120,query,entity_0023,entity_0773,0,entity_0023,entity_0773,entity_0773,entity_0023,test
pair_007121,query,entity_0056,entity_0761,0,entity_0056,entity_0761,entity_0761,entity_0056,test
pair_007122,query,entity_0471,entity_0520,0,entity_0471,entity_0520,entity_0520,entity_0471,validation
pair_007123,query,entity_0008,entity_0087,0,entity_0087,entity_0008,entity_0008,entity_0087,test
pair_007124,query,entity_0811,entity_0817,1,entity_0817,entity_0811,entity_0811,entity_0817,test
pair_007125,query,entity_0157,entity_0159,1,entity_0157,entity_0159,entity_0159,entity_0157,validation
pair_007126,query,entity_0038,entity_0722,0,entity_0722,entity_0038,entity_0038,entity_0722,test
pair_007127,query,entity_0112,entity_0115,1,entity_0112,entity_0115,entity_0115,entity_0112,test
pair_007128,query,entity_0063,entity_0065,1,entity_0063,entity_0065,entity_0065,entity_0063,test
pair_007129,query,entity_0422,entity_0423,1,entity_0423,entity_0422,entity_0422,entity_0423,test
pair_007130,query,entity_0106,entity_0856,0,entity_0106,entity_0856,entity_0856,entity_0106,test
pair_007131,query,entity_0840,entity_0844,0,entity_0844,entity_0840,entity_0840,entity_0844,test
pair_007132,query,entity_0596,entity_0600,1,entity_0596,entity_0600,entity_0600,entity_0596,validation
pair_007133,query,entity_0797,entity_0799,1,entity_0799,entity_0797,entity_0797,entity_0799,test
pair_007134,query,entity_0158,entity_0159,1,entity_0158,entity_0159,entity_0159,entity_0158,test
pair_007135,query,entity_0761,entity_0765,1,entity_0761,entity_0765,entity_0765,entity_0761,test
pair_007136,query,entity_0898,entity_0961,0,entity_0898,entity_0961,entity_0961,entity_0898,test
pair_007137,query,entity_0481,entity_0513,0,entity_0513,entity_0481,entity_0481,entity_0513,test
pair_007138,query,entity_0766,entity_0834,0,entity_0766,entity_0834,entity_0834,entity_0766,test
pair_007139,query,entity_0487,entity_0488,1,entity_0487,entity_0488,entity_0488,entity_0487,test
pair_007140,query,entity_0333,entity_0962,0,entity_0962,entity_0333,entity_0333,entity_0962,test
pair_007141,query,entity_0112,entity_0392,0,entity_0392,entity_0112,entity_0112,entity_0392,validation
pair_007142,query,entity_0045,entity_0795,0,entity_0795,entity_0045,entity_0045,entity_0795,test
pair_007143,query,entity_0902,entity_0907,1,entity_0902,entity_0907,entity_0907,entity_0902,test
pair_007144,query,entity_0684,entity_0688,1,entity_0684,entity_0688,entity_0688,entity_0684,test
pair_007145,query,entity_0743,entity_0749,1,entity_0743,entity_0749,entity_0749,entity_0743,test
pair_007146,query,entity_0373,entity_0377,1,entity_0373,entity_0377,entity_0377,entity_0373,validation
pair_007147,query,entity_0812,entity_0818,1,entity_0818,entity_0812,entity_0812,entity_0818,test
pair_007148,query,entity_0062,entity_0343,0,entity_0062,entity_0343,entity_0343,entity_0062,validation
pair_007149,query,entity_0054,entity_0773,0,entity_0054,entity_0773,entity_0773,entity_0054,test
pair_007150,query,entity_0083,entity_0687,0,entity_0687,entity_0083,entity_0083,entity_0687,test
pair_007151,query,entity_0020,entity_0593,0,entity_0020,entity_0593,entity_0593,entity_0020,test
pair_007152,query,entity_0345,entity_0347,1,entity_0345,entity_0347,entity_0347,entity_0345,validation
pair_007153,query,entity_0671,entity_0676,1,entity_0671,entity_0676,entity_0676,entity_0671,validation
pair_007154,query,entity_0086,entity_0207,0,entity_0207,entity_0086,entity_0086,entity_0207,validation
pair_007155,query,entity_0714,entity_0719,1,entity_0719,entity_0714,entity_0714,entity_0719,validation
pair_007156,query,entity_0682,entity_0690,1,entity_0682,entity_0690,entity_0690,entity_0682,test
pair_007157,query,entity_0150,entity_0577,0,entity_0577,entity_0150,entity_0150,entity_0577,test
pair_007158,query,entity_0282,entity_0289,1,entity_0289,entity_0282,entity_0282,entity_0289,test
pair_007159,query,entity_0266,entity_0734,0,entity_0266,entity_0734,entity_0734,entity_0266,test
pair_007160,query,entity_0542,entity_0546,1,entity_0542,entity_0546,entity_0546,entity_0542,test
pair_007161,query,entity_0371,entity_0378,1,entity_0371,entity_0378,entity_0378,entity_0371,test
pair_007162,query,entity_0001,entity_0005,1,entity_0001,entity_0005,entity_0005,entity_0001,test
pair_007163,query,entity_0492,entity_0617,0,entity_0617,entity_0492,entity_0492,entity_0617,test
pair_007164,query,entity_0681,entity_0690,1,entity_0690,entity_0681,entity_0681,entity_0690,test
pair_007165,query,entity_0503,entity_0508,1,entity_0503,entity_0508,entity_0508,entity_0503,test
pair_007166,query,entity_0307,entity_0308,1,entity_0308,entity_0307,entity_0307,entity_0308,test
pair_007167,query,entity_0240,entity_0711,0,entity_0240,entity_0711,entity_0711,entity_0240,test
pair_007168,query,entity_0781,entity_0789,1,entity_0781,entity_0789,entity_0789,entity_0781,test
pair_007169,query,entity_0943,entity_0950,1,entity_0950,entity_0943,entity_0943,entity_0950,test
pair_007170,query,entity_0681,entity_0743,0,entity_0681,entity_0743,entity_0743,entity_0681,validation
pair_007171,query,entity_0753,entity_0832,0,entity_0832,entity_0753,entity_0753,entity_0832,test
pair_007172,query,entity_0829,entity_0968,0,entity_0968,entity_0829,entity_0829,entity_0968,validation
pair_007173,query,entity_0089,entity_0994,0,entity_0994,entity_0089,entity_0089,entity_0994,test
pair_007174,query,entity_0985,entity_0986,1,entity_0986,entity_0985,entity_0985,entity_0986,test
pair_007175,query,entity_0260,entity_0295,0,entity_0260,entity_0295,entity_0295,entity_0260,test
pair_007176,query,entity_0411,entity_0418,1,entity_0418,entity_0411,entity_0411,entity_0418,test
pair_007177,query,entity_0312,entity_0822,0,entity_0822,entity_0312,entity_0312,entity_0822,test
pair_007178,query,entity_0006,entity_0453,0,entity_0453,entity_0006,entity_0006,entity_0453,test
pair_007179,query,entity_0835,entity_0836,1,entity_0835,entity_0836,entity_0836,entity_0835,test
pair_007180,query,entity_0863,entity_0867,1,entity_0863,entity_0867,entity_0867,entity_0863,test
pair_007181,query,entity_0153,entity_0682,0,entity_0682,entity_0153,entity_0153,entity_0682,test
pair_007182,query,entity_0433,entity_0435,1,entity_0433,entity_0435,entity_0435,entity_0433,validation
pair_007183,query,entity_0654,entity_0660,1,entity_0654,entity_0660,entity_0660,entity_0654,validation
pair_007184,query,entity_0916,entity_0919,1,entity_0919,entity_0916,entity_0916,entity_0919,test
pair_007185,query,entity_0017,entity_0931,0,entity_0931,entity_0017,entity_0017,entity_0931,test
pair_007186,query,entity_0498,entity_0909,0,entity_0498,entity_0909,entity_0909,entity_0498,validation
pair_007187,query,entity_0681,entity_0683,1,entity_0681,entity_0683,entity_0683,entity_0681,test
pair_007188,query,entity_0783,entity_0787,1,entity_0783,entity_0787,entity_0787,entity_0783,test
pair_007189,query,entity_0461,entity_0470,1,entity_0461,entity_0470,entity_0470,entity_0461,test
pair_007190,query,entity_0621,entity_0626,1,entity_0626,entity_0621,entity_0621,entity_0626,validation
pair_007191,query,entity_0007,entity_0213,0,entity_0213,entity_0007,entity_0007,entity_0213,validation
pair_007192,query,entity_0603,entity_0609,1,entity_0609,entity_0603,entity_0603,entity_0609,test
pair_007193,query,entity_0005,entity_0569,0,entity_0005,entity_0569,entity_0569,entity_0005,test
pair_007194,query,entity_0861,entity_0865,1,entity_0865,entity_0861,entity_0861,entity_0865,validation
pair_007195,query,entity_0982,entity_0984,1,entity_0982,entity_0984,entity_0984,entity_0982,validation
pair_007196,query,entity_0592,entity_0593,1,entity_0593,entity_0592,entity_0592,entity_0593,test
pair_007197,query,entity_0599,entity_0600,1,entity_0599,entity_0600,entity_0600,entity_0599,test
pair_007198,query,entity_0416,entity_0426,0,entity_0426,entity_0416,entity_0416,entity_0426,test
pair_007199,query,entity_0813,entity_0817,1,entity_0817,entity_0813,entity_0813,entity_0817,test
pair_007200,query,entity_0411,entity_0416,1,entity_0416,entity_0411,entity_0411,entity_0416,test
pair_007201,query,entity_0287,entity_0968,0,entity_0968,entity_0287,entity_0287,entity_0968,test
pair_007202,query,entity_0501,entity_0510,1,entity_0510,entity_0501,entity_0501,entity_0510,test
pair_007203,query,entity_0347,entity_0945,0,entity_0347,entity_0945,entity_0945,entity_0347,test
pair_007204,query,entity_0381,entity_0385,1,entity_0385,entity_0381,entity_0381,entity_0385,test
pair_007205,query,entity_0104,entity_0106,1,entity_0104,entity_0106,entity_0106,entity_0104,test
pair_007206,query,entity_0582,entity_0585,1,entity_0582,entity_0585,entity_0585,entity_0582,test
pair_007207,query,entity_0909,entity_0910,1,entity_0909,entity_0910,entity_0910,entity_0909,test
pair_007208,query,entity_0481,entity_0488,1,entity_0481,entity_0488,entity_0488,entity_0481,test
pair_007209,query,entity_0857,entity_0910,0,entity_0910,entity_0857,entity_0857,entity_0910,test
pair_007210,query,entity_0711,entity_0718,1,entity_0711,entity_0718,entity_0718,entity_0711,test
pair_007211,query,entity_0043,entity_0674,0,entity_0043,entity_0674,entity_0674,entity_0043,validation
pair_007212,query,entity_0493,entity_0498,1,entity_0498,entity_0493,entity_0493,entity_0498,test
pair_007213,query,entity_0163,entity_0941,0,entity_0163,entity_0941,entity_0941,entity_0163,validation
pair_007214,query,entity_0087,entity_0089,1,entity_0089,entity_0087,entity_0087,entity_0089,validation
pair_007215,query,entity_0581,entity_0582,1,entity_0581,entity_0582,entity_0582,entity_0581,test
pair_007216,query,entity_0859,entity_0949,0,entity_0859,entity_0949,entity_0949,entity_0859,validation
pair_007217,query,entity_0607,entity_0609,1,entity_0609,entity_0607,entity_0607,entity_0609,test
pair_007218,query,entity_0146,entity_0148,1,entity_0148,entity_0146,entity_0146,entity_0148,test
pair_007219,query,entity_0257,entity_0804,0,entity_0257,entity_0804,entity_0804,entity_0257,test
pair_007220,query,entity_0221,entity_0648,0,entity_0648,entity_0221,entity_0221,entity_0648,validation
pair_007221,query,entity_0207,entity_0598,0,entity_0598,entity_0207,entity_0207,entity_0598,test
pair_007222,query,entity_0150,entity_0213,0,entity_0213,entity_0150,entity_0150,entity_0213,test
pair_007223,query,entity_0283,entity_0552,0,entity_0552,entity_0283,entity_0283,entity_0552,test
pair_007224,query,entity_0103,entity_0663,0,entity_0103,entity_0663,entity_0663,entity_0103,test
pair_007225,query,entity_0151,entity_0157,1,entity_0151,entity_0157,entity_0157,entity_0151,test
pair_007226,query,entity_0953,entity_0956,1,entity_0956,entity_0953,entity_0953,entity_0956,test
pair_007227,query,entity_0078,entity_0080,1,entity_0080,entity_0078,entity_0078,entity_0080,test
pair_007228,query,entity_0701,entity_0710,1,entity_0710,entity_0701,entity_0701,entity_0710,validation
pair_007229,query,entity_0642,entity_0880,0,entity_0880,entity_0642,entity_0642,entity_0880,test
pair_007230,query,entity_0427,entity_0923,0,entity_0427,entity_0923,entity_0923,entity_0427,validation
pair_007231,query,entity_0036,entity_0417,0,entity_0417,entity_0036,entity_0036,entity_0417,test
pair_007232,query,entity_0073,entity_0075,1,entity_0073,entity_0075,entity_0075,entity_0073,test
pair_007233,query,entity_0492,entity_0496,1,entity_0492,entity_0496,entity_0496,entity_0492,validation
pair_007234,query,entity_0371,entity_0646,0,entity_0646,entity_0371,entity_0371,entity_0646,validation
pair_007235,query,entity_0541,entity_0543,1,entity_0543,entity_0541,entity_0541,entity_0543,test
pair_007236,query,entity_0902,entity_0903,1,entity_0902,entity_0903,entity_0903,entity_0902,test
pair_007237,query,entity_0572,entity_0574,1,entity_0574,entity_0572,entity_0572,entity_0574,validation
pair_007238,query,entity_0180,entity_0820,0,entity_0180,entity_0820,entity_0820,entity_0180,test
pair_007239,query,entity_0705,entity_0707,1,entity_0707,entity_0705,entity_0705,entity_0707,test
pair_007240,query,entity_0733,entity_0972,0,entity_0733,entity_0972,entity_0972,entity_0733,test
pair_007241,query,entity_0765,entity_0770,1,entity_0770,entity_0765,entity_0765,entity_0770,test
pair_007242,query,entity_0005,entity_0451,0,entity_0005,entity_0451,entity_0451,entity_0005,test
pair_007243,query,entity_0195,entity_0200,1,entity_0195,entity_0200,entity_0200,entity_0195,test
pair_007244,query,entity_0695,entity_0698,1,entity_0698,entity_0695,entity_0695,entity_0698,test
pair_007245,query,entity_0714,entity_0720,1,entity_0714,entity_0720,entity_0720,entity_0714,test
pair_007246,query,entity_0418,entity_0419,1,entity_0419,entity_0418,entity_0418,entity_0419,test
pair_007247,query,entity_0161,entity_0497,0,entity_0161,entity_0497,entity_0497,entity_0161,validation
pair_007248,query,entity_0392,entity_0599,0,entity_0599,entity_0392,entity_0392,entity_0599,test
pair_007249,query,entity_0732,entity_0959,0,entity_0732,entity_0959,entity_0959,entity_0732,validation
pair_007250,query,entity_0795,entity_0937,0,entity_0795,entity_0937,entity_0937,entity_0795,validation
pair_007251,query,entity_0113,entity_0114,1,entity_0114,entity_0113,entity_0113,entity_0114,test
pair_007252,query,entity_0234,entity_0905,0,entity_0234,entity_0905,entity_0905,entity_0234,test
pair_007253,query,entity_0812,entity_0866,0,entity_0866,entity_0812,entity_0812,entity_0866,test
pair_007254,query,entity_0231,entity_0235,1,entity_0235,entity_0231,entity_0231,entity_0235,test
pair_007255,query,entity_0866,entity_0921,0,entity_0921,entity_0866,entity_0866,entity_0921,test
pair_007256,query,entity_0327,entity_0330,1,entity_0327,entity_0330,entity_0330,entity_0327,test
pair_007257,query,entity_0024,entity_0427,0,entity_0024,entity_0427,entity_0427,entity_0024,test
pair_007258,query,entity_0501,entity_0630,0,entity_0630,entity_0501,entity_0501,entity_0630,test
pair_007259,query,entity_0901,entity_0909,1,entity_0909,entity_0901,entity_0901,entity_0909,test
pair_007260,query,entity_0406,entity_0407,1,entity_0406,entity_0407,entity_0407,entity_0406,test
pair_007261,query,entity_0046,entity_0759,0,entity_0046,entity_0759,entity_0759,entity_0046,test
pair_007262,query,entity_0121,entity_0380,0,entity_0121,entity_0380,entity_0380,entity_0121,test
pair_007263,query,entity_0491,entity_0807,0,entity_0807,entity_0491,entity_0491,entity_0807,test
pair_007264,query,entity_0567,entity_0570,1,entity_0567,entity_0570,entity_0570,entity_0567,test
pair_007265,query,entity_0096,entity_0768,0,entity_0768,entity_0096,entity_0096,entity_0768,test
pair_007266,query,entity_0224,entity_0532,0,entity_0224,entity_0532,entity_0532,entity_0224,test
pair_007267,query,entity_0594,entity_0598,1,entity_0594,entity_0598,entity_0598,entity_0594,test
pair_007268,query,entity_0602,entity_0639,0,entity_0639,entity_0602,entity_0602,entity_0639,test
pair_007269,query,entity_0572,entity_0576,1,entity_0576,entity_0572,entity_0572,entity_0576,test
pair_007270,query,entity_0317,entity_0795,0,entity_0795,entity_0317,entity_0317,entity_0795,test
pair_007271,query,entity_0998,entity_1000,1,entity_0998,entity_1000,entity_1000,entity_0998,test
pair_007272,query,entity_0104,entity_0175,0,entity_0104,entity_0175,entity_0175,entity_0104,test
pair_007273,query,entity_0244,entity_0602,0,entity_0244,entity_0602,entity_0602,entity_0244,test
pair_007274,query,entity_0124,entity_0125,1,entity_0124,entity_0125,entity_0125,entity_0124,validation
pair_007275,query,entity_0562,entity_0757,0,entity_0562,entity_0757,entity_0757,entity_0562,test
pair_007276,query,entity_0439,entity_0476,0,entity_0476,entity_0439,entity_0439,entity_0476,test
pair_007277,query,entity_0996,entity_0997,1,entity_0996,entity_0997,entity_0997,entity_0996,test
pair_007278,query,entity_0478,entity_0479,1,entity_0479,entity_0478,entity_0478,entity_0479,test
pair_007279,query,entity_0578,entity_0593,0,entity_0578,entity_0593,entity_0593,entity_0578,validation
pair_007280,query,entity_0044,entity_0776,0,entity_0044,entity_0776,entity_0776,entity_0044,test
pair_007281,query,entity_0563,entity_0659,0,entity_0659,entity_0563,entity_0563,entity_0659,test
pair_007282,query,entity_0319,entity_0543,0,entity_0543,entity_0319,entity_0319,entity_0543,validation
pair_007283,query,entity_0282,entity_0285,1,entity_0285,entity_0282,entity_0282,entity_0285,validation
pair_007284,query,entity_0222,entity_0229,1,entity_0222,entity_0229,entity_0229,entity_0222,test
pair_007285,query,entity_0054,entity_0175,0,entity_0175,entity_0054,entity_0054,entity_0175,validation
pair_007286,query,entity_0582,entity_0587,1,entity_0587,entity_0582,entity_0582,entity_0587,test
pair_007287,query,entity_0617,entity_0861,0,entity_0861,entity_0617,entity_0617,entity_0861,test
pair_007288,query,entity_0632,entity_0812,0,entity_0812,entity_0632,entity_0632,entity_0812,test
pair_007289,query,entity_0330,entity_0728,0,entity_0728,entity_0330,entity_0330,entity_0728,test
pair_007290,query,entity_0008,entity_0742,0,entity_0008,entity_0742,entity_0742,entity_0008,test
pair_007291,query,entity_0099,entity_0155,0,entity_0099,entity_0155,entity_0155,entity_0099,test
pair_007292,query,entity_0596,entity_0597,1,entity_0596,entity_0597,entity_0597,entity_0596,test
pair_007293,query,entity_0510,entity_0647,0,entity_0647,entity_0510,entity_0510,entity_0647,test
pair_007294,query,entity_0502,entity_0510,1,entity_0510,entity_0502,entity_0502,entity_0510,test
pair_007295,query,entity_0771,entity_0773,1,entity_0773,entity_0771,entity_0771,entity_0773,validation
pair_007296,query,entity_0832,entity_0898,0,entity_0832,entity_0898,entity_0898,entity_0832,test
pair_007297,query,entity_0458,entity_0710,0,entity_0710,entity_0458,entity_0458,entity_0710,test
pair_007298,query,entity_0273,entity_0811,0,entity_0811,entity_0273,entity_0273,entity_0811,test
pair_007299,query,entity_0161,entity_0162,1,entity_0161,entity_0162,entity_0162,entity_0161,test
pair_007300,query,entity_0183,entity_0184,1,entity_0184,entity_0183,entity_0183,entity_0184,test
pair_007301,query,entity_0793,entity_0798,1,entity_0793,entity_0798,entity_0798,entity_0793,test
pair_007302,query,entity_0594,entity_0957,0,entity_0957,entity_0594,entity_0594,entity_0957,test
pair_007303,query,entity_0582,entity_0588,1,entity_0582,entity_0588,entity_0588,entity_0582,test
pair_007304,query,entity_0556,entity_0560,1,entity_0556,entity_0560,entity_0560,entity_0556,test
pair_007305,query,entity_0885,entity_0887,1,entity_0885,entity_0887,entity_0887,entity_0885,test
pair_007306,query,entity_0833,entity_0836,1,entity_0833,entity_0836,entity_0836,entity_0833,validation
pair_007307,query,entity_0806,entity_0807,1,entity_0807,entity_0806,entity_0806,entity_0807,test
pair_007308,query,entity_0729,entity_0768,0,entity_0768,entity_0729,entity_0729,entity_0768,test
pair_007309,query,entity_0616,entity_0619,1,entity_0616,entity_0619,entity_0619,entity_0616,test
pair_007310,query,entity_0477,entity_0897,0,entity_0897,entity_0477,entity_0477,entity_0897,test
pair_007311,query,entity_0161,entity_0168,1,entity_0161,entity_0168,entity_0168,entity_0161,test
pair_007312,query,entity_0097,entity_0288,0,entity_0288,entity_0097,entity_0097,entity_0288,test
pair_007313,query,entity_0684,entity_0689,1,entity_0689,entity_0684,entity_0684,entity_0689,test
pair_007314,query,entity_0143,entity_0357,0,entity_0357,entity_0143,entity_0143,entity_0357,validation
pair_007315,query,entity_0168,entity_0526,0,entity_0168,entity_0526,entity_0526,entity_0168,test
pair_007316,query,entity_0194,entity_0614,0,entity_0614,entity_0194,entity_0194,entity_0614,test
pair_007317,query,entity_0039,entity_0430,0,entity_0039,entity_0430,entity_0430,entity_0039,validation
pair_007318,query,entity_0014,entity_0148,0,entity_0014,entity_0148,entity_0148,entity_0014,test
pair_007319,query,entity_0841,entity_0845,1,entity_0841,entity_0845,entity_0845,entity_0841,test
pair_007320,query,entity_0498,entity_0888,0,entity_0888,entity_0498,entity_0498,entity_0888,test
pair_007321,query,entity_0358,entity_0591,0,entity_0591,entity_0358,entity_0358,entity_0591,test
pair_007322,query,entity_0125,entity_0128,1,entity_0128,entity_0125,entity_0125,entity_0128,test
pair_007323,query,entity_0361,entity_0794,0,entity_0794,entity_0361,entity_0361,entity_0794,validation
pair_007324,query,entity_0410,entity_0841,0,entity_0410,entity_0841,entity_0841,entity_0410,test
pair_007325,query,entity_0697,entity_0902,0,entity_0902,entity_0697,entity_0697,entity_0902,test
pair_007326,query,entity_0104,entity_0920,0,entity_0920,entity_0104,entity_0104,entity_0920,test
pair_007327,query,entity_0879,entity_1000,0,entity_1000,entity_0879,entity_0879,entity_1000,test
pair_007328,query,entity_0405,entity_0408,1,entity_0405,entity_0408,entity_0408,entity_0405,test
pair_007329,query,entity_0316,entity_0849,0,entity_0316,entity_0849,entity_0849,entity_0316,test
pair_007330,query,entity_0375,entity_0379,1,entity_0379,entity_0375,entity_0375,entity_0379,test
pair_007331,query,entity_0227,entity_0691,0,entity_0691,entity_0227,entity_0227,entity_0691,test
pair_007332,query,entity_0266,entity_0267,1,entity_0266,entity_0267,entity_0267,entity_0266,test
pair_007333,query,entity_0927,entity_0929,1,entity_0927,entity_0929,entity_0929,entity_0927,test
pair_007334,query,entity_0121,entity_0124,1,entity_0124,entity_0121,entity_0121,entity_0124,test
pair_007335,query,entity_0698,entity_0699,1,entity_0699,entity_0698,entity_0698,entity_0699,test
pair_007336,query,entity_0242,entity_0245,1,entity_0245,entity_0242,entity_0242,entity_0245,test
pair_007337,query,entity_0644,entity_0719,0,entity_0644,entity_0719,entity_0719,entity_0644,test
pair_007338,query,entity_0296,entity_0768,0,entity_0296,entity_0768,entity_0768,entity_0296,test
pair_007339,query,entity_0617,entity_0783,0,entity_0783,entity_0617,entity_0617,entity_0783,test
pair_007340,query,entity_0264,entity_0267,1,entity_0264,entity_0267,entity_0267,entity_0264,test
pair_007341,query,entity_0529,entity_0591,0,entity_0529,entity_0591,entity_0591,entity_0529,test
pair_007342,query,entity_0158,entity_0780,0,entity_0780,entity_0158,entity_0158,entity_0780,test
pair_007343,query,entity_0481,entity_0482,1,entity_0481,entity_0482,entity_0482,entity_0481,test
pair_007344,query,entity_0145,entity_0417,0,entity_0145,entity_0417,entity_0417,entity_0145,test
pair_007345,query,entity_0821,entity_0829,1,entity_0829,entity_0821,entity_0821,entity_0829,test
pair_007346,query,entity_0403,entity_0528,0,entity_0528,entity_0403,entity_0403,entity_0528,validation
pair_007347,query,entity_0231,entity_0232,1,entity_0232,entity_0231,entity_0231,entity_0232,validation
pair_007348,query,entity_0448,entity_0668,0,entity_0448,entity_0668,entity_0668,entity_0448,test
pair_007349,query,entity_0625,entity_0626,1,entity_0625,entity_0626,entity_0626,entity_0625,validation
pair_007350,query,entity_0833,entity_0838,1,entity_0838,entity_0833,entity_0833,entity_0838,test
pair_007351,query,entity_0448,entity_0918,0,entity_0448,entity_0918,entity_0918,entity_0448,test
pair_007352,query,entity_0293,entity_0850,0,entity_0293,entity_0850,entity_0850,entity_0293,test
pair_007353,query,entity_0795,entity_0852,0,entity_0852,entity_0795,entity_0795,entity_0852,test
pair_007354,query,entity_0080,entity_0701,0,entity_0080,entity_0701,entity_0701,entity_0080,test
pair_007355,query,entity_0391,entity_0394,1,entity_0394,entity_0391,entity_0391,entity_0394,test
pair_007356,query,entity_0458,entity_0459,1,entity_0459,entity_0458,entity_0458,entity_0459,test
pair_007357,query,entity_0996,entity_1000,1,entity_0996,entity_1000,entity_1000,entity_0996,test
pair_007358,query,entity_0473,entity_0474,1,entity_0473,entity_0474,entity_0474,entity_0473,test
pair_007359,query,entity_0038,entity_0767,0,entity_0767,entity_0038,entity_0038,entity_0767,test
pair_007360,query,entity_0078,entity_0862,0,entity_0862,entity_0078,entity_0078,entity_0862,test
pair_007361,query,entity_0030,entity_0761,0,entity_0030,entity_0761,entity_0761,entity_0030,test
pair_007362,query,entity_0491,entity_0500,1,entity_0500,entity_0491,entity_0491,entity_0500,validation
pair_007363,query,entity_0791,entity_0799,1,entity_0799,entity_0791,entity_0791,entity_0799,test
pair_007364,query,entity_0382,entity_0545,0,entity_0545,entity_0382,entity_0382,entity_0545,test
pair_007365,query,entity_0754,entity_0760,1,entity_0754,entity_0760,entity_0760,entity_0754,test
pair_007366,query,entity_0797,entity_0798,1,entity_0798,entity_0797,entity_0797,entity_0798,test
pair_007367,query,entity_0854,entity_0855,1,entity_0854,entity_0855,entity_0855,entity_0854,test
pair_007368,query,entity_0237,entity_0240,1,entity_0237,entity_0240,entity_0240,entity_0237,test
pair_007369,query,entity_0134,entity_0138,1,entity_0134,entity_0138,entity_0138,entity_0134,test
pair_007370,query,entity_0052,entity_0059,1,entity_0059,entity_0052,entity_0052,entity_0059,test
pair_007371,query,entity_0951,entity_0958,1,entity_0951,entity_0958,entity_0958,entity_0951,test
pair_007372,query,entity_0141,entity_0456,0,entity_0141,entity_0456,entity_0456,entity_0141,test
pair_007373,query,entity_0377,entity_0379,1,entity_0377,entity_0379,entity_0379,entity_0377,test
pair_007374,query,entity_0173,entity_0799,0,entity_0799,entity_0173,entity_0173,entity_0799,test
pair_007375,query,entity_0001,entity_0648,0,entity_0001,entity_0648,entity_0648,entity_0001,validation
pair_007376,query,entity_0621,entity_0629,1,entity_0629,entity_0621,entity_0621,entity_0629,test
pair_007377,query,entity_0277,entity_0280,1,entity_0280,entity_0277,entity_0277,entity_0280,test
pair_007378,query,entity_0651,entity_0655,1,entity_0651,entity_0655,entity_0655,entity_0651,test
pair_007379,query,entity_0824,entity_0825,1,entity_0824,entity_0825,entity_0825,entity_0824,validation
pair_007380,query,entity_0120,entity_0654,0,entity_0654,entity_0120,entity_0120,entity_0654,validation
pair_007381,query,entity_0343,entity_0345,1,entity_0345,entity_0343,entity_0343,entity_0345,validation
pair_007382,query,entity_0611,entity_0891,0,entity_0611,entity_0891,entity_0891,entity_0611,test
pair_007383,query,entity_0079,entity_0595,0,entity_0595,entity_0079,entity_0079,entity_0595,test
pair_007384,query,entity_0142,entity_0148,1,entity_0142,entity_0148,entity_0148,entity_0142,validation
pair_007385,query,entity_0083,entity_0460,0,entity_0083,entity_0460,entity_0460,entity_0083,test
pair_007386,query,entity_0891,entity_0900,1,entity_0900,entity_0891,entity_0891,entity_0900,test
pair_007387,query,entity_0341,entity_0349,1,entity_0341,entity_0349,entity_0349,entity_0341,test
pair_007388,query,entity_0500,entity_0952,0,entity_0500,entity_0952,entity_0952,entity_0500,test
pair_007389,query,entity_0428,entity_0430,1,entity_0430,entity_0428,entity_0428,entity_0430,test
pair_007390,query,entity_0379,entity_0380,1,entity_0379,entity_0380,entity_0380,entity_0379,test
pair_007391,query,entity_0649,entity_0769,0,entity_0769,entity_0649,entity_0649,entity_0769,validation
pair_007392,query,entity_0305,entity_0469,0,entity_0305,entity_0469,entity_0469,entity_0305,validation
pair_007393,query,entity_0428,entity_0453,0,entity_0453,entity_0428,entity_0428,entity_0453,test
pair_007394,query,entity_0044,entity_0827,0,entity_0044,entity_0827,entity_0827,entity_0044,test
pair_007395,query,entity_0143,entity_0147,1,entity_0147,entity_0143,entity_0143,entity_0147,test
pair_007396,query,entity_0212,entity_0213,1,entity_0212,entity_0213,entity_0213,entity_0212,test
pair_007397,query,entity_0256,entity_0320,0,entity_0320,entity_0256,entity_0256,entity_0320,test
pair_007398,query,entity_0421,entity_0749,0,entity_0421,entity_0749,entity_0749,entity_0421,test
pair_007399,query,entity_0457,entity_0458,1,entity_0457,entity_0458,entity_0458,entity_0457,test
pair_007400,query,entity_0267,entity_0884,0,entity_0267,entity_0884,entity_0884,entity_0267,test
pair_007401,query,entity_0132,entity_0395,0,entity_0132,entity_0395,entity_0395,entity_0132,test
pair_007402,query,entity_0259,entity_0770,0,entity_0259,entity_0770,entity_0770,entity_0259,test
pair_007403,query,entity_0811,entity_0816,1,entity_0811,entity_0816,entity_0816,entity_0811,test
pair_007404,query,entity_0295,entity_0839,0,entity_0839,entity_0295,entity_0295,entity_0839,test
pair_007405,query,entity_0091,entity_0678,0,entity_0091,entity_0678,entity_0678,entity_0091,test
pair_007406,query,entity_0258,entity_0492,0,entity_0258,entity_0492,entity_0492,entity_0258,test
pair_007407,query,entity_0639,entity_0725,0,entity_0725,entity_0639,entity_0639,entity_0725,test
pair_007408,query,entity_0746,entity_0748,1,entity_0748,entity_0746,entity_0746,entity_0748,test
pair_007409,query,entity_0106,entity_0654,0,entity_0106,entity_0654,entity_0654,entity_0106,test
pair_007410,query,entity_0805,entity_0806,1,entity_0805,entity_0806,entity_0806,entity_0805,test
pair_007411,query,entity_0863,entity_0864,1,entity_0863,entity_0864,entity_0864,entity_0863,test
pair_007412,query,entity_0942,entity_0950,1,entity_0942,entity_0950,entity_0950,entity_0942,test
pair_007413,query,entity_0953,entity_0991,0,entity_0953,entity_0991,entity_0991,entity_0953,test
pair_007414,query,entity_0445,entity_0449,1,entity_0449,entity_0445,entity_0445,entity_0449,test
pair_007415,query,entity_0481,entity_0483,1,entity_0483,entity_0481,entity_0481,entity_0483,validation
pair_007416,query,entity_0518,entity_0519,1,entity_0519,entity_0518,entity_0518,entity_0519,test
pair_007417,query,entity_0211,entity_0215,1,entity_0211,entity_0215,entity_0215,entity_0211,test
pair_007418,query,entity_0162,entity_0168,1,entity_0168,entity_0162,entity_0162,entity_0168,test
pair_007419,query,entity_0634,entity_0639,1,entity_0639,entity_0634,entity_0634,entity_0639,test
pair_007420,query,entity_0756,entity_0759,1,entity_0759,entity_0756,entity_0756,entity_0759,test
pair_007421,query,entity_0023,entity_0026,1,entity_0023,entity_0026,entity_0026,entity_0023,test
pair_007422,query,entity_0611,entity_0787,0,entity_0787,entity_0611,entity_0611,entity_0787,test
pair_007423,query,entity_0734,entity_0737,1,entity_0737,entity_0734,entity_0734,entity_0737,test
pair_007424,query,entity_0322,entity_0330,1,entity_0322,entity_0330,entity_0330,entity_0322,test
pair_007425,query,entity_0655,entity_0660,1,entity_0660,entity_0655,entity_0655,entity_0660,test
pair_007426,query,entity_0654,entity_0759,0,entity_0759,entity_0654,entity_0654,entity_0759,validation
pair_007427,query,entity_0351,entity_0430,0,entity_0430,entity_0351,entity_0351,entity_0430,test
pair_007428,query,entity_0108,entity_0930,0,entity_0930,entity_0108,entity_0108,entity_0930,test
pair_007429,query,entity_0281,entity_0286,1,entity_0286,entity_0281,entity_0281,entity_0286,test
pair_007430,query,entity_0409,entity_0948,0,entity_0409,entity_0948,entity_0948,entity_0409,validation
pair_007431,query,entity_0762,entity_0769,1,entity_0762,entity_0769,entity_0769,entity_0762,test
pair_007432,query,entity_0256,entity_0877,0,entity_0877,entity_0256,entity_0256,entity_0877,test
pair_007433,query,entity_0044,entity_0343,0,entity_0044,entity_0343,entity_0343,entity_0044,test
pair_007434,query,entity_0110,entity_0229,0,entity_0229,entity_0110,entity_0110,entity_0229,validation
pair_007435,query,entity_0285,entity_0287,1,entity_0287,entity_0285,entity_0285,entity_0287,test
pair_007436,query,entity_0574,entity_0575,1,entity_0574,entity_0575,entity_0575,entity_0574,test
pair_007437,query,entity_0392,entity_0400,1,entity_0400,entity_0392,entity_0392,entity_0400,test
pair_007438,query,entity_0993,entity_0999,1,entity_0993,entity_0999,entity_0999,entity_0993,test
pair_007439,query,entity_0827,entity_0829,1,entity_0829,entity_0827,entity_0827,entity_0829,test
pair_007440,query,entity_0183,entity_0907,0,entity_0183,entity_0907,entity_0907,entity_0183,test
pair_007441,query,entity_0688,entity_0690,1,entity_0690,entity_0688,entity_0688,entity_0690,test
pair_007442,query,entity_0815,entity_0817,1,entity_0817,entity_0815,entity_0815,entity_0817,validation
pair_007443,query,entity_0084,entity_0250,0,entity_0084,entity_0250,entity_0250,entity_0084,test
pair_007444,query,entity_0324,entity_0328,1,entity_0328,entity_0324,entity_0324,entity_0328,test
pair_007445,query,entity_0501,entity_0686,0,entity_0686,entity_0501,entity_0501,entity_0686,test
pair_007446,query,entity_0237,entity_0691,0,entity_0691,entity_0237,entity_0237,entity_0691,validation
pair_007447,query,entity_0407,entity_0409,1,entity_0407,entity_0409,entity_0409,entity_0407,test
pair_007448,query,entity_0134,entity_0137,1,entity_0134,entity_0137,entity_0137,entity_0134,test
pair_007449,query,entity_0685,entity_0687,1,entity_0687,entity_0685,entity_0685,entity_0687,test
pair_007450,query,entity_0051,entity_0056,1,entity_0051,entity_0056,entity_0056,entity_0051,test
pair_007451,query,entity_0356,entity_0577,0,entity_0356,entity_0577,entity_0577,entity_0356,test
pair_007452,query,entity_0119,entity_0225,0,entity_0225,entity_0119,entity_0119,entity_0225,validation
pair_007453,query,entity_0975,entity_0977,1,entity_0975,entity_0977,entity_0977,entity_0975,test
pair_007454,query,entity_0583,entity_0587,1,entity_0587,entity_0583,entity_0583,entity_0587,test
pair_007455,query,entity_0044,entity_0050,1,entity_0050,entity_0044,entity_0044,entity_0050,test
pair_007456,query,entity_0683,entity_0987,0,entity_0987,entity_0683,entity_0683,entity_0987,validation
pair_007457,query,entity_0002,entity_0868,0,entity_0868,entity_0002,entity_0002,entity_0868,test
pair_007458,query,entity_0352,entity_0356,1,entity_0352,entity_0356,entity_0356,entity_0352,test
pair_007459,query,entity_0201,entity_0202,1,entity_0202,entity_0201,entity_0201,entity_0202,validation
pair_007460,query,entity_0831,entity_0834,1,entity_0834,entity_0831,entity_0831,entity_0834,test
pair_007461,query,entity_0270,entity_0530,0,entity_0270,entity_0530,entity_0530,entity_0270,test
pair_007462,query,entity_0247,entity_0456,0,entity_0247,entity_0456,entity_0456,entity_0247,test
pair_007463,query,entity_0774,entity_0778,1,entity_0774,entity_0778,entity_0778,entity_0774,test
pair_007464,query,entity_0603,entity_0607,1,entity_0607,entity_0603,entity_0603,entity_0607,test
pair_007465,query,entity_0991,entity_0997,1,entity_0991,entity_0997,entity_0997,entity_0991,validation
pair_007466,query,entity_0243,entity_0247,1,entity_0243,entity_0247,entity_0247,entity_0243,validation
pair_007467,query,entity_0435,entity_0954,0,entity_0435,entity_0954,entity_0954,entity_0435,test
pair_007468,query,entity_0348,entity_0535,0,entity_0535,entity_0348,entity_0348,entity_0535,test
pair_007469,query,entity_0544,entity_0545,1,entity_0544,entity_0545,entity_0545,entity_0544,test
pair_007470,query,entity_0284,entity_0731,0,entity_0731,entity_0284,entity_0284,entity_0731,test
pair_007471,query,entity_0330,entity_0664,0,entity_0664,entity_0330,entity_0330,entity_0664,test
pair_007472,query,entity_0001,entity_0808,0,entity_0001,entity_0808,entity_0808,entity_0001,test
pair_007473,query,entity_0313,entity_0864,0,entity_0313,entity_0864,entity_0864,entity_0313,validation
pair_007474,query,entity_0086,entity_0088,1,entity_0086,entity_0088,entity_0088,entity_0086,test
pair_007475,query,entity_0470,entity_0685,0,entity_0470,entity_0685,entity_0685,entity_0470,test
pair_007476,query,entity_0781,entity_0993,0,entity_0993,entity_0781,entity_0781,entity_0993,test
pair_007477,query,entity_0522,entity_0748,0,entity_0522,entity_0748,entity_0748,entity_0522,validation
pair_007478,query,entity_0268,entity_0508,0,entity_0508,entity_0268,entity_0268,entity_0508,test
pair_007479,query,entity_0040,entity_0484,0,entity_0040,entity_0484,entity_0484,entity_0040,test
pair_007480,query,entity_0615,entity_0694,0,entity_0694,entity_0615,entity_0615,entity_0694,test
pair_007481,query,entity_0043,entity_0813,0,entity_0813,entity_0043,entity_0043,entity_0813,test
pair_007482,query,entity_0236,entity_0533,0,entity_0236,entity_0533,entity_0533,entity_0236,test
pair_007483,query,entity_0183,entity_0781,0,entity_0183,entity_0781,entity_0781,entity_0183,test
pair_007484,query,entity_0711,entity_0716,1,entity_0711,entity_0716,entity_0716,entity_0711,test
pair_007485,query,entity_0062,entity_0889,0,entity_0889,entity_0062,entity_0062,entity_0889,test
pair_007486,query,entity_0501,entity_0755,0,entity_0501,entity_0755,entity_0755,entity_0501,test
pair_007487,query,entity_0391,entity_0399,1,entity_0399,entity_0391,entity_0391,entity_0399,test
pair_007488,query,entity_0863,entity_0866,1,entity_0863,entity_0866,entity_0866,entity_0863,validation
pair_007489,query,entity_0586,entity_0702,0,entity_0586,entity_0702,entity_0702,entity_0586,test
pair_007490,query,entity_0803,entity_0922,0,entity_0803,entity_0922,entity_0922,entity_0803,test
pair_007491,query,entity_0523,entity_0527,1,entity_0523,entity_0527,entity_0527,entity_0523,test
pair_007492,query,entity_0642,entity_0721,0,entity_0642,entity_0721,entity_0721,entity_0642,test
pair_007493,query,entity_0025,entity_0932,0,entity_0932,entity_0025,entity_0025,entity_0932,test
pair_007494,query,entity_0003,entity_0447,0,entity_0003,entity_0447,entity_0447,entity_0003,validation
pair_007495,query,entity_0093,entity_0770,0,entity_0093,entity_0770,entity_0770,entity_0093,test
pair_007496,query,entity_0036,entity_0804,0,entity_0804,entity_0036,entity_0036,entity_0804,test
pair_007497,query,entity_0249,entity_0824,0,entity_0824,entity_0249,entity_0249,entity_0824,test
pair_007498,query,entity_0483,entity_0967,0,entity_0967,entity_0483,entity_0483,entity_0967,test
pair_007499,query,entity_0040,entity_0991,0,entity_0991,entity_0040,entity_0040,entity_0991,test
pair_007500,query,entity_0694,entity_0696,1,entity_0694,entity_0696,entity_0696,entity_0694,test
pair_007501,query,entity_0089,entity_0551,0,entity_0551,entity_0089,entity_0089,entity_0551,test
pair_007502,query,entity_0741,entity_0744,1,entity_0741,entity_0744,entity_0744,entity_0741,test
pair_007503,query,entity_0551,entity_0554,1,entity_0551,entity_0554,entity_0554,entity_0551,test
pair_007504,query,entity_0816,entity_0853,0,entity_0816,entity_0853,entity_0853,entity_0816,test
pair_007505,query,entity_0570,entity_0687,0,entity_0570,entity_0687,entity_0687,entity_0570,test
pair_007506,query,entity_0372,entity_0554,0,entity_0554,entity_0372,entity_0372,entity_0554,test
pair_007507,query,entity_0176,entity_0672,0,entity_0176,entity_0672,entity_0672,entity_0176,validation
pair_007508,query,entity_0625,entity_0630,1,entity_0625,entity_0630,entity_0630,entity_0625,test
pair_007509,query,entity_0183,entity_0186,1,entity_0183,entity_0186,entity_0186,entity_0183,test
pair_007510,query,entity_0322,entity_0323,1,entity_0322,entity_0323,entity_0323,entity_0322,test
pair_007511,query,entity_0628,entity_0705,0,entity_0628,entity_0705,entity_0705,entity_0628,validation
pair_007512,query,entity_0471,entity_0605,0,entity_0471,entity_0605,entity_0605,entity_0471,validation
pair_007513,query,entity_0184,entity_0605,0,entity_0184,entity_0605,entity_0605,entity_0184,test
pair_007514,query,entity_0668,entity_0971,0,entity_0668,entity_0971,entity_0971,entity_0668,validation
pair_007515,query,entity_0209,entity_0213,0,entity_0213,entity_0209,entity_0209,entity_0213,test
pair_007516,query,entity_0013,entity_0016,1,entity_0013,entity_0016,entity_0016,entity_0013,validation
pair_007517,query,entity_0415,entity_0783,0,entity_0783,entity_0415,entity_0415,entity_0783,validation
pair_007518,query,entity_0857,entity_0964,0,entity_0857,entity_0964,entity_0964,entity_0857,test
pair_007519,query,entity_0266,entity_0268,1,entity_0268,entity_0266,entity_0266,entity_0268,test
pair_007520,query,entity_0691,entity_0700,1,entity_0700,entity_0691,entity_0691,entity_0700,validation
pair_007521,query,entity_0189,entity_0582,0,entity_0189,entity_0582,entity_0582,entity_0189,validation
pair_007522,query,entity_0180,entity_0475,0,entity_0180,entity_0475,entity_0475,entity_0180,validation
pair_007523,query,entity_0201,entity_0416,0,entity_0416,entity_0201,entity_0201,entity_0416,test
pair_007524,query,entity_0801,entity_0809,1,entity_0801,entity_0809,entity_0809,entity_0801,test
pair_007525,query,entity_0168,entity_0619,0,entity_0168,entity_0619,entity_0619,entity_0168,test
pair_007526,query,entity_0701,entity_0709,1,entity_0701,entity_0709,entity_0709,entity_0701,validation
pair_007527,query,entity_0306,entity_0310,1,entity_0310,entity_0306,entity_0306,entity_0310,validation
pair_007528,query,entity_0136,entity_0686,0,entity_0136,entity_0686,entity_0686,entity_0136,validation
pair_007529,query,entity_0525,entity_0527,1,entity_0525,entity_0527,entity_0527,entity_0525,test
pair_007530,query,entity_0395,entity_0844,0,entity_0395,entity_0844,entity_0844,entity_0395,test
pair_007531,query,entity_0475,entity_0479,1,entity_0479,entity_0475,entity_0475,entity_0479,test
pair_007532,query,entity_0250,entity_0568,0,entity_0568,entity_0250,entity_0250,entity_0568,test
pair_007533,query,entity_0323,entity_0326,1,entity_0323,entity_0326,entity_0326,entity_0323,test
pair_007534,query,entity_0891,entity_0898,1,entity_0891,entity_0898,entity_0898,entity_0891,test
pair_007535,query,entity_0405,entity_0409,1,entity_0409,entity_0405,entity_0405,entity_0409,test
pair_007536,query,entity_0404,entity_0423,0,entity_0404,entity_0423,entity_0423,entity_0404,test
pair_007537,query,entity_0571,entity_0575,1,entity_0575,entity_0571,entity_0571,entity_0575,test
pair_007538,query,entity_0012,entity_0015,1,entity_0015,entity_0012,entity_0012,entity_0015,validation
pair_007539,query,entity_0453,entity_0681,0,entity_0453,entity_0681,entity_0681,entity_0453,test
pair_007540,query,entity_0471,entity_0893,0,entity_0893,entity_0471,entity_0471,entity_0893,test
pair_007541,query,entity_0803,entity_0809,1,entity_0803,entity_0809,entity_0809,entity_0803,test
pair_007542,query,entity_0404,entity_0422,0,entity_0404,entity_0422,entity_0422,entity_0404,test
pair_007543,query,entity_0894,entity_0900,1,entity_0900,entity_0894,entity_0894,entity_0900,test
pair_007544,query,entity_0153,entity_0395,0,entity_0395,entity_0153,entity_0153,entity_0395,validation
pair_007545,query,entity_0081,entity_0642,0,entity_0642,entity_0081,entity_0081,entity_0642,test
pair_007546,query,entity_0588,entity_0626,0,entity_0588,entity_0626,entity_0626,entity_0588,test
pair_007547,query,entity_0891,entity_0892,1,entity_0892,entity_0891,entity_0891,entity_0892,validation
pair_007548,query,entity_0213,entity_0219,1,entity_0219,entity_0213,entity_0213,entity_0219,test
pair_007549,query,entity_0892,entity_0896,1,entity_0896,entity_0892,entity_0892,entity_0896,test
pair_007550,query,entity_0501,entity_0508,1,entity_0508,entity_0501,entity_0501,entity_0508,validation
pair_007551,query,entity_0223,entity_0964,0,entity_0964,entity_0223,entity_0223,entity_0964,test
pair_007552,query,entity_0743,entity_0746,1,entity_0743,entity_0746,entity_0746,entity_0743,test
pair_007553,query,entity_0574,entity_0767,0,entity_0574,entity_0767,entity_0767,entity_0574,test
pair_007554,query,entity_0096,entity_0123,0,entity_0096,entity_0123,entity_0123,entity_0096,test
pair_007555,query,entity_0832,entity_0835,1,entity_0835,entity_0832,entity_0832,entity_0835,test
pair_007556,query,entity_0083,entity_0089,1,entity_0083,entity_0089,entity_0089,entity_0083,test
pair_007557,query,entity_0491,entity_0498,1,entity_0498,entity_0491,entity_0491,entity_0498,test
pair_007558,query,entity_0282,entity_0286,1,entity_0282,entity_0286,entity_0286,entity_0282,test
pair_007559,query,entity_0191,entity_0193,1,entity_0193,entity_0191,entity_0191,entity_0193,validation
pair_007560,query,entity_0241,entity_0793,0,entity_0793,entity_0241,entity_0241,entity_0793,validation
pair_007561,query,entity_0079,entity_0160,0,entity_0160,entity_0079,entity_0079,entity_0160,test
pair_007562,query,entity_0875,entity_0877,1,entity_0877,entity_0875,entity_0875,entity_0877,validation
pair_007563,query,entity_0663,entity_0669,1,entity_0669,entity_0663,entity_0663,entity_0669,test
pair_007564,query,entity_0406,entity_0649,0,entity_0649,entity_0406,entity_0406,entity_0649,validation
pair_007565,query,entity_0498,entity_0771,0,entity_0771,entity_0498,entity_0498,entity_0771,test
pair_007566,query,entity_0202,entity_0207,1,entity_0207,entity_0202,entity_0202,entity_0207,validation
pair_007567,query,entity_0658,entity_0665,0,entity_0665,entity_0658,entity_0658,entity_0665,test
pair_007568,query,entity_0083,entity_0090,1,entity_0083,entity_0090,entity_0090,entity_0083,test
pair_007569,query,entity_0078,entity_0638,0,entity_0638,entity_0078,entity_0078,entity_0638,test
pair_007570,query,entity_0543,entity_0550,1,entity_0543,entity_0550,entity_0550,entity_0543,test
pair_007571,query,entity_0041,entity_0047,1,entity_0041,entity_0047,entity_0047,entity_0041,validation
pair_007572,query,entity_0035,entity_0036,1,entity_0036,entity_0035,entity_0035,entity_0036,test
pair_007573,query,entity_0005,entity_0009,1,entity_0005,entity_0009,entity_0009,entity_0005,test
pair_007574,query,entity_0722,entity_0786,0,entity_0722,entity_0786,entity_0786,entity_0722,test
pair_007575,query,entity_0609,entity_0656,0,entity_0656,entity_0609,entity_0609,entity_0656,validation
pair_007576,query,entity_0037,entity_0164,0,entity_0037,entity_0164,entity_0164,entity_0037,test
pair_007577,query,entity_0978,entity_0993,0,entity_0993,entity_0978,entity_0978,entity_0993,test
pair_007578,query,entity_0750,entity_0834,0,entity_0750,entity_0834,entity_0834,entity_0750,validation
pair_007579,query,entity_0009,entity_0084,0,entity_0084,entity_0009,entity_0009,entity_0084,test
pair_007580,query,entity_0872,entity_0875,1,entity_0872,entity_0875,entity_0875,entity_0872,test
pair_007581,query,entity_0337,entity_0436,0,entity_0337,entity_0436,entity_0436,entity_0337,test
pair_007582,query,entity_0185,entity_0187,1,entity_0185,entity_0187,entity_0187,entity_0185,test
pair_007583,query,entity_0214,entity_0430,0,entity_0214,entity_0430,entity_0430,entity_0214,test
pair_007584,query,entity_0147,entity_0346,0,entity_0147,entity_0346,entity_0346,entity_0147,test
pair_007585,query,entity_0494,entity_0499,1,entity_0494,entity_0499,entity_0499,entity_0494,test
pair_007586,query,entity_0077,entity_0079,1,entity_0077,entity_0079,entity_0079,entity_0077,test
pair_007587,query,entity_0638,entity_0837,0,entity_0638,entity_0837,entity_0837,entity_0638,test
pair_007588,query,entity_0451,entity_0452,1,entity_0451,entity_0452,entity_0452,entity_0451,test
pair_007589,query,entity_0682,entity_0698,0,entity_0698,entity_0682,entity_0682,entity_0698,test
pair_007590,query,entity_0742,entity_0745,1,entity_0742,entity_0745,entity_0745,entity_0742,test
pair_007591,query,entity_0291,entity_0294,1,entity_0291,entity_0294,entity_0294,entity_0291,validation
pair_007592,query,entity_0033,entity_0737,0,entity_0033,entity_0737,entity_0737,entity_0033,test
pair_007593,query,entity_0383,entity_0753,0,entity_0383,entity_0753,entity_0753,entity_0383,test
pair_007594,query,entity_0771,entity_0775,1,entity_0771,entity_0775,entity_0775,entity_0771,test
pair_007595,query,entity_0431,entity_0440,1,entity_0440,entity_0431,entity_0431,entity_0440,test
pair_007596,query,entity_0129,entity_0509,0,entity_0129,entity_0509,entity_0509,entity_0129,test
pair_007597,query,entity_0885,entity_0886,1,entity_0886,entity_0885,entity_0885,entity_0886,test
pair_007598,query,entity_0077,entity_0165,0,entity_0165,entity_0077,entity_0077,entity_0165,test
pair_007599,query,entity_0272,entity_0276,1,entity_0272,entity_0276,entity_0276,entity_0272,test
pair_007600,query,entity_0162,entity_0166,1,entity_0166,entity_0162,entity_0162,entity_0166,test
pair_007601,query,entity_0204,entity_0208,1,entity_0204,entity_0208,entity_0208,entity_0204,test
pair_007602,query,entity_0222,entity_0224,1,entity_0224,entity_0222,entity_0222,entity_0224,validation
pair_007603,query,entity_0691,entity_0696,1,entity_0696,entity_0691,entity_0691,entity_0696,test
pair_007604,query,entity_0942,entity_0945,1,entity_0945,entity_0942,entity_0942,entity_0945,validation
pair_007605,query,entity_0031,entity_0035,1,entity_0035,entity_0031,entity_0031,entity_0035,test
pair_007606,query,entity_0222,entity_0227,1,entity_0222,entity_0227,entity_0227,entity_0222,validation
pair_007607,query,entity_0991,entity_0995,1,entity_0991,entity_0995,entity_0995,entity_0991,test
pair_007608,query,entity_0644,entity_0646,1,entity_0644,entity_0646,entity_0646,entity_0644,test
pair_007609,query,entity_0831,entity_0840,1,entity_0831,entity_0840,entity_0840,entity_0831,test
pair_007610,query,entity_0539,entity_0756,0,entity_0539,entity_0756,entity_0756,entity_0539,test
pair_007611,query,entity_0109,entity_0368,0,entity_0368,entity_0109,entity_0109,entity_0368,validation
pair_007612,query,entity_0460,entity_0918,0,entity_0918,entity_0460,entity_0460,entity_0918,validation
pair_007613,query,entity_0017,entity_0018,1,entity_0017,entity_0018,entity_0018,entity_0017,test
pair_007614,query,entity_0981,entity_0988,1,entity_0981,entity_0988,entity_0988,entity_0981,test
pair_007615,query,entity_0516,entity_0518,1,entity_0518,entity_0516,entity_0516,entity_0518,test
pair_007616,query,entity_0875,entity_0880,1,entity_0880,entity_0875,entity_0875,entity_0880,validation
pair_007617,query,entity_0011,entity_0487,0,entity_0487,entity_0011,entity_0011,entity_0487,test
pair_007618,query,entity_0701,entity_0775,0,entity_0775,entity_0701,entity_0701,entity_0775,test
pair_007619,query,entity_0933,entity_0935,1,entity_0933,entity_0935,entity_0935,entity_0933,test
pair_007620,query,entity_0633,entity_0634,1,entity_0634,entity_0633,entity_0633,entity_0634,test
pair_007621,query,entity_0923,entity_0994,0,entity_0923,entity_0994,entity_0994,entity_0923,test
pair_007622,query,entity_0582,entity_0583,1,entity_0582,entity_0583,entity_0583,entity_0582,test
pair_007623,query,entity_0443,entity_0829,0,entity_0443,entity_0829,entity_0829,entity_0443,validation
pair_007624,query,entity_0201,entity_0285,0,entity_0285,entity_0201,entity_0201,entity_0285,test
pair_007625,query,entity_0210,entity_0435,0,entity_0435,entity_0210,entity_0210,entity_0435,test
pair_007626,query,entity_0493,entity_0497,1,entity_0493,entity_0497,entity_0497,entity_0493,validation
pair_007627,query,entity_0021,entity_0030,1,entity_0021,entity_0030,entity_0030,entity_0021,test
pair_007628,query,entity_0354,entity_0648,0,entity_0648,entity_0354,entity_0354,entity_0648,test
pair_007629,query,entity_0412,entity_0818,0,entity_0412,entity_0818,entity_0818,entity_0412,test
pair_007630,query,entity_0765,entity_0768,1,entity_0768,entity_0765,entity_0765,entity_0768,test
pair_007631,query,entity_0795,entity_0797,1,entity_0795,entity_0797,entity_0797,entity_0795,validation
pair_007632,query,entity_0011,entity_0019,1,entity_0011,entity_0019,entity_0019,entity_0011,test
pair_007633,query,entity_0718,entity_0967,0,entity_0967,entity_0718,entity_0718,entity_0967,test
pair_007634,query,entity_0827,entity_0916,0,entity_0827,entity_0916,entity_0916,entity_0827,validation
pair_007635,query,entity_0120,entity_0676,0,entity_0120,entity_0676,entity_0676,entity_0120,test
pair_007636,query,entity_0945,entity_0950,1,entity_0945,entity_0950,entity_0950,entity_0945,validation
pair_007637,query,entity_0580,entity_0596,0,entity_0580,entity_0596,entity_0596,entity_0580,test
pair_007638,query,entity_0690,entity_0914,0,entity_0914,entity_0690,entity_0690,entity_0914,validation
pair_007639,query,entity_0025,entity_0029,1,entity_0025,entity_0029,entity_0029,entity_0025,test
pair_007640,query,entity_0197,entity_0551,0,entity_0551,entity_0197,entity_0197,entity_0551,test
pair_007641,query,entity_0095,entity_0099,1,entity_0095,entity_0099,entity_0099,entity_0095,test
pair_007642,query,entity_0391,entity_0400,1,entity_0391,entity_0400,entity_0400,entity_0391,test
pair_007643,query,entity_0526,entity_0528,1,entity_0528,entity_0526,entity_0526,entity_0528,test
pair_007644,query,entity_0427,entity_0430,1,entity_0430,entity_0427,entity_0427,entity_0430,test
pair_007645,query,entity_0068,entity_0925,0,entity_0068,entity_0925,entity_0925,entity_0068,validation
pair_007646,query,entity_0273,entity_0280,1,entity_0273,entity_0280,entity_0280,entity_0273,test
pair_007647,query,entity_0567,entity_0568,1,entity_0567,entity_0568,entity_0568,entity_0567,test
pair_007648,query,entity_0019,entity_0451,0,entity_0019,entity_0451,entity_0451,entity_0019,test
pair_007649,query,entity_0943,entity_0945,1,entity_0943,entity_0945,entity_0945,entity_0943,test
pair_007650,query,entity_0566,entity_0570,1,entity_0566,entity_0570,entity_0570,entity_0566,test
pair_007651,query,entity_0324,entity_0472,0,entity_0324,entity_0472,entity_0472,entity_0324,test
pair_007652,query,entity_0803,entity_0805,1,entity_0803,entity_0805,entity_0805,entity_0803,test
pair_007653,query,entity_0236,entity_0335,0,entity_0236,entity_0335,entity_0335,entity_0236,test
pair_007654,query,entity_0509,entity_0812,0,entity_0812,entity_0509,entity_0509,entity_0812,test
pair_007655,query,entity_0017,entity_0248,0,entity_0017,entity_0248,entity_0248,entity_0017,validation
pair_007656,query,entity_0364,entity_0370,1,entity_0370,entity_0364,entity_0364,entity_0370,test
pair_007657,query,entity_0484,entity_0723,0,entity_0484,entity_0723,entity_0723,entity_0484,validation
pair_007658,query,entity_0361,entity_0365,1,entity_0365,entity_0361,entity_0361,entity_0365,test
pair_007659,query,entity_0355,entity_0448,0,entity_0355,entity_0448,entity_0448,entity_0355,test
pair_007660,query,entity_0482,entity_0490,1,entity_0482,entity_0490,entity_0490,entity_0482,test
pair_007661,query,entity_0586,entity_0589,1,entity_0586,entity_0589,entity_0589,entity_0586,test
pair_007662,query,entity_0133,entity_0137,1,entity_0137,entity_0133,entity_0133,entity_0137,test
pair_007663,query,entity_0971,entity_0979,1,entity_0971,entity_0979,entity_0979,entity_0971,test
pair_007664,query,entity_0171,entity_0176,1,entity_0171,entity_0176,entity_0176,entity_0171,test
pair_007665,query,entity_0715,entity_0936,0,entity_0715,entity_0936,entity_0936,entity_0715,test
pair_007666,query,entity_0891,entity_0895,1,entity_0891,entity_0895,entity_0895,entity_0891,test
pair_007667,query,entity_0313,entity_0318,1,entity_0318,entity_0313,entity_0313,entity_0318,test
pair_007668,query,entity_0254,entity_0507,0,entity_0507,entity_0254,entity_0254,entity_0507,test
pair_007669,query,entity_0037,entity_0841,0,entity_0841,entity_0037,entity_0037,entity_0841,test
pair_007670,query,entity_0137,entity_0514,0,entity_0514,entity_0137,entity_0137,entity_0514,test
pair_007671,query,entity_0836,entity_0839,1,entity_0839,entity_0836,entity_0836,entity_0839,test
pair_007672,query,entity_0561,entity_0888,0,entity_0561,entity_0888,entity_0888,entity_0561,test
pair_007673,query,entity_0249,entity_0250,1,entity_0250,entity_0249,entity_0249,entity_0250,test
pair_007674,query,entity_0409,entity_0447,0,entity_0447,entity_0409,entity_0409,entity_0447,test
pair_007675,query,entity_0126,entity_0428,0,entity_0126,entity_0428,entity_0428,entity_0126,test
pair_007676,query,entity_0242,entity_0249,1,entity_0249,entity_0242,entity_0242,entity_0249,test
pair_007677,query,entity_0152,entity_0605,0,entity_0152,entity_0605,entity_0605,entity_0152,test
pair_007678,query,entity_0106,entity_0110,1,entity_0110,entity_0106,entity_0106,entity_0110,test
pair_007679,query,entity_0318,entity_0560,0,entity_0318,entity_0560,entity_0560,entity_0318,test
pair_007680,query,entity_0144,entity_0298,0,entity_0298,entity_0144,entity_0144,entity_0298,validation
pair_007681,query,entity_0764,entity_0770,1,entity_0764,entity_0770,entity_0770,entity_0764,test
pair_007682,query,entity_0655,entity_0657,1,entity_0657,entity_0655,entity_0655,entity_0657,validation
pair_007683,query,entity_0567,entity_0921,0,entity_0921,entity_0567,entity_0567,entity_0921,validation
pair_007684,query,entity_0018,entity_0331,0,entity_0331,entity_0018,entity_0018,entity_0331,test
pair_007685,query,entity_0446,entity_0450,1,entity_0450,entity_0446,entity_0446,entity_0450,test
pair_007686,query,entity_0261,entity_0268,1,entity_0268,entity_0261,entity_0261,entity_0268,test
pair_007687,query,entity_0403,entity_0858,0,entity_0403,entity_0858,entity_0858,entity_0403,test
pair_007688,query,entity_0713,entity_0718,1,entity_0713,entity_0718,entity_0718,entity_0713,test
pair_007689,query,entity_0199,entity_0721,0,entity_0721,entity_0199,entity_0199,entity_0721,test
pair_007690,query,entity_0031,entity_0894,0,entity_0894,entity_0031,entity_0031,entity_0894,test
pair_007691,query,entity_0362,entity_0365,1,entity_0362,entity_0365,entity_0365,entity_0362,test
pair_007692,query,entity_0984,entity_0987,1,entity_0987,entity_0984,entity_0984,entity_0987,validation
pair_007693,query,entity_0357,entity_0996,0,entity_0996,entity_0357,entity_0357,entity_0996,test
pair_007694,query,entity_0089,entity_0793,0,entity_0793,entity_0089,entity_0089,entity_0793,test
pair_007695,query,entity_0166,entity_0858,0,entity_0858,entity_0166,entity_0166,entity_0858,test
pair_007696,query,entity_0003,entity_0905,0,entity_0905,entity_0003,entity_0003,entity_0905,test
pair_007697,query,entity_0343,entity_0823,0,entity_0343,entity_0823,entity_0823,entity_0343,test
pair_007698,query,entity_0166,entity_0802,0,entity_0802,entity_0166,entity_0166,entity_0802,test
pair_007699,query,entity_0156,entity_0253,0,entity_0156,entity_0253,entity_0253,entity_0156,test
pair_007700,query,entity_0058,entity_0060,1,entity_0058,entity_0060,entity_0060,entity_0058,test
pair_007701,query,entity_0535,entity_0540,1,entity_0540,entity_0535,entity_0535,entity_0540,test
pair_007702,query,entity_0034,entity_0044,0,entity_0044,entity_0034,entity_0034,entity_0044,validation
pair_007703,query,entity_0851,entity_0858,1,entity_0851,entity_0858,entity_0858,entity_0851,test
pair_007704,query,entity_0187,entity_0189,1,entity_0187,entity_0189,entity_0189,entity_0187,test
pair_007705,query,entity_0056,entity_0060,1,entity_0060,entity_0056,entity_0056,entity_0060,validation
pair_007706,query,entity_0613,entity_0618,1,entity_0613,entity_0618,entity_0618,entity_0613,test
pair_007707,query,entity_0324,entity_0330,1,entity_0330,entity_0324,entity_0324,entity_0330,test
pair_007708,query,entity_0526,entity_0527,1,entity_0527,entity_0526,entity_0526,entity_0527,test
pair_007709,query,entity_0120,entity_0406,0,entity_0406,entity_0120,entity_0120,entity_0406,test
pair_007710,query,entity_0872,entity_0874,1,entity_0874,entity_0872,entity_0872,entity_0874,test
pair_007711,query,entity_0486,entity_0639,0,entity_0639,entity_0486,entity_0486,entity_0639,validation
pair_007712,query,entity_0334,entity_0339,1,entity_0339,entity_0334,entity_0334,entity_0339,validation
pair_007713,query,entity_0358,entity_0999,0,entity_0999,entity_0358,entity_0358,entity_0999,test
pair_007714,query,entity_0985,entity_0988,1,entity_0985,entity_0988,entity_0988,entity_0985,test
pair_007715,query,entity_0004,entity_0008,1,entity_0008,entity_0004,entity_0004,entity_0008,test
pair_007716,query,entity_0424,entity_0428,1,entity_0428,entity_0424,entity_0424,entity_0428,validation
pair_007717,query,entity_0282,entity_0353,0,entity_0282,entity_0353,entity_0353,entity_0282,test
pair_007718,query,entity_0165,entity_0169,1,entity_0165,entity_0169,entity_0169,entity_0165,test
pair_007719,query,entity_0063,entity_0660,0,entity_0063,entity_0660,entity_0660,entity_0063,test
pair_007720,query,entity_0536,entity_0538,1,entity_0536,entity_0538,entity_0538,entity_0536,test
pair_007721,query,entity_0924,entity_0928,1,entity_0924,entity_0928,entity_0928,entity_0924,test
pair_007722,query,entity_0861,entity_0867,1,entity_0867,entity_0861,entity_0861,entity_0867,test
pair_007723,query,entity_0245,entity_0593,0,entity_0245,entity_0593,entity_0593,entity_0245,test
pair_007724,query,entity_0376,entity_0378,1,entity_0378,entity_0376,entity_0376,entity_0378,test
pair_007725,query,entity_0014,entity_0020,1,entity_0020,entity_0014,entity_0014,entity_0020,validation
pair_007726,query,entity_0255,entity_0483,0,entity_0483,entity_0255,entity_0255,entity_0483,test
pair_007727,query,entity_0081,entity_0514,0,entity_0081,entity_0514,entity_0514,entity_0081,test
pair_007728,query,entity_0931,entity_0936,1,entity_0931,entity_0936,entity_0936,entity_0931,test
pair_007729,query,entity_0771,entity_0774,1,entity_0771,entity_0774,entity_0774,entity_0771,test
pair_007730,query,entity_0065,entity_0626,0,entity_0626,entity_0065,entity_0065,entity_0626,validation
pair_007731,query,entity_0265,entity_0268,1,entity_0265,entity_0268,entity_0268,entity_0265,test
pair_007732,query,entity_0532,entity_0571,0,entity_0532,entity_0571,entity_0571,entity_0532,test
pair_007733,query,entity_0702,entity_0739,0,entity_0702,entity_0739,entity_0739,entity_0702,test
pair_007734,query,entity_0630,entity_0909,0,entity_0630,entity_0909,entity_0909,entity_0630,test
pair_007735,query,entity_0216,entity_0460,0,entity_0216,entity_0460,entity_0460,entity_0216,test
pair_007736,query,entity_0732,entity_0736,1,entity_0736,entity_0732,entity_0732,entity_0736,test
pair_007737,query,entity_0613,entity_0620,1,entity_0620,entity_0613,entity_0613,entity_0620,validation
pair_007738,query,entity_0721,entity_0725,1,entity_0725,entity_0721,entity_0721,entity_0725,validation
pair_007739,query,entity_0707,entity_0708,1,entity_0708,entity_0707,entity_0707,entity_0708,test
pair_007740,query,entity_0256,entity_0259,1,entity_0259,entity_0256,entity_0256,entity_0259,validation
pair_007741,query,entity_0622,entity_0915,0,entity_0622,entity_0915,entity_0915,entity_0622,validation
pair_007742,query,entity_0113,entity_0119,1,entity_0119,entity_0113,entity_0113,entity_0119,test
pair_007743,query,entity_0373,entity_0375,1,entity_0373,entity_0375,entity_0375,entity_0373,test
pair_007744,query,entity_0238,entity_0785,0,entity_0238,entity_0785,entity_0785,entity_0238,test
pair_007745,query,entity_0762,entity_0770,1,entity_0762,entity_0770,entity_0770,entity_0762,test
pair_007746,query,entity_0701,entity_0708,1,entity_0701,entity_0708,entity_0708,entity_0701,test
pair_007747,query,entity_0016,entity_0116,0,entity_0016,entity_0116,entity_0116,entity_0016,validation
pair_007748,query,entity_0613,entity_0953,0,entity_0953,entity_0613,entity_0613,entity_0953,validation
pair_007749,query,entity_0386,entity_0387,1,entity_0387,entity_0386,entity_0386,entity_0387,test
pair_007750,query,entity_0561,entity_0563,1,entity_0563,entity_0561,entity_0561,entity_0563,test
pair_007751,query,entity_0024,entity_0791,0,entity_0024,entity_0791,entity_0791,entity_0024,test
pair_007752,query,entity_0591,entity_0594,1,entity_0591,entity_0594,entity_0594,entity_0591,test
pair_007753,query,entity_0263,entity_0268,1,entity_0263,entity_0268,entity_0268,entity_0263,test
pair_007754,query,entity_0170,entity_0462,0,entity_0170,entity_0462,entity_0462,entity_0170,test
pair_007755,query,entity_0504,entity_0507,1,entity_0507,entity_0504,entity_0504,entity_0507,test
pair_007756,query,entity_0535,entity_0931,0,entity_0931,entity_0535,entity_0535,entity_0931,test
pair_007757,query,entity_0533,entity_0537,1,entity_0537,entity_0533,entity_0533,entity_0537,test
pair_007758,query,entity_0435,entity_0932,0,entity_0932,entity_0435,entity_0435,entity_0932,test
pair_007759,query,entity_0237,entity_0775,0,entity_0237,entity_0775,entity_0775,entity_0237,test
pair_007760,query,entity_0664,entity_0667,1,entity_0664,entity_0667,entity_0667,entity_0664,test
pair_007761,query,entity_0324,entity_0326,1,entity_0324,entity_0326,entity_0326,entity_0324,test
pair_007762,query,entity_0428,entity_0861,0,entity_0861,entity_0428,entity_0428,entity_0861,test
pair_007763,query,entity_0711,entity_0908,0,entity_0711,entity_0908,entity_0908,entity_0711,validation
pair_007764,query,entity_0250,entity_0496,0,entity_0250,entity_0496,entity_0496,entity_0250,test
pair_007765,query,entity_0672,entity_0679,1,entity_0672,entity_0679,entity_0679,entity_0672,test
pair_007766,query,entity_0496,entity_0558,0,entity_0496,entity_0558,entity_0558,entity_0496,test
pair_007767,query,entity_0708,entity_0710,1,entity_0710,entity_0708,entity_0708,entity_0710,test
pair_007768,query,entity_0581,entity_0769,0,entity_0769,entity_0581,entity_0581,entity_0769,test
pair_007769,query,entity_0004,entity_0922,0,entity_0004,entity_0922,entity_0922,entity_0004,test
pair_007770,query,entity_0123,entity_0124,1,entity_0123,entity_0124,entity_0124,entity_0123,validation
pair_007771,query,entity_0117,entity_0845,0,entity_0117,entity_0845,entity_0845,entity_0117,test
pair_007772,query,entity_0871,entity_0877,1,entity_0877,entity_0871,entity_0871,entity_0877,test
pair_007773,query,entity_0071,entity_0080,1,entity_0080,entity_0071,entity_0071,entity_0080,test
pair_007774,query,entity_0113,entity_0957,0,entity_0113,entity_0957,entity_0957,entity_0113,test
pair_007775,query,entity_0315,entity_0316,1,entity_0315,entity_0316,entity_0316,entity_0315,test
pair_007776,query,entity_0192,entity_0194,1,entity_0192,entity_0194,entity_0194,entity_0192,test
pair_007777,query,entity_0377,entity_0380,1,entity_0380,entity_0377,entity_0377,entity_0380,test
pair_007778,query,entity_0965,entity_0966,1,entity_0966,entity_0965,entity_0965,entity_0966,test
pair_007779,query,entity_0868,entity_0869,1,entity_0869,entity_0868,entity_0868,entity_0869,test
pair_007780,query,entity_0755,entity_0759,1,entity_0755,entity_0759,entity_0759,entity_0755,test
pair_007781,query,entity_0753,entity_0759,1,entity_0753,entity_0759,entity_0759,entity_0753,validation
pair_007782,query,entity_0733,entity_0735,1,entity_0735,entity_0733,entity_0733,entity_0735,test
pair_007783,query,entity_0143,entity_0211,0,entity_0143,entity_0211,entity_0211,entity_0143,validation
pair_007784,query,entity_0571,entity_0573,1,entity_0573,entity_0571,entity_0571,entity_0573,test
pair_007785,query,entity_0601,entity_0606,1,entity_0601,entity_0606,entity_0606,entity_0601,test
pair_007786,query,entity_0054,entity_0435,0,entity_0054,entity_0435,entity_0435,entity_0054,test
pair_007787,query,entity_0972,entity_0974,1,entity_0972,entity_0974,entity_0974,entity_0972,test
pair_007788,query,entity_0586,entity_0587,1,entity_0586,entity_0587,entity_0587,entity_0586,test
pair_007789,query,entity_0021,entity_0580,0,entity_0580,entity_0021,entity_0021,entity_0580,validation
pair_007790,query,entity_0921,entity_0923,1,entity_0923,entity_0921,entity_0921,entity_0923,validation
pair_007791,query,entity_0564,entity_0568,1,entity_0568,entity_0564,entity_0564,entity_0568,test
pair_007792,query,entity_0577,entity_0578,1,entity_0577,entity_0578,entity_0578,entity_0577,validation
pair_007793,query,entity_0108,entity_0547,0,entity_0108,entity_0547,entity_0547,entity_0108,test
pair_007794,query,entity_0074,entity_0077,1,entity_0077,entity_0074,entity_0074,entity_0077,test
pair_007795,query,entity_0051,entity_0820,0,entity_0820,entity_0051,entity_0051,entity_0820,test
pair_007796,query,entity_0559,entity_0945,0,entity_0559,entity_0945,entity_0945,entity_0559,test
pair_007797,query,entity_0212,entity_0499,0,entity_0212,entity_0499,entity_0499,entity_0212,test
pair_007798,query,entity_0775,entity_0780,1,entity_0775,entity_0780,entity_0780,entity_0775,test
pair_007799,query,entity_0007,entity_0432,0,entity_0007,entity_0432,entity_0432,entity_0007,test
pair_007800,query,entity_0867,entity_0910,0,entity_0910,entity_0867,entity_0867,entity_0910,test
pair_007801,query,entity_0757,entity_0908,0,entity_0757,entity_0908,entity_0908,entity_0757,validation
pair_007802,query,entity_0103,entity_0765,0,entity_0103,entity_0765,entity_0765,entity_0103,validation
pair_007803,query,entity_0283,entity_0366,0,entity_0283,entity_0366,entity_0366,entity_0283,validation
pair_007804,query,entity_0346,entity_0661,0,entity_0346,entity_0661,entity_0661,entity_0346,test
pair_007805,query,entity_0301,entity_0310,1,entity_0310,entity_0301,entity_0301,entity_0310,test
pair_007806,query,entity_0615,entity_0698,0,entity_0615,entity_0698,entity_0698,entity_0615,test
pair_007807,query,entity_0655,entity_0864,0,entity_0864,entity_0655,entity_0655,entity_0864,test
pair_007808,query,entity_0786,entity_0789,1,entity_0786,entity_0789,entity_0789,entity_0786,test
pair_007809,query,entity_0681,entity_0768,0,entity_0681,entity_0768,entity_0768,entity_0681,test
pair_007810,query,entity_0518,entity_0726,0,entity_0726,entity_0518,entity_0518,entity_0726,validation
pair_007811,query,entity_0784,entity_0786,1,entity_0784,entity_0786,entity_0786,entity_0784,test
pair_007812,query,entity_0367,entity_0488,0,entity_0488,entity_0367,entity_0367,entity_0488,test
pair_007813,query,entity_0710,entity_0940,0,entity_0940,entity_0710,entity_0710,entity_0940,test
pair_007814,query,entity_0492,entity_0909,0,entity_0492,entity_0909,entity_0909,entity_0492,test
pair_007815,query,entity_0131,entity_0132,1,entity_0132,entity_0131,entity_0131,entity_0132,validation
pair_007816,query,entity_0727,entity_0901,0,entity_0901,entity_0727,entity_0727,entity_0901,test
pair_007817,query,entity_0087,entity_0622,0,entity_0087,entity_0622,entity_0622,entity_0087,test
pair_007818,query,entity_0045,entity_0186,0,entity_0045,entity_0186,entity_0186,entity_0045,test
pair_007819,query,entity_0026,entity_0030,1,entity_0030,entity_0026,entity_0026,entity_0030,test
pair_007820,query,entity_0036,entity_0084,0,entity_0036,entity_0084,entity_0084,entity_0036,test
pair_007821,query,entity_0733,entity_0792,0,entity_0792,entity_0733,entity_0733,entity_0792,test
pair_007822,query,entity_0446,entity_0936,0,entity_0936,entity_0446,entity_0446,entity_0936,test
pair_007823,query,entity_0453,entity_0459,1,entity_0459,entity_0453,entity_0453,entity_0459,test
pair_007824,query,entity_0308,entity_0730,0,entity_0308,entity_0730,entity_0730,entity_0308,validation
pair_007825,query,entity_0181,entity_0313,0,entity_0313,entity_0181,entity_0181,entity_0313,test
pair_007826,query,entity_0440,entity_0600,0,entity_0600,entity_0440,entity_0440,entity_0600,test
pair_007827,query,entity_0049,entity_0082,0,entity_0049,entity_0082,entity_0082,entity_0049,test
pair_007828,query,entity_0063,entity_0067,1,entity_0067,entity_0063,entity_0063,entity_0067,test
pair_007829,query,entity_0824,entity_0827,1,entity_0827,entity_0824,entity_0824,entity_0827,test
pair_007830,query,entity_0561,entity_0565,1,entity_0565,entity_0561,entity_0561,entity_0565,test
pair_007831,query,entity_0231,entity_0233,1,entity_0231,entity_0233,entity_0233,entity_0231,test
pair_007832,query,entity_0480,entity_0515,0,entity_0515,entity_0480,entity_0480,entity_0515,test
pair_007833,query,entity_0084,entity_0085,1,entity_0084,entity_0085,entity_0085,entity_0084,validation
pair_007834,query,entity_0022,entity_0025,1,entity_0025,entity_0022,entity_0022,entity_0025,test
pair_007835,query,entity_0452,entity_0458,1,entity_0458,entity_0452,entity_0452,entity_0458,test
pair_007836,query,entity_0318,entity_0762,0,entity_0318,entity_0762,entity_0762,entity_0318,test
pair_007837,query,entity_0123,entity_0125,1,entity_0125,entity_0123,entity_0123,entity_0125,test
pair_007838,query,entity_0309,entity_0751,0,entity_0751,entity_0309,entity_0309,entity_0751,test
pair_007839,query,entity_0516,entity_0950,0,entity_0516,entity_0950,entity_0950,entity_0516,test
pair_007840,query,entity_0695,entity_0699,1,entity_0699,entity_0695,entity_0695,entity_0699,test
pair_007841,query,entity_0532,entity_0539,1,entity_0532,entity_0539,entity_0539,entity_0532,test
pair_007842,query,entity_0874,entity_0879,1,entity_0879,entity_0874,entity_0874,entity_0879,test
pair_007843,query,entity_0873,entity_0880,1,entity_0873,entity_0880,entity_0880,entity_0873,test
pair_007844,query,entity_0723,entity_0725,1,entity_0723,entity_0725,entity_0725,entity_0723,test
pair_007845,query,entity_0451,entity_0460,1,entity_0460,entity_0451,entity_0451,entity_0460,test
pair_007846,query,entity_0421,entity_0428,1,entity_0421,entity_0428,entity_0428,entity_0421,test
pair_007847,query,entity_0862,entity_0869,1,entity_0869,entity_0862,entity_0862,entity_0869,test
pair_007848,query,entity_0063,entity_0968,0,entity_0968,entity_0063,entity_0063,entity_0968,test
pair_007849,query,entity_0015,entity_0900,0,entity_0015,entity_0900,entity_0900,entity_0015,test
pair_007850,query,entity_0031,entity_0032,1,entity_0031,entity_0032,entity_0032,entity_0031,test
pair_007851,query,entity_0633,entity_0637,1,entity_0637,entity_0633,entity_0633,entity_0637,test
pair_007852,query,entity_0144,entity_0146,1,entity_0146,entity_0144,entity_0144,entity_0146,test
pair_007853,query,entity_0167,entity_0599,0,entity_0599,entity_0167,entity_0167,entity_0599,validation
pair_007854,query,entity_0425,entity_0947,0,entity_0947,entity_0425,entity_0425,entity_0947,validation
pair_007855,query,entity_0304,entity_0717,0,entity_0304,entity_0717,entity_0717,entity_0304,test
pair_007856,query,entity_0147,entity_0840,0,entity_0840,entity_0147,entity_0147,entity_0840,test
pair_007857,query,entity_0495,entity_0497,1,entity_0495,entity_0497,entity_0497,entity_0495,test
pair_007858,query,entity_0183,entity_0190,1,entity_0183,entity_0190,entity_0190,entity_0183,test
pair_007859,query,entity_0089,entity_0868,0,entity_0868,entity_0089,entity_0089,entity_0868,test
pair_007860,query,entity_0028,entity_0207,0,entity_0028,entity_0207,entity_0207,entity_0028,validation
pair_007861,query,entity_0361,entity_0366,1,entity_0366,entity_0361,entity_0361,entity_0366,test
pair_007862,query,entity_0478,entity_0480,1,entity_0478,entity_0480,entity_0480,entity_0478,test
pair_007863,query,entity_0872,entity_0877,1,entity_0877,entity_0872,entity_0872,entity_0877,validation
pair_007864,query,entity_0834,entity_0896,0,entity_0896,entity_0834,entity_0834,entity_0896,test
pair_007865,query,entity_0281,entity_0288,1,entity_0288,entity_0281,entity_0281,entity_0288,validation
pair_007866,query,entity_0737,entity_0739,1,entity_0739,entity_0737,entity_0737,entity_0739,test
pair_007867,query,entity_0087,entity_0316,0,entity_0087,entity_0316,entity_0316,entity_0087,test
pair_007868,query,entity_0595,entity_0598,1,entity_0595,entity_0598,entity_0598,entity_0595,test
pair_007869,query,entity_0181,entity_0333,0,entity_0181,entity_0333,entity_0333,entity_0181,test
pair_007870,query,entity_0521,entity_0530,1,entity_0530,entity_0521,entity_0521,entity_0530,test
pair_007871,query,entity_0373,entity_0379,1,entity_0373,entity_0379,entity_0379,entity_0373,test
pair_007872,query,entity_0651,entity_0653,1,entity_0651,entity_0653,entity_0653,entity_0651,validation
pair_007873,query,entity_0713,entity_0719,1,entity_0713,entity_0719,entity_0719,entity_0713,test
pair_007874,query,entity_0588,entity_0849,0,entity_0588,entity_0849,entity_0849,entity_0588,test
pair_007875,query,entity_0472,entity_0994,0,entity_0472,entity_0994,entity_0994,entity_0472,test
pair_007876,query,entity_0380,entity_0973,0,entity_0380,entity_0973,entity_0973,entity_0380,test
pair_007877,query,entity_0978,entity_0999,0,entity_0999,entity_0978,entity_0978,entity_0999,test
pair_007878,query,entity_0627,entity_0628,1,entity_0628,entity_0627,entity_0627,entity_0628,test
pair_007879,query,entity_0871,entity_0875,1,entity_0871,entity_0875,entity_0875,entity_0871,test
pair_007880,query,entity_0139,entity_0796,0,entity_0796,entity_0139,entity_0139,entity_0796,test
pair_007881,query,entity_0545,entity_0549,1,entity_0545,entity_0549,entity_0549,entity_0545,test
pair_007882,query,entity_0571,entity_0913,0,entity_0913,entity_0571,entity_0571,entity_0913,test
pair_007883,query,entity_0064,entity_0809,0,entity_0809,entity_0064,entity_0064,entity_0809,test
pair_007884,query,entity_0444,entity_0446,1,entity_0444,entity_0446,entity_0446,entity_0444,test
pair_007885,query,entity_0314,entity_0319,1,entity_0314,entity_0319,entity_0319,entity_0314,test
pair_007886,query,entity_0208,entity_0210,1,entity_0208,entity_0210,entity_0210,entity_0208,test
pair_007887,query,entity_0873,entity_0878,1,entity_0873,entity_0878,entity_0878,entity_0873,validation
pair_007888,query,entity_0202,entity_0758,0,entity_0758,entity_0202,entity_0202,entity_0758,test
pair_007889,query,entity_0415,entity_0445,0,entity_0415,entity_0445,entity_0445,entity_0415,test
pair_007890,query,entity_0817,entity_0835,0,entity_0835,entity_0817,entity_0817,entity_0835,test
pair_007891,query,entity_0170,entity_0219,0,entity_0219,entity_0170,entity_0170,entity_0219,test
pair_007892,query,entity_0439,entity_0952,0,entity_0439,entity_0952,entity_0952,entity_0439,test
pair_007893,query,entity_0871,entity_0879,1,entity_0871,entity_0879,entity_0879,entity_0871,test
pair_007894,query,entity_0406,entity_0408,1,entity_0408,entity_0406,entity_0406,entity_0408,validation
pair_007895,query,entity_0737,entity_0810,0,entity_0737,entity_0810,entity_0810,entity_0737,test
pair_007896,query,entity_0374,entity_0848,0,entity_0848,entity_0374,entity_0374,entity_0848,test
pair_007897,query,entity_0501,entity_0736,0,entity_0501,entity_0736,entity_0736,entity_0501,validation
pair_007898,query,entity_0879,entity_0906,0,entity_0906,entity_0879,entity_0879,entity_0906,test
pair_007899,query,entity_0913,entity_0923,0,entity_0913,entity_0923,entity_0923,entity_0913,test
pair_007900,query,entity_0404,entity_0408,1,entity_0404,entity_0408,entity_0408,entity_0404,test
pair_007901,query,entity_0154,entity_0160,1,entity_0154,entity_0160,entity_0160,entity_0154,test
pair_007902,query,entity_0374,entity_0804,0,entity_0804,entity_0374,entity_0374,entity_0804,test
pair_007903,query,entity_0305,entity_0525,0,entity_0305,entity_0525,entity_0525,entity_0305,validation
pair_007904,query,entity_0953,entity_0960,1,entity_0953,entity_0960,entity_0960,entity_0953,test
pair_007905,query,entity_0382,entity_0389,1,entity_0389,entity_0382,entity_0382,entity_0389,validation
pair_007906,query,entity_0537,entity_0539,1,entity_0539,entity_0537,entity_0537,entity_0539,test
pair_007907,query,entity_0223,entity_0453,0,entity_0453,entity_0223,entity_0223,entity_0453,test
pair_007908,query,entity_0357,entity_0360,1,entity_0360,entity_0357,entity_0357,entity_0360,test
pair_007909,query,entity_0008,entity_0010,1,entity_0008,entity_0010,entity_0010,entity_0008,test
pair_007910,query,entity_0893,entity_0896,1,entity_0896,entity_0893,entity_0893,entity_0896,test
pair_007911,query,entity_0064,entity_0065,1,entity_0064,entity_0065,entity_0065,entity_0064,test
pair_007912,query,entity_0584,entity_0586,1,entity_0584,entity_0586,entity_0586,entity_0584,test
pair_007913,query,entity_0676,entity_0677,1,entity_0676,entity_0677,entity_0677,entity_0676,test
pair_007914,query,entity_0105,entity_0955,0,entity_0105,entity_0955,entity_0955,entity_0105,validation
pair_007915,query,entity_0385,entity_0964,0,entity_0385,entity_0964,entity_0964,entity_0385,test
pair_007916,query,entity_0004,entity_0018,0,entity_0004,entity_0018,entity_0018,entity_0004,test
pair_007917,query,entity_0708,entity_0727,0,entity_0727,entity_0708,entity_0708,entity_0727,test
pair_007918,query,entity_0617,entity_0620,1,entity_0617,entity_0620,entity_0620,entity_0617,test
pair_007919,query,entity_0932,entity_0938,1,entity_0932,entity_0938,entity_0938,entity_0932,test
pair_007920,query,entity_0751,entity_0947,0,entity_0751,entity_0947,entity_0947,entity_0751,test
pair_007921,query,entity_0921,entity_0949,0,entity_0949,entity_0921,entity_0921,entity_0949,test
pair_007922,query,entity_0539,entity_0705,0,entity_0705,entity_0539,entity_0539,entity_0705,test
pair_007923,query,entity_0541,entity_0767,0,entity_0541,entity_0767,entity_0767,entity_0541,test
pair_007924,query,entity_0328,entity_0377,0,entity_0377,entity_0328,entity_0328,entity_0377,test
pair_007925,query,entity_0611,entity_0614,1,entity_0614,entity_0611,entity_0611,entity_0614,validation
pair_007926,query,entity_0009,entity_0088,0,entity_0009,entity_0088,entity_0088,entity_0009,test
pair_007927,query,entity_0846,entity_0902,0,entity_0846,entity_0902,entity_0902,entity_0846,test
pair_007928,query,entity_0695,entity_0700,1,entity_0695,entity_0700,entity_0700,entity_0695,test
pair_007929,query,entity_0727,entity_0729,1,entity_0727,entity_0729,entity_0729,entity_0727,test
pair_007930,query,entity_0111,entity_0781,0,entity_0111,entity_0781,entity_0781,entity_0111,test
pair_007931,query,entity_0271,entity_0272,1,entity_0272,entity_0271,entity_0271,entity_0272,test
pair_007932,query,entity_0524,entity_0732,0,entity_0732,entity_0524,entity_0524,entity_0732,test
pair_007933,query,entity_0611,entity_0613,1,entity_0613,entity_0611,entity_0611,entity_0613,test
pair_007934,query,entity_0820,entity_0980,0,entity_0820,entity_0980,entity_0980,entity_0820,validation
pair_007935,query,entity_0537,entity_0936,0,entity_0936,entity_0537,entity_0537,entity_0936,test
pair_007936,query,entity_0042,entity_0189,0,entity_0189,entity_0042,entity_0042,entity_0189,validation
pair_007937,query,entity_0179,entity_0180,1,entity_0179,entity_0180,entity_0180,entity_0179,test
pair_007938,query,entity_0102,entity_0103,1,entity_0102,entity_0103,entity_0103,entity_0102,test
pair_007939,query,entity_0310,entity_0678,0,entity_0678,entity_0310,entity_0310,entity_0678,test
pair_007940,query,entity_0736,entity_0770,0,entity_0770,entity_0736,entity_0736,entity_0770,test
pair_007941,query,entity_0061,entity_0583,0,entity_0061,entity_0583,entity_0583,entity_0061,test
pair_007942,query,entity_0084,entity_0088,1,entity_0084,entity_0088,entity_0088,entity_0084,test
pair_007943,query,entity_0451,entity_0456,1,entity_0451,entity_0456,entity_0456,entity_0451,test
pair_007944,query,entity_0198,entity_0540,0,entity_0540,entity_0198,entity_0198,entity_0540,validation
pair_007945,query,entity_0492,entity_0495,1,entity_0495,entity_0492,entity_0492,entity_0495,test
pair_007946,query,entity_0769,entity_0770,1,entity_0769,entity_0770,entity_0770,entity_0769,test
pair_007947,query,entity_0377,entity_0378,1,entity_0377,entity_0378,entity_0378,entity_0377,test
pair_007948,query,entity_0639,entity_0880,0,entity_0880,entity_0639,entity_0639,entity_0880,validation
pair_007949,query,entity_0289,entity_0520,0,entity_0520,entity_0289,entity_0289,entity_0520,test
pair_007950,query,entity_0705,entity_0993,0,entity_0705,entity_0993,entity_0993,entity_0705,test
pair_007951,query,entity_0302,entity_0305,1,entity_0305,entity_0302,entity_0302,entity_0305,validation
pair_007952,query,entity_0463,entity_0561,0,entity_0463,entity_0561,entity_0561,entity_0463,validation
pair_007953,query,entity_0461,entity_0467,1,entity_0461,entity_0467,entity_0467,entity_0461,test
pair_007954,query,entity_0858,entity_0860,1,entity_0858,entity_0860,entity_0860,entity_0858,test
pair_007955,query,entity_0051,entity_0107,0,entity_0051,entity_0107,entity_0107,entity_0051,test
pair_007956,query,entity_0362,entity_0944,0,entity_0944,entity_0362,entity_0362,entity_0944,test
pair_007957,query,entity_0188,entity_0312,0,entity_0312,entity_0188,entity_0188,entity_0312,test
pair_007958,query,entity_0454,entity_0460,1,entity_0454,entity_0460,entity_0460,entity_0454,test
pair_007959,query,entity_0277,entity_0357,0,entity_0357,entity_0277,entity_0277,entity_0357,test
pair_007960,query,entity_0015,entity_0040,0,entity_0015,entity_0040,entity_0040,entity_0015,test
pair_007961,query,entity_0232,entity_0234,1,entity_0232,entity_0234,entity_0234,entity_0232,test
pair_007962,query,entity_0751,entity_0756,1,entity_0751,entity_0756,entity_0756,entity_0751,test
pair_007963,query,entity_0031,entity_0245,0,entity_0245,entity_0031,entity_0031,entity_0245,test
pair_007964,query,entity_0215,entity_0794,0,entity_0794,entity_0215,entity_0215,entity_0794,test
pair_007965,query,entity_0888,entity_0916,0,entity_0888,entity_0916,entity_0916,entity_0888,test
pair_007966,query,entity_0174,entity_0450,0,entity_0174,entity_0450,entity_0450,entity_0174,test
pair_007967,query,entity_0103,entity_0223,0,entity_0223,entity_0103,entity_0103,entity_0223,test
pair_007968,query,entity_0911,entity_0919,1,entity_0919,entity_0911,entity_0911,entity_0919,test
pair_007969,query,entity_0380,entity_0573,0,entity_0573,entity_0380,entity_0380,entity_0573,test
pair_007970,query,entity_0051,entity_0060,1,entity_0060,entity_0051,entity_0051,entity_0060,test
pair_007971,query,entity_0643,entity_0649,1,entity_0643,entity_0649,entity_0649,entity_0643,test
pair_007972,query,entity_0991,entity_0999,1,entity_0991,entity_0999,entity_0999,entity_0991,test
pair_007973,query,entity_0575,entity_0749,0,entity_0575,entity_0749,entity_0749,entity_0575,test
pair_007974,query,entity_0122,entity_0825,0,entity_0122,entity_0825,entity_0825,entity_0122,test
pair_007975,query,entity_0414,entity_0429,0,entity_0429,entity_0414,entity_0414,entity_0429,test
pair_007976,query,entity_0403,entity_0966,0,entity_0403,entity_0966,entity_0966,entity_0403,test
pair_007977,query,entity_0394,entity_0399,1,entity_0399,entity_0394,entity_0394,entity_0399,test
pair_007978,query,entity_0541,entity_0683,0,entity_0683,entity_0541,entity_0541,entity_0683,test
pair_007979,query,entity_0352,entity_0646,0,entity_0646,entity_0352,entity_0352,entity_0646,test
pair_007980,query,entity_0921,entity_0925,1,entity_0921,entity_0925,entity_0925,entity_0921,test
pair_007981,query,entity_0186,entity_0953,0,entity_0186,entity_0953,entity_0953,entity_0186,validation
pair_007982,query,entity_0092,entity_0123,0,entity_0123,entity_0092,entity_0092,entity_0123,validation
pair_007983,query,entity_0021,entity_0028,1,entity_0021,entity_0028,entity_0028,entity_0021,validation
pair_007984,query,entity_0194,entity_0197,1,entity_0197,entity_0194,entity_0194,entity_0197,test
pair_007985,query,entity_0080,entity_0396,0,entity_0080,entity_0396,entity_0396,entity_0080,validation
pair_007986,query,entity_0699,entity_0847,0,entity_0699,entity_0847,entity_0847,entity_0699,test
pair_007987,query,entity_0297,entity_0989,0,entity_0297,entity_0989,entity_0989,entity_0297,test
pair_007988,query,entity_0230,entity_0388,0,entity_0230,entity_0388,entity_0388,entity_0230,test
pair_007989,query,entity_0332,entity_0716,0,entity_0716,entity_0332,entity_0332,entity_0716,test
pair_007990,query,entity_0382,entity_0387,1,entity_0387,entity_0382,entity_0382,entity_0387,test
pair_007991,query,entity_0054,entity_0502,0,entity_0502,entity_0054,entity_0054,entity_0502,test
pair_007992,query,entity_0672,entity_0680,1,entity_0672,entity_0680,entity_0680,entity_0672,test
pair_007993,query,entity_0972,entity_0976,1,entity_0976,entity_0972,entity_0972,entity_0976,validation
pair_007994,query,entity_0555,entity_0560,1,entity_0560,entity_0555,entity_0555,entity_0560,test
pair_007995,query,entity_0732,entity_0735,1,entity_0732,entity_0735,entity_0735,entity_0732,test
pair_007996,query,entity_0263,entity_0518,0,entity_0518,entity_0263,entity_0263,entity_0518,test
pair_007997,query,entity_0645,entity_0648,1,entity_0645,entity_0648,entity_0648,entity_0645,test
pair_007998,query,entity_0314,entity_0912,0,entity_0314,entity_0912,entity_0912,entity_0314,test
pair_007999,query,entity_0373,entity_0380,1,entity_0380,entity_0373,entity_0373,entity_0380,test
pair_008000,query,entity_0139,entity_0671,0,entity_0139,entity_0671,entity_0671,entity_0139,validation
pair_008001,query,entity_0155,entity_0705,0,entity_0155,entity_0705,entity_0705,entity_0155,test
pair_008002,query,entity_0427,entity_0951,0,entity_0427,entity_0951,entity_0951,entity_0427,test
pair_008003,query,entity_0081,entity_0708,0,entity_0708,entity_0081,entity_0081,entity_0708,validation
pair_008004,query,entity_0162,entity_0170,1,entity_0170,entity_0162,entity_0162,entity_0170,test
pair_008005,query,entity_0500,entity_0764,0,entity_0764,entity_0500,entity_0500,entity_0764,test
pair_008006,query,entity_0587,entity_0593,0,entity_0587,entity_0593,entity_0593,entity_0587,validation
pair_008007,query,entity_0615,entity_0874,0,entity_0615,entity_0874,entity_0874,entity_0615,test
pair_008008,query,entity_0242,entity_0422,0,entity_0242,entity_0422,entity_0422,entity_0242,validation
pair_008009,query,entity_0103,entity_0428,0,entity_0103,entity_0428,entity_0428,entity_0103,test
pair_008010,query,entity_0432,entity_0500,0,entity_0500,entity_0432,entity_0432,entity_0500,test
pair_008011,query,entity_0017,entity_0019,1,entity_0019,entity_0017,entity_0017,entity_0019,test
pair_008012,query,entity_0121,entity_0128,1,entity_0121,entity_0128,entity_0128,entity_0121,test
pair_008013,query,entity_0048,entity_0090,0,entity_0048,entity_0090,entity_0090,entity_0048,test
pair_008014,query,entity_0443,entity_0447,1,entity_0447,entity_0443,entity_0443,entity_0447,test
pair_008015,query,entity_0682,entity_0683,1,entity_0683,entity_0682,entity_0682,entity_0683,test
pair_008016,query,entity_0751,entity_0797,0,entity_0751,entity_0797,entity_0797,entity_0751,test
pair_008017,query,entity_0646,entity_0868,0,entity_0646,entity_0868,entity_0868,entity_0646,test
pair_008018,query,entity_0504,entity_0586,0,entity_0586,entity_0504,entity_0504,entity_0586,test
pair_008019,query,entity_0737,entity_0927,0,entity_0927,entity_0737,entity_0737,entity_0927,test
pair_008020,query,entity_0777,entity_0780,1,entity_0780,entity_0777,entity_0777,entity_0780,test
pair_008021,query,entity_0959,entity_0960,1,entity_0960,entity_0959,entity_0959,entity_0960,test
pair_008022,query,entity_0125,entity_0130,1,entity_0125,entity_0130,entity_0130,entity_0125,test
pair_008023,query,entity_0207,entity_0208,1,entity_0207,entity_0208,entity_0208,entity_0207,test
pair_008024,query,entity_0412,entity_0906,0,entity_0412,entity_0906,entity_0906,entity_0412,test
pair_008025,query,entity_0056,entity_0373,0,entity_0056,entity_0373,entity_0373,entity_0056,test
pair_008026,query,entity_0398,entity_0905,0,entity_0398,entity_0905,entity_0905,entity_0398,test
pair_008027,query,entity_0512,entity_0514,1,entity_0512,entity_0514,entity_0514,entity_0512,test
pair_008028,query,entity_0424,entity_0744,0,entity_0424,entity_0744,entity_0744,entity_0424,test
pair_008029,query,entity_0771,entity_0776,1,entity_0776,entity_0771,entity_0771,entity_0776,test
pair_008030,query,entity_0974,entity_0976,1,entity_0974,entity_0976,entity_0976,entity_0974,validation
pair_008031,query,entity_0257,entity_0746,0,entity_0257,entity_0746,entity_0746,entity_0257,test
pair_008032,query,entity_0665,entity_0670,1,entity_0670,entity_0665,entity_0665,entity_0670,validation
pair_008033,query,entity_0171,entity_0173,1,entity_0171,entity_0173,entity_0173,entity_0171,test
pair_008034,query,entity_0702,entity_0708,1,entity_0702,entity_0708,entity_0708,entity_0702,validation
pair_008035,query,entity_0782,entity_0788,1,entity_0788,entity_0782,entity_0782,entity_0788,test
pair_008036,query,entity_0424,entity_0430,1,entity_0430,entity_0424,entity_0424,entity_0430,test
pair_008037,query,entity_0265,entity_0270,1,entity_0265,entity_0270,entity_0270,entity_0265,test
pair_008038,query,entity_0353,entity_0777,0,entity_0777,entity_0353,entity_0353,entity_0777,test
pair_008039,query,entity_0386,entity_0852,0,entity_0386,entity_0852,entity_0852,entity_0386,test
pair_008040,query,entity_0758,entity_0791,0,entity_0791,entity_0758,entity_0758,entity_0791,validation
pair_008041,query,entity_0452,entity_0457,1,entity_0452,entity_0457,entity_0457,entity_0452,test
pair_008042,query,entity_0360,entity_0514,0,entity_0514,entity_0360,entity_0360,entity_0514,test
pair_008043,query,entity_0460,entity_0483,0,entity_0483,entity_0460,entity_0460,entity_0483,test
pair_008044,query,entity_0035,entity_0641,0,entity_0035,entity_0641,entity_0641,entity_0035,test
pair_008045,query,entity_0625,entity_0821,0,entity_0821,entity_0625,entity_0625,entity_0821,test
pair_008046,query,entity_0206,entity_0802,0,entity_0206,entity_0802,entity_0802,entity_0206,test
pair_008047,query,entity_0992,entity_0993,1,entity_0992,entity_0993,entity_0993,entity_0992,test
pair_008048,query,entity_0652,entity_0656,1,entity_0652,entity_0656,entity_0656,entity_0652,test
pair_008049,query,entity_0082,entity_0087,1,entity_0087,entity_0082,entity_0082,entity_0087,test
pair_008050,query,entity_0256,entity_0772,0,entity_0256,entity_0772,entity_0772,entity_0256,test
pair_008051,query,entity_0455,entity_0974,0,entity_0974,entity_0455,entity_0455,entity_0974,test
pair_008052,query,entity_0483,entity_0485,1,entity_0485,entity_0483,entity_0483,entity_0485,test
pair_008053,query,entity_0094,entity_0100,1,entity_0100,entity_0094,entity_0094,entity_0100,test
pair_008054,query,entity_0877,entity_0878,1,entity_0877,entity_0878,entity_0878,entity_0877,test
pair_008055,query,entity_0275,entity_0280,1,entity_0280,entity_0275,entity_0275,entity_0280,test
pair_008056,query,entity_0554,entity_0560,1,entity_0560,entity_0554,entity_0554,entity_0560,test
pair_008057,query,entity_0783,entity_0890,0,entity_0890,entity_0783,entity_0783,entity_0890,test
pair_008058,query,entity_0361,entity_0931,0,entity_0361,entity_0931,entity_0931,entity_0361,test
pair_008059,query,entity_0163,entity_0690,0,entity_0163,entity_0690,entity_0690,entity_0163,test
pair_008060,query,entity_0053,entity_0056,1,entity_0053,entity_0056,entity_0056,entity_0053,validation
pair_008061,query,entity_0115,entity_0841,0,entity_0841,entity_0115,entity_0115,entity_0841,test
pair_008062,query,entity_0013,entity_0217,0,entity_0013,entity_0217,entity_0217,entity_0013,test
pair_008063,query,entity_0061,entity_0745,0,entity_0061,entity_0745,entity_0745,entity_0061,validation
pair_008064,query,entity_0342,entity_0350,1,entity_0350,entity_0342,entity_0342,entity_0350,test
pair_008065,query,entity_0684,entity_0809,0,entity_0684,entity_0809,entity_0809,entity_0684,test
pair_008066,query,entity_0423,entity_0430,1,entity_0430,entity_0423,entity_0423,entity_0430,test
pair_008067,query,entity_0631,entity_0907,0,entity_0907,entity_0631,entity_0631,entity_0907,test
pair_008068,query,entity_0588,entity_0589,1,entity_0589,entity_0588,entity_0588,entity_0589,validation
pair_008069,query,entity_0380,entity_0704,0,entity_0704,entity_0380,entity_0380,entity_0704,test
pair_008070,query,entity_0344,entity_0349,1,entity_0344,entity_0349,entity_0349,entity_0344,test
pair_008071,query,entity_0729,entity_0787,0,entity_0729,entity_0787,entity_0787,entity_0729,test
pair_008072,query,entity_0856,entity_0858,1,entity_0856,entity_0858,entity_0858,entity_0856,test
pair_008073,query,entity_0124,entity_0405,0,entity_0405,entity_0124,entity_0124,entity_0405,test
pair_008074,query,entity_0994,entity_0997,1,entity_0994,entity_0997,entity_0997,entity_0994,test
pair_008075,query,entity_0269,entity_0849,0,entity_0849,entity_0269,entity_0269,entity_0849,test
pair_008076,query,entity_0506,entity_0808,0,entity_0506,entity_0808,entity_0808,entity_0506,test
pair_008077,query,entity_0894,entity_0895,1,entity_0895,entity_0894,entity_0894,entity_0895,test
pair_008078,query,entity_0212,entity_0217,1,entity_0217,entity_0212,entity_0212,entity_0217,test
pair_008079,query,entity_0172,entity_0652,0,entity_0652,entity_0172,entity_0172,entity_0652,test
pair_008080,query,entity_0154,entity_0438,0,entity_0154,entity_0438,entity_0438,entity_0154,test
pair_008081,query,entity_0922,entity_0924,1,entity_0924,entity_0922,entity_0922,entity_0924,test
pair_008082,query,entity_0562,entity_0566,1,entity_0566,entity_0562,entity_0562,entity_0566,test
pair_008083,query,entity_0737,entity_0738,1,entity_0738,entity_0737,entity_0737,entity_0738,test
pair_008084,query,entity_0223,entity_0508,0,entity_0508,entity_0223,entity_0223,entity_0508,test
pair_008085,query,entity_0627,entity_0924,0,entity_0924,entity_0627,entity_0627,entity_0924,validation
pair_008086,query,entity_0676,entity_0678,1,entity_0678,entity_0676,entity_0676,entity_0678,test
pair_008087,query,entity_0634,entity_0635,1,entity_0634,entity_0635,entity_0635,entity_0634,test
pair_008088,query,entity_0762,entity_0765,1,entity_0762,entity_0765,entity_0765,entity_0762,test
pair_008089,query,entity_0535,entity_0537,1,entity_0535,entity_0537,entity_0537,entity_0535,test
pair_008090,query,entity_0513,entity_0515,1,entity_0515,entity_0513,entity_0513,entity_0515,test
pair_008091,query,entity_0431,entity_0438,1,entity_0438,entity_0431,entity_0431,entity_0438,test
pair_008092,query,entity_0303,entity_0656,0,entity_0656,entity_0303,entity_0303,entity_0656,test
pair_008093,query,entity_0437,entity_0440,1,entity_0440,entity_0437,entity_0437,entity_0440,test
pair_008094,query,entity_0686,entity_0689,1,entity_0689,entity_0686,entity_0686,entity_0689,test
pair_008095,query,entity_0075,entity_0592,0,entity_0592,entity_0075,entity_0075,entity_0592,test
pair_008096,query,entity_0475,entity_0636,0,entity_0475,entity_0636,entity_0636,entity_0475,validation
pair_008097,query,entity_0661,entity_0668,1,entity_0661,entity_0668,entity_0668,entity_0661,test
pair_008098,query,entity_0665,entity_0667,1,entity_0665,entity_0667,entity_0667,entity_0665,test
pair_008099,query,entity_0981,entity_0986,1,entity_0986,entity_0981,entity_0981,entity_0986,test
pair_008100,query,entity_0064,entity_0070,1,entity_0064,entity_0070,entity_0070,entity_0064,validation
pair_008101,query,entity_0704,entity_0820,0,entity_0704,entity_0820,entity_0820,entity_0704,test
pair_008102,query,entity_0925,entity_0928,1,entity_0928,entity_0925,entity_0925,entity_0928,test
pair_008103,query,entity_0317,entity_0404,0,entity_0317,entity_0404,entity_0404,entity_0317,test
pair_008104,query,entity_0254,entity_0256,1,entity_0254,entity_0256,entity_0256,entity_0254,test
pair_008105,query,entity_0471,entity_0480,1,entity_0480,entity_0471,entity_0471,entity_0480,test
pair_008106,query,entity_0001,entity_0003,1,entity_0001,entity_0003,entity_0003,entity_0001,test
pair_008107,query,entity_0507,entity_0510,1,entity_0507,entity_0510,entity_0510,entity_0507,test
pair_008108,query,entity_0383,entity_0389,1,entity_0389,entity_0383,entity_0383,entity_0389,test
pair_008109,query,entity_0210,entity_0286,0,entity_0286,entity_0210,entity_0210,entity_0286,test
pair_008110,query,entity_0362,entity_0639,0,entity_0639,entity_0362,entity_0362,entity_0639,test
pair_008111,query,entity_0150,entity_0769,0,entity_0150,entity_0769,entity_0769,entity_0150,validation
pair_008112,query,entity_0079,entity_0509,0,entity_0079,entity_0509,entity_0509,entity_0079,test
pair_008113,query,entity_0168,entity_0780,0,entity_0168,entity_0780,entity_0780,entity_0168,validation
pair_008114,query,entity_0783,entity_0788,1,entity_0788,entity_0783,entity_0783,entity_0788,validation
pair_008115,query,entity_0562,entity_0569,1,entity_0569,entity_0562,entity_0562,entity_0569,validation
pair_008116,query,entity_0456,entity_0609,0,entity_0609,entity_0456,entity_0456,entity_0609,test
pair_008117,query,entity_0941,entity_0942,1,entity_0941,entity_0942,entity_0942,entity_0941,test
pair_008118,query,entity_0022,entity_0786,0,entity_0022,entity_0786,entity_0786,entity_0022,test
pair_008119,query,entity_0902,entity_0906,1,entity_0906,entity_0902,entity_0902,entity_0906,test
pair_008120,query,entity_0516,entity_0517,1,entity_0516,entity_0517,entity_0517,entity_0516,test
pair_008121,query,entity_0838,entity_0840,1,entity_0840,entity_0838,entity_0838,entity_0840,test
pair_008122,query,entity_0542,entity_0550,1,entity_0550,entity_0542,entity_0542,entity_0550,validation
pair_008123,query,entity_0087,entity_0762,0,entity_0762,entity_0087,entity_0087,entity_0762,test
pair_008124,query,entity_0591,entity_0857,0,entity_0591,entity_0857,entity_0857,entity_0591,test
pair_008125,query,entity_0144,entity_0705,0,entity_0144,entity_0705,entity_0705,entity_0144,test
pair_008126,query,entity_0523,entity_0525,1,entity_0523,entity_0525,entity_0525,entity_0523,test
pair_008127,query,entity_0504,entity_0509,1,entity_0509,entity_0504,entity_0504,entity_0509,test
pair_008128,query,entity_0958,entity_0959,1,entity_0958,entity_0959,entity_0959,entity_0958,validation
pair_008129,query,entity_0276,entity_0879,0,entity_0276,entity_0879,entity_0879,entity_0276,test
pair_008130,query,entity_0948,entity_0950,1,entity_0948,entity_0950,entity_0950,entity_0948,validation
pair_008131,query,entity_0821,entity_0830,1,entity_0821,entity_0830,entity_0830,entity_0821,test
pair_008132,query,entity_0331,entity_0340,1,entity_0340,entity_0331,entity_0331,entity_0340,test
pair_008133,query,entity_0149,entity_0657,0,entity_0657,entity_0149,entity_0149,entity_0657,test
pair_008134,query,entity_0775,entity_0776,1,entity_0775,entity_0776,entity_0776,entity_0775,test
pair_008135,query,entity_0009,entity_0863,0,entity_0863,entity_0009,entity_0009,entity_0863,validation
pair_008136,query,entity_0202,entity_0578,0,entity_0202,entity_0578,entity_0578,entity_0202,test
pair_008137,query,entity_0093,entity_0806,0,entity_0093,entity_0806,entity_0806,entity_0093,test
pair_008138,query,entity_0747,entity_0750,1,entity_0747,entity_0750,entity_0750,entity_0747,test
pair_008139,query,entity_0232,entity_0977,0,entity_0232,entity_0977,entity_0977,entity_0232,test
pair_008140,query,entity_0134,entity_0806,0,entity_0134,entity_0806,entity_0806,entity_0134,test
pair_008141,query,entity_0095,entity_0565,0,entity_0095,entity_0565,entity_0565,entity_0095,test
pair_008142,query,entity_0279,entity_0666,0,entity_0279,entity_0666,entity_0666,entity_0279,validation
pair_008143,query,entity_0605,entity_0609,1,entity_0609,entity_0605,entity_0605,entity_0609,test
pair_008144,query,entity_0434,entity_0437,1,entity_0437,entity_0434,entity_0434,entity_0437,validation
pair_008145,query,entity_0061,entity_0064,1,entity_0064,entity_0061,entity_0061,entity_0064,test
pair_008146,query,entity_0592,entity_0594,1,entity_0594,entity_0592,entity_0592,entity_0594,test
pair_008147,query,entity_0086,entity_0089,1,entity_0086,entity_0089,entity_0089,entity_0086,validation
pair_008148,query,entity_0752,entity_0753,1,entity_0753,entity_0752,entity_0752,entity_0753,test
pair_008149,query,entity_0442,entity_0446,1,entity_0446,entity_0442,entity_0442,entity_0446,test
pair_008150,query,entity_0361,entity_0363,1,entity_0361,entity_0363,entity_0363,entity_0361,test
pair_008151,query,entity_0785,entity_0789,1,entity_0789,entity_0785,entity_0785,entity_0789,test
pair_008152,query,entity_0235,entity_0239,1,entity_0235,entity_0239,entity_0239,entity_0235,validation
pair_008153,query,entity_0252,entity_0257,1,entity_0257,entity_0252,entity_0252,entity_0257,test
pair_008154,query,entity_0664,entity_0686,0,entity_0686,entity_0664,entity_0664,entity_0686,test
pair_008155,query,entity_0185,entity_0584,0,entity_0584,entity_0185,entity_0185,entity_0584,test
pair_008156,query,entity_0247,entity_0249,1,entity_0249,entity_0247,entity_0247,entity_0249,test
pair_008157,query,entity_0227,entity_0895,0,entity_0227,entity_0895,entity_0895,entity_0227,test
pair_008158,query,entity_0888,entity_0938,0,entity_0888,entity_0938,entity_0938,entity_0888,test
pair_008159,query,entity_0520,entity_0745,0,entity_0745,entity_0520,entity_0520,entity_0745,test
pair_008160,query,entity_0961,entity_0970,1,entity_0970,entity_0961,entity_0961,entity_0970,validation
pair_008161,query,entity_0217,entity_0596,0,entity_0596,entity_0217,entity_0217,entity_0596,test
pair_008162,query,entity_0422,entity_0430,1,entity_0430,entity_0422,entity_0422,entity_0430,validation
pair_008163,query,entity_0541,entity_0545,1,entity_0541,entity_0545,entity_0545,entity_0541,test
pair_008164,query,entity_0116,entity_0119,1,entity_0119,entity_0116,entity_0116,entity_0119,test
pair_008165,query,entity_0134,entity_0139,1,entity_0139,entity_0134,entity_0134,entity_0139,test
pair_008166,query,entity_0299,entity_0845,0,entity_0845,entity_0299,entity_0299,entity_0845,test
pair_008167,query,entity_0677,entity_0978,0,entity_0677,entity_0978,entity_0978,entity_0677,test
pair_008168,query,entity_0276,entity_0277,1,entity_0277,entity_0276,entity_0276,entity_0277,test
pair_008169,query,entity_0045,entity_0049,1,entity_0045,entity_0049,entity_0049,entity_0045,validation
pair_008170,query,entity_0764,entity_0765,1,entity_0765,entity_0764,entity_0764,entity_0765,validation
pair_008171,query,entity_0112,entity_0119,1,entity_0112,entity_0119,entity_0119,entity_0112,validation
pair_008172,query,entity_0633,entity_0636,1,entity_0633,entity_0636,entity_0636,entity_0633,test
pair_008173,query,entity_0881,entity_0886,1,entity_0886,entity_0881,entity_0881,entity_0886,test
pair_008174,query,entity_0057,entity_0058,1,entity_0058,entity_0057,entity_0057,entity_0058,validation
pair_008175,query,entity_0090,entity_0237,0,entity_0237,entity_0090,entity_0090,entity_0237,test
pair_008176,query,entity_0234,entity_0899,0,entity_0234,entity_0899,entity_0899,entity_0234,test
pair_008177,query,entity_0801,entity_0805,1,entity_0805,entity_0801,entity_0801,entity_0805,test
pair_008178,query,entity_0134,entity_0447,0,entity_0447,entity_0134,entity_0134,entity_0447,test
pair_008179,query,entity_0008,entity_0799,0,entity_0008,entity_0799,entity_0799,entity_0008,test
pair_008180,query,entity_0202,entity_0884,0,entity_0202,entity_0884,entity_0884,entity_0202,validation
pair_008181,query,entity_0593,entity_0597,1,entity_0597,entity_0593,entity_0593,entity_0597,test
pair_008182,query,entity_0338,entity_0737,0,entity_0338,entity_0737,entity_0737,entity_0338,test
pair_008183,query,entity_0899,entity_0900,1,entity_0899,entity_0900,entity_0900,entity_0899,validation
pair_008184,query,entity_0742,entity_0850,0,entity_0850,entity_0742,entity_0742,entity_0850,test
pair_008185,query,entity_0201,entity_0781,0,entity_0201,entity_0781,entity_0781,entity_0201,validation
pair_008186,query,entity_0034,entity_0772,0,entity_0772,entity_0034,entity_0034,entity_0772,test
pair_008187,query,entity_0330,entity_0667,0,entity_0667,entity_0330,entity_0330,entity_0667,test
pair_008188,query,entity_0020,entity_0135,0,entity_0135,entity_0020,entity_0020,entity_0135,test
pair_008189,query,entity_0793,entity_0797,1,entity_0797,entity_0793,entity_0793,entity_0797,test
pair_008190,query,entity_0508,entity_0670,0,entity_0670,entity_0508,entity_0508,entity_0670,test
pair_008191,query,entity_0239,entity_0240,1,entity_0240,entity_0239,entity_0239,entity_0240,validation
pair_008192,query,entity_0176,entity_0217,0,entity_0176,entity_0217,entity_0217,entity_0176,validation
pair_008193,query,entity_0404,entity_0410,1,entity_0410,entity_0404,entity_0404,entity_0410,validation
pair_008194,query,entity_0146,entity_0564,0,entity_0146,entity_0564,entity_0564,entity_0146,validation
pair_008195,query,entity_0392,entity_0969,0,entity_0392,entity_0969,entity_0969,entity_0392,test
pair_008196,query,entity_0198,entity_0969,0,entity_0969,entity_0198,entity_0198,entity_0969,test
pair_008197,query,entity_0953,entity_0954,1,entity_0953,entity_0954,entity_0954,entity_0953,test
pair_008198,query,entity_0309,entity_0310,1,entity_0310,entity_0309,entity_0309,entity_0310,validation
pair_008199,query,entity_0771,entity_0784,0,entity_0784,entity_0771,entity_0771,entity_0784,validation
pair_008200,query,entity_0008,entity_0280,0,entity_0280,entity_0008,entity_0008,entity_0280,validation
pair_008201,query,entity_0331,entity_0687,0,entity_0331,entity_0687,entity_0687,entity_0331,test
pair_008202,query,entity_0881,entity_0935,0,entity_0935,entity_0881,entity_0881,entity_0935,test
pair_008203,query,entity_0298,entity_0338,0,entity_0338,entity_0298,entity_0298,entity_0338,test
pair_008204,query,entity_0364,entity_0365,1,entity_0365,entity_0364,entity_0364,entity_0365,test
pair_008205,query,entity_0231,entity_0234,1,entity_0231,entity_0234,entity_0234,entity_0231,test
pair_008206,query,entity_0286,entity_0954,0,entity_0286,entity_0954,entity_0954,entity_0286,validation
pair_008207,query,entity_0036,entity_0039,1,entity_0036,entity_0039,entity_0039,entity_0036,test
pair_008208,query,entity_0755,entity_0760,1,entity_0755,entity_0760,entity_0760,entity_0755,test
pair_008209,query,entity_0395,entity_0660,0,entity_0395,entity_0660,entity_0660,entity_0395,test
pair_008210,query,entity_0198,entity_0630,0,entity_0630,entity_0198,entity_0198,entity_0630,test
pair_008211,query,entity_0022,entity_0118,0,entity_0022,entity_0118,entity_0118,entity_0022,test
pair_008212,query,entity_0865,entity_0870,1,entity_0870,entity_0865,entity_0865,entity_0870,validation
pair_008213,query,entity_0994,entity_0999,1,entity_0999,entity_0994,entity_0994,entity_0999,test
pair_008214,query,entity_0232,entity_0236,1,entity_0232,entity_0236,entity_0236,entity_0232,test
pair_008215,query,entity_0218,entity_0924,0,entity_0924,entity_0218,entity_0218,entity_0924,validation
pair_008216,query,entity_0611,entity_0618,1,entity_0611,entity_0618,entity_0618,entity_0611,validation
pair_008217,query,entity_0204,entity_0630,0,entity_0204,entity_0630,entity_0630,entity_0204,test
pair_008218,query,entity_0463,entity_0464,1,entity_0464,entity_0463,entity_0463,entity_0464,validation
pair_008219,query,entity_0016,entity_0019,1,entity_0016,entity_0019,entity_0019,entity_0016,validation
pair_008220,query,entity_0241,entity_0308,0,entity_0308,entity_0241,entity_0241,entity_0308,test
pair_008221,query,entity_0516,entity_0523,0,entity_0523,entity_0516,entity_0516,entity_0523,test
pair_008222,query,entity_0614,entity_0615,1,entity_0615,entity_0614,entity_0614,entity_0615,test
pair_008223,query,entity_0521,entity_0735,0,entity_0735,entity_0521,entity_0521,entity_0735,test
pair_008224,query,entity_0221,entity_0895,0,entity_0895,entity_0221,entity_0221,entity_0895,test
pair_008225,query,entity_0527,entity_0752,0,entity_0752,entity_0527,entity_0527,entity_0752,validation
pair_008226,query,entity_0171,entity_0596,0,entity_0596,entity_0171,entity_0171,entity_0596,test
pair_008227,query,entity_0853,entity_0855,1,entity_0853,entity_0855,entity_0855,entity_0853,test
pair_008228,query,entity_0070,entity_0849,0,entity_0849,entity_0070,entity_0070,entity_0849,test
pair_008229,query,entity_0272,entity_0483,0,entity_0272,entity_0483,entity_0483,entity_0272,test
pair_008230,query,entity_0397,entity_0826,0,entity_0826,entity_0397,entity_0397,entity_0826,validation
pair_008231,query,entity_0925,entity_0938,0,entity_0925,entity_0938,entity_0938,entity_0925,test
pair_008232,query,entity_0781,entity_0785,1,entity_0785,entity_0781,entity_0781,entity_0785,test
pair_008233,query,entity_0804,entity_0843,0,entity_0843,entity_0804,entity_0804,entity_0843,test
pair_008234,query,entity_0052,entity_0057,1,entity_0052,entity_0057,entity_0057,entity_0052,test
pair_008235,query,entity_0642,entity_0783,0,entity_0783,entity_0642,entity_0642,entity_0783,test
pair_008236,query,entity_0105,entity_0107,1,entity_0107,entity_0105,entity_0105,entity_0107,test
pair_008237,query,entity_0040,entity_0102,0,entity_0102,entity_0040,entity_0040,entity_0102,validation
pair_008238,query,entity_0897,entity_0898,1,entity_0898,entity_0897,entity_0897,entity_0898,test
pair_008239,query,entity_0002,entity_0007,1,entity_0007,entity_0002,entity_0002,entity_0007,test
pair_008240,query,entity_0047,entity_0062,0,entity_0047,entity_0062,entity_0062,entity_0047,test
pair_008241,query,entity_0631,entity_0981,0,entity_0981,entity_0631,entity_0631,entity_0981,test
pair_008242,query,entity_0971,entity_0976,1,entity_0971,entity_0976,entity_0976,entity_0971,test
pair_008243,query,entity_0026,entity_0028,1,entity_0026,entity_0028,entity_0028,entity_0026,test
pair_008244,query,entity_0911,entity_0917,1,entity_0911,entity_0917,entity_0917,entity_0911,test
pair_008245,query,entity_0473,entity_0849,0,entity_0473,entity_0849,entity_0849,entity_0473,validation
pair_008246,query,entity_0407,entity_0782,0,entity_0782,entity_0407,entity_0407,entity_0782,test
pair_008247,query,entity_0102,entity_0410,0,entity_0410,entity_0102,entity_0102,entity_0410,test
pair_008248,query,entity_0532,entity_0586,0,entity_0532,entity_0586,entity_0586,entity_0532,validation
pair_008249,query,entity_0521,entity_0607,0,entity_0521,entity_0607,entity_0607,entity_0521,validation
pair_008250,query,entity_0381,entity_0387,1,entity_0381,entity_0387,entity_0387,entity_0381,test
pair_008251,query,entity_0424,entity_0628,0,entity_0424,entity_0628,entity_0628,entity_0424,test
pair_008252,query,entity_0364,entity_0803,0,entity_0803,entity_0364,entity_0364,entity_0803,validation
pair_008253,query,entity_0233,entity_0384,0,entity_0384,entity_0233,entity_0233,entity_0384,validation
pair_008254,query,entity_0632,entity_0635,1,entity_0635,entity_0632,entity_0632,entity_0635,test
pair_008255,query,entity_0058,entity_0114,0,entity_0114,entity_0058,entity_0058,entity_0114,test
pair_008256,query,entity_0321,entity_0329,1,entity_0329,entity_0321,entity_0321,entity_0329,test
pair_008257,query,entity_0316,entity_0878,0,entity_0878,entity_0316,entity_0316,entity_0878,test
pair_008258,query,entity_0781,entity_0932,0,entity_0932,entity_0781,entity_0781,entity_0932,validation
pair_008259,query,entity_0371,entity_0421,0,entity_0371,entity_0421,entity_0421,entity_0371,test
pair_008260,query,entity_0419,entity_0685,0,entity_0419,entity_0685,entity_0685,entity_0419,validation
pair_008261,query,entity_0494,entity_0495,1,entity_0495,entity_0494,entity_0494,entity_0495,validation
pair_008262,query,entity_0543,entity_0544,1,entity_0543,entity_0544,entity_0544,entity_0543,test
pair_008263,query,entity_0305,entity_0493,0,entity_0493,entity_0305,entity_0305,entity_0493,test
pair_008264,query,entity_0339,entity_0405,0,entity_0339,entity_0405,entity_0405,entity_0339,test
pair_008265,query,entity_0635,entity_0978,0,entity_0978,entity_0635,entity_0635,entity_0978,validation
pair_008266,query,entity_0704,entity_0946,0,entity_0704,entity_0946,entity_0946,entity_0704,test
pair_008267,query,entity_0304,entity_0573,0,entity_0573,entity_0304,entity_0304,entity_0573,test
pair_008268,query,entity_0183,entity_0785,0,entity_0785,entity_0183,entity_0183,entity_0785,test
pair_008269,query,entity_0100,entity_0534,0,entity_0534,entity_0100,entity_0100,entity_0534,test
pair_008270,query,entity_0464,entity_0468,1,entity_0464,entity_0468,entity_0468,entity_0464,validation
pair_008271,query,entity_0493,entity_0499,1,entity_0493,entity_0499,entity_0499,entity_0493,test
pair_008272,query,entity_0422,entity_0654,0,entity_0654,entity_0422,entity_0422,entity_0654,test
pair_008273,query,entity_0801,entity_0802,1,entity_0802,entity_0801,entity_0801,entity_0802,test
pair_008274,query,entity_0757,entity_0760,1,entity_0760,entity_0757,entity_0757,entity_0760,test
pair_008275,query,entity_0668,entity_0879,0,entity_0668,entity_0879,entity_0879,entity_0668,test
pair_008276,query,entity_0178,entity_0398,0,entity_0398,entity_0178,entity_0178,entity_0398,test
pair_008277,query,entity_0052,entity_0058,1,entity_0058,entity_0052,entity_0052,entity_0058,test
pair_008278,query,entity_0205,entity_0209,1,entity_0205,entity_0209,entity_0209,entity_0205,test
pair_008279,query,entity_0903,entity_0910,1,entity_0910,entity_0903,entity_0903,entity_0910,validation
pair_008280,query,entity_0778,entity_0780,1,entity_0778,entity_0780,entity_0780,entity_0778,test
pair_008281,query,entity_0144,entity_0843,0,entity_0843,entity_0144,entity_0144,entity_0843,test
pair_008282,query,entity_0270,entity_0750,0,entity_0270,entity_0750,entity_0750,entity_0270,validation
pair_008283,query,entity_0441,entity_0444,1,entity_0444,entity_0441,entity_0441,entity_0444,test
pair_008284,query,entity_0477,entity_0867,0,entity_0867,entity_0477,entity_0477,entity_0867,test
pair_008285,query,entity_0426,entity_0428,1,entity_0428,entity_0426,entity_0426,entity_0428,test
pair_008286,query,entity_0251,entity_0470,0,entity_0470,entity_0251,entity_0251,entity_0470,validation
pair_008287,query,entity_0664,entity_0669,1,entity_0669,entity_0664,entity_0664,entity_0669,test
pair_008288,query,entity_0852,entity_0860,1,entity_0860,entity_0852,entity_0852,entity_0860,test
pair_008289,query,entity_0462,entity_0464,1,entity_0462,entity_0464,entity_0464,entity_0462,validation
pair_008290,query,entity_0473,entity_0557,0,entity_0473,entity_0557,entity_0557,entity_0473,test
pair_008291,query,entity_0318,entity_0588,0,entity_0318,entity_0588,entity_0588,entity_0318,test
pair_008292,query,entity_0527,entity_0529,1,entity_0529,entity_0527,entity_0527,entity_0529,test
pair_008293,query,entity_0781,entity_0782,1,entity_0781,entity_0782,entity_0782,entity_0781,test
pair_008294,query,entity_0001,entity_0687,0,entity_0001,entity_0687,entity_0687,entity_0001,test
pair_008295,query,entity_0565,entity_0579,0,entity_0579,entity_0565,entity_0565,entity_0579,test
pair_008296,query,entity_0132,entity_0962,0,entity_0132,entity_0962,entity_0962,entity_0132,test
pair_008297,query,entity_0002,entity_0424,0,entity_0424,entity_0002,entity_0002,entity_0424,validation
pair_008298,query,entity_0817,entity_0819,1,entity_0819,entity_0817,entity_0817,entity_0819,validation
pair_008299,query,entity_0760,entity_0868,0,entity_0868,entity_0760,entity_0760,entity_0868,test
pair_008300,query,entity_0321,entity_0856,0,entity_0856,entity_0321,entity_0321,entity_0856,test
pair_008301,query,entity_0197,entity_0615,0,entity_0615,entity_0197,entity_0197,entity_0615,test
pair_008302,query,entity_0605,entity_0610,1,entity_0610,entity_0605,entity_0605,entity_0610,test
pair_008303,query,entity_0375,entity_0541,0,entity_0375,entity_0541,entity_0541,entity_0375,test
pair_008304,query,entity_0149,entity_0716,0,entity_0149,entity_0716,entity_0716,entity_0149,validation
pair_008305,query,entity_0062,entity_0070,1,entity_0070,entity_0062,entity_0062,entity_0070,test
pair_008306,query,entity_0249,entity_0908,0,entity_0908,entity_0249,entity_0249,entity_0908,test
pair_008307,query,entity_0924,entity_0980,0,entity_0980,entity_0924,entity_0924,entity_0980,test
pair_008308,query,entity_0578,entity_0910,0,entity_0578,entity_0910,entity_0910,entity_0578,test
pair_008309,query,entity_0107,entity_0175,0,entity_0107,entity_0175,entity_0175,entity_0107,test
pair_008310,query,entity_0057,entity_0319,0,entity_0057,entity_0319,entity_0319,entity_0057,test
pair_008311,query,entity_0123,entity_0280,0,entity_0123,entity_0280,entity_0280,entity_0123,test
pair_008312,query,entity_0813,entity_0818,1,entity_0818,entity_0813,entity_0813,entity_0818,validation
pair_008313,query,entity_0642,entity_0979,0,entity_0642,entity_0979,entity_0979,entity_0642,validation
pair_008314,query,entity_0911,entity_0912,1,entity_0912,entity_0911,entity_0911,entity_0912,test
pair_008315,query,entity_0266,entity_0595,0,entity_0595,entity_0266,entity_0266,entity_0595,validation
pair_008316,query,entity_0393,entity_0399,1,entity_0393,entity_0399,entity_0399,entity_0393,validation
pair_008317,query,entity_0946,entity_0947,1,entity_0947,entity_0946,entity_0946,entity_0947,validation
pair_008318,query,entity_0095,entity_0097,1,entity_0095,entity_0097,entity_0097,entity_0095,validation
pair_008319,query,entity_0035,entity_0562,0,entity_0035,entity_0562,entity_0562,entity_0035,test
pair_008320,query,entity_0161,entity_0534,0,entity_0534,entity_0161,entity_0161,entity_0534,test
pair_008321,query,entity_0263,entity_0429,0,entity_0429,entity_0263,entity_0263,entity_0429,test
pair_008322,query,entity_0093,entity_0099,1,entity_0093,entity_0099,entity_0099,entity_0093,validation
pair_008323,query,entity_0820,entity_0873,0,entity_0820,entity_0873,entity_0873,entity_0820,validation
pair_008324,query,entity_0045,entity_0507,0,entity_0507,entity_0045,entity_0045,entity_0507,validation
pair_008325,query,entity_0206,entity_0677,0,entity_0206,entity_0677,entity_0677,entity_0206,test
pair_008326,query,entity_0087,entity_0710,0,entity_0087,entity_0710,entity_0710,entity_0087,validation
pair_008327,query,entity_0944,entity_0945,1,entity_0944,entity_0945,entity_0945,entity_0944,test
pair_008328,query,entity_0801,entity_0804,1,entity_0801,entity_0804,entity_0804,entity_0801,validation
pair_008329,query,entity_0114,entity_0120,1,entity_0114,entity_0120,entity_0120,entity_0114,test
pair_008330,query,entity_0367,entity_0423,0,entity_0423,entity_0367,entity_0367,entity_0423,test
pair_008331,query,entity_0916,entity_0918,1,entity_0916,entity_0918,entity_0918,entity_0916,test
pair_008332,query,entity_0183,entity_0187,1,entity_0183,entity_0187,entity_0187,entity_0183,test
pair_008333,query,entity_0308,entity_0310,1,entity_0310,entity_0308,entity_0308,entity_0310,test
pair_008334,query,entity_0178,entity_0634,0,entity_0634,entity_0178,entity_0178,entity_0634,test
pair_008335,query,entity_0062,entity_0562,0,entity_0062,entity_0562,entity_0562,entity_0062,test
pair_008336,query,entity_0492,entity_0675,0,entity_0492,entity_0675,entity_0675,entity_0492,test
pair_008337,query,entity_0271,entity_0274,1,entity_0274,entity_0271,entity_0271,entity_0274,test
pair_008338,query,entity_0761,entity_0770,1,entity_0761,entity_0770,entity_0770,entity_0761,test
pair_008339,query,entity_0506,entity_0509,1,entity_0509,entity_0506,entity_0506,entity_0509,validation
pair_008340,query,entity_0091,entity_0802,0,entity_0091,entity_0802,entity_0802,entity_0091,test
pair_008341,query,entity_0014,entity_0018,1,entity_0018,entity_0014,entity_0014,entity_0018,validation
pair_008342,query,entity_0094,entity_0198,0,entity_0094,entity_0198,entity_0198,entity_0094,test
pair_008343,query,entity_0565,entity_0569,1,entity_0565,entity_0569,entity_0569,entity_0565,test
pair_008344,query,entity_0229,entity_0468,0,entity_0229,entity_0468,entity_0468,entity_0229,validation
pair_008345,query,entity_0002,entity_0003,1,entity_0003,entity_0002,entity_0002,entity_0003,test
pair_008346,query,entity_0413,entity_0419,1,entity_0413,entity_0419,entity_0419,entity_0413,test
pair_008347,query,entity_0301,entity_0303,1,entity_0303,entity_0301,entity_0301,entity_0303,test
pair_008348,query,entity_0228,entity_0577,0,entity_0228,entity_0577,entity_0577,entity_0228,test
pair_008349,query,entity_0368,entity_0891,0,entity_0891,entity_0368,entity_0368,entity_0891,validation
pair_008350,query,entity_0272,entity_0980,0,entity_0272,entity_0980,entity_0980,entity_0272,test
pair_008351,query,entity_0234,entity_0440,0,entity_0234,entity_0440,entity_0440,entity_0234,test
pair_008352,query,entity_0346,entity_0742,0,entity_0742,entity_0346,entity_0346,entity_0742,test
pair_008353,query,entity_0206,entity_0569,0,entity_0569,entity_0206,entity_0206,entity_0569,test
pair_008354,query,entity_0369,entity_0426,0,entity_0369,entity_0426,entity_0426,entity_0369,test
pair_008355,query,entity_0154,entity_0923,0,entity_0154,entity_0923,entity_0923,entity_0154,test
pair_008356,query,entity_0194,entity_0200,1,entity_0194,entity_0200,entity_0200,entity_0194,test
pair_008357,query,entity_0826,entity_0827,1,entity_0827,entity_0826,entity_0826,entity_0827,test
pair_008358,query,entity_0247,entity_0895,0,entity_0895,entity_0247,entity_0247,entity_0895,test
pair_008359,query,entity_0053,entity_0058,1,entity_0053,entity_0058,entity_0058,entity_0053,test
pair_008360,query,entity_0811,entity_0812,1,entity_0812,entity_0811,entity_0811,entity_0812,test
pair_008361,query,entity_0922,entity_0928,1,entity_0922,entity_0928,entity_0928,entity_0922,test
pair_008362,query,entity_0084,entity_0089,1,entity_0089,entity_0084,entity_0084,entity_0089,test
pair_008363,query,entity_0701,entity_0704,1,entity_0704,entity_0701,entity_0701,entity_0704,test
pair_008364,query,entity_0527,entity_0528,1,entity_0527,entity_0528,entity_0528,entity_0527,test
pair_008365,query,entity_0626,entity_0629,1,entity_0629,entity_0626,entity_0626,entity_0629,test
pair_008366,query,entity_0633,entity_0704,0,entity_0704,entity_0633,entity_0633,entity_0704,validation
pair_008367,query,entity_0742,entity_0746,1,entity_0742,entity_0746,entity_0746,entity_0742,test
pair_008368,query,entity_0215,entity_0762,0,entity_0215,entity_0762,entity_0762,entity_0215,test
pair_008369,query,entity_0678,entity_0679,1,entity_0678,entity_0679,entity_0679,entity_0678,test
pair_008370,query,entity_0951,entity_0955,1,entity_0951,entity_0955,entity_0955,entity_0951,test
pair_008371,query,entity_0653,entity_0721,0,entity_0653,entity_0721,entity_0721,entity_0653,test
pair_008372,query,entity_0316,entity_0319,1,entity_0319,entity_0316,entity_0316,entity_0319,test
pair_008373,query,entity_0075,entity_0258,0,entity_0075,entity_0258,entity_0258,entity_0075,test
pair_008374,query,entity_0013,entity_0169,0,entity_0013,entity_0169,entity_0169,entity_0013,test
pair_008375,query,entity_0744,entity_0746,1,entity_0746,entity_0744,entity_0744,entity_0746,test
pair_008376,query,entity_0131,entity_0136,1,entity_0131,entity_0136,entity_0136,entity_0131,test
pair_008377,query,entity_0134,entity_0864,0,entity_0864,entity_0134,entity_0134,entity_0864,test
pair_008378,query,entity_0116,entity_0233,0,entity_0233,entity_0116,entity_0116,entity_0233,validation
pair_008379,query,entity_0404,entity_0407,1,entity_0404,entity_0407,entity_0407,entity_0404,test
pair_008380,query,entity_0032,entity_0572,0,entity_0032,entity_0572,entity_0572,entity_0032,test
pair_008381,query,entity_0081,entity_0089,1,entity_0081,entity_0089,entity_0089,entity_0081,validation
pair_008382,query,entity_0100,entity_0488,0,entity_0100,entity_0488,entity_0488,entity_0100,test
pair_008383,query,entity_0208,entity_0738,0,entity_0738,entity_0208,entity_0208,entity_0738,validation
pair_008384,query,entity_0441,entity_0448,1,entity_0448,entity_0441,entity_0441,entity_0448,test
pair_008385,query,entity_0607,entity_0799,0,entity_0799,entity_0607,entity_0607,entity_0799,test
pair_008386,query,entity_0004,entity_0556,0,entity_0004,entity_0556,entity_0556,entity_0004,test
pair_008387,query,entity_0846,entity_0848,1,entity_0846,entity_0848,entity_0848,entity_0846,test
pair_008388,query,entity_0601,entity_0607,1,entity_0607,entity_0601,entity_0601,entity_0607,test
pair_008389,query,entity_0062,entity_0104,0,entity_0062,entity_0104,entity_0104,entity_0062,test
pair_008390,query,entity_0486,entity_0767,0,entity_0767,entity_0486,entity_0486,entity_0767,validation
pair_008391,query,entity_0091,entity_0092,1,entity_0092,entity_0091,entity_0091,entity_0092,test
pair_008392,query,entity_0045,entity_0060,0,entity_0045,entity_0060,entity_0060,entity_0045,test
pair_008393,query,entity_0351,entity_0353,1,entity_0353,entity_0351,entity_0351,entity_0353,test
pair_008394,query,entity_0223,entity_0593,0,entity_0593,entity_0223,entity_0223,entity_0593,test
pair_008395,query,entity_0585,entity_0586,1,entity_0585,entity_0586,entity_0586,entity_0585,test
pair_008396,query,entity_0831,entity_0837,1,entity_0831,entity_0837,entity_0837,entity_0831,test
pair_008397,query,entity_0121,entity_0125,1,entity_0121,entity_0125,entity_0125,entity_0121,test
pair_008398,query,entity_0388,entity_0519,0,entity_0519,entity_0388,entity_0388,entity_0519,test
pair_008399,query,entity_0032,entity_0451,0,entity_0451,entity_0032,entity_0032,entity_0451,validation
pair_008400,query,entity_0806,entity_0901,0,entity_0806,entity_0901,entity_0901,entity_0806,test
pair_008401,query,entity_0708,entity_0722,0,entity_0722,entity_0708,entity_0708,entity_0722,test
pair_008402,query,entity_0004,entity_0478,0,entity_0478,entity_0004,entity_0004,entity_0478,test
pair_008403,query,entity_0089,entity_0090,1,entity_0090,entity_0089,entity_0089,entity_0090,validation
pair_008404,query,entity_0770,entity_0975,0,entity_0975,entity_0770,entity_0770,entity_0975,test
pair_008405,query,entity_0911,entity_0913,1,entity_0913,entity_0911,entity_0911,entity_0913,test
pair_008406,query,entity_0536,entity_0790,0,entity_0536,entity_0790,entity_0790,entity_0536,validation
pair_008407,query,entity_0971,entity_0982,0,entity_0971,entity_0982,entity_0982,entity_0971,validation
pair_008408,query,entity_0802,entity_0810,1,entity_0810,entity_0802,entity_0802,entity_0810,validation
pair_008409,query,entity_0177,entity_0447,0,entity_0177,entity_0447,entity_0447,entity_0177,test
pair_008410,query,entity_0309,entity_0343,0,entity_0343,entity_0309,entity_0309,entity_0343,test
pair_008411,query,entity_0324,entity_0728,0,entity_0728,entity_0324,entity_0324,entity_0728,test
pair_008412,query,entity_0431,entity_0435,1,entity_0435,entity_0431,entity_0431,entity_0435,test
pair_008413,query,entity_0264,entity_0266,1,entity_0264,entity_0266,entity_0266,entity_0264,test
pair_008414,query,entity_0192,entity_0200,1,entity_0192,entity_0200,entity_0200,entity_0192,test
pair_008415,query,entity_0025,entity_0053,0,entity_0053,entity_0025,entity_0025,entity_0053,test
pair_008416,query,entity_0209,entity_0210,1,entity_0210,entity_0209,entity_0209,entity_0210,test
pair_008417,query,entity_0622,entity_0626,1,entity_0626,entity_0622,entity_0622,entity_0626,validation
pair_008418,query,entity_0734,entity_0736,1,entity_0734,entity_0736,entity_0736,entity_0734,test
pair_008419,query,entity_0824,entity_0828,1,entity_0824,entity_0828,entity_0828,entity_0824,validation
pair_008420,query,entity_0427,entity_0829,0,entity_0427,entity_0829,entity_0829,entity_0427,test
pair_008421,query,entity_0206,entity_0369,0,entity_0206,entity_0369,entity_0369,entity_0206,test
pair_008422,query,entity_0552,entity_0553,1,entity_0552,entity_0553,entity_0553,entity_0552,test
pair_008423,query,entity_0197,entity_0642,0,entity_0642,entity_0197,entity_0197,entity_0642,test
pair_008424,query,entity_0044,entity_0045,1,entity_0044,entity_0045,entity_0045,entity_0044,test
pair_008425,query,entity_0493,entity_0755,0,entity_0755,entity_0493,entity_0493,entity_0755,test
pair_008426,query,entity_0165,entity_0503,0,entity_0165,entity_0503,entity_0503,entity_0165,test
pair_008427,query,entity_0821,entity_0892,0,entity_0892,entity_0821,entity_0821,entity_0892,validation
pair_008428,query,entity_0350,entity_0970,0,entity_0350,entity_0970,entity_0970,entity_0350,test
pair_008429,query,entity_0624,entity_0629,1,entity_0624,entity_0629,entity_0629,entity_0624,test
pair_008430,query,entity_0213,entity_0214,1,entity_0213,entity_0214,entity_0214,entity_0213,test
pair_008431,query,entity_0471,entity_0478,1,entity_0478,entity_0471,entity_0471,entity_0478,test
pair_008432,query,entity_0530,entity_0736,0,entity_0736,entity_0530,entity_0530,entity_0736,test
pair_008433,query,entity_0212,entity_0219,1,entity_0219,entity_0212,entity_0212,entity_0219,test
pair_008434,query,entity_0608,entity_0641,0,entity_0641,entity_0608,entity_0608,entity_0641,test
pair_008435,query,entity_0139,entity_0726,0,entity_0726,entity_0139,entity_0139,entity_0726,test
pair_008436,query,entity_0146,entity_0482,0,entity_0482,entity_0146,entity_0146,entity_0482,test
pair_008437,query,entity_0271,entity_0422,0,entity_0271,entity_0422,entity_0422,entity_0271,test
pair_008438,query,entity_0608,entity_0854,0,entity_0854,entity_0608,entity_0608,entity_0854,test
pair_008439,query,entity_0672,entity_0674,1,entity_0672,entity_0674,entity_0674,entity_0672,test
pair_008440,query,entity_0488,entity_0489,1,entity_0488,entity_0489,entity_0489,entity_0488,test
pair_008441,query,entity_0074,entity_0115,0,entity_0115,entity_0074,entity_0074,entity_0115,test
pair_008442,query,entity_0831,entity_0838,1,entity_0838,entity_0831,entity_0831,entity_0838,validation
pair_008443,query,entity_0712,entity_0720,1,entity_0712,entity_0720,entity_0720,entity_0712,test
pair_008444,query,entity_0365,entity_0463,0,entity_0365,entity_0463,entity_0463,entity_0365,test
pair_008445,query,entity_0741,entity_0745,1,entity_0741,entity_0745,entity_0745,entity_0741,test
pair_008446,query,entity_0348,entity_0594,0,entity_0594,entity_0348,entity_0348,entity_0594,test
pair_008447,query,entity_0572,entity_0578,1,entity_0572,entity_0578,entity_0578,entity_0572,validation
pair_008448,query,entity_0882,entity_0889,1,entity_0889,entity_0882,entity_0882,entity_0889,test
pair_008449,query,entity_0925,entity_0948,0,entity_0925,entity_0948,entity_0948,entity_0925,test
pair_008450,query,entity_0845,entity_0847,1,entity_0845,entity_0847,entity_0847,entity_0845,test
pair_008451,query,entity_0035,entity_0460,0,entity_0460,entity_0035,entity_0035,entity_0460,test
pair_008452,query,entity_0833,entity_0839,1,entity_0833,entity_0839,entity_0839,entity_0833,test
pair_008453,query,entity_0252,entity_0408,0,entity_0252,entity_0408,entity_0408,entity_0252,validation
pair_008454,query,entity_0593,entity_0595,1,entity_0595,entity_0593,entity_0593,entity_0595,test
pair_008455,query,entity_0561,entity_0566,1,entity_0561,entity_0566,entity_0566,entity_0561,test
pair_008456,query,entity_0581,entity_0590,1,entity_0590,entity_0581,entity_0581,entity_0590,test
pair_008457,query,entity_0066,entity_0107,0,entity_0066,entity_0107,entity_0107,entity_0066,test
pair_008458,query,entity_0671,entity_0996,0,entity_0996,entity_0671,entity_0671,entity_0996,test
pair_008459,query,entity_0390,entity_0436,0,entity_0436,entity_0390,entity_0390,entity_0436,test
pair_008460,query,entity_0748,entity_0964,0,entity_0748,entity_0964,entity_0964,entity_0748,test
pair_008461,query,entity_0347,entity_0645,0,entity_0347,entity_0645,entity_0645,entity_0347,test
pair_008462,query,entity_0316,entity_0723,0,entity_0316,entity_0723,entity_0723,entity_0316,test
pair_008463,query,entity_0545,entity_0550,1,entity_0545,entity_0550,entity_0550,entity_0545,validation
pair_008464,query,entity_0248,entity_0511,0,entity_0248,entity_0511,entity_0511,entity_0248,test
pair_008465,query,entity_0053,entity_0265,0,entity_0053,entity_0265,entity_0265,entity_0053,test
pair_008466,query,entity_0425,entity_0430,1,entity_0430,entity_0425,entity_0425,entity_0430,test
pair_008467,query,entity_0317,entity_0320,1,entity_0320,entity_0317,entity_0317,entity_0320,test
pair_008468,query,entity_0510,entity_0669,0,entity_0510,entity_0669,entity_0669,entity_0510,test
pair_008469,query,entity_0561,entity_0848,0,entity_0848,entity_0561,entity_0561,entity_0848,validation
pair_008470,query,entity_0261,entity_0269,1,entity_0261,entity_0269,entity_0269,entity_0261,test
pair_008471,query,entity_0314,entity_0315,1,entity_0315,entity_0314,entity_0314,entity_0315,test
pair_008472,query,entity_0315,entity_0317,1,entity_0317,entity_0315,entity_0315,entity_0317,test
pair_008473,query,entity_0035,entity_0957,0,entity_0035,entity_0957,entity_0957,entity_0035,test
pair_008474,query,entity_0112,entity_0773,0,entity_0773,entity_0112,entity_0112,entity_0773,test
pair_008475,query,entity_0440,entity_0844,0,entity_0844,entity_0440,entity_0440,entity_0844,test
pair_008476,query,entity_0474,entity_0479,1,entity_0479,entity_0474,entity_0474,entity_0479,test
pair_008477,query,entity_0149,entity_0489,0,entity_0489,entity_0149,entity_0149,entity_0489,test
pair_008478,query,entity_0794,entity_0796,1,entity_0794,entity_0796,entity_0796,entity_0794,test
pair_008479,query,entity_0436,entity_0438,1,entity_0438,entity_0436,entity_0436,entity_0438,test
pair_008480,query,entity_0483,entity_0486,1,entity_0486,entity_0483,entity_0483,entity_0486,test
pair_008481,query,entity_0163,entity_0170,1,entity_0170,entity_0163,entity_0163,entity_0170,validation
pair_008482,query,entity_0021,entity_0271,0,entity_0271,entity_0021,entity_0021,entity_0271,test
pair_008483,query,entity_0131,entity_0214,0,entity_0214,entity_0131,entity_0131,entity_0214,test
pair_008484,query,entity_0942,entity_0944,1,entity_0944,entity_0942,entity_0942,entity_0944,test
pair_008485,query,entity_0138,entity_0566,0,entity_0138,entity_0566,entity_0566,entity_0138,test
pair_008486,query,entity_0472,entity_0480,1,entity_0472,entity_0480,entity_0480,entity_0472,test
pair_008487,query,entity_0496,entity_0557,0,entity_0496,entity_0557,entity_0557,entity_0496,test
pair_008488,query,entity_0009,entity_0815,0,entity_0815,entity_0009,entity_0009,entity_0815,test
pair_008489,query,entity_0073,entity_0076,1,entity_0076,entity_0073,entity_0073,entity_0076,validation
pair_008490,query,entity_0621,entity_0980,0,entity_0621,entity_0980,entity_0980,entity_0621,validation
pair_008491,query,entity_0132,entity_0135,1,entity_0135,entity_0132,entity_0132,entity_0135,validation
pair_008492,query,entity_0077,entity_0898,0,entity_0077,entity_0898,entity_0898,entity_0077,test
pair_008493,query,entity_0964,entity_0970,1,entity_0964,entity_0970,entity_0970,entity_0964,test
pair_008494,query,entity_0412,entity_0464,0,entity_0412,entity_0464,entity_0464,entity_0412,test
pair_008495,query,entity_0851,entity_0856,1,entity_0856,entity_0851,entity_0851,entity_0856,validation
pair_008496,query,entity_0233,entity_0240,1,entity_0233,entity_0240,entity_0240,entity_0233,test
pair_008497,query,entity_0813,entity_0867,0,entity_0867,entity_0813,entity_0813,entity_0867,test
pair_008498,query,entity_0091,entity_0112,0,entity_0091,entity_0112,entity_0112,entity_0091,test
pair_008499,query,entity_0151,entity_0152,1,entity_0152,entity_0151,entity_0151,entity_0152,test
pair_008500,query,entity_0182,entity_0642,0,entity_0642,entity_0182,entity_0182,entity_0642,validation
pair_008501,query,entity_0154,entity_0157,1,entity_0157,entity_0154,entity_0154,entity_0157,test
pair_008502,query,entity_0591,entity_0595,1,entity_0591,entity_0595,entity_0595,entity_0591,validation
pair_008503,query,entity_0163,entity_0165,1,entity_0165,entity_0163,entity_0163,entity_0165,test
pair_008504,query,entity_0651,entity_0658,1,entity_0651,entity_0658,entity_0658,entity_0651,validation
pair_008505,query,entity_0422,entity_0427,1,entity_0422,entity_0427,entity_0427,entity_0422,test
pair_008506,query,entity_0468,entity_0596,0,entity_0596,entity_0468,entity_0468,entity_0596,validation
pair_008507,query,entity_0101,entity_0106,1,entity_0101,entity_0106,entity_0106,entity_0101,test
pair_008508,query,entity_0152,entity_0725,0,entity_0725,entity_0152,entity_0152,entity_0725,test
pair_008509,query,entity_0104,entity_0110,1,entity_0110,entity_0104,entity_0104,entity_0110,test
pair_008510,query,entity_0248,entity_0790,0,entity_0790,entity_0248,entity_0248,entity_0790,test
pair_008511,query,entity_0044,entity_0049,1,entity_0044,entity_0049,entity_0049,entity_0044,test
pair_008512,query,entity_0444,entity_0654,0,entity_0444,entity_0654,entity_0654,entity_0444,test
pair_008513,query,entity_0983,entity_0986,1,entity_0983,entity_0986,entity_0986,entity_0983,test
pair_008514,query,entity_0281,entity_0283,1,entity_0281,entity_0283,entity_0283,entity_0281,test
pair_008515,query,entity_0066,entity_0067,1,entity_0066,entity_0067,entity_0067,entity_0066,test
pair_008516,query,entity_0102,entity_0693,0,entity_0102,entity_0693,entity_0693,entity_0102,test
pair_008517,query,entity_0453,entity_0458,1,entity_0453,entity_0458,entity_0458,entity_0453,test
pair_008518,query,entity_0159,entity_0794,0,entity_0159,entity_0794,entity_0794,entity_0159,test
pair_008519,query,entity_0867,entity_0868,1,entity_0868,entity_0867,entity_0867,entity_0868,validation
pair_008520,query,entity_0529,entity_0530,1,entity_0530,entity_0529,entity_0529,entity_0530,test
pair_008521,query,entity_0188,entity_0434,0,entity_0434,entity_0188,entity_0188,entity_0434,test
pair_008522,query,entity_0522,entity_0526,1,entity_0526,entity_0522,entity_0522,entity_0526,test
pair_008523,query,entity_0593,entity_0997,0,entity_0593,entity_0997,entity_0997,entity_0593,test
pair_008524,query,entity_0558,entity_0777,0,entity_0558,entity_0777,entity_0777,entity_0558,test
pair_008525,query,entity_0614,entity_0617,1,entity_0617,entity_0614,entity_0614,entity_0617,validation
pair_008526,query,entity_0662,entity_0670,1,entity_0662,entity_0670,entity_0670,entity_0662,test
pair_008527,query,entity_0156,entity_0157,1,entity_0157,entity_0156,entity_0156,entity_0157,test
pair_008528,query,entity_0937,entity_0938,1,entity_0938,entity_0937,entity_0937,entity_0938,validation
pair_008529,query,entity_0167,entity_0505,0,entity_0505,entity_0167,entity_0167,entity_0505,test
pair_008530,query,entity_0521,entity_0523,1,entity_0521,entity_0523,entity_0523,entity_0521,test
pair_008531,query,entity_0895,entity_0899,1,entity_0899,entity_0895,entity_0895,entity_0899,test
pair_008532,query,entity_0453,entity_0781,0,entity_0781,entity_0453,entity_0453,entity_0781,test
pair_008533,query,entity_0583,entity_0584,1,entity_0584,entity_0583,entity_0583,entity_0584,validation
pair_008534,query,entity_0853,entity_0857,1,entity_0853,entity_0857,entity_0857,entity_0853,test
pair_008535,query,entity_0571,entity_0576,1,entity_0576,entity_0571,entity_0571,entity_0576,validation
pair_008536,query,entity_0102,entity_0847,0,entity_0847,entity_0102,entity_0102,entity_0847,test
pair_008537,query,entity_0925,entity_0929,1,entity_0925,entity_0929,entity_0929,entity_0925,test
pair_008538,query,entity_0573,entity_0576,1,entity_0573,entity_0576,entity_0576,entity_0573,test
pair_008539,query,entity_0410,entity_0931,0,entity_0931,entity_0410,entity_0410,entity_0931,test
pair_008540,query,entity_0484,entity_0487,1,entity_0484,entity_0487,entity_0487,entity_0484,test
pair_008541,query,entity_0115,entity_0117,1,entity_0117,entity_0115,entity_0115,entity_0117,test
pair_008542,query,entity_0366,entity_0367,1,entity_0367,entity_0366,entity_0366,entity_0367,test
pair_008543,query,entity_0224,entity_0372,0,entity_0372,entity_0224,entity_0224,entity_0372,test
pair_008544,query,entity_0133,entity_0134,1,entity_0133,entity_0134,entity_0134,entity_0133,test
pair_008545,query,entity_0303,entity_0304,1,entity_0304,entity_0303,entity_0303,entity_0304,validation
pair_008546,query,entity_0549,entity_0550,1,entity_0550,entity_0549,entity_0549,entity_0550,validation
pair_008547,query,entity_0513,entity_0894,0,entity_0894,entity_0513,entity_0513,entity_0894,test
pair_008548,query,entity_0107,entity_0110,1,entity_0110,entity_0107,entity_0107,entity_0110,test
pair_008549,query,entity_0621,entity_0785,0,entity_0621,entity_0785,entity_0785,entity_0621,test
pair_008550,query,entity_0194,entity_0568,0,entity_0568,entity_0194,entity_0194,entity_0568,test
pair_008551,query,entity_0986,entity_0988,1,entity_0988,entity_0986,entity_0986,entity_0988,test
pair_008552,query,entity_0195,entity_0197,1,entity_0197,entity_0195,entity_0195,entity_0197,test
pair_008553,query,entity_0289,entity_0995,0,entity_0289,entity_0995,entity_0995,entity_0289,test
pair_008554,query,entity_0363,entity_0365,1,entity_0363,entity_0365,entity_0365,entity_0363,validation
pair_008555,query,entity_0272,entity_0277,1,entity_0272,entity_0277,entity_0277,entity_0272,test
pair_008556,query,entity_0619,entity_0620,1,entity_0620,entity_0619,entity_0619,entity_0620,test
pair_008557,query,entity_0795,entity_0867,0,entity_0867,entity_0795,entity_0795,entity_0867,test
pair_008558,query,entity_0333,entity_0340,1,entity_0333,entity_0340,entity_0340,entity_0333,test
pair_008559,query,entity_0301,entity_0344,0,entity_0344,entity_0301,entity_0301,entity_0344,test
pair_008560,query,entity_0481,entity_0485,1,entity_0485,entity_0481,entity_0481,entity_0485,test
pair_008561,query,entity_0415,entity_0416,1,entity_0416,entity_0415,entity_0415,entity_0416,test
pair_008562,query,entity_0439,entity_0758,0,entity_0439,entity_0758,entity_0758,entity_0439,test
pair_008563,query,entity_0074,entity_0076,1,entity_0074,entity_0076,entity_0076,entity_0074,test
pair_008564,query,entity_0122,entity_0130,1,entity_0130,entity_0122,entity_0122,entity_0130,test
pair_008565,query,entity_0771,entity_0778,1,entity_0778,entity_0771,entity_0771,entity_0778,test
pair_008566,query,entity_0423,entity_0742,0,entity_0742,entity_0423,entity_0423,entity_0742,test
pair_008567,query,entity_0579,entity_0580,1,entity_0580,entity_0579,entity_0579,entity_0580,validation
pair_008568,query,entity_0491,entity_0612,0,entity_0491,entity_0612,entity_0612,entity_0491,test
pair_008569,query,entity_0476,entity_0477,1,entity_0476,entity_0477,entity_0477,entity_0476,test
pair_008570,query,entity_0132,entity_0947,0,entity_0947,entity_0132,entity_0132,entity_0947,test
pair_008571,query,entity_0369,entity_0794,0,entity_0369,entity_0794,entity_0794,entity_0369,test
pair_008572,query,entity_0893,entity_0897,1,entity_0893,entity_0897,entity_0897,entity_0893,test
pair_008573,query,entity_0673,entity_0680,1,entity_0680,entity_0673,entity_0673,entity_0680,validation
pair_008574,query,entity_0361,entity_0370,1,entity_0370,entity_0361,entity_0361,entity_0370,test
pair_008575,query,entity_0505,entity_0506,1,entity_0506,entity_0505,entity_0505,entity_0506,test
pair_008576,query,entity_0528,entity_0530,1,entity_0530,entity_0528,entity_0528,entity_0530,validation
pair_008577,query,entity_0368,entity_0472,0,entity_0368,entity_0472,entity_0472,entity_0368,test
pair_008578,query,entity_0234,entity_0237,1,entity_0234,entity_0237,entity_0237,entity_0234,test
pair_008579,query,entity_0511,entity_0608,0,entity_0608,entity_0511,entity_0511,entity_0608,validation
pair_008580,query,entity_0441,entity_0887,0,entity_0441,entity_0887,entity_0887,entity_0441,test
pair_008581,query,entity_0071,entity_0905,0,entity_0905,entity_0071,entity_0071,entity_0905,validation
pair_008582,query,entity_0664,entity_0666,1,entity_0664,entity_0666,entity_0666,entity_0664,test
pair_008583,query,entity_0002,entity_0428,0,entity_0002,entity_0428,entity_0428,entity_0002,test
pair_008584,query,entity_0377,entity_0858,0,entity_0377,entity_0858,entity_0858,entity_0377,test
pair_008585,query,entity_0365,entity_0588,0,entity_0588,entity_0365,entity_0365,entity_0588,validation
pair_008586,query,entity_0462,entity_0463,1,entity_0463,entity_0462,entity_0462,entity_0463,test
pair_008587,query,entity_0291,entity_0907,0,entity_0907,entity_0291,entity_0291,entity_0907,test
pair_008588,query,entity_0094,entity_0659,0,entity_0659,entity_0094,entity_0094,entity_0659,test
pair_008589,query,entity_0552,entity_0559,1,entity_0559,entity_0552,entity_0552,entity_0559,test
pair_008590,query,entity_0260,entity_0301,0,entity_0260,entity_0301,entity_0301,entity_0260,validation
pair_008591,query,entity_0342,entity_0344,1,entity_0344,entity_0342,entity_0342,entity_0344,test
pair_008592,query,entity_0901,entity_0905,1,entity_0905,entity_0901,entity_0901,entity_0905,validation
pair_008593,query,entity_0314,entity_0892,0,entity_0314,entity_0892,entity_0892,entity_0314,validation
pair_008594,query,entity_0180,entity_0560,0,entity_0560,entity_0180,entity_0180,entity_0560,test
pair_008595,query,entity_0124,entity_0129,1,entity_0124,entity_0129,entity_0129,entity_0124,test
pair_008596,query,entity_0962,entity_0969,1,entity_0969,entity_0962,entity_0962,entity_0969,test
pair_008597,query,entity_0579,entity_0788,0,entity_0579,entity_0788,entity_0788,entity_0579,test
pair_008598,query,entity_0327,entity_0328,1,entity_0327,entity_0328,entity_0328,entity_0327,test
pair_008599,query,entity_0482,entity_0485,1,entity_0482,entity_0485,entity_0485,entity_0482,test
pair_008600,query,entity_0652,entity_0658,1,entity_0658,entity_0652,entity_0652,entity_0658,test
pair_008601,query,entity_0858,entity_0899,0,entity_0899,entity_0858,entity_0858,entity_0899,test
pair_008602,query,entity_0486,entity_0489,1,entity_0486,entity_0489,entity_0489,entity_0486,test
pair_008603,query,entity_0288,entity_0779,0,entity_0288,entity_0779,entity_0779,entity_0288,test
pair_008604,query,entity_0645,entity_0649,1,entity_0649,entity_0645,entity_0645,entity_0649,test
pair_008605,query,entity_0864,entity_0866,1,entity_0866,entity_0864,entity_0864,entity_0866,test
pair_008606,query,entity_0221,entity_0222,1,entity_0222,entity_0221,entity_0221,entity_0222,test
pair_008607,query,entity_0496,entity_0873,0,entity_0873,entity_0496,entity_0496,entity_0873,validation
pair_008608,query,entity_0241,entity_0305,0,entity_0241,entity_0305,entity_0305,entity_0241,test
pair_008609,query,entity_0691,entity_0915,0,entity_0691,entity_0915,entity_0915,entity_0691,test
pair_008610,query,entity_0751,entity_0755,1,entity_0755,entity_0751,entity_0751,entity_0755,test
pair_008611,query,entity_0322,entity_0469,0,entity_0469,entity_0322,entity_0322,entity_0469,test
pair_008612,query,entity_0100,entity_0795,0,entity_0100,entity_0795,entity_0795,entity_0100,test
pair_008613,query,entity_0735,entity_0739,1,entity_0739,entity_0735,entity_0735,entity_0739,validation
pair_008614,query,entity_0763,entity_0939,0,entity_0939,entity_0763,entity_0763,entity_0939,test
pair_008615,query,entity_0379,entity_0858,0,entity_0379,entity_0858,entity_0858,entity_0379,test
pair_008616,query,entity_0062,entity_0254,0,entity_0062,entity_0254,entity_0254,entity_0062,test
pair_008617,query,entity_0335,entity_0337,1,entity_0335,entity_0337,entity_0337,entity_0335,test
pair_008618,query,entity_0118,entity_0799,0,entity_0799,entity_0118,entity_0118,entity_0799,test
pair_008619,query,entity_0100,entity_0842,0,entity_0100,entity_0842,entity_0842,entity_0100,validation
pair_008620,query,entity_0968,entity_0970,1,entity_0968,entity_0970,entity_0970,entity_0968,test
pair_008621,query,entity_0434,entity_0440,1,entity_0440,entity_0434,entity_0434,entity_0440,test
pair_008622,query,entity_0226,entity_0228,1,entity_0226,entity_0228,entity_0228,entity_0226,test
pair_008623,query,entity_0562,entity_0564,1,entity_0562,entity_0564,entity_0564,entity_0562,test
pair_008624,query,entity_0167,entity_0758,0,entity_0758,entity_0167,entity_0167,entity_0758,test
pair_008625,query,entity_0271,entity_0273,1,entity_0273,entity_0271,entity_0271,entity_0273,test
pair_008626,query,entity_0625,entity_0745,0,entity_0745,entity_0625,entity_0625,entity_0745,validation
pair_008627,query,entity_0115,entity_0366,0,entity_0115,entity_0366,entity_0366,entity_0115,test
pair_008628,query,entity_0176,entity_0688,0,entity_0176,entity_0688,entity_0688,entity_0176,test
pair_008629,query,entity_0208,entity_0209,1,entity_0209,entity_0208,entity_0208,entity_0209,validation
pair_008630,query,entity_0093,entity_0100,1,entity_0100,entity_0093,entity_0093,entity_0100,test
pair_008631,query,entity_0099,entity_0410,0,entity_0410,entity_0099,entity_0099,entity_0410,test
pair_008632,query,entity_0767,entity_0768,1,entity_0768,entity_0767,entity_0767,entity_0768,test
pair_008633,query,entity_0002,entity_0004,1,entity_0002,entity_0004,entity_0004,entity_0002,test
pair_008634,query,entity_0677,entity_0679,1,entity_0679,entity_0677,entity_0677,entity_0679,test
pair_008635,query,entity_0815,entity_0819,1,entity_0815,entity_0819,entity_0819,entity_0815,test
pair_008636,query,entity_0246,entity_0248,1,entity_0248,entity_0246,entity_0246,entity_0248,test
pair_008637,query,entity_0282,entity_0288,1,entity_0288,entity_0282,entity_0282,entity_0288,test
pair_008638,query,entity_0168,entity_0805,0,entity_0805,entity_0168,entity_0168,entity_0805,test
pair_008639,query,entity_0348,entity_0708,0,entity_0348,entity_0708,entity_0708,entity_0348,test
pair_008640,query,entity_0085,entity_0518,0,entity_0518,entity_0085,entity_0085,entity_0518,test
pair_008641,query,entity_0632,entity_0639,1,entity_0639,entity_0632,entity_0632,entity_0639,test
pair_008642,query,entity_0489,entity_0577,0,entity_0489,entity_0577,entity_0577,entity_0489,test
pair_008643,query,entity_0917,entity_0989,0,entity_0917,entity_0989,entity_0989,entity_0917,test
pair_008644,query,entity_0092,entity_0098,1,entity_0098,entity_0092,entity_0092,entity_0098,test
pair_008645,query,entity_0371,entity_0379,1,entity_0371,entity_0379,entity_0379,entity_0371,test
pair_008646,query,entity_0038,entity_0388,0,entity_0038,entity_0388,entity_0388,entity_0038,test
pair_008647,query,entity_0516,entity_0519,1,entity_0516,entity_0519,entity_0519,entity_0516,test
pair_008648,query,entity_0191,entity_0595,0,entity_0595,entity_0191,entity_0191,entity_0595,test
pair_008649,query,entity_0075,entity_0076,1,entity_0075,entity_0076,entity_0076,entity_0075,validation
pair_008650,query,entity_0416,entity_0651,0,entity_0651,entity_0416,entity_0416,entity_0651,test
pair_008651,query,entity_0519,entity_0936,0,entity_0936,entity_0519,entity_0519,entity_0936,test
pair_008652,query,entity_0065,entity_0888,0,entity_0888,entity_0065,entity_0065,entity_0888,test
pair_008653,query,entity_0182,entity_0185,1,entity_0185,entity_0182,entity_0182,entity_0185,test
pair_008654,query,entity_0104,entity_0804,0,entity_0804,entity_0104,entity_0104,entity_0804,test
pair_008655,query,entity_0588,entity_0706,0,entity_0588,entity_0706,entity_0706,entity_0588,test
pair_008656,query,entity_0864,entity_0868,1,entity_0868,entity_0864,entity_0864,entity_0868,validation
pair_008657,query,entity_0004,entity_0278,0,entity_0004,entity_0278,entity_0278,entity_0004,test
pair_008658,query,entity_0182,entity_0184,1,entity_0182,entity_0184,entity_0184,entity_0182,test
pair_008659,query,entity_0183,entity_0191,0,entity_0183,entity_0191,entity_0191,entity_0183,test
pair_008660,query,entity_0774,entity_0775,1,entity_0775,entity_0774,entity_0774,entity_0775,test
pair_008661,query,entity_0945,entity_0948,1,entity_0945,entity_0948,entity_0948,entity_0945,test
pair_008662,query,entity_0632,entity_0634,1,entity_0634,entity_0632,entity_0632,entity_0634,test
pair_008663,query,entity_0346,entity_0455,0,entity_0455,entity_0346,entity_0346,entity_0455,validation
pair_008664,query,entity_0450,entity_0612,0,entity_0450,entity_0612,entity_0612,entity_0450,test
pair_008665,query,entity_0409,entity_0506,0,entity_0506,entity_0409,entity_0409,entity_0506,test
pair_008666,query,entity_0115,entity_0120,1,entity_0120,entity_0115,entity_0115,entity_0120,test
pair_008667,query,entity_0029,entity_0739,0,entity_0029,entity_0739,entity_0739,entity_0029,test
pair_008668,query,entity_0317,entity_0370,0,entity_0317,entity_0370,entity_0370,entity_0317,validation
pair_008669,query,entity_0316,entity_0838,0,entity_0838,entity_0316,entity_0316,entity_0838,test
pair_008670,query,entity_0074,entity_0078,1,entity_0078,entity_0074,entity_0074,entity_0078,test
pair_008671,query,entity_0884,entity_0887,1,entity_0887,entity_0884,entity_0884,entity_0887,test
pair_008672,query,entity_0171,entity_0174,1,entity_0171,entity_0174,entity_0174,entity_0171,validation
pair_008673,query,entity_0350,entity_0398,0,entity_0398,entity_0350,entity_0350,entity_0398,test
pair_008674,query,entity_0294,entity_0299,1,entity_0294,entity_0299,entity_0299,entity_0294,test
pair_008675,query,entity_0095,entity_0991,0,entity_0991,entity_0095,entity_0095,entity_0991,test
pair_008676,query,entity_0804,entity_0805,1,entity_0804,entity_0805,entity_0805,entity_0804,validation
pair_008677,query,entity_0444,entity_0449,1,entity_0449,entity_0444,entity_0444,entity_0449,test
pair_008678,query,entity_0653,entity_0656,1,entity_0653,entity_0656,entity_0656,entity_0653,test
pair_008679,query,entity_0051,entity_0481,0,entity_0051,entity_0481,entity_0481,entity_0051,validation
pair_008680,query,entity_0125,entity_0906,0,entity_0906,entity_0125,entity_0125,entity_0906,validation
pair_008681,query,entity_0065,entity_0376,0,entity_0376,entity_0065,entity_0065,entity_0376,test
pair_008682,query,entity_0425,entity_0489,0,entity_0489,entity_0425,entity_0425,entity_0489,validation
pair_008683,query,entity_0646,entity_0993,0,entity_0646,entity_0993,entity_0993,entity_0646,test
pair_008684,query,entity_0292,entity_0297,1,entity_0297,entity_0292,entity_0292,entity_0297,test
pair_008685,query,entity_0116,entity_0685,0,entity_0685,entity_0116,entity_0116,entity_0685,test
pair_008686,query,entity_0587,entity_0678,0,entity_0587,entity_0678,entity_0678,entity_0587,test
pair_008687,query,entity_0136,entity_0359,0,entity_0136,entity_0359,entity_0359,entity_0136,test
pair_008688,query,entity_0823,entity_0824,1,entity_0823,entity_0824,entity_0824,entity_0823,test
pair_008689,query,entity_0272,entity_0273,1,entity_0273,entity_0272,entity_0272,entity_0273,validation
pair_008690,query,entity_0942,entity_0946,1,entity_0942,entity_0946,entity_0946,entity_0942,validation
pair_008691,query,entity_0206,entity_0209,1,entity_0206,entity_0209,entity_0209,entity_0206,test
pair_008692,query,entity_0344,entity_0345,1,entity_0344,entity_0345,entity_0345,entity_0344,test
pair_008693,query,entity_0468,entity_0631,0,entity_0631,entity_0468,entity_0468,entity_0631,test
pair_008694,query,entity_0071,entity_0073,1,entity_0071,entity_0073,entity_0073,entity_0071,test
pair_008695,query,entity_0299,entity_0300,1,entity_0299,entity_0300,entity_0300,entity_0299,test
pair_008696,query,entity_0167,entity_0169,1,entity_0169,entity_0167,entity_0167,entity_0169,test
pair_008697,query,entity_0206,entity_0345,0,entity_0345,entity_0206,entity_0206,entity_0345,validation
pair_008698,query,entity_0854,entity_0858,1,entity_0854,entity_0858,entity_0858,entity_0854,test
pair_008699,query,entity_0185,entity_0852,0,entity_0185,entity_0852,entity_0852,entity_0185,test
pair_008700,query,entity_0151,entity_0156,1,entity_0151,entity_0156,entity_0156,entity_0151,test
pair_008701,query,entity_0686,entity_0998,0,entity_0686,entity_0998,entity_0998,entity_0686,test
pair_008702,query,entity_0923,entity_0928,1,entity_0923,entity_0928,entity_0928,entity_0923,test
pair_008703,query,entity_0859,entity_0860,1,entity_0860,entity_0859,entity_0859,entity_0860,test
pair_008704,query,entity_0678,entity_0680,1,entity_0680,entity_0678,entity_0678,entity_0680,test
pair_008705,query,entity_0375,entity_0378,1,entity_0375,entity_0378,entity_0378,entity_0375,validation
pair_008706,query,entity_0683,entity_0687,1,entity_0683,entity_0687,entity_0687,entity_0683,test
pair_008707,query,entity_0548,entity_0550,1,entity_0548,entity_0550,entity_0550,entity_0548,test
pair_008708,query,entity_0180,entity_0981,0,entity_0180,entity_0981,entity_0981,entity_0180,validation
pair_008709,query,entity_0113,entity_0644,0,entity_0644,entity_0113,entity_0113,entity_0644,test
pair_008710,query,entity_0784,entity_0787,1,entity_0784,entity_0787,entity_0787,entity_0784,test
pair_008711,query,entity_0066,entity_0294,0,entity_0066,entity_0294,entity_0294,entity_0066,test
pair_008712,query,entity_0331,entity_0931,0,entity_0331,entity_0931,entity_0931,entity_0331,test
pair_008713,query,entity_0324,entity_0490,0,entity_0490,entity_0324,entity_0324,entity_0490,test
pair_008714,query,entity_0474,entity_0630,0,entity_0474,entity_0630,entity_0630,entity_0474,test
pair_008715,query,entity_0562,entity_0568,1,entity_0568,entity_0562,entity_0562,entity_0568,validation
pair_008716,query,entity_0306,entity_0926,0,entity_0306,entity_0926,entity_0926,entity_0306,test
pair_008717,query,entity_0044,entity_0901,0,entity_0044,entity_0901,entity_0901,entity_0044,test
pair_008718,query,entity_0403,entity_0408,1,entity_0403,entity_0408,entity_0408,entity_0403,test
pair_008719,query,entity_0224,entity_0225,1,entity_0225,entity_0224,entity_0224,entity_0225,validation
pair_008720,query,entity_0264,entity_0270,1,entity_0270,entity_0264,entity_0264,entity_0270,validation
pair_008721,query,entity_0112,entity_0120,1,entity_0112,entity_0120,entity_0120,entity_0112,test
pair_008722,query,entity_0388,entity_0759,0,entity_0759,entity_0388,entity_0388,entity_0759,test
pair_008723,query,entity_0707,entity_0767,0,entity_0707,entity_0767,entity_0767,entity_0707,validation
pair_008724,query,entity_0123,entity_0765,0,entity_0765,entity_0123,entity_0123,entity_0765,test
pair_008725,query,entity_0526,entity_0993,0,entity_0526,entity_0993,entity_0993,entity_0526,test
pair_008726,query,entity_0446,entity_0982,0,entity_0982,entity_0446,entity_0446,entity_0982,test
pair_008727,query,entity_0295,entity_0306,0,entity_0306,entity_0295,entity_0295,entity_0306,test
pair_008728,query,entity_0672,entity_0907,0,entity_0672,entity_0907,entity_0907,entity_0672,test
pair_008729,query,entity_0541,entity_0972,0,entity_0972,entity_0541,entity_0541,entity_0972,test
pair_008730,query,entity_0354,entity_0801,0,entity_0801,entity_0354,entity_0354,entity_0801,test
pair_008731,query,entity_0381,entity_0942,0,entity_0381,entity_0942,entity_0942,entity_0381,test
pair_008732,query,entity_0401,entity_0406,1,entity_0401,entity_0406,entity_0406,entity_0401,test
pair_008733,query,entity_0134,entity_0140,1,entity_0140,entity_0134,entity_0134,entity_0140,test
pair_008734,query,entity_0034,entity_0423,0,entity_0034,entity_0423,entity_0423,entity_0034,test
pair_008735,query,entity_0206,entity_0295,0,entity_0206,entity_0295,entity_0295,entity_0206,test
pair_008736,query,entity_0857,entity_0859,1,entity_0859,entity_0857,entity_0857,entity_0859,test
pair_008737,query,entity_0553,entity_0557,1,entity_0557,entity_0553,entity_0553,entity_0557,test
pair_008738,query,entity_0142,entity_0150,1,entity_0150,entity_0142,entity_0142,entity_0150,test
pair_008739,query,entity_0721,entity_0722,1,entity_0722,entity_0721,entity_0721,entity_0722,test
pair_008740,query,entity_0122,entity_0125,1,entity_0122,entity_0125,entity_0125,entity_0122,test
pair_008741,query,entity_0444,entity_0445,1,entity_0445,entity_0444,entity_0444,entity_0445,test
pair_008742,query,entity_0411,entity_0419,1,entity_0411,entity_0419,entity_0419,entity_0411,test
pair_008743,query,entity_0333,entity_0338,1,entity_0333,entity_0338,entity_0338,entity_0333,test
pair_008744,query,entity_0012,entity_0382,0,entity_0382,entity_0012,entity_0012,entity_0382,test
pair_008745,query,entity_0466,entity_0785,0,entity_0785,entity_0466,entity_0466,entity_0785,test
pair_008746,query,entity_0114,entity_0115,1,entity_0115,entity_0114,entity_0114,entity_0115,test
pair_008747,query,entity_0012,entity_0882,0,entity_0882,entity_0012,entity_0012,entity_0882,test
pair_008748,query,entity_0643,entity_0764,0,entity_0643,entity_0764,entity_0764,entity_0643,test
pair_008749,query,entity_0357,entity_0538,0,entity_0357,entity_0538,entity_0538,entity_0357,test
pair_008750,query,entity_0076,entity_0079,1,entity_0076,entity_0079,entity_0079,entity_0076,test
pair_008751,query,entity_0045,entity_0645,0,entity_0645,entity_0045,entity_0045,entity_0645,test
pair_008752,query,entity_0265,entity_0664,0,entity_0664,entity_0265,entity_0265,entity_0664,test
pair_008753,query,entity_0003,entity_0005,1,entity_0003,entity_0005,entity_0005,entity_0003,test
pair_008754,query,entity_0301,entity_0306,1,entity_0306,entity_0301,entity_0301,entity_0306,test
pair_008755,query,entity_0182,entity_0189,1,entity_0182,entity_0189,entity_0189,entity_0182,test
pair_008756,query,entity_0951,entity_0953,1,entity_0951,entity_0953,entity_0953,entity_0951,test
pair_008757,query,entity_0968,entity_0969,1,entity_0968,entity_0969,entity_0969,entity_0968,test
pair_008758,query,entity_0686,entity_0705,0,entity_0705,entity_0686,entity_0686,entity_0705,test
pair_008759,query,entity_0056,entity_0853,0,entity_0853,entity_0056,entity_0056,entity_0853,test
pair_008760,query,entity_0377,entity_0715,0,entity_0377,entity_0715,entity_0715,entity_0377,test
pair_008761,query,entity_0706,entity_0896,0,entity_0706,entity_0896,entity_0896,entity_0706,test
pair_008762,query,entity_0186,entity_0474,0,entity_0186,entity_0474,entity_0474,entity_0186,test
pair_008763,query,entity_0251,entity_0257,1,entity_0257,entity_0251,entity_0251,entity_0257,test
pair_008764,query,entity_0414,entity_0416,1,entity_0416,entity_0414,entity_0414,entity_0416,test
pair_008765,query,entity_0891,entity_0894,1,entity_0894,entity_0891,entity_0891,entity_0894,test
pair_008766,query,entity_0753,entity_0758,1,entity_0753,entity_0758,entity_0758,entity_0753,validation
pair_008767,query,entity_0222,entity_0228,1,entity_0222,entity_0228,entity_0228,entity_0222,test
pair_008768,query,entity_0841,entity_0844,1,entity_0841,entity_0844,entity_0844,entity_0841,validation
pair_008769,query,entity_0405,entity_0780,0,entity_0780,entity_0405,entity_0405,entity_0780,test
pair_008770,query,entity_0394,entity_0482,0,entity_0394,entity_0482,entity_0482,entity_0394,test
pair_008771,query,entity_0734,entity_0847,0,entity_0734,entity_0847,entity_0847,entity_0734,test
pair_008772,query,entity_0548,entity_0586,0,entity_0586,entity_0548,entity_0548,entity_0586,test
pair_008773,query,entity_0151,entity_0680,0,entity_0151,entity_0680,entity_0680,entity_0151,test
pair_008774,query,entity_0774,entity_0888,0,entity_0774,entity_0888,entity_0888,entity_0774,test
pair_008775,query,entity_0803,entity_0806,1,entity_0806,entity_0803,entity_0803,entity_0806,test
pair_008776,query,entity_0933,entity_0937,1,entity_0937,entity_0933,entity_0933,entity_0937,test
pair_008777,query,entity_0224,entity_0230,1,entity_0230,entity_0224,entity_0224,entity_0230,test
pair_008778,query,entity_0823,entity_0829,1,entity_0823,entity_0829,entity_0829,entity_0823,test
pair_008779,query,entity_0603,entity_0859,0,entity_0859,entity_0603,entity_0603,entity_0859,test
pair_008780,query,entity_0105,entity_0898,0,entity_0898,entity_0105,entity_0105,entity_0898,test
pair_008781,query,entity_0822,entity_0826,1,entity_0822,entity_0826,entity_0826,entity_0822,test
pair_008782,query,entity_0415,entity_0943,0,entity_0943,entity_0415,entity_0415,entity_0943,validation
pair_008783,query,entity_0636,entity_0744,0,entity_0636,entity_0744,entity_0744,entity_0636,test
pair_008784,query,entity_0501,entity_0503,1,entity_0503,entity_0501,entity_0501,entity_0503,validation
pair_008785,query,entity_0126,entity_0130,1,entity_0126,entity_0130,entity_0130,entity_0126,test
pair_008786,query,entity_0321,entity_0330,1,entity_0330,entity_0321,entity_0321,entity_0330,test
pair_008787,query,entity_0607,entity_0963,0,entity_0607,entity_0963,entity_0963,entity_0607,test
pair_008788,query,entity_0427,entity_0429,1,entity_0427,entity_0429,entity_0429,entity_0427,test
pair_008789,query,entity_0009,entity_0487,0,entity_0487,entity_0009,entity_0009,entity_0487,test
pair_008790,query,entity_0341,entity_0463,0,entity_0463,entity_0341,entity_0341,entity_0463,validation
pair_008791,query,entity_0674,entity_0675,1,entity_0674,entity_0675,entity_0675,entity_0674,test
pair_008792,query,entity_0234,entity_0639,0,entity_0234,entity_0639,entity_0639,entity_0234,test
pair_008793,query,entity_0198,entity_0333,0,entity_0333,entity_0198,entity_0198,entity_0333,validation
pair_008794,query,entity_0180,entity_0485,0,entity_0485,entity_0180,entity_0180,entity_0485,test
pair_008795,query,entity_0021,entity_0694,0,entity_0021,entity_0694,entity_0694,entity_0021,test
pair_008796,query,entity_0001,entity_0006,1,entity_0006,entity_0001,entity_0001,entity_0006,validation
pair_008797,query,entity_0331,entity_0607,0,entity_0331,entity_0607,entity_0607,entity_0331,validation
pair_008798,query,entity_0302,entity_0310,1,entity_0302,entity_0310,entity_0310,entity_0302,test
pair_008799,query,entity_0443,entity_0450,1,entity_0443,entity_0450,entity_0450,entity_0443,test
pair_008800,query,entity_0151,entity_0388,0,entity_0388,entity_0151,entity_0151,entity_0388,test
pair_008801,query,entity_0143,entity_0346,0,entity_0346,entity_0143,entity_0143,entity_0346,validation
pair_008802,query,entity_0334,entity_0340,1,entity_0334,entity_0340,entity_0340,entity_0334,test
pair_008803,query,entity_0285,entity_0286,1,entity_0286,entity_0285,entity_0285,entity_0286,test
pair_008804,query,entity_0127,entity_0567,0,entity_0127,entity_0567,entity_0567,entity_0127,test
pair_008805,query,entity_0103,entity_0105,1,entity_0103,entity_0105,entity_0105,entity_0103,test
pair_008806,query,entity_0581,entity_0586,1,entity_0586,entity_0581,entity_0581,entity_0586,test
pair_008807,query,entity_0250,entity_0935,0,entity_0250,entity_0935,entity_0935,entity_0250,validation
pair_008808,query,entity_0101,entity_0286,0,entity_0286,entity_0101,entity_0101,entity_0286,test
pair_008809,query,entity_0067,entity_0566,0,entity_0566,entity_0067,entity_0067,entity_0566,validation
pair_008810,query,entity_0545,entity_0547,1,entity_0545,entity_0547,entity_0547,entity_0545,test
pair_008811,query,entity_0023,entity_0029,1,entity_0023,entity_0029,entity_0029,entity_0023,test
pair_008812,query,entity_0483,entity_0567,0,entity_0567,entity_0483,entity_0483,entity_0567,validation
pair_008813,query,entity_0264,entity_0265,1,entity_0265,entity_0264,entity_0264,entity_0265,validation
pair_008814,query,entity_0122,entity_0373,0,entity_0373,entity_0122,entity_0122,entity_0373,test
pair_008815,query,entity_0294,entity_0296,1,entity_0296,entity_0294,entity_0294,entity_0296,test
pair_008816,query,entity_0037,entity_0587,0,entity_0587,entity_0037,entity_0037,entity_0587,validation
pair_008817,query,entity_0791,entity_0800,1,entity_0791,entity_0800,entity_0800,entity_0791,validation
pair_008818,query,entity_0946,entity_0950,1,entity_0946,entity_0950,entity_0950,entity_0946,test
pair_008819,query,entity_0006,entity_0008,1,entity_0008,entity_0006,entity_0006,entity_0008,validation
pair_008820,query,entity_0020,entity_0523,0,entity_0523,entity_0020,entity_0020,entity_0523,test
pair_008821,query,entity_0385,entity_0389,1,entity_0389,entity_0385,entity_0385,entity_0389,test
pair_008822,query,entity_0293,entity_0300,1,entity_0300,entity_0293,entity_0293,entity_0300,validation
pair_008823,query,entity_0723,entity_0724,1,entity_0723,entity_0724,entity_0724,entity_0723,validation
pair_008824,query,entity_0357,entity_0502,0,entity_0357,entity_0502,entity_0502,entity_0357,test
pair_008825,query,entity_0594,entity_0595,1,entity_0594,entity_0595,entity_0595,entity_0594,test
pair_008826,query,entity_0447,entity_0763,0,entity_0763,entity_0447,entity_0447,entity_0763,test
pair_008827,query,entity_0563,entity_0567,1,entity_0567,entity_0563,entity_0563,entity_0567,test
pair_008828,query,entity_0356,entity_0358,1,entity_0358,entity_0356,entity_0356,entity_0358,test
pair_008829,query,entity_0803,entity_0846,0,entity_0846,entity_0803,entity_0803,entity_0846,validation
pair_008830,query,entity_0348,entity_0516,0,entity_0516,entity_0348,entity_0348,entity_0516,test
pair_008831,query,entity_0062,entity_0813,0,entity_0813,entity_0062,entity_0062,entity_0813,test
pair_008832,query,entity_0307,entity_0645,0,entity_0307,entity_0645,entity_0645,entity_0307,validation
pair_008833,query,entity_0771,entity_0780,1,entity_0771,entity_0780,entity_0780,entity_0771,test
pair_008834,query,entity_0159,entity_0710,0,entity_0710,entity_0159,entity_0159,entity_0710,validation
pair_008835,query,entity_0177,entity_0178,1,entity_0178,entity_0177,entity_0177,entity_0178,test
pair_008836,query,entity_0030,entity_0059,0,entity_0030,entity_0059,entity_0059,entity_0030,test
pair_008837,query,entity_0961,entity_0962,1,entity_0961,entity_0962,entity_0962,entity_0961,test
pair_008838,query,entity_0574,entity_0578,1,entity_0574,entity_0578,entity_0578,entity_0574,test
pair_008839,query,entity_0048,entity_0299,0,entity_0048,entity_0299,entity_0299,entity_0048,test
pair_008840,query,entity_0106,entity_0320,0,entity_0106,entity_0320,entity_0320,entity_0106,test
pair_008841,query,entity_0685,entity_0896,0,entity_0896,entity_0685,entity_0685,entity_0896,validation
pair_008842,query,entity_0404,entity_0649,0,entity_0649,entity_0404,entity_0404,entity_0649,test
pair_008843,query,entity_0002,entity_0009,1,entity_0009,entity_0002,entity_0002,entity_0009,test
pair_008844,query,entity_0512,entity_0525,0,entity_0512,entity_0525,entity_0525,entity_0512,test
pair_008845,query,entity_0082,entity_0089,1,entity_0089,entity_0082,entity_0082,entity_0089,test
pair_008846,query,entity_0177,entity_0180,1,entity_0177,entity_0180,entity_0180,entity_0177,test
pair_008847,query,entity_0683,entity_0736,0,entity_0683,entity_0736,entity_0736,entity_0683,test
pair_008848,query,entity_0822,entity_0825,1,entity_0825,entity_0822,entity_0822,entity_0825,test
pair_008849,query,entity_0139,entity_0498,0,entity_0139,entity_0498,entity_0498,entity_0139,test
pair_008850,query,entity_0425,entity_0899,0,entity_0425,entity_0899,entity_0899,entity_0425,test
pair_008851,query,entity_0099,entity_0666,0,entity_0666,entity_0099,entity_0099,entity_0666,validation
pair_008852,query,entity_0272,entity_0881,0,entity_0272,entity_0881,entity_0881,entity_0272,test
pair_008853,query,entity_0085,entity_0363,0,entity_0085,entity_0363,entity_0363,entity_0085,test
pair_008854,query,entity_0042,entity_0632,0,entity_0042,entity_0632,entity_0632,entity_0042,test
pair_008855,query,entity_0226,entity_0612,0,entity_0612,entity_0226,entity_0226,entity_0612,test
pair_008856,query,entity_0397,entity_0692,0,entity_0397,entity_0692,entity_0692,entity_0397,test
pair_008857,query,entity_0709,entity_0710,1,entity_0709,entity_0710,entity_0710,entity_0709,test
pair_008858,query,entity_0574,entity_0577,1,entity_0574,entity_0577,entity_0577,entity_0574,test
pair_008859,query,entity_0412,entity_0419,1,entity_0419,entity_0412,entity_0412,entity_0419,validation
pair_008860,query,entity_0648,entity_0925,0,entity_0925,entity_0648,entity_0648,entity_0925,test
pair_008861,query,entity_0203,entity_0207,1,entity_0203,entity_0207,entity_0207,entity_0203,test
pair_008862,query,entity_0443,entity_0445,1,entity_0443,entity_0445,entity_0445,entity_0443,test
pair_008863,query,entity_0164,entity_0170,1,entity_0164,entity_0170,entity_0170,entity_0164,validation
pair_008864,query,entity_0819,entity_0986,0,entity_0986,entity_0819,entity_0819,entity_0986,test
pair_008865,query,entity_0052,entity_0060,1,entity_0060,entity_0052,entity_0052,entity_0060,test
pair_008866,query,entity_0725,entity_0726,1,entity_0726,entity_0725,entity_0725,entity_0726,test
pair_008867,query,entity_0537,entity_0995,0,entity_0995,entity_0537,entity_0537,entity_0995,validation
pair_008868,query,entity_0382,entity_0384,1,entity_0384,entity_0382,entity_0382,entity_0384,test
pair_008869,query,entity_0182,entity_0186,1,entity_0186,entity_0182,entity_0182,entity_0186,test
pair_008870,query,entity_0265,entity_0613,0,entity_0265,entity_0613,entity_0613,entity_0265,test
pair_008871,query,entity_0174,entity_0177,1,entity_0177,entity_0174,entity_0174,entity_0177,test
pair_008872,query,entity_0094,entity_0096,1,entity_0094,entity_0096,entity_0096,entity_0094,test
pair_008873,query,entity_0319,entity_0982,0,entity_0319,entity_0982,entity_0982,entity_0319,validation
pair_008874,query,entity_0233,entity_0239,1,entity_0233,entity_0239,entity_0239,entity_0233,test
pair_008875,query,entity_0011,entity_0110,0,entity_0110,entity_0011,entity_0011,entity_0110,test
pair_008876,query,entity_0296,entity_0300,1,entity_0296,entity_0300,entity_0300,entity_0296,test
pair_008877,query,entity_0398,entity_0670,0,entity_0670,entity_0398,entity_0398,entity_0670,validation
pair_008878,query,entity_0043,entity_0280,0,entity_0043,entity_0280,entity_0280,entity_0043,test
pair_008879,query,entity_0265,entity_0825,0,entity_0265,entity_0825,entity_0825,entity_0265,test
pair_008880,query,entity_0723,entity_0729,1,entity_0729,entity_0723,entity_0723,entity_0729,test
pair_008881,query,entity_0241,entity_0250,1,entity_0241,entity_0250,entity_0250,entity_0241,test
pair_008882,query,entity_0332,entity_0400,0,entity_0400,entity_0332,entity_0332,entity_0400,validation
pair_008883,query,entity_0291,entity_0300,1,entity_0291,entity_0300,entity_0300,entity_0291,validation
pair_008884,query,entity_0213,entity_0595,0,entity_0213,entity_0595,entity_0595,entity_0213,test
pair_008885,query,entity_0184,entity_0185,1,entity_0185,entity_0184,entity_0184,entity_0185,test
pair_008886,query,entity_0308,entity_0587,0,entity_0308,entity_0587,entity_0587,entity_0308,validation
pair_008887,query,entity_0070,entity_0689,0,entity_0070,entity_0689,entity_0689,entity_0070,test
pair_008888,query,entity_0718,entity_0940,0,entity_0940,entity_0718,entity_0718,entity_0940,test
pair_008889,query,entity_0073,entity_0078,1,entity_0073,entity_0078,entity_0078,entity_0073,test
pair_008890,query,entity_0196,entity_0200,1,entity_0196,entity_0200,entity_0200,entity_0196,test
pair_008891,query,entity_0037,entity_0569,0,entity_0569,entity_0037,entity_0037,entity_0569,validation
pair_008892,query,entity_0053,entity_0197,0,entity_0197,entity_0053,entity_0053,entity_0197,validation
pair_008893,query,entity_0215,entity_0731,0,entity_0731,entity_0215,entity_0215,entity_0731,test
pair_008894,query,entity_0187,entity_0188,1,entity_0188,entity_0187,entity_0187,entity_0188,validation
pair_008895,query,entity_0712,entity_0718,1,entity_0712,entity_0718,entity_0718,entity_0712,test
pair_008896,query,entity_0496,entity_0499,1,entity_0499,entity_0496,entity_0496,entity_0499,test
pair_008897,query,entity_0907,entity_0949,0,entity_0949,entity_0907,entity_0907,entity_0949,test
pair_008898,query,entity_0434,entity_0647,0,entity_0434,entity_0647,entity_0647,entity_0434,test
pair_008899,query,entity_0007,entity_0009,1,entity_0007,entity_0009,entity_0009,entity_0007,test
pair_008900,query,entity_0140,entity_0824,0,entity_0824,entity_0140,entity_0140,entity_0824,test
pair_008901,query,entity_0932,entity_0939,1,entity_0939,entity_0932,entity_0932,entity_0939,test
pair_008902,query,entity_0226,entity_0816,0,entity_0226,entity_0816,entity_0816,entity_0226,test
pair_008903,query,entity_0569,entity_0666,0,entity_0569,entity_0666,entity_0666,entity_0569,test
pair_008904,query,entity_0212,entity_0218,1,entity_0218,entity_0212,entity_0212,entity_0218,test
pair_008905,query,entity_0654,entity_0655,1,entity_0655,entity_0654,entity_0654,entity_0655,test
pair_008906,query,entity_0102,entity_0955,0,entity_0102,entity_0955,entity_0955,entity_0102,test
pair_008907,query,entity_0228,entity_0902,0,entity_0902,entity_0228,entity_0228,entity_0902,validation
pair_008908,query,entity_0761,entity_0766,1,entity_0761,entity_0766,entity_0766,entity_0761,test
pair_008909,query,entity_0609,entity_0726,0,entity_0609,entity_0726,entity_0726,entity_0609,test
pair_008910,query,entity_0271,entity_0275,1,entity_0271,entity_0275,entity_0275,entity_0271,test
pair_008911,query,entity_0006,entity_0238,0,entity_0006,entity_0238,entity_0238,entity_0006,test
pair_008912,query,entity_0249,entity_0794,0,entity_0794,entity_0249,entity_0249,entity_0794,test
pair_008913,query,entity_0350,entity_0353,0,entity_0350,entity_0353,entity_0353,entity_0350,test
pair_008914,query,entity_0285,entity_0289,1,entity_0289,entity_0285,entity_0285,entity_0289,test
pair_008915,query,entity_0781,entity_0784,1,entity_0784,entity_0781,entity_0781,entity_0784,test
pair_008916,query,entity_0324,entity_0570,0,entity_0324,entity_0570,entity_0570,entity_0324,test
pair_008917,query,entity_0501,entity_0589,0,entity_0501,entity_0589,entity_0589,entity_0501,test
pair_008918,query,entity_0986,entity_0987,1,entity_0987,entity_0986,entity_0986,entity_0987,test
pair_008919,query,entity_0418,entity_1000,0,entity_0418,entity_1000,entity_1000,entity_0418,test
pair_008920,query,entity_0779,entity_0841,0,entity_0841,entity_0779,entity_0779,entity_0841,test
pair_008921,query,entity_0612,entity_0617,1,entity_0617,entity_0612,entity_0612,entity_0617,test
pair_008922,query,entity_0141,entity_0149,1,entity_0141,entity_0149,entity_0149,entity_0141,test
pair_008923,query,entity_0703,entity_0709,1,entity_0709,entity_0703,entity_0703,entity_0709,test
pair_008924,query,entity_0772,entity_0774,1,entity_0774,entity_0772,entity_0772,entity_0774,test
pair_008925,query,entity_0013,entity_0342,0,entity_0013,entity_0342,entity_0342,entity_0013,test
pair_008926,query,entity_0546,entity_0864,0,entity_0864,entity_0546,entity_0546,entity_0864,validation
pair_008927,query,entity_0044,entity_0740,0,entity_0044,entity_0740,entity_0740,entity_0044,test
pair_008928,query,entity_0433,entity_0658,0,entity_0658,entity_0433,entity_0433,entity_0658,validation
pair_008929,query,entity_0162,entity_0164,1,entity_0164,entity_0162,entity_0162,entity_0164,test
pair_008930,query,entity_0437,entity_0438,1,entity_0438,entity_0437,entity_0437,entity_0438,test
pair_008931,query,entity_0872,entity_0878,1,entity_0872,entity_0878,entity_0878,entity_0872,validation
pair_008932,query,entity_0045,entity_0805,0,entity_0045,entity_0805,entity_0805,entity_0045,test
pair_008933,query,entity_0694,entity_0695,1,entity_0695,entity_0694,entity_0694,entity_0695,test
pair_008934,query,entity_0263,entity_0835,0,entity_0835,entity_0263,entity_0263,entity_0835,test
pair_008935,query,entity_0846,entity_0850,1,entity_0850,entity_0846,entity_0846,entity_0850,test
pair_008936,query,entity_0201,entity_0208,1,entity_0201,entity_0208,entity_0208,entity_0201,test
pair_008937,query,entity_0154,entity_0821,0,entity_0821,entity_0154,entity_0154,entity_0821,test
pair_008938,query,entity_0034,entity_0128,0,entity_0034,entity_0128,entity_0128,entity_0034,test
pair_008939,query,entity_0696,entity_0698,1,entity_0698,entity_0696,entity_0696,entity_0698,test
pair_008940,query,entity_0191,entity_0417,0,entity_0191,entity_0417,entity_0417,entity_0191,validation
pair_008941,query,entity_0761,entity_0768,1,entity_0768,entity_0761,entity_0761,entity_0768,test
pair_008942,query,entity_0119,entity_0473,0,entity_0473,entity_0119,entity_0119,entity_0473,test
pair_008943,query,entity_0273,entity_0817,0,entity_0817,entity_0273,entity_0273,entity_0817,test
pair_008944,query,entity_0531,entity_0534,1,entity_0531,entity_0534,entity_0534,entity_0531,test
pair_008945,query,entity_0964,entity_0968,1,entity_0968,entity_0964,entity_0964,entity_0968,test
pair_008946,query,entity_0607,entity_0865,0,entity_0865,entity_0607,entity_0607,entity_0865,test
pair_008947,query,entity_0003,entity_0309,0,entity_0309,entity_0003,entity_0003,entity_0309,test
pair_008948,query,entity_0591,entity_0710,0,entity_0710,entity_0591,entity_0591,entity_0710,test
pair_008949,query,entity_0363,entity_0366,1,entity_0363,entity_0366,entity_0366,entity_0363,validation
pair_008950,query,entity_0561,entity_0564,1,entity_0564,entity_0561,entity_0561,entity_0564,test
pair_008951,query,entity_0337,entity_0385,0,entity_0385,entity_0337,entity_0337,entity_0385,test
pair_008952,query,entity_0365,entity_0369,1,entity_0365,entity_0369,entity_0369,entity_0365,test
pair_008953,query,entity_0225,entity_0270,0,entity_0270,entity_0225,entity_0225,entity_0270,test
pair_008954,query,entity_0745,entity_0750,1,entity_0745,entity_0750,entity_0750,entity_0745,test
pair_008955,query,entity_0817,entity_0820,1,entity_0817,entity_0820,entity_0820,entity_0817,validation
pair_008956,query,entity_0078,entity_0199,0,entity_0199,entity_0078,entity_0078,entity_0199,test
pair_008957,query,entity_0653,entity_0808,0,entity_0808,entity_0653,entity_0653,entity_0808,test
pair_008958,query,entity_0516,entity_0593,0,entity_0516,entity_0593,entity_0593,entity_0516,test
pair_008959,query,entity_0556,entity_0559,1,entity_0556,entity_0559,entity_0559,entity_0556,test
pair_008960,query,entity_0269,entity_0270,1,entity_0269,entity_0270,entity_0270,entity_0269,test
pair_008961,query,entity_0006,entity_0007,1,entity_0006,entity_0007,entity_0007,entity_0006,test
pair_008962,query,entity_0443,entity_0986,0,entity_0986,entity_0443,entity_0443,entity_0986,test
pair_008963,query,entity_0625,entity_0629,1,entity_0625,entity_0629,entity_0629,entity_0625,test
pair_008964,query,entity_0010,entity_0482,0,entity_0482,entity_0010,entity_0010,entity_0482,test
pair_008965,query,entity_0877,entity_0880,1,entity_0877,entity_0880,entity_0880,entity_0877,test
pair_008966,query,entity_0023,entity_0120,0,entity_0023,entity_0120,entity_0120,entity_0023,test
pair_008967,query,entity_0107,entity_0699,0,entity_0699,entity_0107,entity_0107,entity_0699,test
pair_008968,query,entity_0728,entity_0841,0,entity_0728,entity_0841,entity_0841,entity_0728,test
pair_008969,query,entity_0062,entity_0069,1,entity_0062,entity_0069,entity_0069,entity_0062,test
pair_008970,query,entity_0151,entity_0681,0,entity_0681,entity_0151,entity_0151,entity_0681,test
pair_008971,query,entity_0023,entity_0671,0,entity_0671,entity_0023,entity_0023,entity_0671,validation
pair_008972,query,entity_0422,entity_0665,0,entity_0422,entity_0665,entity_0665,entity_0422,test
pair_008973,query,entity_0401,entity_0402,1,entity_0401,entity_0402,entity_0402,entity_0401,test
pair_008974,query,entity_0143,entity_0763,0,entity_0143,entity_0763,entity_0763,entity_0143,validation
pair_008975,query,entity_0751,entity_0760,1,entity_0760,entity_0751,entity_0751,entity_0760,test
pair_008976,query,entity_0114,entity_0116,1,entity_0114,entity_0116,entity_0116,entity_0114,test
pair_008977,query,entity_0485,entity_0488,1,entity_0488,entity_0485,entity_0485,entity_0488,test
pair_008978,query,entity_0671,entity_0675,1,entity_0675,entity_0671,entity_0671,entity_0675,test
pair_008979,query,entity_0642,entity_0646,1,entity_0642,entity_0646,entity_0646,entity_0642,validation
pair_008980,query,entity_0554,entity_0556,1,entity_0554,entity_0556,entity_0556,entity_0554,test
pair_008981,query,entity_0614,entity_0618,1,entity_0614,entity_0618,entity_0618,entity_0614,test
pair_008982,query,entity_0351,entity_0451,0,entity_0351,entity_0451,entity_0451,entity_0351,validation
pair_008983,query,entity_0848,entity_0849,1,entity_0849,entity_0848,entity_0848,entity_0849,test
pair_008984,query,entity_0881,entity_0890,1,entity_0890,entity_0881,entity_0881,entity_0890,test
pair_008985,query,entity_0431,entity_0434,1,entity_0434,entity_0431,entity_0431,entity_0434,test
pair_008986,query,entity_0717,entity_0718,1,entity_0717,entity_0718,entity_0718,entity_0717,test
pair_008987,query,entity_0163,entity_0164,1,entity_0163,entity_0164,entity_0164,entity_0163,test
pair_008988,query,entity_0326,entity_0330,1,entity_0330,entity_0326,entity_0326,entity_0330,test
pair_008989,query,entity_0307,entity_0373,0,entity_0307,entity_0373,entity_0373,entity_0307,test
pair_008990,query,entity_0023,entity_0024,1,entity_0023,entity_0024,entity_0024,entity_0023,validation
pair_008991,query,entity_0882,entity_0886,1,entity_0886,entity_0882,entity_0882,entity_0886,test
pair_008992,query,entity_0360,entity_0914,0,entity_0914,entity_0360,entity_0360,entity_0914,test
pair_008993,query,entity_0061,entity_0960,0,entity_0061,entity_0960,entity_0960,entity_0061,test
pair_008994,query,entity_0031,entity_0038,1,entity_0031,entity_0038,entity_0038,entity_0031,test
pair_008995,query,entity_0731,entity_0736,1,entity_0736,entity_0731,entity_0731,entity_0736,test
pair_008996,query,entity_0497,entity_0965,0,entity_0497,entity_0965,entity_0965,entity_0497,validation
pair_008997,query,entity_0351,entity_0354,1,entity_0351,entity_0354,entity_0354,entity_0351,test
pair_008998,query,entity_0630,entity_0950,0,entity_0630,entity_0950,entity_0950,entity_0630,test
pair_008999,query,entity_0083,entity_0746,0,entity_0746,entity_0083,entity_0083,entity_0746,test
pair_009000,query,entity_0312,entity_0460,0,entity_0460,entity_0312,entity_0312,entity_0460,test
